county,week,split,y_true,y_det,det_prob_clim,area_clim_q50,det_prob_persist,area_persist,det_prob,q10,q50,q90
Aweil Centre,2000-01-03,train,0.0,0,0.0661764705882353,0.0,0.06544165054803353,0.0,0.030885752562510076,0.0,0.0,0.0032986712164033948
Aweil Centre,2000-01-10,train,0.0,0,0.0661764705882353,0.0,0.06544165054803353,0.0,0.03292938796757257,0.0,0.0,0.0017761239115325939
Aweil Centre,2000-01-17,train,0.0,0,0.0661764705882353,0.0,0.06544165054803353,0.0,0.03332080889950031,0.0,0.0,0.003933351651525574
Aweil Centre,2000-01-24,train,0.0,0,0.0661764705882353,0.0,0.06544165054803353,0.0,0.055964868678868976,0.0,0.0,0.02583536396184854
Aweil Centre,2000-01-31,train,0.0,0,0.0661764705882353,0.0,0.06544165054803353,0.0,0.025235499174629163,0.0,0.0,0.004360662990357665
Aweil Centre,2000-02-07,train,0.0,0,0.00819672131147541,0.0,0.06544165054803353,0.0,0.023915909261841527,0.0,0.0,0.0020085161418667424
Aweil Centre,2000-02-14,train,0.0,0,0.00819672131147541,0.0,0.06544165054803353,0.0,0.02347643425663066,0.0,0.0,0.0020085161418667424
Aweil Centre,2000-02-21,train,0.0,0,0.00819672131147541,0.0,0.06544165054803353,0.0,0.02347643425663066,0.0,0.0,0.0020085161418667424
Aweil Centre,2000-02-28,train,0.0,0,0.00819672131147541,0.0,0.06544165054803353,0.0,0.02347643425663066,0.0,0.0,0.0020085161418667424
Aweil Centre,2000-03-06,train,0.0,0,0.05223880597014925,0.0,0.06544165054803353,0.0,0.024056550535893204,0.0,0.0,0.0020085161418667424
Aweil Centre,2000-03-13,train,0.0,0,0.05223880597014925,0.0,0.06544165054803353,0.0,0.02773726736488277,0.0,0.0,0.0024016416700738206
Aweil Centre,2000-03-20,train,0.0,0,0.05223880597014925,0.0,0.06544165054803353,0.0,0.02688809389074062,0.0,0.0,0.0024016416700738206
Aweil Centre,2000-03-27,train,0.0,0,0.05223880597014925,0.0,0.06544165054803353,0.0,0.028240781858885074,0.0,0.0,0.0022434007384936156
Aweil Centre,2000-04-03,train,0.0,0,0.03787878787878788,0.0,0.06544165054803353,0.0,0.03058565479702598,0.0,0.0,0.003746891820533548
Aweil Centre,2000-04-10,train,0.0,0,0.03787878787878788,0.0,0.06544165054803353,0.0,0.030857319354379777,0.0,0.0,0.003746891820533548
Aweil Centre,2000-04-17,train,0.0,0,0.03787878787878788,0.0,0.06544165054803353,0.0,0.02592254733310613,0.0,0.0,0.0020085161418667424
Aweil Centre,2000-04-24,train,0.0,0,0.03787878787878788,0.0,0.06544165054803353,0.0,0.02671503346053406,0.0,0.0,0.0020085161418667424
Aweil Centre,2000-05-01,train,0.0,0,0.007462686567164179,0.0,0.06544165054803353,0.0,0.0251725063561347,0.0,0.0,0.0020085161418667424
Aweil Centre,2000-05-08,train,0.0,0,0.007462686567164179,0.0,0.06544165054803353,0.0,0.025425740501723332,0.0,0.0,0.0020085161418667424
Aweil Centre,2000-05-15,train,0.0,0,0.007462686567164179,0.0,0.06544165054803353,0.0,0.024189317589795086,0.0,0.0,0.0020085161418667424
Aweil Centre,2000-05-22,train,0.0,0,0.007462686567164179,0.0,0.06544165054803353,0.0,0.024189317589795086,0.0,0.0,0.0020085161418667424
Aweil Centre,2000-05-29,train,0.0,0,0.007462686567164179,0.0,0.06544165054803353,0.0,0.024189317589795086,0.0,0.0,0.0020085161418667424
Aweil Centre,2000-06-05,train,0.0,0,0.038461538461538464,0.0,0.06544165054803353,0.0,0.024189317589795086,0.0,0.0,0.0020085161418667424
Aweil Centre,2000-06-12,train,0.0,0,0.038461538461538464,0.0,0.06544165054803353,0.0,0.026137628077683384,0.0,0.0,0.0020085161418667424
Aweil Centre,2000-06-19,train,0.0,0,0.038461538461538464,0.0,0.06544165054803353,0.0,0.024777592180922105,0.0,0.0,0.0020085161418667424
Aweil Centre,2000-06-26,train,0.0,0,0.038461538461538464,0.0,0.06544165054803353,0.0,0.024686334792053226,0.0,0.0,0.0020085161418667424
Aweil Centre,2000-07-03,train,0.0,0,0.007352941176470588,0.0,0.06544165054803353,0.0,0.024686334792053226,0.0,0.0,0.0020085161418667424
Aweil Centre,2000-07-10,train,0.0,0,0.007352941176470588,0.0,0.06544165054803353,0.0,0.028957709420382827,0.0,0.0,0.004661256695968732
Aweil Centre,2000-07-17,train,0.0,0,0.007352941176470588,0.0,0.06544165054803353,0.0,0.024599979992908153,0.0,0.0,0.002008595020343113
Aweil Centre,2000-07-24,train,0.0,0,0.007352941176470588,0.0,0.06544165054803353,0.0,0.026279664561721813,0.0,0.0,0.002526107040707005
Aweil Centre,2000-07-31,train,0.0,0,0.007352941176470588,0.0,0.06544165054803353,0.0,0.026066670129725484,0.0,0.0,0.0022710074088740572
Aweil Centre,2000-08-07,train,0.0,0,0.3106060606060606,0.0,0.06544165054803353,0.0,0.042958761762752054,0.0,0.0,0.10832436504321255
Aweil Centre,2000-08-14,train,0.0,0,0.3106060606060606,0.0,0.06544165054803353,0.0,0.12093299803046431,0.0,0.010740716114440088,0.39937424610471595
Aweil Centre,2000-08-21,train,0.0,0,0.3106060606060606,0.0,0.06544165054803353,0.0,0.12295883952228903,0.0,0.004007211682581835,1.0323726189054188
Aweil Centre,2000-08-28,train,0.0,0,0.3106060606060606,0.0,0.06544165054803353,0.0,0.08101577906063823,0.0,0.0,1.204139157823778
Aweil Centre,2000-09-04,train,0.0,0,0.5681818181818182,0.1591004865320547,0.06544165054803353,0.0,0.06138409184971897,0.0,0.0,0.23956204375955814
Aweil Centre,2000-09-11,train,0.0,0,0.5681818181818182,0.1591004865320547,0.06544165054803353,0.0,0.06394573104008822,0.0,0.0,0.0
Aweil Centre,2000-09-18,train,0.0,0,0.5681818181818182,0.1591004865320547,0.06544165054803353,0.0,0.08659005042657232,0.0,0.0,0.6773475010257207
Aweil Centre,2000-09-25,train,0.0,0,0.5681818181818182,0.1591004865320547,0.06544165054803353,0.0,0.10380434703022957,0.0,0.0,2.5149757998153195
Aweil Centre,2000-10-02,train,0.0,0,0.6838235294117647,0.3714698106708368,0.06544165054803353,0.0,0.11854868766311456,0.0,0.0,0.6577387848879969
Aweil Centre,2000-10-09,train,0.0,0,0.6838235294117647,0.3714698106708368,0.06544165054803353,0.0,0.10506999336770276,0.0,0.0,1.9614276228355179
Aweil Centre,2000-10-16,train,1.4324951025535475,1,0.6838235294117647,0.3714698106708368,0.06544165054803353,0.0,0.20799389777931157,0.0,0.0013856057956568215,0.9375553833904376
Aweil Centre,2000-10-23,train,2.015926993024907,1,0.6838235294117647,0.3714698106708368,0.7527675276752768,1.4324951025535475,0.5459128600677123,0.0,0.08330422711402749,2.9369674072742797
Aweil Centre,2000-10-30,train,4.402623148984815,1,0.6838235294117647,0.3714698106708368,0.7527675276752768,2.015926993024907,0.7193515285634753,0.0019077954898751414,0.26384387756385325,4.435446890319442
Aweil Centre,2000-11-06,train,0.0,0,0.5546875,0.1061869858513083,0.7527675276752768,4.402623148984815,0.6874883147297794,0.015268686898443962,1.2070713376080233,9.04779538998477
Aweil Centre,2000-11-13,train,0.0,0,0.5546875,0.1061869858513083,0.06544165054803353,0.0,0.3643222860102237,0.0,0.1447247523112792,3.0781329466412775
Aweil Centre,2000-11-20,train,0.0,0,0.5546875,0.1061869858513083,0.06544165054803353,0.0,0.18888747948578985,0.0,0.004039906891765707,0.655306900344278
Aweil Centre,2000-11-27,train,0.0,0,0.5546875,0.1061869858513083,0.06544165054803353,0.0,0.06908619924313836,0.0,0.002714438892000036,0.002714438892000036
Aweil Centre,2000-12-04,train,0.0,0,0.2246376811594203,0.0,0.06544165054803353,0.0,0.031013775886518373,0.0,0.0,0.04684452841333073
Aweil Centre,2000-12-11,train,0.0,0,0.2246376811594203,0.0,0.06544165054803353,0.0,0.024550774062097398,0.0,0.0,0.02483587346291151
Aweil Centre,2000-12-18,train,0.0,0,0.2246376811594203,0.0,0.06544165054803353,0.0,0.05310558795336845,0.0,0.0,0.05530697543484336
Aweil Centre,2000-12-25,train,0.0,0,0.2246376811594203,0.0,0.06544165054803353,0.0,0.03474199331201722,0.0,0.0,0.009046748487381516
Aweil Centre,2001-01-01,train,0.0,0,0.0661764705882353,0.0,0.06544165054803353,0.0,0.030922084700075594,0.0,0.0,0.0030249747003145777
Aweil Centre,2001-01-08,train,0.0,0,0.0661764705882353,0.0,0.06544165054803353,0.0,0.0284463036464314,0.0,0.0,0.0029966972973754233
Aweil Centre,2001-01-15,train,0.0,0,0.0661764705882353,0.0,0.06544165054803353,0.0,0.03332080889950031,0.0,0.0,0.0017766948229965321
Aweil Centre,2001-01-22,train,0.0,0,0.0661764705882353,0.0,0.06544165054803353,0.0,0.03777091841852486,0.0,0.0,0.007025359262713289
Aweil Centre,2001-01-29,train,0.0,0,0.0661764705882353,0.0,0.06544165054803353,0.0,0.03318242058699175,0.0,0.0,0.009502914956436175
Aweil Centre,2001-02-05,train,0.0,0,0.00819672131147541,0.0,0.06544165054803353,0.0,0.023915909261841527,0.0,0.0,0.0020085161418667424
Aweil Centre,2001-02-12,train,0.0,0,0.00819672131147541,0.0,0.06544165054803353,0.0,0.02347643425663066,0.0,0.0,0.0020085161418667424
Aweil Centre,2001-02-19,train,0.0,0,0.00819672131147541,0.0,0.06544165054803353,0.0,0.02347643425663066,0.0,0.0,0.0020085161418667424
Aweil Centre,2001-02-26,train,0.0,0,0.00819672131147541,0.0,0.06544165054803353,0.0,0.02347643425663066,0.0,0.0,0.0020085161418667424
Aweil Centre,2001-03-05,train,0.0,0,0.05223880597014925,0.0,0.06544165054803353,0.0,0.023695044609794304,0.0,0.0,0.0020085161418667424
Aweil Centre,2001-03-12,train,0.0,0,0.05223880597014925,0.0,0.06544165054803353,0.0,0.029314177574667886,0.0,0.0,0.00270075408871077
Aweil Centre,2001-03-19,train,0.0,0,0.05223880597014925,0.0,0.06544165054803353,0.0,0.02688809389074062,0.0,0.0,0.0024016416700738206
Aweil Centre,2001-03-26,train,0.0,0,0.05223880597014925,0.0,0.06544165054803353,0.0,0.028294656528266356,0.0,0.0,0.0020012541556696526
Aweil Centre,2001-04-02,train,0.0,0,0.03787878787878788,0.0,0.06544165054803353,0.0,0.03204037822426295,0.0,0.0,0.003746891820533548
Aweil Centre,2001-04-09,train,0.0,0,0.03787878787878788,0.0,0.06544165054803353,0.0,0.03332948054557928,0.0,0.0,0.0045282351253146625
Aweil Centre,2001-04-16,train,0.0,0,0.03787878787878788,0.0,0.06544165054803353,0.0,0.02697236561860212,0.0,0.0,0.0020085161418667424
Aweil Centre,2001-04-23,train,0.0,0,0.03787878787878788,0.0,0.06544165054803353,0.0,0.026141439343175,0.0,0.0,0.0020085161418667424
Aweil Centre,2001-04-30,train,0.0,0,0.03787878787878788,0.0,0.06544165054803353,0.0,0.025214830302948063,0.0,0.0,0.0020085161418667424
Aweil Centre,2001-05-07,train,0.0,0,0.007462686567164179,0.0,0.06544165054803353,0.0,0.02568440015275123,0.0,0.0,0.003777062233085376
Aweil Centre,2001-05-14,train,0.0,0,0.007462686567164179,0.0,0.06544165054803353,0.0,0.024189317589795086,0.0,0.0,0.0025973693736480565
Aweil Centre,2001-05-21,train,0.0,0,0.007462686567164179,0.0,0.06544165054803353,0.0,0.024189317589795086,0.0,0.0,0.0020085161418667424
Aweil Centre,2001-05-28,train,0.0,0,0.007462686567164179,0.0,0.06544165054803353,0.0,0.024189317589795086,0.0,0.0,0.0020085161418667424
Aweil Centre,2001-06-04,train,0.0,0,0.038461538461538464,0.0,0.06544165054803353,0.0,0.024189317589795086,0.0,0.0,0.0020085161418667424
Aweil Centre,2001-06-11,train,0.0,0,0.038461538461538464,0.0,0.06544165054803353,0.0,0.026137628077683384,0.0,0.0,0.0020085161418667424
Aweil Centre,2001-06-18,train,0.0,0,0.038461538461538464,0.0,0.06544165054803353,0.0,0.024777592180922105,0.0,0.0,0.0020085161418667424
Aweil Centre,2001-06-25,train,0.0,0,0.038461538461538464,0.0,0.06544165054803353,0.0,0.025892308975299996,0.0,0.0,0.007649064167262588
Aweil Centre,2001-07-02,train,0.0,0,0.007352941176470588,0.0,0.06544165054803353,0.0,0.024686334792053226,0.0,0.0,0.0020085161418667424
Aweil Centre,2001-07-09,train,0.0,0,0.007352941176470588,0.0,0.06544165054803353,0.0,0.024200059696427474,0.0,0.0,0.0020085161418667424
Aweil Centre,2001-07-16,train,0.0,0,0.007352941176470588,0.0,0.06544165054803353,0.0,0.024599979992908153,0.0,0.0,0.002008595020343113
Aweil Centre,2001-07-23,train,0.0,0,0.007352941176470588,0.0,0.06544165054803353,0.0,0.03156635452406696,0.0,0.0,0.01559067647765383
Aweil Centre,2001-07-30,train,0.0,0,0.007352941176470588,0.0,0.06544165054803353,0.0,0.02590607108542872,0.0,0.0,0.0023290194916589227
Aweil Centre,2001-08-06,train,0.0,0,0.3106060606060606,0.0,0.06544165054803353,0.0,0.04492232710498077,0.0,0.0,0.12364755664865631
Aweil Centre,2001-08-13,train,0.0,0,0.3106060606060606,0.0,0.06544165054803353,0.0,0.07525809404139124,0.0,0.0,0.3284030084621558
Aweil Centre,2001-08-20,train,0.0,0,0.3106060606060606,0.0,0.06544165054803353,0.0,0.2931853348272454,0.0,0.010740716114440088,1.5935476697843742
Aweil Centre,2001-08-27,train,0.0,0,0.3106060606060606,0.0,0.06544165054803353,0.0,0.11160544894208621,0.0,0.0,0.8616632710858988
Aweil Centre,2001-09-03,train,0.0,0,0.5681818181818182,0.1591004865320547,0.06544165054803353,0.0,0.12265728985164907,0.0,0.0,1.0769553832678131
Aweil Centre,2001-09-10,train,0.0,0,0.5681818181818182,0.1591004865320547,0.06544165054803353,0.0,0.08898622911419697,0.0,0.0,0.007461032066120343
Aweil Centre,2001-09-17,train,0.0,0,0.5681818181818182,0.1591004865320547,0.06544165054803353,0.0,0.1259296501301844,0.0,0.0,1.463975454668015
Aweil Centre,2001-09-24,train,0.0,0,0.5681818181818182,0.1591004865320547,0.06544165054803353,0.0,0.137431260887088,0.0,0.0,0.3096521619224039
Aweil Centre,2001-10-01,train,0.0,0,0.6838235294117647,0.3714698106708368,0.06544165054803353,0.0,0.2646900314168666,0.0,0.0,3.3506538225650773
Aweil Centre,2001-10-08,train,0.0,0,0.6838235294117647,0.3714698106708368,0.06544165054803353,0.0,0.17410443898495168,0.0,0.0,0.6830526038300474
Aweil Centre,2001-10-15,train,0.583370340149964,1,0.6838235294117647,0.3714698106708368,0.06544165054803353,0.0,0.2567435781555488,0.0,0.0013856057956568215,0.7180063677774051
Aweil Centre,2001-10-22,train,0.0,0,0.6838235294117647,0.3714698106708368,0.7527675276752768,0.583370340149964,0.4447527819972888,0.0,0.018452308268327843,2.3881447416949966
Aweil Centre,2001-10-29,train,1.00762204045512,1,0.6838235294117647,0.3714698106708368,0.06544165054803353,0.0,0.45412550938542867,0.0,0.060507014506575925,1.2210689847274225
Aweil Centre,2001-11-05,train,0.0,0,0.5546875,0.1061869858513083,0.7527675276752768,1.00762204045512,0.27822059495507234,0.0,0.05581869604651875,2.478560671006838
Aweil Centre,2001-11-12,train,0.0,0,0.5546875,0.1061869858513083,0.06544165054803353,0.0,0.32207191470159574,0.0,0.060507014506575925,0.29833301109703697
Aweil Centre,2001-11-19,train,0.0,0,0.5546875,0.1061869858513083,0.06544165054803353,0.0,0.2470240627589593,0.0,0.004039906891765707,0.7287849891282374
Aweil Centre,2001-11-26,train,0.0,0,0.5546875,0.1061869858513083,0.06544165054803353,0.0,0.30730348481241826,0.0,0.01212632191009691,0.46531285860359584
Aweil Centre,2001-12-03,train,0.0,0,0.2246376811594203,0.0,0.06544165054803353,0.0,0.03389334054111248,0.0,0.0,0.06132005925496069
Aweil Centre,2001-12-10,train,0.0,0,0.2246376811594203,0.0,0.06544165054803353,0.0,0.025183789415118764,0.0,0.0,0.024861238629756324
Aweil Centre,2001-12-17,train,0.0,0,0.2246376811594203,0.0,0.06544165054803353,0.0,0.04477783321198492,0.0,0.0,0.04857579028082526
Aweil Centre,2001-12-24,train,0.0,0,0.2246376811594203,0.0,0.06544165054803353,0.0,0.0673783128979376,0.0,0.0,0.011109224368982672
Aweil Centre,2001-12-31,train,0.0,0,0.2246376811594203,0.0,0.06544165054803353,0.0,0.024759233791444325,0.0,0.0,0.0022642999563310087
Aweil Centre,2002-01-07,train,0.0,0,0.0661764705882353,0.0,0.06544165054803353,0.0,0.038601386634134136,0.0,0.0,0.0029969627935209817
Aweil Centre,2002-01-14,train,0.0,0,0.0661764705882353,0.0,0.06544165054803353,0.0,0.03874713819773492,0.0,0.0,0.0029535049033454397
Aweil Centre,2002-01-21,train,0.0,0,0.0661764705882353,0.0,0.06544165054803353,0.0,0.04473409941736332,0.0,0.0,0.008948121346183835
Aweil Centre,2002-01-28,train,0.0,0,0.0661764705882353,0.0,0.06544165054803353,0.0,0.04557672947326537,0.0,0.0,0.01545639945330429
Aweil Centre,2002-02-04,train,0.0,0,0.00819672131147541,0.0,0.06544165054803353,0.0,0.026946950028302583,0.0,0.0,0.004360662990357665
Aweil Centre,2002-02-11,train,0.0,0,0.00819672131147541,0.0,0.06544165054803353,0.0,0.025738003388534977,0.0,0.0,0.0020085161418667424
Aweil Centre,2002-02-18,train,0.0,0,0.00819672131147541,0.0,0.06544165054803353,0.0,0.025738003388534977,0.0,0.0,0.0020085161418667424
Aweil Centre,2002-02-25,train,0.0,0,0.00819672131147541,0.0,0.06544165054803353,0.0,0.025738003388534977,0.0,0.0,0.0020085161418667424
Aweil Centre,2002-03-04,train,0.0,0,0.05223880597014925,0.0,0.06544165054803353,0.0,0.025977113043839168,0.0,0.0,0.0020085161418667424
Aweil Centre,2002-03-11,train,0.0,0,0.05223880597014925,0.0,0.06544165054803353,0.0,0.04793328480347459,0.0,0.0,0.02323712898144704
Aweil Centre,2002-03-18,train,0.0,0,0.05223880597014925,0.0,0.06544165054803353,0.0,0.029814042901212562,0.0,0.0,0.0024016416700738206
Aweil Centre,2002-03-25,train,0.0,0,0.05223880597014925,0.0,0.06544165054803353,0.0,0.029814042901212562,0.0,0.0,0.002269742045153314
Aweil Centre,2002-04-01,train,0.0,0,0.03787878787878788,0.0,0.06544165054803353,0.0,0.0370212225457485,0.0,0.0,0.005947637369863497
Aweil Centre,2002-04-08,train,0.0,0,0.03787878787878788,0.0,0.06544165054803353,0.0,0.036765762443890355,0.0,0.0,0.00505253357670953
Aweil Centre,2002-04-15,train,0.0,0,0.03787878787878788,0.0,0.06544165054803353,0.0,0.03566102659707003,0.0,0.0,0.004671577786332586
Aweil Centre,2002-04-22,train,0.0,0,0.03787878787878788,0.0,0.06544165054803353,0.0,0.0302339056232544,0.0,0.0,0.003935697234225707
Aweil Centre,2002-04-29,train,0.0,0,0.03787878787878788,0.0,0.06544165054803353,0.0,0.02796392806849609,0.0,0.0,0.0020085161418667424
Aweil Centre,2002-05-06,train,0.0,0,0.007462686567164179,0.0,0.06544165054803353,0.0,0.028402222600479865,0.0,0.0,0.005321600451352275
Aweil Centre,2002-05-13,train,0.0,0,0.007462686567164179,0.0,0.06544165054803353,0.0,0.027191523342943513,0.0,0.0,0.0025973693736480565
Aweil Centre,2002-05-20,train,0.0,0,0.007462686567164179,0.0,0.06544165054803353,0.0,0.027191523342943513,0.0,0.0,0.0020085161418667424
Aweil Centre,2002-05-27,train,0.0,0,0.007462686567164179,0.0,0.06544165054803353,0.0,0.027191523342943513,0.0,0.0,0.0020085161418667424
Aweil Centre,2002-06-03,train,0.0,0,0.038461538461538464,0.0,0.06544165054803353,0.0,0.027191523342943513,0.0,0.0,0.0020085161418667424
Aweil Centre,2002-06-10,train,0.0,0,0.038461538461538464,0.0,0.06544165054803353,0.0,0.030086085662082384,0.0,0.0,0.0020085161418667424
Aweil Centre,2002-06-17,train,0.0,0,0.038461538461538464,0.0,0.06544165054803353,0.0,0.028526615318192738,0.0,0.0,0.0020085161419718042
Aweil Centre,2002-06-24,train,0.0,0,0.038461538461538464,0.0,0.06544165054803353,0.0,0.032203089153186606,0.0,0.0,0.013546649334991319
Aweil Centre,2002-07-01,train,0.0,0,0.007352941176470588,0.0,0.06544165054803353,0.0,0.030712448056547357,0.0,0.0,0.0020085163190925793
Aweil Centre,2002-07-08,train,0.0,0,0.007352941176470588,0.0,0.06544165054803353,0.0,0.030111134445037498,0.0,0.0,0.0020085129495355666
Aweil Centre,2002-07-15,train,0.0,0,0.007352941176470588,0.0,0.06544165054803353,0.0,0.03044458442319655,0.0,0.0,0.0020085895673726856
Aweil Centre,2002-07-22,train,0.0,0,0.007352941176470588,0.0,0.06544165054803353,0.0,0.06205477003029249,0.0,0.0,0.03420735678867996
Aweil Centre,2002-07-29,train,0.0,0,0.007352941176470588,0.0,0.06544165054803353,0.0,0.04172346176685027,0.0,0.0,0.002881319510526287
Aweil Centre,2002-08-05,train,0.0,0,0.3106060606060606,0.0,0.06544165054803353,0.0,0.10327968793033146,0.0,0.0,0.13678010257402431
Aweil Centre,2002-08-12,train,0.0,0,0.3106060606060606,0.0,0.06544165054803353,0.0,0.09767503274598473,0.0,0.0,0.40997101914066697
Aweil Centre,2002-08-19,train,0.0,0,0.3106060606060606,0.0,0.06544165054803353,0.0,0.26729072833872675,0.0,0.010740716114440088,0.5576812737932992
Aweil Centre,2002-08-26,train,0.0,0,0.3106060606060606,0.0,0.06544165054803353,0.0,0.16911060274323456,0.0,0.0,0.850374574359997
Aweil Centre,2002-09-02,train,0.159220790626531,1,0.5681818181818182,0.1591004865320547,0.06544165054803353,0.0,0.1770681398799865,0.0,0.0,1.0733154278259003
Aweil Centre,2002-09-09,train,0.0,0,0.5681818181818182,0.1591004865320547,0.7527675276752768,0.159220790626531,0.4490160781797578,0.0,0.1435441747887336,1.4931929617615032
Aweil Centre,2002-09-16,train,0.1591004865320547,1,0.5681818181818182,0.1591004865320547,0.06544165054803353,0.0,0.18666887499638762,0.0,0.0,2.7454332305724263
Aweil Centre,2002-09-23,train,0.2651375960544848,1,0.5681818181818182,0.1591004865320547,0.7527675276752768,0.1591004865320547,0.5692318303027419,0.0,0.24143790890297112,3.5060385215219303
Aweil Centre,2002-09-30,train,0.106067687186642,1,0.5681818181818182,0.1591004865320547,0.7527675276752768,0.2651375960544848,0.7516557283517356,0.0,0.28140182840980593,4.872408104582182
Aweil Centre,2002-10-07,train,0.0,0,0.6838235294117647,0.3714698106708368,0.7527675276752768,0.106067687186642,0.48333303347857876,0.0,0.1432420461456005,1.2252947139239965
Aweil Centre,2002-10-14,train,0.0,0,0.6838235294117647,0.3714698106708368,0.06544165054803353,0.0,0.2826468702092091,0.0,0.0661643163720825,0.0661643163720825
Aweil Centre,2002-10-21,train,0.0,0,0.6838235294117647,0.3714698106708368,0.06544165054803353,0.0,0.286712088628002,0.0,0.0011477532199105857,1.065163926391739
Aweil Centre,2002-10-28,train,0.0530876881657676,1,0.6838235294117647,0.3714698106708368,0.06544165054803353,0.0,0.37801637693565154,0.0,0.0013856057956568215,0.10388508053513251
Aweil Centre,2002-11-04,train,0.0,0,0.5546875,0.1061869858513083,0.7527675276752768,0.0530876881657676,0.35540970268499744,0.0,0.003871814625166813,0.059704993569713025
Aweil Centre,2002-11-11,train,0.0,0,0.5546875,0.1061869858513083,0.06544165054803353,0.0,0.30582310837564775,0.0,0.0013856057956568215,0.19405792312334408
Aweil Centre,2002-11-18,train,0.0,0,0.5546875,0.1061869858513083,0.06544165054803353,0.0,0.3099974112571001,0.0,0.00966233078814027,0.11214728518806004
Aweil Centre,2002-11-25,train,0.3184662306511984,1,0.5546875,0.1061869858513083,0.06544165054803353,0.0,0.42700005356106274,0.0,0.01212632191009691,0.5107955047061015
Aweil Centre,2002-12-02,train,0.2123169530882414,1,0.2246376811594203,0.0,0.7527675276752768,0.3184662306511984,0.41285315775627934,0.0,0.0030650093255510606,0.2402243599587496
Aweil Centre,2002-12-09,train,0.0,0,0.2246376811594203,0.0,0.7527675276752768,0.2123169530882414,0.2354050974242505,0.0,0.006455945045744953,0.42066188817397226
Aweil Centre,2002-12-16,train,0.0,0,0.2246376811594203,0.0,0.06544165054803353,0.0,0.23021643815799037,0.0,0.0,1.0927087647919902
Aweil Centre,2002-12-23,train,0.1061836372985832,1,0.2246376811594203,0.0,0.06544165054803353,0.0,0.1697288620120642,0.0,0.0,0.13458340322183882
Aweil Centre,2002-12-30,train,0.0,0,0.2246376811594203,0.0,0.7527675276752768,0.1061836372985832,0.3197306822619387,0.0,0.010969989806991471,0.021853886492061596
Aweil Centre,2003-01-06,train,0.0,0,0.0661764705882353,0.0,0.06544165054803353,0.0,0.1284306955088246,0.0,0.0,0.253163210371343
Aweil Centre,2003-01-13,train,0.0,0,0.0661764705882353,0.0,0.06544165054803353,0.0,0.06428048040261605,0.0,0.0,0.044937208632197426
Aweil Centre,2003-01-20,train,0.0,0,0.0661764705882353,0.0,0.06544165054803353,0.0,0.08666477705663267,0.0,0.0,0.012612870622992288
Aweil Centre,2003-01-27,train,0.1590983969880506,1,0.0661764705882353,0.0,0.06544165054803353,0.0,0.216013498103315,0.0,0.0,0.05711093474568282
Aweil Centre,2003-02-03,train,0.0,0,0.00819672131147541,0.0,0.7527675276752768,0.1590983969880506,0.12987850375625087,0.0,0.0,0.07531297993738774
Aweil Centre,2003-02-10,train,0.0,0,0.00819672131147541,0.0,0.06544165054803353,0.0,0.0933194874828432,0.0,0.0,0.2692372363329634
Aweil Centre,2003-02-17,train,0.0,0,0.00819672131147541,0.0,0.06544165054803353,0.0,0.08832209719159301,0.0,0.0,0.12277047484641375
Aweil Centre,2003-02-24,train,0.0,0,0.00819672131147541,0.0,0.06544165054803353,0.0,0.04515831066836551,0.0,0.0,0.007418825559833889
Aweil Centre,2003-03-03,train,0.0,0,0.05223880597014925,0.0,0.06544165054803353,0.0,0.0454228427397306,0.0,0.0,0.007418825559833889
Aweil Centre,2003-03-10,train,0.0,0,0.05223880597014925,0.0,0.06544165054803353,0.0,0.06933538476204568,0.0,0.0,0.027955200452902177
Aweil Centre,2003-03-17,train,0.0,0,0.05223880597014925,0.0,0.06544165054803353,0.0,0.05310526670928906,0.0,0.0,0.007810932954295286
Aweil Centre,2003-03-24,train,0.0,0,0.05223880597014925,0.0,0.06544165054803353,0.0,0.05310526670928906,0.0,0.0,0.007810932954295286
Aweil Centre,2003-03-31,train,0.1060688801331403,1,0.05223880597014925,0.0,0.06544165054803353,0.0,0.11155987655456165,0.0,0.0,0.03596195354277292
Aweil Centre,2003-04-07,train,0.0,0,0.03787878787878788,0.0,0.7527675276752768,0.1060688801331403,0.12575513047919815,0.0,0.0,0.03545155736498874
Aweil Centre,2003-04-14,train,0.0,0,0.03787878787878788,0.0,0.06544165054803353,0.0,0.124527787482733,0.0,0.0,0.26228219901142347
Aweil Centre,2003-04-21,train,0.0,0,0.03787878787878788,0.0,0.06544165054803353,0.0,0.1306472074331517,0.0,0.0,0.17784082043351981
Aweil Centre,2003-04-28,train,0.0,0,0.03787878787878788,0.0,0.06544165054803353,0.0,0.08061103814426038,0.0,0.0,0.03277146923963326
Aweil Centre,2003-05-05,train,0.0,0,0.007462686567164179,0.0,0.06544165054803353,0.0,0.09133664597482428,0.0,0.0,0.04669791878143964
Aweil Centre,2003-05-12,train,0.0,0,0.007462686567164179,0.0,0.06544165054803353,0.0,0.0973786713748094,0.0,0.0,0.04427280012237238
Aweil Centre,2003-05-19,train,0.0,0,0.007462686567164179,0.0,0.06544165054803353,0.0,0.08768535613617506,0.0,0.0,0.04338483447195411
Aweil Centre,2003-05-26,train,0.0,0,0.007462686567164179,0.0,0.06544165054803353,0.0,0.09356243843605162,0.0,0.0,0.04667147308532839
Aweil Centre,2003-06-02,train,0.0,0,0.038461538461538464,0.0,0.06544165054803353,0.0,0.09356243843605162,0.0,0.0,0.04605780654689078
Aweil Centre,2003-06-09,train,0.0530585080462053,1,0.038461538461538464,0.0,0.06544165054803353,0.0,0.10052275001497192,0.0,0.0,0.04605780654689078
Aweil Centre,2003-06-16,train,0.0,0,0.038461538461538464,0.0,0.7527675276752768,0.0530585080462053,0.14420396163393448,0.0,0.0,0.11640734111311864
Aweil Centre,2003-06-23,train,0.0,0,0.038461538461538464,0.0,0.06544165054803353,0.0,0.10709522837495977,0.0,0.0,0.08590566517799618
Aweil Centre,2003-06-30,train,0.0,0,0.038461538461538464,0.0,0.06544165054803353,0.0,0.10119949531391287,0.0,0.0,0.12697986952708581
Aweil Centre,2003-07-07,train,0.0,0,0.007352941176470588,0.0,0.06544165054803353,0.0,0.06339745380026587,0.0,0.0,0.02109691513068235
Aweil Centre,2003-07-14,train,0.0,0,0.007352941176470588,0.0,0.06544165054803353,0.0,0.05988764034972331,0.0,0.0,0.02030597075926082
Aweil Centre,2003-07-21,train,0.0,0,0.007352941176470588,0.0,0.06544165054803353,0.0,0.09159009575250011,0.0,0.0,0.02718709701371699
Aweil Centre,2003-07-28,train,0.0,0,0.007352941176470588,0.0,0.06544165054803353,0.0,0.06371186398966253,0.0,0.0,0.019831760298614068
Aweil Centre,2003-08-04,train,0.0,0,0.3106060606060606,0.0,0.06544165054803353,0.0,0.07182491916437245,0.0,0.0,0.05910901292023181
Aweil Centre,2003-08-11,train,0.0,0,0.3106060606060606,0.0,0.06544165054803353,0.0,0.10762666279033319,0.0,0.0,0.10642202639708355
Aweil Centre,2003-08-18,train,0.0,0,0.3106060606060606,0.0,0.06544165054803353,0.0,0.2659397433460615,0.0,0.012024568145545884,0.6860564728421277
Aweil Centre,2003-08-25,train,0.0,0,0.3106060606060606,0.0,0.06544165054803353,0.0,0.17495356505129708,0.0,0.001283852031105794,1.126750618604849
Aweil Centre,2003-09-01,train,0.0,0,0.5681818181818182,0.1591004865320547,0.06544165054803353,0.0,0.20756411562519567,0.0,0.0,1.7466798307878793
Aweil Centre,2003-09-08,train,0.0,0,0.5681818181818182,0.1591004865320547,0.06544165054803353,0.0,0.15104255696903537,0.0,0.0,0.5056826643345551
Aweil Centre,2003-09-15,train,0.0,0,0.5681818181818182,0.1591004865320547,0.06544165054803353,0.0,0.12014879818453703,0.0,0.0,0.5853248489396521
Aweil Centre,2003-09-22,train,0.3183735315572826,1,0.5681818181818182,0.1591004865320547,0.06544165054803353,0.0,0.20877760197747952,0.0,0.0,0.1837897479476987
Aweil Centre,2003-09-29,train,1.3788795537721477,1,0.5681818181818182,0.1591004865320547,0.7527675276752768,0.3183735315572826,0.6710843133759766,0.0,0.2661227980904476,5.34179190790121
Aweil Centre,2003-10-06,train,0.0,0,0.6838235294117647,0.3714698106708368,0.7527675276752768,1.3788795537721477,0.645364001284598,0.0,0.18940932238557873,3.670736735030285
Aweil Centre,2003-10-13,train,0.1061836372985832,1,0.6838235294117647,0.3714698106708368,0.06544165054803353,0.0,0.6141520327307187,0.0,0.20112642226489932,8.10710347766264
Aweil Centre,2003-10-20,train,4.5622869734344,1,0.6838235294117647,0.3714698106708368,0.7527675276752768,0.1061836372985832,0.7255663121381198,0.0,0.1238239952365232,4.592330599574513
Aweil Centre,2003-10-27,train,1.5910905049623163,1,0.6838235294117647,0.3714698106708368,0.7527675276752768,4.5622869734344,0.7588437245492015,0.0,0.7479064263808204,9.377779491263889
Aweil Centre,2003-11-03,train,0.0530825402499146,1,0.5546875,0.1061869858513083,0.7527675276752768,1.5910905049623163,0.6924384763421046,0.0019077954898751414,0.11578879633793819,3.7108351009284717
Aweil Centre,2003-11-10,train,0.0,0,0.5546875,0.1061869858513083,0.7527675276752768,0.0530825402499146,0.4438353933554116,0.0,0.08820991621655505,2.856753094329667
Aweil Centre,2003-11-17,train,0.0,0,0.5546875,0.1061869858513083,0.06544165054803353,0.0,0.3304897195083735,0.0,0.013896487145761492,0.9798969378198907
Aweil Centre,2003-11-24,train,0.1593998114191112,1,0.5546875,0.1061869858513083,0.06544165054803353,0.0,0.4426682220959216,0.0,0.010946182819246066,0.4620553597997452
Aweil Centre,2003-12-01,train,0.1060757287749012,1,0.2246376811594203,0.0,0.7527675276752768,0.1593998114191112,0.4619084229339806,0.0,0.007700238545436816,0.11283218567211338
Aweil Centre,2003-12-08,train,0.0,0,0.2246376811594203,0.0,0.7527675276752768,0.1060757287749012,0.24784103873451765,0.0,0.007476405836747452,0.5687585639374556
Aweil Centre,2003-12-15,train,3.2914633307644774,1,0.2246376811594203,0.0,0.06544165054803353,0.0,0.2606337163740819,0.0,0.0,1.3216781588321336
Aweil Centre,2003-12-22,train,0.0,0,0.2246376811594203,0.0,0.7527675276752768,3.2914633307644774,0.6588328212561748,0.0019077954898751414,0.33110931978348235,2.92477033722346
Aweil Centre,2003-12-29,train,0.0,0,0.2246376811594203,0.0,0.06544165054803353,0.0,0.18613400796072596,0.0,0.0,1.4782423974223173
Aweil Centre,2004-01-05,train,0.0,0,0.0661764705882353,0.0,0.06544165054803353,0.0,0.061335727689627265,0.0,0.0,0.09800417120505202
Aweil Centre,2004-01-12,train,0.0,0,0.0661764705882353,0.0,0.06544165054803353,0.0,0.05980888504074838,0.0,0.0,0.02507106526145737
Aweil Centre,2004-01-19,train,0.0,0,0.0661764705882353,0.0,0.06544165054803353,0.0,0.07629362398507775,0.0,0.0,0.019072415621355705
Aweil Centre,2004-01-26,train,0.0,0,0.0661764705882353,0.0,0.06544165054803353,0.0,0.13007623333773063,0.0,0.0,0.0402301453896281
Aweil Centre,2004-02-02,train,0.0,0,0.00819672131147541,0.0,0.06544165054803353,0.0,0.0376295504693276,0.0,0.0,0.004360662990357665
Aweil Centre,2004-02-09,train,0.0,0,0.00819672131147541,0.0,0.06544165054803353,0.0,0.030106303200157534,0.0,0.0,0.0020085161418667424
Aweil Centre,2004-02-16,train,0.0,0,0.00819672131147541,0.0,0.06544165054803353,0.0,0.028609187760215246,0.0,0.0,0.0020085161418667424
Aweil Centre,2004-02-23,train,0.0,0,0.00819672131147541,0.0,0.06544165054803353,0.0,0.028609187760215246,0.0,0.0,0.0020085161418667424
Aweil Centre,2004-03-01,train,0.0,0,0.05223880597014925,0.0,0.06544165054803353,0.0,0.028874180592372057,0.0,0.0,0.0020085161418667424
Aweil Centre,2004-03-08,train,0.0,0,0.05223880597014925,0.0,0.06544165054803353,0.0,0.06566247487960117,0.0,0.0,0.0431424997303291
Aweil Centre,2004-03-15,train,0.0,0,0.05223880597014925,0.0,0.06544165054803353,0.0,0.03521556546240002,0.0,0.0,0.0023869804356233077
Aweil Centre,2004-03-22,train,0.0,0,0.05223880597014925,0.0,0.06544165054803353,0.0,0.03512037219870458,0.0,0.0,0.0023869804356233077
Aweil Centre,2004-03-29,train,0.0,0,0.05223880597014925,0.0,0.06544165054803353,0.0,0.039646004007977326,0.0,0.0,0.004254729379048951
Aweil Centre,2004-04-05,train,0.0,0,0.03787878787878788,0.0,0.06544165054803353,0.0,0.044828021318860746,0.0,0.0,0.003732230586083035
Aweil Centre,2004-04-12,train,0.0,0,0.03787878787878788,0.0,0.06544165054803353,0.0,0.04286437723089566,0.0,0.0,0.003732230586083035
Aweil Centre,2004-04-19,train,0.0,0,0.03787878787878788,0.0,0.06544165054803353,0.0,0.03476179459042551,0.0,0.0,0.002389291907698297
Aweil Centre,2004-04-26,train,0.0,0,0.03787878787878788,0.0,0.06544165054803353,0.0,0.03706961056884993,0.0,0.0,0.0028630685973039557
Aweil Centre,2004-05-03,train,0.0,0,0.007462686567164179,0.0,0.06544165054803353,0.0,0.04559361788462591,0.0,0.0,0.034384426687208855
Aweil Centre,2004-05-10,train,0.0,0,0.007462686567164179,0.0,0.06544165054803353,0.0,0.03265422055482292,0.0,0.0,0.0023076285605036877
Aweil Centre,2004-05-17,train,0.0,0,0.007462686567164179,0.0,0.06544165054803353,0.0,0.0290759017222061,0.0,0.0,0.0020085161418667424
Aweil Centre,2004-05-24,train,0.0,0,0.007462686567164179,0.0,0.06544165054803353,0.0,0.0290759017222061,0.0,0.0,0.0020085161418667424
Aweil Centre,2004-05-31,train,0.0,0,0.007462686567164179,0.0,0.06544165054803353,0.0,0.0290759017222061,0.0,0.0,0.0020085161418667424
Aweil Centre,2004-06-07,train,0.0,0,0.038461538461538464,0.0,0.06544165054803353,0.0,0.0290759017222061,0.0,0.0,0.0020085161418667424
Aweil Centre,2004-06-14,train,0.0,0,0.038461538461538464,0.0,0.06544165054803353,0.0,0.029702481192305997,0.0,0.0,0.0020085161418667424
Aweil Centre,2004-06-21,train,0.0,0,0.038461538461538464,0.0,0.06544165054803353,0.0,0.02977938939384386,0.0,0.0,0.0020085161418667424
Aweil Centre,2004-06-28,train,0.0,0,0.038461538461538464,0.0,0.06544165054803353,0.0,0.03141878321228369,0.0,0.0,0.0020085570311265313
Aweil Centre,2004-07-05,train,0.0,0,0.007352941176470588,0.0,0.06544165054803353,0.0,0.03136467099222861,0.0,0.0,0.0020085570311265313
Aweil Centre,2004-07-12,train,0.0,0,0.007352941176470588,0.0,0.06544165054803353,0.0,0.04160966872092592,0.0,0.0,0.002147582751030965
Aweil Centre,2004-07-19,train,0.0,0,0.007352941176470588,0.0,0.06544165054803353,0.0,0.0425255838878532,0.0,0.0,0.004881555339883912
Aweil Centre,2004-07-26,train,0.0,0,0.007352941176470588,0.0,0.06544165054803353,0.0,0.033633751771247,0.0,0.0,0.0025294233967294508
Aweil Centre,2004-08-02,train,0.0,0,0.3106060606060606,0.0,0.06544165054803353,0.0,0.03732107552605128,0.0,0.0,0.025675097664027074
Aweil Centre,2004-08-09,train,0.0,0,0.3106060606060606,0.0,0.06544165054803353,0.0,0.057520903354078744,0.0,0.0,0.11096166899947423
Aweil Centre,2004-08-16,train,0.0,0,0.3106060606060606,0.0,0.06544165054803353,0.0,0.27405145034159334,0.0,0.012024568145545884,0.6885506421647466
Aweil Centre,2004-08-23,train,0.0,0,0.3106060606060606,0.0,0.06544165054803353,0.0,0.18366770407305177,0.0,0.00399829092310583,1.2303290010290202
Aweil Centre,2004-08-30,train,0.0,0,0.3106060606060606,0.0,0.06544165054803353,0.0,0.19318782138808935,0.0,0.001283852031105794,1.6263001239911095
Aweil Centre,2004-09-06,train,0.0,0,0.5681818181818182,0.1591004865320547,0.06544165054803353,0.0,0.1225407987251443,0.0,0.0,0.49420422264161057
Aweil Centre,2004-09-13,train,0.0,0,0.5681818181818182,0.1591004865320547,0.06544165054803353,0.0,0.11880739364695243,0.0,0.0,0.09740074525225961
Aweil Centre,2004-09-20,train,0.0,0,0.5681818181818182,0.1591004865320547,0.06544165054803353,0.0,0.14899900397503793,0.0,0.0,0.17841259901591566
Aweil Centre,2004-09-27,train,0.0,0,0.5681818181818182,0.1591004865320547,0.06544165054803353,0.0,0.2932649073575112,0.0,0.0,2.1777729712251053
Aweil Centre,2004-10-04,train,0.0,0,0.6838235294117647,0.3714698106708368,0.06544165054803353,0.0,0.18531877849949577,0.0,0.0,0.5090498706797721
Aweil Centre,2004-10-11,train,0.0,0,0.6838235294117647,0.3714698106708368,0.06544165054803353,0.0,0.16652412778095296,0.0,0.0,0.12206170829804322
Aweil Centre,2004-10-18,train,0.2122336140171934,1,0.6838235294117647,0.3714698106708368,0.06544165054803353,0.0,0.439614480860782,0.0,0.0013856057956568215,0.7294023453148679
Aweil Centre,2004-10-25,train,0.0,0,0.6838235294117647,0.3714698106708368,0.7527675276752768,0.2122336140171934,0.3967206823736701,0.0,0.047615131121006356,0.7289353371863789
Aweil Centre,2004-11-01,train,0.0,0,0.5546875,0.1061869858513083,0.06544165054803353,0.0,0.4468340686177816,0.0,0.0013856057956568215,0.38078368671848617
Aweil Centre,2004-11-08,train,0.0,0,0.5546875,0.1061869858513083,0.06544165054803353,0.0,0.3699922502672994,0.0,0.0005813083330825912,0.3445079047411467
Aweil Centre,2004-11-15,train,0.2122148301106824,1,0.5546875,0.1061869858513083,0.06544165054803353,0.0,0.3769272386689449,0.0,0.006676669509344451,0.22644059884475357
Aweil Centre,2004-11-22,train,0.0,0,0.5546875,0.1061869858513083,0.7527675276752768,0.2122148301106824,0.41584352535053976,0.0,0.011361620982310512,0.7111984213427366
Aweil Centre,2004-11-29,train,0.0,0,0.5546875,0.1061869858513083,0.06544165054803353,0.0,0.148279601920589,0.0,0.0,0.4152313697290691
Aweil Centre,2004-12-06,train,0.0,0,0.2246376811594203,0.0,0.06544165054803353,0.0,0.06436250063746504,0.0,0.0,0.21433521875199826
Aweil Centre,2004-12-13,train,0.0,0,0.2246376811594203,0.0,0.06544165054803353,0.0,0.03633654519089636,0.0,0.0,0.018462764973793865
Aweil Centre,2004-12-20,train,0.0530905384234004,1,0.2246376811594203,0.0,0.06544165054803353,0.0,0.19819373166751833,0.0,0.0,0.05711622623497477
Aweil Centre,2004-12-27,train,0.0,0,0.2246376811594203,0.0,0.7527675276752768,0.0530905384234004,0.1551490097130254,0.0,0.0,0.017239563201785824
Aweil Centre,2005-01-03,train,0.0,0,0.0661764705882353,0.0,0.06544165054803353,0.0,0.05444491396311085,0.0,0.0,0.020803627658212892
Aweil Centre,2005-01-10,train,0.0,0,0.0661764705882353,0.0,0.06544165054803353,0.0,0.043628929980127955,0.0,0.0,0.011092504570648531
Aweil Centre,2005-01-17,train,0.0,0,0.0661764705882353,0.0,0.06544165054803353,0.0,0.055770678073682106,0.0,0.0,0.0038711493275862662
Aweil Centre,2005-01-24,train,0.1062020458491263,1,0.0661764705882353,0.0,0.06544165054803353,0.0,0.14207576192458712,0.0,0.0,0.046199064135306965
Aweil Centre,2005-01-31,train,0.0,0,0.0661764705882353,0.0,0.7527675276752768,0.1062020458491263,0.1339383282437294,0.0,0.0,0.037140446988460994
Aweil Centre,2005-02-07,train,0.0,0,0.00819672131147541,0.0,0.06544165054803353,0.0,0.06314624893022547,0.0,0.0,0.26589735688291183
Aweil Centre,2005-02-14,train,0.0,0,0.00819672131147541,0.0,0.06544165054803353,0.0,0.04933539007971685,0.0,0.0,0.05194285967705812
Aweil Centre,2005-02-21,train,0.0,0,0.00819672131147541,0.0,0.06544165054803353,0.0,0.028811543370291244,0.0,0.0,0.0020085161418667424
Aweil Centre,2005-02-28,train,0.0,0,0.00819672131147541,0.0,0.06544165054803353,0.0,0.028717260628677084,0.0,0.0,0.0020085161418667424
Aweil Centre,2005-03-07,train,0.0,0,0.05223880597014925,0.0,0.06544165054803353,0.0,0.03052896052517115,0.0,0.0,0.0020085161418667424
Aweil Centre,2005-03-14,train,0.0,0,0.05223880597014925,0.0,0.06544165054803353,0.0,0.04030927031813295,0.0,0.0,0.003241532891060522
Aweil Centre,2005-03-21,train,0.0,0,0.05223880597014925,0.0,0.06544165054803353,0.0,0.03525214883250663,0.0,0.0,0.0023869804356233077
Aweil Centre,2005-03-28,train,0.0,0,0.05223880597014925,0.0,0.06544165054803353,0.0,0.038937780660997276,0.0,0.0,0.002228739504043103
Aweil Centre,2005-04-04,train,0.0,0,0.03787878787878788,0.0,0.06544165054803353,0.0,0.04181518509824353,0.0,0.0,0.003732230586083035
Aweil Centre,2005-04-11,train,0.0,0,0.03787878787878788,0.0,0.06544165054803353,0.0,0.0430239148413356,0.0,0.0,0.003732230586083035
Aweil Centre,2005-04-18,train,0.0,0,0.03787878787878788,0.0,0.06544165054803353,0.0,0.0348922744440254,0.0,0.0,0.0020085161418667424
Aweil Centre,2005-04-25,train,0.0,0,0.03787878787878788,0.0,0.06544165054803353,0.0,0.03739878162393101,0.0,0.0,0.0020085161418667424
Aweil Centre,2005-05-02,train,0.0,0,0.007462686567164179,0.0,0.06544165054803353,0.0,0.03344535248368571,0.0,0.0,0.0028630685973039557
Aweil Centre,2005-05-09,train,0.0,0,0.007462686567164179,0.0,0.06544165054803353,0.0,0.03079524854618618,0.0,0.0,0.0020085161418667424
Aweil Centre,2005-05-16,train,0.0,0,0.007462686567164179,0.0,0.06544165054803353,0.0,0.029185684658808032,0.0,0.0,0.0020085161418667424
Aweil Centre,2005-05-23,train,0.0,0,0.007462686567164179,0.0,0.06544165054803353,0.0,0.029185684658808032,0.0,0.0,0.0020085161418667424
Aweil Centre,2005-05-30,train,0.0,0,0.007462686567164179,0.0,0.06544165054803353,0.0,0.029185684658808032,0.0,0.0,0.0020085161418667424
Aweil Centre,2005-06-06,train,0.0,0,0.038461538461538464,0.0,0.06544165054803353,0.0,0.029185684658808032,0.0,0.0,0.0020085161418667424
Aweil Centre,2005-06-13,train,0.0,0,0.038461538461538464,0.0,0.06544165054803353,0.0,0.03152342339477588,0.0,0.0,0.0020085161418667424
Aweil Centre,2005-06-20,train,0.0,0,0.038461538461538464,0.0,0.06544165054803353,0.0,0.029891746738681883,0.0,0.0,0.0020085161418667424
Aweil Centre,2005-06-27,train,0.0,0,0.038461538461538464,0.0,0.06544165054803353,0.0,0.03153712491632262,0.0,0.0,0.0020085570311265313
Aweil Centre,2005-07-04,train,0.0,0,0.007352941176470588,0.0,0.06544165054803353,0.0,0.03148281550260057,0.0,0.0,0.0020085570311265313
Aweil Centre,2005-07-11,train,0.0,0,0.007352941176470588,0.0,0.06544165054803353,0.0,0.04530251012825688,0.0,0.0,0.005441395337193918
Aweil Centre,2005-07-18,train,0.0,0,0.007352941176470588,0.0,0.06544165054803353,0.0,0.031050380393492217,0.0,0.0,0.0021475853604348257
Aweil Centre,2005-07-25,train,0.0,0,0.007352941176470588,0.0,0.06544165054803353,0.0,0.032651159850057364,0.0,0.0,0.0019527078433314714
Aweil Centre,2005-08-01,train,0.0,0,0.3106060606060606,0.0,0.06544165054803353,0.0,0.038130747889344056,0.0,0.0,0.02420240264987529
Aweil Centre,2005-08-08,train,0.0,0,0.3106060606060606,0.0,0.06544165054803353,0.0,0.06270395668846769,0.0,0.0,0.11015775272534316
Aweil Centre,2005-08-15,train,0.0,0,0.3106060606060606,0.0,0.06544165054803353,0.0,0.36369431023313964,0.0,0.01411307296140266,0.4915900203329201
Aweil Centre,2005-08-22,train,0.0,0,0.3106060606060606,0.0,0.06544165054803353,0.0,0.328674062737316,0.0,0.007379568529544405,1.755138339602858
Aweil Centre,2005-08-29,train,2.65350056886083,1,0.3106060606060606,0.0,0.06544165054803353,0.0,0.21128945742506614,0.0,0.0033723568469625704,2.201830222050918
Aweil Centre,2005-09-05,train,0.9022636278284288,1,0.5681818181818182,0.1591004865320547,0.7527675276752768,2.65350056886083,0.8019474597891878,0.0,0.8041620995212855,8.209705607135772
Aweil Centre,2005-09-12,train,0.0,0,0.5681818181818182,0.1591004865320547,0.7527675276752768,0.9022636278284288,0.7153352642344329,0.0,0.16623907308223737,4.47463473278687
Aweil Centre,2005-09-19,train,0.4775133512511372,1,0.5681818181818182,0.1591004865320547,0.06544165054803353,0.0,0.6525978296706658,0.0,0.1672094029206124,5.185037516256937
Aweil Centre,2005-09-26,train,6.842293767748819,1,0.5681818181818182,0.1591004865320547,0.7527675276752768,0.4775133512511372,0.8725864170224856,0.0015924790129594006,0.9724916671084957,17.251253485091436
Aweil Centre,2005-10-03,train,0.7426901049483984,1,0.6838235294117647,0.3714698106708368,0.7527675276752768,6.842293767748819,0.8971285620372049,0.04963844111232155,3.2677309600915705,17.914329533683567
Aweil Centre,2005-10-10,train,0.2123390379131235,1,0.6838235294117647,0.3714698106708368,0.7527675276752768,0.7426901049483984,0.756946437457349,0.0,0.26845010663738383,7.8500147485960845
Aweil Centre,2005-10-17,train,0.0,0,0.6838235294117647,0.3714698106708368,0.7527675276752768,0.2123390379131235,0.714609669804033,0.0,0.1521149624403459,5.043701127258644
Aweil Centre,2005-10-24,train,0.0,0,0.6838235294117647,0.3714698106708368,0.06544165054803353,0.0,0.48033693202158173,0.0,0.03681388367487845,1.6016871508133823
Aweil Centre,2005-10-31,train,0.2123938421167264,1,0.6838235294117647,0.3714698106708368,0.06544165054803353,0.0,0.5779010426415261,0.0,0.00271755391795313,0.8913395916371272
Aweil Centre,2005-11-07,train,0.1593092672881643,1,0.5546875,0.1061869858513083,0.7527675276752768,0.2123938421167264,0.6319239680375526,0.0,0.061352292661059356,0.5382504336382345
Aweil Centre,2005-11-14,train,0.0530865461496293,1,0.5546875,0.1061869858513083,0.7527675276752768,0.1593092672881643,0.5060784316893148,0.0,0.05109654952320899,0.4085154337632151
Aweil Centre,2005-11-21,train,0.4779106056748943,1,0.5546875,0.1061869858513083,0.7527675276752768,0.0530865461496293,0.537221146033523,0.0,0.04968944356231113,0.9446456925961887
Aweil Centre,2005-11-28,train,0.1062076803751262,1,0.5546875,0.1061869858513083,0.7527675276752768,0.4779106056748943,0.6207105351679248,0.0,0.05721327228505487,0.1884264849268302
Aweil Centre,2005-12-05,train,0.0,0,0.2246376811594203,0.0,0.7527675276752768,0.1062076803751262,0.3825973290976792,0.0,0.016358165466844935,0.464628103231684
Aweil Centre,2005-12-12,train,0.0,0,0.2246376811594203,0.0,0.06544165054803353,0.0,0.1672848269622301,0.0,0.0,0.9239246511472866
Aweil Centre,2005-12-19,train,0.0,0,0.2246376811594203,0.0,0.06544165054803353,0.0,0.11347143724458912,0.0,0.0,0.10759144588960025
Aweil Centre,2005-12-26,train,0.0,0,0.2246376811594203,0.0,0.06544165054803353,0.0,0.06606814091346837,0.0,0.0,0.018185738997522988
Aweil Centre,2006-01-02,train,0.0,0,0.0661764705882353,0.0,0.06544165054803353,0.0,0.05338677046163288,0.0,0.0,0.0029274544904030553
Aweil Centre,2006-01-09,train,0.0,0,0.0661764705882353,0.0,0.06544165054803353,0.0,0.053411598592400994,0.0,0.0,0.003074287261907049
Aweil Centre,2006-01-16,train,0.0,0,0.0661764705882353,0.0,0.06544165054803353,0.0,0.059832317078962825,0.0,0.0,0.004825814666997133
Aweil Centre,2006-01-23,train,0.0,0,0.0661764705882353,0.0,0.06544165054803353,0.0,0.07339091170670438,0.0,0.0,0.02059787668313729
Aweil Centre,2006-01-30,train,0.0,0,0.0661764705882353,0.0,0.06544165054803353,0.0,0.035190680595665144,0.0,0.0,0.00206519721534011
Aweil Centre,2006-02-06,train,0.0,0,0.00819672131147541,0.0,0.06544165054803353,0.0,0.029649226597614636,0.0,0.0,0.0020085161418667424
Aweil Centre,2006-02-13,train,0.0,0,0.00819672131147541,0.0,0.06544165054803353,0.0,0.029107538799643395,0.0,0.0,0.0020085161418667424
Aweil Centre,2006-02-20,train,0.0,0,0.00819672131147541,0.0,0.06544165054803353,0.0,0.029107538799643395,0.0,0.0,0.0020085161418667424
Aweil Centre,2006-02-27,train,0.0,0,0.00819672131147541,0.0,0.06544165054803353,0.0,0.029107538799643395,0.0,0.0,0.0020085161418667424
Aweil Centre,2006-03-06,train,0.0,0,0.05223880597014925,0.0,0.06544165054803353,0.0,0.030943075970481276,0.0,0.0,0.0034795892477863808
Aweil Centre,2006-03-13,train,0.0,0,0.05223880597014925,0.0,0.06544165054803353,0.0,0.041995733835424105,0.0,0.0,0.003233502418675555
Aweil Centre,2006-03-20,train,0.0,0,0.05223880597014925,0.0,0.06544165054803353,0.0,0.03572797167418244,0.0,0.0,0.0023789499632383406
Aweil Centre,2006-03-27,train,0.0,0,0.05223880597014925,0.0,0.06544165054803353,0.0,0.03953572531747727,0.0,0.0,0.001978562448996788
Aweil Centre,2006-04-03,train,0.0,0,0.03787878787878788,0.0,0.06544165054803353,0.0,0.042375702761244055,0.0,0.0,0.003724200113698068
Aweil Centre,2006-04-10,train,0.0,0,0.03787878787878788,0.0,0.06544165054803353,0.0,0.0451185064946044,0.0,0.0,0.003724200113698068
Aweil Centre,2006-04-17,train,0.0,0,0.03787878787878788,0.0,0.06544165054803353,0.0,0.03678113795332694,0.0,0.0,0.0020085161418667424
Aweil Centre,2006-04-24,train,0.0,0,0.03787878787878788,0.0,0.06544165054803353,0.0,0.037097799212791105,0.0,0.0,0.0020085161418667424
Aweil Centre,2006-05-01,train,0.0,0,0.007462686567164179,0.0,0.06544165054803353,0.0,0.03395412766331798,0.0,0.0,0.0038564020208389387
Aweil Centre,2006-05-08,train,0.0,0,0.007462686567164179,0.0,0.06544165054803353,0.0,0.031212859807454873,0.0,0.0,0.0020085161418667424
Aweil Centre,2006-05-15,train,0.0,0,0.007462686567164179,0.0,0.06544165054803353,0.0,0.02958213499574385,0.0,0.0,0.0020085161418667424
Aweil Centre,2006-05-22,train,0.0,0,0.007462686567164179,0.0,0.06544165054803353,0.0,0.02958213499574385,0.0,0.0,0.0020085161418667424
Aweil Centre,2006-05-29,train,0.0,0,0.007462686567164179,0.0,0.06544165054803353,0.0,0.02958213499574385,0.0,0.0,0.0020085161418667424
Aweil Centre,2006-06-05,train,0.0,0,0.038461538461538464,0.0,0.06544165054803353,0.0,0.02958213499574385,0.0,0.0,0.0020085161418667424
Aweil Centre,2006-06-12,train,0.0,0,0.038461538461538464,0.0,0.06544165054803353,0.0,0.031950583834456536,0.0,0.0,0.0020085161418667424
Aweil Centre,2006-06-19,train,0.0,0,0.038461538461538464,0.0,0.06544165054803353,0.0,0.030297488711690523,0.0,0.0,0.0020085161418667424
Aweil Centre,2006-06-26,train,0.0,0,0.038461538461538464,0.0,0.06544165054803353,0.0,0.037905325260822104,0.0,0.0,0.010416487938378469
Aweil Centre,2006-07-03,train,0.0,0,0.007352941176470588,0.0,0.06544165054803353,0.0,0.03357147523504731,0.0,0.0,0.0020085161201398964
Aweil Centre,2006-07-10,train,0.0,0,0.007352941176470588,0.0,0.06544165054803353,0.0,0.05425866003175733,0.0,0.0,0.00984929237877921
Aweil Centre,2006-07-17,train,0.0,0,0.007352941176470588,0.0,0.06544165054803353,0.0,0.03311133195690128,0.0,0.0,0.0035793963137343153
Aweil Centre,2006-07-24,train,0.0,0,0.007352941176470588,0.0,0.06544165054803353,0.0,0.03309307959283239,0.0,0.0,0.008189527804097242
Aweil Centre,2006-07-31,train,0.0,0,0.007352941176470588,0.0,0.06544165054803353,0.0,0.03436628420532569,0.0,0.0,0.001970849807772075
Aweil Centre,2006-08-07,train,0.0,0,0.3106060606060606,0.0,0.06544165054803353,0.0,0.06424292105305332,0.0,0.0,0.20717581077251904
Aweil Centre,2006-08-14,train,0.0530628869810714,1,0.3106060606060606,0.0,0.06544165054803353,0.0,0.44175085235692035,0.0,0.015703205711973436,0.519976662047836
Aweil Centre,2006-08-21,train,0.5838483018386635,1,0.3106060606060606,0.0,0.7527675276752768,0.0530628869810714,0.6679046956584457,0.0,0.16067780191835832,2.4807315328622703
Aweil Centre,2006-08-28,train,1.5918968046961175,1,0.3106060606060606,0.0,0.7527675276752768,0.5838483018386635,0.6204562168906811,0.0,0.12747069906832353,2.0723551605105284
Aweil Centre,2006-09-04,train,7.427807209281044,1,0.5681818181818182,0.1591004865320547,0.7527675276752768,1.5918968046961175,0.7012124962665982,0.0,0.36312523665232943,7.362562991063423
Aweil Centre,2006-09-11,train,1.6971036978744116,1,0.5681818181818182,0.1591004865320547,0.7527675276752768,7.427807209281044,0.8658261270988575,0.04963844111232155,2.680769076310662,13.34624977977469
Aweil Centre,2006-09-18,train,0.0530220056197339,1,0.5681818181818182,0.1591004865320547,0.7527675276752768,1.6971036978744116,0.8488486906901435,0.0,0.5038825728995153,9.476888230952136
Aweil Centre,2006-09-25,train,0.6364735631955751,1,0.5681818181818182,0.1591004865320547,0.7527675276752768,0.0530220056197339,0.8278826773251444,0.0015924790129594006,0.48703589036386546,14.44860153715919
Aweil Centre,2006-10-02,train,18.619415904571326,1,0.6838235294117647,0.3714698106708368,0.7527675276752768,0.6364735631955751,0.8651523594910173,0.0015924790129594006,0.9141836462296974,19.38066973568291
Aweil Centre,2006-10-09,train,1.2728963550481407,1,0.6838235294117647,0.3714698106708368,0.7527675276752768,18.619415904571326,0.8985470817178761,0.04963844111232155,7.008254975300883,37.849755131700675
Aweil Centre,2006-10-16,train,1.3258359629087302,1,0.6838235294117647,0.3714698106708368,0.7527675276752768,1.2728963550481407,0.7906482768602922,0.0,0.13874407594644547,1.8419971185234547
Aweil Centre,2006-10-23,train,0.1591135931623518,1,0.6838235294117647,0.3714698106708368,0.7527675276752768,1.3258359629087302,0.8021369742332743,0.0,0.22378369057191771,5.759779689457784
Aweil Centre,2006-10-30,train,0.7961234765460092,1,0.6838235294117647,0.3714698106708368,0.7527675276752768,0.1591135931623518,0.8399124433474234,0.0015924790129594006,0.2367111164363496,2.040074297937677
Aweil Centre,2006-11-06,train,2.5462970935896267,1,0.5546875,0.1061869858513083,0.7527675276752768,0.7961234765460092,0.6796270852370967,0.0015924790129594006,0.31783489041064555,2.5926121792459695
Aweil Centre,2006-11-13,train,3.500666341245138,1,0.5546875,0.1061869858513083,0.7527675276752768,2.5462970935896267,0.8061843579667457,0.0019077954898751414,0.4374564849089302,4.866117502162646
Aweil Centre,2006-11-20,train,11.782469722206118,1,0.5546875,0.1061869858513083,0.7527675276752768,3.500666341245138,0.7837471555996453,0.0019077954898751414,0.7146214929124093,11.889593169882843
Aweil Centre,2006-11-27,train,2.123435147417742,1,0.5546875,0.1061869858513083,0.7527675276752768,11.782469722206118,0.9052638591983652,0.04963844111232155,2.232112726332551,4.042570842939068
Aweil Centre,2006-12-04,train,0.6900338796777045,1,0.2246376811594203,0.0,0.7527675276752768,2.123435147417742,0.7773820183782758,0.0019077954898751414,0.35759526987008705,1.7767521685677212
Aweil Centre,2006-12-11,train,0.0,0,0.2246376811594203,0.0,0.7527675276752768,0.6900338796777045,0.6551712094338857,0.0015924790129594006,0.19829634678396577,0.7424340518872885
Aweil Centre,2006-12-18,train,0.0,0,0.2246376811594203,0.0,0.06544165054803353,0.0,0.33489450896713,0.0,0.0,1.0232024766258818
Aweil Centre,2006-12-25,train,0.0,0,0.2246376811594203,0.0,0.06544165054803353,0.0,0.14856619992959996,0.0,0.0,0.10547379955532277
Aweil Centre,2007-01-01,train,0.0,0,0.0661764705882353,0.0,0.06544165054803353,0.0,0.054255394933872304,0.0,0.0,0.0025960910063033073
Aweil Centre,2007-01-08,train,0.0,0,0.0661764705882353,0.0,0.06544165054803353,0.0,0.051724051658202,0.0,0.0,0.0032517658230452624
Aweil Centre,2007-01-15,train,0.0,0,0.0661764705882353,0.0,0.06544165054803353,0.0,0.054057532004312354,0.0,0.0,0.00297399793549889
Aweil Centre,2007-01-22,train,0.0,0,0.0661764705882353,0.0,0.06544165054803353,0.0,0.06497340336320286,0.0,0.0,0.016049771027435617
Aweil Centre,2007-01-29,train,0.0,0,0.0661764705882353,0.0,0.06544165054803353,0.0,0.05146627903775983,0.0,0.0,0.007023605514603086
Aweil Centre,2007-02-05,train,0.0,0,0.00819672131147541,0.0,0.06544165054803353,0.0,0.029649226597614636,0.0,0.0,0.0020085161418667424
Aweil Centre,2007-02-12,train,0.0,0,0.00819672131147541,0.0,0.06544165054803353,0.0,0.029107538799643395,0.0,0.0,0.0020085161418667424
Aweil Centre,2007-02-19,train,0.0,0,0.00819672131147541,0.0,0.06544165054803353,0.0,0.029107538799643395,0.0,0.0,0.0020085161418667424
Aweil Centre,2007-02-26,train,0.0,0,0.00819672131147541,0.0,0.06544165054803353,0.0,0.029107538799643395,0.0,0.0,0.0020085161418667424
Aweil Centre,2007-03-05,train,0.0,0,0.05223880597014925,0.0,0.06544165054803353,0.0,0.030481316044475418,0.0,0.0,0.0020085161418667424
Aweil Centre,2007-03-12,train,0.0,0,0.05223880597014925,0.0,0.06544165054803353,0.0,0.044996488778365394,0.0,0.0,0.005949856657228764
Aweil Centre,2007-03-19,train,0.0,0,0.05223880597014925,0.0,0.06544165054803353,0.0,0.03572797167418244,0.0,0.0,0.004796191783154604
Aweil Centre,2007-03-26,train,0.0,0,0.05223880597014925,0.0,0.06544165054803353,0.0,0.03953572531747727,0.0,0.0,0.004395804268750434
Aweil Centre,2007-04-02,train,0.0,0,0.03787878787878788,0.0,0.06544165054803353,0.0,0.04436552431947255,0.0,0.0,0.006141441933614326
Aweil Centre,2007-04-09,train,0.2124464840608084,1,0.03787878787878788,0.0,0.06544165054803353,0.0,0.04867582999378968,0.0,0.0,0.006922785238395435
Aweil Centre,2007-04-16,train,0.0,0,0.03787878787878788,0.0,0.7527675276752768,0.2124464840608084,0.11833879707301735,0.0,0.0,0.07646560189290191
Aweil Centre,2007-04-23,train,0.0,0,0.03787878787878788,0.0,0.06544165054803353,0.0,0.09849633504670764,0.0,0.0,0.175299416007216
Aweil Centre,2007-04-30,train,0.0,0,0.03787878787878788,0.0,0.06544165054803353,0.0,0.07289713465326325,0.0,0.0,0.15289934647536063
Aweil Centre,2007-05-07,train,0.0,0,0.007462686567164179,0.0,0.06544165054803353,0.0,0.04172322979227565,0.0,0.0,0.022025079611827907
Aweil Centre,2007-05-14,train,0.0,0,0.007462686567164179,0.0,0.06544165054803353,0.0,0.02958213499574385,0.0,0.0,0.0025973693736480565
Aweil Centre,2007-05-21,train,0.0,0,0.007462686567164179,0.0,0.06544165054803353,0.0,0.02958213499574385,0.0,0.0,0.0020085161418667424
Aweil Centre,2007-05-28,train,0.0,0,0.007462686567164179,0.0,0.06544165054803353,0.0,0.02958213499574385,0.0,0.0,0.0020085161418667424
Aweil Centre,2007-06-04,train,0.0,0,0.038461538461538464,0.0,0.06544165054803353,0.0,0.02958213499574385,0.0,0.0,0.0020085161418667424
Aweil Centre,2007-06-11,train,0.0,0,0.038461538461538464,0.0,0.06544165054803353,0.0,0.031950583834456536,0.0,0.0,0.0020085161418667424
Aweil Centre,2007-06-18,train,0.0,0,0.038461538461538464,0.0,0.06544165054803353,0.0,0.030297488711690523,0.0,0.0,0.0020085161418667424
Aweil Centre,2007-06-25,train,0.0,0,0.038461538461538464,0.0,0.06544165054803353,0.0,0.037905325260822104,0.0,0.0,0.010374227481714264
Aweil Centre,2007-07-02,train,0.0,0,0.007352941176470588,0.0,0.06544165054803353,0.0,0.03362926258377998,0.0,0.0,0.0020085161201398964
Aweil Centre,2007-07-09,train,0.0,0,0.007352941176470588,0.0,0.06544165054803353,0.0,0.03291608613904481,0.0,0.0,0.0020085161201398964
Aweil Centre,2007-07-16,train,0.0,0,0.007352941176470588,0.0,0.06544165054803353,0.0,0.03311133195690128,0.0,0.0,0.0035793963137343153
Aweil Centre,2007-07-23,train,0.0,0,0.007352941176470588,0.0,0.06544165054803353,0.0,0.040960007825198076,0.0,0.0,0.0222079189462781
Aweil Centre,2007-07-30,train,0.0,0,0.007352941176470588,0.0,0.06544165054803353,0.0,0.03436628420532569,0.0,0.0,0.0019721517099272473
Aweil Centre,2007-08-06,train,0.0,0,0.3106060606060606,0.0,0.06544165054803353,0.0,0.06424292105305332,0.0,0.0,0.21973705903896507
Aweil Centre,2007-08-13,train,0.0,0,0.3106060606060606,0.0,0.06544165054803353,0.0,0.1363760079164087,0.0,0.0,0.6405156965003855
Aweil Centre,2007-08-20,train,6.20908315716776,1,0.3106060606060606,0.0,0.06544165054803353,0.0,0.49082076415648984,0.0,0.01411307296140266,4.070635689305383
Aweil Centre,2007-08-27,train,0.3183892580685269,1,0.3106060606060606,0.0,0.7527675276752768,6.20908315716776,0.8811548228297102,0.04963844111232155,1.9843046435098328,11.84093179929241
Aweil Centre,2007-09-03,train,3.714659978796036,1,0.5681818181818182,0.1591004865320547,0.7527675276752768,0.3183892580685269,0.5187785282438514,0.0,0.11984164848454795,10.012616464051916
Aweil Centre,2007-09-10,train,0.1061524346841036,1,0.5681818181818182,0.1591004865320547,0.7527675276752768,3.714659978796036,0.824629384049735,0.0,0.6547994756038918,11.189744259911668
Aweil Centre,2007-09-17,train,23.5036349381893,1,0.5681818181818182,0.1591004865320547,0.7527675276752768,0.1061524346841036,0.8598344040444255,0.0015924790129594006,0.5361264214866506,23.50804458626175
Aweil Centre,2007-09-24,train,20.051297433411204,1,0.5681818181818182,0.1591004865320547,0.7527675276752768,23.5036349381893,0.9089412378421423,0.04963844111232155,9.568479264310817,39.09492644591855
Aweil Centre,2007-10-01,train,8.382625547061062,1,0.6838235294117647,0.3714698106708368,0.7527675276752768,20.051297433411204,0.9043528817211034,0.04963844111232155,8.75756656094661,40.06434818472846
Aweil Centre,2007-10-08,train,8.859978299713106,1,0.6838235294117647,0.3714698106708368,0.7527675276752768,8.382625547061062,0.9020356371878668,0.04963844111232155,3.6560465907525463,26.1179918527614
Aweil Centre,2007-10-15,train,3.3949489177883057,1,0.6838235294117647,0.3714698106708368,0.7527675276752768,8.859978299713106,0.9043447378155767,0.04963844111232155,4.203403118586951,22.154822280758626
Aweil Centre,2007-10-22,train,3.6077652694008777,1,0.6838235294117647,0.3714698106708368,0.7527675276752768,3.3949489177883057,0.8479298099899595,0.04963844111232155,1.6656184821802968,22.872529531432196
Aweil Centre,2007-10-29,train,9.23344124322236,1,0.6838235294117647,0.3714698106708368,0.7527675276752768,3.6077652694008777,0.8106306564206021,0.0019077954898751414,0.5844997096271823,11.029330947314447
Aweil Centre,2007-11-05,train,0.7424626348558034,1,0.5546875,0.1061869858513083,0.7527675276752768,9.23344124322236,0.8997726875861244,0.04963844111232155,2.9197226968835746,9.946182566242724
Aweil Centre,2007-11-12,train,3.662353632446409,1,0.5546875,0.1061869858513083,0.7527675276752768,0.7424626348558034,0.7887446003620424,0.0015924790129594006,0.354240315880281,3.7423992191234414
Aweil Centre,2007-11-19,train,0.0,0,0.5546875,0.1061869858513083,0.7527675276752768,3.662353632446409,0.6693036374445025,0.0019077954898751414,0.5241335161546643,8.30158809467618
Aweil Centre,2007-11-26,train,1.3802018250895194,1,0.5546875,0.1061869858513083,0.06544165054803353,0.0,0.7845950909976002,0.0,0.1832979184897683,2.6586206382921804
Aweil Centre,2007-12-03,train,0.6370225471388786,1,0.2246376811594203,0.0,0.7527675276752768,1.3802018250895194,0.6904946344802001,0.0015924790129594006,0.14553847752435126,1.320642800362044
Aweil Centre,2007-12-10,train,0.7431936382826063,1,0.2246376811594203,0.0,0.7527675276752768,0.6370225471388786,0.7117321245040148,0.0015924790129594006,0.19688357897490222,0.8500759332175069
Aweil Centre,2007-12-17,train,0.159256494154231,1,0.2246376811594203,0.0,0.7527675276752768,0.7431936382826063,0.613057747744757,0.0,0.1008322907591416,1.5627840866678708
Aweil Centre,2007-12-24,train,0.2123401819742266,1,0.2246376811594203,0.0,0.7527675276752768,0.159256494154231,0.717508109612026,0.0015924790129594006,0.1411802154728439,0.28432655467858137
Aweil Centre,2007-12-31,train,0.0,0,0.2246376811594203,0.0,0.7527675276752768,0.2123401819742266,0.5096193046643447,0.0,0.03114300631260926,0.222761741680575
Aweil Centre,2008-01-07,train,0.0,0,0.0661764705882353,0.0,0.06544165054803353,0.0,0.21513019696873611,0.0,0.0,0.039483037511455626
Aweil Centre,2008-01-14,train,0.0,0,0.0661764705882353,0.0,0.06544165054803353,0.0,0.059846554175624,0.0,0.0,0.003821583904376757
Aweil Centre,2008-01-21,train,0.0,0,0.0661764705882353,0.0,0.06544165054803353,0.0,0.06240180666453599,0.0,0.0,0.01075183929886057
Aweil Centre,2008-01-28,train,0.0,0,0.0661764705882353,0.0,0.06544165054803353,0.0,0.06476746612548871,0.0,0.0,0.016229640240269887
Aweil Centre,2008-02-04,train,0.0,0,0.00819672131147541,0.0,0.06544165054803353,0.0,0.031722062744210903,0.0,0.0,0.002008163419609488
Aweil Centre,2008-02-11,train,0.0,0,0.00819672131147541,0.0,0.06544165054803353,0.0,0.029418492414011226,0.0,0.0,0.0020085161418667424
Aweil Centre,2008-02-18,train,0.0,0,0.00819672131147541,0.0,0.06544165054803353,0.0,0.029418492414011226,0.0,0.0,0.0020085161418667424
Aweil Centre,2008-02-25,train,0.0,0,0.00819672131147541,0.0,0.06544165054803353,0.0,0.029418492414011226,0.0,0.0,0.0020085161418667424
Aweil Centre,2008-03-03,train,0.0,0,0.05223880597014925,0.0,0.06544165054803353,0.0,0.030806479947181237,0.0,0.0,0.0020085161418667424
Aweil Centre,2008-03-10,train,0.0,0,0.05223880597014925,0.0,0.06544165054803353,0.0,0.09977790637242516,0.0,0.0,0.062153886733843006
Aweil Centre,2008-03-17,train,0.0,0,0.05223880597014925,0.0,0.06544165054803353,0.0,0.03637515086511543,0.0,0.0,0.004796191783154604
Aweil Centre,2008-03-24,train,0.0,0,0.05223880597014925,0.0,0.06544165054803353,0.0,0.03637515086511543,0.0,0.0,0.004664292158234098
Aweil Centre,2008-03-31,train,0.0,0,0.05223880597014925,0.0,0.06544165054803353,0.0,0.04539757268183956,0.0,0.0,0.007817889031549407
Aweil Centre,2008-04-07,train,0.0,0,0.03787878787878788,0.0,0.06544165054803353,0.0,0.04641295078550473,0.0,0.0,0.006922785238395435
Aweil Centre,2008-04-14,train,0.1061213990893917,1,0.03787878787878788,0.0,0.06544165054803353,0.0,0.04438310649976848,0.0,0.0,0.006541829448018496
Aweil Centre,2008-04-21,train,0.0,0,0.03787878787878788,0.0,0.7527675276752768,0.1061213990893917,0.09943896385012022,0.0,0.0,0.012350448285133226
Aweil Centre,2008-04-28,train,0.0,0,0.03787878787878788,0.0,0.06544165054803353,0.0,0.06871053330000229,0.0,0.0,0.22992647580667006
Aweil Centre,2008-05-05,train,0.0,0,0.007462686567164179,0.0,0.06544165054803353,0.0,0.07832979265911713,0.0,0.0,0.10610405030292397
Aweil Centre,2008-05-12,train,0.0,0,0.007462686567164179,0.0,0.06544165054803353,0.0,0.030220215087764898,0.0,0.0,0.0025973693736480565
Aweil Centre,2008-05-19,train,0.0,0,0.007462686567164179,0.0,0.06544165054803353,0.0,0.030121465587333973,0.0,0.0,0.0020085161418667424
Aweil Centre,2008-05-26,train,0.0,0,0.007462686567164179,0.0,0.06544165054803353,0.0,0.030121465587333973,0.0,0.0,0.0020085161418667424
Aweil Centre,2008-06-02,train,0.0,0,0.038461538461538464,0.0,0.06544165054803353,0.0,0.030121465587333973,0.0,0.0,0.0020085161418667424
Aweil Centre,2008-06-09,train,0.0,0,0.038461538461538464,0.0,0.06544165054803353,0.0,0.03253164755225838,0.0,0.0,0.003982254143493994
Aweil Centre,2008-06-16,train,0.0,0,0.038461538461538464,0.0,0.06544165054803353,0.0,0.03084944676338061,0.0,0.0,0.003982254143493994
Aweil Centre,2008-06-23,train,0.1061693758735449,1,0.038461538461538464,0.0,0.06544165054803353,0.0,0.03819762753293559,0.0,0.0,0.01824555064076364
Aweil Centre,2008-06-30,train,0.0,0,0.038461538461538464,0.0,0.7527675276752768,0.1061693758735449,0.17021535177655617,0.0,0.005399004104868552,0.05158114133068013
Aweil Centre,2008-07-07,train,0.0,0,0.007352941176470588,0.0,0.06544165054803353,0.0,0.07171812952808257,0.0,0.0,0.4603782835038799
Aweil Centre,2008-07-14,train,0.0,0,0.007352941176470588,0.0,0.06544165054803353,0.0,0.0496023587222078,0.0,0.0,0.038659749819514894
Aweil Centre,2008-07-21,train,0.0,0,0.007352941176470588,0.0,0.06544165054803353,0.0,0.06829598929580341,0.0,0.0,0.05257835676139311
Aweil Centre,2008-07-28,train,0.0,0,0.007352941176470588,0.0,0.06544165054803353,0.0,0.03749710307303606,0.0,0.0,0.01990907031527312
Aweil Centre,2008-08-04,train,0.2654247270289928,1,0.3106060606060606,0.0,0.06544165054803353,0.0,0.11595606353946722,0.0,0.0,0.25983255837632513
Aweil Centre,2008-08-11,train,1.3260256361735894,1,0.3106060606060606,0.0,0.7527675276752768,0.2654247270289928,0.6559724798912987,0.0,0.21278542037387335,1.6935489515489708
Aweil Centre,2008-08-18,train,0.2121463952466598,1,0.3106060606060606,0.0,0.7527675276752768,1.3260256361735894,0.7955990006770863,0.0,0.22649447015535737,4.77094112977601
Aweil Centre,2008-08-25,train,5.94109452942382,1,0.3106060606060606,0.0,0.7527675276752768,0.2121463952466598,0.7290365886261668,0.0,0.20307368787696103,10.107584204353017
Aweil Centre,2008-09-01,train,12.417459712252064,1,0.5681818181818182,0.1591004865320547,0.7527675276752768,5.94109452942382,0.8395240626305197,0.04963844111232155,2.3631519265423395,16.049009112758053
Aweil Centre,2008-09-08,train,17.881951778135416,1,0.5681818181818182,0.1591004865320547,0.7527675276752768,12.417459712252064,0.9070637378931987,0.04963844111232155,8.301967836633565,31.61206108331842
Aweil Centre,2008-09-15,train,5.996531569478823,1,0.5681818181818182,0.1591004865320547,0.7527675276752768,17.881951778135416,0.9076666295857521,0.04963844111232155,7.189392789792071,30.754667974791428
Aweil Centre,2008-09-22,train,22.978311770192256,1,0.5681818181818182,0.1591004865320547,0.7527675276752768,5.996531569478823,0.8864263006754325,0.04963844111232155,3.613841864784416,40.88642938073366
Aweil Centre,2008-09-29,train,9.976148429958094,1,0.5681818181818182,0.1591004865320547,0.7527675276752768,22.978311770192256,0.911849636364811,0.04963844111232155,10.6233019177148,61.06825448440547
Aweil Centre,2008-10-06,train,9.498814940241866,1,0.6838235294117647,0.3714698106708368,0.7527675276752768,9.976148429958094,0.9082815341928515,0.04963844111232155,4.184505759514385,35.41127052404568
Aweil Centre,2008-10-13,train,22.7156610630248,1,0.6838235294117647,0.3714698106708368,0.7527675276752768,9.498814940241866,0.9089988124092429,0.04963844111232155,5.001676370454648,33.54469080367127
Aweil Centre,2008-10-20,train,50.19893429579248,1,0.6838235294117647,0.3714698106708368,0.7527675276752768,22.7156610630248,0.9119359960904678,0.04963844111232155,8.3640024894676,50.19736007830663
Aweil Centre,2008-10-27,train,40.2721543775796,1,0.6838235294117647,0.3714698106708368,0.7527675276752768,50.19893429579248,0.9106425843957672,0.04963844111232155,22.883830606441176,62.256469818073434
Aweil Centre,2008-11-03,train,24.51498918200661,1,0.5546875,0.1061869858513083,0.7527675276752768,40.2721543775796,0.9106425843957672,0.04963844111232155,18.324914315291657,48.3579944291491
Aweil Centre,2008-11-10,train,10.98426646123847,1,0.5546875,0.1061869858513083,0.7527675276752768,24.51498918200661,0.9106425843957672,0.04963844111232155,9.245730951060716,45.17564399784901
Aweil Centre,2008-11-17,train,5.785606447700821,1,0.5546875,0.1061869858513083,0.7527675276752768,10.98426646123847,0.9076666295857521,0.04963844111232155,6.433410373999795,25.267446779789974
Aweil Centre,2008-11-24,train,3.291263282735327,1,0.5546875,0.1061869858513083,0.7527675276752768,5.785606447700821,0.8767307340954392,0.04963844111232155,2.490366769764573,8.743563762633087
Aweil Centre,2008-12-01,train,2.6542855709477733,1,0.2246376811594203,0.0,0.7527675276752768,3.291263282735327,0.8757634207393402,0.04963844111232155,1.3591830753684195,3.8903095220096833
Aweil Centre,2008-12-08,train,2.335770870597748,1,0.2246376811594203,0.0,0.7527675276752768,2.6542855709477733,0.8172734436765445,0.04963844111232155,1.2451071471790935,3.2247815774571698
Aweil Centre,2008-12-15,train,1.8049091274321187,1,0.2246376811594203,0.0,0.7527675276752768,2.335770870597748,0.8293713797990319,0.04963844111232155,1.2451071471790935,3.6210000245409164
Aweil Centre,2008-12-22,train,0.0,0,0.2246376811594203,0.0,0.7527675276752768,1.8049091274321187,0.7554555006619929,0.0019077954898751414,0.40268119495885285,2.845587685094447
Aweil Centre,2008-12-29,train,0.0,0,0.2246376811594203,0.0,0.06544165054803353,0.0,0.23790138380424555,0.0,0.0,0.989956666976956
Aweil Centre,2009-01-05,train,0.0,0,0.0661764705882353,0.0,0.06544165054803353,0.0,0.06535017121132994,0.0,0.0,0.02091633154609464
Aweil Centre,2009-01-12,train,0.0,0,0.0661764705882353,0.0,0.06544165054803353,0.0,0.05765066224918396,0.0,0.0,0.0036430276656792123
Aweil Centre,2009-01-19,train,0.0,0,0.0661764705882353,0.0,0.06544165054803353,0.0,0.077214052919379,0.0,0.0,0.019066583312278472
Aweil Centre,2009-01-26,train,0.0,0,0.0661764705882353,0.0,0.06544165054803353,0.0,0.11528302818566215,0.0,0.0,0.03144760820492939
Aweil Centre,2009-02-02,train,0.0,0,0.00819672131147541,0.0,0.06544165054803353,0.0,0.03556423949167614,0.0,0.0,0.002008163419609488
Aweil Centre,2009-02-09,train,0.0,0,0.00819672131147541,0.0,0.06544165054803353,0.0,0.029965788416306077,0.0,0.0,0.0020085161418667424
Aweil Centre,2009-02-16,train,0.0,0,0.00819672131147541,0.0,0.06544165054803353,0.0,0.029418492414011226,0.0,0.0,0.0020085161418667424
Aweil Centre,2009-02-23,train,0.0,0,0.00819672131147541,0.0,0.06544165054803353,0.0,0.029418492414011226,0.0,0.0,0.0020085161418667424
Aweil Centre,2009-03-02,train,0.0,0,0.05223880597014925,0.0,0.06544165054803353,0.0,0.02969075231448817,0.0,0.0,0.0020085161418667424
Aweil Centre,2009-03-09,train,0.0,0,0.05223880597014925,0.0,0.06544165054803353,0.0,0.06744717472951675,0.0,0.0,0.04741652388568042
Aweil Centre,2009-03-16,train,0.0,0,0.05223880597014925,0.0,0.06544165054803353,0.0,0.036473616624175684,0.0,0.0,0.004796191783154604
Aweil Centre,2009-03-23,train,0.0,0,0.05223880597014925,0.0,0.06544165054803353,0.0,0.03637515086511543,0.0,0.0,0.004796191783154604
Aweil Centre,2009-03-30,train,0.0,0,0.05223880597014925,0.0,0.06544165054803353,0.0,0.04105559422269736,0.0,0.0,0.006663940726580236
Aweil Centre,2009-04-06,train,0.0,0,0.03787878787878788,0.0,0.06544165054803353,0.0,0.04641295078550473,0.0,0.0,0.006141441933614326
Aweil Centre,2009-04-13,train,0.0,0,0.03787878787878788,0.0,0.06544165054803353,0.0,0.04438310649976848,0.0,0.0,0.006141441933614326
Aweil Centre,2009-04-20,train,0.0,0,0.03787878787878788,0.0,0.06544165054803353,0.0,0.03600424006458884,0.0,0.0,0.002389291907698297
Aweil Centre,2009-04-27,train,0.0,0,0.03787878787878788,0.0,0.06544165054803353,0.0,0.03839126054079712,0.0,0.0,0.0028630685973039557
Aweil Centre,2009-05-04,train,0.0,0,0.007462686567164179,0.0,0.06544165054803353,0.0,0.04720427790739573,0.0,0.0,0.04024740809883286
Aweil Centre,2009-05-11,train,0.0,0,0.007462686567164179,0.0,0.06544165054803353,0.0,0.0338239774207836,0.0,0.0,0.0023076285605036877
Aweil Centre,2009-05-18,train,0.0,0,0.007462686567164179,0.0,0.06544165054803353,0.0,0.030121465587333973,0.0,0.0,0.0020085161418667424
Aweil Centre,2009-05-25,train,0.0,0,0.007462686567164179,0.0,0.06544165054803353,0.0,0.030121465587333973,0.0,0.0,0.0020085161418667424
Aweil Centre,2009-06-01,train,0.0,0,0.038461538461538464,0.0,0.06544165054803353,0.0,0.030121465587333973,0.0,0.0,0.0020085161418667424
Aweil Centre,2009-06-08,train,0.0,0,0.038461538461538464,0.0,0.06544165054803353,0.0,0.030121465587333973,0.0,0.0,0.0020085161418667424
Aweil Centre,2009-06-15,train,0.0,0,0.038461538461538464,0.0,0.06544165054803353,0.0,0.03076986267681369,0.0,0.0,0.0020085161418667424
Aweil Centre,2009-06-22,train,0.0,0,0.038461538461538464,0.0,0.06544165054803353,0.0,0.03084944676338061,0.0,0.0,0.0020085161418667424
Aweil Centre,2009-06-29,train,0.0,0,0.038461538461538464,0.0,0.06544165054803353,0.0,0.034265839383766594,0.0,0.0,0.0035544613642199277
Aweil Centre,2009-07-06,train,0.0,0,0.007352941176470588,0.0,0.06544165054803353,0.0,0.03420699688390709,0.0,0.0,0.0035544613642199277
Aweil Centre,2009-07-13,train,0.0,0,0.007352941176470588,0.0,0.06544165054803353,0.0,0.04533696097677503,0.0,0.0,0.011487913896916353
Aweil Centre,2009-07-20,train,0.0,0,0.007352941176470588,0.0,0.06544165054803353,0.0,0.04633095530293081,0.0,0.0,0.014221886485769294
Aweil Centre,2009-07-27,train,0.0,0,0.007352941176470588,0.0,0.06544165054803353,0.0,0.035365252930740186,0.0,0.0,0.013623984385732615
Aweil Centre,2009-08-03,train,0.0,0,0.3106060606060606,0.0,0.06544165054803353,0.0,0.037298611459478694,0.0,0.0,0.07583160578204956
Aweil Centre,2009-08-10,train,0.0,0,0.3106060606060606,0.0,0.06544165054803353,0.0,0.06736269683610417,0.0,0.0,0.2102519540839169
Aweil Centre,2009-08-17,train,1.1676136514925533,1,0.3106060606060606,0.0,0.06544165054803353,0.0,0.48917638666991065,0.0,0.015703205711973436,1.1657204040182207
Aweil Centre,2009-08-24,train,4.191850167434439,1,0.3106060606060606,0.0,0.7527675276752768,1.1676136514925533,0.7662851421944263,0.0,0.22649447015535737,4.123251804434662
Aweil Centre,2009-08-31,train,2.439918604696841,1,0.3106060606060606,0.0,0.7527675276752768,4.191850167434439,0.800829359825627,0.0,0.873815223869038,8.114231495028775
Aweil Centre,2009-09-07,train,1.0081951459812797,1,0.5681818181818182,0.1591004865320547,0.7527675276752768,2.439918604696841,0.7804756648665419,0.0,0.548328519504335,5.005703033045235
Aweil Centre,2009-09-14,train,0.3714313153785182,1,0.5681818181818182,0.1591004865320547,0.7527675276752768,1.0081951459812797,0.8864706775289031,0.0015924790129594006,0.5647671470127683,5.897876933665637
Aweil Centre,2009-09-21,train,1.0079809975524303,1,0.5681818181818182,0.1591004865320547,0.7527675276752768,0.3714313153785182,0.8561822681809359,0.0015924790129594006,0.5348990152467537,11.883963281709798
Aweil Centre,2009-09-28,train,3.4477867197868743,1,0.5681818181818182,0.1591004865320547,0.7527675276752768,1.0079809975524303,0.8803637939178816,0.0015924790129594006,0.9735783321652501,14.361284262017831
Aweil Centre,2009-10-05,train,0.0,0,0.6838235294117647,0.3714698106708368,0.7527675276752768,3.4477867197868743,0.7951015861915282,0.0,1.1859768073044663,13.093110924953265
Aweil Centre,2009-10-12,train,0.8487578049668966,1,0.6838235294117647,0.3714698106708368,0.06544165054803353,0.0,0.7229458519384747,0.0,0.2376326680797389,9.280374366297366
Aweil Centre,2009-10-19,train,0.0530718868189548,1,0.6838235294117647,0.3714698106708368,0.7527675276752768,0.8487578049668966,0.8046424146810134,0.0015924790129594006,0.17379038930864196,3.8273193998786716
Aweil Centre,2009-10-26,train,0.0530933815313373,1,0.6838235294117647,0.3714698106708368,0.7527675276752768,0.0530718868189548,0.7973640681721691,0.0015924790129594006,0.17724311638685317,0.957328568976846
Aweil Centre,2009-11-02,train,0.0,0,0.5546875,0.1061869858513083,0.7527675276752768,0.0530933815313373,0.37459635725782736,0.0,0.02433730478019735,0.08867122779622336
Aweil Centre,2009-11-09,train,0.0,0,0.5546875,0.1061869858513083,0.06544165054803353,0.0,0.3396067066673848,0.0,0.004805703411633154,0.46808260377617267
Aweil Centre,2009-11-16,train,0.0,0,0.5546875,0.1061869858513083,0.06544165054803353,0.0,0.3690593244477847,0.0,0.00634892397225835,0.04189914286806141
Aweil Centre,2009-11-23,train,0.0,0,0.5546875,0.1061869858513083,0.06544165054803353,0.0,0.45351462387564195,0.0,0.015498678757059481,0.547533128373322
Aweil Centre,2009-11-30,train,0.0,0,0.5546875,0.1061869858513083,0.06544165054803353,0.0,0.0595337279658605,0.0,0.0,0.04473024833612598
Aweil Centre,2009-12-07,train,0.0,0,0.2246376811594203,0.0,0.06544165054803353,0.0,0.03396665832170882,0.0,0.0,0.03180234505003411
Aweil Centre,2009-12-14,train,0.0,0,0.2246376811594203,0.0,0.06544165054803353,0.0,0.03197763027914252,0.0,0.0,0.02340485899162222
Aweil Centre,2009-12-21,train,0.0,0,0.2246376811594203,0.0,0.06544165054803353,0.0,0.1576954058550356,0.0,0.0,0.04600756447604991
Aweil Centre,2009-12-28,train,0.0,0,0.2246376811594203,0.0,0.06544165054803353,0.0,0.042375149903585964,0.0,0.0,0.0017984105337408548
Aweil Centre,2010-01-04,train,0.0,0,0.0661764705882353,0.0,0.06544165054803353,0.0,0.049496094750823935,0.0,0.0,0.003559789463714728
Aweil Centre,2010-01-11,train,0.0,0,0.0661764705882353,0.0,0.06544165054803353,0.0,0.05208809381610829,0.0,0.0,0.003956395147832911
Aweil Centre,2010-01-18,train,0.0,0,0.0661764705882353,0.0,0.06544165054803353,0.0,0.059707236884607905,0.0,0.0,0.005927043743163017
Aweil Centre,2010-01-25,train,0.1061972455990391,1,0.0661764705882353,0.0,0.06544165054803353,0.0,0.13501608812076424,0.0,0.0,0.04098279008523086
Aweil Centre,2010-02-01,train,0.0,0,0.00819672131147541,0.0,0.7527675276752768,0.1061972455990391,0.13335951009243852,0.0,0.0,0.04073026556993037
Aweil Centre,2010-02-08,train,0.0,0,0.00819672131147541,0.0,0.06544165054803353,0.0,0.06654948505884645,0.0,0.0,0.23579983789980702
Aweil Centre,2010-02-15,train,0.0,0,0.00819672131147541,0.0,0.06544165054803353,0.0,0.04937154074321662,0.0,0.0,0.04367371502467254
Aweil Centre,2010-02-22,train,0.0,0,0.00819672131147541,0.0,0.06544165054803353,0.0,0.029515007436927428,0.0,0.0,0.0020085161418667424
Aweil Centre,2010-03-01,train,0.0,0,0.05223880597014925,0.0,0.06544165054803353,0.0,0.02969075231448817,0.0,0.0,0.0020085161418667424
Aweil Centre,2010-03-08,train,0.0,0,0.05223880597014925,0.0,0.06544165054803353,0.0,0.06744717472951675,0.0,0.0,0.04741652388568042
Aweil Centre,2010-03-15,train,0.0,0,0.05223880597014925,0.0,0.06544165054803353,0.0,0.03605359178342992,0.0,0.0,0.004796191783154604
Aweil Centre,2010-03-22,train,0.0,0,0.05223880597014925,0.0,0.06544165054803353,0.0,0.03595621762691749,0.0,0.0,0.004796191783154604
Aweil Centre,2010-03-29,train,0.0,0,0.05223880597014925,0.0,0.06544165054803353,0.0,0.040585026546226435,0.0,0.0,0.0046379508515744
Aweil Centre,2010-04-05,train,0.0,0,0.03787878787878788,0.0,0.06544165054803353,0.0,0.04588391669984298,0.0,0.0,0.006141441933614326
Aweil Centre,2010-04-12,train,0.0,0,0.03787878787878788,0.0,0.06544165054803353,0.0,0.04387614484947667,0.0,0.0,0.006141441933614326
Aweil Centre,2010-04-19,train,0.0,0,0.03787878787878788,0.0,0.06544165054803353,0.0,0.035589420843187225,0.0,0.0,0.0020085161418667424
Aweil Centre,2010-04-26,train,0.0,0,0.03787878787878788,0.0,0.06544165054803353,0.0,0.04206732795428901,0.0,0.0,0.0028630685973039557
Aweil Centre,2010-05-03,train,0.0,0,0.007462686567164179,0.0,0.06544165054803353,0.0,0.03411461132438929,0.0,0.0,0.0028630685973039557
Aweil Centre,2010-05-10,train,0.0,0,0.007462686567164179,0.0,0.06544165054803353,0.0,0.031413200916416334,0.0,0.0,0.0020085161418667424
Aweil Centre,2010-05-17,train,0.0,0,0.007462686567164179,0.0,0.06544165054803353,0.0,0.029772330889425484,0.0,0.0,0.0020085161418667424
Aweil Centre,2010-05-24,train,0.0,0,0.007462686567164179,0.0,0.06544165054803353,0.0,0.029772330889425484,0.0,0.0,0.0020085161418667424
Aweil Centre,2010-05-31,train,0.0,0,0.007462686567164179,0.0,0.06544165054803353,0.0,0.029772330889425484,0.0,0.0,0.0020085161418667424
Aweil Centre,2010-06-07,train,0.0,0,0.038461538461538464,0.0,0.06544165054803353,0.0,0.029772330889425484,0.0,0.0,0.0020085161418667424
Aweil Centre,2010-06-14,train,0.0,0,0.038461538461538464,0.0,0.06544165054803353,0.0,0.03215550289186643,0.0,0.0,0.0020085161418667424
Aweil Centre,2010-06-21,train,0.0,0,0.038461538461538464,0.0,0.06544165054803353,0.0,0.030492139395128886,0.0,0.0,0.0020085161418667424
Aweil Centre,2010-06-28,train,0.0,0,0.038461538461538464,0.0,0.06544165054803353,0.0,0.03125198141752204,0.0,0.0,0.0020085161418667424
Aweil Centre,2010-07-05,train,0.0,0,0.007352941176470588,0.0,0.06544165054803353,0.0,0.03119814722497825,0.0,0.0,0.0020085161418667424
Aweil Centre,2010-07-12,train,0.0,0,0.007352941176470588,0.0,0.06544165054803353,0.0,0.04056006431030475,0.0,0.0,0.0020085132425244094
Aweil Centre,2010-07-19,train,0.0,0,0.007352941176470588,0.0,0.06544165054803353,0.0,0.031068607530431724,0.0,0.0,0.0021926667329115034
Aweil Centre,2010-07-26,train,0.0,0,0.007352941176470588,0.0,0.06544165054803353,0.0,0.03324097232179379,0.0,0.0,0.004280879527175497
Aweil Centre,2010-08-02,train,0.0,0,0.3106060606060606,0.0,0.06544165054803353,0.0,0.035795422140393385,0.0,0.0,0.06590055342211595
Aweil Centre,2010-08-09,train,0.0,0,0.3106060606060606,0.0,0.06544165054803353,0.0,0.06661154947496266,0.0,0.0,0.12873739160436298
Aweil Centre,2010-08-16,train,0.6899776675231574,1,0.3106060606060606,0.0,0.06544165054803353,0.0,0.4939084356750261,0.0,0.015703205711973436,0.7323522406552904
Aweil Centre,2010-08-23,train,0.2122737035945542,1,0.3106060606060606,0.0,0.7527675276752768,0.6899776675231574,0.7664601026408107,0.0,0.2114795999778476,2.2242950212575545
Aweil Centre,2010-08-30,train,0.5838452063106061,1,0.3106060606060606,0.0,0.7527675276752768,0.2122737035945542,0.5771912754529349,0.0,0.12175920210282544,2.754396678360182
Aweil Centre,2010-09-06,train,0.1061842059202115,1,0.5681818181818182,0.1591004865320547,0.7527675276752768,0.5838452063106061,0.6777437088276755,0.0,0.13740331667318023,2.9144047078848585
Aweil Centre,2010-09-13,train,0.6366769070622471,1,0.5681818181818182,0.1591004865320547,0.7527675276752768,0.1061842059202115,0.8289773575267271,0.0015924790129594006,0.34805551061488343,5.1077505553043645
Aweil Centre,2010-09-20,train,4.508893660145168,1,0.5681818181818182,0.1591004865320547,0.7527675276752768,0.6366769070622471,0.8703504780052017,0.0,0.43042565275645,6.782843589134888
Aweil Centre,2010-09-27,train,93.65147934660487,1,0.5681818181818182,0.1591004865320547,0.7527675276752768,4.508893660145168,0.8522958980038593,0.0,2.2311046740569656,32.1079600574564
Aweil Centre,2010-10-04,train,77.50902861652641,1,0.6838235294117647,0.3714698106708368,0.7527675276752768,93.65147934660487,0.9123342560528477,0.04963844111232155,24.317707874704425,165.40314365912417
Aweil Centre,2010-10-11,train,21.006882879154837,1,0.6838235294117647,0.3714698106708368,0.7527675276752768,77.50902861652641,0.9114163060533884,0.04963844111232155,25.475916057081545,195.34715251472144
Aweil Centre,2010-10-18,train,3.0228160986501185,1,0.6838235294117647,0.3714698106708368,0.7527675276752768,21.006882879154837,0.9121114411786265,0.04963844111232155,7.663387738234944,124.25520439461017
Aweil Centre,2010-10-25,train,0.7425036172598911,1,0.6838235294117647,0.3714698106708368,0.7527675276752768,3.0228160986501185,0.8368727354713416,0.0,0.8341401648891218,38.75091849428303
Aweil Centre,2010-11-01,train,0.7957036629105587,1,0.5546875,0.1061869858513083,0.7527675276752768,0.7425036172598911,0.8392402562081093,0.0015924790129594006,0.4107477950878623,7.997770653926603
Aweil Centre,2010-11-08,train,0.6362974989400543,1,0.5546875,0.1061869858513083,0.7527675276752768,0.7957036629105587,0.7511798528380665,0.0015924790129594006,0.3572202630446092,0.9835985841525264
Aweil Centre,2010-11-15,train,0.8484331758988978,1,0.5546875,0.1061869858513083,0.7527675276752768,0.6362974989400543,0.7760470987957799,0.0015924790129594006,0.35556510145962833,2.181373619523983
Aweil Centre,2010-11-22,train,0.0,0,0.5546875,0.1061869858513083,0.7527675276752768,0.8484331758988978,0.6016787497910884,0.0015924790129594006,0.22260403323542508,2.8191500441632185
Aweil Centre,2010-11-29,train,0.0530825402499146,1,0.5546875,0.1061869858513083,0.06544165054803353,0.0,0.47603149446548265,0.0,0.056484052008180095,0.2412551095210677
Aweil Centre,2010-12-06,train,0.0,0,0.2246376811594203,0.0,0.7527675276752768,0.0530825402499146,0.29249345213342487,0.0,0.02452715330221485,0.04506347590866411
Aweil Centre,2010-12-13,train,0.0,0,0.2246376811594203,0.0,0.06544165054803353,0.0,0.03328442528914731,0.0,0.0,0.10210258080337102
Aweil Centre,2010-12-20,train,0.0,0,0.2246376811594203,0.0,0.06544165054803353,0.0,0.11146561324447211,0.0,0.0,0.05611775838543842
Aweil Centre,2010-12-27,train,0.0,0,0.2246376811594203,0.0,0.06544165054803353,0.0,0.03880656603622103,0.0,0.0,0.0023077464902010562
Aweil Centre,2011-01-03,train,0.0,0,0.0661764705882353,0.0,0.06544165054803353,0.0,0.05326872600543548,0.0,0.0,0.0054375894476323865
Aweil Centre,2011-01-10,train,0.0,0,0.0661764705882353,0.0,0.06544165054803353,0.0,0.053293502328979246,0.0,0.0,0.005838185425383426
Aweil Centre,2011-01-17,train,0.0,0,0.0661764705882353,0.0,0.06544165054803353,0.0,0.059700919593130265,0.0,0.0,0.0034401147022237494
Aweil Centre,2011-01-24,train,0.0,0,0.0661764705882353,0.0,0.06544165054803353,0.0,0.12420923932482064,0.0,0.0,0.036188927152872155
Aweil Centre,2011-01-31,train,0.0,0,0.0661764705882353,0.0,0.06544165054803353,0.0,0.03556423949167614,0.0,0.0,0.00206519721534011
Aweil Centre,2011-02-07,train,0.0,0,0.00819672131147541,0.0,0.06544165054803353,0.0,0.029965788416306077,0.0,0.0,0.0020085161418667424
Aweil Centre,2011-02-14,train,0.0,0,0.00819672131147541,0.0,0.06544165054803353,0.0,0.029418492414011226,0.0,0.0,0.0020085161418667424
Aweil Centre,2011-02-21,train,0.0,0,0.00819672131147541,0.0,0.06544165054803353,0.0,0.029418492414011226,0.0,0.0,0.0020085161418667424
Aweil Centre,2011-02-28,train,0.0,0,0.00819672131147541,0.0,0.06544165054803353,0.0,0.029418492414011226,0.0,0.0,0.0020085161418667424
Aweil Centre,2011-03-07,train,0.0,0,0.05223880597014925,0.0,0.06544165054803353,0.0,0.031273006874181004,0.0,0.0,0.003737624338061468
Aweil Centre,2011-03-14,train,0.0,0,0.05223880597014925,0.0,0.06544165054803353,0.0,0.040631701248031504,0.0,0.0,0.005650744238591819
Aweil Centre,2011-03-21,train,0.0,0,0.05223880597014925,0.0,0.06544165054803353,0.0,0.0355356260626563,0.0,0.0,0.004796191783154604
Aweil Centre,2011-03-28,train,0.0,0,0.05223880597014925,0.0,0.06544165054803353,0.0,0.037138685203811424,0.0,0.0,0.0046379508515744
Aweil Centre,2011-04-04,train,0.0,0,0.03787878787878788,0.0,0.06544165054803353,0.0,0.04149064900117702,0.0,0.0,0.006141441933614326
Aweil Centre,2011-04-11,train,0.0,0,0.03787878787878788,0.0,0.06544165054803353,0.0,0.04269041551300251,0.0,0.0,0.006141441933614326
Aweil Centre,2011-04-18,train,0.0,0,0.03787878787878788,0.0,0.06544165054803353,0.0,0.034619527168616056,0.0,0.0,0.0020085161418667424
Aweil Centre,2011-04-25,train,0.0,0,0.03787878787878788,0.0,0.06544165054803353,0.0,0.03566815557350649,0.0,0.0,0.0020085161418667424
Aweil Centre,2011-05-02,train,0.0,0,0.007462686567164179,0.0,0.06544165054803353,0.0,0.03371480825941434,0.0,0.0,0.0028630685973039557
Aweil Centre,2011-05-09,train,0.0,0,0.007462686567164179,0.0,0.06544165054803353,0.0,0.031413200916416334,0.0,0.0,0.0020085161418667424
Aweil Centre,2011-05-16,train,0.0,0,0.007462686567164179,0.0,0.06544165054803353,0.0,0.029772330889425484,0.0,0.0,0.0020085161418667424
Aweil Centre,2011-05-23,train,0.0,0,0.007462686567164179,0.0,0.06544165054803353,0.0,0.029772330889425484,0.0,0.0,0.0020085161418667424
Aweil Centre,2011-05-30,train,0.0,0,0.007462686567164179,0.0,0.06544165054803353,0.0,0.029772330889425484,0.0,0.0,0.0020085161418667424
Aweil Centre,2011-06-06,train,0.0,0,0.038461538461538464,0.0,0.06544165054803353,0.0,0.029772330889425484,0.0,0.0,0.0020085161418667424
Aweil Centre,2011-06-13,train,0.0,0,0.038461538461538464,0.0,0.06544165054803353,0.0,0.03215550289186643,0.0,0.0,0.0020085161418667424
Aweil Centre,2011-06-20,train,0.0,0,0.038461538461538464,0.0,0.06544165054803353,0.0,0.030492139395128886,0.0,0.0,0.0020085161418667424
Aweil Centre,2011-06-27,train,0.0,0,0.038461538461538464,0.0,0.06544165054803353,0.0,0.03125198141752204,0.0,0.0,0.0020085161418667424
Aweil Centre,2011-07-04,train,0.0,0,0.007352941176470588,0.0,0.06544165054803353,0.0,0.03119814722497825,0.0,0.0,0.0020085161418667424
Aweil Centre,2011-07-11,train,0.0,0,0.007352941176470588,0.0,0.06544165054803353,0.0,0.04400047536502288,0.0,0.0,0.005302325828687364
Aweil Centre,2011-07-18,train,0.0,0,0.007352941176470588,0.0,0.06544165054803353,0.0,0.030145030702696574,0.0,0.0,0.00200851585192827
Aweil Centre,2011-07-25,train,0.0,0,0.007352941176470588,0.0,0.06544165054803353,0.0,0.033477381268790345,0.0,0.0,0.003016680027628118
Aweil Centre,2011-08-01,train,0.0,0,0.3106060606060606,0.0,0.06544165054803353,0.0,0.035795422140393385,0.0,0.0,0.02518492399989704
Aweil Centre,2011-08-08,train,0.0,0,0.3106060606060606,0.0,0.06544165054803353,0.0,0.06395983050445062,0.0,0.0,0.0990170500759452
Aweil Centre,2011-08-15,train,0.0,0,0.3106060606060606,0.0,0.06544165054803353,0.0,0.3599465882303541,0.0,0.015703205711973436,0.49943223727474656
Aweil Centre,2011-08-22,train,0.0,0,0.3106060606060606,0.0,0.06544165054803353,0.0,0.2690584318204906,0.0,0.007379568529544405,1.0157901851769229
Aweil Centre,2011-08-29,train,0.0,0,0.3106060606060606,0.0,0.06544165054803353,0.0,0.1579512759995399,0.0,0.0033723568469625704,0.7469701069582863
Aweil Centre,2011-09-05,train,0.0,0,0.5681818181818182,0.1591004865320547,0.06544165054803353,0.0,0.15197996091724944,0.0,0.002088504815856776,0.048469378145732926
Aweil Centre,2011-09-12,train,0.0,0,0.5681818181818182,0.1591004865320547,0.06544165054803353,0.0,0.2024670422717116,0.0,0.002088504815856776,0.1380289117227484
Aweil Centre,2011-09-19,train,0.0,0,0.5681818181818182,0.1591004865320547,0.06544165054803353,0.0,0.27474294981038655,0.0,0.002088504815856776,1.0315133288384177
Aweil Centre,2011-09-26,train,0.0,0,0.5681818181818182,0.1591004865320547,0.06544165054803353,0.0,0.21131162567547493,0.0,0.002088504815856776,4.752012167050376
Aweil Centre,2011-10-03,train,0.0,0,0.6838235294117647,0.3714698106708368,0.06544165054803353,0.0,0.1967439597043703,0.0,0.00367863756642755,0.9309075502037922
Aweil Centre,2011-10-10,train,0.0,0,0.6838235294117647,0.3714698106708368,0.06544165054803353,0.0,0.16620130786298282,0.0,0.002088504815856776,2.82914438557763
Aweil Centre,2011-10-17,train,0.0,0,0.6838235294117647,0.3714698106708368,0.06544165054803353,0.0,0.2834175903679221,0.0,0.0034741106115135974,0.6350515309724744
Aweil Centre,2011-10-24,train,0.0,0,0.6838235294117647,0.3714698106708368,0.06544165054803353,0.0,0.28163197715503796,0.0,0.0034741106115135974,0.01760561766957272
Aweil Centre,2011-10-31,train,0.1592885727643464,1,0.6838235294117647,0.3714698106708368,0.06544165054803353,0.0,0.4803616585721694,0.0,0.0034741106115135974,0.2880100026690659
Aweil Centre,2011-11-07,train,0.1061869858513083,1,0.5546875,0.1061869858513083,0.7527675276752768,0.1592885727643464,0.3484015145427085,0.0,0.035222061767364594,0.20218987454753284
Aweil Centre,2011-11-14,train,0.0,0,0.5546875,0.1061869858513083,0.7527675276752768,0.1061869858513083,0.458914899757938,0.0,0.04438393302400564,0.19907510101060252
Aweil Centre,2011-11-21,train,0.4777216290380781,1,0.5546875,0.1061869858513083,0.06544165054803353,0.0,0.6207231940040687,0.0,0.058064497467804205,0.8847708427692967
Aweil Centre,2011-11-28,train,0.0,0,0.5546875,0.1061869858513083,0.7527675276752768,0.4777216290380781,0.5424066292225825,0.0,0.026295096682499988,0.11695132998730381
Aweil Centre,2011-12-05,train,0.0,0,0.2246376811594203,0.0,0.06544165054803353,0.0,0.12620196145504758,0.0,0.0,0.5035809898205555
Aweil Centre,2011-12-12,train,0.0,0,0.2246376811594203,0.0,0.06544165054803353,0.0,0.0559545688307334,0.0,0.0,0.1140509826003904
Aweil Centre,2011-12-19,train,0.0,0,0.2246376811594203,0.0,0.06544165054803353,0.0,0.0877262519918945,0.0,0.0,0.05256362174586159
Aweil Centre,2011-12-26,train,0.0,0,0.2246376811594203,0.0,0.06544165054803353,0.0,0.07012066020133526,0.0,0.0,0.015638719969156025
Aweil Centre,2012-01-02,train,0.0,0,0.0661764705882353,0.0,0.06544165054803353,0.0,0.0683439558678075,0.0,0.0,0.010028687769867213
Aweil Centre,2012-01-09,train,0.0,0,0.0661764705882353,0.0,0.06544165054803353,0.0,0.06837523756674946,0.0,0.0,0.00951005572780571
Aweil Centre,2012-01-16,train,0.0,0,0.0661764705882353,0.0,0.06544165054803353,0.0,0.07402737455515865,0.0,0.0,0.007921973900845154
Aweil Centre,2012-01-23,train,0.0,0,0.0661764705882353,0.0,0.06544165054803353,0.0,0.07752280543219148,0.0,0.0,0.019500819612249535
Aweil Centre,2012-01-30,train,0.0,0,0.0661764705882353,0.0,0.06544165054803353,0.0,0.03556423949167614,0.0,0.0,0.002318686454018547
Aweil Centre,2012-02-06,train,0.0,0,0.00819672131147541,0.0,0.06544165054803353,0.0,0.029965788416306077,0.0,0.0,0.0022620053805451797
Aweil Centre,2012-02-13,train,0.0,0,0.00819672131147541,0.0,0.06544165054803353,0.0,0.029418492414011226,0.0,0.0,0.0022620053805451797
Aweil Centre,2012-02-20,train,0.0,0,0.00819672131147541,0.0,0.06544165054803353,0.0,0.029418492414011226,0.0,0.0,0.0022620053805451797
Aweil Centre,2012-02-27,train,0.0,0,0.00819672131147541,0.0,0.06544165054803353,0.0,0.029418492414011226,0.0,0.0,0.0022620053805451797
Aweil Centre,2012-03-05,train,0.0,0,0.05223880597014925,0.0,0.06544165054803353,0.0,0.031273006874181004,0.0,0.0,0.003991113576739908
Aweil Centre,2012-03-12,train,0.0,0,0.05223880597014925,0.0,0.06544165054803353,0.0,0.04177110672671228,0.0,0.0,0.005904233477270256
Aweil Centre,2012-03-19,train,0.0,0,0.05223880597014925,0.0,0.06544165054803353,0.0,0.0355356260626563,0.0,0.0,0.005049681021833042
Aweil Centre,2012-03-26,train,0.0,0,0.05223880597014925,0.0,0.06544165054803353,0.0,0.037208884362866866,0.0,0.0,0.004649293507591494
Aweil Centre,2012-04-02,train,0.0,0,0.03787878787878788,0.0,0.06544165054803353,0.0,0.04149064900117702,0.0,0.0,0.006133602060253141
Aweil Centre,2012-04-09,train,0.0,0,0.03787878787878788,0.0,0.06544165054803353,0.0,0.04417880968257826,0.0,0.0,0.006133602060253141
Aweil Centre,2012-04-16,train,0.0,0,0.03787878787878788,0.0,0.06544165054803353,0.0,0.036008537901911636,0.0,0.0,0.0020085161418667424
Aweil Centre,2012-04-23,train,0.0,0,0.03787878787878788,0.0,0.06544165054803353,0.0,0.03490922526617805,0.0,0.0,0.0020085161418667424
Aweil Centre,2012-04-30,train,0.0,0,0.03787878787878788,0.0,0.06544165054803353,0.0,0.033770997291495845,0.0,0.0,0.0038564020208389387
Aweil Centre,2012-05-07,train,0.0,0,0.007462686567164179,0.0,0.06544165054803353,0.0,0.031413200916416334,0.0,0.0,0.0020085161418667424
Aweil Centre,2012-05-14,train,0.0,0,0.007462686567164179,0.0,0.06544165054803353,0.0,0.029772330889425484,0.0,0.0,0.0020085161418667424
Aweil Centre,2012-05-21,train,0.0,0,0.007462686567164179,0.0,0.06544165054803353,0.0,0.029772330889425484,0.0,0.0,0.0020085161418667424
Aweil Centre,2012-05-28,train,0.0,0,0.007462686567164179,0.0,0.06544165054803353,0.0,0.029772330889425484,0.0,0.0,0.0020085161418667424
Aweil Centre,2012-06-04,train,0.0,0,0.038461538461538464,0.0,0.06544165054803353,0.0,0.029772330889425484,0.0,0.0,0.0020085161418667424
Aweil Centre,2012-06-11,train,0.0,0,0.038461538461538464,0.0,0.06544165054803353,0.0,0.03215550289186643,0.0,0.0,0.0020085161418667424
Aweil Centre,2012-06-18,train,0.0,0,0.038461538461538464,0.0,0.06544165054803353,0.0,0.030492139395128886,0.0,0.0,0.0020085161418667424
Aweil Centre,2012-06-25,train,0.0,0,0.038461538461538464,0.0,0.06544165054803353,0.0,0.03521001206913519,0.0,0.0,0.007650293947183766
Aweil Centre,2012-07-02,train,0.0,0,0.007352941176470588,0.0,0.06544165054803353,0.0,0.03119814722497825,0.0,0.0,0.0020085161418667424
Aweil Centre,2012-07-09,train,0.0,0,0.007352941176470588,0.0,0.06544165054803353,0.0,0.04949483993874141,0.0,0.0,0.008278411916973158
Aweil Centre,2012-07-16,train,0.0,0,0.007352941176470588,0.0,0.06544165054803353,0.0,0.030145030702696574,0.0,0.0,0.00200851585192827
Aweil Centre,2012-07-23,train,0.0,0,0.007352941176470588,0.0,0.06544165054803353,0.0,0.033477381268790345,0.0,0.0,0.0038372939198938207
Aweil Centre,2012-07-30,train,0.0,0,0.007352941176470588,0.0,0.06544165054803353,0.0,0.03393723408115279,0.0,0.0,0.0017329315094378626
Aweil Centre,2012-08-06,train,0.0,0,0.3106060606060606,0.0,0.06544165054803353,0.0,0.06528459156297205,0.0,0.0,0.11251815816235579
Aweil Centre,2012-08-13,train,0.0,0,0.3106060606060606,0.0,0.06544165054803353,0.0,0.4363478712699437,0.0,0.015703205711973436,0.5317071843854054
Aweil Centre,2012-08-20,train,0.4773746280440779,1,0.3106060606060606,0.0,0.06544165054803353,0.0,0.3933158368716737,0.0,0.01290508745187708,1.22676400819637
Aweil Centre,2012-08-27,train,0.0,0,0.3106060606060606,0.0,0.7527675276752768,0.4773746280440779,0.5159732841231738,0.0,0.12596082265607048,0.9842263396051998
Aweil Centre,2012-09-03,train,0.0,0,0.5681818181818182,0.1591004865320547,0.06544165054803353,0.0,0.2444683065062663,0.0,0.05961855455965047,2.0619270975173674
Aweil Centre,2012-09-10,train,0.6895421173010753,1,0.5681818181818182,0.1591004865320547,0.06544165054803353,0.0,0.5241531427870615,0.0,0.09355854932276318,0.6856007542536584
Aweil Centre,2012-09-17,train,0.7427473058883783,1,0.5681818181818182,0.1591004865320547,0.7527675276752768,0.6895421173010753,0.8807762854006925,0.0,0.46688253302026145,6.735286180874634
Aweil Centre,2012-09-24,train,0.6366856075005886,1,0.5681818181818182,0.1591004865320547,0.7527675276752768,0.7427473058883783,0.8268169048502296,0.0,0.7123369505004145,7.381248992164143
Aweil Centre,2012-10-01,train,0.6364126749256409,1,0.6838235294117647,0.3714698106708368,0.7527675276752768,0.6366856075005886,0.8196466688697022,0.0,0.37391248810750805,4.462709022869448
Aweil Centre,2012-10-08,train,1.27287349955226,1,0.6838235294117647,0.3714698106708368,0.7527675276752768,0.6364126749256409,0.8345131485233866,0.0015924790129594006,0.479832649248154,4.147023205384576
Aweil Centre,2012-10-15,train,0.636542471690623,1,0.6838235294117647,0.3714698106708368,0.7527675276752768,1.27287349955226,0.807963228608747,0.0015924790129594006,0.21877043021774012,1.757097750944512
Aweil Centre,2012-10-22,train,0.1062037377329917,1,0.6838235294117647,0.3714698106708368,0.7527675276752768,0.636542471690623,0.8380793828722656,0.0,0.15312432164941145,3.5068598690355945
Aweil Centre,2012-10-29,train,1.1149451217291946,1,0.6838235294117647,0.3714698106708368,0.7527675276752768,0.1062037377329917,0.7847203473399961,0.0,0.14192579293012494,1.2239549397040606
Aweil Centre,2012-11-05,train,0.0,0,0.5546875,0.1061869858513083,0.7527675276752768,1.1149451217291946,0.5964774641737984,0.0015924790129594006,0.275881058528673,1.997711200779821
Aweil Centre,2012-11-12,train,0.5308577019705789,1,0.5546875,0.1061869858513083,0.06544165054803353,0.0,0.6263577797034352,0.0,0.15332770087409753,1.309734931727909
Aweil Centre,2012-11-19,train,0.2123028894740262,1,0.5546875,0.1061869858513083,0.7527675276752768,0.5308577019705789,0.6745140084645112,0.0,0.12115232500002827,1.3734673870223657
Aweil Centre,2012-11-26,train,0.0,0,0.5546875,0.1061869858513083,0.7527675276752768,0.2123028894740262,0.6654928517038601,0.0015924790129594006,0.09108684043165943,0.8447324608881767
Aweil Centre,2012-12-03,train,0.0,0,0.2246376811594203,0.0,0.06544165054803353,0.0,0.22621869060853572,0.0,0.0,0.5684758855238121
Aweil Centre,2012-12-10,train,0.0,0,0.2246376811594203,0.0,0.06544165054803353,0.0,0.05954743381942499,0.0,0.0,0.027295036535437692
Aweil Centre,2012-12-17,train,0.0,0,0.2246376811594203,0.0,0.06544165054803353,0.0,0.08949825984130645,0.0,0.0,0.06296705562997397
Aweil Centre,2012-12-24,train,0.0,0,0.2246376811594203,0.0,0.06544165054803353,0.0,0.1823347235815564,0.0,0.0,0.034915649393330014
Aweil Centre,2012-12-31,train,0.0,0,0.2246376811594203,0.0,0.06544165054803353,0.0,0.059357421765935316,0.0,0.0,0.009315239511253577
Aweil Centre,2013-01-07,train,0.0,0,0.0661764705882353,0.0,0.06544165054803353,0.0,0.047579647220574915,0.0,0.0,0.004983167823476423
Aweil Centre,2013-01-14,train,0.0,0,0.0661764705882353,0.0,0.06544165054803353,0.0,0.07614821683907222,0.0,0.0,0.0062378627214830186
Aweil Centre,2013-01-21,train,0.0,0,0.0661764705882353,0.0,0.06544165054803353,0.0,0.07190397898858468,0.0,0.0,0.018381219367681546
Aweil Centre,2013-01-28,train,0.0,0,0.0661764705882353,0.0,0.06544165054803353,0.0,0.06819065874803557,0.0,0.0,0.017200738936112927
Aweil Centre,2013-02-04,train,0.0,0,0.00819672131147541,0.0,0.06544165054803353,0.0,0.033697122817098336,0.0,0.0,0.0022616526582879253
Aweil Centre,2013-02-11,train,0.0,0,0.00819672131147541,0.0,0.06544165054803353,0.0,0.031254758496023785,0.0,0.0,0.0022620053805451797
Aweil Centre,2013-02-18,train,0.0,0,0.00819672131147541,0.0,0.06544165054803353,0.0,0.031254758496023785,0.0,0.0,0.0022620053805451797
Aweil Centre,2013-02-25,train,0.0,0,0.00819672131147541,0.0,0.06544165054803353,0.0,0.031254758496023785,0.0,0.0,0.0022620053805451797
Aweil Centre,2013-03-04,train,0.0,0,0.05223880597014925,0.0,0.06544165054803353,0.0,0.033179907785313864,0.0,0.0,0.0022620053805451797
Aweil Centre,2013-03-11,train,0.1060742414503534,1,0.05223880597014925,0.0,0.06544165054803353,0.0,0.11029154279285226,0.0,0.0,0.06759885045036497
Aweil Centre,2013-03-18,train,0.1060742414503534,1,0.05223880597014925,0.0,0.7527675276752768,0.1060742414503534,0.11726285748151707,0.0,0.0,0.06274607608594066
Aweil Centre,2013-03-25,train,0.0,0,0.05223880597014925,0.0,0.7527675276752768,0.1060742414503534,0.12728729251923795,0.0,0.0,0.28944065771551547
Aweil Centre,2013-04-01,train,0.0,0,0.03787878787878788,0.0,0.06544165054803353,0.0,0.12769416953430401,0.0,0.0,0.3121389591926509
Aweil Centre,2013-04-08,train,0.0,0,0.03787878787878788,0.0,0.06544165054803353,0.0,0.06325989269222551,0.0,0.0,0.06704082811867466
Aweil Centre,2013-04-15,train,0.0,0,0.03787878787878788,0.0,0.06544165054803353,0.0,0.04156034507643336,0.0,0.0,0.006533989574657311
Aweil Centre,2013-04-22,train,0.0,0,0.03787878787878788,0.0,0.06544165054803353,0.0,0.035435752215746665,0.0,0.0,0.005008175132686515
Aweil Centre,2013-04-29,train,0.0,0,0.03787878787878788,0.0,0.06544165054803353,0.0,0.03487722880418005,0.0,0.0,0.007747123149309918
Aweil Centre,2013-05-06,train,0.0,0,0.007462686567164179,0.0,0.06544165054803353,0.0,0.046867526438232256,0.0,0.0,0.0446622910630313
Aweil Centre,2013-05-13,train,0.0,0,0.007462686567164179,0.0,0.06544165054803353,0.0,0.03075174744564629,0.0,0.0,0.0025973693736480565
Aweil Centre,2013-05-20,train,0.0,0,0.007462686567164179,0.0,0.06544165054803353,0.0,0.03075174744564629,0.0,0.0,0.0020085161418667424
Aweil Centre,2013-05-27,train,0.0,0,0.007462686567164179,0.0,0.06544165054803353,0.0,0.03075174744564629,0.0,0.0,0.0020085161418667424
Aweil Centre,2013-06-03,train,0.0,0,0.038461538461538464,0.0,0.06544165054803353,0.0,0.03075174744564629,0.0,0.0,0.0020085161418667424
Aweil Centre,2013-06-10,train,0.0,0,0.038461538461538464,0.0,0.06544165054803353,0.0,0.033210634778616056,0.0,0.0,0.0020085161418667424
Aweil Centre,2013-06-17,train,0.0,0,0.038461538461538464,0.0,0.06544165054803353,0.0,0.03149446674328958,0.0,0.0,0.0020085161418667424
Aweil Centre,2013-06-24,train,0.0,0,0.038461538461538464,0.0,0.06544165054803353,0.0,0.034900081220902206,0.0,0.0,0.013505618626214867
Aweil Centre,2013-07-01,train,0.0,0,0.007352941176470588,0.0,0.06544165054803353,0.0,0.031296673917109066,0.0,0.0,0.0020085161418667424
Aweil Centre,2013-07-08,train,0.0,0,0.007352941176470588,0.0,0.06544165054803353,0.0,0.030631396745767273,0.0,0.0,0.0020085161418667424
Aweil Centre,2013-07-15,train,0.0,0,0.007352941176470588,0.0,0.06544165054803353,0.0,0.029853683922156014,0.0,0.0,0.0020085159701315187
Aweil Centre,2013-07-22,train,0.0,0,0.007352941176470588,0.0,0.06544165054803353,0.0,0.058205796637072066,0.0,0.0,0.03564918883398064
Aweil Centre,2013-07-29,train,0.0,0,0.007352941176470588,0.0,0.06544165054803353,0.0,0.03398563195981751,0.0,0.0,0.006314586858920436
Aweil Centre,2013-08-05,train,0.0,0,0.3106060606060606,0.0,0.06544165054803353,0.0,0.10176802509744329,0.0,0.0,0.18173851551785108
Aweil Centre,2013-08-12,train,0.0,0,0.3106060606060606,0.0,0.06544165054803353,0.0,0.14717304087441707,0.0,0.0,0.6700741531315858
Aweil Centre,2013-08-19,train,0.0531021506207456,1,0.3106060606060606,0.0,0.06544165054803353,0.0,0.4798360235915668,0.0,0.01411307296140266,0.9900725704155199
Aweil Centre,2013-08-26,train,0.0,0,0.3106060606060606,0.0,0.7527675276752768,0.0531021506207456,0.6049873485325185,0.0,0.17905373225872845,1.1852315413636272
Aweil Centre,2013-09-02,train,0.0,0,0.5681818181818182,0.1591004865320547,0.06544165054803353,0.0,0.20096330627546133,0.0,0.002088504815856776,0.9324933949607613
Aweil Centre,2013-09-09,train,0.0,0,0.5681818181818182,0.1591004865320547,0.06544165054803353,0.0,0.3026443191908587,0.0,0.0021362455848705384,0.7864368435839958
Aweil Centre,2013-09-16,train,0.0,0,0.5681818181818182,0.1591004865320547,0.06544165054803353,0.0,0.32602240613799544,0.0,0.002088504815856776,2.6263523716195287
Aweil Centre,2013-09-23,train,0.0,0,0.5681818181818182,0.1591004865320547,0.06544165054803353,0.0,0.21717655188232513,0.0,0.002088504815856776,0.06531633231849494
Aweil Centre,2013-09-30,train,0.0,0,0.5681818181818182,0.1591004865320547,0.06544165054803353,0.0,0.325309774575874,0.0,0.002088504815856776,2.4137923057719535
Aweil Centre,2013-10-07,train,0.106055702620835,1,0.6838235294117647,0.3714698106708368,0.06544165054803353,0.0,0.23686394902603328,0.0,0.00367863756642755,0.09946821662317029
Aweil Centre,2013-10-14,train,0.3714324711887983,1,0.6838235294117647,0.3714698106708368,0.7527675276752768,0.106055702620835,0.5629873962779027,0.0,0.11538415781010983,1.181247007008843
Aweil Centre,2013-10-21,train,0.0,0,0.6838235294117647,0.3714698106708368,0.7527675276752768,0.3714324711887983,0.4135747621862456,0.0,0.10094393172731228,2.396578022528893
Aweil Centre,2013-10-28,train,0.0,0,0.6838235294117647,0.3714698106708368,0.06544165054803353,0.0,0.4249159524093082,0.0,0.04939891745152577,0.30208133774111023
Aweil Centre,2013-11-04,train,0.2653435044797867,1,0.5546875,0.1061869858513083,0.06544165054803353,0.0,0.5976855106759565,0.0,0.03922379973279263,0.37549380896557605
Aweil Centre,2013-11-11,train,1.485857371397833,1,0.5546875,0.1061869858513083,0.7527675276752768,0.2653435044797867,0.6607934375750497,0.0,0.08417604115455045,1.4675159198643053
Aweil Centre,2013-11-18,train,1.5389563103681785,1,0.5546875,0.1061869858513083,0.7527675276752768,1.485857371397833,0.7204338442255912,0.0019077954898751414,0.24122449871405433,2.1759441953394325
Aweil Centre,2013-11-25,train,13.061913705286608,1,0.5546875,0.1061869858513083,0.7527675276752768,1.5389563103681785,0.7392609163655914,0.0019077954898751414,0.252328924453411,7.154667433763111
Aweil Centre,2013-12-02,train,2.495984914749041,1,0.2246376811594203,0.0,0.7527675276752768,13.061913705286608,0.8973172248484829,0.04963844111232155,2.793109433743012,4.436851236771458
Aweil Centre,2013-12-09,train,0.0,0,0.2246376811594203,0.0,0.7527675276752768,2.495984914749041,0.7225935474612312,0.0019077954898751414,0.32357067043459936,1.3211419017734567
Aweil Centre,2013-12-16,train,0.0,0,0.2246376811594203,0.0,0.06544165054803353,0.0,0.21938592496944861,0.0,0.0,1.4881220239963588
Aweil Centre,2013-12-23,train,0.0,0,0.2246376811594203,0.0,0.06544165054803353,0.0,0.15262332199758086,0.0,0.0,0.19504548502903984
Aweil Centre,2013-12-30,train,0.0,0,0.2246376811594203,0.0,0.06544165054803353,0.0,0.043758915652688135,0.0,0.0,0.008902241444485495
Aweil Centre,2014-01-06,train,0.1060542277014211,1,0.0661764705882353,0.0,0.06544165054803353,0.0,0.0754549107066758,0.0,0.0,0.015230790985768823
Aweil Centre,2014-01-13,train,0.0,0,0.0661764705882353,0.0,0.7527675276752768,0.1060542277014211,0.22373850342913212,0.0,0.004712831475822948,0.061430402684554616
Aweil Centre,2014-01-20,train,0.0,0,0.0661764705882353,0.0,0.06544165054803353,0.0,0.12203335354381024,0.0,0.0,0.23381645663915618
Aweil Centre,2014-01-27,train,0.0,0,0.0661764705882353,0.0,0.06544165054803353,0.0,0.10443231529766159,0.0,0.0,0.04842389256218537
Aweil Centre,2014-02-03,train,0.0,0,0.00819672131147541,0.0,0.06544165054803353,0.0,0.04026937627842983,0.0,0.0,0.0022616526582879253
Aweil Centre,2014-02-10,train,0.0,0,0.00819672131147541,0.0,0.06544165054803353,0.0,0.03183509554167546,0.0,0.0,0.0022620053805451797
Aweil Centre,2014-02-17,train,0.0,0,0.00819672131147541,0.0,0.06544165054803353,0.0,0.031254758496023785,0.0,0.0,0.0022620053805451797
Aweil Centre,2014-02-24,train,0.0,0,0.00819672131147541,0.0,0.06544165054803353,0.0,0.031254758496023785,0.0,0.0,0.0022620053805451797
Aweil Centre,2014-03-03,train,0.0,0,0.05223880597014925,0.0,0.06544165054803353,0.0,0.031981057441992235,0.0,0.0,0.0022620053805451797
Aweil Centre,2014-03-10,train,0.0,0,0.05223880597014925,0.0,0.06544165054803353,0.0,0.0806423098382302,0.0,0.0,0.06449362799950079
Aweil Centre,2014-03-17,train,0.0,0,0.05223880597014925,0.0,0.06544165054803353,0.0,0.0395776332856695,0.0,0.0,0.009933735573839001
Aweil Centre,2014-03-24,train,0.0,0,0.05223880597014925,0.0,0.06544165054803353,0.0,0.0395776332856695,0.0,0.0,0.005049681021833042
Aweil Centre,2014-03-31,train,0.0,0,0.05223880597014925,0.0,0.06544165054803353,0.0,0.048312760654075915,0.0,0.0,0.009803252351432108
Aweil Centre,2014-04-07,train,0.0,0,0.03787878787878788,0.0,0.06544165054803353,0.0,0.043667320100349086,0.0,0.0,0.006133602060253141
Aweil Centre,2014-04-14,train,0.0,0,0.03787878787878788,0.0,0.06544165054803353,0.0,0.041752296850057595,0.0,0.0,0.006133602060253141
Aweil Centre,2014-04-21,train,0.0,0,0.03787878787878788,0.0,0.06544165054803353,0.0,0.036076588076934514,0.0,0.0,0.004896823128264594
Aweil Centre,2014-04-28,train,0.0,0,0.03787878787878788,0.0,0.06544165054803353,0.0,0.0387307219804906,0.0,0.0,0.007747123149309918
Aweil Centre,2014-05-05,train,0.0,0,0.007462686567164179,0.0,0.06544165054803353,0.0,0.046867526438232256,0.0,0.0,0.0446622910630313
Aweil Centre,2014-05-12,train,0.0,0,0.007462686567164179,0.0,0.06544165054803353,0.0,0.03438848457576214,0.0,0.0,0.002896481792285004
Aweil Centre,2014-05-19,train,0.0,0,0.007462686567164179,0.0,0.06544165054803353,0.0,0.03075174744564629,0.0,0.0,0.0020085161418667424
Aweil Centre,2014-05-26,train,0.0,0,0.007462686567164179,0.0,0.06544165054803353,0.0,0.03075174744564629,0.0,0.0,0.0020085161418667424
Aweil Centre,2014-06-02,train,0.0,0,0.038461538461538464,0.0,0.06544165054803353,0.0,0.03075174744564629,0.0,0.0,0.0020085161418667424
Aweil Centre,2014-06-09,train,0.0,0,0.038461538461538464,0.0,0.06544165054803353,0.0,0.033210634778616056,0.0,0.0,0.0020085161418667424
Aweil Centre,2014-06-16,train,0.0,0,0.038461538461538464,0.0,0.06544165054803353,0.0,0.03149446674328958,0.0,0.0,0.008795034406755426
Aweil Centre,2014-06-23,train,0.0,0,0.038461538461538464,0.0,0.06544165054803353,0.0,0.0325167331537021,0.0,0.0,0.013546649324684712
Aweil Centre,2014-06-30,train,0.0,0,0.038461538461538464,0.0,0.06544165054803353,0.0,0.031296673917109066,0.0,0.0,0.0020085161418667424
Aweil Centre,2014-07-07,train,0.0,0,0.007352941176470588,0.0,0.06544165054803353,0.0,0.030631396745767273,0.0,0.0,0.0020085161418667424
Aweil Centre,2014-07-14,train,0.0,0,0.007352941176470588,0.0,0.06544165054803353,0.0,0.029853683922156014,0.0,0.0,0.0035334054519768907
Aweil Centre,2014-07-21,train,0.0,0,0.007352941176470588,0.0,0.06544165054803353,0.0,0.05042643746190149,0.0,0.0,0.01251127006317729
Aweil Centre,2014-07-28,train,0.0,0,0.007352941176470588,0.0,0.06544165054803353,0.0,0.03398563195981751,0.0,0.0,0.007798686942636621
Aweil Centre,2014-08-04,train,0.0,0,0.3106060606060606,0.0,0.06544165054803353,0.0,0.04037032570763065,0.0,0.0,0.09632797010650522
Aweil Centre,2014-08-11,train,0.0,0,0.3106060606060606,0.0,0.06544165054803353,0.0,0.14200286419274546,0.0,0.0,0.11029527926769507
Aweil Centre,2014-08-18,train,0.9551345874066356,1,0.3106060606060606,0.0,0.06544165054803353,0.0,0.4632276385187427,0.0,0.01411307296140266,0.9816660821216968
Aweil Centre,2014-08-25,train,0.1591004865320547,1,0.3106060606060606,0.0,0.7527675276752768,0.9551345874066356,0.7754624455069904,0.0,0.25078236908007717,2.960761681666208
Aweil Centre,2014-09-01,train,0.0,0,0.5681818181818182,0.1591004865320547,0.7527675276752768,0.1591004865320547,0.5160801923872611,0.0,0.12670638684998134,2.4878060354019533
Aweil Centre,2014-09-08,train,0.689438623669533,1,0.5681818181818182,0.1591004865320547,0.06544165054803353,0.0,0.5844307748660874,0.0,0.10687372813544209,0.9706720478749794
Aweil Centre,2014-09-15,train,1.1667561684756285,1,0.5681818181818182,0.1591004865320547,0.7527675276752768,0.689438623669533,0.8694350929633569,0.0015924790129594006,0.4748675650516433,8.307822946941505
Aweil Centre,2014-09-22,train,1.0076481563369086,1,0.5681818181818182,0.1591004865320547,0.7527675276752768,1.1667561684756285,0.8895517284972092,0.0,0.5204977639222372,6.6401739003951405
Aweil Centre,2014-09-29,train,0.1591007849771349,1,0.5681818181818182,0.1591004865320547,0.7527675276752768,1.0076481563369086,0.8396101335440448,0.0,0.7851315233226026,5.637138492532664
Aweil Centre,2014-10-06,train,0.9546004753896452,1,0.6838235294117647,0.3714698106708368,0.7527675276752768,0.1591007849771349,0.8240378683993886,0.0015924790129594006,0.3977145392100258,4.241628918252902
Aweil Centre,2014-10-13,train,3.8216522982533214,1,0.6838235294117647,0.3714698106708368,0.7527675276752768,0.9546004753896452,0.7966881835803861,0.0015924790129594006,0.6034202820296375,5.690558650617551
Aweil Centre,2014-10-20,train,0.3714698106708368,1,0.6838235294117647,0.3714698106708368,0.7527675276752768,3.8216522982533214,0.8159034067552103,0.0,0.7359944606081491,9.208712943875577
Aweil Centre,2014-10-27,train,0.7426100132960165,1,0.6838235294117647,0.3714698106708368,0.7527675276752768,0.3714698106708368,0.7603876190019254,0.0,0.18370610225467315,2.492499571929373
Aweil Centre,2014-11-03,train,1.9095681385802925,1,0.5546875,0.1061869858513083,0.7527675276752768,0.7426100132960165,0.7856313326547006,0.0015924790129594006,0.24372706265371835,1.8438936215444262
Aweil Centre,2014-11-10,train,2.7062972651236694,1,0.5546875,0.1061869858513083,0.7527675276752768,1.9095681385802925,0.8190321626429669,0.0019077954898751414,0.7368656278625985,9.404852640454752
Aweil Centre,2014-11-17,train,1.0611935635941254,1,0.5546875,0.1061869858513083,0.7527675276752768,2.7062972651236694,0.803913181227971,0.0019077954898751414,0.3967395502369859,4.711226810097746
Aweil Centre,2014-11-24,train,0.6372700118738455,1,0.5546875,0.1061869858513083,0.7527675276752768,1.0611935635941254,0.7416803115583739,0.0015924790129594006,0.28201990187786163,2.5128629846130766
Aweil Centre,2014-12-01,train,0.7966000795216139,1,0.2246376811594203,0.0,0.7527675276752768,0.6372700118738455,0.756171415966482,0.0015924790129594006,0.24110210856497094,0.9219041777858638
Aweil Centre,2014-12-08,train,0.0,0,0.2246376811594203,0.0,0.7527675276752768,0.7966000795216139,0.6399107514051695,0.0015924790129594006,0.1735665359369788,1.1732276917354392
Aweil Centre,2014-12-15,train,0.0,0,0.2246376811594203,0.0,0.06544165054803353,0.0,0.2143421230033005,0.0,0.0,0.6034012009818726
Aweil Centre,2014-12-22,train,0.0,0,0.2246376811594203,0.0,0.06544165054803353,0.0,0.15011263667193467,0.0,0.0,0.03900465560003836
Aweil Centre,2014-12-29,train,0.0,0,0.2246376811594203,0.0,0.06544165054803353,0.0,0.049354380276812,0.0,0.0,0.014564883883930273
Aweil East,2000-01-03,train,0.0,0,0.19852941176470587,0.0,0.06544165054803353,0.0,0.024790121536661613,0.0,0.0,0.00200887648337002
Aweil East,2000-01-10,train,0.0,0,0.19852941176470587,0.0,0.06544165054803353,0.0,0.02605467745641788,0.0,0.0,0.0019895915874818585
Aweil East,2000-01-17,train,0.0,0,0.19852941176470587,0.0,0.06544165054803353,0.0,0.02636660891692707,0.0,0.0,0.0041488525912817455
Aweil East,2000-01-24,train,0.0,0,0.19852941176470587,0.0,0.06544165054803353,0.0,0.04334067816426485,0.0,0.0,0.0248196640589547
Aweil East,2000-01-31,train,0.0,0,0.19852941176470587,0.0,0.06544165054803353,0.0,0.025457879424986354,0.0,0.0,0.004360662990357665
Aweil East,2000-02-07,train,0.0,0,0.07377049180327869,0.0,0.06544165054803353,0.0,0.024126948846113105,0.0,0.0,0.0020085161418667424
Aweil East,2000-02-14,train,0.0,0,0.07377049180327869,0.0,0.06544165054803353,0.0,0.023683689907005524,0.0,0.0,0.0020085161418667424
Aweil East,2000-02-21,train,0.0,0,0.07377049180327869,0.0,0.06544165054803353,0.0,0.023683689907005524,0.0,0.0,0.0020085161418667424
Aweil East,2000-02-28,train,0.0,0,0.07377049180327869,0.0,0.06544165054803353,0.0,0.023683689907005524,0.0,0.0,0.0020085161418667424
Aweil East,2000-03-06,train,0.0,0,0.007462686567164179,0.0,0.06544165054803353,0.0,0.024097268449569678,0.0,0.0,0.0020085161418667424
Aweil East,2000-03-13,train,0.0,0,0.007462686567164179,0.0,0.06544165054803353,0.0,0.026135370399322747,0.0,0.0,0.0020085161418667424
Aweil East,2000-03-20,train,0.0,0,0.007462686567164179,0.0,0.06544165054803353,0.0,0.025333960959154325,0.0,0.0,0.0020085161418667424
Aweil East,2000-03-27,train,0.0,0,0.007462686567164179,0.0,0.06544165054803353,0.0,0.025702091500805286,0.0,0.0,0.0020085161418667424
Aweil East,2000-04-03,train,0.0,0,0.03787878787878788,0.0,0.06544165054803353,0.0,0.026733960293058683,0.0,0.0,0.0020085161418667424
Aweil East,2000-04-10,train,0.0,0,0.03787878787878788,0.0,0.06544165054803353,0.0,0.02697236561860212,0.0,0.0,0.0020085161418667424
Aweil East,2000-04-17,train,0.0,0,0.03787878787878788,0.0,0.06544165054803353,0.0,0.032217382140227464,0.0,0.0,0.0025422358873246004
Aweil East,2000-04-24,train,0.0,0,0.03787878787878788,0.0,0.06544165054803353,0.0,0.033195751348360364,0.0,0.0,0.0037123581339096766
Aweil East,2000-05-01,train,0.0,0,0.06716417910447761,0.0,0.06544165054803353,0.0,0.031291057742924046,0.0,0.0,0.0037123581339096766
Aweil East,2000-05-08,train,0.0,0,0.06716417910447761,0.0,0.06544165054803353,0.0,0.030971219317334597,0.0,0.0,0.0025422358873246004
Aweil East,2000-05-15,train,0.0,0,0.06716417910447761,0.0,0.06544165054803353,0.0,0.026455318438166904,0.0,0.0,0.0020085161418667424
Aweil East,2000-05-22,train,0.0,0,0.06716417910447761,0.0,0.06544165054803353,0.0,0.02542264529345537,0.0,0.0,0.0020085161418667424
Aweil East,2000-05-29,train,0.0,0,0.06716417910447761,0.0,0.06544165054803353,0.0,0.02542264529345537,0.0,0.0,0.0020085161418667424
Aweil East,2000-06-05,train,0.0,0,0.08461538461538462,0.0,0.06544165054803353,0.0,0.02464752120471407,0.0,0.0,0.0020085161418667424
Aweil East,2000-06-12,train,0.0,0,0.08461538461538462,0.0,0.06544165054803353,0.0,0.02464752120471407,0.0,0.0,0.0020085161418667424
Aweil East,2000-06-19,train,0.0,0,0.08461538461538462,0.0,0.06544165054803353,0.0,0.024711674017777217,0.0,0.0,0.0020085161418667424
Aweil East,2000-06-26,train,0.0,0,0.08461538461538462,0.0,0.06544165054803353,0.0,0.024605648164126494,0.0,0.0,0.002008517348908098
Aweil East,2000-07-03,train,0.0,0,0.09558823529411764,0.0,0.06544165054803353,0.0,0.024605648164126494,0.0,0.0,0.002008517348908098
Aweil East,2000-07-10,train,0.0,0,0.09558823529411764,0.0,0.06544165054803353,0.0,0.030661877507210073,0.0,0.0,0.004661257903010088
Aweil East,2000-07-17,train,0.0,0,0.09558823529411764,0.0,0.06544165054803353,0.0,0.0244011616399009,0.0,0.0,0.002008596227384469
Aweil East,2000-07-24,train,0.0,0,0.09558823529411764,0.0,0.06544165054803353,0.0,0.027396577346409507,0.0,0.0,0.00321831143744561
Aweil East,2000-07-31,train,0.0,0,0.09558823529411764,0.0,0.06544165054803353,0.0,0.028423323393785,0.0,0.0,0.03134831163410311
Aweil East,2000-08-07,train,0.0,0,0.553030303030303,0.2117861425016315,0.06544165054803353,0.0,0.047356530282881094,0.0,0.0,0.4004108352845225
Aweil East,2000-08-14,train,0.0,0,0.553030303030303,0.2117861425016315,0.06544165054803353,0.0,0.18603741595886064,0.0,0.01212632191009691,0.9596175649264576
Aweil East,2000-08-21,train,0.0,0,0.553030303030303,0.2117861425016315,0.06544165054803353,0.0,0.1996398281287904,0.0,0.005392817478238656,1.7292598986582917
Aweil East,2000-08-28,train,0.0,0,0.553030303030303,0.2117861425016315,0.06544165054803353,0.0,0.14150902647098018,0.0,0.0013856057956568215,1.980800504312208
Aweil East,2000-09-04,train,0.0,0,0.7045454545454546,5.77871250314939,0.06544165054803353,0.0,0.10695535467811998,0.0,0.0013856057956568215,1.6633962551434918
Aweil East,2000-09-11,train,0.0,0,0.7045454545454546,5.77871250314939,0.06544165054803353,0.0,0.11274953141393698,0.0,0.0013856057956568215,1.2289314202859114
Aweil East,2000-09-18,train,0.0,0,0.7045454545454546,5.77871250314939,0.06544165054803353,0.0,0.14055693402273525,0.0,0.0013856057956568215,2.013502452913394
Aweil East,2000-09-25,train,0.0,0,0.7045454545454546,5.77871250314939,0.06544165054803353,0.0,0.16654377715552793,0.0,0.0013856057956568215,5.003482530427636
Aweil East,2000-10-02,train,0.0,0,0.8602941176470589,24.653744379631284,0.06544165054803353,0.0,0.18683017898742454,0.0,0.0013856057956568215,4.177166103372067
Aweil East,2000-10-09,train,0.0,0,0.8602941176470589,24.653744379631284,0.06544165054803353,0.0,0.1616967124161191,0.0,0.0013856057956568215,5.285646752425503
Aweil East,2000-10-16,train,0.0,0,0.8602941176470589,24.653744379631284,0.06544165054803353,0.0,0.20626861224333376,0.0,0.0013856057956568215,2.4441880595383014
Aweil East,2000-10-23,train,0.0,0,0.8602941176470589,24.653744379631284,0.06544165054803353,0.0,0.2052492367174831,0.0,0.0013856057956568215,1.9083406208687836
Aweil East,2000-10-30,train,0.7422111723705037,1,0.8602941176470589,24.653744379631284,0.06544165054803353,0.0,0.30948183740838703,0.0,0.0013856057956568215,0.99158955542099
Aweil East,2000-11-06,train,0.0,0,0.7578125,1.960766295700251,0.7527675276752768,0.7422111723705037,0.29025300670216714,0.0,0.03926227558463849,1.2971376743983334
Aweil East,2000-11-13,train,0.0,0,0.7578125,1.960766295700251,0.06544165054803353,0.0,0.19158397671151342,0.0,0.061678232837950764,0.6907567103240551
Aweil East,2000-11-20,train,0.0,0,0.7578125,1.960766295700251,0.06544165054803353,0.0,0.16129136425340812,0.0,0.0,0.2474967339305982
Aweil East,2000-11-27,train,0.0,0,0.7578125,1.960766295700251,0.06544165054803353,0.0,0.051414002206065096,0.0,0.0015432205606251955,0.002467433613613549
Aweil East,2000-12-04,train,0.0,0,0.6304347826086957,0.1060570739208414,0.06544165054803353,0.0,0.030925999767805874,0.0,0.0,0.03360662946888864
Aweil East,2000-12-11,train,0.0,0,0.6304347826086957,0.1060570739208414,0.06544165054803353,0.0,0.02557592203729087,0.0,0.0,0.011588002542187175
Aweil East,2000-12-18,train,0.0,0,0.6304347826086957,0.1060570739208414,0.06544165054803353,0.0,0.048933301424542455,0.0,0.0,0.058345322314643455
Aweil East,2000-12-25,train,0.0,0,0.6304347826086957,0.1060570739208414,0.06544165054803353,0.0,0.032195492316350015,0.0,0.0,0.005246974668643538
Aweil East,2001-01-01,train,0.0,0,0.19852941176470587,0.0,0.06544165054803353,0.0,0.02481946678200816,0.0,0.0,0.00200926460510606
Aweil East,2001-01-08,train,0.0,0,0.19852941176470587,0.0,0.06544165054803353,0.0,0.02380036354437465,0.0,0.0,0.0019934025273625625
Aweil East,2001-01-15,train,0.0,0,0.19852941176470587,0.0,0.06544165054803353,0.0,0.02636660891692707,0.0,0.0,0.001990507790900061
Aweil East,2001-01-22,train,0.0,0,0.19852941176470587,0.0,0.06544165054803353,0.0,0.02821887072014628,0.0,0.0,0.006034726407810517
Aweil East,2001-01-29,train,0.0,0,0.19852941176470587,0.0,0.06544165054803353,0.0,0.029157239088854474,0.0,0.0,0.008809660941150092
Aweil East,2001-02-05,train,0.0,0,0.07377049180327869,0.0,0.06544165054803353,0.0,0.024126948846113105,0.0,0.0,0.0020085161418667424
Aweil East,2001-02-12,train,0.0,0,0.07377049180327869,0.0,0.06544165054803353,0.0,0.023683689907005524,0.0,0.0,0.0020085161418667424
Aweil East,2001-02-19,train,0.0,0,0.07377049180327869,0.0,0.06544165054803353,0.0,0.023683689907005524,0.0,0.0,0.0020085161418667424
Aweil East,2001-02-26,train,0.0,0,0.07377049180327869,0.0,0.06544165054803353,0.0,0.023683689907005524,0.0,0.0,0.0020085161418667424
Aweil East,2001-03-05,train,0.0,0,0.007462686567164179,0.0,0.06544165054803353,0.0,0.023735165522707737,0.0,0.0,0.0020085161418667424
Aweil East,2001-03-12,train,0.0,0,0.007462686567164179,0.0,0.06544165054803353,0.0,0.028164482759976253,0.0,0.0,0.0023076285605036877
Aweil East,2001-03-19,train,0.0,0,0.007462686567164179,0.0,0.06544165054803353,0.0,0.025333960959154325,0.0,0.0,0.0020085161418667424
Aweil East,2001-03-26,train,0.0,0,0.007462686567164179,0.0,0.06544165054803353,0.0,0.026266305478457545,0.0,0.0,0.0020085161418667424
Aweil East,2001-04-02,train,0.0,0,0.03787878787878788,0.0,0.06544165054803353,0.0,0.02801078170000442,0.0,0.0,0.0020085161418667424
Aweil East,2001-04-09,train,0.0,0,0.03787878787878788,0.0,0.06544165054803353,0.0,0.0347945939290186,0.0,0.0,0.0033235791921057073
Aweil East,2001-04-16,train,0.0,0,0.03787878787878788,0.0,0.06544165054803353,0.0,0.032217382140227464,0.0,0.0,0.0025422358873246004
Aweil East,2001-04-23,train,0.0,0,0.03787878787878788,0.0,0.06544165054803353,0.0,0.0324876554190545,0.0,0.0,0.0037123581339096766
Aweil East,2001-04-30,train,0.0,0,0.03787878787878788,0.0,0.06544165054803353,0.0,0.030758393655922662,0.0,0.0,0.0037123581339096766
Aweil East,2001-05-07,train,0.0,0,0.06716417910447761,0.0,0.06544165054803353,0.0,0.028570088404652652,0.0,0.0,0.0037770744158883403
Aweil East,2001-05-14,train,0.0,0,0.06716417910447761,0.0,0.06544165054803353,0.0,0.02542264529345537,0.0,0.0,0.0025973693736480565
Aweil East,2001-05-21,train,0.0,0,0.06716417910447761,0.0,0.06544165054803353,0.0,0.02542264529345537,0.0,0.0,0.0020085161418667424
Aweil East,2001-05-28,train,0.0,0,0.06716417910447761,0.0,0.06544165054803353,0.0,0.02464752120471407,0.0,0.0,0.0020085161418667424
Aweil East,2001-06-04,train,0.0,0,0.08461538461538462,0.0,0.06544165054803353,0.0,0.02464752120471407,0.0,0.0,0.0020085161418667424
Aweil East,2001-06-11,train,0.0,0,0.08461538461538462,0.0,0.06544165054803353,0.0,0.02464752120471407,0.0,0.0,0.0020085161418667424
Aweil East,2001-06-18,train,0.0,0,0.08461538461538462,0.0,0.06544165054803353,0.0,0.024711674017777217,0.0,0.0,0.0020085161418667424
Aweil East,2001-06-25,train,0.0,0,0.08461538461538462,0.0,0.06544165054803353,0.0,0.025807784954086647,0.0,0.0,0.007649064167262588
Aweil East,2001-07-02,train,0.0,0,0.09558823529411764,0.0,0.06544165054803353,0.0,0.02496510365009734,0.0,0.0,0.002008517348908098
Aweil East,2001-07-09,train,0.0,0,0.09558823529411764,0.0,0.06544165054803353,0.0,0.02447347511507744,0.0,0.0,0.002008517348908098
Aweil East,2001-07-16,train,0.0,0,0.09558823529411764,0.0,0.06544165054803353,0.0,0.0244011616399009,0.0,0.0,0.002008596227384469
Aweil East,2001-07-23,train,0.0,0,0.09558823529411764,0.0,0.06544165054803353,0.0,0.032900365184444856,0.0,0.0,0.016282880874392457
Aweil East,2001-07-30,train,0.0,0,0.09558823529411764,0.0,0.06544165054803353,0.0,0.02824862593658305,0.0,0.0,0.03141923334637426
Aweil East,2001-08-06,train,0.0,0,0.553030303030303,0.2117861425016315,0.06544165054803353,0.0,0.05079193208502262,0.0,0.0,0.29499328811813597
Aweil East,2001-08-13,train,0.0,0,0.553030303030303,0.2117861425016315,0.06544165054803353,0.0,0.10694148842468156,0.0,0.0014284595831513625,0.883767247285651
Aweil East,2001-08-20,train,1.4843980914220856,1,0.553030303030303,0.2117861425016315,0.06544165054803353,0.0,0.4619393350391724,0.0,0.01212632191009691,2.237028832168385
Aweil East,2001-08-27,train,0.0,0,0.553030303030303,0.2117861425016315,0.7527675276752768,1.4843980914220856,0.4322542264832926,0.0,0.1435533743753505,5.3289322064608395
Aweil East,2001-09-03,train,18.930220899017485,1,0.7045454545454546,5.77871250314939,0.06544165054803353,0.0,0.45407469913531856,0.0,0.09496892046860796,12.723366055440117
Aweil East,2001-09-10,train,0.0,0,0.7045454545454546,5.77871250314939,0.7527675276752768,18.930220899017485,0.842856813277318,0.015268686898443962,3.6823882614405674,16.76775874821054
Aweil East,2001-09-17,train,0.0,0,0.7045454545454546,5.77871250314939,0.06544165054803353,0.0,0.4445101036080471,0.0,0.09496892046860796,15.370116095625061
Aweil East,2001-09-24,train,0.0,0,0.7045454545454546,5.77871250314939,0.06544165054803353,0.0,0.2830799651173171,0.0,0.05284913755940361,5.506339588319508
Aweil East,2001-10-01,train,23.013772430394106,1,0.8602941176470589,24.653744379631284,0.06544165054803353,0.0,0.47672859149325286,0.0,0.0013856057956568215,17.626708598278697
Aweil East,2001-10-08,train,4.984185814652307,1,0.8602941176470589,24.653744379631284,0.7527675276752768,23.013772430394106,0.8709483593029597,0.015268686898443962,7.272722089543857,41.69304310932493
Aweil East,2001-10-15,train,0.2651316693255428,1,0.8602941176470589,24.653744379631284,0.7527675276752768,4.984185814652307,0.8316878134627048,0.015268686898443962,1.3808222046486804,10.596671744944473
Aweil East,2001-10-22,train,20.73163862566493,1,0.8602941176470589,24.653744379631284,0.7527675276752768,0.2651316693255428,0.4762682632986438,0.0,0.07399942421197415,18.340456549697848
Aweil East,2001-10-29,train,5.72665363508063,1,0.8602941176470589,24.653744379631284,0.7527675276752768,20.73163862566493,0.887052780001675,0.015268686898443962,5.396032920230106,14.471119135393758
Aweil East,2001-11-05,train,6.098010708271751,1,0.7578125,1.960766295700251,0.7527675276752768,5.72665363508063,0.8558156717475298,0.015268686898443962,1.3373117503764025,8.120799116186816
Aweil East,2001-11-12,train,6.203986025414759,1,0.7578125,1.960766295700251,0.7527675276752768,6.098010708271751,0.8553542330931233,0.015268686898443962,1.2081813867832991,6.502329120800918
Aweil East,2001-11-19,train,2.545184006778993,1,0.7578125,1.960766295700251,0.7527675276752768,6.203986025414759,0.8194010264173339,0.015268686898443962,1.2919246149510382,3.7872617167216935
Aweil East,2001-11-26,train,1.8029140194929645,1,0.7578125,1.960766295700251,0.7527675276752768,2.545184006778993,0.8464377748666531,0.015268686898443962,1.0384196639695615,1.801320791322251
Aweil East,2001-12-03,train,0.1060340555811675,1,0.6304347826086957,0.1060570739208414,0.7527675276752768,1.8029140194929645,0.8145138555991647,0.0019077954898751414,0.32487421311039705,1.3055166084974597
Aweil East,2001-12-10,train,0.0,0,0.6304347826086957,0.1060570739208414,0.7527675276752768,0.1060340555811675,0.49756275532989624,0.0015924790129594006,0.10587900875298528,1.2501508951022597
Aweil East,2001-12-17,train,0.0,0,0.6304347826086957,0.1060570739208414,0.06544165054803353,0.0,0.07502191480336304,0.0,0.0,0.410634637744105
Aweil East,2001-12-24,train,0.0,0,0.6304347826086957,0.1060570739208414,0.06544165054803353,0.0,0.05968778828336717,0.0,0.0,0.06758078460879893
Aweil East,2001-12-31,train,0.0,0,0.6304347826086957,0.1060570739208414,0.06544165054803353,0.0,0.024559160747983717,0.0,0.0,0.0017142984828898075
Aweil East,2002-01-07,train,0.0,0,0.19852941176470587,0.0,0.06544165054803353,0.0,0.029771087454363205,0.0,0.0,0.0020089388732310734
Aweil East,2002-01-14,train,0.0,0,0.19852941176470587,0.0,0.06544165054803353,0.0,0.030379979911368517,0.0,0.0,0.0019908933230008276
Aweil East,2002-01-21,train,0.0,0,0.19852941176470587,0.0,0.06544165054803353,0.0,0.035121337631811266,0.0,0.0,0.007985174666199675
Aweil East,2002-01-28,train,0.0,0,0.19852941176470587,0.0,0.06544165054803353,0.0,0.037411087079285386,0.0,0.0,0.014455734002533716
Aweil East,2002-02-04,train,0.0,0,0.07377049180327869,0.0,0.06544165054803353,0.0,0.027183991331604995,0.0,0.0,0.004360662990357665
Aweil East,2002-02-11,train,0.0,0,0.07377049180327869,0.0,0.06544165054803353,0.0,0.02596469385361618,0.0,0.0,0.0020085161418667424
Aweil East,2002-02-18,train,0.0,0,0.07377049180327869,0.0,0.06544165054803353,0.0,0.02596469385361618,0.0,0.0,0.0020085161418667424
Aweil East,2002-02-25,train,0.0,0,0.07377049180327869,0.0,0.06544165054803353,0.0,0.02596469385361618,0.0,0.0,0.0020085161418667424
Aweil East,2002-03-04,train,0.0,0,0.007462686567164179,0.0,0.06544165054803353,0.0,0.026020995013142218,0.0,0.0,0.0020085161418667424
Aweil East,2002-03-11,train,0.0,0,0.007462686567164179,0.0,0.06544165054803353,0.0,0.046550378399254286,0.0,0.0,0.023837336877106968
Aweil East,2002-03-18,train,0.0,0,0.007462686567164179,0.0,0.06544165054803353,0.0,0.0280956728260137,0.0,0.0,0.0020085161418667424
Aweil East,2002-03-25,train,0.0,0,0.007462686567164179,0.0,0.06544165054803353,0.0,0.0280956728260137,0.0,0.0,0.0020085161418667424
Aweil East,2002-04-01,train,0.0,0,0.03787878787878788,0.0,0.06544165054803353,0.0,0.03238616310490781,0.0,0.0,0.0042092616911966925
Aweil East,2002-04-08,train,0.0,0,0.03787878787878788,0.0,0.06544165054803353,0.0,0.03216161843346482,0.0,0.0,0.0033141578980427173
Aweil East,2002-04-15,train,0.0,0,0.03787878787878788,0.0,0.06544165054803353,0.0,0.031190747892673894,0.0,0.0,0.0025328145932616104
Aweil East,2002-04-22,train,0.0,0,0.03787878787878788,0.0,0.06544165054803353,0.0,0.039233397124854116,0.0,0.0,0.006975243321025675
Aweil East,2002-04-29,train,0.0,0,0.03787878787878788,0.0,0.06544165054803353,0.0,0.03631303419196557,0.0,0.0,0.005048062228666713
Aweil East,2002-05-06,train,0.0,0,0.06716417910447761,0.0,0.06544165054803353,0.0,0.03687722441407829,0.0,0.0,0.008361146538152241
Aweil East,2002-05-13,train,0.0,0,0.06716417910447761,0.0,0.06544165054803353,0.0,0.034031670145798346,0.0,0.0,0.0031310769363029484
Aweil East,2002-05-20,train,0.0,0,0.06716417910447761,0.0,0.06544165054803353,0.0,0.030164739383223352,0.0,0.0,0.0020085161418667424
Aweil East,2002-05-27,train,0.0,0,0.06716417910447761,0.0,0.06544165054803353,0.0,0.028991582356949066,0.0,0.0,0.0020085161418667424
Aweil East,2002-06-03,train,0.0,0,0.08461538461538462,0.0,0.06544165054803353,0.0,0.028991582356949066,0.0,0.0,0.0020085161418667424
Aweil East,2002-06-10,train,0.0,0,0.08461538461538462,0.0,0.06544165054803353,0.0,0.02879279474568154,0.0,0.0,0.0020085161418667424
Aweil East,2002-06-17,train,0.0,0,0.08461538461538462,0.0,0.06544165054803353,0.0,0.0288674175862298,0.0,0.0,0.0020085161419718042
Aweil East,2002-06-24,train,0.0,0,0.08461538461538462,0.0,0.06544165054803353,0.0,0.03256664256195243,0.0,0.0,0.013546649334991319
Aweil East,2002-07-01,train,0.0,0,0.09558823529411764,0.0,0.06544165054803353,0.0,0.031059713107091554,0.0,0.0,0.002008517526133935
Aweil East,2002-07-08,train,0.0,0,0.09558823529411764,0.0,0.06544165054803353,0.0,0.030451814057740875,0.0,0.0,0.0020085141565769223
Aweil East,2002-07-15,train,0.0,0,0.09558823529411764,0.0,0.06544165054803353,0.0,0.03119577414061672,0.0,0.0,0.002444241436075529
Aweil East,2002-07-22,train,0.0,0,0.09558823529411764,0.0,0.06544165054803353,0.0,0.0686008825085279,0.0,0.0,0.034643243925712906
Aweil East,2002-07-29,train,0.0,0,0.09558823529411764,0.0,0.06544165054803353,0.0,0.04623055157450675,0.0,0.0,0.032095081453913876
Aweil East,2002-08-05,train,0.5830450127413808,1,0.553030303030303,0.2117861425016315,0.06544165054803353,0.0,0.1295108348972887,0.0,0.0,0.4353337604673587
Aweil East,2002-08-12,train,8.481659971775553,1,0.553030303030303,0.2117861425016315,0.7527675276752768,0.5830450127413808,0.6916781728969379,0.0,0.2278321418279072,5.643039567572514
Aweil East,2002-08-19,train,3.657343125754636,1,0.553030303030303,0.2117861425016315,0.7527675276752768,8.481659971775553,0.8710549724424433,0.015268686898443962,2.78742038298704,12.583181009609836
Aweil East,2002-08-26,train,2.9683204280254647,1,0.553030303030303,0.2117861425016315,0.7527675276752768,3.657343125754636,0.7287028503876772,0.0,0.8667532949843739,8.720045326535514
Aweil East,2002-09-02,train,0.0,0,0.7045454545454546,5.77871250314939,0.7527675276752768,2.9683204280254647,0.624783298551714,0.0,0.5389615179221825,11.53662187317264
Aweil East,2002-09-09,train,0.0,0,0.7045454545454546,5.77871250314939,0.06544165054803353,0.0,0.557968511712162,0.0,0.1990595019012498,16.617385315059064
Aweil East,2002-09-16,train,0.0,0,0.7045454545454546,5.77871250314939,0.06544165054803353,0.0,0.3002273016630225,0.0,0.05284913755940361,12.168725112931954
Aweil East,2002-09-23,train,0.5831668942414294,1,0.7045454545454546,5.77871250314939,0.06544165054803353,0.0,0.3518413445306431,0.0,0.0013856057956568215,10.228954929009086
Aweil East,2002-09-30,train,0.8482415987086139,1,0.7045454545454546,5.77871250314939,0.7527675276752768,0.5831668942414294,0.6730033266169507,0.0,0.3045271473449814,8.252296692901497
Aweil East,2002-10-07,train,1.0600760287113569,1,0.8602941176470589,24.653744379631284,0.7527675276752768,0.8482415987086139,0.520520912781674,0.0,0.21095457809383583,5.71454361797046
Aweil East,2002-10-14,train,0.0,0,0.8602941176470589,24.653744379631284,0.7527675276752768,1.0600760287113569,0.5170821878938665,0.0,0.44505137276571693,5.144102226999513
Aweil East,2002-10-21,train,0.0,0,0.8602941176470589,24.653744379631284,0.06544165054803353,0.0,0.46607893515858007,0.0,0.11943902499560914,6.86039124312422
Aweil East,2002-10-28,train,0.0,0,0.8602941176470589,24.653744379631284,0.06544165054803353,0.0,0.3456836503893263,0.0,0.0076905666157949595,2.040013326180917
Aweil East,2002-11-04,train,0.0529832031479869,1,0.7578125,1.960766295700251,0.06544165054803353,0.0,0.45427432747660124,0.0,0.0013856057956568215,1.7153682891968587
Aweil East,2002-11-11,train,0.0,0,0.7578125,1.960766295700251,0.7527675276752768,0.0529832031479869,0.3110250227609496,0.0,0.001053781794252947,0.13067301389798763
Aweil East,2002-11-18,train,0.0529881539316677,1,0.7578125,1.960766295700251,0.06544165054803353,0.0,0.32524395830050185,0.0,0.01212632191009691,0.21896167955671486
Aweil East,2002-11-25,train,0.0,0,0.7578125,1.960766295700251,0.7527675276752768,0.0529881539316677,0.25751731962567137,0.0,0.005039727268778557,0.12567918834602818
Aweil East,2002-12-02,train,0.0,0,0.6304347826086957,0.1060570739208414,0.06544165054803353,0.0,0.05727092407025069,0.0,0.0,0.05413711445591921
Aweil East,2002-12-09,train,0.0,0,0.6304347826086957,0.1060570739208414,0.06544165054803353,0.0,0.048907929449783914,0.0,0.0,0.06721748323456708
Aweil East,2002-12-16,train,0.0,0,0.6304347826086957,0.1060570739208414,0.06544165054803353,0.0,0.06695761623280905,0.0,0.0,0.03925533141124165
Aweil East,2002-12-23,train,0.0,0,0.6304347826086957,0.1060570739208414,0.06544165054803353,0.0,0.11604169486490663,0.0,0.0,0.011659183014438112
Aweil East,2002-12-30,train,0.0,0,0.6304347826086957,0.1060570739208414,0.06544165054803353,0.0,0.03183295751769607,0.0,0.0,0.002414459855379721
Aweil East,2003-01-06,train,0.0,0,0.19852941176470587,0.0,0.06544165054803353,0.0,0.054606167963106994,0.0,0.0,0.007030396450194934
Aweil East,2003-01-13,train,0.0,0,0.19852941176470587,0.0,0.06544165054803353,0.0,0.05697177660614902,0.0,0.0,0.006493158140623315
Aweil East,2003-01-20,train,0.0,0,0.19852941176470587,0.0,0.06544165054803353,0.0,0.07327255863061556,0.0,0.0,0.017580039106567382
Aweil East,2003-01-27,train,0.053040241024586,1,0.19852941176470587,0.0,0.06544165054803353,0.0,0.18028057723794916,0.0,0.0,0.0573931456541742
Aweil East,2003-02-03,train,0.0,0,0.07377049180327869,0.0,0.7527675276752768,0.053040241024586,0.11708298097977943,0.0,0.0,0.04615138301354493
Aweil East,2003-02-10,train,0.0,0,0.07377049180327869,0.0,0.06544165054803353,0.0,0.04948141829813134,0.0,0.0,0.028599685600789675
Aweil East,2003-02-17,train,0.0,0,0.07377049180327869,0.0,0.06544165054803353,0.0,0.07668320830977393,0.0,0.0,0.1329457841381439
Aweil East,2003-02-24,train,0.0,0,0.07377049180327869,0.0,0.06544165054803353,0.0,0.0448962740310738,0.0,0.0,0.007418825559833889
Aweil East,2003-03-03,train,0.0,0,0.007462686567164179,0.0,0.06544165054803353,0.0,0.04549803909051866,0.0,0.0,0.007418825559833889
Aweil East,2003-03-10,train,0.0,0,0.007462686567164179,0.0,0.06544165054803353,0.0,0.06921673192896838,0.0,0.0,0.02894853387643716
Aweil East,2003-03-17,train,0.0,0,0.007462686567164179,0.0,0.06544165054803353,0.0,0.05011381857590671,0.0,0.0,0.007917783870763589
Aweil East,2003-03-24,train,0.0,0,0.007462686567164179,0.0,0.06544165054803353,0.0,0.05011381857590671,0.0,0.0,0.007917783870763589
Aweil East,2003-03-31,train,0.0,0,0.007462686567164179,0.0,0.06544165054803353,0.0,0.09854759936247812,0.0,0.0,0.0347235543087815
Aweil East,2003-04-07,train,0.0,0,0.03787878787878788,0.0,0.06544165054803353,0.0,0.09350899584439397,0.0,0.0,0.03197770633283817
Aweil East,2003-04-14,train,0.0,0,0.03787878787878788,0.0,0.06544165054803353,0.0,0.0908600732050542,0.0,0.0,0.03197770633283817
Aweil East,2003-04-21,train,0.0529178614662581,1,0.03787878787878788,0.0,0.06544165054803353,0.0,0.12071237093151589,0.0,0.0,0.03922362076422594
Aweil East,2003-04-28,train,0.0,0,0.03787878787878788,0.0,0.7527675276752768,0.0529178614662581,0.11337549324252494,0.0,0.0,0.044214698202476914
Aweil East,2003-05-05,train,0.0,0,0.06716417910447761,0.0,0.06544165054803353,0.0,0.12251544424607426,0.0,0.0,0.08067346199029786
Aweil East,2003-05-12,train,0.2647844801220711,1,0.06716417910447761,0.0,0.06544165054803353,0.0,0.1843317816308435,0.0,0.0,0.14937453504135323
Aweil East,2003-05-19,train,0.2117816808625823,1,0.06716417910447761,0.0,0.7527675276752768,0.2647844801220711,0.20587924706057636,0.0,0.0,0.21769888950807015
Aweil East,2003-05-26,train,0.0,0,0.06716417910447761,0.0,0.7527675276752768,0.2117816808625823,0.17507408312330477,0.0,0.0,0.5813657828669081
Aweil East,2003-06-02,train,0.8479582095076582,1,0.08461538461538462,0.0,0.06544165054803353,0.0,0.23447818178204688,0.0,0.0,0.837981310342011
Aweil East,2003-06-09,train,4.878444122618848,1,0.08461538461538462,0.0,0.7527675276752768,0.8479582095076582,0.5686726031288538,0.0,0.062193638829908825,3.3090860606802392
Aweil East,2003-06-16,train,17.50039227327519,1,0.08461538461538462,0.0,0.7527675276752768,4.878444122618848,0.7845805086266531,0.0,0.5111324619184492,14.369456767331789
Aweil East,2003-06-23,train,18.39960829469865,1,0.08461538461538462,0.0,0.7527675276752768,17.50039227327519,0.8815668974508354,0.015268686898443962,5.8491963012089165,20.063103917499202
Aweil East,2003-06-30,train,4.772721350932273,1,0.08461538461538462,0.0,0.7527675276752768,18.39960829469865,0.8948223307783334,0.015268686898443962,6.992876349526308,26.643658535634145
Aweil East,2003-07-07,train,0.8484919143099799,1,0.09558823529411764,0.0,0.7527675276752768,4.772721350932273,0.8271175828986687,0.015268686898443962,1.135208725328646,21.18015370290093
Aweil East,2003-07-14,train,0.6893033630139671,1,0.09558823529411764,0.0,0.7527675276752768,0.8484919143099799,0.8051244050338453,0.0015924790129594006,0.5769999239610881,6.452900573244532
Aweil East,2003-07-21,train,2.438771537181432,1,0.09558823529411764,0.0,0.7527675276752768,0.6893033630139671,0.8031218010453066,0.0015924790129594006,0.5308196555157565,2.9800897894725744
Aweil East,2003-07-28,train,0.1590873346768662,1,0.09558823529411764,0.0,0.7527675276752768,2.438771537181432,0.8208846924804252,0.0,0.6256417361484563,14.28828247052199
Aweil East,2003-08-04,train,8.06028815661021,1,0.553030303030303,0.2117861425016315,0.7527675276752768,0.1590873346768662,0.7563899996496031,0.0015924790129594006,0.3516822684727566,8.836779531140547
Aweil East,2003-08-11,train,10.393462638285389,1,0.553030303030303,0.2117861425016315,0.7527675276752768,8.06028815661021,0.8960521710451337,0.015268686898443962,4.118096813578688,16.67962162646857
Aweil East,2003-08-18,train,28.63340233372049,1,0.553030303030303,0.2117861425016315,0.7527675276752768,10.393462638285389,0.8966020754766835,0.015268686898443962,6.797476081329937,33.45929250039858
Aweil East,2003-08-25,train,2.7574278647914903,1,0.553030303030303,0.2117861425016315,0.7527675276752768,28.63340233372049,0.9078819253623812,0.015268686898443962,9.217415086593752,30.441549701020918
Aweil East,2003-09-01,train,21.528093210614998,1,0.7045454545454546,5.77871250314939,0.7527675276752768,2.7574278647914903,0.7523609160172465,0.0,0.7841692770446109,26.46568442498903
Aweil East,2003-09-08,train,42.2060559951654,1,0.7045454545454546,5.77871250314939,0.7527675276752768,21.528093210614998,0.8934002119190447,0.015268686898443962,7.832562683050534,43.58718288077011
Aweil East,2003-09-15,train,58.853818655899765,1,0.7045454545454546,5.77871250314939,0.7527675276752768,42.2060559951654,0.9073862286356995,0.015268686898443962,17.71517939999641,66.17224417380771
Aweil East,2003-09-22,train,47.93436129962594,1,0.7045454545454546,5.77871250314939,0.7527675276752768,58.853818655899765,0.9075427250457986,0.015268686898443962,25.37576865241083,88.68937142093328
Aweil East,2003-09-29,train,32.341799453364345,1,0.7045454545454546,5.77871250314939,0.7527675276752768,47.93436129962594,0.9083354034249913,0.015268686898443962,24.01560899733443,105.6735859498933
Aweil East,2003-10-06,train,0.6361952598535476,1,0.8602941176470589,24.653744379631284,0.7527675276752768,32.341799453364345,0.9083354034249913,0.015268686898443962,12.038441089578402,83.92879646979564
Aweil East,2003-10-13,train,26.9352647970434,1,0.8602941176470589,24.653744379631284,0.7527675276752768,0.6361952598535476,0.7984767746264396,0.0015924790129594006,0.6918852229467728,33.57346006492064
Aweil East,2003-10-20,train,42.47007372757487,1,0.8602941176470589,24.653744379631284,0.7527675276752768,26.9352647970434,0.900756675744929,0.015268686898443962,10.438156738754454,60.61269003490378
Aweil East,2003-10-27,train,32.18356393854181,1,0.8602941176470589,24.653744379631284,0.7527675276752768,42.47007372757487,0.9067091344556147,0.015268686898443962,20.902186716895557,60.59981419617746
Aweil East,2003-11-03,train,15.32353735297643,1,0.7578125,1.960766295700251,0.7527675276752768,32.18356393854181,0.9077208232790239,0.015268686898443962,10.760030038049127,35.650340795626946
Aweil East,2003-11-10,train,22.37484845396885,1,0.7578125,1.960766295700251,0.7527675276752768,15.32353735297643,0.9015136491374037,0.015268686898443962,5.106744908759539,24.19709242496429
Aweil East,2003-11-17,train,16.118442915027387,1,0.7578125,1.960766295700251,0.7527675276752768,22.37484845396885,0.9077208232790239,0.015268686898443962,8.584940650975808,23.414989962072525
Aweil East,2003-11-24,train,5.407378768104837,1,0.7578125,1.960766295700251,0.7527675276752768,16.118442915027387,0.9077496584684929,0.015268686898443962,5.2775754052584025,10.916449083741787
Aweil East,2003-12-01,train,3.392605096244271,1,0.6304347826086957,0.1060570739208414,0.7527675276752768,5.407378768104837,0.8908010709472277,0.015268686898443962,1.1245359734245675,3.390795663790301
Aweil East,2003-12-08,train,1.9613570933392035,1,0.6304347826086957,0.1060570739208414,0.7527675276752768,3.392605096244271,0.82861809804559,0.0019077954898751414,0.601851632153797,2.026559712055179
Aweil East,2003-12-15,train,1.5375275373071124,1,0.6304347826086957,0.1060570739208414,0.7527675276752768,1.9613570933392035,0.8371344863747919,0.0019077954898751414,0.4210497019921987,1.515191550465987
Aweil East,2003-12-22,train,0.0530310064901563,1,0.6304347826086957,0.1060570739208414,0.7527675276752768,1.5375275373071124,0.8413305287748976,0.0019077954898751414,0.1861858647624252,1.237950239112569
Aweil East,2003-12-29,train,0.530309765063666,1,0.6304347826086957,0.1060570739208414,0.7527675276752768,0.0530310064901563,0.7149152690539163,0.0015924790129594006,0.12604855169879436,1.1618109307928972
Aweil East,2004-01-05,train,0.0530310064901563,1,0.19852941176470587,0.0,0.7527675276752768,0.530309765063666,0.7097348641051651,0.0015924790129594006,0.1457735351395533,1.2457870473797947
Aweil East,2004-01-12,train,0.1590927203940924,1,0.19852941176470587,0.0,0.7527675276752768,0.0530310064901563,0.7008638835030506,0.0015924790129594006,0.1093004815767099,0.15376867436452665
Aweil East,2004-01-19,train,0.0,0,0.19852941176470587,0.0,0.7527675276752768,0.1590927203940924,0.15342389185376218,0.0,0.0,0.13597639623581026
Aweil East,2004-01-26,train,0.0,0,0.19852941176470587,0.0,0.06544165054803353,0.0,0.20027108490893228,0.0,0.0,0.2318469155973371
Aweil East,2004-02-02,train,0.0,0,0.07377049180327869,0.0,0.06544165054803353,0.0,0.07129939705303821,0.0,0.0,0.07938196479710169
Aweil East,2004-02-09,train,0.0,0,0.07377049180327869,0.0,0.06544165054803353,0.0,0.03046980817646453,0.0,0.0,0.0020085161418667424
Aweil East,2004-02-16,train,0.0,0,0.07377049180327869,0.0,0.06544165054803353,0.0,0.028860417405076073,0.0,0.0,0.0020085161418667424
Aweil East,2004-02-23,train,0.0,0,0.07377049180327869,0.0,0.06544165054803353,0.0,0.028860417405076073,0.0,0.0,0.0020085161418667424
Aweil East,2004-03-01,train,0.0,0,0.007462686567164179,0.0,0.06544165054803353,0.0,0.028922811127719453,0.0,0.0,0.0020085161418667424
Aweil East,2004-03-08,train,0.0,0,0.007462686567164179,0.0,0.06544165054803353,0.0,0.06554966475302215,0.0,0.0,0.04413583315386408
Aweil East,2004-03-15,train,0.0,0,0.007462686567164179,0.0,0.06544165054803353,0.0,0.03319652425551821,0.0,0.0,0.0020085161418667424
Aweil East,2004-03-22,train,0.0,0,0.007462686567164179,0.0,0.06544165054803353,0.0,0.03310660149655563,0.0,0.0,0.0020085161418667424
Aweil East,2004-03-29,train,0.0,0,0.007462686567164179,0.0,0.06544165054803353,0.0,0.03534002047281738,0.0,0.0,0.003411398782830839
Aweil East,2004-04-05,train,0.0,0,0.03787878787878788,0.0,0.06544165054803353,0.0,0.03925539391593576,0.0,0.0,0.0020085161418667424
Aweil East,2004-04-12,train,0.0,0,0.03787878787878788,0.0,0.06544165054803353,0.0,0.037526262696485756,0.0,0.0,0.0020085161418667424
Aweil East,2004-04-19,train,0.0,0,0.03787878787878788,0.0,0.06544165054803353,0.0,0.047640667632409414,0.0,0.0,0.004258715747913191
Aweil East,2004-04-26,train,0.0,0,0.03787878787878788,0.0,0.06544165054803353,0.0,0.05075854213656589,0.0,0.0,0.005902614684103928
Aweil East,2004-05-03,train,0.1588211943278278,1,0.06716417910447761,0.0,0.06544165054803353,0.0,0.06222685121118471,0.0,0.0,0.037423972774008815
Aweil East,2004-05-10,train,0.0,0,0.06716417910447761,0.0,0.7527675276752768,0.1588211943278278,0.09875444558224972,0.0,0.0,0.04251183501280721
Aweil East,2004-05-17,train,0.0,0,0.06716417910447761,0.0,0.06544165054803353,0.0,0.06745992405051153,0.0,0.0,0.48865203121085293
Aweil East,2004-05-24,train,0.0,0,0.06716417910447761,0.0,0.06544165054803353,0.0,0.057985949705521504,0.0,0.0,0.1185517174062257
Aweil East,2004-05-31,train,0.0,0,0.06716417910447761,0.0,0.06544165054803353,0.0,0.03210285563535884,0.0,0.0,0.0020085161418667424
Aweil East,2004-06-07,train,0.0,0,0.08461538461538462,0.0,0.06544165054803353,0.0,0.031028932113909984,0.0,0.0,0.0020085161418667424
Aweil East,2004-06-14,train,0.0,0,0.08461538461538462,0.0,0.06544165054803353,0.0,0.031028932113909984,0.0,0.0,0.0020085161418667424
Aweil East,2004-06-21,train,0.0,0,0.08461538461538462,0.0,0.06544165054803353,0.0,0.031109164758438307,0.0,0.0,0.0020085161418667424
Aweil East,2004-06-28,train,0.0,0,0.08461538461538462,0.0,0.06544165054803353,0.0,0.032799454351497115,0.0,0.0,0.002008558238167887
Aweil East,2004-07-05,train,0.0,0,0.09558823529411764,0.0,0.06544165054803353,0.0,0.03274304460271576,0.0,0.0,0.002008558238167887
Aweil East,2004-07-12,train,0.0,0,0.09558823529411764,0.0,0.06544165054803353,0.0,0.04891951541318308,0.0,0.0,0.0025832346197338083
Aweil East,2004-07-19,train,0.0,0,0.09558823529411764,0.0,0.06544165054803353,0.0,0.04867643390938471,0.0,0.0,0.005317207208586755
Aweil East,2004-07-26,train,0.0,0,0.09558823529411764,0.0,0.06544165054803353,0.0,0.03721482830492267,0.0,0.0,0.0036572784551295438
Aweil East,2004-08-02,train,0.0,0,0.553030303030303,0.2117861425016315,0.06544165054803353,0.0,0.04474270054382777,0.0,0.0,0.16630552852880282
Aweil East,2004-08-09,train,0.0,0,0.553030303030303,0.2117861425016315,0.06544165054803353,0.0,0.0800189076640533,0.0,0.0,0.4430924238230278
Aweil East,2004-08-16,train,1.166728727985216,1,0.553030303030303,0.2117861425016315,0.06544165054803353,0.0,0.5016687600509998,0.0,0.013410173941202705,1.2293975063427411
Aweil East,2004-08-23,train,5.939706592544097,1,0.553030303030303,0.2117861425016315,0.7527675276752768,1.166728727985216,0.6810836531660308,0.0,0.19420261193302843,5.9354987084797886
Aweil East,2004-08-30,train,1.6439924528704584,1,0.553030303030303,0.2117861425016315,0.7527675276752768,5.939706592544097,0.8346577260962109,0.04963844111232155,1.944906501163447,13.048810063606815
Aweil East,2004-09-06,train,0.0,0,0.7045454545454546,5.77871250314939,0.7527675276752768,1.6439924528704584,0.5756733586083628,0.0,0.11812081902316586,6.905399559998565
Aweil East,2004-09-13,train,0.0,0,0.7045454545454546,5.77871250314939,0.06544165054803353,0.0,0.5616488577047049,0.0,0.20112642226489932,12.14044904689251
Aweil East,2004-09-20,train,0.0,0,0.7045454545454546,5.77871250314939,0.06544165054803353,0.0,0.35873851529513506,0.0,0.054916057923053166,11.43642185706852
Aweil East,2004-09-27,train,0.3180400158734499,1,0.7045454545454546,5.77871250314939,0.06544165054803353,0.0,0.5142931924429671,0.0,0.0013856057956568215,9.395487706301125
Aweil East,2004-10-04,train,0.0529992274420871,1,0.8602941176470589,24.653744379631284,0.7527675276752768,0.3180400158734499,0.5761477987500568,0.0,0.17116623231789893,6.411914882708431
Aweil East,2004-10-11,train,0.0,0,0.8602941176470589,24.653744379631284,0.7527675276752768,0.0529992274420871,0.45929517843660794,0.0,0.049891594171197685,4.325133924810352
Aweil East,2004-10-18,train,0.0529949317808859,1,0.8602941176470589,24.653744379631284,0.06544165054803353,0.0,0.5108323627213215,0.0,0.05366383173396258,2.496589572039948
Aweil East,2004-10-25,train,0.0529952391295775,1,0.8602941176470589,24.653744379631284,0.7527675276752768,0.0529949317808859,0.6806738090015872,0.0,0.055650526641606725,1.7697685868270825
Aweil East,2004-11-01,train,0.0529493167726956,1,0.7578125,1.960766295700251,0.7527675276752768,0.0529952391295775,0.5755578126562593,0.0,0.0013396124295301773,0.9837268764158505
Aweil East,2004-11-08,train,0.0529995336694297,1,0.7578125,1.960766295700251,0.7527675276752768,0.0529493167726956,0.38569732353943076,0.0,0.0028490382877454437,0.052553211181612464
Aweil East,2004-11-15,train,0.0,0,0.7578125,1.960766295700251,0.7527675276752768,0.0529995336694297,0.40490634375381734,0.0,0.01551369882040062,0.17846242239892265
Aweil East,2004-11-22,train,0.0,0,0.7578125,1.960766295700251,0.06544165054803353,0.0,0.2932873243512311,0.0,0.0054295846563893945,0.07112441169272801
Aweil East,2004-11-29,train,0.0,0,0.7578125,1.960766295700251,0.06544165054803353,0.0,0.056632393477631986,0.0,0.0,0.03477817430962665
Aweil East,2004-12-06,train,0.0,0,0.6304347826086957,0.1060570739208414,0.06544165054803353,0.0,0.039959168446954026,0.0,0.0,0.019459736505804414
Aweil East,2004-12-13,train,0.0,0,0.6304347826086957,0.1060570739208414,0.06544165054803353,0.0,0.040481048102041665,0.0,0.0,0.012613537550540956
Aweil East,2004-12-20,train,0.1588301314069499,1,0.6304347826086957,0.1060570739208414,0.06544165054803353,0.0,0.20319903767765643,0.0,0.0,0.0611575049357146
Aweil East,2004-12-27,train,0.0,0,0.6304347826086957,0.1060570739208414,0.7527675276752768,0.1588301314069499,0.19898267889701896,0.0,0.0,0.08801912989845131
Aweil East,2005-01-03,train,0.0,0,0.19852941176470587,0.0,0.06544165054803353,0.0,0.09591185013256942,0.0,0.0,0.24923709353840612
Aweil East,2005-01-10,train,0.0,0,0.19852941176470587,0.0,0.06544165054803353,0.0,0.03875510170345545,0.0,0.0,0.02061495664877538
Aweil East,2005-01-17,train,0.0,0,0.19852941176470587,0.0,0.06544165054803353,0.0,0.04434052047561515,0.0,0.0,0.004171720632327767
Aweil East,2005-01-24,train,0.0,0,0.19852941176470587,0.0,0.06544165054803353,0.0,0.10684680381168606,0.0,0.0,0.04526951068348759
Aweil East,2005-01-31,train,0.0,0,0.19852941176470587,0.0,0.06544165054803353,0.0,0.03688817610588485,0.0,0.0,0.004419449808979216
Aweil East,2005-02-07,train,0.0,0,0.07377049180327869,0.0,0.06544165054803353,0.0,0.029508606388941223,0.0,0.0,0.0020085161418667424
Aweil East,2005-02-14,train,0.0,0,0.07377049180327869,0.0,0.06544165054803353,0.0,0.028969411005423818,0.0,0.0,0.0020085161418667424
Aweil East,2005-02-21,train,0.0,0,0.07377049180327869,0.0,0.06544165054803353,0.0,0.028969411005423818,0.0,0.0,0.0020085161418667424
Aweil East,2005-02-28,train,0.0,0,0.07377049180327869,0.0,0.06544165054803353,0.0,0.028969411005423818,0.0,0.0,0.0020085161418667424
Aweil East,2005-03-07,train,0.0,0,0.007462686567164179,0.0,0.06544165054803353,0.0,0.03058029031574016,0.0,0.0,0.0020085161418667424
Aweil East,2005-03-14,train,0.0,0,0.007462686567164179,0.0,0.06544165054803353,0.0,0.03800969337373245,0.0,0.0,0.0028630685973039557
Aweil East,2005-03-21,train,0.0,0,0.007462686567164179,0.0,0.06544165054803353,0.0,0.03323108240812305,0.0,0.0,0.0020085161418667424
Aweil East,2005-03-28,train,0.0,0,0.007462686567164179,0.0,0.06544165054803353,0.0,0.035472590959297376,0.0,0.0,0.0020085161418667424
Aweil East,2005-04-04,train,0.0,0,0.03787878787878788,0.0,0.06544165054803353,0.0,0.03660273495278479,0.0,0.0,0.0020085161418667424
Aweil East,2005-04-11,train,0.0,0,0.03787878787878788,0.0,0.06544165054803353,0.0,0.037666714170642886,0.0,0.0,0.0020085161418667424
Aweil East,2005-04-18,train,0.0,0,0.03787878787878788,0.0,0.06544165054803353,0.0,0.045765217290036624,0.0,0.0,0.0038779399820816373
Aweil East,2005-04-25,train,0.0,0,0.03787878787878788,0.0,0.06544165054803353,0.0,0.049013122300697765,0.0,0.0,0.005048062228666713
Aweil East,2005-05-02,train,0.0,0,0.06716417910447761,0.0,0.06544165054803353,0.0,0.04388791698660872,0.0,0.0,0.005902614684103928
Aweil East,2005-05-09,train,0.0,0,0.06716417910447761,0.0,0.06544165054803353,0.0,0.039642638789038356,0.0,0.0,0.0025422358873246004
Aweil East,2005-05-16,train,0.0,0,0.06716417910447761,0.0,0.06544165054803353,0.0,0.0319593794013945,0.0,0.0,0.0020085161418667424
Aweil East,2005-05-23,train,0.0,0,0.06716417910447761,0.0,0.06544165054803353,0.0,0.030718636572624823,0.0,0.0,0.0020085161418667424
Aweil East,2005-05-30,train,0.0,0,0.06716417910447761,0.0,0.06544165054803353,0.0,0.030718636572624823,0.0,0.0,0.0020085161418667424
Aweil East,2005-06-06,train,0.0,0,0.08461538461538462,0.0,0.06544165054803353,0.0,0.029786975521035052,0.0,0.0,0.0020085161418667424
Aweil East,2005-06-13,train,0.0,0,0.08461538461538462,0.0,0.06544165054803353,0.0,0.029786975521035052,0.0,0.0,0.0020085161418667424
Aweil East,2005-06-20,train,0.0,0,0.08461538461538462,0.0,0.06544165054803353,0.0,0.02986409576883486,0.0,0.0,0.0020085161418667424
Aweil East,2005-06-27,train,0.0,0,0.08461538461538462,0.0,0.06544165054803353,0.0,0.031488934229472396,0.0,0.0,0.002008558238167887
Aweil East,2005-07-04,train,0.0,0,0.09558823529411764,0.0,0.06544165054803353,0.0,0.03143470511025118,0.0,0.0,0.002008558238167887
Aweil East,2005-07-11,train,0.0,0,0.09558823529411764,0.0,0.06544165054803353,0.0,0.052331259628812875,0.0,0.0,0.0058770472058967595
Aweil East,2005-07-18,train,0.0,0,0.09558823529411764,0.0,0.06544165054803353,0.0,0.03269797729931318,0.0,0.0,0.002583237229137669
Aweil East,2005-07-25,train,0.0,0,0.09558823529411764,0.0,0.06544165054803353,0.0,0.03605588319713307,0.0,0.0,0.0030805629017315664
Aweil East,2005-08-01,train,0.0,0,0.553030303030303,0.2117861425016315,0.06544165054803353,0.0,0.0437403005576376,0.0,0.0,0.15458094645562295
Aweil East,2005-08-08,train,0.0,0,0.553030303030303,0.2117861425016315,0.06544165054803353,0.0,0.08230290960480341,0.0,0.0,0.40169666214959304
Aweil East,2005-08-15,train,0.0530363766421614,1,0.553030303030303,0.2117861425016315,0.06544165054803353,0.0,0.5928762832574164,0.0,0.015498678757059481,1.0435329190566067
Aweil East,2005-08-22,train,1.537770151124744,1,0.553030303030303,0.2117861425016315,0.7527675276752768,0.0530363766421614,0.6641558510206933,0.0,0.15240402311896503,2.441193254447863
Aweil East,2005-08-29,train,5.302717077457789,1,0.553030303030303,0.2117861425016315,0.7527675276752768,1.537770151124744,0.6527367185871289,0.0,0.16477136201096668,5.264787306041292
Aweil East,2005-09-05,train,0.0,0,0.7045454545454546,5.77871250314939,0.7527675276752768,5.302717077457789,0.6672925227122276,0.04963844111232155,1.9713682877439347,14.455462793221887
Aweil East,2005-09-12,train,0.848450294105089,1,0.7045454545454546,5.77871250314939,0.06544165054803353,0.0,0.7389713948150866,0.0,0.20112642226489932,10.127406273614694
Aweil East,2005-09-19,train,8.802702895803153,1,0.7045454545454546,5.77871250314939,0.7527675276752768,0.848450294105089,0.8293170299788141,0.0015924790129594006,0.7101510656569261,13.55699370785219
Aweil East,2005-09-26,train,21.793279532637406,1,0.7045454545454546,5.77871250314939,0.7527675276752768,8.802702895803153,0.8946434472044537,0.04963844111232155,6.701728722460487,46.7723633267995
Aweil East,2005-10-03,train,14.689064206413123,1,0.8602941176470589,24.653744379631284,0.7527675276752768,21.793279532637406,0.9066943631086564,0.04963844111232155,11.43133358132585,44.096705503631696
Aweil East,2005-10-10,train,73.70391642377231,1,0.8602941176470589,24.653744379631284,0.7527675276752768,14.689064206413123,0.9048018469606155,0.04963844111232155,7.008254975300883,59.23826852907346
Aweil East,2005-10-17,train,24.338447603994968,1,0.8602941176470589,24.653744379631284,0.7527675276752768,73.70391642377231,0.9103749026550578,0.04963844111232155,20.917224031993335,100.09441425488654
Aweil East,2005-10-24,train,49.62675389066155,1,0.8602941176470589,24.653744379631284,0.7527675276752768,24.338447603994968,0.9102227258640728,0.04963844111232155,10.760472822883159,96.72177078511035
Aweil East,2005-10-31,train,31.171880520087665,1,0.8602941176470589,24.653744379631284,0.7527675276752768,49.62675389066155,0.9090608493116101,0.04963844111232155,20.78957679710288,76.38747715037715
Aweil East,2005-11-07,train,7.4200504007275025,1,0.7578125,1.960766295700251,0.7527675276752768,31.171880520087665,0.9090608493116101,0.04963844111232155,8.462393989407682,42.69063213026907
Aweil East,2005-11-14,train,2.861461657407157,1,0.7578125,1.960766295700251,0.7527675276752768,7.4200504007275025,0.9029341735646446,0.04963844111232155,2.294327604381907,13.233440562916735
Aweil East,2005-11-21,train,2.1719283549032244,1,0.7578125,1.960766295700251,0.7527675276752768,2.861461657407157,0.8319727861194482,0.0019077954898751414,0.58036640362778,6.55181826042693
Aweil East,2005-11-28,train,1.1127478319636204,1,0.7578125,1.960766295700251,0.7527675276752768,2.1719283549032244,0.837682815950179,0.0019077954898751414,0.600930286131405,1.8555520675180996
Aweil East,2005-12-05,train,0.5298404949677836,1,0.6304347826086957,0.1060570739208414,0.7527675276752768,1.1127478319636204,0.7776113922863751,0.0015924790129594006,0.23143930640427002,1.0004958108274697
Aweil East,2005-12-12,train,0.1058960921930008,1,0.6304347826086957,0.1060570739208414,0.7527675276752768,0.5298404949677836,0.7618300374041161,0.0015924790129594006,0.15433619154054748,0.8885486471042424
Aweil East,2005-12-19,train,0.1588428661378231,1,0.6304347826086957,0.1060570739208414,0.7527675276752768,0.1058960921930008,0.7584516086328322,0.0015924790129594006,0.10784239197743631,0.7685535999855005
Aweil East,2005-12-26,train,0.0,0,0.6304347826086957,0.1060570739208414,0.7527675276752768,0.1588428661378231,0.5115635462153346,0.0015924790129594006,0.06398387160416968,0.13233821903008325
Aweil East,2006-01-02,train,0.0530226076315437,1,0.19852941176470587,0.0,0.06544165054803353,0.0,0.19026637397647903,0.0,0.0,0.167300693601237
Aweil East,2006-01-09,train,0.0,0,0.19852941176470587,0.0,0.7527675276752768,0.0530226076315437,0.17660245786543782,0.0,0.01940337296244547,0.04095142470836675
Aweil East,2006-01-16,train,0.0,0,0.19852941176470587,0.0,0.06544165054803353,0.0,0.04687377148012552,0.0,0.0,0.022630339844843365
Aweil East,2006-01-23,train,0.0,0,0.19852941176470587,0.0,0.06544165054803353,0.0,0.053056661619093226,0.0,0.0,0.043692999739377805
Aweil East,2006-01-30,train,0.0,0,0.19852941176470587,0.0,0.06544165054803353,0.0,0.03549759317039918,0.0,0.0,0.0020669502382310388
Aweil East,2006-02-06,train,0.0,0,0.07377049180327869,0.0,0.06544165054803353,0.0,0.029909308065341478,0.0,0.0,0.0020085161418667424
Aweil East,2006-02-13,train,0.0,0,0.07377049180327869,0.0,0.06544165054803353,0.0,0.029363012396400823,0.0,0.0,0.0020085161418667424
Aweil East,2006-02-20,train,0.0,0,0.07377049180327869,0.0,0.06544165054803353,0.0,0.029363012396400823,0.0,0.0,0.0020085161418667424
Aweil East,2006-02-27,train,0.0,0,0.07377049180327869,0.0,0.06544165054803353,0.0,0.029363012396400823,0.0,0.0,0.0020085161418667424
Aweil East,2006-03-06,train,0.0,0,0.007462686567164179,0.0,0.06544165054803353,0.0,0.03099507977240917,0.0,0.0,0.0034795892477863808
Aweil East,2006-03-13,train,0.0,0,0.007462686567164179,0.0,0.06544165054803353,0.0,0.04036935627483197,0.0,0.0,0.0028630685973039557
Aweil East,2006-03-20,train,0.0,0,0.007462686567164179,0.0,0.06544165054803353,0.0,0.03368057787717414,0.0,0.0,0.0020085161418667424
Aweil East,2006-03-27,train,0.0,0,0.007462686567164179,0.0,0.06544165054803353,0.0,0.03673200079611959,0.0,0.0,0.0020085161418667424
Aweil East,2006-04-03,train,0.0,0,0.03787878787878788,0.0,0.06544165054803353,0.0,0.037096086632513195,0.0,0.0,0.0020085161418667424
Aweil East,2006-04-10,train,0.0,0,0.03787878787878788,0.0,0.06544165054803353,0.0,0.03951126225176499,0.0,0.0,0.0020085161418667424
Aweil East,2006-04-17,train,0.0,0,0.03787878787878788,0.0,0.06544165054803353,0.0,0.046376121008326825,0.0,0.0,0.0038779399820816373
Aweil East,2006-04-24,train,0.0,0,0.03787878787878788,0.0,0.06544165054803353,0.0,0.04862339007030095,0.0,0.0,0.005048062228666713
Aweil East,2006-05-01,train,0.0,0,0.06716417910447761,0.0,0.06544165054803353,0.0,0.04454822433488205,0.0,0.0,0.006895948107638912
Aweil East,2006-05-08,train,0.0,0,0.06716417910447761,0.0,0.06544165054803353,0.0,0.040175255293216056,0.0,0.0,0.0025422358873246004
Aweil East,2006-05-15,train,0.0,0,0.06716417910447761,0.0,0.06544165054803353,0.0,0.0323922497103837,0.0,0.0,0.0020085161418667424
Aweil East,2006-05-22,train,0.0,0,0.06716417910447761,0.0,0.06544165054803353,0.0,0.03113524228168725,0.0,0.0,0.0020085161418667424
Aweil East,2006-05-29,train,0.0,0,0.06716417910447761,0.0,0.06544165054803353,0.0,0.03113524228168725,0.0,0.0,0.0020085161418667424
Aweil East,2006-06-05,train,0.0,0,0.08461538461538462,0.0,0.06544165054803353,0.0,0.030191339618793243,0.0,0.0,0.0020085161418667424
Aweil East,2006-06-12,train,0.0,0,0.08461538461538462,0.0,0.06544165054803353,0.0,0.030191339618793243,0.0,0.0,0.0020085161418667424
Aweil East,2006-06-19,train,0.0,0,0.08461538461538462,0.0,0.06544165054803353,0.0,0.030269474126523647,0.0,0.0,0.0020085161418667424
Aweil East,2006-06-26,train,0.0,0,0.08461538461538462,0.0,0.06544165054803353,0.0,0.03784778385834252,0.0,0.0,0.010416487938378469
Aweil East,2006-07-03,train,0.0,0,0.09558823529411764,0.0,0.06544165054803353,0.0,0.033520283529324,0.0,0.0,0.002008517327181252
Aweil East,2006-07-10,train,0.0530316042954939,1,0.09558823529411764,0.0,0.06544165054803353,0.0,0.06430802743033781,0.0,0.0,0.010284944247482053
Aweil East,2006-07-17,train,0.0,0,0.09558823529411764,0.0,0.7527675276752768,0.0530316042954939,0.1729484243428467,0.0,0.0739684528646917,0.08558377382254087
Aweil East,2006-07-24,train,0.0,0,0.09558823529411764,0.0,0.06544165054803353,0.0,0.03815357298164175,0.0,0.0,0.0757883678315825
Aweil East,2006-07-31,train,0.0,0,0.09558823529411764,0.0,0.06544165054803353,0.0,0.049089326948992464,0.0,0.0,0.08359689640108105
Aweil East,2006-08-07,train,0.0,0,0.553030303030303,0.2117861425016315,0.06544165054803353,0.0,0.08609046393491562,0.0,0.0,0.6014806597628233
Aweil East,2006-08-14,train,0.4242491310114949,1,0.553030303030303,0.2117861425016315,0.06544165054803353,0.0,0.6747263024526764,0.0,0.01708881150763026,1.1747866679058965
Aweil East,2006-08-21,train,0.0,0,0.553030303030303,0.2117861425016315,0.7527675276752768,0.4242491310114949,0.6269399922569668,0.0,0.15630483175697005,3.322329061293093
Aweil East,2006-08-28,train,0.0,0,0.553030303030303,0.2117861425016315,0.06544165054803353,0.0,0.41413053270317685,0.0,0.004757962642619392,5.951841165021687
Aweil East,2006-09-04,train,10.127807890148697,1,0.7045454545454546,5.77871250314939,0.06544165054803353,0.0,0.5878633915236263,0.0,0.08783924420969301,6.51473578078316
Aweil East,2006-09-11,train,6.044790237928855,1,0.7045454545454546,5.77871250314939,0.7527675276752768,10.127807890148697,0.90109813363636,0.04963844111232155,6.422773351481639,23.13602487127294
Aweil East,2006-09-18,train,0.0,0,0.7045454545454546,5.77871250314939,0.7527675276752768,6.044790237928855,0.8301621394806301,0.04963844111232155,2.010341469095787,21.441842804746578
Aweil East,2006-09-25,train,2.650796977019888,1,0.7045454545454546,5.77871250314939,0.06544165054803353,0.0,0.7688229161991774,0.0,0.23191336296666873,16.250453419392763
Aweil East,2006-10-02,train,83.56158776542998,1,0.8602941176470589,24.653744379631284,0.7527675276752768,2.650796977019888,0.8636821697211523,0.04963844111232155,3.5729442698341938,47.920411182468726
Aweil East,2006-10-09,train,39.978174381082745,1,0.8602941176470589,24.653744379631284,0.7527675276752768,83.56158776542998,0.9050791183650424,0.04963844111232155,25.475916057081545,155.07985319007108
Aweil East,2006-10-16,train,16.96723314562162,1,0.8602941176470589,24.653744379631284,0.7527675276752768,39.978174381082745,0.9041603625958808,0.04963844111232155,18.340239272334166,94.28841009300841
Aweil East,2006-10-23,train,58.7975608417928,1,0.8602941176470589,24.653744379631284,0.7527675276752768,16.96723314562162,0.9029341735646446,0.04963844111232155,5.687893486424646,62.18458507310148
Aweil East,2006-10-30,train,31.75707762251839,1,0.8602941176470589,24.653744379631284,0.7527675276752768,58.7975608417928,0.9090608493116101,0.04963844111232155,20.038115423032913,75.29326309116556
Aweil East,2006-11-06,train,20.36028402985474,1,0.7578125,1.960766295700251,0.7527675276752768,31.75707762251839,0.9102227258640728,0.04963844111232155,8.96691253290915,43.5705508690745
Aweil East,2006-11-13,train,10.497631179970304,1,0.7578125,1.960766295700251,0.7527675276752768,20.36028402985474,0.9029341735646446,0.04963844111232155,5.224875111059714,16.305240205254666
Aweil East,2006-11-20,train,8.797739575117468,1,0.7578125,1.960766295700251,0.7527675276752768,10.497631179970304,0.9071226483111108,0.04963844111232155,2.395476842611442,10.490158877981644
Aweil East,2006-11-27,train,2.331734693864409,1,0.7578125,1.960766295700251,0.7527675276752768,8.797739575117468,0.9079142467051143,0.04963844111232155,2.2779778774783885,3.2338905621807377
Aweil East,2006-12-04,train,1.0598007550500612,1,0.6304347826086957,0.1060570739208414,0.7527675276752768,2.331734693864409,0.8626670421698172,0.0019077954898751414,0.6173084926881882,1.0507036639627059
Aweil East,2006-12-11,train,0.2118698465813,1,0.6304347826086957,0.1060570739208414,0.7527675276752768,1.0598007550500612,0.7733126501296629,0.0015924790129594006,0.20044924150935176,1.0818945508298192
Aweil East,2006-12-18,train,1.9603649581941365,1,0.6304347826086957,0.1060570739208414,0.7527675276752768,0.2118698465813,0.7824157608520919,0.0015924790129594006,0.1430582751275994,1.5869499116285557
Aweil East,2006-12-25,train,2.0658636510195727,1,0.6304347826086957,0.1060570739208414,0.7527675276752768,1.9603649581941365,0.8079114549814297,0.0019077954898751414,0.27807301030562853,2.138233305136378
Aweil East,2007-01-01,train,0.053028612327057,1,0.19852941176470587,0.0,0.7527675276752768,2.0658636510195727,0.7880245886928562,0.0019077954898751414,0.30620906227128303,1.8715048327442434
Aweil East,2007-01-08,train,0.159086734350562,1,0.19852941176470587,0.0,0.7527675276752768,0.053028612327057,0.5881440997113191,0.0,0.08467722124737087,0.9464199178620727
Aweil East,2007-01-15,train,0.0,0,0.19852941176470587,0.0,0.7527675276752768,0.159086734350562,0.3456247445744182,0.0,0.0009990452746239525,0.10651307087284005
Aweil East,2007-01-22,train,0.0,0,0.19852941176470587,0.0,0.06544165054803353,0.0,0.1439033642171783,0.0,0.0,0.1342364910200829
Aweil East,2007-01-29,train,0.0,0,0.19852941176470587,0.0,0.06544165054803353,0.0,0.06852854754868577,0.0,0.0,0.01772863367026336
Aweil East,2007-02-05,train,0.0,0,0.07377049180327869,0.0,0.06544165054803353,0.0,0.03000738355286393,0.0,0.0,0.0020085161418667424
Aweil East,2007-02-12,train,0.0,0,0.07377049180327869,0.0,0.06544165054803353,0.0,0.029363012396400823,0.0,0.0,0.0020085161418667424
Aweil East,2007-02-19,train,0.0,0,0.07377049180327869,0.0,0.06544165054803353,0.0,0.029363012396400823,0.0,0.0,0.0020085161418667424
Aweil East,2007-02-26,train,0.0,0,0.07377049180327869,0.0,0.06544165054803353,0.0,0.029363012396400823,0.0,0.0,0.0020085161418667424
Aweil East,2007-03-05,train,0.0,0,0.007462686567164179,0.0,0.06544165054803353,0.0,0.03053256825100876,0.0,0.0,0.0020085161418667424
Aweil East,2007-03-12,train,0.0,0,0.007462686567164179,0.0,0.06544165054803353,0.0,0.04325914791198855,0.0,0.0,0.0031621810159409014
Aweil East,2007-03-19,train,0.0,0,0.007462686567164179,0.0,0.06544165054803353,0.0,0.03368057787717414,0.0,0.0,0.0020085161418667424
Aweil East,2007-03-26,train,0.0,0,0.007462686567164179,0.0,0.06544165054803353,0.0,0.03673200079611959,0.0,0.0,0.0020085161418667424
Aweil East,2007-04-02,train,0.0,0,0.03787878787878788,0.0,0.06544165054803353,0.0,0.03884805216043414,0.0,0.0,0.0020085161418667424
Aweil East,2007-04-09,train,0.0,0,0.03787878787878788,0.0,0.06544165054803353,0.0,0.05175777186582552,0.0,0.0,0.004659283286862747
Aweil East,2007-04-16,train,0.0,0,0.03787878787878788,0.0,0.06544165054803353,0.0,0.046376121008326825,0.0,0.0,0.0038779399820816373
Aweil East,2007-04-23,train,0.0,0,0.03787878787878788,0.0,0.06544165054803353,0.0,0.04862339007030095,0.0,0.0,0.005048062228666713
Aweil East,2007-04-30,train,0.0,0,0.03787878787878788,0.0,0.06544165054803353,0.0,0.04372796839723608,0.0,0.0,0.005902614684103928
Aweil East,2007-05-07,train,0.0,0,0.06716417910447761,0.0,0.06544165054803353,0.0,0.04534151558985698,0.0,0.0,0.02202509179463087
Aweil East,2007-05-14,train,0.0,0,0.06716417910447761,0.0,0.06544165054803353,0.0,0.029816076454891524,0.0,0.0,0.0025973693736480565
Aweil East,2007-05-21,train,0.0,0,0.06716417910447761,0.0,0.06544165054803353,0.0,0.029816076454891524,0.0,0.0,0.0020085161418667424
Aweil East,2007-05-28,train,0.0,0,0.06716417910447761,0.0,0.06544165054803353,0.0,0.02891097253864088,0.0,0.0,0.0020085161418667424
Aweil East,2007-06-04,train,0.0,0,0.08461538461538462,0.0,0.06544165054803353,0.0,0.02891097253864088,0.0,0.0,0.0020085161418667424
Aweil East,2007-06-11,train,0.0,0,0.08461538461538462,0.0,0.06544165054803353,0.0,0.02891097253864088,0.0,0.0,0.0020085161418667424
Aweil East,2007-06-18,train,0.0,0,0.08461538461538462,0.0,0.06544165054803353,0.0,0.028985892521747464,0.0,0.0,0.0020085161418667424
Aweil East,2007-06-25,train,0.0,0,0.08461538461538462,0.0,0.06544165054803353,0.0,0.036254857399989314,0.0,0.0,0.010374227481714264
Aweil East,2007-07-02,train,0.0,0,0.09558823529411764,0.0,0.06544165054803353,0.0,0.03555119998052865,0.0,0.0,0.002444168015375176
Aweil East,2007-07-09,train,0.0,0,0.09558823529411764,0.0,0.06544165054803353,0.0,0.03585365468909652,0.0,0.0,0.002444168015375176
Aweil East,2007-07-16,train,0.0,0,0.09558823529411764,0.0,0.06544165054803353,0.0,0.03585287612448352,0.0,0.0,0.004015048182437159
Aweil East,2007-07-23,train,0.0,0,0.09558823529411764,0.0,0.06544165054803353,0.0,0.04645788368081542,0.0,0.0,0.023335774004678223
Aweil East,2007-07-30,train,0.0,0,0.09558823529411764,0.0,0.06544165054803353,0.0,0.03959722062959104,0.0,0.0,0.03149801622630406
Aweil East,2007-08-06,train,0.0,0,0.553030303030303,0.2117861425016315,0.06544165054803353,0.0,0.08217163612805711,0.0,0.0,0.4944107453258988
Aweil East,2007-08-13,train,0.0,0,0.553030303030303,0.2117861425016315,0.06544165054803353,0.0,0.21843221774662702,0.0,0.0014284595831513625,1.2940982532384229
Aweil East,2007-08-20,train,5.355714009968344,1,0.553030303030303,0.2117861425016315,0.06544165054803353,0.0,0.6938313984951956,0.0,0.015498678757059481,5.759917082424361
Aweil East,2007-08-27,train,2.6511482944856297,1,0.553030303030303,0.2117861425016315,0.7527675276752768,5.355714009968344,0.8129752136985008,0.04963844111232155,1.976040491424823,15.315780306699319
Aweil East,2007-09-03,train,0.0,0,0.7045454545454546,5.77871250314939,0.7527675276752768,2.6511482944856297,0.5760594411303799,0.0,0.38459551032478406,11.388150114787146
Aweil East,2007-09-10,train,5.77871250314939,1,0.7045454545454546,5.77871250314939,0.06544165054803353,0.0,0.7885518101175857,0.0,0.2376326680797389,13.04280774949047
Aweil East,2007-09-17,train,43.47716171712587,1,0.7045454545454546,5.77871250314939,0.7527675276752768,5.77871250314939,0.849478177069529,0.04963844111232155,2.5910466288328404,46.54759244289022
Aweil East,2007-09-24,train,84.5663829511913,1,0.7045454545454546,5.77871250314939,0.7527675276752768,43.47716171712587,0.9069556574383956,0.04963844111232155,19.544110117055194,84.65745570021024
Aweil East,2007-10-01,train,65.428563134087,1,0.8602941176470589,24.653744379631284,0.7527675276752768,84.5663829511913,0.9073483436368743,0.04963844111232155,24.317707874704425,176.66535527049905
Aweil East,2007-10-08,train,105.56571898943072,1,0.8602941176470589,24.653744379631284,0.7527675276752768,65.428563134087,0.9096673930098432,0.04963844111232155,21.131462609530953,158.42361276861573
Aweil East,2007-10-15,train,77.25267219590599,1,0.8602941176470589,24.653744379631284,0.7527675276752768,105.56571898943072,0.9103749026550578,0.04963844111232155,27.285821866184488,256.36892043727335
Aweil East,2007-10-22,train,161.92773503723785,1,0.8602941176470589,24.653744379631284,0.7527675276752768,77.25267219590599,0.9090608493116101,0.04963844111232155,26.04272315132953,236.85596224447553
Aweil East,2007-10-29,train,128.5778179772534,1,0.8602941176470589,24.653744379631284,0.7527675276752768,161.92773503723785,0.9090608493116101,0.04963844111232155,27.285821866184488,277.7306267178041
Aweil East,2007-11-05,train,29.47923889359496,1,0.7578125,1.960766295700251,0.7527675276752768,128.5778179772534,0.9090608493116101,0.04963844111232155,27.285821866184488,273.15401644789057
Aweil East,2007-11-12,train,20.20002001559932,1,0.7578125,1.960766295700251,0.7527675276752768,29.47923889359496,0.9090608493116101,0.04963844111232155,12.654113804063458,119.36157998796959
Aweil East,2007-11-19,train,0.0,0,0.7578125,1.960766295700251,0.7527675276752768,20.20002001559932,0.9029341735646446,0.04963844111232155,5.603917205864201,38.097800224729866
Aweil East,2007-11-26,train,0.5302127955416474,1,0.7578125,1.960766295700251,0.06544165054803353,0.0,0.8068482371523544,0.0,0.1832979184897683,2.6347077437134288
Aweil East,2007-12-03,train,0.5832420297896828,1,0.6304347826086957,0.1060570739208414,0.7527675276752768,0.5302127955416474,0.7089096413588302,0.0015924790129594006,0.09621776692006857,1.2779392115732766
Aweil East,2007-12-10,train,0.2119368229249935,1,0.6304347826086957,0.1060570739208414,0.7527675276752768,0.5832420297896828,0.7592263156324619,0.0015924790129594006,0.11914488480522475,0.46214525012025803
Aweil East,2007-12-17,train,0.0,0,0.6304347826086957,0.1060570739208414,0.7527675276752768,0.2119368229249935,0.4189532827176327,0.0,0.020745839190440662,0.8205155481881601
Aweil East,2007-12-24,train,0.053028612327057,1,0.6304347826086957,0.1060570739208414,0.06544165054803353,0.0,0.3403519762165681,0.0,0.0,0.3118292634803465
Aweil East,2007-12-31,train,0.0,0,0.6304347826086957,0.1060570739208414,0.7527675276752768,0.053028612327057,0.3472505721952283,0.0,0.015292833983707512,0.015292833983707512
Aweil East,2008-01-07,train,0.0,0,0.19852941176470587,0.0,0.06544165054803353,0.0,0.041822898362571914,0.0,0.0,0.020253601683754622
Aweil East,2008-01-14,train,0.0,0,0.19852941176470587,0.0,0.06544165054803353,0.0,0.044315389714221505,0.0,0.0,0.004283722214799477
Aweil East,2008-01-21,train,0.0,0,0.19852941176470587,0.0,0.06544165054803353,0.0,0.04868154068588643,0.0,0.0,0.0098459063102341
Aweil East,2008-01-28,train,0.0,0,0.19852941176470587,0.0,0.06544165054803353,0.0,0.05058195023264745,0.0,0.0,0.015259057948658583
Aweil East,2008-02-04,train,0.0,0,0.07377049180327869,0.0,0.06544165054803353,0.0,0.03199972739904643,0.0,0.0,0.002008163419609488
Aweil East,2008-02-11,train,0.0,0,0.07377049180327869,0.0,0.06544165054803353,0.0,0.029676611793937907,0.0,0.0,0.0020085161418667424
Aweil East,2008-02-18,train,0.0,0,0.07377049180327869,0.0,0.06544165054803353,0.0,0.029676611793937907,0.0,0.0,0.0020085161418667424
Aweil East,2008-02-25,train,0.0,0,0.07377049180327869,0.0,0.06544165054803353,0.0,0.029676611793937907,0.0,0.0,0.0020085161418667424
Aweil East,2008-03-03,train,0.0,0,0.007462686567164179,0.0,0.06544165054803353,0.0,0.03085826149224198,0.0,0.0,0.0020085161418667424
Aweil East,2008-03-10,train,0.0,0,0.007462686567164179,0.0,0.06544165054803353,0.0,0.09705172273905838,0.0,0.0,0.06365917557761813
Aweil East,2008-03-17,train,0.0,0,0.007462686567164179,0.0,0.06544165054803353,0.0,0.034291989317838695,0.0,0.0,0.0020085161418667424
Aweil East,2008-03-24,train,0.0,0,0.007462686567164179,0.0,0.06544165054803353,0.0,0.034291989317838695,0.0,0.0,0.0020085161418667424
Aweil East,2008-03-31,train,0.0,0,0.007462686567164179,0.0,0.06544165054803353,0.0,0.03975709061090269,0.0,0.0,0.0036849632398018254
Aweil East,2008-04-07,train,0.0,0,0.03787878787878788,0.0,0.06544165054803353,0.0,0.04065168409375582,0.0,0.0,0.0027898594466478502
Aweil East,2008-04-14,train,0.0,0,0.03787878787878788,0.0,0.06544165054803353,0.0,0.0388635366749663,0.0,0.0,0.0020085161418667424
Aweil East,2008-04-21,train,0.0,0,0.03787878787878788,0.0,0.06544165054803353,0.0,0.049492168694982866,0.0,0.0,0.006450944869630808
Aweil East,2008-04-28,train,0.0,0,0.03787878787878788,0.0,0.06544165054803353,0.0,0.04534766057493047,0.0,0.0,0.005902614684103928
Aweil East,2008-05-05,train,0.0,0,0.06716417910447761,0.0,0.06544165054803353,0.0,0.060018982300888306,0.0,0.0,0.04281778259782528
Aweil East,2008-05-12,train,0.0,0,0.06716417910447761,0.0,0.06544165054803353,0.0,0.036528770341166764,0.0,0.0,0.0031310769363029484
Aweil East,2008-05-19,train,0.0,0,0.06716417910447761,0.0,0.06544165054803353,0.0,0.03158625006516483,0.0,0.0,0.0020085161418667424
Aweil East,2008-05-26,train,0.0,0,0.06716417910447761,0.0,0.06544165054803353,0.0,0.030359538746212125,0.0,0.0,0.0020085161418667424
Aweil East,2008-06-02,train,0.0,0,0.08461538461538462,0.0,0.06544165054803353,0.0,0.030359538746212125,0.0,0.0,0.0020085161418667424
Aweil East,2008-06-09,train,0.0,0,0.08461538461538462,0.0,0.06544165054803353,0.0,0.029438437944500746,0.0,0.0,0.003982254143493994
Aweil East,2008-06-16,train,0.0,0,0.08461538461538462,0.0,0.06544165054803353,0.0,0.02951468325910811,0.0,0.0,0.003982254143493994
Aweil East,2008-06-23,train,0.0,0,0.08461538461538462,0.0,0.06544165054803353,0.0,0.036534915605339384,0.0,0.0,0.01824555064076364
Aweil East,2008-06-30,train,0.0,0,0.08461538461538462,0.0,0.06544165054803353,0.0,0.03392214433057974,0.0,0.0,0.008294394585810067
Aweil East,2008-07-07,train,0.0,0,0.09558823529411764,0.0,0.06544165054803353,0.0,0.03320297014203637,0.0,0.0,0.005528200572888508
Aweil East,2008-07-14,train,0.0,0,0.09558823529411764,0.0,0.06544165054803353,0.0,0.03739519668148183,0.0,0.0,0.01389730649485352
Aweil East,2008-07-21,train,0.1060533278047959,1,0.09558823529411764,0.0,0.06544165054803353,0.0,0.07575642796508744,0.0,0.0,0.05301424389842605
Aweil East,2008-07-28,train,0.0,0,0.09558823529411764,0.0,0.7527675276752768,0.1060533278047959,0.22707750806339136,0.0,0.08067187041447742,0.17911657410599735
Aweil East,2008-08-04,train,5.672364969503548,1,0.553030303030303,0.2117861425016315,0.06544165054803353,0.0,0.2906285706185923,0.0,0.0,2.259412039725395
Aweil East,2008-08-11,train,5.990091756327678,1,0.553030303030303,0.2117861425016315,0.7527675276752768,5.672364969503548,0.7887067745262811,0.0,0.9070877321676418,10.792969139205322
Aweil East,2008-08-18,train,0.0,0,0.553030303030303,0.2117861425016315,0.7527675276752768,5.990091756327678,0.7097446914527675,0.0,0.8699062785746086,10.723139064459758
Aweil East,2008-08-25,train,30.592428767208474,1,0.553030303030303,0.2117861425016315,0.06544165054803353,0.0,0.799930834403012,0.0,0.2376326680797389,15.189762862621043
Aweil East,2008-09-01,train,40.93294703176064,1,0.7045454545454546,5.77871250314939,0.7527675276752768,30.592428767208474,0.9079563334124937,0.04963844111232155,10.673886281317165,55.576813690695225
Aweil East,2008-09-08,train,45.81319372326788,1,0.7045454545454546,5.77871250314939,0.7527675276752768,40.93294703176064,0.9067396711216764,0.04963844111232155,16.369984468766127,65.10117228205928
Aweil East,2008-09-15,train,17.073500073606272,1,0.7045454545454546,5.77871250314939,0.7527675276752768,45.81319372326788,0.901602248257921,0.04963844111232155,17.213450781329787,56.356026158693616
Aweil East,2008-09-22,train,63.73257700041093,1,0.7045454545454546,5.77871250314939,0.7527675276752768,17.073500073606272,0.9074716490423906,0.04963844111232155,7.634045283794026,67.37777079066646
Aweil East,2008-09-29,train,73.9129477395861,1,0.7045454545454546,5.77871250314939,0.7527675276752768,63.73257700041093,0.9112234341236409,0.04963844111232155,21.92255578927776,105.8329792933469
Aweil East,2008-10-06,train,235.10757544351333,1,0.8602941176470589,24.653744379631284,0.7527675276752768,73.9129477395861,0.9112234341236409,0.04963844111232155,25.82865755245241,246.11709225652183
Aweil East,2008-10-13,train,203.54320303669024,1,0.8602941176470589,24.653744379631284,0.7527675276752768,235.10757544351333,0.9119199364893719,0.04963844111232155,25.86006466377116,252.56650514319853
Aweil East,2008-10-20,train,332.4856372080601,1,0.8602941176470589,24.653744379631284,0.7527675276752768,203.54320303669024,0.9119199364893719,0.04963844111232155,27.285821866184488,290.7746983382314
Aweil East,2008-10-27,train,375.2640735056267,1,0.8602941176470589,24.653744379631284,0.7527675276752768,332.4856372080601,0.9106263120407582,0.04963844111232155,27.285821866184488,283.57162022918715
Aweil East,2008-11-03,train,336.3519959952019,1,0.7578125,1.960766295700251,0.7527675276752768,375.2640735056267,0.9106263120407582,0.04963844111232155,27.285821866184488,282.471924778009
Aweil East,2008-11-10,train,327.5041630275276,1,0.7578125,1.960766295700251,0.7527675276752768,336.3519959952019,0.9106263120407582,0.04963844111232155,27.285821866184488,276.0379078694081
Aweil East,2008-11-17,train,214.62298727843333,1,0.7578125,1.960766295700251,0.7527675276752768,327.5041630275276,0.9106263120407582,0.04963844111232155,27.285821866184488,253.8043590497671
Aweil East,2008-11-24,train,87.63607730028333,1,0.7578125,1.960766295700251,0.7527675276752768,214.62298727843333,0.9113909654839397,0.04963844111232155,27.285821866184488,228.0375890261899
Aweil East,2008-12-01,train,44.8506655067473,1,0.6304347826086957,0.1060570739208414,0.7527675276752768,87.63607730028333,0.9102536303242716,0.04963844111232155,25.831458745738964,164.21966113629162
Aweil East,2008-12-08,train,18.978264045925165,1,0.6304347826086957,0.1060570739208414,0.7527675276752768,44.8506655067473,0.9069078563302475,0.04963844111232155,21.44341509379577,60.82966514079827
Aweil East,2008-12-15,train,5.24805050115333,1,0.6304347826086957,0.1060570739208414,0.7527675276752768,18.978264045925165,0.9082479294278663,0.04963844111232155,7.917142644377871,14.924034580576084
Aweil East,2008-12-22,train,0.9538449448114976,1,0.6304347826086957,0.1060570739208414,0.7527675276752768,5.24805050115333,0.8943589070918779,0.04963844111232155,1.4382627934575534,3.493028728732019
Aweil East,2008-12-29,train,0.7948613790721544,1,0.6304347826086957,0.1060570739208414,0.7527675276752768,0.9538449448114976,0.7983836987032931,0.0015924790129594006,0.2094638825379632,0.8672783291847674
Aweil East,2009-01-05,train,0.5299218761527745,1,0.19852941176470587,0.0,0.7527675276752768,0.7948613790721544,0.7733837740725369,0.0015924790129594006,0.20050659544503982,0.7561411370262493
Aweil East,2009-01-12,train,0.2649752736018128,1,0.19852941176470587,0.0,0.7527675276752768,0.5299218761527745,0.7993012970395129,0.0015924790129594006,0.1921807933810283,1.1119148719283103
Aweil East,2009-01-19,train,0.0,0,0.19852941176470587,0.0,0.7527675276752768,0.2649752736018128,0.46061338003821856,0.0,0.0029497642411887644,0.24416007635596174
Aweil East,2009-01-26,train,0.1059901709104634,1,0.19852941176470587,0.0,0.06544165054803353,0.0,0.2615923327076933,0.0,0.0,0.11176495217025807
Aweil East,2009-02-02,train,0.0529949317808859,1,0.07377049180327869,0.0,0.7527675276752768,0.1059901709104634,0.3053549725397609,0.0,0.0015482142134606838,0.06325404449501167
Aweil East,2009-02-09,train,0.0529952391295775,1,0.07377049180327869,0.0,0.7527675276752768,0.0529949317808859,0.18372186923811498,0.0,0.0015482142134606838,0.05326420238268297
Aweil East,2009-02-16,train,0.0,0,0.07377049180327869,0.0,0.7527675276752768,0.0529952391295775,0.081005263560584,0.0,0.0,0.09370898313765565
Aweil East,2009-02-23,train,0.0,0,0.07377049180327869,0.0,0.06544165054803353,0.0,0.04287248061761676,0.0,0.0,0.056742602297599386
Aweil East,2009-03-02,train,0.0,0,0.007462686567164179,0.0,0.06544165054803353,0.0,0.04274240793035478,0.0,0.0,0.029777733832517486
Aweil East,2009-03-09,train,0.0,0,0.007462686567164179,0.0,0.06544165054803353,0.0,0.06402889570525633,0.0,0.0,0.05172792276168283
Aweil East,2009-03-16,train,0.0,0,0.007462686567164179,0.0,0.06544165054803353,0.0,0.03438501727718897,0.0,0.0,0.0020085161418667424
Aweil East,2009-03-23,train,0.0,0,0.007462686567164179,0.0,0.06544165054803353,0.0,0.034291989317838695,0.0,0.0,0.0020085161418667424
Aweil East,2009-03-30,train,0.0,0,0.007462686567164179,0.0,0.06544165054803353,0.0,0.03660234902524736,0.0,0.0,0.003411398782830839
Aweil East,2009-04-06,train,0.0,0,0.03787878787878788,0.0,0.06544165054803353,0.0,0.04065168409375582,0.0,0.0,0.0020085161418667424
Aweil East,2009-04-13,train,0.0,0,0.03787878787878788,0.0,0.06544165054803353,0.0,0.0388635366749663,0.0,0.0,0.0020085161418667424
Aweil East,2009-04-20,train,0.0,0,0.03787878787878788,0.0,0.06544165054803353,0.0,0.04720673891598026,0.0,0.0,0.004258715747913191
Aweil East,2009-04-27,train,0.0,0,0.03787878787878788,0.0,0.06544165054803353,0.0,0.05029771451856779,0.0,0.0,0.005902614684103928
Aweil East,2009-05-04,train,0.0,0,0.06716417910447761,0.0,0.06544165054803353,0.0,0.061668669093477735,0.0,0.0,0.04328695418563282
Aweil East,2009-05-11,train,0.0,0,0.06716417910447761,0.0,0.06544165054803353,0.0,0.043502456930539654,0.0,0.0,0.0028413483059615443
Aweil East,2009-05-18,train,0.0,0,0.06716417910447761,0.0,0.06544165054803353,0.0,0.03158625006516483,0.0,0.0,0.0020085161418667424
Aweil East,2009-05-25,train,0.0,0,0.06716417910447761,0.0,0.06544165054803353,0.0,0.030359538746212125,0.0,0.0,0.0020085161418667424
Aweil East,2009-06-01,train,0.0,0,0.08461538461538462,0.0,0.06544165054803353,0.0,0.030359538746212125,0.0,0.0,0.0020085161418667424
Aweil East,2009-06-08,train,0.0,0,0.08461538461538462,0.0,0.06544165054803353,0.0,0.029438437944500746,0.0,0.0,0.0020085161418667424
Aweil East,2009-06-15,train,0.0,0,0.08461538461538462,0.0,0.06544165054803353,0.0,0.029438437944500746,0.0,0.0,0.0020085161418667424
Aweil East,2009-06-22,train,0.0,0,0.08461538461538462,0.0,0.06544165054803353,0.0,0.02951468325910811,0.0,0.0,0.0020085161418667424
Aweil East,2009-06-29,train,0.0,0,0.08461538461538462,0.0,0.06544165054803353,0.0,0.032768444055411884,0.0,0.0,0.0035544625712612835
Aweil East,2009-07-06,train,0.0,0,0.09558823529411764,0.0,0.06544165054803353,0.0,0.03271208583553026,0.0,0.0,0.0035544625712612835
Aweil East,2009-07-13,train,0.0,0,0.09558823529411764,0.0,0.06544165054803353,0.0,0.05241303956694799,0.0,0.0,0.011923565765619194
Aweil East,2009-07-20,train,0.0,0,0.09558823529411764,0.0,0.06544165054803353,0.0,0.052153550630091715,0.0,0.0,0.014657538354472139
Aweil East,2009-07-27,train,0.0,0,0.09558823529411764,0.0,0.06544165054803353,0.0,0.038488104765695884,0.0,0.0,0.014751839444132706
Aweil East,2009-08-03,train,0.0,0,0.553030303030303,0.2117861425016315,0.06544165054803353,0.0,0.045055644214071225,0.0,0.0,0.2154788251681038
Aweil East,2009-08-10,train,0.0,0,0.553030303030303,0.2117861425016315,0.06544165054803353,0.0,0.09271916959410427,0.0,0.0,0.643189621910939
Aweil East,2009-08-17,train,0.477261819312982,1,0.553030303030303,0.2117861425016315,0.06544165054803353,0.0,0.7064589608178651,0.0,0.01708881150763026,1.8026464895189174
Aweil East,2009-08-24,train,1.5904656599631242,1,0.553030303030303,0.2117861425016315,0.7527675276752768,0.477261819312982,0.658827597168047,0.0,0.17499568361236928,3.176215788124809
Aweil East,2009-08-31,train,11.186826607435355,1,0.553030303030303,0.2117861425016315,0.7527675276752768,1.5904656599631242,0.7106970701603416,0.0,0.473281556757626,11.17223724794925
Aweil East,2009-09-07,train,2.9158438459473626,1,0.7045454545454546,5.77871250314939,0.7527675276752768,11.186826607435355,0.8898580428700055,0.04963844111232155,7.163361595124238,19.90846349377086
Aweil East,2009-09-14,train,3.180915527603072,1,0.7045454545454546,5.77871250314939,0.7527675276752768,2.9158438459473626,0.803662976845377,0.0,0.9887790694131807,17.861411391642708
Aweil East,2009-09-21,train,4.877700037866164,1,0.7045454545454546,5.77871250314939,0.7527675276752768,3.180915527603072,0.8230763423200012,0.0,1.4320658918827092,23.9476214138793
Aweil East,2009-09-28,train,20.465814193977657,1,0.7045454545454546,5.77871250314939,0.7527675276752768,4.877700037866164,0.8791487784978079,0.04963844111232155,3.6059660135474307,41.22491562681546
Aweil East,2009-10-05,train,19.98869431389152,1,0.8602941176470589,24.653744379631284,0.7527675276752768,20.465814193977657,0.9075331566233136,0.04963844111232155,8.38274929004146,42.094690479615885
Aweil East,2009-10-12,train,7.529053607978901,1,0.8602941176470589,24.653744379631284,0.7527675276752768,19.98869431389152,0.9089822706350289,0.04963844111232155,6.678718184840788,51.451533759540304
Aweil East,2009-10-19,train,24.653744379631284,1,0.8602941176470589,24.653744379631284,0.7527675276752768,7.529053607978901,0.9089822706350289,0.04963844111232155,3.2755104020875807,28.022671627961508
Aweil East,2009-10-26,train,6.042527615834662,1,0.8602941176470589,24.653744379631284,0.7527675276752768,24.653744379631284,0.9106263120407582,0.04963844111232155,8.645950821493853,36.0432839121237
Aweil East,2009-11-02,train,0.0,0,0.7578125,1.960766295700251,0.7527675276752768,6.042527615834662,0.7927496143285028,0.04963844111232155,1.632791842431539,11.015408769811314
Aweil East,2009-11-09,train,0.7418332273176534,1,0.7578125,1.960766295700251,0.06544165054803353,0.0,0.7814641871090526,0.0,0.1832979184897683,4.025242362294215
Aweil East,2009-11-16,train,0.0,0,0.7578125,1.960766295700251,0.7527675276752768,0.7418332273176534,0.6561729056199753,0.0015924790129594006,0.17594115985313885,2.256023674270772
Aweil East,2009-11-23,train,0.5828650582138886,1,0.7578125,1.960766295700251,0.06544165054803353,0.0,0.5428266143508256,0.0,0.06626709831642849,0.6615955473881493
Aweil East,2009-11-30,train,0.0,0,0.7578125,1.960766295700251,0.7527675276752768,0.5828650582138886,0.4531292165557592,0.0,0.0179100450812316,0.330639107568429
Aweil East,2009-12-07,train,0.0,0,0.6304347826086957,0.1060570739208414,0.06544165054803353,0.0,0.14745893247619546,0.0,0.0,0.40208387819896446
Aweil East,2009-12-14,train,0.0,0,0.6304347826086957,0.1060570739208414,0.06544165054803353,0.0,0.06397700711414676,0.0,0.0,0.0389968972408506
Aweil East,2009-12-21,train,0.0,0,0.6304347826086957,0.1060570739208414,0.06544165054803353,0.0,0.1564185033279205,0.0,0.0,0.043890373456715516
Aweil East,2009-12-28,train,0.0,0,0.6304347826086957,0.1060570739208414,0.06544165054803353,0.0,0.050369991078834934,0.0,0.0,0.0019488357353253521
Aweil East,2010-01-04,train,0.0,0,0.19852941176470587,0.0,0.06544165054803353,0.0,0.03808097312615189,0.0,0.0,0.002628844597346236
Aweil East,2010-01-11,train,0.0,0,0.19852941176470587,0.0,0.06544165054803353,0.0,0.03848510741186947,0.0,0.0,0.003050517329455445
Aweil East,2010-01-18,train,0.0,0,0.19852941176470587,0.0,0.06544165054803353,0.0,0.048037558424394035,0.0,0.0,0.00618658565138213
Aweil East,2010-01-25,train,0.0,0,0.19852941176470587,0.0,0.06544165054803353,0.0,0.10133088375492626,0.0,0.0,0.040053236633411496
Aweil East,2010-02-01,train,0.0,0,0.07377049180327869,0.0,0.06544165054803353,0.0,0.03587428888895299,0.0,0.0,0.0020669502382310388
Aweil East,2010-02-08,train,0.0,0,0.07377049180327869,0.0,0.06544165054803353,0.0,0.03022856024236719,0.0,0.0,0.0020085161418667424
Aweil East,2010-02-15,train,0.0,0,0.07377049180327869,0.0,0.06544165054803353,0.0,0.029676611793937907,0.0,0.0,0.0020085161418667424
Aweil East,2010-02-22,train,0.0529499517096633,1,0.07377049180327869,0.0,0.06544165054803353,0.0,0.029676611793937907,0.0,0.0,0.0020085161418667424
Aweil East,2010-03-01,train,0.0,0,0.007462686567164179,0.0,0.7527675276752768,0.0529499517096633,0.04508896519349224,0.0,0.0,0.03164095832179638
Aweil East,2010-03-08,train,0.0,0,0.007462686567164179,0.0,0.06544165054803353,0.0,0.06733151939284646,0.0,0.0,0.0826639198837412
Aweil East,2010-03-15,train,0.0,0,0.007462686567164179,0.0,0.06544165054803353,0.0,0.05007728674539284,0.0,0.0,0.032684090452977245
Aweil East,2010-03-22,train,0.0,0,0.007462686567164179,0.0,0.06544165054803353,0.0,0.03325041623530221,0.0,0.0,0.0020085161418667424
Aweil East,2010-03-29,train,0.0,0,0.007462686567164179,0.0,0.06544165054803353,0.0,0.03618089738822339,0.0,0.0,0.0020085161418667424
Aweil East,2010-04-05,train,0.0,0,0.03787878787878788,0.0,0.06544165054803353,0.0,0.04018555191746489,0.0,0.0,0.0020085161418667424
Aweil East,2010-04-12,train,0.0,0,0.03787878787878788,0.0,0.06544165054803353,0.0,0.038417087201856825,0.0,0.0,0.0020085161418667424
Aweil East,2010-04-19,train,0.0,0,0.03787878787878788,0.0,0.06544165054803353,0.0,0.04666909971434116,0.0,0.0,0.0038779399820816373
Aweil East,2010-04-26,train,0.1588422308453287,1,0.03787878787878788,0.0,0.06544165054803353,0.0,0.055048592070667486,0.0,0.0,0.005902614684103928
Aweil East,2010-05-03,train,0.0,0,0.06716417910447761,0.0,0.7527675276752768,0.1588422308453287,0.1148741513298049,0.0,0.0,0.12762624899827063
Aweil East,2010-05-10,train,0.0,0,0.06716417910447761,0.0,0.06544165054803353,0.0,0.09216397296800784,0.0,0.0,0.2656158281924064
Aweil East,2010-05-17,train,0.0,0,0.06716417910447761,0.0,0.06544165054803353,0.0,0.05394991832397437,0.0,0.0,0.07454024039799233
Aweil East,2010-05-24,train,0.0,0,0.06716417910447761,0.0,0.06544165054803353,0.0,0.030106118151570632,0.0,0.0,0.0020085161418667424
Aweil East,2010-05-31,train,0.0,0,0.06716417910447761,0.0,0.06544165054803353,0.0,0.030007729945130734,0.0,0.0,0.0020085161418667424
Aweil East,2010-06-07,train,0.0,0,0.08461538461538462,0.0,0.06544165054803353,0.0,0.029096982635083993,0.0,0.0,0.0020085161418667424
Aweil East,2010-06-14,train,0.0,0,0.08461538461538462,0.0,0.06544165054803353,0.0,0.029096982635083993,0.0,0.0,0.0020085161418667424
Aweil East,2010-06-21,train,0.0,0,0.08461538461538462,0.0,0.06544165054803353,0.0,0.02917237016480633,0.0,0.0,0.0020085161418667424
Aweil East,2010-06-28,train,0.0,0,0.08461538461538462,0.0,0.06544165054803353,0.0,0.02988221452140145,0.0,0.0,0.002008517348908098
Aweil East,2010-07-05,train,0.0,0,0.09558823529411764,0.0,0.06544165054803353,0.0,0.02983066721135164,0.0,0.0,0.002008517348908098
Aweil East,2010-07-12,train,0.0,0,0.09558823529411764,0.0,0.06544165054803353,0.0,0.046927225802742174,0.0,0.0,0.0020085143993946704
Aweil East,2010-07-19,train,0.0,0,0.09558823529411764,0.0,0.06544165054803353,0.0,0.03364690437314754,0.0,0.0,0.0021926678897817645
Aweil East,2010-07-26,train,0.0,0,0.09558823529411764,0.0,0.06544165054803353,0.0,0.03774353301310697,0.0,0.0,0.004973083873743012
Aweil East,2010-08-02,train,0.0,0,0.553030303030303,0.2117861425016315,0.06544165054803353,0.0,0.043253880896750946,0.0,0.0,0.2051121220963376
Aweil East,2010-08-09,train,0.0,0,0.553030303030303,0.2117861425016315,0.06544165054803353,0.0,0.09171308186977935,0.0,0.0,0.5216307747989707
Aweil East,2010-08-16,train,1.1664233024888775,1,0.553030303030303,0.2117861425016315,0.06544165054803353,0.0,0.7103699374984994,0.0,0.01708881150763026,1.3874280360257432
Aweil East,2010-08-23,train,0.0,0,0.553030303030303,0.2117861425016315,0.7527675276752768,1.1664233024888775,0.6651761405758672,0.0,0.1825156327116438,5.892217279225553
Aweil East,2010-08-30,train,4.666130037238256,1,0.553030303030303,0.2117861425016315,0.06544165054803353,0.0,0.5949611581438724,0.0,0.0962050317307,8.918175514932233
Aweil East,2010-09-06,train,18.76890835825245,1,0.7045454545454546,5.77871250314939,0.7527675276752768,4.666130037238256,0.7729128223588106,0.04963844111232155,1.9668648287347499,18.78489565809975
Aweil East,2010-09-13,train,3.658215800567136,1,0.7045454545454546,5.77871250314939,0.7527675276752768,18.76890835825245,0.9025708303337161,0.04963844111232155,4.630312289698322,21.486990599829287
Aweil East,2010-09-20,train,17.124757966387225,1,0.7045454545454546,5.77871250314939,0.7527675276752768,3.658215800567136,0.8065418248618947,0.04963844111232155,2.152115601035193,19.345984853261648
Aweil East,2010-09-27,train,65.63815635814403,1,0.7045454545454546,5.77871250314939,0.7527675276752768,17.124757966387225,0.9081374424608649,0.04963844111232155,9.58686858918754,71.50109674070093
Aweil East,2010-10-04,train,38.96762129450816,1,0.8602941176470589,24.653744379631284,0.7527675276752768,65.63815635814403,0.9114001608878064,0.04963844111232155,25.645999064894045,100.17151987075839
Aweil East,2010-10-11,train,139.07164341805623,1,0.8602941176470589,24.653744379631284,0.7527675276752768,38.96762129450816,0.9114001608878064,0.04963844111232155,13.21434707500268,139.11862987967797
Aweil East,2010-10-18,train,86.95299043780437,1,0.8602941176470589,24.653744379631284,0.7527675276752768,139.07164341805623,0.91209541048812,0.04963844111232155,27.103163378626117,202.3243789136233
Aweil East,2010-10-25,train,127.14101924357573,1,0.8602941176470589,24.653744379631284,0.7527675276752768,86.95299043780437,0.9108041111352974,0.04963844111232155,25.658574544639908,206.4205435758535
Aweil East,2010-11-01,train,117.01480781756496,1,0.7578125,1.960766295700251,0.7527675276752768,127.14101924357573,0.9108041111352974,0.04963844111232155,27.103163378626117,271.25894080795644
Aweil East,2010-11-08,train,140.81798847027827,1,0.7578125,1.960766295700251,0.7527675276752768,117.01480781756496,0.9108041111352974,0.04963844111232155,27.285821866184488,274.1901139499346
Aweil East,2010-11-15,train,126.182430593312,1,0.7578125,1.960766295700251,0.7527675276752768,140.81798847027827,0.9108041111352974,0.04963844111232155,27.285821866184488,253.49544427462519
Aweil East,2010-11-22,train,49.093134285288365,1,0.7578125,1.960766295700251,0.7527675276752768,126.182430593312,0.9108041111352974,0.04963844111232155,27.285821866184488,239.40887293321688
Aweil East,2010-11-29,train,15.798477715688817,1,0.7578125,1.960766295700251,0.7527675276752768,49.093134285288365,0.9115673911107308,0.04963844111232155,21.409822092926795,71.81066187457276
Aweil East,2010-12-06,train,4.134914769674298,1,0.6304347826086957,0.1060570739208414,0.7527675276752768,15.798477715688817,0.9065229550379071,0.04963844111232155,5.2630616014457035,10.785770448070005
Aweil East,2010-12-13,train,1.166150462076951,1,0.6304347826086957,0.1060570739208414,0.7527675276752768,4.134914769674298,0.8586864169870431,0.04963844111232155,1.46509887249768,3.1795529356423504
Aweil East,2010-12-20,train,0.1059898635617718,1,0.6304347826086957,0.1060570739208414,0.7527675276752768,1.166150462076951,0.821556639073524,0.0015924790129594006,0.177726828800111,1.0179951798891362
Aweil East,2010-12-27,train,0.2119800344722353,1,0.6304347826086957,0.1060570739208414,0.7527675276752768,0.1059898635617718,0.7567650869036935,0.0015924790129594006,0.11065234211617922,0.6646782252933414
Aweil East,2011-01-03,train,0.1059904782591551,1,0.19852941176470587,0.0,0.7527675276752768,0.2119800344722353,0.6348991115717165,0.0015924790129594006,0.12973137128925363,0.1865261313820484
Aweil East,2011-01-10,train,0.1059898635617718,1,0.19852941176470587,0.0,0.7527675276752768,0.1059904782591551,0.7150575091847937,0.0015924790129594006,0.11810169577721243,0.11810169577721243
Aweil East,2011-01-17,train,0.0,0,0.19852941176470587,0.0,0.7527675276752768,0.1059898635617718,0.15414388157207223,0.0,0.0,0.058684301166699974
Aweil East,2011-01-24,train,0.0,0,0.19852941176470587,0.0,0.06544165054803353,0.0,0.08508685485552217,0.0,0.0,0.04730598947605191
Aweil East,2011-01-31,train,0.0,0,0.19852941176470587,0.0,0.06544165054803353,0.0,0.049296880803462076,0.0,0.0,0.01668994671578668
Aweil East,2011-02-07,train,0.0,0,0.07377049180327869,0.0,0.06544165054803353,0.0,0.029886851588496178,0.0,0.0,0.0020085161418667424
Aweil East,2011-02-14,train,0.0,0,0.07377049180327869,0.0,0.06544165054803353,0.0,0.029676611793937907,0.0,0.0,0.0020085161418667424
Aweil East,2011-02-21,train,0.0,0,0.07377049180327869,0.0,0.06544165054803353,0.0,0.029676611793937907,0.0,0.0,0.0020085161418667424
Aweil East,2011-02-28,train,0.0,0,0.07377049180327869,0.0,0.06544165054803353,0.0,0.029676611793937907,0.0,0.0,0.0020085161418667424
Aweil East,2011-03-07,train,0.0,0,0.007462686567164179,0.0,0.06544165054803353,0.0,0.03132554724287199,0.0,0.0,0.003737624338061468
Aweil East,2011-03-14,train,0.0,0,0.007462686567164179,0.0,0.06544165054803353,0.0,0.03831446451806601,0.0,0.0,0.0028630685973039557
Aweil East,2011-03-21,train,0.0,0,0.007462686567164179,0.0,0.06544165054803353,0.0,0.03349887172561354,0.0,0.0,0.0020085161418667424
Aweil East,2011-03-28,train,0.0,0,0.007462686567164179,0.0,0.06544165054803353,0.0,0.033827966868806354,0.0,0.0,0.0020085161418667424
Aweil East,2011-04-04,train,0.0,0,0.03787878787878788,0.0,0.06544165054803353,0.0,0.03631712041328837,0.0,0.0,0.0020085161418667424
Aweil East,2011-04-11,train,0.0,0,0.03787878787878788,0.0,0.06544165054803353,0.0,0.03737311937517542,0.0,0.0,0.0020085161418667424
Aweil East,2011-04-18,train,0.0,0,0.03787878787878788,0.0,0.06544165054803353,0.0,0.045411477129593834,0.0,0.0,0.0038779399820816373
Aweil East,2011-04-25,train,0.0,0,0.03787878787878788,0.0,0.06544165054803353,0.0,0.046771157352363577,0.0,0.0,0.005048062228666713
Aweil East,2011-05-02,train,0.0,0,0.06716417910447761,0.0,0.06544165054803353,0.0,0.044237653745682864,0.0,0.0,0.005902614684103928
Aweil East,2011-05-09,train,0.0,0,0.06716417910447761,0.0,0.06544165054803353,0.0,0.04043072119817177,0.0,0.0,0.0025422358873246004
Aweil East,2011-05-16,train,0.0,0,0.06716417910447761,0.0,0.06544165054803353,0.0,0.03122068373859749,0.0,0.0,0.0020085161418667424
Aweil East,2011-05-23,train,0.0,0,0.06716417910447761,0.0,0.06544165054803353,0.0,0.030007729945130734,0.0,0.0,0.0020085161418667424
Aweil East,2011-05-30,train,0.0,0,0.06716417910447761,0.0,0.06544165054803353,0.0,0.030007729945130734,0.0,0.0,0.0020085161418667424
Aweil East,2011-06-06,train,0.0,0,0.08461538461538462,0.0,0.06544165054803353,0.0,0.029096982635083993,0.0,0.0,0.0020085161418667424
Aweil East,2011-06-13,train,0.0,0,0.08461538461538462,0.0,0.06544165054803353,0.0,0.029096982635083993,0.0,0.0,0.0020085161418667424
Aweil East,2011-06-20,train,0.0,0,0.08461538461538462,0.0,0.06544165054803353,0.0,0.02917237016480633,0.0,0.0,0.0020085161418667424
Aweil East,2011-06-27,train,0.0,0,0.08461538461538462,0.0,0.06544165054803353,0.0,0.02988221452140145,0.0,0.0,0.002008517348908098
Aweil East,2011-07-04,train,0.0,0,0.09558823529411764,0.0,0.06544165054803353,0.0,0.02983066721135164,0.0,0.0,0.002008517348908098
Aweil East,2011-07-11,train,0.0,0,0.09558823529411764,0.0,0.06544165054803353,0.0,0.05008715619410016,0.0,0.0,0.005302326985557625
Aweil East,2011-07-18,train,0.0,0,0.09558823529411764,0.0,0.06544165054803353,0.0,0.032649265131607756,0.0,0.0,0.002008517008798531
Aweil East,2011-07-25,train,0.0,0,0.09558823529411764,0.0,0.06544165054803353,0.0,0.038010705022867804,0.0,0.0,0.0037088843741956323
Aweil East,2011-08-01,train,0.0,0,0.553030303030303,0.2117861425016315,0.06544165054803353,0.0,0.043253880896750946,0.0,0.0,0.1551278170938121
Aweil East,2011-08-08,train,0.0,0,0.553030303030303,0.2117861425016315,0.06544165054803353,0.0,0.08815648144620303,0.0,0.0,0.49765429169502917
Aweil East,2011-08-15,train,0.0,0,0.553030303030303,0.2117861425016315,0.06544165054803353,0.0,0.6003425401484487,0.0,0.01708881150763026,1.1621250990714909
Aweil East,2011-08-22,train,0.1590596889037526,1,0.553030303030303,0.2117861425016315,0.06544165054803353,0.0,0.5048168561345217,0.0,0.008765174325201228,1.7589140224200415
Aweil East,2011-08-29,train,0.0,0,0.553030303030303,0.2117861425016315,0.7527675276752768,0.1590596889037526,0.4024548474407635,0.0,0.08449591506902726,2.6810104350599326
Aweil East,2011-09-05,train,0.0,0,0.7045454545454546,5.77871250314939,0.06544165054803353,0.0,0.3082299634241611,0.0,0.00352185138052736,2.219463096682055
Aweil East,2011-09-12,train,1.113263216566513,1,0.7045454545454546,5.77871250314939,0.06544165054803353,0.0,0.5880788836576266,0.0,0.08518083741859522,1.9900109442769491
Aweil East,2011-09-19,train,0.1060328470712914,1,0.7045454545454546,5.77871250314939,0.7527675276752768,1.113263216566513,0.8321010816447943,0.0,0.3897187904787532,8.04248467968299
Aweil East,2011-09-26,train,23.963623431915234,1,0.7045454545454546,5.77871250314939,0.7527675276752768,0.1060328470712914,0.7030273819195093,0.0,0.3424864286511892,21.805156175859018
Aweil East,2011-10-03,train,14.102630382213972,1,0.8602941176470589,24.653744379631284,0.7527675276752768,23.963623431915234,0.9039678417532776,0.04963844111232155,9.011002548492412,40.5550948190235
Aweil East,2011-10-10,train,0.1060313349961606,1,0.8602941176470589,24.653744379631284,0.7527675276752768,14.102630382213972,0.910154917230376,0.04963844111232155,3.971681552120753,37.095947410940546
Aweil East,2011-10-17,train,5.460020194964311,1,0.8602941176470589,24.653744379631284,0.7527675276752768,0.1060313349961606,0.7164068886171693,0.0,0.12974439819505887,13.40910393585952
Aweil East,2011-10-24,train,0.0,0,0.8602941176470589,24.653744379631284,0.7527675276752768,5.460020194964311,0.7585937344364807,0.04963844111232155,1.2066505276999997,14.487825372050652
Aweil East,2011-10-31,train,0.3179283056691646,1,0.8602941176470589,24.653744379631284,0.06544165054803353,0.0,0.7049475907689602,0.0,0.15237545981888925,6.023950855025464
Aweil East,2011-11-07,train,0.0,0,0.7578125,1.960766295700251,0.7527675276752768,0.3179283056691646,0.3665326860426901,0.0,0.017215923690128383,0.5037097529175572
Aweil East,2011-11-14,train,0.0,0,0.7578125,1.960766295700251,0.06544165054803353,0.0,0.3004075905540451,0.0,0.004693069711902201,0.8551632724194057
Aweil East,2011-11-21,train,0.1060578220356378,1,0.7578125,1.960766295700251,0.06544165054803353,0.0,0.49859819097776187,0.0,0.03922379973279263,0.24407470251687935
Aweil East,2011-11-28,train,0.0530277134789879,1,0.7578125,1.960766295700251,0.7527675276752768,0.1060578220356378,0.6247356038438011,0.0,0.022667158723854806,0.22937182578071463
Aweil East,2011-12-05,train,0.8484473023532287,1,0.6304347826086957,0.1060570739208414,0.7527675276752768,0.0530277134789879,0.3814655975399325,0.0,0.0016272038747787352,0.8496332688232813
Aweil East,2011-12-12,train,0.1060551271102876,1,0.6304347826086957,0.1060570739208414,0.7527675276752768,0.8484473023532287,0.5773884478002077,0.0,0.09282095943812985,1.005679273423149
Aweil East,2011-12-19,train,0.2651397654627185,1,0.6304347826086957,0.1060570739208414,0.7527675276752768,0.1060551271102876,0.6521164598957185,0.0,0.05304971903030495,0.5400115035184563
Aweil East,2011-12-26,train,0.0,0,0.6304347826086957,0.1060570739208414,0.7527675276752768,0.2651397654627185,0.33386706379938985,0.0,0.012885301476405707,0.2945539500459264
Aweil East,2012-01-02,train,0.0,0,0.19852941176470587,0.0,0.06544165054803353,0.0,0.2146641758651771,0.0,0.0,0.04580989432660443
Aweil East,2012-01-09,train,0.0,0,0.19852941176470587,0.0,0.06544165054803353,0.0,0.059617028656226485,0.0,0.0,0.0037511405781859913
Aweil East,2012-01-16,train,0.0,0,0.19852941176470587,0.0,0.06544165054803353,0.0,0.05570486966246828,0.0,0.0,0.0058577236242351146
Aweil East,2012-01-23,train,0.0,0,0.19852941176470587,0.0,0.06544165054803353,0.0,0.05462133983971626,0.0,0.0,0.018317776921751745
Aweil East,2012-01-30,train,0.0,0,0.19852941176470587,0.0,0.06544165054803353,0.0,0.03587428888895299,0.0,0.0,0.0020669502382310388
Aweil East,2012-02-06,train,0.0,0,0.07377049180327869,0.0,0.06544165054803353,0.0,0.03022856024236719,0.0,0.0,0.0020085161418667424
Aweil East,2012-02-13,train,0.0,0,0.07377049180327869,0.0,0.06544165054803353,0.0,0.029676611793937907,0.0,0.0,0.0020085161418667424
Aweil East,2012-02-20,train,0.0,0,0.07377049180327869,0.0,0.06544165054803353,0.0,0.029676611793937907,0.0,0.0,0.0020085161418667424
Aweil East,2012-02-27,train,0.0,0,0.07377049180327869,0.0,0.06544165054803353,0.0,0.029676611793937907,0.0,0.0,0.0020085161418667424
Aweil East,2012-03-05,train,0.0,0,0.007462686567164179,0.0,0.06544165054803353,0.0,0.03132554724287199,0.0,0.0,0.003737624338061468
Aweil East,2012-03-12,train,0.0,0,0.007462686567164179,0.0,0.06544165054803353,0.0,0.04015306373623279,0.0,0.0,0.0028630685973039557
Aweil East,2012-03-19,train,0.0,0,0.007462686567164179,0.0,0.06544165054803353,0.0,0.03349887172561354,0.0,0.0,0.0020085161418667424
Aweil East,2012-03-26,train,0.0,0,0.007462686567164179,0.0,0.06544165054803353,0.0,0.03456423238191783,0.0,0.0,0.0020085161418667424
Aweil East,2012-04-02,train,0.0,0,0.03787878787878788,0.0,0.06544165054803353,0.0,0.03631712041328837,0.0,0.0,0.0020085161418667424
Aweil East,2012-04-09,train,0.0,0,0.03787878787878788,0.0,0.06544165054803353,0.0,0.046990083939423714,0.0,0.0,0.0038779399820816373
Aweil East,2012-04-16,train,0.0,0,0.03787878787878788,0.0,0.06544165054803353,0.0,0.045411477129593834,0.0,0.0,0.0038779399820816373
Aweil East,2012-04-23,train,0.0,0,0.03787878787878788,0.0,0.06544165054803353,0.0,0.04578719963860895,0.0,0.0,0.005048062228666713
Aweil East,2012-04-30,train,0.0,0,0.03787878787878788,0.0,0.06544165054803353,0.0,0.043494496558148896,0.0,0.0,0.006895948107638912
Aweil East,2012-05-07,train,0.0,0,0.06716417910447761,0.0,0.06544165054803353,0.0,0.034979415650801204,0.0,0.0,0.002008528324669707
Aweil East,2012-05-14,train,0.0,0,0.06716417910447761,0.0,0.06544165054803353,0.0,0.030007729945130734,0.0,0.0,0.0020085161418667424
Aweil East,2012-05-21,train,0.0,0,0.06716417910447761,0.0,0.06544165054803353,0.0,0.030007729945130734,0.0,0.0,0.0020085161418667424
Aweil East,2012-05-28,train,0.0,0,0.06716417910447761,0.0,0.06544165054803353,0.0,0.029096982635083993,0.0,0.0,0.0020085161418667424
Aweil East,2012-06-04,train,0.0,0,0.08461538461538462,0.0,0.06544165054803353,0.0,0.029096982635083993,0.0,0.0,0.0020085161418667424
Aweil East,2012-06-11,train,0.0,0,0.08461538461538462,0.0,0.06544165054803353,0.0,0.029096982635083993,0.0,0.0,0.0020085161418667424
Aweil East,2012-06-18,train,0.0,0,0.08461538461538462,0.0,0.06544165054803353,0.0,0.02917237016480633,0.0,0.0,0.0020085161418667424
Aweil East,2012-06-25,train,0.0,0,0.08461538461538462,0.0,0.06544165054803353,0.0,0.033672795623252386,0.0,0.0,0.007650293947183766
Aweil East,2012-07-02,train,0.0,0,0.09558823529411764,0.0,0.06544165054803353,0.0,0.03298588711812163,0.0,0.0,0.0020085173252694394
Aweil East,2012-07-09,train,0.0,0,0.09558823529411764,0.0,0.06544165054803353,0.0,0.0562968104953736,0.0,0.0,0.00827841307384342
Aweil East,2012-07-16,train,0.0,0,0.09558823529411764,0.0,0.06544165054803353,0.0,0.032649265131607756,0.0,0.0,0.002008517008798531
Aweil East,2012-07-23,train,0.0,0,0.09558823529411764,0.0,0.06544165054803353,0.0,0.038010705022867804,0.0,0.0,0.004828691209964243
Aweil East,2012-07-30,train,0.0,0,0.09558823529411764,0.0,0.06544165054803353,0.0,0.04005392441740972,0.0,0.0,0.029746162661799042
Aweil East,2012-08-06,train,0.0,0,0.553030303030303,0.2117861425016315,0.06544165054803353,0.0,0.08313515019153164,0.0,0.0,0.39483010704009275
Aweil East,2012-08-13,train,0.0530277134789879,1,0.553030303030303,0.2117861425016315,0.06544165054803353,0.0,0.680257740054664,0.0,0.01708881150763026,1.1917933574444
Aweil East,2012-08-20,train,2.3326660610382075,1,0.553030303030303,0.2117861425016315,0.7527675276752768,0.0530277134789879,0.6850909155924361,0.0,0.15592430222289053,2.307598312478314
Aweil East,2012-08-27,train,0.2117861425016315,1,0.553030303030303,0.2117861425016315,0.7527675276752768,2.3326660610382075,0.710421056983688,0.0,0.42906299057662844,6.910857324232049
Aweil East,2012-09-03,train,0.0,0,0.7045454545454546,5.77871250314939,0.7527675276752768,0.2117861425016315,0.41744164264271455,0.0,0.09666396319271842,10.565846404526733
Aweil East,2012-09-10,train,0.2119510705067332,1,0.7045454545454546,5.77871250314939,0.06544165054803353,0.0,0.7348369343009457,0.0,0.11847870043332659,2.120989012948016
Aweil East,2012-09-17,train,18.5576152607348,1,0.7045454545454546,5.77871250314939,0.7527675276752768,0.2119510705067332,0.8298845993262212,0.0015924790129594006,0.5306171599610375,18.901241351526814
Aweil East,2012-09-24,train,20.51895345158653,1,0.7045454545454546,5.77871250314939,0.7527675276752768,18.5576152607348,0.9086457336522599,0.04963844111232155,7.485237946277461,30.51426026850562
Aweil East,2012-10-01,train,29.21221871689035,1,0.8602941176470589,24.653744379631284,0.7527675276752768,20.51895345158653,0.908763375468688,0.04963844111232155,10.317613356320887,43.71957596432296
Aweil East,2012-10-08,train,40.92830238627105,1,0.8602941176470589,24.653744379631284,0.7527675276752768,29.21221871689035,0.9114001608878064,0.04963844111232155,10.183896823381394,62.552117853088134
Aweil East,2012-10-15,train,17.60012959406449,1,0.8602941176470589,24.653744379631284,0.7527675276752768,40.92830238627105,0.91209541048812,0.04963844111232155,15.260727105236825,49.38327223929831
Aweil East,2012-10-22,train,5.407375210637377,1,0.8602941176470589,24.653744379631284,0.7527675276752768,17.60012959406449,0.9102552637710952,0.04963844111232155,3.873183775582683,24.84590889134806
Aweil East,2012-10-29,train,9.540613853383409,1,0.8602941176470589,24.653744379631284,0.7527675276752768,5.407375210637377,0.7880202917927447,0.0019077954898751414,0.9552153404275164,15.302664915923083
Aweil East,2012-11-05,train,1.960766295700251,1,0.7578125,1.960766295700251,0.7527675276752768,9.540613853383409,0.9116311013509055,0.04963844111232155,2.574403937406181,9.079014252123871
Aweil East,2012-11-12,train,0.2649830632114616,1,0.7578125,1.960766295700251,0.7527675276752768,1.960766295700251,0.8462036719282712,0.0019077954898751414,0.48602125635184257,2.947822044505115
Aweil East,2012-11-19,train,0.5828889878748271,1,0.7578125,1.960766295700251,0.7527675276752768,0.2649830632114616,0.736794309927637,0.0015924790129594006,0.14044544210659649,1.2671466495186527
Aweil East,2012-11-26,train,0.2120368254554563,1,0.7578125,1.960766295700251,0.7527675276752768,0.5828889878748271,0.7564686937712806,0.0015924790129594006,0.22490676155650244,0.8199135271178719
Aweil East,2012-12-03,train,0.1060590207313952,1,0.6304347826086957,0.1060570739208414,0.7527675276752768,0.2120368254554563,0.7136424188203851,0.0015924790129594006,0.09294196164875727,0.3983397408333255
Aweil East,2012-12-10,train,0.0,0,0.6304347826086957,0.1060570739208414,0.7527675276752768,0.1060590207313952,0.506772982735254,0.0,0.02634792382623737,0.38145341117455883
Aweil East,2012-12-17,train,0.2121108412263637,1,0.6304347826086957,0.1060570739208414,0.06544165054803353,0.0,0.3435470918463511,0.0,0.0,0.7452864722239279
Aweil East,2012-12-24,train,0.1060614148275593,1,0.6304347826086957,0.1060570739208414,0.7527675276752768,0.2121108412263637,0.5648983119354589,0.0,0.01893217316365178,0.12523573867733614
Aweil East,2012-12-31,train,0.0530307074137796,1,0.6304347826086957,0.1060570739208414,0.7527675276752768,0.1060614148275593,0.5506257047378574,0.0,0.01659397792162963,0.12030303887090574
Aweil East,2013-01-07,train,0.0,0,0.19852941176470587,0.0,0.7527675276752768,0.0530307074137796,0.1966151677561319,0.0,0.01538962959377588,0.22987878648204035
Aweil East,2013-01-14,train,0.0,0,0.19852941176470587,0.0,0.06544165054803353,0.0,0.06178427671965563,0.0,0.0,0.0172974355123894
Aweil East,2013-01-21,train,0.0,0,0.19852941176470587,0.0,0.06544165054803353,0.0,0.050587564835451994,0.0,0.0,0.008718284886932706
Aweil East,2013-01-28,train,0.0,0,0.19852941176470587,0.0,0.06544165054803353,0.0,0.051734631023603886,0.0,0.0,0.010794714927691783
Aweil East,2013-02-04,train,0.0,0,0.07377049180327869,0.0,0.06544165054803353,0.0,0.03399146837322723,0.0,0.0,0.002008163419609488
Aweil East,2013-02-11,train,0.0,0,0.07377049180327869,0.0,0.06544165054803353,0.0,0.03152846600252973,0.0,0.0,0.0020085161418667424
Aweil East,2013-02-18,train,0.0,0,0.07377049180327869,0.0,0.06544165054803353,0.0,0.03152846600252973,0.0,0.0,0.0020085161418667424
Aweil East,2013-02-25,train,0.0,0,0.07377049180327869,0.0,0.06544165054803353,0.0,0.03152846600252973,0.0,0.0,0.0020085161418667424
Aweil East,2013-03-04,train,0.0,0,0.007462686567164179,0.0,0.06544165054803353,0.0,0.03323554193825197,0.0,0.0,0.0020085161418667424
Aweil East,2013-03-11,train,0.0,0,0.007462686567164179,0.0,0.06544165054803353,0.0,0.10731234328826719,0.0,0.0,0.06885065005546175
Aweil East,2013-03-18,train,0.0,0,0.007462686567164179,0.0,0.06544165054803353,0.0,0.03731817198470419,0.0,0.0,0.003656204693333204
Aweil East,2013-03-25,train,0.0,0,0.007462686567164179,0.0,0.06544165054803353,0.0,0.03731817198470419,0.0,0.0,0.0020085161418667424
Aweil East,2013-04-01,train,0.0,0,0.03787878787878788,0.0,0.06544165054803353,0.0,0.03925654838946112,0.0,0.0,0.0036849632398018254
Aweil East,2013-04-08,train,0.0,0,0.03787878787878788,0.0,0.06544165054803353,0.0,0.038801206036585725,0.0,0.0,0.0027898594466478502
Aweil East,2013-04-15,train,0.0,0,0.03787878787878788,0.0,0.06544165054803353,0.0,0.037091308620986106,0.0,0.0,0.0020085161418667424
Aweil East,2013-04-22,train,0.0,0,0.03787878787878788,0.0,0.06544165054803353,0.0,0.04507657533861043,0.0,0.0,0.008047721219486477
Aweil East,2013-04-29,train,0.0,0,0.03787878787878788,0.0,0.06544165054803353,0.0,0.04437308773567694,0.0,0.0,0.010786669236109887
Aweil East,2013-05-06,train,1.6439892886128062,1,0.06716417910447761,0.0,0.06544165054803353,0.0,0.05942691486286668,0.0,0.0,0.04770183714983126
Aweil East,2013-05-13,train,0.0,0,0.06716417910447761,0.0,0.7527675276752768,1.6439892886128062,0.5428946996346499,0.0,0.11113886068099871,4.341519411960064
Aweil East,2013-05-20,train,0.0,0,0.06716417910447761,0.0,0.06544165054803353,0.0,0.09569870085294771,0.0,0.0,1.9931392590583403
Aweil East,2013-05-27,train,0.0,0,0.06716417910447761,0.0,0.06544165054803353,0.0,0.06698350395476825,0.0,0.0,0.15179576106704004
Aweil East,2013-06-03,train,0.0,0,0.08461538461538462,0.0,0.06544165054803353,0.0,0.030127474082666347,0.0,0.0,0.0020085161418667424
Aweil East,2013-06-10,train,0.0,0,0.08461538461538462,0.0,0.06544165054803353,0.0,0.02913868603352553,0.0,0.0,0.0020085161418667424
Aweil East,2013-06-17,train,0.0,0,0.08461538461538462,0.0,0.06544165054803353,0.0,0.029214178361629872,0.0,0.0,0.0020085161418667424
Aweil East,2013-06-24,train,0.0,0,0.08461538461538462,0.0,0.06544165054803353,0.0,0.0333759277969097,0.0,0.0,0.013505618626214867
Aweil East,2013-07-01,train,0.0,0,0.09558823529411764,0.0,0.06544165054803353,0.0,0.029925008669392867,0.0,0.0,0.002008517348908098
Aweil East,2013-07-08,train,0.0,0,0.09558823529411764,0.0,0.06544165054803353,0.0,0.02928800759216492,0.0,0.0,0.002008517348908098
Aweil East,2013-07-15,train,0.0,0,0.09558823529411764,0.0,0.06544165054803353,0.0,0.03233452225328005,0.0,0.0,0.0020085171270017798
Aweil East,2013-07-22,train,0.0,0,0.09558823529411764,0.0,0.06544165054803353,0.0,0.0658595320104017,0.0,0.0,0.035649425259181
Aweil East,2013-07-29,train,0.0,0,0.09558823529411764,0.0,0.06544165054803353,0.0,0.036991331024377676,0.0,0.0,0.035092698090475445
Aweil East,2013-08-05,train,0.0,0,0.553030303030303,0.2117861425016315,0.06544165054803353,0.0,0.1335847845888743,0.0,0.0,0.5872396834316002
Aweil East,2013-08-12,train,2.173502196363925,1,0.553030303030303,0.2117861425016315,0.06544165054803353,0.0,0.2607722107046659,0.0,0.0014284595831513625,1.6265610734127414
Aweil East,2013-08-19,train,6.94547508287441,1,0.553030303030303,0.2117861425016315,0.7527675276752768,2.173502196363925,0.7581455885761154,0.0,0.4891907050178666,7.589896083079084
Aweil East,2013-08-26,train,11.663881526916766,1,0.553030303030303,0.2117861425016315,0.7527675276752768,6.94547508287441,0.8890145340147912,0.04963844111232155,2.1305392541149613,12.763853854744797
Aweil East,2013-09-02,train,12.883439628697854,1,0.7045454545454546,5.77871250314939,0.7527675276752768,11.663881526916766,0.8999032331902957,0.04963844111232155,4.092605353114786,13.550078266866189
Aweil East,2013-09-09,train,29.267291613239426,1,0.7045454545454546,5.77871250314939,0.7527675276752768,12.883439628697854,0.9087636494039348,0.04963844111232155,7.466954252805668,33.7421984884736
Aweil East,2013-09-16,train,92.30478733685588,1,0.7045454545454546,5.77871250314939,0.7527675276752768,29.267291613239426,0.9093207102097592,0.04963844111232155,9.205273019419614,67.96952680790316
Aweil East,2013-09-23,train,36.05538217010248,1,0.7045454545454546,5.77871250314939,0.7527675276752768,92.30478733685588,0.9106313777563355,0.04963844111232155,25.645999064894045,183.20682904459667
Aweil East,2013-09-30,train,48.03674394092213,1,0.7045454545454546,5.77871250314939,0.7527675276752768,36.05538217010248,0.9114001608878064,0.04963844111232155,13.934934428375076,122.89676418702584
Aweil East,2013-10-07,train,73.75184593182497,1,0.8602941176470589,24.653744379631284,0.7527675276752768,48.03674394092213,0.9114001608878064,0.04963844111232155,23.96942449758083,108.70228797928392
Aweil East,2013-10-14,train,114.20308123736694,1,0.8602941176470589,24.653744379631284,0.7527675276752768,73.75184593182497,0.91209541048812,0.04963844111232155,23.901737843471462,157.7727307238764
Aweil East,2013-10-21,train,29.426391522529585,1,0.8602941176470589,24.653744379631284,0.7527675276752768,114.20308123736694,0.91209541048812,0.04963844111232155,25.475916057081545,266.4853427079044
Aweil East,2013-10-28,train,36.05176870188703,1,0.8602941176470589,24.653744379631284,0.7527675276752768,29.426391522529585,0.9108041111352974,0.04963844111232155,12.297465446018677,137.069917665674
Aweil East,2013-11-04,train,2.597896234769215,1,0.7578125,1.960766295700251,0.7527675276752768,36.05176870188703,0.9108041111352974,0.04963844111232155,11.863020624316654,74.75249471141306
Aweil East,2013-11-11,train,0.4766951091051427,1,0.7578125,1.960766295700251,0.7527675276752768,2.597896234769215,0.8414278458971285,0.0019077954898751414,0.6224559120913156,12.359556704941669
Aweil East,2013-11-18,train,1.9610488137877855,1,0.7578125,1.960766295700251,0.7527675276752768,0.4766951091051427,0.7335322751150688,0.0015924790129594006,0.1846450214643573,2.7867585355049767
Aweil East,2013-11-25,train,1.1128625344908862,1,0.7578125,1.960766295700251,0.7527675276752768,1.9610488137877855,0.8553708616832336,0.0019077954898751414,0.7238070901950241,2.0683003212122912
Aweil East,2013-12-02,train,1.0600870299739866,1,0.6304347826086957,0.1060570739208414,0.7527675276752768,1.1128625344908862,0.7944551421866077,0.0015924790129594006,0.24720916356179418,1.8473955240797433
Aweil East,2013-12-09,train,0.6890921308608959,1,0.6304347826086957,0.1060570739208414,0.7527675276752768,1.0600870299739866,0.7263719002108073,0.0,0.17692311825331164,1.2358286136512633
Aweil East,2013-12-16,train,0.4770779070506541,1,0.6304347826086957,0.1060570739208414,0.7527675276752768,0.6890921308608959,0.8222704514836467,0.0015924790129594006,0.19984990542229725,1.6802756234254979
Aweil East,2013-12-23,train,0.2650446673013681,1,0.6304347826086957,0.1060570739208414,0.7527675276752768,0.4770779070506541,0.7856539362644597,0.0015924790129594006,0.16815924960879508,1.087363176926267
Aweil East,2013-12-30,train,0.371061743468831,1,0.6304347826086957,0.1060570739208414,0.7527675276752768,0.2650446673013681,0.7421304062485027,0.0015924790129594006,0.10561117239727044,0.3727587239900915
Aweil East,2014-01-06,train,0.1060176844874857,1,0.19852941176470587,0.0,0.7527675276752768,0.371061743468831,0.7300863286559907,0.0015924790129594006,0.1099686113788098,0.30252949359038395
Aweil East,2014-01-13,train,0.0530086901464298,1,0.19852941176470587,0.0,0.7527675276752768,0.1060176844874857,0.6272601156227127,0.0,0.04298513362420761,0.0835938728446402
Aweil East,2014-01-20,train,0.0,0,0.19852941176470587,0.0,0.7527675276752768,0.0530086901464298,0.30415587415103007,0.0,0.0015482142134606838,0.07916311089934672
Aweil East,2014-01-27,train,0.0,0,0.19852941176470587,0.0,0.06544165054803353,0.0,0.09707031664513999,0.0,0.0,0.058885973230285854
Aweil East,2014-02-03,train,0.0529486815556979,1,0.07377049180327869,0.0,0.06544165054803353,0.0,0.0668021376388815,0.0,0.0,0.04426129147305112
Aweil East,2014-02-10,train,0.0,0,0.07377049180327869,0.0,0.7527675276752768,0.0529486815556979,0.04245837080903648,0.0,0.0,0.020278842690956426
Aweil East,2014-02-17,train,0.0,0,0.07377049180327869,0.0,0.06544165054803353,0.0,0.03152846600252973,0.0,0.0,0.019902737569448263
Aweil East,2014-02-24,train,0.0,0,0.07377049180327869,0.0,0.06544165054803353,0.0,0.04657016874865549,0.0,0.0,0.0279566938950477
Aweil East,2014-03-03,train,0.0,0,0.007462686567164179,0.0,0.06544165054803353,0.0,0.031673288782390285,0.0,0.0,0.0020085161418667424
Aweil East,2014-03-10,train,0.0,0,0.007462686567164179,0.0,0.06544165054803353,0.0,0.08050598139295657,0.0,0.0,0.0685515376368248
Aweil East,2014-03-17,train,0.0,0,0.007462686567164179,0.0,0.06544165054803353,0.0,0.03731817198470419,0.0,0.0,0.0068925706938727065
Aweil East,2014-03-24,train,0.0,0,0.007462686567164179,0.0,0.06544165054803353,0.0,0.03731817198470419,0.0,0.0,0.0020085161418667424
Aweil East,2014-03-31,train,0.0,0,0.007462686567164179,0.0,0.06544165054803353,0.0,0.04295222734415087,0.0,0.0,0.005678166433045709
Aweil East,2014-04-07,train,0.0,0,0.03787878787878788,0.0,0.06544165054803353,0.0,0.038801206036585725,0.0,0.0,0.0020085161418667424
Aweil East,2014-04-14,train,0.0,0,0.03787878787878788,0.0,0.06544165054803353,0.0,0.037091308620986106,0.0,0.0,0.0020085161418667424
Aweil East,2014-04-21,train,0.0,0,0.03787878787878788,0.0,0.06544165054803353,0.0,0.04588346649779756,0.0,0.0,0.00793636921506456
Aweil East,2014-04-28,train,0.0,0,0.03787878787878788,0.0,0.06544165054803353,0.0,0.04922224449830452,0.0,0.0,0.010786669236109887
Aweil East,2014-05-05,train,0.0,0,0.06716417910447761,0.0,0.06544165054803353,0.0,0.05942691486286668,0.0,0.0,0.04770183714983126
Aweil East,2014-05-12,train,0.0,0,0.06716417910447761,0.0,0.06544165054803353,0.0,0.04289217296795013,0.0,0.0,0.0034302015377428623
Aweil East,2014-05-19,train,0.0,0,0.06716417910447761,0.0,0.06544165054803353,0.0,0.0312653329248473,0.0,0.0,0.0020085161418667424
Aweil East,2014-05-26,train,0.0,0,0.06716417910447761,0.0,0.06544165054803353,0.0,0.03005069827504587,0.0,0.0,0.0020085161418667424
Aweil East,2014-06-02,train,0.0,0,0.08461538461538462,0.0,0.06544165054803353,0.0,0.03005069827504587,0.0,0.0,0.0020085161418667424
Aweil East,2014-06-09,train,0.0,0,0.08461538461538462,0.0,0.06544165054803353,0.0,0.02913868603352553,0.0,0.0,0.0020085161418667424
Aweil East,2014-06-16,train,0.0,0,0.08461538461538462,0.0,0.06544165054803353,0.0,0.029214178361629872,0.0,0.0,0.008795034406755426
Aweil East,2014-06-23,train,0.0,0,0.08461538461538462,0.0,0.06544165054803353,0.0,0.031093311714124106,0.0,0.0,0.013546649324684712
Aweil East,2014-06-30,train,0.0,0,0.08461538461538462,0.0,0.06544165054803353,0.0,0.029925008669392867,0.0,0.0,0.002008517348908098
Aweil East,2014-07-07,train,0.0,0,0.09558823529411764,0.0,0.06544165054803353,0.0,0.02928800759216492,0.0,0.0,0.002008517348908098
Aweil East,2014-07-14,train,0.0,0,0.09558823529411764,0.0,0.06544165054803353,0.0,0.03331732045659302,0.0,0.0,0.0035334066088471517
Aweil East,2014-07-21,train,0.0,0,0.09558823529411764,0.0,0.06544165054803353,0.0,0.05673310943291462,0.0,0.0,0.01251127122004755
Aweil East,2014-07-28,train,0.0,0,0.09558823529411764,0.0,0.06544165054803353,0.0,0.036991331024377676,0.0,0.0,0.008490891289204133
Aweil East,2014-08-04,train,0.0,0,0.553030303030303,0.2117861425016315,0.06544165054803353,0.0,0.04873384748856704,0.0,0.0,0.29628386984550537
Aweil East,2014-08-11,train,0.2120611563785408,1,0.553030303030303,0.2117861425016315,0.06544165054803353,0.0,0.2527942332074517,0.0,0.0014284595831513625,0.6274726008020851
Aweil East,2014-08-18,train,2.0146047222544463,1,0.553030303030303,0.2117861425016315,0.7527675276752768,0.2120611563785408,0.6689784180112718,0.0,0.16228036338131757,2.8630240293273603
Aweil East,2014-08-25,train,1.2723633070689198,1,0.553030303030303,0.2117861425016315,0.7527675276752768,2.0146047222544463,0.7488678948647532,0.0,0.73233574481742,6.003495199482058
Aweil East,2014-09-01,train,0.0,0,0.7045454545454546,5.77871250314939,0.7527675276752768,1.2723633070689198,0.46510642985000833,0.0,0.3572727129173603,7.589090207627467
Aweil East,2014-09-08,train,3.1278466447977777,1,0.7045454545454546,5.77871250314939,0.06544165054803353,0.0,0.7963410305222491,0.0,0.2376326680797389,8.2866760630056
Aweil East,2014-09-15,train,43.95317854403608,1,0.7045454545454546,5.77871250314939,0.7527675276752768,3.1278466447977777,0.8640213822487571,0.04963844111232155,2.5100086274075832,41.420411441639665
Aweil East,2014-09-22,train,25.291679680478246,1,0.7045454545454546,5.77871250314939,0.7527675276752768,43.95317854403608,0.9050510374946141,0.04963844111232155,20.67386221980821,55.376662889432595
Aweil East,2014-09-29,train,29.47881283306247,1,0.7045454545454546,5.77871250314939,0.7527675276752768,25.291679680478246,0.9079464605119663,0.04963844111232155,12.019578973266633,50.90956167356654
Aweil East,2014-10-06,train,83.08169769552168,1,0.8602941176470589,24.653744379631284,0.7527675276752768,29.47881283306247,0.9114001608878064,0.04963844111232155,12.00901294856211,84.07137529743014
Aweil East,2014-10-13,train,185.3500612060276,1,0.8602941176470589,24.653744379631284,0.7527675276752768,83.08169769552168,0.91209541048812,0.04963844111232155,25.658574544639908,197.43680404967253
Aweil East,2014-10-20,train,102.2191832249567,1,0.8602941176470589,24.653744379631284,0.7527675276752768,185.3500612060276,0.91209541048812,0.04963844111232155,25.475916057081545,237.33972715305075
Aweil East,2014-10-27,train,43.79345592110966,1,0.8602941176470589,24.653744379631284,0.7527675276752768,102.2191832249567,0.9108041111352974,0.04963844111232155,27.103163378626117,262.4724185277088
Aweil East,2014-11-03,train,62.29493422910145,1,0.7578125,1.960766295700251,0.7527675276752768,43.79345592110966,0.9108041111352974,0.04963844111232155,20.140078460046652,146.9284594804572
Aweil East,2014-11-10,train,31.43953919967448,1,0.7578125,1.960766295700251,0.7527675276752768,62.29493422910145,0.9108041111352974,0.04963844111232155,27.285821866184488,136.35983322713574
Aweil East,2014-11-17,train,24.07030043902113,1,0.7578125,1.960766295700251,0.7527675276752768,31.43953919967448,0.9108041111352974,0.04963844111232155,10.235773302772074,77.46327200329038
Aweil East,2014-11-24,train,20.888398156672352,1,0.7578125,1.960766295700251,0.7527675276752768,24.07030043902113,0.9115673911107308,0.04963844111232155,8.44158110111623,31.934016000469093
Aweil East,2014-12-01,train,6.7853700032922015,1,0.6304347826086957,0.1060570739208414,0.7527675276752768,20.888398156672352,0.9104320979040339,0.04963844111232155,7.178492579229507,11.8139582956209
Aweil East,2014-12-08,train,0.4241207982334904,1,0.6304347826086957,0.1060570739208414,0.7527675276752768,6.7853700032922015,0.8944899165814949,0.04963844111232155,1.2211967014837317,2.4228687617312277
Aweil East,2014-12-15,train,0.2649883239894952,1,0.6304347826086957,0.1060570739208414,0.7527675276752768,0.4241207982334904,0.7619873099073128,0.0015924790129594006,0.14349979510003585,1.4890301991252137
Aweil East,2014-12-22,train,0.0530141538125309,1,0.6304347826086957,0.1060570739208414,0.7527675276752768,0.2649883239894952,0.768912005447376,0.0015924790129594006,0.09335624818664803,0.3777727877021451
Aweil East,2014-12-29,train,0.1058679880686459,1,0.6304347826086957,0.1060570739208414,0.7527675276752768,0.0530141538125309,0.7441260048073742,0.0015924790129594006,0.09051170183476526,0.24043671407390854
Aweil North,2000-01-03,train,0.0,0,0.03676470588235294,0.0,0.06544165054803353,0.0,0.02458980519055689,0.0,0.0,0.00200887648337002
Aweil North,2000-01-10,train,0.0,0,0.03676470588235294,0.0,0.06544165054803353,0.0,0.028205898518490168,0.0,0.0,0.001989603770284823
Aweil North,2000-01-17,train,0.0,0,0.03676470588235294,0.0,0.06544165054803353,0.0,0.029273336698692833,0.0,0.0,0.004300810552142739
Aweil North,2000-01-24,train,0.0,0,0.03676470588235294,0.0,0.06544165054803353,0.0,0.028368437239097977,0.0,0.0,0.01136266975714965
Aweil North,2000-01-31,train,0.0,0,0.03676470588235294,0.0,0.06544165054803353,0.0,0.023053229376823164,0.0,0.0,0.0020085161418667424
Aweil North,2000-02-07,train,0.0,0,0.00819672131147541,0.0,0.06544165054803353,0.0,0.023175294171936364,0.0,0.0,0.0020085161418667424
Aweil North,2000-02-14,train,0.0,0,0.00819672131147541,0.0,0.06544165054803353,0.0,0.023175294171936364,0.0,0.0,0.0020085161418667424
Aweil North,2000-02-21,train,0.0,0,0.00819672131147541,0.0,0.06544165054803353,0.0,0.023175294171936364,0.0,0.0,0.0020085161418667424
Aweil North,2000-02-28,train,0.0,0,0.00819672131147541,0.0,0.06544165054803353,0.0,0.023175294171936364,0.0,0.0,0.0020085161418667424
Aweil North,2000-03-06,train,0.0,0,0.022388059701492536,0.0,0.06544165054803353,0.0,0.02400417905415217,0.0,0.0,0.0020085161418667424
Aweil North,2000-03-13,train,0.0,0,0.022388059701492536,0.0,0.06544165054803353,0.0,0.02600065279772301,0.0,0.0,0.0020085161418667424
Aweil North,2000-03-20,train,0.0,0,0.022388059701492536,0.0,0.06544165054803353,0.0,0.02520326740188843,0.0,0.0,0.0020085161418667424
Aweil North,2000-03-27,train,0.0,0,0.022388059701492536,0.0,0.06544165054803353,0.0,0.025569548643131983,0.0,0.0,0.0020085161418667424
Aweil North,2000-04-03,train,0.0,0,0.022727272727272728,0.0,0.06544165054803353,0.0,0.025971075351249064,0.0,0.0,0.0020085161418667424
Aweil North,2000-04-10,train,0.0,0,0.022727272727272728,0.0,0.06544165054803353,0.0,0.025182217911617115,0.0,0.0,0.0020085161418667424
Aweil North,2000-04-17,train,0.0,0,0.022727272727272728,0.0,0.06544165054803353,0.0,0.025182217911617115,0.0,0.0,0.0020085161418667424
Aweil North,2000-04-24,train,0.0,0,0.022727272727272728,0.0,0.06544165054803353,0.0,0.02642671246645117,0.0,0.0,0.003178638388451817
Aweil North,2000-05-01,train,0.0,0,0.007462686567164179,0.0,0.06544165054803353,0.0,0.024900407115917785,0.0,0.0,0.0020085161418667424
Aweil North,2000-05-08,train,0.0,0,0.007462686567164179,0.0,0.06544165054803353,0.0,0.024156827949678335,0.0,0.0,0.0020085161418667424
Aweil North,2000-05-15,train,0.0,0,0.007462686567164179,0.0,0.06544165054803353,0.0,0.023958908616175965,0.0,0.0,0.0020085161418667424
Aweil North,2000-05-22,train,0.0,0,0.007462686567164179,0.0,0.06544165054803353,0.0,0.023958908616175965,0.0,0.0,0.0020085161418667424
Aweil North,2000-05-29,train,0.0,0,0.007462686567164179,0.0,0.06544165054803353,0.0,0.023958908616175965,0.0,0.0,0.0020085161418667424
Aweil North,2000-06-05,train,0.0,0,0.038461538461538464,0.0,0.06544165054803353,0.0,0.023958908616175965,0.0,0.0,0.0020085161418667424
Aweil North,2000-06-12,train,0.0,0,0.038461538461538464,0.0,0.06544165054803353,0.0,0.023958908616175965,0.0,0.0,0.0020085161418667424
Aweil North,2000-06-19,train,0.0,0,0.038461538461538464,0.0,0.06544165054803353,0.0,0.02402131324360943,0.0,0.0,0.0020085161418667424
Aweil North,2000-06-26,train,0.0,0,0.038461538461538464,0.0,0.06544165054803353,0.0,0.023918176753665376,0.0,0.0,0.002009639317194903
Aweil North,2000-07-03,train,0.0,0,0.007352941176470588,0.0,0.06544165054803353,0.0,0.023918176753665376,0.0,0.0,0.002009639317194903
Aweil North,2000-07-10,train,0.0,0,0.007352941176470588,0.0,0.06544165054803353,0.0,0.029970479345163524,0.0,0.0,0.004661257903010088
Aweil North,2000-07-17,train,0.0,0,0.007352941176470588,0.0,0.06544165054803353,0.0,0.02461767717283897,0.0,0.0,0.0020097072891372973
Aweil North,2000-07-24,train,0.0,0,0.007352941176470588,0.0,0.06544165054803353,0.0,0.026224739628481646,0.0,0.0,0.0020136747864743457
Aweil North,2000-07-31,train,0.0,0,0.007352941176470588,0.0,0.06544165054803353,0.0,0.025275290068986205,0.0,0.0,0.0019191668830278775
Aweil North,2000-08-07,train,0.0,0,0.03787878787878788,0.0,0.06544165054803353,0.0,0.030370817330549176,0.0,0.0,0.005060300001957795
Aweil North,2000-08-14,train,0.0,0,0.03787878787878788,0.0,0.06544165054803353,0.0,0.05182971620966442,0.0,0.0,0.0718762720805439
Aweil North,2000-08-21,train,0.0,0,0.03787878787878788,0.0,0.06544165054803353,0.0,0.06607761890413666,0.0,0.0,0.30118225473033133
Aweil North,2000-08-28,train,0.0,0,0.03787878787878788,0.0,0.06544165054803353,0.0,0.05788179223281069,0.0,0.0,0.6277901033033728
Aweil North,2000-09-04,train,0.0,0,0.25,0.0,0.06544165054803353,0.0,0.043173703289020475,0.0,0.0,0.17978414337499124
Aweil North,2000-09-11,train,0.0,0,0.25,0.0,0.06544165054803353,0.0,0.04067301264785951,0.0,0.0,0.0
Aweil North,2000-09-18,train,0.0,0,0.25,0.0,0.06544165054803353,0.0,0.07140189023999371,0.0,0.0,0.7974989688494097
Aweil North,2000-09-25,train,0.0,0,0.25,0.0,0.06544165054803353,0.0,0.07417688587182848,0.0,0.0,2.7490195065365315
Aweil North,2000-10-02,train,0.0,0,0.41911764705882354,0.0,0.06544165054803353,0.0,0.1031985729823397,0.0,0.0,0.663922413518079
Aweil North,2000-10-09,train,0.0,0,0.41911764705882354,0.0,0.06544165054803353,0.0,0.07645164513900297,0.0,0.0,2.003122046216675
Aweil North,2000-10-16,train,0.0,0,0.41911764705882354,0.0,0.06544165054803353,0.0,0.09019646363713163,0.0,0.0,0.3306738930163307
Aweil North,2000-10-23,train,0.0,0,0.41911764705882354,0.0,0.06544165054803353,0.0,0.07401600405986766,0.0,0.0,0.0
Aweil North,2000-10-30,train,0.0,0,0.41911764705882354,0.0,0.06544165054803353,0.0,0.1646308281354846,0.0,0.0,0.1754699312794814
Aweil North,2000-11-06,train,0.0,0,0.2265625,0.0,0.06544165054803353,0.0,0.07045123171373567,0.0,0.0,0.006541361933137329
Aweil North,2000-11-13,train,0.0,0,0.2265625,0.0,0.06544165054803353,0.0,0.06063297918598464,0.0,0.0,0.08096256673788052
Aweil North,2000-11-20,train,0.0,0,0.2265625,0.0,0.06544165054803353,0.0,0.07377198074201201,0.0,0.0,0.002960608951356815
Aweil North,2000-11-27,train,0.0,0,0.2265625,0.0,0.06544165054803353,0.0,0.0357205171096651,0.0,0.0,0.001023423160921979
Aweil North,2000-12-04,train,0.0,0,0.06521739130434782,0.0,0.06544165054803353,0.0,0.02826376838566348,0.0,0.0,0.006974338822851224
Aweil North,2000-12-11,train,0.0,0,0.06521739130434782,0.0,0.06544165054803353,0.0,0.023363142922163144,0.0,0.0,0.0017249306028915567
Aweil North,2000-12-18,train,0.0,0,0.06521739130434782,0.0,0.06544165054803353,0.0,0.03485898824134192,0.0,0.0,0.04341914599441442
Aweil North,2000-12-25,train,0.0,0,0.06521739130434782,0.0,0.06544165054803353,0.0,0.027453757956635006,0.0,0.0,0.002911680859247335
Aweil North,2001-01-01,train,0.0,0,0.03676470588235294,0.0,0.06544165054803353,0.0,0.025251610380460116,0.0,0.0,0.0020092767879090244
Aweil North,2001-01-08,train,0.0,0,0.03676470588235294,0.0,0.06544165054803353,0.0,0.022699701383313443,0.0,0.0,0.0020088416046521447
Aweil North,2001-01-15,train,0.0,0,0.03676470588235294,0.0,0.06544165054803353,0.0,0.02703082267481648,0.0,0.0,0.0021423863229644642
Aweil North,2001-01-22,train,0.0,0,0.03676470588235294,0.0,0.06544165054803353,0.0,0.025285408417348172,0.0,0.0,0.002071085390524648
Aweil North,2001-01-29,train,0.0,0,0.03676470588235294,0.0,0.06544165054803353,0.0,0.02431258627462785,0.0,0.0,0.0022102328055966344
Aweil North,2001-02-05,train,0.0,0,0.00819672131147541,0.0,0.06544165054803353,0.0,0.023175294171936364,0.0,0.0,0.0020085161418667424
Aweil North,2001-02-12,train,0.0,0,0.00819672131147541,0.0,0.06544165054803353,0.0,0.023175294171936364,0.0,0.0,0.0020085161418667424
Aweil North,2001-02-19,train,0.0,0,0.00819672131147541,0.0,0.06544165054803353,0.0,0.023175294171936364,0.0,0.0,0.0020085161418667424
Aweil North,2001-02-26,train,0.0,0,0.00819672131147541,0.0,0.06544165054803353,0.0,0.023175294171936364,0.0,0.0,0.0020085161418667424
Aweil North,2001-03-05,train,0.0,0,0.022388059701492536,0.0,0.06544165054803353,0.0,0.023643441065884934,0.0,0.0,0.0020085161418667424
Aweil North,2001-03-12,train,0.0,0,0.022388059701492536,0.0,0.06544165054803353,0.0,0.02801960680843643,0.0,0.0,0.0023076285605036877
Aweil North,2001-03-19,train,0.0,0,0.022388059701492536,0.0,0.06544165054803353,0.0,0.02520326740188843,0.0,0.0,0.0020085161418667424
Aweil North,2001-03-26,train,0.0,0,0.022388059701492536,0.0,0.06544165054803353,0.0,0.02613093106735381,0.0,0.0,0.0020085161418667424
Aweil North,2001-04-02,train,0.0,0,0.022727272727272728,0.0,0.06544165054803353,0.0,0.02721247989826893,0.0,0.0,0.0020085161418667424
Aweil North,2001-04-09,train,0.0,0,0.022727272727272728,0.0,0.06544165054803353,0.0,0.02721247989826893,0.0,0.0,0.0027898594466478502
Aweil North,2001-04-16,train,0.0,0,0.022727272727272728,0.0,0.06544165054803353,0.0,0.025182217911617115,0.0,0.0,0.0020085161418667424
Aweil North,2001-04-23,train,0.0,0,0.022727272727272728,0.0,0.06544165054803353,0.0,0.02585914436723487,0.0,0.0,0.0020085161418667424
Aweil North,2001-04-30,train,0.0,0,0.022727272727272728,0.0,0.06544165054803353,0.0,0.024942285272666186,0.0,0.0,0.0020085161418667424
Aweil North,2001-05-07,train,0.0,0,0.007462686567164179,0.0,0.06544165054803353,0.0,0.024402902005230903,0.0,0.0,0.0020047810377192294
Aweil North,2001-05-14,train,0.0,0,0.007462686567164179,0.0,0.06544165054803353,0.0,0.023958908616175965,0.0,0.0,0.0025973693736480565
Aweil North,2001-05-21,train,0.0,0,0.007462686567164179,0.0,0.06544165054803353,0.0,0.023958908616175965,0.0,0.0,0.0020085161418667424
Aweil North,2001-05-28,train,0.0,0,0.007462686567164179,0.0,0.06544165054803353,0.0,0.023958908616175965,0.0,0.0,0.0020085161418667424
Aweil North,2001-06-04,train,0.0,0,0.038461538461538464,0.0,0.06544165054803353,0.0,0.023958908616175965,0.0,0.0,0.0020085161418667424
Aweil North,2001-06-11,train,0.0,0,0.038461538461538464,0.0,0.06544165054803353,0.0,0.023958908616175965,0.0,0.0,0.0020085161418667424
Aweil North,2001-06-18,train,0.0,0,0.038461538461538464,0.0,0.06544165054803353,0.0,0.02402131324360943,0.0,0.0,0.0020085161418667424
Aweil North,2001-06-25,train,0.0,0,0.038461538461538464,0.0,0.06544165054803353,0.0,0.02508759022781597,0.0,0.0,0.004152962085290232
Aweil North,2001-07-02,train,0.0,0,0.007352941176470588,0.0,0.06544165054803353,0.0,0.023918176753665376,0.0,0.0,0.002009639317194903
Aweil North,2001-07-09,train,0.0,0,0.007352941176470588,0.0,0.06544165054803353,0.0,0.023918176753665376,0.0,0.0,0.002008517348908098
Aweil North,2001-07-16,train,0.0,0,0.007352941176470588,0.0,0.06544165054803353,0.0,0.02461767717283897,0.0,0.0,0.0020097072891372973
Aweil North,2001-07-23,train,0.0,0,0.007352941176470588,0.0,0.06544165054803353,0.0,0.03016746455735818,0.0,0.0,0.015597664908062065
Aweil North,2001-07-30,train,0.0,0,0.007352941176470588,0.0,0.06544165054803353,0.0,0.02600457509310713,0.0,0.0,0.001977178965812742
Aweil North,2001-08-06,train,0.0,0,0.03787878787878788,0.0,0.06544165054803353,0.0,0.030482079837681687,0.0,0.0,0.013235758647206181
Aweil North,2001-08-13,train,0.0,0,0.03787878787878788,0.0,0.06544165054803353,0.0,0.03857735487972856,0.0,0.0,0.055240721017238294
Aweil North,2001-08-20,train,0.3180576140756964,1,0.03787878787878788,0.0,0.06544165054803353,0.0,0.1368881261240809,0.0,0.0,0.5997337296809077
Aweil North,2001-08-27,train,0.0,0,0.03787878787878788,0.0,0.7527675276752768,0.3180576140756964,0.213612019417351,0.0,0.058443999421348106,1.4568748125477085
Aweil North,2001-09-03,train,0.0,0,0.25,0.0,0.06544165054803353,0.0,0.09955492264404814,0.0,0.0,1.4836499500579008
Aweil North,2001-09-10,train,0.0,0,0.25,0.0,0.06544165054803353,0.0,0.10123424527455512,0.0,0.05284913755940361,0.36093737870690334
Aweil North,2001-09-17,train,0.0,0,0.25,0.0,0.06544165054803353,0.0,0.12472743489528787,0.0,0.0,2.9258985062314458
Aweil North,2001-09-24,train,0.0,0,0.25,0.0,0.06544165054803353,0.0,0.09046383325008155,0.0,0.0,0.5674522722771801
Aweil North,2001-10-01,train,3.657539056745124,1,0.41911764705882354,0.0,0.06544165054803353,0.0,0.30794659582389455,0.0,0.0,3.643144790903367
Aweil North,2001-10-08,train,0.0,0,0.41911764705882354,0.0,0.7527675276752768,3.657539056745124,0.5673086952835529,0.0,0.9116060865840334,10.088481479917453
Aweil North,2001-10-15,train,0.0,0,0.41911764705882354,0.0,0.06544165054803353,0.0,0.24024278449135983,0.0,0.09358331467295113,9.45039318008934
Aweil North,2001-10-22,train,0.0,0,0.41911764705882354,0.0,0.06544165054803353,0.0,0.15473547741455276,0.0,0.0076905666157949595,1.8222595559264783
Aweil North,2001-10-29,train,0.0,0,0.41911764705882354,0.0,0.06544165054803353,0.0,0.11236613068596214,0.0,0.0,1.0524109663963737
Aweil North,2001-11-05,train,0.0,0,0.2265625,0.0,0.06544165054803353,0.0,0.09388253115336397,0.0,0.0,0.023456139299972135
Aweil North,2001-11-12,train,0.0,0,0.2265625,0.0,0.06544165054803353,0.0,0.08783050644028124,0.0,0.0,0.06576899462860317
Aweil North,2001-11-19,train,0.0,0,0.2265625,0.0,0.06544165054803353,0.0,0.08930941283723504,0.0,0.0,0.07116922184777413
Aweil North,2001-11-26,train,0.0,0,0.2265625,0.0,0.06544165054803353,0.0,0.07323232622719301,0.0,0.0,0.01280540043534175
Aweil North,2001-12-03,train,0.0,0,0.06521739130434782,0.0,0.06544165054803353,0.0,0.02881595233621558,0.0,0.0,0.010290520833034323
Aweil North,2001-12-10,train,0.0,0,0.06521739130434782,0.0,0.06544165054803353,0.0,0.023324486022584592,0.0,0.0,0.0017502957697363719
Aweil North,2001-12-17,train,0.0,0,0.06521739130434782,0.0,0.06544165054803353,0.0,0.03136932367837038,0.0,0.0,0.03705912233198447
Aweil North,2001-12-24,train,0.0,0,0.06521739130434782,0.0,0.06544165054803353,0.0,0.047114104173879796,0.0,0.0,0.005742704945913882
Aweil North,2001-12-31,train,0.0,0,0.06521739130434782,0.0,0.06544165054803353,0.0,0.025753228076932623,0.0,0.0,0.0019959275088163005
Aweil North,2002-01-07,train,0.0,0,0.03676470588235294,0.0,0.06544165054803353,0.0,0.029002275197724175,0.0,0.0,0.0024446017442279607
Aweil North,2002-01-14,train,0.0,0,0.03676470588235294,0.0,0.06544165054803353,0.0,0.03093713794270347,0.0,0.0,0.0024265561939977166
Aweil North,2002-01-21,train,0.0,0,0.03676470588235294,0.0,0.06544165054803353,0.0,0.03496268774245097,0.0,0.0,0.008576980760192173
Aweil North,2002-01-28,train,0.0,0,0.03676470588235294,0.0,0.06544165054803353,0.0,0.0258666640451356,0.0,0.0,0.0029618323394125156
Aweil North,2002-02-04,train,0.0,0,0.00819672131147541,0.0,0.06544165054803353,0.0,0.024416760163263836,0.0,0.0,0.0020085161418667424
Aweil North,2002-02-11,train,0.0,0,0.00819672131147541,0.0,0.06544165054803353,0.0,0.02454586333499596,0.0,0.0,0.0020085161418667424
Aweil North,2002-02-18,train,0.0,0,0.00819672131147541,0.0,0.06544165054803353,0.0,0.02454586333499596,0.0,0.0,0.0020085161418667424
Aweil North,2002-02-25,train,0.0,0,0.00819672131147541,0.0,0.06544165054803353,0.0,0.02454586333499596,0.0,0.0,0.0020085161418667424
Aweil North,2002-03-04,train,0.0,0,0.022388059701492536,0.0,0.06544165054803353,0.0,0.025040986348865375,0.0,0.0,0.0020085161418667424
Aweil North,2002-03-11,train,0.0,0,0.022388059701492536,0.0,0.06544165054803353,0.0,0.04303981791290395,0.0,0.0,0.023837336877106968
Aweil North,2002-03-18,train,0.0,0,0.022388059701492536,0.0,0.06544165054803353,0.0,0.027004456622368937,0.0,0.0,0.0020085161418667424
Aweil North,2002-03-25,train,0.0,0,0.022388059701492536,0.0,0.06544165054803353,0.0,0.027004456622368937,0.0,0.0,0.0020085161418667424
Aweil North,2002-04-01,train,0.0,0,0.022727272727272728,0.0,0.06544165054803353,0.0,0.030405155377574218,0.0,0.0,0.0042092616911966925
Aweil North,2002-04-08,train,0.0,0,0.022727272727272728,0.0,0.06544165054803353,0.0,0.02902244961542104,0.0,0.0,0.0033141578980427173
Aweil North,2002-04-15,train,0.0,0,0.022727272727272728,0.0,0.06544165054803353,0.0,0.028143586331044496,0.0,0.0,0.0025328145932616104
Aweil North,2002-04-22,train,0.0,0,0.022727272727272728,0.0,0.06544165054803353,0.0,0.02889775788437267,0.0,0.0,0.005105819480810786
Aweil North,2002-04-29,train,0.0,0,0.022727272727272728,0.0,0.06544165054803353,0.0,0.026725334369542386,0.0,0.0,0.003178638388451817
Aweil North,2002-05-06,train,0.0,0,0.007462686567164179,0.0,0.06544165054803353,0.0,0.02611027617253112,0.0,0.0,0.0035493192559861277
Aweil North,2002-05-13,train,0.0,0,0.007462686567164179,0.0,0.06544165054803353,0.0,0.026020173386405148,0.0,0.0,0.0025973693736480565
Aweil North,2002-05-20,train,0.0,0,0.007462686567164179,0.0,0.06544165054803353,0.0,0.026020173386405148,0.0,0.0,0.0020085161418667424
Aweil North,2002-05-27,train,0.0,0,0.007462686567164179,0.0,0.06544165054803353,0.0,0.026020173386405148,0.0,0.0,0.0020085161418667424
Aweil North,2002-06-03,train,0.0,0,0.038461538461538464,0.0,0.06544165054803353,0.0,0.026020173386405148,0.0,0.0,0.0020085161418667424
Aweil North,2002-06-10,train,0.0,0,0.038461538461538464,0.0,0.06544165054803353,0.0,0.026652855785931833,0.0,0.0,0.0020085161418667424
Aweil North,2002-06-17,train,0.0,0,0.038461538461538464,0.0,0.06544165054803353,0.0,0.026722085103103296,0.0,0.0,0.0020085161419718042
Aweil North,2002-06-24,train,0.0,0,0.038461538461538464,0.0,0.06544165054803353,0.0,0.029856470948469792,0.0,0.0,0.013546649334991319
Aweil North,2002-07-01,train,0.0,0,0.007352941176470588,0.0,0.06544165054803353,0.0,0.02847125638946515,0.0,0.0,0.0020096394944207397
Aweil North,2002-07-08,train,0.0,0,0.007352941176470588,0.0,0.06544165054803353,0.0,0.02847125638946515,0.0,0.0,0.002009636124863727
Aweil North,2002-07-15,train,0.0,0,0.007352941176470588,0.0,0.06544165054803353,0.0,0.02957832783721406,0.0,0.0,0.002009712742700846
Aweil North,2002-07-22,train,0.0,0,0.007352941176470588,0.0,0.06544165054803353,0.0,0.0615020529629406,0.0,0.0,0.03420870432580424
Aweil North,2002-07-29,train,0.0,0,0.007352941176470588,0.0,0.06544165054803353,0.0,0.04050929251877558,0.0,0.0,0.002344043426272351
Aweil North,2002-08-05,train,0.0,0,0.03787878787878788,0.0,0.06544165054803353,0.0,0.06120318492805809,0.0,0.0,0.025865032499617028
Aweil North,2002-08-12,train,0.0,0,0.03787878787878788,0.0,0.06544165054803353,0.0,0.04046915780496345,0.0,0.0,0.19052679445504017
Aweil North,2002-08-19,train,0.0,0,0.03787878787878788,0.0,0.06544165054803353,0.0,0.09167666066290518,0.0,0.0,0.1859179141790152
Aweil North,2002-08-26,train,0.0,0,0.03787878787878788,0.0,0.06544165054803353,0.0,0.08489691562499893,0.0,0.0,0.11307513531911925
Aweil North,2002-09-02,train,0.0,0,0.25,0.0,0.06544165054803353,0.0,0.09727516182967977,0.0,0.0,0.7842116740780775
Aweil North,2002-09-09,train,0.0,0,0.25,0.0,0.06544165054803353,0.0,0.07591664820813757,0.0,0.0,0.2207492936357244
Aweil North,2002-09-16,train,0.0,0,0.25,0.0,0.06544165054803353,0.0,0.11538765581079836,0.0,0.0,1.4954859922609534
Aweil North,2002-09-23,train,0.0,0,0.25,0.0,0.06544165054803353,0.0,0.08132077606556729,0.0,0.0,0.0
Aweil North,2002-09-30,train,0.0,0,0.25,0.0,0.06544165054803353,0.0,0.25142000081729765,0.0,0.0,2.070740995653468
Aweil North,2002-10-07,train,0.0,0,0.41911764705882354,0.0,0.06544165054803353,0.0,0.13235911443854606,0.0,0.0,0.1516828043779411
Aweil North,2002-10-14,train,0.0,0,0.41911764705882354,0.0,0.06544165054803353,0.0,0.08414278828021143,0.0,0.0,0.0
Aweil North,2002-10-21,train,0.0,0,0.41911764705882354,0.0,0.06544165054803353,0.0,0.09258722134853828,0.0,0.0,0.4709363024581091
Aweil North,2002-10-28,train,0.0,0,0.41911764705882354,0.0,0.06544165054803353,0.0,0.09618828303701503,0.0,0.0,0.007212664113150005
Aweil North,2002-11-04,train,0.0,0,0.2265625,0.0,0.06544165054803353,0.0,0.20193137282659893,0.0,0.0,0.0
Aweil North,2002-11-11,train,0.0,0,0.2265625,0.0,0.06544165054803353,0.0,0.12967637717766484,0.0,0.0,0.10104263777719805
Aweil North,2002-11-18,train,0.0,0,0.2265625,0.0,0.06544165054803353,0.0,0.11135886117086162,0.0,0.0,0.15244883223842642
Aweil North,2002-11-25,train,0.0,0,0.2265625,0.0,0.06544165054803353,0.0,0.09380668556768605,0.0,0.0,0.0
Aweil North,2002-12-02,train,0.0,0,0.06521739130434782,0.0,0.06544165054803353,0.0,0.043975899466677945,0.0,0.0,0.009090306830875581
Aweil North,2002-12-09,train,0.0,0,0.06521739130434782,0.0,0.06544165054803353,0.0,0.0349378642571092,0.0,0.0,0.004372253295357978
Aweil North,2002-12-16,train,0.0,0,0.06521739130434782,0.0,0.06544165054803353,0.0,0.04976295463851823,0.0,0.0,0.027671644981392893
Aweil North,2002-12-23,train,0.0,0,0.06521739130434782,0.0,0.06544165054803353,0.0,0.07464385491598463,0.0,0.0,0.003573764024884111
Aweil North,2002-12-30,train,0.0,0,0.06521739130434782,0.0,0.06544165054803353,0.0,0.030299895429344543,0.0,0.0,0.0019956622062805157
Aweil North,2003-01-06,train,0.0,0,0.03676470588235294,0.0,0.06544165054803353,0.0,0.04729689206740022,0.0,0.0,0.003394629081476089
Aweil North,2003-01-13,train,0.0,0,0.03676470588235294,0.0,0.06544165054803353,0.0,0.05007909679707995,0.0,0.0,0.002425835047502579
Aweil North,2003-01-20,train,0.0,0,0.03676470588235294,0.0,0.06544165054803353,0.0,0.06944628379346363,0.0,0.0,0.01366466179150469
Aweil North,2003-01-27,train,0.0,0,0.03676470588235294,0.0,0.06544165054803353,0.0,0.08732539068228407,0.0,0.0,0.034193408957421345
Aweil North,2003-02-03,train,0.0,0,0.00819672131147541,0.0,0.06544165054803353,0.0,0.04024769457111187,0.0,0.0,0.005144899137819236
Aweil North,2003-02-10,train,0.0,0,0.00819672131147541,0.0,0.06544165054803353,0.0,0.03834857210283326,0.0,0.0,0.005144899137819236
Aweil North,2003-02-17,train,0.0,0,0.00819672131147541,0.0,0.06544165054803353,0.0,0.0375154229815136,0.0,0.0,0.005144899137819236
Aweil North,2003-02-24,train,0.0,0,0.00819672131147541,0.0,0.06544165054803353,0.0,0.035802734553258844,0.0,0.0,0.0018582605244449619
Aweil North,2003-03-03,train,0.0,0,0.022388059701492536,0.0,0.06544165054803353,0.0,0.036516423478166214,0.0,0.0,0.0018582605244449619
Aweil North,2003-03-10,train,0.0,0,0.022388059701492536,0.0,0.06544165054803353,0.0,0.05582674186055015,0.0,0.0,0.02338796884104822
Aweil North,2003-03-17,train,0.0,0,0.022388059701492536,0.0,0.06544165054803353,0.0,0.04020769320542336,0.0,0.0,0.002357218835374663
Aweil North,2003-03-24,train,0.0,0,0.022388059701492536,0.0,0.06544165054803353,0.0,0.04020769320542336,0.0,0.0,0.002357218835374663
Aweil North,2003-03-31,train,0.0,0,0.022388059701492536,0.0,0.06544165054803353,0.0,0.0757684671412203,0.0,0.0,0.02896461330766565
Aweil North,2003-04-07,train,0.0,0,0.022727272727272728,0.0,0.06544165054803353,0.0,0.06875612307003333,0.0,0.0,0.026218765331722328
Aweil North,2003-04-14,train,0.0,0,0.022727272727272728,0.0,0.06544165054803353,0.0,0.06675676130265042,0.0,0.0,0.026218765331722328
Aweil North,2003-04-21,train,0.0,0,0.022727272727272728,0.0,0.06544165054803353,0.0,0.07113767240467099,0.0,0.0,0.03159525592289521
Aweil North,2003-04-28,train,0.0,0,0.022727272727272728,0.0,0.06544165054803353,0.0,0.0650267233313608,0.0,0.0,0.02818265048510249
Aweil North,2003-05-05,train,0.0,0,0.007462686567164179,0.0,0.06544165054803353,0.0,0.07084411685191999,0.0,0.0,0.03943447570941037
Aweil North,2003-05-12,train,0.0,0,0.007462686567164179,0.0,0.06544165054803353,0.0,0.07554338473362328,0.0,0.0,0.03878163824570925
Aweil North,2003-05-19,train,0.0,0,0.007462686567164179,0.0,0.06544165054803353,0.0,0.0706108364858103,0.0,0.0,0.037893672595290986
Aweil North,2003-05-26,train,0.0,0,0.007462686567164179,0.0,0.06544165054803353,0.0,0.07543813483608323,0.0,0.0,0.04118031120866526
Aweil North,2003-06-02,train,0.0,0,0.038461538461538464,0.0,0.06544165054803353,0.0,0.07543813483608323,0.0,0.0,0.043099718312367696
Aweil North,2003-06-09,train,0.0,0,0.038461538461538464,0.0,0.06544165054803353,0.0,0.07543813483608323,0.0,0.0,0.043099718312367696
Aweil North,2003-06-16,train,0.0,0,0.038461538461538464,0.0,0.06544165054803353,0.0,0.07661422918238292,0.0,0.0,0.049929049056937555
Aweil North,2003-06-23,train,0.3180402699102155,1,0.038461538461538464,0.0,0.06544165054803353,0.0,0.08930679310914043,0.0,0.0,0.05201157982141484
Aweil North,2003-06-30,train,0.1060134233034051,1,0.038461538461538464,0.0,0.7527675276752768,0.3180402699102155,0.2644957548462001,0.0,0.007174263485105164,0.6838791848487947
Aweil North,2003-07-07,train,0.0,0,0.007352941176470588,0.0,0.7527675276752768,0.1060134233034051,0.24500878160306977,0.0,0.0071617502667107895,0.5732762690857895
Aweil North,2003-07-14,train,0.0,0,0.007352941176470588,0.0,0.06544165054803353,0.0,0.10177377027422382,0.0,0.0,0.2555988929584189
Aweil North,2003-07-21,train,0.0,0,0.007352941176470588,0.0,0.06544165054803353,0.0,0.08613049383761005,0.0,0.0,0.11184005260310662
Aweil North,2003-07-28,train,0.0,0,0.007352941176470588,0.0,0.06544165054803353,0.0,0.05553845788477912,0.0,0.0,0.01681712397911222
Aweil North,2003-08-04,train,0.0,0,0.03787878787878788,0.0,0.06544165054803353,0.0,0.055337167793551495,0.0,0.0,0.026069669305494293
Aweil North,2003-08-11,train,0.0,0,0.03787878787878788,0.0,0.06544165054803353,0.0,0.044806739547184615,0.0,0.0,0.003492218037091063
Aweil North,2003-08-18,train,0.0,0,0.03787878787878788,0.0,0.06544165054803353,0.0,0.08092736462131196,0.0,0.0,0.19252855960962847
Aweil North,2003-08-25,train,0.0,0,0.03787878787878788,0.0,0.06544165054803353,0.0,0.09331175266984043,0.0,0.0,0.32262710515714715
Aweil North,2003-09-01,train,2.597432781269568,1,0.25,0.0,0.06544165054803353,0.0,0.13386669709047647,0.0,0.0,1.4893161989289116
Aweil North,2003-09-08,train,0.4240704289191047,1,0.25,0.0,0.7527675276752768,2.597432781269568,0.7624401214345561,0.0,0.4631542925418041,8.397966035145114
Aweil North,2003-09-15,train,4.134419700480643,1,0.25,0.0,0.7527675276752768,0.4240704289191047,0.4960468204694125,0.0,0.24598941379188796,11.983422482695014
Aweil North,2003-09-22,train,5.459717740518461,1,0.25,0.0,0.7527675276752768,4.134419700480643,0.7906583841444788,0.015268686898443962,1.3823533118959046,10.556852023711446
Aweil North,2003-09-29,train,0.0,0,0.25,0.0,0.7527675276752768,5.459717740518461,0.7382902657537694,0.0,2.302204642107203,20.3116421672588
Aweil North,2003-10-06,train,0.5300817296551981,1,0.41911764705882354,0.0,0.06544165054803353,0.0,0.6336369189545583,0.0,0.20112642226489932,10.358204453546568
Aweil North,2003-10-13,train,0.1060155548411408,1,0.41911764705882354,0.0,0.7527675276752768,0.5300817296551981,0.6800904702735249,0.0015924790129594006,0.24017879748920445,8.972998763998342
Aweil North,2003-10-20,train,1.1661799203591607,1,0.41911764705882354,0.0,0.7527675276752768,0.1060155548411408,0.7444170676182348,0.0015924790129594006,0.2009899777454849,3.879347261417432
Aweil North,2003-10-27,train,0.0,0,0.41911764705882354,0.0,0.7527675276752768,1.1661799203591607,0.32039002417169915,0.0,0.019769014256563352,0.8637757388732834
Aweil North,2003-11-03,train,0.2118793627194367,1,0.2265625,0.0,0.06544165054803353,0.0,0.49497085419317266,0.0,0.1459296579786054,1.2871523863832306
Aweil North,2003-11-10,train,0.0,0,0.2265625,0.0,0.7527675276752768,0.2118793627194367,0.2521449531773181,0.0,0.015273967671659354,0.28262651330220345
Aweil North,2003-11-17,train,0.0,0,0.2265625,0.0,0.06544165054803353,0.0,0.13482909703199597,0.0,0.0,0.2798349594827297
Aweil North,2003-11-24,train,0.0,0,0.2265625,0.0,0.06544165054803353,0.0,0.15442144411266517,0.0,0.0005813083330825912,0.08837896569639267
Aweil North,2003-12-01,train,0.0,0,0.06521739130434782,0.0,0.06544165054803353,0.0,0.044426672514619035,0.0,0.0,0.03015696004922608
Aweil North,2003-12-08,train,0.0,0,0.06521739130434782,0.0,0.06544165054803353,0.0,0.038805569688691345,0.0,0.0,0.014996720109585608
Aweil North,2003-12-15,train,0.0529480460587111,1,0.06521739130434782,0.0,0.06544165054803353,0.0,0.06856589221505824,0.0,0.0,0.04567989592274931
Aweil North,2003-12-22,train,0.0,0,0.06521739130434782,0.0,0.7527675276752768,0.0529480460587111,0.1191723483170174,0.0,0.0,0.024696368991100975
Aweil North,2003-12-29,train,0.0,0,0.06521739130434782,0.0,0.06544165054803353,0.0,0.0437600258141761,0.0,0.0,0.012597164443678813
Aweil North,2004-01-05,train,0.0,0,0.03676470588235294,0.0,0.06544165054803353,0.0,0.04141846201722262,0.0,0.0,0.03601497828899856
Aweil North,2004-01-12,train,0.0,0,0.03676470588235294,0.0,0.06544165054803353,0.0,0.04189328318490839,0.0,0.0,0.0024141612020516273
Aweil North,2004-01-19,train,0.0,0,0.03676470588235294,0.0,0.06544165054803353,0.0,0.0704648210368615,0.0,0.0,0.019919566178629715
Aweil North,2004-01-26,train,0.0,0,0.03676470588235294,0.0,0.06544165054803353,0.0,0.05640506060835052,0.0,0.0,0.02054505438655197
Aweil North,2004-02-02,train,0.0,0,0.00819672131147541,0.0,0.06544165054803353,0.0,0.02890811076512147,0.0,0.0,0.0020085161418667424
Aweil North,2004-02-09,train,0.0,0,0.00819672131147541,0.0,0.06544165054803353,0.0,0.027410628979816554,0.0,0.0,0.0020085161418667424
Aweil North,2004-02-16,train,0.0,0,0.00819672131147541,0.0,0.06544165054803353,0.0,0.027410628979816554,0.0,0.0,0.0020085161418667424
Aweil North,2004-02-23,train,0.0,0,0.00819672131147541,0.0,0.06544165054803353,0.0,0.027410628979816554,0.0,0.0,0.0020085161418667424
Aweil North,2004-03-01,train,0.0,0,0.022388059701492536,0.0,0.06544165054803353,0.0,0.027961881692920628,0.0,0.0,0.0020085161418667424
Aweil North,2004-03-08,train,0.0,0,0.022388059701492536,0.0,0.06544165054803353,0.0,0.06345136025587765,0.0,0.0,0.04413583315386408
Aweil North,2004-03-15,train,0.0,0,0.022388059701492536,0.0,0.06544165054803353,0.0,0.03205668338134654,0.0,0.0,0.0020085161418667424
Aweil North,2004-03-22,train,0.0,0,0.022388059701492536,0.0,0.06544165054803353,0.0,0.03205668338134654,0.0,0.0,0.0020085161418667424
Aweil North,2004-03-29,train,0.0,0,0.022388059701492536,0.0,0.06544165054803353,0.0,0.03422178025934419,0.0,0.0,0.003411398782830839
Aweil North,2004-04-05,train,0.0,0,0.022727272727272728,0.0,0.06544165054803353,0.0,0.03439808370298256,0.0,0.0,0.0020085161418667424
Aweil North,2004-04-12,train,0.0,0,0.022727272727272728,0.0,0.06544165054803353,0.0,0.03222576682321844,0.0,0.0,0.0020085161418667424
Aweil North,2004-04-19,train,0.0,0,0.022727272727272728,0.0,0.06544165054803353,0.0,0.03222576682321844,0.0,0.0,0.002389291907698297
Aweil North,2004-04-26,train,0.0,0,0.022727272727272728,0.0,0.06544165054803353,0.0,0.03499349536531355,0.0,0.0,0.003178638388451817
Aweil North,2004-05-03,train,0.0,0,0.007462686567164179,0.0,0.06544165054803353,0.0,0.04144623496816032,0.0,0.0,0.031757593036405504
Aweil North,2004-05-10,train,0.0,0,0.007462686567164179,0.0,0.06544165054803353,0.0,0.030612423801451967,0.0,0.0,0.0023076285605036877
Aweil North,2004-05-17,train,0.0,0,0.007462686567164179,0.0,0.06544165054803353,0.0,0.028406318785540056,0.0,0.0,0.0020085161418667424
Aweil North,2004-05-24,train,0.0,0,0.007462686567164179,0.0,0.06544165054803353,0.0,0.028406318785540056,0.0,0.0,0.0020085161418667424
Aweil North,2004-05-31,train,0.0,0,0.007462686567164179,0.0,0.06544165054803353,0.0,0.028406318785540056,0.0,0.0,0.0020085161418667424
Aweil North,2004-06-07,train,0.0,0,0.038461538461538464,0.0,0.06544165054803353,0.0,0.028406318785540056,0.0,0.0,0.0020085161418667424
Aweil North,2004-06-14,train,0.0,0,0.038461538461538464,0.0,0.06544165054803353,0.0,0.028406318785540056,0.0,0.0,0.0020085161418667424
Aweil North,2004-06-21,train,0.0,0,0.038461538461538464,0.0,0.06544165054803353,0.0,0.028479969361208033,0.0,0.0,0.0020085161418667424
Aweil North,2004-06-28,train,0.0,0,0.038461538461538464,0.0,0.06544165054803353,0.0,0.03112116834679845,0.0,0.0,0.002008558238167887
Aweil North,2004-07-05,train,0.0,0,0.007352941176470588,0.0,0.06544165054803353,0.0,0.02998003441615244,0.0,0.0,0.002008558238167887
Aweil North,2004-07-12,train,0.0,0,0.007352941176470588,0.0,0.06544165054803353,0.0,0.04457030397345603,0.0,0.0,0.002147583958072321
Aweil North,2004-07-19,train,0.0,0,0.007352941176470588,0.0,0.06544165054803353,0.0,0.041578088240462774,0.0,0.0,0.004881545640391291
Aweil North,2004-07-26,train,0.0,0,0.007352941176470588,0.0,0.06544165054803353,0.0,0.032600082258912685,0.0,0.0,0.002013663630653065
Aweil North,2004-08-02,train,0.0,0,0.03787878787878788,0.0,0.06544165054803353,0.0,0.031475188515603415,0.0,0.0,0.006303302863798944
Aweil North,2004-08-09,train,0.0,0,0.03787878787878788,0.0,0.06544165054803353,0.0,0.03317887232672807,0.0,0.0,0.004930558637388641
Aweil North,2004-08-16,train,0.0,0,0.03787878787878788,0.0,0.06544165054803353,0.0,0.08576138841557959,0.0,0.0,0.22552756851547023
Aweil North,2004-08-23,train,0.0,0,0.03787878787878788,0.0,0.06544165054803353,0.0,0.08514353010570304,0.0,0.0,0.3528459795950849
Aweil North,2004-08-30,train,0.0,0,0.03787878787878788,0.0,0.06544165054803353,0.0,0.12379739612470242,0.0,0.0,1.0206225806648341
Aweil North,2004-09-06,train,0.0,0,0.25,0.0,0.06544165054803353,0.0,0.06775285475148624,0.0,0.0,0.4435933498173652
Aweil North,2004-09-13,train,0.0,0,0.25,0.0,0.06544165054803353,0.0,0.06613866460570089,0.0,0.0,0.07766988591280198
Aweil North,2004-09-20,train,0.0,0,0.25,0.0,0.06544165054803353,0.0,0.09705174320025052,0.0,0.0,0.03364524818143578
Aweil North,2004-09-27,train,0.0,0,0.25,0.0,0.06544165054803353,0.0,0.317670272916357,0.0,0.0,2.265145545335121
Aweil North,2004-10-04,train,0.0,0,0.41911764705882354,0.0,0.06544165054803353,0.0,0.16062234579956433,0.0,0.0,0.41301264742999205
Aweil North,2004-10-11,train,0.0,0,0.41911764705882354,0.0,0.06544165054803353,0.0,0.11033094173314147,0.0,0.0,0.0
Aweil North,2004-10-18,train,0.0529562858222093,1,0.41911764705882354,0.0,0.06544165054803353,0.0,0.20478062549616302,0.0,0.0,0.04940663595793578
Aweil North,2004-10-25,train,0.0,0,0.41911764705882354,0.0,0.7527675276752768,0.0529562858222093,0.18096261068563413,0.0,0.015837440612722763,0.0751788960591749
Aweil North,2004-11-01,train,0.0,0,0.2265625,0.0,0.06544165054803353,0.0,0.23465389876085588,0.0,0.0,0.015884436723612852
Aweil North,2004-11-08,train,0.1058654199802283,1,0.2265625,0.0,0.06544165054803353,0.0,0.18524662929012148,0.0,0.0,0.09857191709062116
Aweil North,2004-11-15,train,0.0,0,0.2265625,0.0,0.7527675276752768,0.1058654199802283,0.40149788889935845,0.0,0.020940084857970883,0.21805815950646118
Aweil North,2004-11-22,train,0.0,0,0.2265625,0.0,0.06544165054803353,0.0,0.08831064889307619,0.0,0.0,0.009664242706659155
Aweil North,2004-11-29,train,0.0,0,0.2265625,0.0,0.06544165054803353,0.0,0.03986948555528183,0.0,0.0,0.031465994649017524
Aweil North,2004-12-06,train,0.0,0,0.06521739130434782,0.0,0.06544165054803353,0.0,0.027845244515362653,0.0,0.0,0.005913729089926561
Aweil North,2004-12-13,train,0.0,0,0.06521739130434782,0.0,0.06544165054803353,0.0,0.02821356191637742,0.0,0.0,0.0032161676369675757
Aweil North,2004-12-20,train,0.0,0,0.06521739130434782,0.0,0.06544165054803353,0.0,0.10140933421006093,0.0,0.0,0.04183528162794123
Aweil North,2004-12-27,train,0.0,0,0.06521739130434782,0.0,0.06544165054803353,0.0,0.0356032645512313,0.0,0.0,0.001997275738311749
Aweil North,2005-01-03,train,0.0,0,0.03676470588235294,0.0,0.06544165054803353,0.0,0.03903831390776781,0.0,0.0,0.0024321724950314458
Aweil North,2005-01-10,train,0.0,0,0.03676470588235294,0.0,0.06544165054803353,0.0,0.03656177792000012,0.0,0.0,0.002533406673272718
Aweil North,2005-01-17,train,0.0,0,0.03676470588235294,0.0,0.06544165054803353,0.0,0.05272165943899206,0.0,0.0,0.005717964555508814
Aweil North,2005-01-24,train,0.0,0,0.03676470588235294,0.0,0.06544165054803353,0.0,0.05821894817169039,0.0,0.0,0.026409812859420023
Aweil North,2005-01-31,train,0.0,0,0.03676470588235294,0.0,0.06544165054803353,0.0,0.02890811076512147,0.0,0.0,0.0020085161418667424
Aweil North,2005-02-07,train,0.0,0,0.00819672131147541,0.0,0.06544165054803353,0.0,0.027410628979816554,0.0,0.0,0.0020085161418667424
Aweil North,2005-02-14,train,0.0,0,0.00819672131147541,0.0,0.06544165054803353,0.0,0.027410628979816554,0.0,0.0,0.0020085161418667424
Aweil North,2005-02-21,train,0.0,0,0.00819672131147541,0.0,0.06544165054803353,0.0,0.027410628979816554,0.0,0.0,0.0020085161418667424
Aweil North,2005-02-28,train,0.0,0,0.00819672131147541,0.0,0.06544165054803353,0.0,0.027410628979816554,0.0,0.0,0.0020085161418667424
Aweil North,2005-03-07,train,0.0,0,0.022388059701492536,0.0,0.06544165054803353,0.0,0.029454799549688153,0.0,0.0,0.0020085161418667424
Aweil North,2005-03-14,train,0.0,0,0.022388059701492536,0.0,0.06544165054803353,0.0,0.03657383940865951,0.0,0.0,0.0020085161418667424
Aweil North,2005-03-21,train,0.0,0,0.022388059701492536,0.0,0.06544165054803353,0.0,0.03205668338134654,0.0,0.0,0.0020085161418667424
Aweil North,2005-03-28,train,0.0,0,0.022388059701492536,0.0,0.06544165054803353,0.0,0.03422178025934419,0.0,0.0,0.0020085161418667424
Aweil North,2005-04-04,train,0.0,0,0.022727272727272728,0.0,0.06544165054803353,0.0,0.03322774931008376,0.0,0.0,0.0020085161418667424
Aweil North,2005-04-11,train,0.0,0,0.022727272727272728,0.0,0.06544165054803353,0.0,0.03222576682321844,0.0,0.0,0.0020085161418667424
Aweil North,2005-04-18,train,0.0,0,0.022727272727272728,0.0,0.06544165054803353,0.0,0.03222576682321844,0.0,0.0,0.0020085161418667424
Aweil North,2005-04-25,train,0.0,0,0.022727272727272728,0.0,0.06544165054803353,0.0,0.03517294017496854,0.0,0.0,0.003178638388451817
Aweil North,2005-05-02,train,0.0,0,0.007462686567164179,0.0,0.06544165054803353,0.0,0.03144711817564994,0.0,0.0,0.0020085161418667424
Aweil North,2005-05-09,train,0.0,0,0.007462686567164179,0.0,0.06544165054803353,0.0,0.02875760377498931,0.0,0.0,0.0020085161418667424
Aweil North,2005-05-16,train,0.0,0,0.007462686567164179,0.0,0.06544165054803353,0.0,0.028406318785540056,0.0,0.0,0.0020085161418667424
Aweil North,2005-05-23,train,0.0,0,0.007462686567164179,0.0,0.06544165054803353,0.0,0.028406318785540056,0.0,0.0,0.0020085161418667424
Aweil North,2005-05-30,train,0.0,0,0.007462686567164179,0.0,0.06544165054803353,0.0,0.028406318785540056,0.0,0.0,0.0020085161418667424
Aweil North,2005-06-06,train,0.0,0,0.038461538461538464,0.0,0.06544165054803353,0.0,0.028406318785540056,0.0,0.0,0.0020085161418667424
Aweil North,2005-06-13,train,0.0,0,0.038461538461538464,0.0,0.06544165054803353,0.0,0.028406318785540056,0.0,0.0,0.0020085161418667424
Aweil North,2005-06-20,train,0.0,0,0.038461538461538464,0.0,0.06544165054803353,0.0,0.028479969361208033,0.0,0.0,0.0020085161418667424
Aweil North,2005-06-27,train,0.0,0,0.038461538461538464,0.0,0.06544165054803353,0.0,0.03112116834679845,0.0,0.0,0.002008558238167887
Aweil North,2005-07-04,train,0.0,0,0.007352941176470588,0.0,0.06544165054803353,0.0,0.02998003441615244,0.0,0.0,0.002008558238167887
Aweil North,2005-07-11,train,0.0,0,0.007352941176470588,0.0,0.06544165054803353,0.0,0.048129728780232604,0.0,0.0,0.005441396544235273
Aweil North,2005-07-18,train,0.0,0,0.007352941176470588,0.0,0.06544165054803353,0.0,0.030986139863267752,0.0,0.0,0.002147575660942205
Aweil North,2005-07-25,train,0.0,0,0.007352941176470588,0.0,0.06544165054803353,0.0,0.03243703729560495,0.0,0.0,0.0020113945891130115
Aweil North,2005-08-01,train,0.0,0,0.03787878787878788,0.0,0.06544165054803353,0.0,0.03204166285989021,0.0,0.0,0.002115020986742404
Aweil North,2005-08-08,train,0.0,0,0.03787878787878788,0.0,0.06544165054803353,0.0,0.03577974722466103,0.0,0.0,0.003630065890875027
Aweil North,2005-08-15,train,0.0,0,0.03787878787878788,0.0,0.06544165054803353,0.0,0.09741992567833459,0.0,0.0,0.08258106634684251
Aweil North,2005-08-22,train,0.0,0,0.03787878787878788,0.0,0.06544165054803353,0.0,0.10788410664126973,0.0,0.0,0.7593528263710891
Aweil North,2005-08-29,train,0.0,0,0.03787878787878788,0.0,0.06544165054803353,0.0,0.07827976211865456,0.0,0.0,1.3170245375666256
Aweil North,2005-09-05,train,0.0,0,0.25,0.0,0.06544165054803353,0.0,0.07906769846647337,0.0,0.0,1.0447200605932474
Aweil North,2005-09-12,train,0.0,0,0.25,0.0,0.06544165054803353,0.0,0.11301083346321007,0.0,0.0,1.0260870244652698
Aweil North,2005-09-19,train,0.0,0,0.25,0.0,0.06544165054803353,0.0,0.2286218636529364,0.0,0.0,2.7238040274019926
Aweil North,2005-09-26,train,0.0,0,0.25,0.0,0.06544165054803353,0.0,0.1703762221000425,0.0,0.0,5.45681571329956
Aweil North,2005-10-03,train,0.0,0,0.41911764705882354,0.0,0.06544165054803353,0.0,0.1986688913099996,0.0,0.0,0.7410501317115695
Aweil North,2005-10-10,train,0.0,0,0.41911764705882354,0.0,0.06544165054803353,0.0,0.1549032224820321,0.0,0.0,2.8432223970064565
Aweil North,2005-10-17,train,0.0,0,0.41911764705882354,0.0,0.06544165054803353,0.0,0.16340361934952688,0.0,0.0,0.25692750881969517
Aweil North,2005-10-24,train,0.0,0,0.41911764705882354,0.0,0.06544165054803353,0.0,0.11227654025816768,0.0,0.0,0.11737653057758479
Aweil North,2005-10-31,train,0.05296510647098,1,0.41911764705882354,0.0,0.06544165054803353,0.0,0.3188560178329618,0.0,0.0,0.30447390681384845
Aweil North,2005-11-07,train,0.1058807962185518,1,0.2265625,0.0,0.7527675276752768,0.05296510647098,0.26190138206553537,0.0,0.0012165454768811115,0.1637753824944857
Aweil North,2005-11-14,train,0.4236534451039283,1,0.2265625,0.0,0.7527675276752768,0.1058807962185518,0.5279487826665691,0.0,0.02275562344685658,0.4429911989937279
Aweil North,2005-11-21,train,0.0,0,0.2265625,0.0,0.7527675276752768,0.4236534451039283,0.3483701769315269,0.0,0.02193270380172423,0.03616552149939263
Aweil North,2005-11-28,train,0.0,0,0.2265625,0.0,0.06544165054803353,0.0,0.13738725472492425,0.0,0.011604972297884493,0.3017744597589086
Aweil North,2005-12-05,train,0.0,0,0.06521739130434782,0.0,0.06544165054803353,0.0,0.057552540507034095,0.0,0.0,0.08937640591570427
Aweil North,2005-12-12,train,0.0,0,0.06521739130434782,0.0,0.06544165054803353,0.0,0.02912766379634865,0.0,0.0,0.0032830568236271386
Aweil North,2005-12-19,train,0.0,0,0.06521739130434782,0.0,0.06544165054803353,0.0,0.06282330047936513,0.0,0.0,0.05285727159377741
Aweil North,2005-12-26,train,0.0,0,0.06521739130434782,0.0,0.06544165054803353,0.0,0.04261240448679722,0.0,0.0,0.013852849896629405
Aweil North,2006-01-02,train,0.0,0,0.03676470588235294,0.0,0.06544165054803353,0.0,0.04201934590889793,0.0,0.0,0.0024321724950314458
Aweil North,2006-01-09,train,0.0,0,0.03676470588235294,0.0,0.06544165054803353,0.0,0.041822547318356294,0.0,0.0,0.0026040723145264707
Aweil North,2006-01-16,train,0.0529710606192699,1,0.03676470588235294,0.0,0.06544165054803353,0.0,0.05490493991646003,0.0,0.0,0.005713995922741009
Aweil North,2006-01-23,train,0.0,0,0.03676470588235294,0.0,0.7527675276752768,0.0529710606192699,0.06172304908139287,0.0,0.0,0.024278537339423475
Aweil North,2006-01-30,train,0.0,0,0.03676470588235294,0.0,0.06544165054803353,0.0,0.027809668069294583,0.0,0.0,0.007574132605106601
Aweil North,2006-02-06,train,0.0,0,0.00819672131147541,0.0,0.06544165054803353,0.0,0.04197424998927638,0.0,0.0,0.03560090462504436
Aweil North,2006-02-13,train,0.0,0,0.00819672131147541,0.0,0.06544165054803353,0.0,0.027468803599266588,0.0,0.0,0.0020085161418667424
Aweil North,2006-02-20,train,0.0,0,0.00819672131147541,0.0,0.06544165054803353,0.0,0.027783657502848492,0.0,0.0,0.0020085161418667424
Aweil North,2006-02-27,train,0.0,0,0.00819672131147541,0.0,0.06544165054803353,0.0,0.027783657502848492,0.0,0.0,0.0020085161418667424
Aweil North,2006-03-06,train,0.0,0,0.022388059701492536,0.0,0.06544165054803353,0.0,0.029854793051846795,0.0,0.0,0.0034795892477863808
Aweil North,2006-03-13,train,0.0,0,0.022388059701492536,0.0,0.06544165054803353,0.0,0.03884796337330058,0.0,0.0,0.0020085161418667424
Aweil North,2006-03-20,train,0.0,0,0.022388059701492536,0.0,0.06544165054803353,0.0,0.032490827379313886,0.0,0.0,0.0020085161418667424
Aweil North,2006-03-27,train,0.0,0,0.022388059701492536,0.0,0.06544165054803353,0.0,0.03543841327574383,0.0,0.0,0.0020085161418667424
Aweil North,2006-04-03,train,0.0,0,0.022727272727272728,0.0,0.06544165054803353,0.0,0.03367720126497789,0.0,0.0,0.0020085161418667424
Aweil North,2006-04-10,train,0.0,0,0.022727272727272728,0.0,0.06544165054803353,0.0,0.03381323238511493,0.0,0.0,0.0020085161418667424
Aweil North,2006-04-17,train,0.0,0,0.022727272727272728,0.0,0.06544165054803353,0.0,0.03266212345002853,0.0,0.0,0.0020085161418667424
Aweil North,2006-04-24,train,0.0,0,0.022727272727272728,0.0,0.06544165054803353,0.0,0.03488922189209443,0.0,0.0,0.003178638388451817
Aweil North,2006-05-01,train,0.0,0,0.007462686567164179,0.0,0.06544165054803353,0.0,0.03192650001158497,0.0,0.0,0.003001849565401722
Aweil North,2006-05-08,train,0.0,0,0.007462686567164179,0.0,0.06544165054803353,0.0,0.029148413770250216,0.0,0.0,0.0020085161418667424
Aweil North,2006-05-15,train,0.0,0,0.007462686567164179,0.0,0.06544165054803353,0.0,0.028792496411227712,0.0,0.0,0.0020085161418667424
Aweil North,2006-05-22,train,0.0,0,0.007462686567164179,0.0,0.06544165054803353,0.0,0.028792496411227712,0.0,0.0,0.0020085161418667424
Aweil North,2006-05-29,train,0.0,0,0.007462686567164179,0.0,0.06544165054803353,0.0,0.028792496411227712,0.0,0.0,0.0020085161418667424
Aweil North,2006-06-05,train,0.0,0,0.038461538461538464,0.0,0.06544165054803353,0.0,0.028792496411227712,0.0,0.0,0.0020085161418667424
Aweil North,2006-06-12,train,0.0,0,0.038461538461538464,0.0,0.06544165054803353,0.0,0.028792496411227712,0.0,0.0,0.0020085161418667424
Aweil North,2006-06-19,train,0.0,0,0.038461538461538464,0.0,0.06544165054803353,0.0,0.02886711850155856,0.0,0.0,0.0020085161418667424
Aweil North,2006-06-26,train,0.0,0,0.038461538461538464,0.0,0.06544165054803353,0.0,0.037408620162316455,0.0,0.0,0.010416487938378469
Aweil North,2006-07-03,train,0.0,0,0.007352941176470588,0.0,0.06544165054803353,0.0,0.03197228658187585,0.0,0.0,0.002008517327181252
Aweil North,2006-07-10,train,0.0,0,0.007352941176470588,0.0,0.06544165054803353,0.0,0.057611081421494924,0.0,0.0,0.009849293585820566
Aweil North,2006-07-17,train,0.0,0,0.007352941176470588,0.0,0.06544165054803353,0.0,0.033042972905419014,0.0,0.0,0.0035793866142416948
Aweil North,2006-07-24,train,0.0,0,0.007352941176470588,0.0,0.06544165054803353,0.0,0.03287615747243608,0.0,0.0,0.008248161423211966
Aweil North,2006-07-31,train,0.0,0,0.007352941176470588,0.0,0.06544165054803353,0.0,0.031422611090630964,0.0,0.0,0.003384581069053185
Aweil North,2006-08-07,train,0.0,0,0.03787878787878788,0.0,0.06544165054803353,0.0,0.03620856357401126,0.0,0.0,0.028465712023183883
Aweil North,2006-08-14,train,0.0,0,0.03787878787878788,0.0,0.06544165054803353,0.0,0.13714571925933683,0.0,0.0015901327505707741,0.1011582838747778
Aweil North,2006-08-21,train,0.0,0,0.03787878787878788,0.0,0.06544165054803353,0.0,0.12259627668359518,0.0,0.0,1.3775953675651873
Aweil North,2006-08-28,train,0.0,0,0.03787878787878788,0.0,0.06544165054803353,0.0,0.0685841034041555,0.0,0.0,1.3002581992912496
Aweil North,2006-09-04,train,0.0,0,0.25,0.0,0.06544165054803353,0.0,0.08133927469285905,0.0,0.0,1.809721979559487
Aweil North,2006-09-11,train,0.0,0,0.25,0.0,0.06544165054803353,0.0,0.13622145407570155,0.0,0.0,1.526481458263069
Aweil North,2006-09-18,train,0.0,0,0.25,0.0,0.06544165054803353,0.0,0.29128730790355345,0.0,0.0,4.059903899750493
Aweil North,2006-09-25,train,0.0,0,0.25,0.0,0.06544165054803353,0.0,0.20081168715815184,0.0,0.0,3.021234744341023
Aweil North,2006-10-02,train,1.642857319766313,1,0.41911764705882354,0.0,0.06544165054803353,0.0,0.4289772188564406,0.0,0.0015901327505707741,5.937811266700995
Aweil North,2006-10-09,train,0.7421034032638046,1,0.41911764705882354,0.0,0.7527675276752768,1.642857319766313,0.6287186456711382,0.0,0.29866304859401044,6.728382989330801
Aweil North,2006-10-16,train,0.0,0,0.41911764705882354,0.0,0.7527675276752768,0.7421034032638046,0.49495597519641343,0.0,0.11380899157074618,3.248086788074296
Aweil North,2006-10-23,train,0.0,0,0.41911764705882354,0.0,0.06544165054803353,0.0,0.451629613254592,0.0,0.152292886061028,3.66000957885741
Aweil North,2006-10-30,train,1.2710253535820928,1,0.41911764705882354,0.0,0.06544165054803353,0.0,0.38136055607590685,0.0,0.03136824903485193,1.25760266509762
Aweil North,2006-11-06,train,0.0,0,0.2265625,0.0,0.7527675276752768,1.2710253535820928,0.4533074569322433,0.0,0.06300482512293132,1.7995899341637918
Aweil North,2006-11-13,train,0.0,0,0.2265625,0.0,0.06544165054803353,0.0,0.28397975989616,0.0,0.09358331467295113,1.996104768161819
Aweil North,2006-11-20,train,0.1059430592565677,1,0.2265625,0.0,0.06544165054803353,0.0,0.3163459449056118,0.0,0.03136824903485193,0.11462637777075087
Aweil North,2006-11-27,train,0.1059430592565677,1,0.2265625,0.0,0.7527675276752768,0.1059430592565677,0.5189199667183636,0.0,0.02848220063262853,0.10347051729551796
Aweil North,2006-12-04,train,0.0,0,0.06521739130434782,0.0,0.7527675276752768,0.1059430592565677,0.2893401707184935,0.0,0.0025307042294866176,0.07497836301140344
Aweil North,2006-12-11,train,0.0,0,0.06521739130434782,0.0,0.06544165054803353,0.0,0.03626654350103474,0.0,0.0,0.1573703049926013
Aweil North,2006-12-18,train,0.0,0,0.06521739130434782,0.0,0.06544165054803353,0.0,0.057628330441611905,0.0,0.0,0.10229406020333538
Aweil North,2006-12-25,train,0.0,0,0.06521739130434782,0.0,0.06544165054803353,0.0,0.10030023827590087,0.0,0.0,0.021776658727176695
Aweil North,2007-01-01,train,0.0,0,0.03676470588235294,0.0,0.06544165054803353,0.0,0.0415238305379621,0.0,0.0,0.0024325910690177195
Aweil North,2007-01-08,train,0.0,0,0.03676470588235294,0.0,0.06544165054803353,0.0,0.033825453161199504,0.0,0.0,0.0023325142225398767
Aweil North,2007-01-15,train,0.0,0,0.03676470588235294,0.0,0.06544165054803353,0.0,0.03573822202538636,0.0,0.0,0.002120672509771891
Aweil North,2007-01-22,train,0.0,0,0.03676470588235294,0.0,0.06544165054803353,0.0,0.0399539693317712,0.0,0.0,0.005777478457673011
Aweil North,2007-01-29,train,0.0,0,0.03676470588235294,0.0,0.06544165054803353,0.0,0.032020757984618675,0.0,0.0,0.0020263891387810964
Aweil North,2007-02-05,train,0.0,0,0.00819672131147541,0.0,0.06544165054803353,0.0,0.027783657502848492,0.0,0.0,0.0020085161418667424
Aweil North,2007-02-12,train,0.0,0,0.00819672131147541,0.0,0.06544165054803353,0.0,0.027783657502848492,0.0,0.0,0.0020085161418667424
Aweil North,2007-02-19,train,0.0,0,0.00819672131147541,0.0,0.06544165054803353,0.0,0.027783657502848492,0.0,0.0,0.0020085161418667424
Aweil North,2007-02-26,train,0.0,0,0.00819672131147541,0.0,0.06544165054803353,0.0,0.027783657502848492,0.0,0.0,0.0020085161418667424
Aweil North,2007-03-05,train,0.0,0,0.022388059701492536,0.0,0.06544165054803353,0.0,0.029408780586785616,0.0,0.0,0.0020085161418667424
Aweil North,2007-03-12,train,0.0,0,0.022388059701492536,0.0,0.06544165054803353,0.0,0.04163357286926992,0.0,0.0,0.0023076285605036877
Aweil North,2007-03-19,train,0.0,0,0.022388059701492536,0.0,0.06544165054803353,0.0,0.032490827379313886,0.0,0.0,0.0020085161418667424
Aweil North,2007-03-26,train,0.0,0,0.022388059701492536,0.0,0.06544165054803353,0.0,0.03543841327574383,0.0,0.0,0.0020085161418667424
Aweil North,2007-04-02,train,0.0,0,0.022727272727272728,0.0,0.06544165054803353,0.0,0.035273615375686435,0.0,0.0,0.0020085161418667424
Aweil North,2007-04-09,train,0.0,0,0.022727272727272728,0.0,0.06544165054803353,0.0,0.03651328690933032,0.0,0.0,0.0027898594466478502
Aweil North,2007-04-16,train,0.0,0,0.022727272727272728,0.0,0.06544165054803353,0.0,0.03266212345002853,0.0,0.0,0.0020085161418667424
Aweil North,2007-04-23,train,0.0,0,0.022727272727272728,0.0,0.06544165054803353,0.0,0.03488922189209443,0.0,0.0,0.0020085161418667424
Aweil North,2007-04-30,train,0.0,0,0.022727272727272728,0.0,0.06544165054803353,0.0,0.03192650001158497,0.0,0.0,0.0020085161418667424
Aweil North,2007-05-07,train,0.0,0,0.007462686567164179,0.0,0.06544165054803353,0.0,0.03809219534998562,0.0,0.0,0.020252798416461763
Aweil North,2007-05-14,train,0.0,0,0.007462686567164179,0.0,0.06544165054803353,0.0,0.028792496411227712,0.0,0.0,0.0025973693736480565
Aweil North,2007-05-21,train,0.0,0,0.007462686567164179,0.0,0.06544165054803353,0.0,0.028792496411227712,0.0,0.0,0.0020085161418667424
Aweil North,2007-05-28,train,0.0,0,0.007462686567164179,0.0,0.06544165054803353,0.0,0.028792496411227712,0.0,0.0,0.0020085161418667424
Aweil North,2007-06-04,train,0.0,0,0.038461538461538464,0.0,0.06544165054803353,0.0,0.028792496411227712,0.0,0.0,0.0020085161418667424
Aweil North,2007-06-11,train,0.0,0,0.038461538461538464,0.0,0.06544165054803353,0.0,0.028792496411227712,0.0,0.0,0.0020085161418667424
Aweil North,2007-06-18,train,0.0,0,0.038461538461538464,0.0,0.06544165054803353,0.0,0.02886711850155856,0.0,0.0,0.0020085161418667424
Aweil North,2007-06-25,train,0.0,0,0.038461538461538464,0.0,0.06544165054803353,0.0,0.03559838715500721,0.0,0.0,0.006878125399741914
Aweil North,2007-07-02,train,0.0,0,0.007352941176470588,0.0,0.06544165054803353,0.0,0.03157402723976343,0.0,0.0,0.002008517327181252
Aweil North,2007-07-09,train,0.0,0,0.007352941176470588,0.0,0.06544165054803353,0.0,0.03294444957968203,0.0,0.0,0.002008517327181252
Aweil North,2007-07-16,train,0.0,0,0.007352941176470588,0.0,0.06544165054803353,0.0,0.033042972905419014,0.0,0.0,0.0035793866142416948
Aweil North,2007-07-23,train,0.0,0,0.007352941176470588,0.0,0.06544165054803353,0.0,0.038986985747915925,0.0,0.0,0.022213785408399533
Aweil North,2007-07-30,train,0.0,0,0.007352941176470588,0.0,0.06544165054803353,0.0,0.03252244051857714,0.0,0.0,0.003385882971208357
Aweil North,2007-08-06,train,0.0,0,0.03787878787878788,0.0,0.06544165054803353,0.0,0.03620856357401126,0.0,0.0,0.04102696028962976
Aweil North,2007-08-13,train,0.0,0,0.03787878787878788,0.0,0.06544165054803353,0.0,0.05817384532880743,0.0,0.0,0.22916311322655056
Aweil North,2007-08-20,train,0.0,0,0.03787878787878788,0.0,0.06544165054803353,0.0,0.17276663931518466,0.0,0.0,2.4098359966070166
Aweil North,2007-08-27,train,0.0,0,0.03787878787878788,0.0,0.06544165054803353,0.0,0.07356037892947913,0.0,0.0,1.9019068181254293
Aweil North,2007-09-03,train,0.0,0,0.25,0.0,0.06544165054803353,0.0,0.09547206629084783,0.0,0.0,2.6582412513587803
Aweil North,2007-09-10,train,0.0,0,0.25,0.0,0.06544165054803353,0.0,0.1659953855742803,0.0,0.0,2.2268901215545323
Aweil North,2007-09-17,train,5.511237633907324,1,0.25,0.0,0.06544165054803353,0.0,0.4250336889574604,0.0,0.0,5.498361477175931
Aweil North,2007-09-24,train,15.21124711480627,1,0.25,0.0,0.7527675276752768,5.511237633907324,0.8301177724645427,0.04963844111232155,3.1608118582153004,24.476838604531878
Aweil North,2007-10-01,train,11.71409911331414,1,0.41911764705882354,0.0,0.7527675276752768,15.21124711480627,0.897094230796853,0.04963844111232155,8.24302770524103,19.519890755295474
Aweil North,2007-10-08,train,10.91921825173092,1,0.41911764705882354,0.0,0.7527675276752768,11.71409911331414,0.901118843907393,0.04963844111232155,4.590800609857589,21.35220767613138
Aweil North,2007-10-15,train,3.7104535896976,1,0.41911764705882354,0.0,0.7527675276752768,10.91921825173092,0.90539010817711,0.04963844111232155,6.413923579020552,23.77044291353157
Aweil North,2007-10-22,train,0.0,0,0.41911764705882354,0.0,0.7527675276752768,3.7104535896976,0.6793552428930608,0.0,0.5462208596230776,13.570144389400733
Aweil North,2007-10-29,train,0.1059511752181984,1,0.41911764705882354,0.0,0.06544165054803353,0.0,0.7123841448791812,0.0,0.1832979184897683,5.987722600459612
Aweil North,2007-11-05,train,0.0,0,0.2265625,0.0,0.7527675276752768,0.1059511752181984,0.4332529683355679,0.0,0.01568986704504561,1.6485643642333399
Aweil North,2007-11-12,train,0.0,0,0.2265625,0.0,0.06544165054803353,0.0,0.13631793230838166,0.0,0.0,1.3905482956730277
Aweil North,2007-11-19,train,0.0,0,0.2265625,0.0,0.06544165054803353,0.0,0.1574280730939172,0.0,0.0,0.24232152663351886
Aweil North,2007-11-26,train,0.0,0,0.2265625,0.0,0.06544165054803353,0.0,0.10377167064996959,0.0,0.0,0.1659257865043408
Aweil North,2007-12-03,train,0.0,0,0.06521739130434782,0.0,0.06544165054803353,0.0,0.03614784797678159,0.0,0.0,0.007758742606320739
Aweil North,2007-12-10,train,0.0,0,0.06521739130434782,0.0,0.06544165054803353,0.0,0.027781002150360622,0.0,0.0,0.0016448455374574648
Aweil North,2007-12-17,train,0.0,0,0.06521739130434782,0.0,0.06544165054803353,0.0,0.04247970555522993,0.0,0.0,0.035034177664252535
Aweil North,2007-12-24,train,0.0,0,0.06521739130434782,0.0,0.06544165054803353,0.0,0.09101670383420597,0.0,0.0,0.016685657585928982
Aweil North,2007-12-31,train,0.0,0,0.06521739130434782,0.0,0.06544165054803353,0.0,0.03601153254388551,0.0,0.0,0.0019966354602134417
Aweil North,2008-01-07,train,0.0,0,0.03676470588235294,0.0,0.06544165054803353,0.0,0.04053169889728598,0.0,0.0,0.0025705526816417793
Aweil North,2008-01-14,train,0.0,0,0.03676470588235294,0.0,0.06544165054803353,0.0,0.046066072102027476,0.0,0.0,0.002508424591174085
Aweil North,2008-01-21,train,0.0,0,0.03676470588235294,0.0,0.06544165054803353,0.0,0.053396822303322725,0.0,0.0,0.015731654259792893
Aweil North,2008-01-28,train,0.0,0,0.03676470588235294,0.0,0.06544165054803353,0.0,0.03171048225077739,0.0,0.0,0.0026327303643723246
Aweil North,2008-02-04,train,0.0,0,0.00819672131147541,0.0,0.06544165054803353,0.0,0.0281071580205127,0.0,0.0,0.0020085161418667424
Aweil North,2008-02-11,train,0.0,0,0.00819672131147541,0.0,0.06544165054803353,0.0,0.028080877246594575,0.0,0.0,0.0020085161418667424
Aweil North,2008-02-18,train,0.0,0,0.00819672131147541,0.0,0.06544165054803353,0.0,0.028080877246594575,0.0,0.0,0.0020085161418667424
Aweil North,2008-02-25,train,0.0,0,0.00819672131147541,0.0,0.06544165054803353,0.0,0.028080877246594575,0.0,0.0,0.0020085161418667424
Aweil North,2008-03-03,train,0.0,0,0.022388059701492536,0.0,0.06544165054803353,0.0,0.029722853824091847,0.0,0.0,0.0020085161418667424
Aweil North,2008-03-10,train,0.0,0,0.022388059701492536,0.0,0.06544165054803353,0.0,0.09015289232878361,0.0,0.0,0.06280462312218095
Aweil North,2008-03-17,train,0.0,0,0.022388059701492536,0.0,0.06544165054803353,0.0,0.03308138038850406,0.0,0.0,0.0020085161418667424
Aweil North,2008-03-24,train,0.0,0,0.022388059701492536,0.0,0.06544165054803353,0.0,0.03308138038850406,0.0,0.0,0.0020085161418667424
Aweil North,2008-03-31,train,0.0,0,0.022388059701492536,0.0,0.06544165054803353,0.0,0.036305967443693306,0.0,0.0,0.0036849632398018254
Aweil North,2008-04-07,train,0.0,0,0.022727272727272728,0.0,0.06544165054803353,0.0,0.035494879413375,0.0,0.0,0.0027898594466478502
Aweil North,2008-04-14,train,0.0,0,0.022727272727272728,0.0,0.06544165054803353,0.0,0.03325568291731201,0.0,0.0,0.0020085161418667424
Aweil North,2008-04-21,train,0.0,0,0.022727272727272728,0.0,0.06544165054803353,0.0,0.03552176759072419,0.0,0.0,0.004581521029415918
Aweil North,2008-04-28,train,0.0,0,0.022727272727272728,0.0,0.06544165054803353,0.0,0.03250714044107697,0.0,0.0,0.003178638388451817
Aweil North,2008-05-05,train,0.0,0,0.007462686567164179,0.0,0.06544165054803353,0.0,0.04225960063412588,0.0,0.0,0.03715140286022196
Aweil North,2008-05-12,train,0.0,0,0.007462686567164179,0.0,0.06544165054803353,0.0,0.02931786554104436,0.0,0.0,0.0025973693736480565
Aweil North,2008-05-19,train,0.0,0,0.007462686567164179,0.0,0.06544165054803353,0.0,0.02931786554104436,0.0,0.0,0.0020085161418667424
Aweil North,2008-05-26,train,0.0,0,0.007462686567164179,0.0,0.06544165054803353,0.0,0.02931786554104436,0.0,0.0,0.0020085161418667424
Aweil North,2008-06-02,train,0.0,0,0.038461538461538464,0.0,0.06544165054803353,0.0,0.02931786554104436,0.0,0.0,0.0020085161418667424
Aweil North,2008-06-09,train,0.0,0,0.038461538461538464,0.0,0.06544165054803353,0.0,0.02931786554104436,0.0,0.0,0.003982254143493994
Aweil North,2008-06-16,train,0.0,0,0.038461538461538464,0.0,0.06544165054803353,0.0,0.029393808031667915,0.0,0.0,0.003982254143493994
Aweil North,2008-06-23,train,0.0,0,0.038461538461538464,0.0,0.06544165054803353,0.0,0.037697242233749796,0.0,0.0,0.01824555064076364
Aweil North,2008-06-30,train,0.0,0,0.038461538461538464,0.0,0.06544165054803353,0.0,0.035004367914195936,0.0,0.0,0.008294394585810067
Aweil North,2008-07-07,train,0.0,0,0.007352941176470588,0.0,0.06544165054803353,0.0,0.033725803316683456,0.0,0.0,0.005528200572888508
Aweil North,2008-07-14,train,0.0,0,0.007352941176470588,0.0,0.06544165054803353,0.0,0.03446873832187823,0.0,0.0,0.01346165583319203
Aweil North,2008-07-21,train,0.0,0,0.007352941176470588,0.0,0.06544165054803353,0.0,0.06432393595337246,0.0,0.0,0.05150159967804754
Aweil North,2008-07-28,train,0.0,0,0.007352941176470588,0.0,0.06544165054803353,0.0,0.035199793788503984,0.0,0.0,0.019161236195604187
Aweil North,2008-08-04,train,0.0,0,0.03787878787878788,0.0,0.06544165054803353,0.0,0.06535402714607082,0.0,0.0,0.07954441044540635
Aweil North,2008-08-11,train,0.0,0,0.03787878787878788,0.0,0.06544165054803353,0.0,0.06421887230641349,0.0,0.0,0.41680618924573315
Aweil North,2008-08-18,train,0.0,0,0.03787878787878788,0.0,0.06544165054803353,0.0,0.16058845404605296,0.0,0.0,1.59930047655404
Aweil North,2008-08-25,train,0.5300495343186433,1,0.03787878787878788,0.0,0.06544165054803353,0.0,0.09758051447294612,0.0,0.0,2.4600383095966265
Aweil North,2008-09-01,train,0.0,0,0.25,0.0,0.7527675276752768,0.5300495343186433,0.3717322728556105,0.0,0.07376622522826998,5.495729777466018
Aweil North,2008-09-08,train,7.154071995254922,1,0.25,0.0,0.06544165054803353,0.0,0.3310997136419467,0.0,0.05912140871091911,6.39989919206136
Aweil North,2008-09-15,train,1.9612159014835957,1,0.25,0.0,0.7527675276752768,7.154071995254922,0.8974129658145508,0.04963844111232155,3.32207942964177,18.637537449187683
Aweil North,2008-09-22,train,12.03209255154761,1,0.25,0.0,0.7527675276752768,1.9612159014835957,0.8490662768216091,0.0,1.3949386456315767,12.562943668325383
Aweil North,2008-09-29,train,7.4732746779775185,1,0.25,0.0,0.7527675276752768,12.03209255154761,0.9012106399469074,0.04963844111232155,8.356477989187844,14.988757634995022
Aweil North,2008-10-06,train,0.6360516182555561,1,0.41911764705882354,0.0,0.7527675276752768,7.4732746779775185,0.9081154466216415,0.04963844111232155,4.500666113614884,35.978487230502
Aweil North,2008-10-13,train,1.0601181000675302,1,0.41911764705882354,0.0,0.7527675276752768,0.6360516182555561,0.739043135294874,0.0015924790129594006,0.3804154856792086,9.603688218447097
Aweil North,2008-10-20,train,3.6039769868839855,1,0.41911764705882354,0.0,0.7527675276752768,1.0601181000675302,0.6743600304720216,0.0015924790129594006,0.3850854407123097,7.441299003749736
Aweil North,2008-10-27,train,4.981197782045159,1,0.41911764705882354,0.0,0.7527675276752768,3.6039769868839855,0.8559658031089598,0.04963844111232155,1.7616254636332471,10.809868107832568
Aweil North,2008-11-03,train,5.988087569164175,1,0.2265625,0.0,0.7527675276752768,4.981197782045159,0.8824511686269892,0.04963844111232155,1.4651441782525476,6.298977402082745
Aweil North,2008-11-10,train,0.6360349101728066,1,0.2265625,0.0,0.7527675276752768,5.988087569164175,0.8873256100518296,0.04963844111232155,1.4390959055491566,6.4754623384257854
Aweil North,2008-11-17,train,0.0,0,0.2265625,0.0,0.7527675276752768,0.6360349101728066,0.4845927033514266,0.0,0.11128316207669268,2.2871327619671833
Aweil North,2008-11-24,train,0.0,0,0.2265625,0.0,0.06544165054803353,0.0,0.48447177610511083,0.0,0.14883601252773626,0.380847625337371
Aweil North,2008-12-01,train,0.0,0,0.06521739130434782,0.0,0.06544165054803353,0.0,0.053820448794128756,0.0,0.0,0.2318675720705626
Aweil North,2008-12-08,train,0.0,0,0.06521739130434782,0.0,0.06544165054803353,0.0,0.030405276332678546,0.0,0.0,0.005972154021942378
Aweil North,2008-12-15,train,0.0,0,0.06521739130434782,0.0,0.06544165054803353,0.0,0.04357311251964188,0.0,0.0,0.02572081351297363
Aweil North,2008-12-22,train,0.0,0,0.06521739130434782,0.0,0.06544165054803353,0.0,0.08940202256579113,0.0,0.0,0.012745086830456349
Aweil North,2008-12-29,train,0.0,0,0.06521739130434782,0.0,0.06544165054803353,0.0,0.0367242483229554,0.0,0.0,0.0019963792280660165
Aweil North,2009-01-05,train,0.0,0,0.03676470588235294,0.0,0.06544165054803353,0.0,0.0365814688868819,0.0,0.0,0.0024316473183459784
Aweil North,2009-01-12,train,0.0,0,0.03676470588235294,0.0,0.06544165054803353,0.0,0.04417127861819512,0.0,0.0,0.0032814086799758473
Aweil North,2009-01-19,train,0.3708728075725748,1,0.03676470588235294,0.0,0.06544165054803353,0.0,0.07242261177564037,0.0,0.0,0.01991373386955249
Aweil North,2009-01-26,train,0.0,0,0.03676470588235294,0.0,0.7527675276752768,0.3708728075725748,0.16058939114557735,0.0,0.0,0.26446423027073646
Aweil North,2009-02-02,train,0.0,0,0.00819672131147541,0.0,0.06544165054803353,0.0,0.08482277267334083,0.0,0.0,0.07623329694509855
Aweil North,2009-02-09,train,0.0,0,0.00819672131147541,0.0,0.06544165054803353,0.0,0.061117559227936484,0.0,0.0,0.03650534922928612
Aweil North,2009-02-16,train,0.0,0,0.00819672131147541,0.0,0.06544165054803353,0.0,0.02868030111390873,0.0,0.0,0.0020085161418667424
Aweil North,2009-02-23,train,0.0,0,0.00819672131147541,0.0,0.06544165054803353,0.0,0.028080877246594575,0.0,0.0,0.0020085161418667424
Aweil North,2009-03-02,train,0.0,0,0.022388059701492536,0.0,0.06544165054803353,0.0,0.028645212263270485,0.0,0.0,0.0020085161418667424
Aweil North,2009-03-09,train,0.0,0,0.022388059701492536,0.0,0.06544165054803353,0.0,0.06494403475477743,0.0,0.0,0.05172792276168283
Aweil North,2009-03-16,train,0.0,0,0.022388059701492536,0.0,0.06544165054803353,0.0,0.03308138038850406,0.0,0.0,0.0020085161418667424
Aweil North,2009-03-23,train,0.0,0,0.022388059701492536,0.0,0.06544165054803353,0.0,0.03308138038850406,0.0,0.0,0.0020085161418667424
Aweil North,2009-03-30,train,0.0,0,0.022388059701492536,0.0,0.06544165054803353,0.0,0.03531316005345466,0.0,0.0,0.003411398782830839
Aweil North,2009-04-06,train,0.0,0,0.022727272727272728,0.0,0.06544165054803353,0.0,0.035494879413375,0.0,0.0,0.0020085161418667424
Aweil North,2009-04-13,train,0.0,0,0.022727272727272728,0.0,0.06544165054803353,0.0,0.03325568291731201,0.0,0.0,0.0020085161418667424
Aweil North,2009-04-20,train,0.0,0,0.022727272727272728,0.0,0.06544165054803353,0.0,0.03325568291731201,0.0,0.0,0.002389291907698297
Aweil North,2009-04-27,train,0.0,0,0.022727272727272728,0.0,0.06544165054803353,0.0,0.036108566059450765,0.0,0.0,0.003178638388451817
Aweil North,2009-05-04,train,0.0,0,0.007462686567164179,0.0,0.06544165054803353,0.0,0.04275781220937964,0.0,0.0,0.0376205744480295
Aweil North,2009-05-11,train,0.0,0,0.007462686567164179,0.0,0.06544165054803353,0.0,0.03159246162056642,0.0,0.0,0.0023076285605036877
Aweil North,2009-05-18,train,0.0,0,0.007462686567164179,0.0,0.06544165054803353,0.0,0.02931786554104436,0.0,0.0,0.0020085161418667424
Aweil North,2009-05-25,train,0.0,0,0.007462686567164179,0.0,0.06544165054803353,0.0,0.02931786554104436,0.0,0.0,0.0020085161418667424
Aweil North,2009-06-01,train,0.0,0,0.038461538461538464,0.0,0.06544165054803353,0.0,0.02931786554104436,0.0,0.0,0.0020085161418667424
Aweil North,2009-06-08,train,0.0,0,0.038461538461538464,0.0,0.06544165054803353,0.0,0.02931786554104436,0.0,0.0,0.0020085161418667424
Aweil North,2009-06-15,train,0.0,0,0.038461538461538464,0.0,0.06544165054803353,0.0,0.02931786554104436,0.0,0.0,0.0020085161418667424
Aweil North,2009-06-22,train,0.0,0,0.038461538461538464,0.0,0.06544165054803353,0.0,0.029393808031667915,0.0,0.0,0.0020085161418667424
Aweil North,2009-06-29,train,0.0,0,0.038461538461538464,0.0,0.06544165054803353,0.0,0.03381514928135475,0.0,0.0,0.0035544625712612835
Aweil North,2009-07-06,train,0.0,0,0.007352941176470588,0.0,0.06544165054803353,0.0,0.032578555461048944,0.0,0.0,0.0035544625712612835
Aweil North,2009-07-13,train,0.0,0,0.007352941176470588,0.0,0.06544165054803353,0.0,0.048370377064165235,0.0,0.0,0.011487915103957708
Aweil North,2009-07-20,train,0.0,0,0.007352941176470588,0.0,0.06544165054803353,0.0,0.04513509629795141,0.0,0.0,0.014221876786276675
Aweil North,2009-07-27,train,0.0,0,0.007352941176470588,0.0,0.06544165054803353,0.0,0.0340041698202016,0.0,0.0,0.01260568847933113
Aweil North,2009-08-03,train,0.0,0,0.03787878787878788,0.0,0.06544165054803353,0.0,0.032785292219601,0.0,0.0,0.05526716343597151
Aweil North,2009-08-10,train,0.0,0,0.03787878787878788,0.0,0.06544165054803353,0.0,0.038266797501940945,0.0,0.0,0.037612605642593826
Aweil North,2009-08-17,train,0.0,0,0.03787878787878788,0.0,0.06544165054803353,0.0,0.1551312595735779,0.0,0.0015901327505707741,0.6191611481624874
Aweil North,2009-08-24,train,0.0,0,0.03787878787878788,0.0,0.06544165054803353,0.0,0.09133403176835371,0.0,0.0,0.6267461060646892
Aweil North,2009-08-31,train,0.0,0,0.03787878787878788,0.0,0.06544165054803353,0.0,0.11023891736545269,0.0,0.0,0.8250964870614164
Aweil North,2009-09-07,train,0.0,0,0.25,0.0,0.06544165054803353,0.0,0.09410331290687918,0.0,0.0,0.5834267241890366
Aweil North,2009-09-14,train,0.0,0,0.25,0.0,0.06544165054803353,0.0,0.1293278882614786,0.0,0.0,0.5763540478931095
Aweil North,2009-09-21,train,0.0,0,0.25,0.0,0.06544165054803353,0.0,0.18092136130585568,0.0,0.0,1.7564593654182463
Aweil North,2009-09-28,train,0.0529804104600802,1,0.25,0.0,0.06544165054803353,0.0,0.4466218876346027,0.0,0.0,5.235444298171138
Aweil North,2009-10-05,train,0.0,0,0.41911764705882354,0.0,0.7527675276752768,0.0529804104600802,0.3283060804385759,0.0,0.0766672966883403,1.5533698388612318
Aweil North,2009-10-12,train,0.0,0,0.41911764705882354,0.0,0.06544165054803353,0.0,0.1487684107185555,0.0,0.0,0.6547170168240242
Aweil North,2009-10-19,train,0.053008081686187,1,0.41911764705882354,0.0,0.06544165054803353,0.0,0.30806674551103047,0.0,0.0,0.478112999568884
Aweil North,2009-10-26,train,0.3175959384372044,1,0.41911764705882354,0.0,0.7527675276752768,0.053008081686187,0.41243741825991553,0.0,0.027429574505487758,0.340959638706251
Aweil North,2009-11-02,train,0.0,0,0.2265625,0.0,0.7527675276752768,0.3175959384372044,0.2643772146381045,0.0,0.0014868097547917143,0.27233491123411147
Aweil North,2009-11-09,train,0.0,0,0.2265625,0.0,0.06544165054803353,0.0,0.21144965888394207,0.0,0.011604972297884493,0.05978405479214709
Aweil North,2009-11-16,train,0.0,0,0.2265625,0.0,0.06544165054803353,0.0,0.285434866752837,0.0,0.03708755414792209,0.12940871858433162
Aweil North,2009-11-23,train,0.0,0,0.2265625,0.0,0.06544165054803353,0.0,0.11057101763552343,0.0,0.0,0.042731322880079615
Aweil North,2009-11-30,train,0.0,0,0.2265625,0.0,0.06544165054803353,0.0,0.03969905660439543,0.0,0.0,0.0
Aweil North,2009-12-07,train,0.0,0,0.06521739130434782,0.0,0.06544165054803353,0.0,0.028099704368864258,0.0,0.0,0.004274771728241138
Aweil North,2009-12-14,train,0.0,0,0.06521739130434782,0.0,0.06544165054803353,0.0,0.02814886825168224,0.0,0.0,0.0032154228633992765
Aweil North,2009-12-21,train,0.0,0,0.06521739130434782,0.0,0.06544165054803353,0.0,0.09004608277512233,0.0,0.0,0.03382605486829374
Aweil North,2009-12-28,train,0.0,0,0.06521739130434782,0.0,0.06544165054803353,0.0,0.036641797170871515,0.0,0.0,0.0019969433276883324
Aweil North,2010-01-04,train,0.0,0,0.03676470588235294,0.0,0.06544165054803353,0.0,0.03861379095852023,0.0,0.0,0.0026288567565105414
Aweil North,2010-01-11,train,0.0,0,0.03676470588235294,0.0,0.06544165054803353,0.0,0.04077384204257543,0.0,0.0,0.0030505294886197507
Aweil North,2010-01-18,train,0.0,0,0.03676470588235294,0.0,0.06544165054803353,0.0,0.054789560174746614,0.0,0.0,0.006338543588604463
Aweil North,2010-01-25,train,0.0,0,0.03676470588235294,0.0,0.06544165054803353,0.0,0.05783162220920851,0.0,0.0,0.023546038380092102
Aweil North,2010-02-01,train,0.0,0,0.00819672131147541,0.0,0.06544165054803353,0.0,0.0281071580205127,0.0,0.0,0.0020085161418667424
Aweil North,2010-02-08,train,0.0,0,0.00819672131147541,0.0,0.06544165054803353,0.0,0.028080877246594575,0.0,0.0,0.0020085161418667424
Aweil North,2010-02-15,train,0.0,0,0.00819672131147541,0.0,0.06544165054803353,0.0,0.028080877246594575,0.0,0.0,0.0020085161418667424
Aweil North,2010-02-22,train,0.0,0,0.00819672131147541,0.0,0.06544165054803353,0.0,0.028080877246594575,0.0,0.0,0.0020085161418667424
Aweil North,2010-03-01,train,0.0,0,0.022388059701492536,0.0,0.06544165054803353,0.0,0.028645212263270485,0.0,0.0,0.0020085161418667424
Aweil North,2010-03-08,train,0.0,0,0.022388059701492536,0.0,0.06544165054803353,0.0,0.06494403475477743,0.0,0.0,0.05172792276168283
Aweil North,2010-03-15,train,0.0,0,0.022388059701492536,0.0,0.06544165054803353,0.0,0.03269909431693333,0.0,0.0,0.0020085161418667424
Aweil North,2010-03-22,train,0.0,0,0.022388059701492536,0.0,0.06544165054803353,0.0,0.03269909431693333,0.0,0.0,0.0020085161418667424
Aweil North,2010-03-29,train,0.0,0,0.022388059701492536,0.0,0.06544165054803353,0.0,0.03490601473138473,0.0,0.0,0.0020085161418667424
Aweil North,2010-04-05,train,0.0,0,0.022727272727272728,0.0,0.06544165054803353,0.0,0.03508571514694045,0.0,0.0,0.0020085161418667424
Aweil North,2010-04-12,train,0.0,0,0.022727272727272728,0.0,0.06544165054803353,0.0,0.032871451094013626,0.0,0.0,0.0020085161418667424
Aweil North,2010-04-19,train,0.0,0,0.022727272727272728,0.0,0.06544165054803353,0.0,0.032871451094013626,0.0,0.0,0.0020085161418667424
Aweil North,2010-04-26,train,0.0529223963141946,1,0.022727272727272728,0.0,0.06544165054803353,0.0,0.039575054711375776,0.0,0.0,0.003178638388451817
Aweil North,2010-05-03,train,0.0,0,0.007462686567164179,0.0,0.7527675276752768,0.0529223963141946,0.0399936778266198,0.0,0.0,0.0012060758594447077
Aweil North,2010-05-10,train,0.0,0,0.007462686567164179,0.0,0.06544165054803353,0.0,0.02933590538824902,0.0,0.0,0.020615908299583305
Aweil North,2010-05-17,train,0.0,0,0.007462686567164179,0.0,0.06544165054803353,0.0,0.04534884672883425,0.0,0.0,0.0443366450598661
Aweil North,2010-05-24,train,0.0,0,0.007462686567164179,0.0,0.06544165054803353,0.0,0.028649779800529643,0.0,0.0,0.0020085161418667424
Aweil North,2010-05-31,train,0.0,0,0.007462686567164179,0.0,0.06544165054803353,0.0,0.028977766991262435,0.0,0.0,0.0020085161418667424
Aweil North,2010-06-07,train,0.0,0,0.038461538461538464,0.0,0.06544165054803353,0.0,0.028977766991262435,0.0,0.0,0.0020085161418667424
Aweil North,2010-06-14,train,0.0,0,0.038461538461538464,0.0,0.06544165054803353,0.0,0.028977766991262435,0.0,0.0,0.0020085161418667424
Aweil North,2010-06-21,train,0.0,0,0.038461538461538464,0.0,0.06544165054803353,0.0,0.02905285488720512,0.0,0.0,0.0020085161418667424
Aweil North,2010-06-28,train,0.0,0,0.038461538461538464,0.0,0.06544165054803353,0.0,0.030839665965846107,0.0,0.0,0.002008517348908098
Aweil North,2010-07-05,train,0.0,0,0.007352941176470588,0.0,0.06544165054803353,0.0,0.02970853750944941,0.0,0.0,0.002008517348908098
Aweil North,2010-07-12,train,0.0,0,0.007352941176470588,0.0,0.06544165054803353,0.0,0.043288359272502706,0.0,0.0,0.002008514449565765
Aweil North,2010-07-19,train,0.0,0,0.007352941176470588,0.0,0.06544165054803353,0.0,0.031004330496501243,0.0,0.0,0.002192657033418883
Aweil North,2010-07-26,train,0.0,0,0.007352941176470588,0.0,0.06544165054803353,0.0,0.03167517116086033,0.0,0.0,0.003262583620774003
Aweil North,2010-08-02,train,0.0,0,0.03787878787878788,0.0,0.06544165054803353,0.0,0.03145805264887674,0.0,0.0,0.04533611107603791
Aweil North,2010-08-09,train,0.0,0,0.03787878787878788,0.0,0.06544165054803353,0.0,0.03782693334767861,0.0,0.0,0.029045229613322295
Aweil North,2010-08-16,train,0.0,0,0.03787878787878788,0.0,0.06544165054803353,0.0,0.15762905776265682,0.0,0.0015901327505707741,0.4065272871422663
Aweil North,2010-08-23,train,0.0,0,0.03787878787878788,0.0,0.06544165054803353,0.0,0.09551637124059642,0.0,0.0,0.5413445176408279
Aweil North,2010-08-30,train,0.0,0,0.03787878787878788,0.0,0.06544165054803353,0.0,0.08900273260506628,0.0,0.0,0.46612800091898354
Aweil North,2010-09-06,train,0.0,0,0.25,0.0,0.06544165054803353,0.0,0.07672173065116608,0.0,0.0,0.32161207458183083
Aweil North,2010-09-13,train,0.0,0,0.25,0.0,0.06544165054803353,0.0,0.12736163515675672,0.0,0.0,0.38351592481968055
Aweil North,2010-09-20,train,0.0,0,0.25,0.0,0.06544165054803353,0.0,0.2643145092819555,0.0,0.0,1.9248374618591912
Aweil North,2010-09-27,train,6.4133876277009305,1,0.25,0.0,0.06544165054803353,0.0,0.3684172966898054,0.0,0.0,8.289517171357124
Aweil North,2010-10-04,train,9.327448940589791,1,0.41911764705882354,0.0,0.7527675276752768,6.4133876277009305,0.8758214999170154,0.04963844111232155,2.6530997776858105,15.917943176835601
Aweil North,2010-10-11,train,16.85466624223978,1,0.41911764705882354,0.0,0.7527675276752768,9.327448940589791,0.9066576475170214,0.04963844111232155,3.646480037903302,26.301231032521414
Aweil North,2010-10-18,train,15.848867130459674,1,0.41911764705882354,0.0,0.7527675276752768,16.85466624223978,0.9041948664174092,0.04963844111232155,6.329887542658873,17.783045823188456
Aweil North,2010-10-25,train,8.004102312336267,1,0.41911764705882354,0.0,0.7527675276752768,15.848867130459674,0.9101087564914465,0.04963844111232155,6.2027167358386075,19.748851201245593
Aweil North,2010-11-01,train,0.424054911535813,1,0.2265625,0.0,0.7527675276752768,8.004102312336267,0.9101087564914465,0.04963844111232155,2.4558747205319413,7.738151793517762
Aweil North,2010-11-08,train,0.0,0,0.2265625,0.0,0.7527675276752768,0.424054911535813,0.4568269074354557,0.0,0.03384471439534152,1.3693345913462165
Aweil North,2010-11-15,train,0.0529998399668208,1,0.2265625,0.0,0.06544165054803353,0.0,0.5170950015173466,0.0,0.07818513053753427,0.4980777883943295
Aweil North,2010-11-22,train,0.0,0,0.2265625,0.0,0.7527675276752768,0.0529998399668208,0.40452406032661037,0.0,0.038293204516712004,0.038293204516712004
Aweil North,2010-11-29,train,0.0,0,0.2265625,0.0,0.06544165054803353,0.0,0.05484012542384298,0.0,0.0,0.0
Aweil North,2010-12-06,train,0.0,0,0.06521739130434782,0.0,0.06544165054803353,0.0,0.03259819835289083,0.0,0.0,0.0010980211474916003
Aweil North,2010-12-13,train,0.0,0,0.06521739130434782,0.0,0.06544165054803353,0.0,0.028589072163589024,0.0,0.0,0.003783563603718064
Aweil North,2010-12-20,train,0.0,0,0.06521739130434782,0.0,0.06544165054803353,0.0,0.06643485054905454,0.0,0.0,0.030228881767491587
Aweil North,2010-12-27,train,0.0,0,0.06521739130434782,0.0,0.06544165054803353,0.0,0.03763191824310339,0.0,0.0,0.0043104040872331065
Aweil North,2011-01-03,train,0.0,0,0.03676470588235294,0.0,0.06544165054803353,0.0,0.04260593919792131,0.0,0.0,0.004827081041035487
Aweil North,2011-01-10,train,0.0,0,0.03676470588235294,0.0,0.06544165054803353,0.0,0.04240651489854999,0.0,0.0,0.005252744066777557
Aweil North,2011-01-17,train,0.0,0,0.03676470588235294,0.0,0.06544165054803353,0.0,0.05566096540200344,0.0,0.0,0.004213069546742333
Aweil North,2011-01-24,train,0.0,0,0.03676470588235294,0.0,0.06544165054803353,0.0,0.052611850599189346,0.0,0.0,0.020132100643172602
Aweil North,2011-01-31,train,0.0,0,0.03676470588235294,0.0,0.06544165054803353,0.0,0.0281071580205127,0.0,0.0,0.0020085161418667424
Aweil North,2011-02-07,train,0.0,0,0.00819672131147541,0.0,0.06544165054803353,0.0,0.028080877246594575,0.0,0.0,0.0020085161418667424
Aweil North,2011-02-14,train,0.0,0,0.00819672131147541,0.0,0.06544165054803353,0.0,0.028080877246594575,0.0,0.0,0.0020085161418667424
Aweil North,2011-02-21,train,0.0,0,0.00819672131147541,0.0,0.06544165054803353,0.0,0.028080877246594575,0.0,0.0,0.0020085161418667424
Aweil North,2011-02-28,train,0.0,0,0.00819672131147541,0.0,0.06544165054803353,0.0,0.028080877246594575,0.0,0.0,0.0020085161418667424
Aweil North,2011-03-07,train,0.0,0,0.022388059701492536,0.0,0.06544165054803353,0.0,0.030173481434301264,0.0,0.0,0.003737624338061468
Aweil North,2011-03-14,train,0.0,0,0.022388059701492536,0.0,0.06544165054803353,0.0,0.03686753874808141,0.0,0.0,0.0020085161418667424
Aweil North,2011-03-21,train,0.0,0,0.022388059701492536,0.0,0.06544165054803353,0.0,0.032315325260248565,0.0,0.0,0.0020085161418667424
Aweil North,2011-03-28,train,0.0,0,0.022388059701492536,0.0,0.06544165054803353,0.0,0.03263318574928142,0.0,0.0,0.0020085161418667424
Aweil North,2011-04-04,train,0.0,0,0.022727272727272728,0.0,0.06544165054803353,0.0,0.03296756889893635,0.0,0.0,0.0020085161418667424
Aweil North,2011-04-11,train,0.0,0,0.022727272727272728,0.0,0.06544165054803353,0.0,0.03197317267516754,0.0,0.0,0.0020085161418667424
Aweil North,2011-04-18,train,0.0,0,0.022727272727272728,0.0,0.06544165054803353,0.0,0.03197317267516754,0.0,0.0,0.0020085161418667424
Aweil North,2011-04-25,train,0.0,0,0.022727272727272728,0.0,0.06544165054803353,0.0,0.033541725738849094,0.0,0.0,0.003178638388451817
Aweil North,2011-05-02,train,0.0,0,0.007462686567164179,0.0,0.06544165054803353,0.0,0.03170100299303304,0.0,0.0,0.0020085161418667424
Aweil North,2011-05-09,train,0.0,0,0.007462686567164179,0.0,0.06544165054803353,0.0,0.02933590538824902,0.0,0.0,0.0020085161418667424
Aweil North,2011-05-16,train,0.0,0,0.007462686567164179,0.0,0.06544165054803353,0.0,0.028977766991262435,0.0,0.0,0.0020085161418667424
Aweil North,2011-05-23,train,0.0,0,0.007462686567164179,0.0,0.06544165054803353,0.0,0.028977766991262435,0.0,0.0,0.0020085161418667424
Aweil North,2011-05-30,train,0.0,0,0.007462686567164179,0.0,0.06544165054803353,0.0,0.028977766991262435,0.0,0.0,0.0020085161418667424
Aweil North,2011-06-06,train,0.0,0,0.038461538461538464,0.0,0.06544165054803353,0.0,0.028977766991262435,0.0,0.0,0.0020085161418667424
Aweil North,2011-06-13,train,0.0,0,0.038461538461538464,0.0,0.06544165054803353,0.0,0.028977766991262435,0.0,0.0,0.0020085161418667424
Aweil North,2011-06-20,train,0.0,0,0.038461538461538464,0.0,0.06544165054803353,0.0,0.02905285488720512,0.0,0.0,0.0020085161418667424
Aweil North,2011-06-27,train,0.0,0,0.038461538461538464,0.0,0.06544165054803353,0.0,0.030839665965846107,0.0,0.0,0.002008517348908098
Aweil North,2011-07-04,train,0.0,0,0.007352941176470588,0.0,0.06544165054803353,0.0,0.02970853750944941,0.0,0.0,0.002008517348908098
Aweil North,2011-07-11,train,0.0,0,0.007352941176470588,0.0,0.06544165054803353,0.0,0.04675041626795823,0.0,0.0,0.005302327035728719
Aweil North,2011-07-18,train,0.0,0,0.007352941176470588,0.0,0.06544165054803353,0.0,0.030082605108968787,0.0,0.0,0.0020085061524356494
Aweil North,2011-07-25,train,0.0,0,0.007352941176470588,0.0,0.06544165054803353,0.0,0.0323243276533151,0.0,0.0,0.001998384121226623
Aweil North,2011-08-01,train,0.0,0,0.03787878787878788,0.0,0.06544165054803353,0.0,0.03145805264887674,0.0,0.0,0.0020205596845811057
Aweil North,2011-08-08,train,0.0,0,0.03787878787878788,0.0,0.06544165054803353,0.0,0.0366973870489533,0.0,0.0,0.005068746509380415
Aweil North,2011-08-15,train,0.0,0,0.03787878787878788,0.0,0.06544165054803353,0.0,0.11440851737948204,0.0,0.0015901327505707741,0.19540576398999557
Aweil North,2011-08-22,train,0.0,0,0.03787878787878788,0.0,0.06544165054803353,0.0,0.09607446654909049,0.0,0.0,0.28017479711021925
Aweil North,2011-08-29,train,0.0,0,0.03787878787878788,0.0,0.06544165054803353,0.0,0.06646518932377628,0.0,0.0,0.13237211355651077
Aweil North,2011-09-05,train,0.0,0,0.25,0.0,0.06544165054803353,0.0,0.06809662878310369,0.0,0.0,0.0661641335358457
Aweil North,2011-09-12,train,0.1589774684442146,1,0.25,0.0,0.06544165054803353,0.0,0.1274303004177216,0.0,0.0,0.10736504133338544
Aweil North,2011-09-19,train,0.0,0,0.25,0.0,0.7527675276752768,0.1589774684442146,0.5522896660836418,0.0,0.3049859757150973,5.393861090918857
Aweil North,2011-09-26,train,0.0,0,0.25,0.0,0.06544165054803353,0.0,0.2018281830565645,0.0,0.0,6.318242435062905
Aweil North,2011-10-03,train,0.0,0,0.41911764705882354,0.0,0.06544165054803353,0.0,0.31087876283486837,0.0,0.034902206761734764,1.275346559492426
Aweil North,2011-10-10,train,0.0,0,0.41911764705882354,0.0,0.06544165054803353,0.0,0.1769693735387091,0.0,0.0,2.905097465198865
Aweil North,2011-10-17,train,0.0,0,0.41911764705882354,0.0,0.06544165054803353,0.0,0.1708865460276238,0.0,0.0,0.1252985250656542
Aweil North,2011-10-24,train,0.0,0,0.41911764705882354,0.0,0.06544165054803353,0.0,0.12211822520382834,0.0,0.0,0.046334878855171235
Aweil North,2011-10-31,train,0.0,0,0.41911764705882354,0.0,0.06544165054803353,0.0,0.29769378075041375,0.0,0.0,0.2976274441786928
Aweil North,2011-11-07,train,0.0,0,0.2265625,0.0,0.06544165054803353,0.0,0.13050151699892662,0.0,0.0,0.014715483606041049
Aweil North,2011-11-14,train,0.0,0,0.2265625,0.0,0.06544165054803353,0.0,0.10551272443074125,0.0,0.0,0.2237627130053594
Aweil North,2011-11-21,train,0.0,0,0.2265625,0.0,0.06544165054803353,0.0,0.11170643863065123,0.0,0.0,0.010409623149051419
Aweil North,2011-11-28,train,0.0,0,0.2265625,0.0,0.06544165054803353,0.0,0.04976553699742484,0.0,0.0,0.0
Aweil North,2011-12-05,train,0.0,0,0.06521739130434782,0.0,0.06544165054803353,0.0,0.03834256631848521,0.0,0.0,0.006962514420986391
Aweil North,2011-12-12,train,0.0,0,0.06521739130434782,0.0,0.06544165054803353,0.0,0.02891638505309536,0.0,0.0,0.0016275746766440762
Aweil North,2011-12-19,train,0.0,0,0.06521739130434782,0.0,0.06544165054803353,0.0,0.06111368814221834,0.0,0.0,0.04507041586367412
Aweil North,2011-12-26,train,0.0,0,0.06521739130434782,0.0,0.06544165054803353,0.0,0.05181049224897478,0.0,0.0,0.012689110820948857
Aweil North,2012-01-02,train,0.0,0,0.03676470588235294,0.0,0.06544165054803353,0.0,0.05620291763069209,0.0,0.0,0.009164690124591878
Aweil North,2012-01-09,train,0.0,0,0.03676470588235294,0.0,0.06544165054803353,0.0,0.04688789328446194,0.0,0.0,0.008685175428379889
Aweil North,2012-01-16,train,0.0,0,0.03676470588235294,0.0,0.06544165054803353,0.0,0.056597067861837574,0.0,0.0,0.0076057918351596825
Aweil North,2012-01-23,train,0.0,0,0.03676470588235294,0.0,0.06544165054803353,0.0,0.04450720551821556,0.0,0.0,0.010293519372061893
Aweil North,2012-01-30,train,0.0,0,0.03676470588235294,0.0,0.06544165054803353,0.0,0.0281071580205127,0.0,0.0,0.0020085161418667424
Aweil North,2012-02-06,train,0.0,0,0.00819672131147541,0.0,0.06544165054803353,0.0,0.028080877246594575,0.0,0.0,0.0020085161418667424
Aweil North,2012-02-13,train,0.0,0,0.00819672131147541,0.0,0.06544165054803353,0.0,0.028080877246594575,0.0,0.0,0.0020085161418667424
Aweil North,2012-02-20,train,0.0,0,0.00819672131147541,0.0,0.06544165054803353,0.0,0.028080877246594575,0.0,0.0,0.0020085161418667424
Aweil North,2012-02-27,train,0.0,0,0.00819672131147541,0.0,0.06544165054803353,0.0,0.028080877246594575,0.0,0.0,0.0020085161418667424
Aweil North,2012-03-05,train,0.0,0,0.022388059701492536,0.0,0.06544165054803353,0.0,0.030173481434301264,0.0,0.0,0.003737624338061468
Aweil North,2012-03-12,train,0.0,0,0.022388059701492536,0.0,0.06544165054803353,0.0,0.03863949399894894,0.0,0.0,0.0020085161418667424
Aweil North,2012-03-19,train,0.0,0,0.022388059701492536,0.0,0.06544165054803353,0.0,0.032315325260248565,0.0,0.0,0.0020085161418667424
Aweil North,2012-03-26,train,0.0,0,0.022388059701492536,0.0,0.06544165054803353,0.0,0.0333443443169203,0.0,0.0,0.0020085161418667424
Aweil North,2012-04-02,train,0.0,0,0.022727272727272728,0.0,0.06544165054803353,0.0,0.03296756889893635,0.0,0.0,0.0020085161418667424
Aweil North,2012-04-09,train,0.0,0,0.022727272727272728,0.0,0.06544165054803353,0.0,0.033100831812956165,0.0,0.0,0.0020085161418667424
Aweil North,2012-04-16,train,0.0,0,0.022727272727272728,0.0,0.06544165054803353,0.0,0.03197317267516754,0.0,0.0,0.0020085161418667424
Aweil North,2012-04-23,train,0.0,0,0.022727272727272728,0.0,0.06544165054803353,0.0,0.032826500433426824,0.0,0.0,0.0020085161418667424
Aweil North,2012-04-30,train,0.0,0,0.022727272727272728,0.0,0.06544165054803353,0.0,0.031753946112442255,0.0,0.0,0.003001849565401722
Aweil North,2012-05-07,train,0.0,0,0.007462686567164179,0.0,0.06544165054803353,0.0,0.02933590538824902,0.0,0.0,0.0020085161418667424
Aweil North,2012-05-14,train,0.0,0,0.007462686567164179,0.0,0.06544165054803353,0.0,0.028977766991262435,0.0,0.0,0.0020085161418667424
Aweil North,2012-05-21,train,0.0,0,0.007462686567164179,0.0,0.06544165054803353,0.0,0.028977766991262435,0.0,0.0,0.0020085161418667424
Aweil North,2012-05-28,train,0.0,0,0.007462686567164179,0.0,0.06544165054803353,0.0,0.028977766991262435,0.0,0.0,0.0020085161418667424
Aweil North,2012-06-04,train,0.0,0,0.038461538461538464,0.0,0.06544165054803353,0.0,0.028977766991262435,0.0,0.0,0.0020085161418667424
Aweil North,2012-06-11,train,0.0,0,0.038461538461538464,0.0,0.06544165054803353,0.0,0.028977766991262435,0.0,0.0,0.0020085161418667424
Aweil North,2012-06-18,train,0.0,0,0.038461538461538464,0.0,0.06544165054803353,0.0,0.02905285488720512,0.0,0.0,0.0020085161418667424
Aweil North,2012-06-25,train,0.0,0,0.038461538461538464,0.0,0.06544165054803353,0.0,0.033061475129732044,0.0,0.0,0.00415419186521141
Aweil North,2012-07-02,train,0.0,0,0.007352941176470588,0.0,0.06544165054803353,0.0,0.02970853750944941,0.0,0.0,0.002008517348908098
Aweil North,2012-07-09,train,0.0,0,0.007352941176470588,0.0,0.06544165054803353,0.0,0.05256928510910665,0.0,0.0,0.008278413124014514
Aweil North,2012-07-16,train,0.0,0,0.007352941176470588,0.0,0.06544165054803353,0.0,0.030082605108968787,0.0,0.0,0.0020085061524356494
Aweil North,2012-07-23,train,0.0,0,0.007352941176470588,0.0,0.06544165054803353,0.0,0.0323243276533151,0.0,0.0,0.002818944886825505
Aweil North,2012-07-30,train,0.0,0,0.007352941176470588,0.0,0.06544165054803353,0.0,0.03089439982042522,0.0,0.0,0.0020696801185359163
Aweil North,2012-08-06,train,0.0,0,0.03787878787878788,0.0,0.06544165054803353,0.0,0.0365285192242911,0.0,0.0,0.014829159165938723
Aweil North,2012-08-13,train,0.0,0,0.03787878787878788,0.0,0.06544165054803353,0.0,0.15608249361234358,0.0,0.0015901327505707741,0.18210643621873543
Aweil North,2012-08-20,train,0.0,0,0.03787878787878788,0.0,0.06544165054803353,0.0,0.13569859468618897,0.0,0.0,0.46287336497086956
Aweil North,2012-08-27,train,0.0,0,0.03787878787878788,0.0,0.06544165054803353,0.0,0.07340261724808263,0.0,0.0,0.0
Aweil North,2012-09-03,train,0.0,0,0.25,0.0,0.06544165054803353,0.0,0.07711678805975924,0.0,0.0,0.05064814387884384
Aweil North,2012-09-10,train,0.0,0,0.25,0.0,0.06544165054803353,0.0,0.1823025145815102,0.0,0.0,0.15014148760904897
Aweil North,2012-09-17,train,0.1060246703200399,1,0.25,0.0,0.06544165054803353,0.0,0.41283431714091584,0.0,0.0,2.013767789541007
Aweil North,2012-09-24,train,0.0,0,0.25,0.0,0.7527675276752768,0.1060246703200399,0.5936628768491221,0.0,0.2689913629639161,5.099619053099377
Aweil North,2012-10-01,train,0.0,0,0.41911764705882354,0.0,0.06544165054803353,0.0,0.39616689631308694,0.0,0.0015901327505707741,4.393334256922666
Aweil North,2012-10-08,train,0.0,0,0.41911764705882354,0.0,0.06544165054803353,0.0,0.2910708190035162,0.0,0.017679416847646727,1.5457813019202995
Aweil North,2012-10-15,train,0.0,0,0.41911764705882354,0.0,0.06544165054803353,0.0,0.17152821393097206,0.0,0.0,0.011711708595166943
Aweil North,2012-10-22,train,0.0,0,0.41911764705882354,0.0,0.06544165054803353,0.0,0.1575909072635135,0.0,0.0,0.3878934034480427
Aweil North,2012-10-29,train,0.0,0,0.41911764705882354,0.0,0.06544165054803353,0.0,0.23049174150811252,0.0,0.0,0.21698861019128587
Aweil North,2012-11-05,train,0.0,0,0.2265625,0.0,0.06544165054803353,0.0,0.15378176953169753,0.0,0.0,0.04794177987730309
Aweil North,2012-11-12,train,0.0,0,0.2265625,0.0,0.06544165054803353,0.0,0.1356883026647084,0.0,0.0,0.2071459315085626
Aweil North,2012-11-19,train,0.0,0,0.2265625,0.0,0.06544165054803353,0.0,0.1466940969825691,0.0,0.0,0.16335623978274452
Aweil North,2012-11-26,train,0.0,0,0.2265625,0.0,0.06544165054803353,0.0,0.05744938728102059,0.0,0.0,0.007047572019697319
Aweil North,2012-12-03,train,0.0,0,0.06521739130434782,0.0,0.06544165054803353,0.0,0.040141483449998495,0.0,0.0,0.013891905536903884
Aweil North,2012-12-10,train,0.0,0,0.06521739130434782,0.0,0.06544165054803353,0.0,0.03028698270182973,0.0,0.0,0.0025847375652950553
Aweil North,2012-12-17,train,0.0,0,0.06521739130434782,0.0,0.06544165054803353,0.0,0.06406971191312327,0.0,0.0,0.05257744407541078
Aweil North,2012-12-24,train,0.0529543885724039,1,0.06521739130434782,0.0,0.06544165054803353,0.0,0.15339213742354643,0.0,0.0,0.03328659187078519
Aweil North,2012-12-31,train,0.0529543885724039,1,0.06521739130434782,0.0,0.7527675276752768,0.0529543885724039,0.11784812194556396,0.0,0.0,0.03504205346440741
Aweil North,2013-01-07,train,0.0,0,0.03676470588235294,0.0,0.7527675276752768,0.0529543885724039,0.08035295579540538,0.0,0.0,0.016051440861409746
Aweil North,2013-01-14,train,0.0,0,0.03676470588235294,0.0,0.06544165054803353,0.0,0.07221045161299401,0.0,0.0,0.006521526744801854
Aweil North,2013-01-21,train,0.0,0,0.03676470588235294,0.0,0.06544165054803353,0.0,0.05560038771498281,0.0,0.0,0.0024506295133416758
Aweil North,2013-01-28,train,0.0,0,0.03676470588235294,0.0,0.06544165054803353,0.0,0.03221125568484471,0.0,0.0,0.002974451212136407
Aweil North,2013-02-04,train,0.0,0,0.00819672131147541,0.0,0.06544165054803353,0.0,0.0289535482980889,0.0,0.0,0.0020085161418667424
Aweil North,2013-02-11,train,0.0,0,0.00819672131147541,0.0,0.06544165054803353,0.0,0.028926499686015995,0.0,0.0,0.0020085161418667424
Aweil North,2013-02-18,train,0.0,0,0.00819672131147541,0.0,0.06544165054803353,0.0,0.028926499686015995,0.0,0.0,0.0020085161418667424
Aweil North,2013-02-25,train,0.0,0,0.00819672131147541,0.0,0.06544165054803353,0.0,0.028926499686015995,0.0,0.0,0.0020085161418667424
Aweil North,2013-03-04,train,0.0,0,0.022388059701492536,0.0,0.06544165054803353,0.0,0.031041512866918464,0.0,0.0,0.0020085161418667424
Aweil North,2013-03-11,train,0.1587917014249593,1,0.022388059701492536,0.0,0.06544165054803353,0.0,0.0969359045881879,0.0,0.0,0.06799609760002454
Aweil North,2013-03-18,train,0.0,0,0.022388059701492536,0.0,0.7527675276752768,0.1587917014249593,0.10076643352507025,0.0,0.0,0.04677992629224529
Aweil North,2013-03-25,train,0.0,0,0.022388059701492536,0.0,0.06544165054803353,0.0,0.07136951994238681,0.0,0.0,0.19390361571956932
Aweil North,2013-04-01,train,0.0,0,0.022727272727272728,0.0,0.06544165054803353,0.0,0.05162038464040672,0.0,0.0,0.07533266890925278
Aweil North,2013-04-08,train,0.0,0,0.022727272727272728,0.0,0.06544165054803353,0.0,0.03305531090104269,0.0,0.0,0.0027898594466478502
Aweil North,2013-04-15,train,0.0,0,0.022727272727272728,0.0,0.06544165054803353,0.0,0.0320045762005159,0.0,0.0,0.0020085161418667424
Aweil North,2013-04-22,train,0.0,0,0.022727272727272728,0.0,0.06544165054803353,0.0,0.03231021702770142,0.0,0.0,0.006178297379271582
Aweil North,2013-04-29,train,0.0,0,0.022727272727272728,0.0,0.06544165054803353,0.0,0.031799332892963425,0.0,0.0,0.00806269294045778
Aweil North,2013-05-06,train,0.0,0,0.007462686567164179,0.0,0.06544165054803353,0.0,0.041834926580901814,0.0,0.0,0.042035457412227945
Aweil North,2013-05-13,train,0.0,0,0.007462686567164179,0.0,0.06544165054803353,0.0,0.029019304630299655,0.0,0.0,0.0025973693736480565
Aweil North,2013-05-20,train,0.0,0,0.007462686567164179,0.0,0.06544165054803353,0.0,0.029019304630299655,0.0,0.0,0.0020085161418667424
Aweil North,2013-05-27,train,0.0,0,0.007462686567164179,0.0,0.06544165054803353,0.0,0.029019304630299655,0.0,0.0,0.0020085161418667424
Aweil North,2013-06-03,train,0.0,0,0.038461538461538464,0.0,0.06544165054803353,0.0,0.029019304630299655,0.0,0.0,0.0020085161418667424
Aweil North,2013-06-10,train,0.0,0,0.038461538461538464,0.0,0.06544165054803353,0.0,0.029019304630299655,0.0,0.0,0.0020085161418667424
Aweil North,2013-06-17,train,0.0,0,0.038461538461538464,0.0,0.06544165054803353,0.0,0.029094496934593796,0.0,0.0,0.0020085161418667424
Aweil North,2013-06-24,train,0.0,0,0.038461538461538464,0.0,0.06544165054803353,0.0,0.034441346597480174,0.0,0.0,0.013505618626214867
Aweil North,2013-07-01,train,0.0,0,0.007352941176470588,0.0,0.06544165054803353,0.0,0.030883787623532687,0.0,0.0,0.002008517348908098
Aweil North,2013-07-08,train,0.0,0,0.007352941176470588,0.0,0.06544165054803353,0.0,0.029751090563266608,0.0,0.0,0.002008517348908098
Aweil North,2013-07-15,train,0.0,0,0.007352941176470588,0.0,0.06544165054803353,0.0,0.029791843128472696,0.0,0.0,0.0020085171771728745
Aweil North,2013-07-22,train,0.0,0,0.007352941176470588,0.0,0.06544165054803353,0.0,0.055830371905987185,0.0,0.0,0.034572431750635076
Aweil North,2013-07-29,train,0.0,0,0.007352941176470588,0.0,0.06544165054803353,0.0,0.03267584697791352,0.0,0.0,0.005566752739251529
Aweil North,2013-08-05,train,0.0,0,0.03787878787878788,0.0,0.06544165054803353,0.0,0.06042921518117144,0.0,0.0,0.08354844999203362
Aweil North,2013-08-12,train,0.0,0,0.03787878787878788,0.0,0.06544165054803353,0.0,0.06317669541837957,0.0,0.0,0.421670061896698
Aweil North,2013-08-19,train,0.0,0,0.03787878787878788,0.0,0.06544165054803353,0.0,0.1804663816728058,0.0,0.0,0.5868854713720417
Aweil North,2013-08-26,train,0.0,0,0.03787878787878788,0.0,0.06544165054803353,0.0,0.09800955855380435,0.0,0.0,0.24208820008407866
Aweil North,2013-09-02,train,0.0,0,0.25,0.0,0.06544165054803353,0.0,0.09052434739937763,0.0,0.0,0.334009455536752
Aweil North,2013-09-09,train,0.0,0,0.25,0.0,0.06544165054803353,0.0,0.18423423995615548,0.0,0.0,0.4082048907202858
Aweil North,2013-09-16,train,0.4238594230755246,1,0.25,0.0,0.06544165054803353,0.0,0.311176292534718,0.0,0.0,1.9811332054297985
Aweil North,2013-09-23,train,0.0,0,0.25,0.0,0.7527675276752768,0.4238594230755246,0.5114548555777224,0.0,0.28679260384580174,3.3659623078884455
Aweil North,2013-09-30,train,0.0,0,0.25,0.0,0.06544165054803353,0.0,0.44182713188549905,0.0,0.0,3.2890758406454226
Aweil North,2013-10-07,train,0.1060158591067574,1,0.41911764705882354,0.0,0.06544165054803353,0.0,0.48799616702616505,0.0,0.09301243648846343,0.10132249277869504
Aweil North,2013-10-14,train,0.8481253504771746,1,0.41911764705882354,0.0,0.7527675276752768,0.1060158591067574,0.7446819346557352,0.0,0.1761663153456614,1.0630483870130858
Aweil North,2013-10-21,train,0.0,0,0.41911764705882354,0.0,0.7527675276752768,0.8481253504771746,0.41878060163941844,0.0,0.09999802520959916,0.5345547548870941
Aweil North,2013-10-28,train,0.0,0,0.41911764705882354,0.0,0.06544165054803353,0.0,0.3593891799496343,0.0,0.11648509427370586,0.928105412114455
Aweil North,2013-11-04,train,0.052961332976694,1,0.2265625,0.0,0.06544165054803353,0.0,0.43933824730309395,0.0,0.03708755414792209,0.07343942392198509
Aweil North,2013-11-11,train,0.0,0,0.2265625,0.0,0.7527675276752768,0.052961332976694,0.26974145882357886,0.0,0.005705206903467939,0.4473589393113478
Aweil North,2013-11-18,train,0.0,0,0.2265625,0.0,0.06544165054803353,0.0,0.16917365610697307,0.0,0.0,0.43858548200352687
Aweil North,2013-11-25,train,0.1058992686976658,1,0.2265625,0.0,0.06544165054803353,0.0,0.2211329149856509,0.0,0.0,0.2306888303172453
Aweil North,2013-12-02,train,0.0,0,0.06521739130434782,0.0,0.7527675276752768,0.1058992686976658,0.3561494216151931,0.0,0.01984086708488693,0.1393192192540368
Aweil North,2013-12-09,train,0.0,0,0.06521739130434782,0.0,0.06544165054803353,0.0,0.031925194338161274,0.0,0.0,0.1059043773618798
Aweil North,2013-12-16,train,0.0,0,0.06521739130434782,0.0,0.06544165054803353,0.0,0.04617057363388474,0.0,0.0,0.054184547165251014
Aweil North,2013-12-23,train,0.0,0,0.06521739130434782,0.0,0.06544165054803353,0.0,0.09849506232742249,0.0,0.0,0.017119614208545655
Aweil North,2013-12-30,train,0.0,0,0.06521739130434782,0.0,0.06544165054803353,0.0,0.056092941491294075,0.0,0.0,0.007899133136013519
Aweil North,2014-01-06,train,0.0,0,0.03676470588235294,0.0,0.06544165054803353,0.0,0.05778975162828213,0.0,0.0,0.014366793340493473
Aweil North,2014-01-13,train,0.0,0,0.03676470588235294,0.0,0.06544165054803353,0.0,0.06700709212630467,0.0,0.0,0.01432915891393796
Aweil North,2014-01-20,train,0.0,0,0.03676470588235294,0.0,0.06544165054803353,0.0,0.07567465006994153,0.0,0.0,0.026125436817357368
Aweil North,2014-01-27,train,0.0,0,0.03676470588235294,0.0,0.06544165054803353,0.0,0.05443097594239855,0.0,0.0,0.02204397457265148
Aweil North,2014-02-03,train,0.0,0,0.00819672131147541,0.0,0.06544165054803353,0.0,0.030440205667974073,0.0,0.0,0.0020085161418667424
Aweil North,2014-02-10,train,0.0,0,0.00819672131147541,0.0,0.06544165054803353,0.0,0.028926499686015995,0.0,0.0,0.0020085161418667424
Aweil North,2014-02-17,train,0.0,0,0.00819672131147541,0.0,0.06544165054803353,0.0,0.028926499686015995,0.0,0.0,0.0020085161418667424
Aweil North,2014-02-24,train,0.0,0,0.00819672131147541,0.0,0.06544165054803353,0.0,0.028926499686015995,0.0,0.0,0.0020085161418667424
Aweil North,2014-03-03,train,0.0,0,0.022388059701492536,0.0,0.06544165054803353,0.0,0.02991753573617593,0.0,0.0,0.0020085161418667424
Aweil North,2014-03-10,train,0.0,0,0.022388059701492536,0.0,0.06544165054803353,0.0,0.07543490580979051,0.0,0.0,0.06769698518138759
Aweil North,2014-03-17,train,0.0,0,0.022388059701492536,0.0,0.06544165054803353,0.0,0.034913683640942945,0.0,0.0,0.0068925706938727065
Aweil North,2014-03-24,train,0.0,0,0.022388059701492536,0.0,0.06544165054803353,0.0,0.034913683640942945,0.0,0.0,0.0020085161418667424
Aweil North,2014-03-31,train,0.0,0,0.022388059701492536,0.0,0.06544165054803353,0.0,0.038050028721771455,0.0,0.0,0.005678166433045709
Aweil North,2014-04-07,train,0.0,0,0.022727272727272728,0.0,0.06544165054803353,0.0,0.03416250910693134,0.0,0.0,0.0020085161418667424
Aweil North,2014-04-14,train,0.0,0,0.022727272727272728,0.0,0.06544165054803353,0.0,0.0320045762005159,0.0,0.0,0.0020085161418667424
Aweil North,2014-04-21,train,0.0,0,0.022727272727272728,0.0,0.06544165054803353,0.0,0.03231021702770142,0.0,0.0,0.006066945374849672
Aweil North,2014-04-28,train,0.0,0,0.022727272727272728,0.0,0.06544165054803353,0.0,0.03532520456860626,0.0,0.0,0.00806269294045778
Aweil North,2014-05-05,train,0.0,0,0.007462686567164179,0.0,0.06544165054803353,0.0,0.041834926580901814,0.0,0.0,0.042035457412227945
Aweil North,2014-05-12,train,0.0,0,0.007462686567164179,0.0,0.06544165054803353,0.0,0.031143819458835452,0.0,0.0,0.002896481792285004
Aweil North,2014-05-19,train,0.0,0,0.007462686567164179,0.0,0.06544165054803353,0.0,0.029019304630299655,0.0,0.0,0.0020085161418667424
Aweil North,2014-05-26,train,0.0,0,0.007462686567164179,0.0,0.06544165054803353,0.0,0.029019304630299655,0.0,0.0,0.0020085161418667424
Aweil North,2014-06-02,train,0.0,0,0.038461538461538464,0.0,0.06544165054803353,0.0,0.029019304630299655,0.0,0.0,0.0020085161418667424
Aweil North,2014-06-09,train,0.0,0,0.038461538461538464,0.0,0.06544165054803353,0.0,0.029019304630299655,0.0,0.0,0.0020085161418667424
Aweil North,2014-06-16,train,0.0,0,0.038461538461538464,0.0,0.06544165054803353,0.0,0.029094496934593796,0.0,0.0,0.008795034406755426
Aweil North,2014-06-23,train,0.0,0,0.038461538461538464,0.0,0.06544165054803353,0.0,0.03208828421065941,0.0,0.0,0.013546649324684712
Aweil North,2014-06-30,train,0.0,0,0.038461538461538464,0.0,0.06544165054803353,0.0,0.030883787623532687,0.0,0.0,0.002008517348908098
Aweil North,2014-07-07,train,0.0,0,0.007352941176470588,0.0,0.06544165054803353,0.0,0.029751090563266608,0.0,0.0,0.002008517348908098
Aweil North,2014-07-14,train,0.0,0,0.007352941176470588,0.0,0.06544165054803353,0.0,0.03069980923858955,0.0,0.0,0.0035334066590182464
Aweil North,2014-07-21,train,0.0,0,0.007352941176470588,0.0,0.06544165054803353,0.0,0.049130314868863455,0.0,0.0,0.012511260363684669
Aweil North,2014-07-28,train,0.0,0,0.007352941176470588,0.0,0.06544165054803353,0.0,0.03267584697791352,0.0,0.0,0.006780391036235131
Aweil North,2014-08-04,train,0.0,0,0.03787878787878788,0.0,0.06544165054803353,0.0,0.03459593987243115,0.0,0.0,0.06508043922473564
Aweil North,2014-08-11,train,0.0,0,0.03787878787878788,0.0,0.06544165054803353,0.0,0.0635942005634881,0.0,0.0,0.020154135635774173
Aweil North,2014-08-18,train,0.0,0,0.03787878787878788,0.0,0.06544165054803353,0.0,0.15133176655034652,0.0,0.0,0.5264974326001218
Aweil North,2014-08-25,train,0.0,0,0.03787878787878788,0.0,0.06544165054803353,0.0,0.10302036970814364,0.0,0.0,0.2492387009736434
Aweil North,2014-09-01,train,0.0,0,0.25,0.0,0.06544165054803353,0.0,0.10466946053611521,0.0,0.0,0.6480854221336242
Aweil North,2014-09-08,train,0.0,0,0.25,0.0,0.06544165054803353,0.0,0.1902132199354466,0.0,0.0,0.45947712753342174
Aweil North,2014-09-15,train,0.0,0,0.25,0.0,0.06544165054803353,0.0,0.15770746261453011,0.0,0.0,0.6679015336762761
Aweil North,2014-09-22,train,0.0,0,0.25,0.0,0.06544165054803353,0.0,0.18536548777633846,0.0,0.0,0.0
Aweil North,2014-09-29,train,0.1059636145887458,1,0.25,0.0,0.06544165054803353,0.0,0.4624259691150397,0.0,0.0,3.060234979822676
Aweil North,2014-10-06,train,1.536901556142386,1,0.41911764705882354,0.0,0.7527675276752768,0.1059636145887458,0.6260771388955959,0.0,0.22444946625924916,1.539102156202556
Aweil North,2014-10-13,train,1.2191017548851395,1,0.41911764705882354,0.0,0.7527675276752768,1.536901556142386,0.6921050543539342,0.0,0.5898044101259714,7.036470566169008
Aweil North,2014-10-20,train,0.0529825830568303,1,0.41911764705882354,0.0,0.7527675276752768,1.2191017548851395,0.5848243259078887,0.0,0.16245049579503296,2.8786682701719024
Aweil North,2014-10-27,train,0.0,0,0.41911764705882354,0.0,0.7527675276752768,0.0529825830568303,0.5186120055878738,0.0,0.1612261052216377,1.455477642725704
Aweil North,2014-11-03,train,0.0,0,0.2265625,0.0,0.06544165054803353,0.0,0.4179837366566738,0.0,0.050402732960600986,0.7759558569635412
Aweil North,2014-11-10,train,0.0,0,0.2265625,0.0,0.06544165054803353,0.0,0.19210497887714695,0.0,0.0,0.5784103507046041
Aweil North,2014-11-17,train,1.8514180497399129,1,0.2265625,0.0,0.06544165054803353,0.0,0.17265574918249588,0.0,0.0,0.7778143989642962
Aweil North,2014-11-24,train,0.1058418802156409,1,0.2265625,0.0,0.7527675276752768,1.8514180497399129,0.7661621910399733,0.0019077954898751414,0.1687909286346474,2.9132158685620912
Aweil North,2014-12-01,train,0.2645857383228328,1,0.06521739130434782,0.0,0.7527675276752768,0.1058418802156409,0.4889194727412909,0.0,0.06032227132686125,1.8898944810465756
Aweil North,2014-12-08,train,0.0,0,0.06521739130434782,0.0,0.7527675276752768,0.2645857383228328,0.17110038074561015,0.0,0.016418658051770993,0.24418676863591507
Aweil North,2014-12-15,train,0.0,0,0.06521739130434782,0.0,0.06544165054803353,0.0,0.14511384056164384,0.0,0.0,0.5507374531738073
Aweil North,2014-12-22,train,0.0,0,0.06521739130434782,0.0,0.06544165054803353,0.0,0.11234548240632787,0.0,0.0,0.030483303419067444
Aweil North,2014-12-29,train,0.0,0,0.06521739130434782,0.0,0.06544165054803353,0.0,0.0558068131492404,0.0,0.0,0.014646132931546887
Aweil South,2000-01-03,train,0.0,0,0.11029411764705882,0.0,0.06544165054803353,0.0,0.0244057834360078,0.0,0.0,0.00200887648337002
Aweil South,2000-01-10,train,0.0,0,0.11029411764705882,0.0,0.06544165054803353,0.0,0.026453183493874263,0.0,0.0,0.0021414701195462617
Aweil South,2000-01-17,train,0.0,0,0.11029411764705882,0.0,0.06544165054803353,0.0,0.02676975480815511,0.0,0.0,0.002144024480160795
Aweil South,2000-01-24,train,0.0,0,0.11029411764705882,0.0,0.06544165054803353,0.0,0.027037640510857754,0.0,0.0,0.00703967827722381
Aweil South,2000-01-31,train,0.0,0,0.11029411764705882,0.0,0.06544165054803353,0.0,0.023053229376823164,0.0,0.0,0.0020085161418667424
Aweil South,2000-02-07,train,0.0,0,0.00819672131147541,0.0,0.06544165054803353,0.0,0.023175294171936364,0.0,0.0,0.0020085161418667424
Aweil South,2000-02-14,train,0.0,0,0.00819672131147541,0.0,0.06544165054803353,0.0,0.023175294171936364,0.0,0.0,0.0020085161418667424
Aweil South,2000-02-21,train,0.0,0,0.00819672131147541,0.0,0.06544165054803353,0.0,0.023175294171936364,0.0,0.0,0.0020085161418667424
Aweil South,2000-02-28,train,0.0,0,0.00819672131147541,0.0,0.06544165054803353,0.0,0.023175294171936364,0.0,0.0,0.0020085161418667424
Aweil South,2000-03-06,train,0.0,0,0.03731343283582089,0.0,0.06544165054803353,0.0,0.024225985752646697,0.0,0.0,0.0020085161418667424
Aweil South,2000-03-13,train,0.0,0,0.03731343283582089,0.0,0.06544165054803353,0.0,0.026240411594639728,0.0,0.0,0.0020085161418667424
Aweil South,2000-03-20,train,0.0,0,0.03731343283582089,0.0,0.06544165054803353,0.0,0.025435865320202474,0.0,0.0,0.0020085161418667424
Aweil South,2000-03-27,train,0.0,0,0.03731343283582089,0.0,0.06544165054803353,0.0,0.025805437439712895,0.0,0.0,0.0020085161418667424
Aweil South,2000-04-03,train,0.0,0,0.022727272727272728,0.0,0.06544165054803353,0.0,0.026210568746360564,0.0,0.0,0.0020085161418667424
Aweil South,2000-04-10,train,0.0,0,0.022727272727272728,0.0,0.06544165054803353,0.0,0.02541462663149737,0.0,0.0,0.0020085161418667424
Aweil South,2000-04-17,train,0.0,0,0.022727272727272728,0.0,0.06544165054803353,0.0,0.02541462663149737,0.0,0.0,0.0020085161418667424
Aweil South,2000-04-24,train,0.0,0,0.022727272727272728,0.0,0.06544165054803353,0.0,0.026670292491054078,0.0,0.0,0.0020085161418667424
Aweil South,2000-05-01,train,0.0,0,0.022388059701492536,0.0,0.06544165054803353,0.0,0.025130282029880536,0.0,0.0,0.0020085161418667424
Aweil South,2000-05-08,train,0.0,0,0.022388059701492536,0.0,0.06544165054803353,0.0,0.024380009940934966,0.0,0.0,0.0020085161418667424
Aweil South,2000-05-15,train,0.0,0,0.022388059701492536,0.0,0.06544165054803353,0.0,0.024180307364313917,0.0,0.0,0.0020085161418667424
Aweil South,2000-05-22,train,0.0,0,0.022388059701492536,0.0,0.06544165054803353,0.0,0.024180307364313917,0.0,0.0,0.0020085161418667424
Aweil South,2000-05-29,train,0.0,0,0.022388059701492536,0.0,0.06544165054803353,0.0,0.024180307364313917,0.0,0.0,0.0020085161418667424
Aweil South,2000-06-05,train,0.0,0,0.023076923076923078,0.0,0.06544165054803353,0.0,0.024180307364313917,0.0,0.0,0.0020085161418667424
Aweil South,2000-06-12,train,0.0,0,0.023076923076923078,0.0,0.06544165054803353,0.0,0.024180307364313917,0.0,0.0,0.0020085161418667424
Aweil South,2000-06-19,train,0.0,0,0.023076923076923078,0.0,0.06544165054803353,0.0,0.02424327433504994,0.0,0.0,0.0020085161418667424
Aweil South,2000-06-26,train,0.0,0,0.023076923076923078,0.0,0.06544165054803353,0.0,0.024139208416934756,0.0,0.0,0.002009639317194903
Aweil South,2000-07-03,train,0.0,0,0.03676470588235294,0.0,0.06544165054803353,0.0,0.024139208416934756,0.0,0.0,0.002009639317194903
Aweil South,2000-07-10,train,0.0,0,0.03676470588235294,0.0,0.06544165054803353,0.0,0.030245708192341254,0.0,0.0,0.004661257874790783
Aweil South,2000-07-17,train,0.0,0,0.03676470588235294,0.0,0.06544165054803353,0.0,0.02484500849195729,0.0,0.0,0.0020097072247067514
Aweil South,2000-07-24,train,0.0,0,0.03676470588235294,0.0,0.06544165054803353,0.0,0.027289427786795512,0.0,0.0,0.0020153324295624584
Aweil South,2000-07-31,train,0.0,0,0.03676470588235294,0.0,0.06544165054803353,0.0,0.02597477193599368,0.0,0.0,0.0019208245261159755
Aweil South,2000-08-07,train,0.0,0,0.17424242424242425,0.0,0.06544165054803353,0.0,0.031206800757257656,0.0,0.0,0.001592400934476024
Aweil South,2000-08-14,train,0.0,0,0.17424242424242425,0.0,0.06544165054803353,0.0,0.05422003987321538,0.0,0.0,0.05167592180609952
Aweil South,2000-08-21,train,0.0,0,0.17424242424242425,0.0,0.06544165054803353,0.0,0.06437366143161109,0.0,0.0,0.3578884566065076
Aweil South,2000-08-28,train,0.0,0,0.17424242424242425,0.0,0.06544165054803353,0.0,0.05740048783142942,0.0,0.0,0.2293441490818258
Aweil South,2000-09-04,train,0.0,0,0.4621212121212121,0.0,0.06544165054803353,0.0,0.044916506006168984,0.0,0.0,0.042995763280067996
Aweil South,2000-09-11,train,0.0,0,0.4621212121212121,0.0,0.06544165054803353,0.0,0.042144107096173535,0.0,0.0,0.0
Aweil South,2000-09-18,train,0.0,0,0.4621212121212121,0.0,0.06544165054803353,0.0,0.09030790892044355,0.0,0.0,0.9971862952224598
Aweil South,2000-09-25,train,0.0,0,0.4621212121212121,0.0,0.06544165054803353,0.0,0.06904257747878258,0.0,0.0,2.85734315422951
Aweil South,2000-10-02,train,0.0,0,0.6838235294117647,6.100102452160747,0.06544165054803353,0.0,0.10131450525019527,0.0,0.0,1.067084804577942
Aweil South,2000-10-09,train,0.0,0,0.6838235294117647,6.100102452160747,0.06544165054803353,0.0,0.07284210892977544,0.0,0.0,2.5593695897894766
Aweil South,2000-10-16,train,0.0,0,0.6838235294117647,6.100102452160747,0.06544165054803353,0.0,0.09047689091384666,0.0,0.0,0.36383978458004584
Aweil South,2000-10-23,train,0.0,0,0.6838235294117647,6.100102452160747,0.06544165054803353,0.0,0.08157057238065994,0.0,0.0,0.01676511590569619
Aweil South,2000-10-30,train,0.0,0,0.6838235294117647,6.100102452160747,0.06544165054803353,0.0,0.20098755868099927,0.0,0.0,0.3705858404406598
Aweil South,2000-11-06,train,0.0,0,0.7734375,5.677182730163119,0.06544165054803353,0.0,0.0865693163192458,0.0,0.0,0.19689312548515056
Aweil South,2000-11-13,train,0.0,0,0.7734375,5.677182730163119,0.06544165054803353,0.0,0.0742078985159482,0.0,0.0,0.15663645580278493
Aweil South,2000-11-20,train,0.2652106956081284,1,0.7734375,5.677182730163119,0.06544165054803353,0.0,0.0958872125869871,0.0,0.0,0.12228094037477057
Aweil South,2000-11-27,train,0.0,0,0.7734375,5.677182730163119,0.7527675276752768,0.2652106956081284,0.24612138329804556,0.0,0.02711180539781338,0.3017143367888329
Aweil South,2000-12-04,train,0.0,0,0.5289855072463768,0.07954157021848185,0.06544165054803353,0.0,0.08542512909344312,0.0,0.0,0.5803717846038193
Aweil South,2000-12-11,train,0.0,0,0.5289855072463768,0.07954157021848185,0.06544165054803353,0.0,0.04249720692891027,0.0,0.0,0.15491045517045848
Aweil South,2000-12-18,train,0.0,0,0.5289855072463768,0.07954157021848185,0.06544165054803353,0.0,0.036016019831244035,0.0,0.0,0.050025976103038015
Aweil South,2000-12-25,train,0.0,0,0.5289855072463768,0.07954157021848185,0.06544165054803353,0.0,0.027453757956635006,0.0,0.0,0.0029269491802005982
Aweil South,2001-01-01,train,0.0,0,0.11029411764705882,0.0,0.06544165054803353,0.0,0.024242147964518547,0.0,0.0,0.00200926460510606
Aweil South,2001-01-08,train,0.0,0,0.11029411764705882,0.0,0.06544165054803353,0.0,0.022699701383313443,0.0,0.0,0.0020088416046521447
Aweil South,2001-01-15,train,0.0,0,0.11029411764705882,0.0,0.06544165054803353,0.0,0.02676975480815511,0.0,0.0,0.0021423863229644642
Aweil South,2001-01-22,train,0.0,0,0.11029411764705882,0.0,0.06544165054803353,0.0,0.025040764180006763,0.0,0.0,0.002071085390524648
Aweil South,2001-01-29,train,0.0,0,0.11029411764705882,0.0,0.06544165054803353,0.0,0.023447967124332156,0.0,0.0,0.0020957493414536918
Aweil South,2001-02-05,train,0.0,0,0.00819672131147541,0.0,0.06544165054803353,0.0,0.023175294171936364,0.0,0.0,0.0020085161418667424
Aweil South,2001-02-12,train,0.0,0,0.00819672131147541,0.0,0.06544165054803353,0.0,0.02338962524621115,0.0,0.0,0.0020085161418667424
Aweil South,2001-02-19,train,0.0,0,0.00819672131147541,0.0,0.06544165054803353,0.0,0.02338962524621115,0.0,0.0,0.0020085161418667424
Aweil South,2001-02-26,train,0.0,0,0.00819672131147541,0.0,0.06544165054803353,0.0,0.02338962524621115,0.0,0.0,0.0020085161418667424
Aweil South,2001-03-05,train,0.0,0,0.03731343283582089,0.0,0.06544165054803353,0.0,0.023861995920291805,0.0,0.0,0.0020085161418667424
Aweil South,2001-03-12,train,0.0,0,0.03731343283582089,0.0,0.06544165054803353,0.0,0.028277442403461424,0.0,0.0,0.0023076285605036877
Aweil South,2001-03-19,train,0.0,0,0.03731343283582089,0.0,0.06544165054803353,0.0,0.025435865320202474,0.0,0.0,0.0020085161418667424
Aweil South,2001-03-26,train,0.0,0,0.03731343283582089,0.0,0.06544165054803353,0.0,0.027220231010528003,0.0,0.0,0.0020085161418667424
Aweil South,2001-04-02,train,0.0,0,0.022727272727272728,0.0,0.06544165054803353,0.0,0.0274630981880455,0.0,0.0,0.0020085161418667424
Aweil South,2001-04-09,train,0.0,0,0.022727272727272728,0.0,0.06544165054803353,0.0,0.0274630981880455,0.0,0.0,0.0027898594466478502
Aweil South,2001-04-16,train,0.0,0,0.022727272727272728,0.0,0.06544165054803353,0.0,0.02541462663149737,0.0,0.0,0.0020085161418667424
Aweil South,2001-04-23,train,0.0,0,0.022727272727272728,0.0,0.06544165054803353,0.0,0.026097633241541376,0.0,0.0,0.0020085161418667424
Aweil South,2001-04-30,train,0.0,0,0.022727272727272728,0.0,0.06544165054803353,0.0,0.025172536815815667,0.0,0.0,0.0020085161418667424
Aweil South,2001-05-07,train,0.0,0,0.022388059701492536,0.0,0.06544165054803353,0.0,0.02462830006749958,0.0,0.0,0.0020047810377192294
Aweil South,2001-05-14,train,0.0,0,0.022388059701492536,0.0,0.06544165054803353,0.0,0.024180307364313917,0.0,0.0,0.0025973693736480565
Aweil South,2001-05-21,train,0.0,0,0.022388059701492536,0.0,0.06544165054803353,0.0,0.024180307364313917,0.0,0.0,0.0020085161418667424
Aweil South,2001-05-28,train,0.0,0,0.022388059701492536,0.0,0.06544165054803353,0.0,0.024180307364313917,0.0,0.0,0.0020085161418667424
Aweil South,2001-06-04,train,0.0,0,0.023076923076923078,0.0,0.06544165054803353,0.0,0.024180307364313917,0.0,0.0,0.0020085161418667424
Aweil South,2001-06-11,train,0.0,0,0.023076923076923078,0.0,0.06544165054803353,0.0,0.024180307364313917,0.0,0.0,0.0020085161418667424
Aweil South,2001-06-18,train,0.0,0,0.023076923076923078,0.0,0.06544165054803353,0.0,0.02424327433504994,0.0,0.0,0.0020085161418667424
Aweil South,2001-06-25,train,0.0,0,0.023076923076923078,0.0,0.06544165054803353,0.0,0.025319148304265772,0.0,0.0,0.004152962085290232
Aweil South,2001-07-02,train,0.0,0,0.03676470588235294,0.0,0.06544165054803353,0.0,0.024139208416934756,0.0,0.0,0.002009839784952838
Aweil South,2001-07-09,train,0.0,0,0.03676470588235294,0.0,0.06544165054803353,0.0,0.024139208416934756,0.0,0.0,0.0020087178166660336
Aweil South,2001-07-16,train,0.0,0,0.03676470588235294,0.0,0.06544165054803353,0.0,0.02484500849195729,0.0,0.0,0.0020097083193040253
Aweil South,2001-07-23,train,0.0,0,0.03676470588235294,0.0,0.06544165054803353,0.0,0.03138706248933853,0.0,0.0,0.01559932255115015
Aweil South,2001-07-30,train,0.0,0,0.03676470588235294,0.0,0.06544165054803353,0.0,0.02672368624318685,0.0,0.0,0.0019788366089008406
Aweil South,2001-08-06,train,0.0,0,0.17424242424242425,0.0,0.06544165054803353,0.0,0.03140498528330352,0.0,0.0,0.00976785957972443
Aweil South,2001-08-13,train,0.0,0,0.17424242424242425,0.0,0.06544165054803353,0.0,0.04269098591141845,0.0,0.0,0.05644082055801076
Aweil South,2001-08-20,train,0.0,0,0.17424242424242425,0.0,0.06544165054803353,0.0,0.13073606722457878,0.0,0.0,0.7957521515450215
Aweil South,2001-08-27,train,0.0,0,0.17424242424242425,0.0,0.06544165054803353,0.0,0.06987620659721694,0.0,0.0,0.010936356822781384
Aweil South,2001-09-03,train,0.0,0,0.4621212121212121,0.0,0.06544165054803353,0.0,0.08591108983808081,0.0,0.0,0.2521124645421466
Aweil South,2001-09-10,train,0.0,0,0.4621212121212121,0.0,0.06544165054803353,0.0,0.05638946521465024,0.0,0.0,0.03283455408299777
Aweil South,2001-09-17,train,0.0,0,0.4621212121212121,0.0,0.06544165054803353,0.0,0.1282188249941183,0.0,0.0,1.7360895502939342
Aweil South,2001-09-24,train,0.0,0,0.4621212121212121,0.0,0.06544165054803353,0.0,0.08191977375610392,0.0,0.0,0.6579268764659735
Aweil South,2001-10-01,train,0.3714623268287915,1,0.6838235294117647,6.100102452160747,0.06544165054803353,0.0,0.3202115420985545,0.0,0.0,3.8337557135816143
Aweil South,2001-10-08,train,6.415372730065611,1,0.6838235294117647,6.100102452160747,0.7527675276752768,0.3714623268287915,0.5474387242400438,0.0,0.17341068164148898,5.047988099260122
Aweil South,2001-10-15,train,0.0,0,0.6838235294117647,6.100102452160747,0.7527675276752768,6.415372730065611,0.8058915186229649,0.015268686898443962,2.8073985376847626,12.174347666180614
Aweil South,2001-10-22,train,11.929589863861462,1,0.6838235294117647,6.100102452160747,0.06544165054803353,0.0,0.5031147476464323,0.0,0.15390093095764112,12.448918892054449
Aweil South,2001-10-29,train,3.1281575863846984,1,0.6838235294117647,6.100102452160747,0.7527675276752768,11.929589863861462,0.8815517124529418,0.015268686898443962,3.053745442944269,8.474081279098888
Aweil South,2001-11-05,train,8.64265010102506,1,0.7734375,5.677182730163119,0.7527675276752768,3.1281575863846984,0.775348253555616,0.0019077954898751414,0.6545211060310802,10.652239192315326
Aweil South,2001-11-12,train,9.066805650604136,1,0.7734375,5.677182730163119,0.7527675276752768,8.64265010102506,0.8777426092485124,0.015268686898443962,2.6904923988893628,9.06278705623229
Aweil South,2001-11-19,train,5.938239122514648,1,0.7734375,5.677182730163119,0.7527675276752768,9.066805650604136,0.8967980891499616,0.015268686898443962,4.872842955264256,9.416932540083337
Aweil South,2001-11-26,train,5.408086520531106,1,0.7734375,5.677182730163119,0.7527675276752768,5.938239122514648,0.8724892377267625,0.015268686898443962,2.063190907646248,6.612937786860576
Aweil South,2001-12-03,train,4.930826503903966,1,0.5289855072463768,0.07954157021848185,0.7527675276752768,5.408086520531106,0.8656564810397581,0.015268686898443962,1.7850134565116267,4.926676232014764
Aweil South,2001-12-10,train,0.9013291871127812,1,0.5289855072463768,0.07954157021848185,0.7527675276752768,4.930826503903966,0.8629570753096139,0.015268686898443962,0.9021544607649141,3.5425739354521637
Aweil South,2001-12-17,train,0.0,0,0.5289855072463768,0.07954157021848185,0.7527675276752768,0.9013291871127812,0.4858366713717912,0.0,0.07576977653887687,1.5002121595264313
Aweil South,2001-12-24,train,0.0,0,0.5289855072463768,0.07954157021848185,0.06544165054803353,0.0,0.21828000043001403,0.0,0.0,0.28210048363230633
Aweil South,2001-12-31,train,0.0,0,0.5289855072463768,0.07954157021848185,0.06544165054803353,0.0,0.04828951274511603,0.0,0.0,0.16836979988715461
Aweil South,2002-01-07,train,0.0,0,0.11029411764705882,0.0,0.06544165054803353,0.0,0.026925875623996523,0.0,0.0,0.001965793044374729
Aweil South,2002-01-14,train,0.0,0,0.11029411764705882,0.0,0.06544165054803353,0.0,0.027140131711067737,0.0,0.0,0.002146969300002809
Aweil South,2002-01-21,train,0.0,0,0.11029411764705882,0.0,0.06544165054803353,0.0,0.028460757602420648,0.0,0.0,0.002207915891375318
Aweil South,2002-01-28,train,0.0,0,0.11029411764705882,0.0,0.06544165054803353,0.0,0.02494819099635054,0.0,0.0,0.002847348875269574
Aweil South,2002-02-04,train,0.0,0,0.00819672131147541,0.0,0.06544165054803353,0.0,0.024416760163263836,0.0,0.0,0.0020085161418667424
Aweil South,2002-02-11,train,0.0,0,0.00819672131147541,0.0,0.06544165054803353,0.0,0.02454586333499596,0.0,0.0,0.0020085161418667424
Aweil South,2002-02-18,train,0.0,0,0.00819672131147541,0.0,0.06544165054803353,0.0,0.02454586333499596,0.0,0.0,0.0020085161418667424
Aweil South,2002-02-25,train,0.0,0,0.00819672131147541,0.0,0.06544165054803353,0.0,0.02454586333499596,0.0,0.0,0.0020085161418667424
Aweil South,2002-03-04,train,0.0,0,0.03731343283582089,0.0,0.06544165054803353,0.0,0.025040986348865375,0.0,0.0,0.0020085161418667424
Aweil South,2002-03-11,train,0.0,0,0.03731343283582089,0.0,0.06544165054803353,0.0,0.04342969334813106,0.0,0.0,0.022065055681740824
Aweil South,2002-03-18,train,0.0,0,0.03731343283582089,0.0,0.06544165054803353,0.0,0.02725321275695089,0.0,0.0,0.0020085161418667424
Aweil South,2002-03-25,train,0.0,0,0.03731343283582089,0.0,0.06544165054803353,0.0,0.02725321275695089,0.0,0.0,0.0020085161418667424
Aweil South,2002-04-01,train,0.0,0,0.022727272727272728,0.0,0.06544165054803353,0.0,0.030684249729920753,0.0,0.0,0.0042092616911966925
Aweil South,2002-04-08,train,0.0,0,0.022727272727272728,0.0,0.06544165054803353,0.0,0.029289235263901873,0.0,0.0,0.0033141578980427173
Aweil South,2002-04-15,train,0.0,0,0.022727272727272728,0.0,0.06544165054803353,0.0,0.02840252944468671,0.0,0.0,0.0025328145932616104
Aweil South,2002-04-22,train,0.0,0,0.022727272727272728,0.0,0.06544165054803353,0.0,0.029163431744656063,0.0,0.0,0.003935697234225707
Aweil South,2002-04-29,train,0.0,0,0.022727272727272728,0.0,0.06544165054803353,0.0,0.02697159059570022,0.0,0.0,0.0020085161418667424
Aweil South,2002-05-06,train,0.0,0,0.022388059701492536,0.0,0.06544165054803353,0.0,0.026351018486744118,0.0,0.0,0.0035493192559861277
Aweil South,2002-05-13,train,0.0,0,0.022388059701492536,0.0,0.06544165054803353,0.0,0.026260107334638332,0.0,0.0,0.0025973693736480565
Aweil South,2002-05-20,train,0.0,0,0.022388059701492536,0.0,0.06544165054803353,0.0,0.026260107334638332,0.0,0.0,0.0020085161418667424
Aweil South,2002-05-27,train,0.0,0,0.022388059701492536,0.0,0.06544165054803353,0.0,0.026260107334638332,0.0,0.0,0.0020085161418667424
Aweil South,2002-06-03,train,0.0,0,0.023076923076923078,0.0,0.06544165054803353,0.0,0.026260107334638332,0.0,0.0,0.0020085161418667424
Aweil South,2002-06-10,train,0.0,0,0.023076923076923078,0.0,0.06544165054803353,0.0,0.02689846262722491,0.0,0.0,0.0020085161418667424
Aweil South,2002-06-17,train,0.0,0,0.023076923076923078,0.0,0.06544165054803353,0.0,0.02696831221902461,0.0,0.0,0.0020085161419718042
Aweil South,2002-06-24,train,0.0,0,0.023076923076923078,0.0,0.06544165054803353,0.0,0.030130685339541764,0.0,0.0,0.010050547253018953
Aweil South,2002-07-01,train,0.0,0,0.03676470588235294,0.0,0.06544165054803353,0.0,0.028733125191371604,0.0,0.0,0.0020096394944207397
Aweil South,2002-07-08,train,0.0,0,0.03676470588235294,0.0,0.06544165054803353,0.0,0.028733125191371604,0.0,0.0,0.002009636124863727
Aweil South,2002-07-15,train,0.0,0,0.03676470588235294,0.0,0.06544165054803353,0.0,0.029850066246163806,0.0,0.0,0.0020097127144815424
Aweil South,2002-07-22,train,0.2121353719929469,1,0.03676470588235294,0.0,0.06544165054803353,0.0,0.06390496105054895,0.0,0.0,0.037098833877959175
Aweil South,2002-07-29,train,0.0,0,0.03676470588235294,0.0,0.7527675276752768,0.2121353719929469,0.19888858328575332,0.0,0.07142392361201232,0.4468851962976228
Aweil South,2002-08-05,train,0.0,0,0.17424242424242425,0.0,0.06544165054803353,0.0,0.12853577676452055,0.0,0.0,1.0566932908017086
Aweil South,2002-08-12,train,0.0,0,0.17424242424242425,0.0,0.06544165054803353,0.0,0.07258944510757497,0.0,0.01442352177813328,0.5480580829169412
Aweil South,2002-08-19,train,0.0,0,0.17424242424242425,0.0,0.06544165054803353,0.0,0.09755847892442623,0.0,0.0,0.34968474567447333
Aweil South,2002-08-26,train,0.0,0,0.17424242424242425,0.0,0.06544165054803353,0.0,0.08631392179302175,0.0,0.0,0.16013045422659614
Aweil South,2002-09-02,train,0.0,0,0.4621212121212121,0.0,0.06544165054803353,0.0,0.1035366694022239,0.0,0.0,0.2803721985046439
Aweil South,2002-09-09,train,0.0,0,0.4621212121212121,0.0,0.06544165054803353,0.0,0.07845598981241408,0.0,0.0,0.07430133402941846
Aweil South,2002-09-16,train,0.0,0,0.4621212121212121,0.0,0.06544165054803353,0.0,0.12672273373070495,0.0,0.0,1.4606868307484646
Aweil South,2002-09-23,train,0.0,0,0.4621212121212121,0.0,0.06544165054803353,0.0,0.08326236215367347,0.0,0.0,0.14449686087841185
Aweil South,2002-09-30,train,0.0,0,0.4621212121212121,0.0,0.06544165054803353,0.0,0.24474598062367228,0.0,0.0,2.2173666356427177
Aweil South,2002-10-07,train,0.0,0,0.6838235294117647,6.100102452160747,0.06544165054803353,0.0,0.13001985558822612,0.0,0.0,0.5548325630962627
Aweil South,2002-10-14,train,0.0,0,0.6838235294117647,6.100102452160747,0.06544165054803353,0.0,0.08245242385320957,0.0,0.0,0.0
Aweil South,2002-10-21,train,0.0,0,0.6838235294117647,6.100102452160747,0.06544165054803353,0.0,0.09515978162079901,0.0,0.0,0.47963636743657545
Aweil South,2002-10-28,train,0.0,0,0.6838235294117647,6.100102452160747,0.06544165054803353,0.0,0.11011467485756324,0.0,0.0,0.04586977659583092
Aweil South,2002-11-04,train,0.0530292113913008,1,0.7734375,5.677182730163119,0.06544165054803353,0.0,0.2655552140248122,0.0,0.0,0.16750533815886762
Aweil South,2002-11-11,train,0.0530292113913008,1,0.7734375,5.677182730163119,0.7527675276752768,0.0530292113913008,0.5095718000334659,0.0,0.032379598255201536,0.3284860856126561
Aweil South,2002-11-18,train,0.1060587220725237,1,0.7734375,5.677182730163119,0.7527675276752768,0.0530292113913008,0.5511062995079444,0.0,0.04909368382227848,0.24893346875140263
Aweil South,2002-11-25,train,0.1060590213624459,1,0.7734375,5.677182730163119,0.7527675276752768,0.1060587220725237,0.39199592300845076,0.0,0.034450031323442966,0.18456392325114884
Aweil South,2002-12-02,train,0.0,0,0.5289855072463768,0.07954157021848185,0.7527675276752768,0.1060590213624459,0.2676521229109906,0.0,0.0016211331900885194,0.4878928908985094
Aweil South,2002-12-09,train,0.0,0,0.5289855072463768,0.07954157021848185,0.06544165054803353,0.0,0.08733341928385842,0.0,0.0,0.6010897816499814
Aweil South,2002-12-16,train,0.0,0,0.5289855072463768,0.07954157021848185,0.06544165054803353,0.0,0.04929535788636452,0.0,0.0,0.12693939361483175
Aweil South,2002-12-23,train,0.0,0,0.5289855072463768,0.07954157021848185,0.06544165054803353,0.0,0.07424865601009811,0.0,0.0,0.012621802432149394
Aweil South,2002-12-30,train,0.0,0,0.5289855072463768,0.07954157021848185,0.06544165054803353,0.0,0.031191821317720667,0.0,0.0,0.0020109305272337785
Aweil South,2003-01-06,train,0.0,0,0.11029411764705882,0.0,0.06544165054803353,0.0,0.035579719625964325,0.0,0.0,0.002012852144301076
Aweil South,2003-01-13,train,0.0,0,0.11029411764705882,0.0,0.06544165054803353,0.0,0.03850856545553358,0.0,0.0,0.0021462481535076774
Aweil South,2003-01-20,train,0.0,0,0.11029411764705882,0.0,0.06544165054803353,0.0,0.0532351923859551,0.0,0.0,0.0038694582493961605
Aweil South,2003-01-27,train,0.0,0,0.11029411764705882,0.0,0.06544165054803353,0.0,0.07623068379013971,0.0,0.0,0.029755934013352556
Aweil South,2003-02-03,train,0.0,0,0.00819672131147541,0.0,0.06544165054803353,0.0,0.04024769457111187,0.0,0.0,0.005144899137819236
Aweil South,2003-02-10,train,0.0,0,0.00819672131147541,0.0,0.06544165054803353,0.0,0.039676658109690496,0.0,0.0,0.005144899137819236
Aweil South,2003-02-17,train,0.0,0,0.00819672131147541,0.0,0.06544165054803353,0.0,0.03881582004350982,0.0,0.0,0.005144899137819236
Aweil South,2003-02-24,train,0.0,0,0.00819672131147541,0.0,0.06544165054803353,0.0,0.03704604973207802,0.0,0.0,0.0018582605244449619
Aweil South,2003-03-03,train,0.0,0,0.03731343283582089,0.0,0.06544165054803353,0.0,0.03778355160009379,0.0,0.0,0.004391334166585011
Aweil South,2003-03-10,train,0.0,0,0.03731343283582089,0.0,0.06544165054803353,0.0,0.058238592319753896,0.0,0.0,0.02414876128782211
Aweil South,2003-03-17,train,0.0,0,0.03731343283582089,0.0,0.06544165054803353,0.0,0.04197476141125743,0.0,0.0,0.00489029247751471
Aweil South,2003-03-24,train,0.0,0,0.03731343283582089,0.0,0.06544165054803353,0.0,0.04197476141125743,0.0,0.0,0.00489029247751471
Aweil South,2003-03-31,train,0.0,0,0.03731343283582089,0.0,0.06544165054803353,0.0,0.07896979077741165,0.0,0.0,0.03149768694980569
Aweil South,2003-04-07,train,0.0,0,0.022727272727272728,0.0,0.06544165054803353,0.0,0.07168414518845817,0.0,0.0,0.028751838973862354
Aweil South,2003-04-14,train,0.0,0,0.022727272727272728,0.0,0.06544165054803353,0.0,0.06960600347015827,0.0,0.0,0.028751838973862354
Aweil South,2003-04-21,train,0.0,0,0.022727272727272728,0.0,0.06544165054803353,0.0,0.074159037777423,0.0,0.0,0.03295820731845018
Aweil South,2003-04-28,train,0.0,0,0.022727272727272728,0.0,0.06544165054803353,0.0,0.06780749086517646,0.0,0.0,0.029545601880657458
Aweil South,2003-05-05,train,0.0,0,0.022388059701492536,0.0,0.06544165054803353,0.0,0.07385400563409561,0.0,0.0,0.04196754935155041
Aweil South,2003-05-12,train,0.0,0,0.022388059701492536,0.0,0.06544165054803353,0.0,0.07873600849179946,0.0,0.0,0.04131471188784929
Aweil South,2003-05-19,train,0.0,0,0.022388059701492536,0.0,0.06544165054803353,0.0,0.0736115993038276,0.0,0.0,0.040426746237431026
Aweil South,2003-05-26,train,0.0,0,0.022388059701492536,0.0,0.06544165054803353,0.0,0.07862668882773033,0.0,0.0,0.04421128536516649
Aweil South,2003-06-02,train,0.0,0,0.023076923076923078,0.0,0.06544165054803353,0.0,0.07862668882773033,0.0,0.0,0.043597618826728884
Aweil South,2003-06-09,train,0.0,0,0.023076923076923078,0.0,0.06544165054803353,0.0,0.07862668882773033,0.0,0.0,0.043597618826728884
Aweil South,2003-06-16,train,0.0,0,0.023076923076923078,0.0,0.06544165054803353,0.0,0.07984820018397402,0.0,0.0,0.05042694957129874
Aweil South,2003-06-23,train,0.0,0,0.023076923076923078,0.0,0.06544165054803353,0.0,0.08984612011930102,0.0,0.0,0.049013378253803676
Aweil South,2003-06-30,train,0.0,0,0.023076923076923078,0.0,0.06544165054803353,0.0,0.05971795335874256,0.0,0.0,0.016103654975421784
Aweil South,2003-07-07,train,0.0,0,0.03676470588235294,0.0,0.06544165054803353,0.0,0.053475478981450865,0.0,0.0,0.016174736687997914
Aweil South,2003-07-14,train,0.0,0,0.03676470588235294,0.0,0.06544165054803353,0.0,0.051051091682492514,0.0,0.0,0.015383792288357075
Aweil South,2003-07-21,train,0.0,0,0.03676470588235294,0.0,0.06544165054803353,0.0,0.08187666533298725,0.0,0.0,0.02643711934646752
Aweil South,2003-07-28,train,0.0,0,0.03676470588235294,0.0,0.06544165054803353,0.0,0.05970778043486527,0.0,0.0,0.015679017831044195
Aweil South,2003-08-04,train,0.0,0,0.17424242424242425,0.0,0.06544165054803353,0.0,0.058563886213036986,0.0,0.0,0.02400806120867217
Aweil South,2003-08-11,train,0.0,0,0.17424242424242425,0.0,0.06544165054803353,0.0,0.05212073217656783,0.0,0.0,0.008987975493148195
Aweil South,2003-08-18,train,0.0,0,0.17424242424242425,0.0,0.06544165054803353,0.0,0.09460680571208815,0.0,0.0,0.3529181398424426
Aweil South,2003-08-25,train,0.6363241646473771,1,0.17424242424242425,0.0,0.06544165054803353,0.0,0.10544706195843241,0.0,0.0,0.4096961034551545
Aweil South,2003-09-01,train,1.484740278134716,1,0.4621212121212121,0.0,0.7527675276752768,0.6363241646473771,0.5146763940467206,0.0,0.17256985224428534,2.4322405853144415
Aweil South,2003-09-08,train,5.779143326694935,1,0.4621212121212121,0.0,0.7527675276752768,1.484740278134716,0.7279659808521333,0.0,0.3089228193748091,8.08432444398006
Aweil South,2003-09-15,train,19.458550886024945,1,0.4621212121212121,0.0,0.7527675276752768,5.779143326694935,0.8400827732364188,0.015268686898443962,2.012012699315405,19.526681975308563
Aweil South,2003-09-22,train,14.633614128716149,1,0.4621212121212121,0.0,0.7527675276752768,19.458550886024945,0.8953847235096155,0.015268686898443962,9.229253785610307,31.604196346040098
Aweil South,2003-09-29,train,18.98191447713919,1,0.4621212121212121,0.0,0.7527675276752768,14.633614128716149,0.9032492307162355,0.015268686898443962,8.456919756182906,29.582848370578034
Aweil South,2003-10-06,train,0.0,0,0.6838235294117647,6.100102452160747,0.7527675276752768,18.98191447713919,0.9020068209213612,0.015268686898443962,10.483557860256669,51.01157522796265
Aweil South,2003-10-13,train,15.53603266250435,1,0.6838235294117647,6.100102452160747,0.06544165054803353,0.0,0.6938353205728238,0.0,0.20112642226489932,17.342167037255972
Aweil South,2003-10-20,train,23.1203915451451,1,0.6838235294117647,6.100102452160747,0.7527675276752768,15.53603266250435,0.8970628834052995,0.015268686898443962,8.024357045793463,28.79082593568949
Aweil South,2003-10-27,train,18.34750547603645,1,0.6838235294117647,6.100102452160747,0.7527675276752768,23.1203915451451,0.9078152685228201,0.015268686898443962,11.299168520094723,28.926936246336517
Aweil South,2003-11-03,train,7.846985223811115,1,0.7734375,5.677182730163119,0.7527675276752768,18.34750547603645,0.8957217697316833,0.015268686898443962,8.825088241538683,21.985833162523836
Aweil South,2003-11-10,train,20.52319743693898,1,0.7734375,5.677182730163119,0.7527675276752768,7.846985223811115,0.9013544177922551,0.015268686898443962,3.0679004237076213,13.800911972481444
Aweil South,2003-11-17,train,17.1290936455458,1,0.7734375,5.677182730163119,0.7527675276752768,20.52319743693898,0.9087496040780112,0.015268686898443962,7.495832816720903,17.11974838810062
Aweil South,2003-11-24,train,13.257527259711653,1,0.7734375,5.677182730163119,0.7527675276752768,17.1290936455458,0.907599476032201,0.015268686898443962,6.8592388850947605,15.731768132568831
Aweil South,2003-12-01,train,8.484848226719038,1,0.5289855072463768,0.07954157021848185,0.7527675276752768,13.257527259711653,0.90640714081848,0.015268686898443962,6.532185521392799,10.402201468208595
Aweil South,2003-12-08,train,3.500019061257067,1,0.5289855072463768,0.07954157021848185,0.7527675276752768,8.484848226719038,0.9043203477837323,0.015268686898443962,4.643023916161004,7.196153957339178
Aweil South,2003-12-15,train,1.3258044105397295,1,0.5289855072463768,0.07954157021848185,0.7527675276752768,3.500019061257067,0.8398023239178881,0.0019077954898751414,0.6203241776612306,1.8845967355102737
Aweil South,2003-12-22,train,0.0,0,0.5289855072463768,0.07954157021848185,0.7527675276752768,1.3258044105397295,0.6328217345368715,0.0,0.07713685398060587,1.0829864885163016
Aweil South,2003-12-29,train,0.1060554269579758,1,0.5289855072463768,0.07954157021848185,0.06544165054803353,0.0,0.3139027662069342,0.0,0.0,0.8313553971983193
Aweil South,2004-01-05,train,0.0,0,0.11029411764705882,0.0,0.7527675276752768,0.1060554269579758,0.31623172373927366,0.0,0.061828371873644594,0.10489715450012954
Aweil South,2004-01-12,train,0.0,0,0.11029411764705882,0.0,0.06544165054803353,0.0,0.07425745707378673,0.0,0.0,0.10548900310068568
Aweil South,2004-01-19,train,0.0,0,0.11029411764705882,0.0,0.06544165054803353,0.0,0.047647519282039676,0.0,0.0,0.03953405541909018
Aweil South,2004-01-26,train,0.0,0,0.11029411764705882,0.0,0.06544165054803353,0.0,0.046366565302765915,0.0,0.0,0.015457992753953747
Aweil South,2004-02-02,train,0.0,0,0.00819672131147541,0.0,0.06544165054803353,0.0,0.02890811076512147,0.0,0.0,0.0020085161418667424
Aweil South,2004-02-09,train,0.0,0,0.00819672131147541,0.0,0.06544165054803353,0.0,0.027410628979816554,0.0,0.0,0.0020085161418667424
Aweil South,2004-02-16,train,0.0,0,0.00819672131147541,0.0,0.06544165054803353,0.0,0.027410628979816554,0.0,0.0,0.0020085161418667424
Aweil South,2004-02-23,train,0.0,0,0.00819672131147541,0.0,0.06544165054803353,0.0,0.027410628979816554,0.0,0.0,0.0020085161418667424
Aweil South,2004-03-01,train,0.0,0,0.03731343283582089,0.0,0.06544165054803353,0.0,0.027961881692920628,0.0,0.0,0.0020085161418667424
Aweil South,2004-03-08,train,0.0,0,0.03731343283582089,0.0,0.06544165054803353,0.0,0.06401376496750011,0.0,0.0,0.04236355195849793
Aweil South,2004-03-15,train,0.0,0,0.03731343283582089,0.0,0.06544165054803353,0.0,0.03235043160340632,0.0,0.0,0.0020085161418667424
Aweil South,2004-03-22,train,0.0,0,0.03731343283582089,0.0,0.06544165054803353,0.0,0.03235043160340632,0.0,0.0,0.0020085161418667424
Aweil South,2004-03-29,train,0.0,0,0.03731343283582089,0.0,0.06544165054803353,0.0,0.034534660284010456,0.0,0.0,0.003411398782830839
Aweil South,2004-04-05,train,0.0,0,0.022727272727272728,0.0,0.06544165054803353,0.0,0.034712517684500996,0.0,0.0,0.0020085161418667424
Aweil South,2004-04-12,train,0.0,0,0.022727272727272728,0.0,0.06544165054803353,0.0,0.03252101236841093,0.0,0.0,0.0020085161418667424
Aweil South,2004-04-19,train,0.0,0,0.022727272727272728,0.0,0.06544165054803353,0.0,0.03252101236841093,0.0,0.0,0.002389291907698297
Aweil South,2004-04-26,train,0.0,0,0.022727272727272728,0.0,0.06544165054803353,0.0,0.03531317297888966,0.0,0.0,0.0020085161418667424
Aweil South,2004-05-03,train,0.0,0,0.022388059701492536,0.0,0.06544165054803353,0.0,0.04182230583656914,0.0,0.0,0.031757593036405504
Aweil South,2004-05-10,train,0.0,0,0.022388059701492536,0.0,0.06544165054803353,0.0,0.030893360088259363,0.0,0.0,0.0023076285605036877
Aweil South,2004-05-17,train,0.0,0,0.022388059701492536,0.0,0.06544165054803353,0.0,0.028667607937941337,0.0,0.0,0.0020085161418667424
Aweil South,2004-05-24,train,0.0,0,0.022388059701492536,0.0,0.06544165054803353,0.0,0.028667607937941337,0.0,0.0,0.0020085161418667424
Aweil South,2004-05-31,train,0.0,0,0.022388059701492536,0.0,0.06544165054803353,0.0,0.028667607937941337,0.0,0.0,0.0020085161418667424
Aweil South,2004-06-07,train,0.0,0,0.023076923076923078,0.0,0.06544165054803353,0.0,0.028667607937941337,0.0,0.0,0.0020085161418667424
Aweil South,2004-06-14,train,0.0,0,0.023076923076923078,0.0,0.06544165054803353,0.0,0.028667607937941337,0.0,0.0,0.0020085161418667424
Aweil South,2004-06-21,train,0.0,0,0.023076923076923078,0.0,0.06544165054803353,0.0,0.02874191593117829,0.0,0.0,0.0020085161418667424
Aweil South,2004-06-28,train,0.0,0,0.023076923076923078,0.0,0.06544165054803353,0.0,0.031321195309930154,0.0,0.0,0.002008558238167887
Aweil South,2004-07-05,train,0.0,0,0.03676470588235294,0.0,0.06544165054803353,0.0,0.030255348273862157,0.0,0.0,0.002008558238167887
Aweil South,2004-07-12,train,0.0,0,0.03676470588235294,0.0,0.06544165054803353,0.0,0.04497339174152722,0.0,0.0,0.0021475839298530173
Aweil South,2004-07-19,train,0.0,0,0.03676470588235294,0.0,0.06544165054803353,0.0,0.04363001618520478,0.0,0.0,0.007770218017216051
Aweil South,2004-07-26,train,0.0,0,0.03676470588235294,0.0,0.06544165054803353,0.0,0.03471648822589873,0.0,0.0,0.0020153212737411778
Aweil South,2004-08-02,train,0.0,0,0.17424242424242425,0.0,0.06544165054803353,0.0,0.03247466511718853,0.0,0.0,0.004170614148997946
Aweil South,2004-08-09,train,0.0,0,0.17424242424242425,0.0,0.06544165054803353,0.0,0.03694878600531032,0.0,0.0,0.0014626595699068665
Aweil South,2004-08-16,train,0.0,0,0.17424242424242425,0.0,0.06544165054803353,0.0,0.10442224490791936,0.0,0.0,0.29420655810073554
Aweil South,2004-08-23,train,0.0,0,0.17424242424242425,0.0,0.06544165054803353,0.0,0.09468059244714067,0.0,0.0,0.42051592426889445
Aweil South,2004-08-30,train,0.0,0,0.17424242424242425,0.0,0.06544165054803353,0.0,0.1495816147088998,0.0,0.0,0.6069141052357621
Aweil South,2004-09-06,train,0.0,0,0.4621212121212121,0.0,0.06544165054803353,0.0,0.07867353110827015,0.0,0.0,0.34730372062661935
Aweil South,2004-09-13,train,0.0,0,0.4621212121212121,0.0,0.06544165054803353,0.0,0.07492291094786226,0.0,0.0,0.13170227346742336
Aweil South,2004-09-20,train,0.0,0,0.4621212121212121,0.0,0.06544165054803353,0.0,0.11581155324305518,0.0,0.0,0.22527431614337537
Aweil South,2004-09-27,train,1.2726068922857896,1,0.4621212121212121,0.0,0.06544165054803353,0.0,0.31640652189118773,0.0,0.0,2.4781715666690416
Aweil South,2004-10-04,train,0.0,0,0.6838235294117647,6.100102452160747,0.7527675276752768,1.2726068922857896,0.6044008045733472,0.0,0.2880903365456189,5.160928255564847
Aweil South,2004-10-11,train,0.0,0,0.6838235294117647,6.100102452160747,0.06544165054803353,0.0,0.26390897810190184,0.0,0.09358331467295113,8.631149784776305
Aweil South,2004-10-18,train,0.0,0,0.6838235294117647,6.100102452160747,0.06544165054803353,0.0,0.2958887675051894,0.0,0.04034865292128368,0.38181917174213065
Aweil South,2004-10-25,train,0.0,0,0.6838235294117647,6.100102452160747,0.06544165054803353,0.0,0.11534943856801606,0.0,0.0,0.4644062249378363
Aweil South,2004-11-01,train,0.0,0,0.7734375,5.677182730163119,0.06544165054803353,0.0,0.2773155426102176,0.0,0.0,0.2693140806385748
Aweil South,2004-11-08,train,0.0,0,0.7734375,5.677182730163119,0.06544165054803353,0.0,0.1716968172628522,0.0,0.0,0.2426891335131761
Aweil South,2004-11-15,train,0.0,0,0.7734375,5.677182730163119,0.06544165054803353,0.0,0.12715417774763416,0.0,0.0,0.1584786623719961
Aweil South,2004-11-22,train,0.0,0,0.7734375,5.677182730163119,0.06544165054803353,0.0,0.09406125754382097,0.0,0.0,0.08027312356768114
Aweil South,2004-11-29,train,0.0,0,0.7734375,5.677182730163119,0.06544165054803353,0.0,0.035609925529168744,0.0,0.0,0.04308600697698938
Aweil South,2004-12-06,train,0.0,0,0.5289855072463768,0.07954157021848185,0.06544165054803353,0.0,0.027934502766032432,0.0,0.0,0.019793273804939192
Aweil South,2004-12-13,train,0.0,0,0.5289855072463768,0.07954157021848185,0.06544165054803353,0.0,0.02798338593054551,0.0,0.0,0.015399345935575537
Aweil South,2004-12-20,train,0.0,0,0.5289855072463768,0.07954157021848185,0.06544165054803353,0.0,0.09465983154522897,0.0,0.0,0.052134958859407866
Aweil South,2004-12-27,train,0.0,0,0.5289855072463768,0.07954157021848185,0.06544165054803353,0.0,0.03472907647551761,0.0,0.0,0.002012544059265012
Aweil South,2005-01-03,train,0.0,0,0.11029411764705882,0.0,0.06544165054803353,0.0,0.031116029877578836,0.0,0.0,0.002009579510164465
Aweil South,2005-01-10,train,0.0,0,0.11029411764705882,0.0,0.06544165054803353,0.0,0.029395234127935287,0.0,0.0,0.0020090226067546045
Aweil South,2005-01-17,train,0.0,0,0.11029411764705882,0.0,0.06544165054803353,0.0,0.0397442949578283,0.0,0.0,0.002962565662312855
Aweil South,2005-01-24,train,0.0,0,0.11029411764705882,0.0,0.06544165054803353,0.0,0.05193651500606581,0.0,0.0,0.022086821379494175
Aweil South,2005-01-31,train,0.0,0,0.11029411764705882,0.0,0.06544165054803353,0.0,0.02890811076512147,0.0,0.0,0.0020085161418667424
Aweil South,2005-02-07,train,0.0,0,0.00819672131147541,0.0,0.06544165054803353,0.0,0.027410628979816554,0.0,0.0,0.0020085161418667424
Aweil South,2005-02-14,train,0.0,0,0.00819672131147541,0.0,0.06544165054803353,0.0,0.027410628979816554,0.0,0.0,0.0020085161418667424
Aweil South,2005-02-21,train,0.0,0,0.00819672131147541,0.0,0.06544165054803353,0.0,0.027410628979816554,0.0,0.0,0.0020085161418667424
Aweil South,2005-02-28,train,0.0,0,0.00819672131147541,0.0,0.06544165054803353,0.0,0.027410628979816554,0.0,0.0,0.0020085161418667424
Aweil South,2005-03-07,train,0.0,0,0.03731343283582089,0.0,0.06544165054803353,0.0,0.029725437857156714,0.0,0.0,0.0020085161418667424
Aweil South,2005-03-14,train,0.0,0,0.03731343283582089,0.0,0.06544165054803353,0.0,0.03690740185508084,0.0,0.0,0.0020085161418667424
Aweil South,2005-03-21,train,0.0,0,0.03731343283582089,0.0,0.06544165054803353,0.0,0.03235043160340632,0.0,0.0,0.0020085161418667424
Aweil South,2005-03-28,train,0.0,0,0.03731343283582089,0.0,0.06544165054803353,0.0,0.034534660284010456,0.0,0.0,0.0020085161418667424
Aweil South,2005-04-04,train,0.0,0,0.022727272727272728,0.0,0.06544165054803353,0.0,0.03353185673255768,0.0,0.0,0.0020085161418667424
Aweil South,2005-04-11,train,0.0,0,0.022727272727272728,0.0,0.06544165054803353,0.0,0.03252101236841093,0.0,0.0,0.0020085161418667424
Aweil South,2005-04-18,train,0.0,0,0.022727272727272728,0.0,0.06544165054803353,0.0,0.03252101236841093,0.0,0.0,0.0020085161418667424
Aweil South,2005-04-25,train,0.0,0,0.022727272727272728,0.0,0.06544165054803353,0.0,0.03549419678336355,0.0,0.0,0.0020085161418667424
Aweil South,2005-05-02,train,0.0,0,0.022388059701492536,0.0,0.06544165054803353,0.0,0.031735463842890756,0.0,0.0,0.0020085161418667424
Aweil South,2005-05-09,train,0.0,0,0.022388059701492536,0.0,0.06544165054803353,0.0,0.02902202762540865,0.0,0.0,0.0020085161418667424
Aweil South,2005-05-16,train,0.0,0,0.022388059701492536,0.0,0.06544165054803353,0.0,0.028667607937941337,0.0,0.0,0.0020085161418667424
Aweil South,2005-05-23,train,0.0,0,0.022388059701492536,0.0,0.06544165054803353,0.0,0.028667607937941337,0.0,0.0,0.0020085161418667424
Aweil South,2005-05-30,train,0.0,0,0.022388059701492536,0.0,0.06544165054803353,0.0,0.028667607937941337,0.0,0.0,0.0020085161418667424
Aweil South,2005-06-06,train,0.0,0,0.023076923076923078,0.0,0.06544165054803353,0.0,0.028667607937941337,0.0,0.0,0.0020085161418667424
Aweil South,2005-06-13,train,0.0,0,0.023076923076923078,0.0,0.06544165054803353,0.0,0.028667607937941337,0.0,0.0,0.0020085161418667424
Aweil South,2005-06-20,train,0.0,0,0.023076923076923078,0.0,0.06544165054803353,0.0,0.02874191593117829,0.0,0.0,0.0020085161418667424
Aweil South,2005-06-27,train,0.0,0,0.023076923076923078,0.0,0.06544165054803353,0.0,0.031321195309930154,0.0,0.0,0.002008558238167887
Aweil South,2005-07-04,train,0.0,0,0.03676470588235294,0.0,0.06544165054803353,0.0,0.030255348273862157,0.0,0.0,0.002008558238167887
Aweil South,2005-07-11,train,0.0,0,0.03676470588235294,0.0,0.06544165054803353,0.0,0.048563371273768585,0.0,0.0,0.005441396516015968
Aweil South,2005-07-18,train,0.0,0,0.03676470588235294,0.0,0.06544165054803353,0.0,0.031270395182726965,0.0,0.0,0.002147575596511659
Aweil South,2005-07-25,train,0.0,0,0.03676470588235294,0.0,0.06544165054803353,0.0,0.03374519604087339,0.0,0.0,0.002013052232201124
Aweil South,2005-08-01,train,0.0,0,0.17424242424242425,0.0,0.06544165054803353,0.0,0.032657793539664214,0.0,0.0,0.002585060881337893
Aweil South,2005-08-08,train,0.0,0,0.17424242424242425,0.0,0.06544165054803353,0.0,0.040301199757817464,0.0,0.0,0.001145378302114907
Aweil South,2005-08-15,train,0.0,0,0.17424242424242425,0.0,0.06544165054803353,0.0,0.13088180107222447,0.0,0.0,0.04813752834248838
Aweil South,2005-08-22,train,0.0,0,0.17424242424242425,0.0,0.06544165054803353,0.0,0.12743397609949292,0.0,0.0,0.8241703803259584
Aweil South,2005-08-29,train,0.0,0,0.17424242424242425,0.0,0.06544165054803353,0.0,0.09606703022894328,0.0,0.0,0.9451915183621735
Aweil South,2005-09-05,train,0.0,0,0.4621212121212121,0.0,0.06544165054803353,0.0,0.0993981244581565,0.0,0.0,0.9440702182118568
Aweil South,2005-09-12,train,0.0,0,0.4621212121212121,0.0,0.06544165054803353,0.0,0.1394895886640294,0.0,0.0,1.2022073089672554
Aweil South,2005-09-19,train,10.66510417594652,1,0.4621212121212121,0.0,0.06544165054803353,0.0,0.3383881736223437,0.0,0.0,3.178840337896664
Aweil South,2005-09-26,train,15.864179616465004,1,0.4621212121212121,0.0,0.7527675276752768,10.66510417594652,0.8995505948557287,0.04963844111232155,8.265664315996649,27.258066618555258
Aweil South,2005-10-03,train,19.737841890698142,1,0.6838235294117647,6.100102452160747,0.7527675276752768,15.864179616465004,0.9004257179864942,0.04963844111232155,7.843505597642357,28.324198372698152
Aweil South,2005-10-10,train,35.54756832611772,1,0.6838235294117647,6.100102452160747,0.7527675276752768,19.737841890698142,0.901118843907393,0.04963844111232155,8.469585022275696,49.035511094121865
Aweil South,2005-10-17,train,6.048502963293231,1,0.6838235294117647,6.100102452160747,0.7527675276752768,35.54756832611772,0.9113769831313285,0.04963844111232155,8.742469896836685,34.25445867781456
Aweil South,2005-10-24,train,13.685739444461428,1,0.6838235294117647,6.100102452160747,0.7527675276752768,6.048502963293231,0.8789046476905022,0.04963844111232155,1.8209786838473783,14.591275522099659
Aweil South,2005-10-31,train,14.745498780888324,1,0.6838235294117647,6.100102452160747,0.7527675276752768,13.685739444461428,0.9027769912193729,0.04963844111232155,5.581958612654657,17.094937823457663
Aweil South,2005-11-07,train,15.172322033583828,1,0.7734375,5.677182730163119,0.7527675276752768,14.745498780888324,0.9040106755120378,0.04963844111232155,5.713184829822989,16.947095966538452
Aweil South,2005-11-14,train,12.574359900684328,1,0.7734375,5.677182730163119,0.7527675276752768,15.172322033583828,0.9040106755120378,0.04963844111232155,5.708507050137015,14.781598653845393
Aweil South,2005-11-21,train,5.783083657801877,1,0.7734375,5.677182730163119,0.7527675276752768,12.574359900684328,0.9081574231610349,0.04963844111232155,5.550926706361808,10.152853677351711
Aweil South,2005-11-28,train,4.297509264763787,1,0.7734375,5.677182730163119,0.7527675276752768,5.783083657801877,0.896229959752292,0.04963844111232155,2.153029542664778,4.249806783388705
Aweil South,2005-12-05,train,1.9100615300666228,1,0.5289855072463768,0.07954157021848185,0.7527675276752768,4.297509264763787,0.8882365920350467,0.04963844111232155,1.278503771204172,3.279290970172668
Aweil South,2005-12-12,train,0.424485884994878,1,0.5289855072463768,0.07954157021848185,0.7527675276752768,1.9100615300666228,0.8031447561925221,0.0019077954898751414,0.3040448745803689,1.0586868969759768
Aweil South,2005-12-19,train,0.0,0,0.5289855072463768,0.07954157021848185,0.7527675276752768,0.424485884994878,0.4711036596431632,0.0,0.03803704733910153,1.3071424209232194
Aweil South,2005-12-26,train,0.0,0,0.5289855072463768,0.07954157021848185,0.06544165054803353,0.0,0.2293848042462713,0.0,0.0,0.28281723464346764
Aweil South,2006-01-02,train,0.0,0,0.11029411764705882,0.0,0.06544165054803353,0.0,0.05646999767409504,0.0,0.0,0.07921032859186862
Aweil South,2006-01-09,train,0.0,0,0.11029411764705882,0.0,0.06544165054803353,0.0,0.0316227860559972,0.0,0.0,0.001893502161088025
Aweil South,2006-01-16,train,0.0,0,0.11029411764705882,0.0,0.06544165054803353,0.0,0.04027821997523572,0.0,0.0,0.0029585970295450464
Aweil South,2006-01-23,train,0.0,0,0.11029411764705882,0.0,0.06544165054803353,0.0,0.03714724229911684,0.0,0.0,0.010159965171790354
Aweil South,2006-01-30,train,0.0,0,0.11029411764705882,0.0,0.06544165054803353,0.0,0.027809668069294583,0.0,0.0,0.0020085161418667424
Aweil South,2006-02-06,train,0.0,0,0.00819672131147541,0.0,0.06544165054803353,0.0,0.027783657502848492,0.0,0.0,0.0020085161418667424
Aweil South,2006-02-13,train,0.0,0,0.00819672131147541,0.0,0.06544165054803353,0.0,0.027783657502848492,0.0,0.0,0.0020085161418667424
Aweil South,2006-02-20,train,0.0,0,0.00819672131147541,0.0,0.06544165054803353,0.0,0.027783657502848492,0.0,0.0,0.0020085161418667424
Aweil South,2006-02-27,train,0.0,0,0.00819672131147541,0.0,0.06544165054803353,0.0,0.027783657502848492,0.0,0.0,0.0020085161418667424
Aweil South,2006-03-06,train,0.0,0,0.03731343283582089,0.0,0.06544165054803353,0.0,0.030128992511002397,0.0,0.0,0.0034795892477863808
Aweil South,2006-03-13,train,0.0,0,0.03731343283582089,0.0,0.06544165054803353,0.0,0.03920142246629307,0.0,0.0,0.0020085161418667424
Aweil South,2006-03-20,train,0.0,0,0.03731343283582089,0.0,0.06544165054803353,0.0,0.03278841907661115,0.0,0.0,0.0020085161418667424
Aweil South,2006-03-27,train,0.0,0,0.03731343283582089,0.0,0.06544165054803353,0.0,0.035762004742655534,0.0,0.0,0.0020085161418667424
Aweil South,2006-04-03,train,0.0,0,0.022727272727272728,0.0,0.06544165054803353,0.0,0.0339852775646794,0.0,0.0,0.0020085161418667424
Aweil South,2006-04-10,train,0.0,0,0.022727272727272728,0.0,0.06544165054803353,0.0,0.034122509144498284,0.0,0.0,0.0020085161418667424
Aweil South,2006-04-17,train,0.0,0,0.022727272727272728,0.0,0.06544165054803353,0.0,0.03296123064032644,0.0,0.0,0.0020085161418667424
Aweil South,2006-04-24,train,0.0,0,0.022727272727272728,0.0,0.06544165054803353,0.0,0.03520798168602222,0.0,0.0,0.0020085161418667424
Aweil South,2006-05-01,train,0.0,0,0.022388059701492536,0.0,0.06544165054803353,0.0,0.032219095019092966,0.0,0.0,0.003001849565401722
Aweil South,2006-05-08,train,0.0,0,0.022388059701492536,0.0,0.06544165054803353,0.0,0.02941632225065632,0.0,0.0,0.0020085161418667424
Aweil South,2006-05-15,train,0.0,0,0.022388059701492536,0.0,0.06544165054803353,0.0,0.029057231498017543,0.0,0.0,0.0020085161418667424
Aweil South,2006-05-22,train,0.0,0,0.022388059701492536,0.0,0.06544165054803353,0.0,0.029057231498017543,0.0,0.0,0.0020085161418667424
Aweil South,2006-05-29,train,0.0,0,0.022388059701492536,0.0,0.06544165054803353,0.0,0.029057231498017543,0.0,0.0,0.0020085161418667424
Aweil South,2006-06-05,train,0.0,0,0.023076923076923078,0.0,0.06544165054803353,0.0,0.029057231498017543,0.0,0.0,0.0020085161418667424
Aweil South,2006-06-12,train,0.0,0,0.023076923076923078,0.0,0.06544165054803353,0.0,0.029057231498017543,0.0,0.0,0.0020085161418667424
Aweil South,2006-06-19,train,0.0,0,0.023076923076923078,0.0,0.06544165054803353,0.0,0.029132519126622743,0.0,0.0,0.0020085161418667424
Aweil South,2006-06-26,train,0.2121532414961219,1,0.023076923076923078,0.0,0.06544165054803353,0.0,0.03764748857558799,0.0,0.0,0.006920385856406119
Aweil South,2006-07-03,train,0.0,0,0.03676470588235294,0.0,0.7527675276752768,0.2121532414961219,0.142534238178336,0.0,0.0,0.30134922086686555
Aweil South,2006-07-10,train,0.0,0,0.03676470588235294,0.0,0.06544165054803353,0.0,0.11581784474613561,0.0,0.0,0.39294783114098564
Aweil South,2006-07-17,train,0.0,0,0.03676470588235294,0.0,0.06544165054803353,0.0,0.06224608959144809,0.0,0.0,0.18860619881859955
Aweil South,2006-07-24,train,0.0,0,0.03676470588235294,0.0,0.06544165054803353,0.0,0.03527820539430091,0.0,0.0,0.009958565084393545
Aweil South,2006-07-31,train,0.0,0,0.03676470588235294,0.0,0.06544165054803353,0.0,0.03305130744434205,0.0,0.0,0.0033862387121412836
Aweil South,2006-08-07,train,0.0,0,0.17424242424242425,0.0,0.06544165054803353,0.0,0.04223483655333636,0.0,0.0,0.02598102443442385
Aweil South,2006-08-14,train,0.0,0,0.17424242424242425,0.0,0.06544165054803353,0.0,0.19031645486268783,0.0,0.0015901327505707741,0.07040555500722084
Aweil South,2006-08-21,train,0.0,0,0.17424242424242425,0.0,0.06544165054803353,0.0,0.1546286908840872,0.0,0.0,1.3633023323830575
Aweil South,2006-08-28,train,0.0,0,0.17424242424242425,0.0,0.06544165054803353,0.0,0.08723451247675873,0.0,0.0,0.9215947172571675
Aweil South,2006-09-04,train,0.0,0,0.4621212121212121,0.0,0.06544165054803353,0.0,0.10369885256328928,0.0,0.0,1.5275286954030798
Aweil South,2006-09-11,train,0.0,0,0.4621212121212121,0.0,0.06544165054803353,0.0,0.1692163954885047,0.0,0.0,1.6413621254060502
Aweil South,2006-09-18,train,0.0,0,0.4621212121212121,0.0,0.06544165054803353,0.0,0.402918077414186,0.0,0.0,4.473733973965041
Aweil South,2006-09-25,train,0.0,0,0.4621212121212121,0.0,0.06544165054803353,0.0,0.20854819238138517,0.0,0.0,3.2582872584515714
Aweil South,2006-10-02,train,4.1898217600093215,1,0.6838235294117647,6.100102452160747,0.06544165054803353,0.0,0.44188037403753083,0.0,0.0015901327505707741,6.799365335878702
Aweil South,2006-10-09,train,2.333081277652992,1,0.6838235294117647,6.100102452160747,0.7527675276752768,4.1898217600093215,0.7719498214263981,0.0,1.4936613935696497,16.359330488615043
Aweil South,2006-10-16,train,0.0,0,0.6838235294117647,6.100102452160747,0.7527675276752768,2.333081277652992,0.6992239848294425,0.0,0.3732810001950569,5.253286001419099
Aweil South,2006-10-23,train,12.99219418212242,1,0.6838235294117647,6.100102452160747,0.06544165054803353,0.0,0.6581721170515782,0.0,0.18675479202306006,13.057044625965498
Aweil South,2006-10-30,train,10.81613616454425,1,0.6838235294117647,6.100102452160747,0.7527675276752768,12.99219418212242,0.9021044300507645,0.04963844111232155,2.772709702469689,12.573167325132875
Aweil South,2006-11-06,train,7.953350416606331,1,0.7734375,5.677182730163119,0.7527675276752768,10.81613616454425,0.9030329944801592,0.04963844111232155,5.708507050137015,19.233611450156538
Aweil South,2006-11-13,train,6.9457384941364415,1,0.7734375,5.677182730163119,0.7527675276752768,7.953350416606331,0.8972163091750922,0.04963844111232155,5.370703173427044,12.052065788385468
Aweil South,2006-11-20,train,6.7868485396661935,1,0.7734375,5.677182730163119,0.7527675276752768,6.9457384941364415,0.9081574231610349,0.04963844111232155,2.8473305138426293,7.822747578101979
Aweil South,2006-11-27,train,0.8484666414749098,1,0.7734375,5.677182730163119,0.7527675276752768,6.7868485396661935,0.9089410874304723,0.04963844111232155,1.7552199771875494,3.9561116435537462
Aweil South,2006-12-04,train,0.2651911229757275,1,0.5289855072463768,0.07954157021848185,0.7527675276752768,0.8484666414749098,0.5481944375125495,0.0,0.1298860866105147,1.3190815321103166
Aweil South,2006-12-11,train,0.0,0,0.5289855072463768,0.07954157021848185,0.7527675276752768,0.2651911229757275,0.34417743643770193,0.0,0.03969984667541798,0.5084945072432868
Aweil South,2006-12-18,train,1.5379153933321306,1,0.5289855072463768,0.07954157021848185,0.06544165054803353,0.0,0.31127863659442107,0.0,0.0,1.176330539069473
Aweil South,2006-12-25,train,1.5378924198326342,1,0.5289855072463768,0.07954157021848185,0.7527675276752768,1.5379153933321306,0.717444269165758,0.0019077954898751414,0.15849871337925017,1.584595281057991
Aweil South,2007-01-01,train,0.3711966882996763,1,0.11029411764705882,0.0,0.7527675276752768,1.5378924198326342,0.7872871872650085,0.0019077954898751414,0.14882866267798042,1.5950834070779554
Aweil South,2007-01-08,train,0.63632986051847,1,0.11029411764705882,0.0,0.7527675276752768,0.3711966882996763,0.3895425890212543,0.0,0.04605894147211195,0.636464841021824
Aweil South,2007-01-15,train,0.0,0,0.11029411764705882,0.0,0.7527675276752768,0.63632986051847,0.4616031159302989,0.0,0.050605645396502676,0.358076990732264
Aweil South,2007-01-22,train,0.0,0,0.11029411764705882,0.0,0.06544165054803353,0.0,0.1749416393134371,0.0,0.0,0.07018982852923204
Aweil South,2007-01-29,train,0.0,0,0.11029411764705882,0.0,0.06544165054803353,0.0,0.054390056905432034,0.0,0.0,0.01990426891397612
Aweil South,2007-02-05,train,0.0,0,0.00819672131147541,0.0,0.06544165054803353,0.0,0.029236321196047993,0.0,0.0,0.0020085161418667424
Aweil South,2007-02-12,train,0.0,0,0.00819672131147541,0.0,0.06544165054803353,0.0,0.028039384533378547,0.0,0.0,0.0020085161418667424
Aweil South,2007-02-19,train,0.0,0,0.00819672131147541,0.0,0.06544165054803353,0.0,0.028039384533378547,0.0,0.0,0.0020085161418667424
Aweil South,2007-02-26,train,0.0,0,0.00819672131147541,0.0,0.06544165054803353,0.0,0.028039384533378547,0.0,0.0,0.0020085161418667424
Aweil South,2007-03-05,train,0.0,0,0.03731343283582089,0.0,0.06544165054803353,0.0,0.029679008990287407,0.0,0.0,0.0020085161418667424
Aweil South,2007-03-12,train,0.0,0,0.03731343283582089,0.0,0.06544165054803353,0.0,0.042011269085775495,0.0,0.0,0.0023076285605036877
Aweil South,2007-03-19,train,0.0,0,0.03731343283582089,0.0,0.06544165054803353,0.0,0.03278841907661115,0.0,0.0,0.0020085161418667424
Aweil South,2007-03-26,train,0.053036971923419,1,0.03731343283582089,0.0,0.06544165054803353,0.0,0.03690100551503409,0.0,0.0,0.0020085161418667424
Aweil South,2007-04-02,train,0.0,0,0.022727272727272728,0.0,0.7527675276752768,0.053036971923419,0.08194602269973517,0.0,0.0,0.014454608617887757
Aweil South,2007-04-09,train,0.0,0,0.022727272727272728,0.0,0.06544165054803353,0.0,0.03684631822299887,0.0,0.0,0.02162707957486209
Aweil South,2007-04-16,train,0.0,0,0.022727272727272728,0.0,0.06544165054803353,0.0,0.05269739997157419,0.0,0.0,0.08129137786875552
Aweil South,2007-04-23,train,0.0,0,0.022727272727272728,0.0,0.06544165054803353,0.0,0.03453809553773913,0.0,0.0,0.0020085161418667424
Aweil South,2007-04-30,train,0.0,0,0.022727272727272728,0.0,0.06544165054803353,0.0,0.032219095019092966,0.0,0.0,0.0020085161418667424
Aweil South,2007-05-07,train,0.0,0,0.022388059701492536,0.0,0.06544165054803353,0.0,0.03843905307477331,0.0,0.0,0.020252798416461763
Aweil South,2007-05-14,train,0.0,0,0.022388059701492536,0.0,0.06544165054803353,0.0,0.029057231498017543,0.0,0.0,0.0025973693736480565
Aweil South,2007-05-21,train,0.0,0,0.022388059701492536,0.0,0.06544165054803353,0.0,0.029057231498017543,0.0,0.0,0.0020085161418667424
Aweil South,2007-05-28,train,0.0,0,0.022388059701492536,0.0,0.06544165054803353,0.0,0.029057231498017543,0.0,0.0,0.0020085161418667424
Aweil South,2007-06-04,train,0.0,0,0.023076923076923078,0.0,0.06544165054803353,0.0,0.029057231498017543,0.0,0.0,0.0020085161418667424
Aweil South,2007-06-11,train,0.0,0,0.023076923076923078,0.0,0.06544165054803353,0.0,0.029057231498017543,0.0,0.0,0.0020085161418667424
Aweil South,2007-06-18,train,0.0,0,0.023076923076923078,0.0,0.06544165054803353,0.0,0.029132519126622743,0.0,0.0,0.0020085161418667424
Aweil South,2007-06-25,train,0.0,0,0.023076923076923078,0.0,0.06544165054803353,0.0,0.03764748857558799,0.0,0.0,0.006878125399741914
Aweil South,2007-07-02,train,0.0,0,0.03676470588235294,0.0,0.06544165054803353,0.0,0.0333995024601627,0.0,0.0,0.0020087177949391875
Aweil South,2007-07-09,train,0.0,0,0.03676470588235294,0.0,0.06544165054803353,0.0,0.03324605334654263,0.0,0.0,0.0020087177949391875
Aweil South,2007-07-16,train,0.0,0,0.03676470588235294,0.0,0.06544165054803353,0.0,0.033345447544033624,0.0,0.0,0.003579387644408421
Aweil South,2007-07-23,train,0.0,0,0.03676470588235294,0.0,0.06544165054803353,0.0,0.040548228412964224,0.0,0.0,0.022215443051487618
Aweil South,2007-07-30,train,0.0,0,0.03676470588235294,0.0,0.06544165054803353,0.0,0.034206129989072534,0.0,0.0,0.003387540614296456
Aweil South,2007-08-06,train,0.0,0,0.17424242424242425,0.0,0.06544165054803353,0.0,0.04334086918547933,0.0,0.0,0.03677809050541089
Aweil South,2007-08-13,train,0.0,0,0.17424242424242425,0.0,0.06544165054803353,0.0,0.07824313730942677,0.0,0.0,0.13915357782032658
Aweil South,2007-08-20,train,0.0,0,0.17424242424242425,0.0,0.06544165054803353,0.0,0.21703953824372327,0.0,0.0,2.3536152640521557
Aweil South,2007-08-27,train,0.0,0,0.17424242424242425,0.0,0.06544165054803353,0.0,0.09843413425959349,0.0,0.0,1.6934281443388781
Aweil South,2007-09-03,train,0.0,0,0.4621212121212121,0.0,0.06544165054803353,0.0,0.13796040639500842,0.0,0.0,2.295197301916513
Aweil South,2007-09-10,train,0.0,0,0.4621212121212121,0.0,0.06544165054803353,0.0,0.20229643398633404,0.0,0.0,2.2737554359774386
Aweil South,2007-09-17,train,3.3963898962455272,1,0.4621212121212121,0.0,0.06544165054803353,0.0,0.4936243695298618,0.0,0.0,5.631382150157109
Aweil South,2007-09-24,train,7.479699994629186,1,0.4621212121212121,0.0,0.7527675276752768,3.3963898962455272,0.8266268272793448,0.0,1.7740677709163113,18.83357275006885
Aweil South,2007-10-01,train,7.531982962142809,1,0.6838235294117647,6.100102452160747,0.7527675276752768,7.479699994629186,0.8971813261704129,0.04963844111232155,4.959271174227954,16.463002296903326
Aweil South,2007-10-08,train,15.170555032627156,1,0.6838235294117647,6.100102452160747,0.7527675276752768,7.531982962142809,0.901118843907393,0.04963844111232155,3.8379307979671036,21.37371541279168
Aweil South,2007-10-15,train,7.423178716442702,1,0.6838235294117647,6.100102452160747,0.7527675276752768,15.170555032627156,0.90539010817711,0.04963844111232155,6.7818622490823275,23.282617519917856
Aweil South,2007-10-22,train,27.414402876689778,1,0.6838235294117647,6.100102452160747,0.7527675276752768,7.423178716442702,0.9040106755120378,0.04963844111232155,5.590160143062584,27.42240820102644
Aweil South,2007-10-29,train,26.620430117409036,1,0.6838235294117647,6.100102452160747,0.7527675276752768,27.414402876689778,0.9100761707141417,0.04963844111232155,9.433322414734404,32.37546729554394
Aweil South,2007-11-05,train,10.233097628677315,1,0.7734375,5.677182730163119,0.7527675276752768,26.620430117409036,0.9100761707141417,0.04963844111232155,10.230605956093193,29.46549050419559
Aweil South,2007-11-12,train,13.09654195198546,1,0.7734375,5.677182730163119,0.7527675276752768,10.233097628677315,0.9027769912193729,0.04963844111232155,7.053430499644676,19.01605148428839
Aweil South,2007-11-19,train,0.0,0,0.7734375,5.677182730163119,0.7527675276752768,13.09654195198546,0.9027769912193729,0.04963844111232155,5.641061701227093,14.353274509665523
Aweil South,2007-11-26,train,4.083345110288218,1,0.7734375,5.677182730163119,0.06544165054803353,0.0,0.705163794252168,0.0,0.1832979184897683,4.0207469227640855
Aweil South,2007-12-03,train,2.280318834136077,1,0.5289855072463768,0.07954157021848185,0.7527675276752768,4.083345110288218,0.8436202515619947,0.04963844111232155,1.0481482982535388,2.297273173781051
Aweil South,2007-12-10,train,0.6895659533054449,1,0.5289855072463768,0.07954157021848185,0.7527675276752768,2.280318834136077,0.8116760336046059,0.0019077954898751414,0.3931692868513672,1.853687589678372
Aweil South,2007-12-17,train,0.1591546527539982,1,0.5289855072463768,0.07954157021848185,0.7527675276752768,0.6895659533054449,0.6010904384175703,0.0,0.0875347011079296,1.1959854708537159
Aweil South,2007-12-24,train,0.1590828405892755,1,0.5289855072463768,0.07954157021848185,0.7527675276752768,0.1591546527539982,0.5710386695253441,0.0,0.04971393108473098,0.3234506590439164
Aweil South,2007-12-31,train,0.0530277134789879,1,0.5289855072463768,0.07954157021848185,0.7527675276752768,0.1590828405892755,0.5487340693406593,0.0,0.034068751369084875,0.20574864752281152
Aweil South,2008-01-07,train,0.0530277134789879,1,0.11029411764705882,0.0,0.7527675276752768,0.0530277134789879,0.5244681351013221,0.0,0.04862105479713926,0.09955180452402189
Aweil South,2008-01-14,train,0.0,0,0.11029411764705882,0.0,0.7527675276752768,0.0530277134789879,0.15193556479000364,0.0,0.0,0.014507201568742934
Aweil South,2008-01-21,train,0.0,0,0.11029411764705882,0.0,0.06544165054803353,0.0,0.04300937392070954,0.0,0.0,0.008615899521940586
Aweil South,2008-01-28,train,0.0,0,0.11029411764705882,0.0,0.06544165054803353,0.0,0.03354410531562627,0.0,0.0,0.018154138741253534
Aweil South,2008-02-04,train,0.0,0,0.00819672131147541,0.0,0.06544165054803353,0.0,0.0281071580205127,0.0,0.0,0.0020085161418667424
Aweil South,2008-02-11,train,0.0,0,0.00819672131147541,0.0,0.06544165054803353,0.0,0.028080877246594575,0.0,0.0,0.0020085161418667424
Aweil South,2008-02-18,train,0.0,0,0.00819672131147541,0.0,0.06544165054803353,0.0,0.028080877246594575,0.0,0.0,0.0020085161418667424
Aweil South,2008-02-25,train,0.0,0,0.00819672131147541,0.0,0.06544165054803353,0.0,0.028080877246594575,0.0,0.0,0.0020085161418667424
Aweil South,2008-03-03,train,0.0,0,0.03731343283582089,0.0,0.06544165054803353,0.0,0.029722853824091847,0.0,0.0,0.0020085161418667424
Aweil South,2008-03-10,train,0.0,0,0.03731343283582089,0.0,0.06544165054803353,0.0,0.0909289893650361,0.0,0.0,0.06103234192681477
Aweil South,2008-03-17,train,0.0,0,0.03731343283582089,0.0,0.06544165054803353,0.0,0.03338419447002045,0.0,0.0,0.0020085161418667424
Aweil South,2008-03-24,train,0.0,0,0.03731343283582089,0.0,0.06544165054803353,0.0,0.03338419447002045,0.0,0.0,0.0020085161418667424
Aweil South,2008-03-31,train,0.0,0,0.03731343283582089,0.0,0.06544165054803353,0.0,0.03663717973630162,0.0,0.0,0.0036849632398018254
Aweil South,2008-04-07,train,0.0,0,0.022727272727272728,0.0,0.06544165054803353,0.0,0.03581896733117008,0.0,0.0,0.0027898594466478502
Aweil South,2008-04-14,train,0.0,0,0.022727272727272728,0.0,0.06544165054803353,0.0,0.03356003711944224,0.0,0.0,0.0020085161418667424
Aweil South,2008-04-21,train,0.0,0,0.022727272727272728,0.0,0.06544165054803353,0.0,0.03584609188825741,0.0,0.0,0.003411398782830839
Aweil South,2008-04-28,train,0.0,0,0.022727272727272728,0.0,0.06544165054803353,0.0,0.03280487648766944,0.0,0.0,0.0020085161418667424
Aweil South,2008-05-05,train,0.0,0,0.022388059701492536,0.0,0.06544165054803353,0.0,0.04264272342065894,0.0,0.0,0.03715140286022196
Aweil South,2008-05-12,train,0.0,0,0.022388059701492536,0.0,0.06544165054803353,0.0,0.029587284019514673,0.0,0.0,0.0025973693736480565
Aweil South,2008-05-19,train,0.0,0,0.022388059701492536,0.0,0.06544165054803353,0.0,0.029587284019514673,0.0,0.0,0.0020085161418667424
Aweil South,2008-05-26,train,0.0,0,0.022388059701492536,0.0,0.06544165054803353,0.0,0.029587284019514673,0.0,0.0,0.0020085161418667424
Aweil South,2008-06-02,train,0.0,0,0.023076923076923078,0.0,0.06544165054803353,0.0,0.029587284019514673,0.0,0.0,0.0020085161418667424
Aweil South,2008-06-09,train,0.0,0,0.023076923076923078,0.0,0.06544165054803353,0.0,0.029587284019514673,0.0,0.0,0.003982254143493994
Aweil South,2008-06-16,train,0.0,0,0.023076923076923078,0.0,0.06544165054803353,0.0,0.029663903061648393,0.0,0.0,0.003982254143493994
Aweil South,2008-06-23,train,0.0,0,0.023076923076923078,0.0,0.06544165054803353,0.0,0.037937880974554625,0.0,0.0,0.014749448558791286
Aweil South,2008-06-30,train,0.0,0,0.023076923076923078,0.0,0.06544165054803353,0.0,0.035228446100747386,0.0,0.0,0.008294394585810067
Aweil South,2008-07-07,train,0.0,0,0.03676470588235294,0.0,0.06544165054803353,0.0,0.03403430856472995,0.0,0.0,0.005528200572888508
Aweil South,2008-07-14,train,0.0,0,0.03676470588235294,0.0,0.06544165054803353,0.0,0.034783794893904305,0.0,0.0,0.013461655804972722
Aweil South,2008-07-21,train,0.6893497778514265,1,0.03676470588235294,0.0,0.06544165054803353,0.0,0.06682924515315249,0.0,0.0,0.05439172923020249
Aweil South,2008-07-28,train,0.0,0,0.03676470588235294,0.0,0.7527675276752768,0.6893497778514265,0.44787045638998535,0.0,0.14641378869966798,1.8993255435244663
Aweil South,2008-08-04,train,1.8030122930759729,1,0.17424242424242425,0.0,0.06544165054803353,0.0,0.22297766173836028,0.0,0.0,2.494029249623562
Aweil South,2008-08-11,train,0.1060488081955154,1,0.17424242424242425,0.0,0.7527675276752768,1.8030122930759729,0.8290271940850542,0.0,0.25097618324658094,6.494413549384658
Aweil South,2008-08-18,train,1.6966354718712455,1,0.17424242424242425,0.0,0.7527675276752768,0.1060488081955154,0.755206676966022,0.0,0.2395281180761162,10.098291769429299
Aweil South,2008-08-25,train,3.552831085353465,1,0.17424242424242425,0.0,0.7527675276752768,1.6966354718712455,0.7686055159075718,0.0,0.24224357866928975,5.615232485421417
Aweil South,2008-09-01,train,10.976806284663256,1,0.4621212121212121,0.0,0.7527675276752768,3.552831085353465,0.8235240909859747,0.0,1.1428473400397767,18.57696014396728
Aweil South,2008-09-08,train,20.84601786763558,1,0.4621212121212121,0.0,0.7527675276752768,10.976806284663256,0.9050023071142835,0.04963844111232155,7.306860428193764,22.212920957977165
Aweil South,2008-09-15,train,11.985117221983378,1,0.4621212121212121,0.0,0.7527675276752768,20.84601786763558,0.910480350922141,0.04963844111232155,7.721054304673881,30.213923855138212
Aweil South,2008-09-22,train,40.78949471136123,1,0.4621212121212121,0.0,0.7527675276752768,11.985117221983378,0.9088338933439599,0.04963844111232155,8.994788264107974,44.527410213748404
Aweil South,2008-09-29,train,34.57286043669523,1,0.4621212121212121,0.0,0.7527675276752768,40.78949471136123,0.9110783529716353,0.04963844111232155,17.795284328352803,62.837468072647795
Aweil South,2008-10-06,train,72.12361284450962,1,0.6838235294117647,6.100102452160747,0.7527675276752768,34.57286043669523,0.9110783529716353,0.04963844111232155,13.649108975945905,71.43246125653563
Aweil South,2008-10-13,train,103.19257771977746,1,0.6838235294117647,6.100102452160747,0.7527675276752768,72.12361284450962,0.9117758833769688,0.04963844111232155,20.961379601718452,115.67576075780146
Aweil South,2008-10-20,train,145.08926924793386,1,0.6838235294117647,6.100102452160747,0.7527675276752768,103.19257771977746,0.9117758833769688,0.04963844111232155,25.475916057081545,243.70356899669912
Aweil South,2008-10-27,train,169.81083513225167,1,0.6838235294117647,6.100102452160747,0.7527675276752768,145.08926924793386,0.910480350922141,0.04963844111232155,27.103163378626117,263.3703310233756
Aweil South,2008-11-03,train,153.4766111077694,1,0.7734375,5.677182730163119,0.7527675276752768,169.81083513225167,0.910480350922141,0.04963844111232155,27.285821866184488,267.4271499719293
Aweil South,2008-11-10,train,157.34212073488683,1,0.7734375,5.677182730163119,0.7527675276752768,153.4766111077694,0.910480350922141,0.04963844111232155,27.285821866184488,263.84548699370157
Aweil South,2008-11-17,train,131.61835185740952,1,0.7734375,5.677182730163119,0.7527675276752768,157.34212073488683,0.910480350922141,0.04963844111232155,27.285821866184488,244.21408509111646
Aweil South,2008-11-24,train,102.44564434005798,1,0.7734375,5.677182730163119,0.7527675276752768,131.61835185740952,0.9112461314495615,0.04963844111232155,27.285821866184488,220.60127598228712
Aweil South,2008-12-01,train,89.77151424825858,1,0.5289855072463768,0.07954157021848185,0.7527675276752768,102.44564434005798,0.9101071206413794,0.04963844111232155,25.831458745738964,159.29165852153787
Aweil South,2008-12-08,train,69.35602124761813,1,0.5289855072463768,0.07954157021848185,0.7527675276752768,89.77151424825858,0.9069078563302475,0.04963844111232155,25.831458745738964,146.59164138681763
Aweil South,2008-12-15,train,32.45023258013765,1,0.5289855072463768,0.07954157021848185,0.7527675276752768,69.35602124761813,0.9091643592622535,0.04963844111232155,25.831458745738964,132.62697193279493
Aweil South,2008-12-22,train,8.53629146252522,1,0.5289855072463768,0.07954157021848185,0.7527675276752768,32.45023258013765,0.9091643592622535,0.04963844111232155,12.921160368375709,38.270528010477406
Aweil South,2008-12-29,train,6.945654881165052,1,0.5289855072463768,0.07954157021848185,0.7527675276752768,8.53629146252522,0.904010685421665,0.04963844111232155,5.203525583306782,7.739058237055669
Aweil South,2009-01-05,train,4.6127433014725145,1,0.11029411764705882,0.0,0.7527675276752768,6.945654881165052,0.904010685421665,0.04963844111232155,5.228262066725402,7.225320121852534
Aweil South,2009-01-12,train,1.7496595884218062,1,0.11029411764705882,0.0,0.7527675276752768,4.6127433014725145,0.8913981751817601,0.04963844111232155,1.239265878877713,2.329024591934021
Aweil South,2009-01-19,train,0.0530198963012508,1,0.11029411764705882,0.0,0.7527675276752768,1.7496595884218062,0.7865993076463988,0.0019077954898751414,0.10854713193237042,1.1792155565846179
Aweil South,2009-01-26,train,0.0,0,0.11029411764705882,0.0,0.7527675276752768,0.0530198963012508,0.32159745568068515,0.0,0.0029497642411887644,1.0517174430887397
Aweil South,2009-02-02,train,0.0,0,0.00819672131147541,0.0,0.06544165054803353,0.0,0.06111687957920717,0.0,0.0,0.08543321785590029
Aweil South,2009-02-09,train,0.0,0,0.00819672131147541,0.0,0.06544165054803353,0.0,0.045801683912633846,0.0,0.0,0.0351793362550439
Aweil South,2009-02-16,train,0.0,0,0.00819672131147541,0.0,0.06544165054803353,0.0,0.02776275132997086,0.0,0.0,0.0020085161418667424
Aweil South,2009-02-23,train,0.0,0,0.00819672131147541,0.0,0.06544165054803353,0.0,0.028080877246594575,0.0,0.0,0.0020085161418667424
Aweil South,2009-03-02,train,0.0,0,0.03731343283582089,0.0,0.06544165054803353,0.0,0.028645212263270485,0.0,0.0,0.0020085161418667424
Aweil South,2009-03-09,train,0.0,0,0.03731343283582089,0.0,0.06544165054803353,0.0,0.06551874430298879,0.0,0.0,0.04995564156631668
Aweil South,2009-03-16,train,0.0,0,0.03731343283582089,0.0,0.06544165054803353,0.0,0.03338419447002045,0.0,0.0,0.0020085161418667424
Aweil South,2009-03-23,train,0.0,0,0.03731343283582089,0.0,0.06544165054803353,0.0,0.03338419447002045,0.0,0.0,0.0020085161418667424
Aweil South,2009-03-30,train,0.0,0,0.03731343283582089,0.0,0.06544165054803353,0.0,0.03563565007533941,0.0,0.0,0.003411398782830839
Aweil South,2009-04-06,train,0.3712480846079461,1,0.022727272727272728,0.0,0.06544165054803353,0.0,0.03581896733117008,0.0,0.0,0.0020085161418667424
Aweil South,2009-04-13,train,0.0,0,0.022727272727272728,0.0,0.7527675276752768,0.3712480846079461,0.10537896591412818,0.0,0.0,0.22378934820011168
Aweil South,2009-04-20,train,0.0,0,0.022727272727272728,0.0,0.06544165054803353,0.0,0.085078794869645,0.0,0.0,0.12312463199503727
Aweil South,2009-04-27,train,0.0,0,0.022727272727272728,0.0,0.06544165054803353,0.0,0.06839177291884313,0.0,0.0,0.1536100045466391
Aweil South,2009-05-04,train,0.0,0,0.022388059701492536,0.0,0.06544165054803353,0.0,0.04204211568257565,0.0,0.0,0.0376205744480295
Aweil South,2009-05-11,train,0.0,0,0.022388059701492536,0.0,0.06544165054803353,0.0,0.03188209610601873,0.0,0.0,0.0023076285605036877
Aweil South,2009-05-18,train,0.0530520571564655,1,0.022388059701492536,0.0,0.06544165054803353,0.0,0.029587284019514673,0.0,0.0,0.0020085161418667424
Aweil South,2009-05-25,train,0.0,0,0.022388059701492536,0.0,0.7527675276752768,0.0530520571564655,0.07679242970381642,0.0,0.0,0.0794690070057367
Aweil South,2009-06-01,train,0.0,0,0.023076923076923078,0.0,0.06544165054803353,0.0,0.030646556144017737,0.0,0.0,0.020615908299583305
Aweil South,2009-06-08,train,0.0,0,0.023076923076923078,0.0,0.06544165054803353,0.0,0.051190207750095675,0.0,0.0,0.08121664475059531
Aweil South,2009-06-15,train,0.0,0,0.023076923076923078,0.0,0.06544165054803353,0.0,0.029252605793554813,0.0,0.0,0.0020085161418667424
Aweil South,2009-06-22,train,0.0,0,0.023076923076923078,0.0,0.06544165054803353,0.0,0.029663903061648393,0.0,0.0,0.0020085161418667424
Aweil South,2009-06-29,train,0.0,0,0.023076923076923078,0.0,0.06544165054803353,0.0,0.03403188323452813,0.0,0.0,0.0035544625712612835
Aweil South,2009-07-06,train,0.0,0,0.03676470588235294,0.0,0.06544165054803353,0.0,0.03287692337747984,0.0,0.0,0.0035544625712612835
Aweil South,2009-07-13,train,0.0,0,0.03676470588235294,0.0,0.06544165054803353,0.0,0.04880607659443849,0.0,0.0,0.011487915075738406
Aweil South,2009-07-20,train,0.0,0,0.03676470588235294,0.0,0.06544165054803353,0.0,0.04735389356642202,0.0,0.0,0.017110549163101434
Aweil South,2009-07-27,train,0.0,0,0.03676470588235294,0.0,0.06544165054803353,0.0,0.03620831777655798,0.0,0.0,0.012607302407159331
Aweil South,2009-08-03,train,0.0,0,0.17424242424242425,0.0,0.06544165054803353,0.0,0.03317424013199493,0.0,0.0,0.054117642484632245
Aweil South,2009-08-10,train,0.0,0,0.17424242424242425,0.0,0.06544165054803353,0.0,0.043900503414755196,0.0,0.0,0.03336369214311505
Aweil South,2009-08-17,train,0.0,0,0.17424242424242425,0.0,0.06544165054803353,0.0,0.20853362194874403,0.0,0.0015901327505707741,0.5873783691045479
Aweil South,2009-08-24,train,0.0,0,0.17424242424242425,0.0,0.06544165054803353,0.0,0.1155319613786012,0.0,0.0,0.6587933959520436
Aweil South,2009-08-31,train,0.371209567508432,1,0.17424242424242425,0.0,0.06544165054803353,0.0,0.16072635860214793,0.0,0.0,0.43233730329545833
Aweil South,2009-09-07,train,0.0,0,0.4621212121212121,0.0,0.7527675276752768,0.371209567508432,0.41035017229180865,0.0,0.15570410782333427,3.6063510603111824
Aweil South,2009-09-14,train,0.0,0,0.4621212121212121,0.0,0.06544165054803353,0.0,0.22005005957685972,0.0,0.0,2.278242066515796
Aweil South,2009-09-21,train,0.0,0,0.4621212121212121,0.0,0.06544165054803353,0.0,0.4455349956761138,0.0,0.09142230373789265,2.4832150936767614
Aweil South,2009-09-28,train,0.1061002892102077,1,0.4621212121212121,0.0,0.06544165054803353,0.0,0.47430170281653544,0.0,0.0,6.196130240195299
Aweil South,2009-10-05,train,0.106099994827816,1,0.6838235294117647,6.100102452160747,0.7527675276752768,0.1061002892102077,0.6424500766168015,0.0,0.22203652447493819,2.576564737680611
Aweil South,2009-10-12,train,0.053049997413908,1,0.6838235294117647,6.100102452160747,0.7527675276752768,0.106099994827816,0.6300436930894611,0.0,0.14853591020868998,4.052917721554007
Aweil South,2009-10-19,train,0.0,0,0.6838235294117647,6.100102452160747,0.7527675276752768,0.053049997413908,0.5196460903467571,0.0,0.06680833951471919,2.0889126225071517
Aweil South,2009-10-26,train,0.0,0,0.6838235294117647,6.100102452160747,0.06544165054803353,0.0,0.2405677192125539,0.0,0.018051814706570593,0.3564327300875328
Aweil South,2009-11-02,train,0.0,0,0.7734375,5.677182730163119,0.06544165054803353,0.0,0.291128885840147,0.0,0.0,0.3270456589145449
Aweil South,2009-11-09,train,0.0,0,0.7734375,5.677182730163119,0.06544165054803353,0.0,0.1685869587714005,0.0,0.0,0.2470897861378883
Aweil South,2009-11-16,train,0.0,0,0.7734375,5.677182730163119,0.06544165054803353,0.0,0.13633393331799504,0.0,0.0,0.10774448938595212
Aweil South,2009-11-23,train,0.0,0,0.7734375,5.677182730163119,0.06544165054803353,0.0,0.12294993139589899,0.0,0.0,0.14273069074343708
Aweil South,2009-11-30,train,0.0,0,0.7734375,5.677182730163119,0.06544165054803353,0.0,0.039131653455959224,0.0,0.0,0.04187590519375721
Aweil South,2009-12-07,train,0.0,0,0.5289855072463768,0.07954157021848185,0.06544165054803353,0.0,0.027893746255355532,0.0,0.0,0.024418239610229698
Aweil South,2009-12-14,train,0.0,0,0.5289855072463768,0.07954157021848185,0.06544165054803353,0.0,0.02794256014935894,0.0,0.0,0.020024311740866038
Aweil South,2009-12-21,train,0.0,0,0.5289855072463768,0.07954157021848185,0.06544165054803353,0.0,0.08404839879353003,0.0,0.0,0.044125732099760374
Aweil South,2009-12-28,train,0.0,0,0.5289855072463768,0.07954157021848185,0.06544165054803353,0.0,0.035772713759327,0.0,0.0,0.002012211648641595
Aweil South,2010-01-04,train,0.0,0,0.11029411764705882,0.0,0.06544165054803353,0.0,0.032467942805792724,0.0,0.0,0.0026419144834761423
Aweil South,2010-01-11,train,0.0,0,0.11029411764705882,0.0,0.06544165054803353,0.0,0.03401697314613646,0.0,0.0,0.0029604195136674256
Aweil South,2010-01-18,train,0.0,0,0.11029411764705882,0.0,0.06544165054803353,0.0,0.043572763273157296,0.0,0.0,0.004018795407241089
Aweil South,2010-01-25,train,0.0,0,0.11029411764705882,0.0,0.06544165054803353,0.0,0.05288468455938964,0.0,0.0,0.019223046900166255
Aweil South,2010-02-01,train,0.0,0,0.00819672131147541,0.0,0.06544165054803353,0.0,0.0281071580205127,0.0,0.0,0.0020085161418667424
Aweil South,2010-02-08,train,0.0,0,0.00819672131147541,0.0,0.06544165054803353,0.0,0.028080877246594575,0.0,0.0,0.0020085161418667424
Aweil South,2010-02-15,train,0.0,0,0.00819672131147541,0.0,0.06544165054803353,0.0,0.028080877246594575,0.0,0.0,0.0020085161418667424
Aweil South,2010-02-22,train,0.0,0,0.00819672131147541,0.0,0.06544165054803353,0.0,0.028080877246594575,0.0,0.0,0.0020085161418667424
Aweil South,2010-03-01,train,0.0,0,0.03731343283582089,0.0,0.06544165054803353,0.0,0.028645212263270485,0.0,0.0,0.0020085161418667424
Aweil South,2010-03-08,train,0.0,0,0.03731343283582089,0.0,0.06544165054803353,0.0,0.06551874430298879,0.0,0.0,0.04995564156631668
Aweil South,2010-03-15,train,0.0,0,0.03731343283582089,0.0,0.06544165054803353,0.0,0.03299852852286613,0.0,0.0,0.0020085161418667424
Aweil South,2010-03-22,train,0.0,0,0.03731343283582089,0.0,0.06544165054803353,0.0,0.03299852852286613,0.0,0.0,0.0020085161418667424
Aweil South,2010-03-29,train,0.0,0,0.03731343283582089,0.0,0.06544165054803353,0.0,0.03522492235064396,0.0,0.0,0.0020085161418667424
Aweil South,2010-04-05,train,0.0,0,0.022727272727272728,0.0,0.06544165054803353,0.0,0.03540620430999688,0.0,0.0,0.0020085161418667424
Aweil South,2010-04-12,train,0.0,0,0.022727272727272728,0.0,0.06544165054803353,0.0,0.033172409489839516,0.0,0.0,0.0020085161418667424
Aweil South,2010-04-19,train,0.0,0,0.022727272727272728,0.0,0.06544165054803353,0.0,0.033172409489839516,0.0,0.0,0.0020085161418667424
Aweil South,2010-04-26,train,0.0,0,0.022727272727272728,0.0,0.06544165054803353,0.0,0.039934854396437,0.0,0.0,0.0020085161418667424
Aweil South,2010-05-03,train,0.0,0,0.022388059701492536,0.0,0.06544165054803353,0.0,0.03237165287276783,0.0,0.0,0.0020085161418667424
Aweil South,2010-05-10,train,0.0,0,0.022388059701492536,0.0,0.06544165054803353,0.0,0.029605484588911206,0.0,0.0,0.0020085161418667424
Aweil South,2010-05-17,train,0.0,0,0.022388059701492536,0.0,0.06544165054803353,0.0,0.029244154270453633,0.0,0.0,0.0020085161418667424
Aweil South,2010-05-24,train,0.0,0,0.022388059701492536,0.0,0.06544165054803353,0.0,0.029244154270453633,0.0,0.0,0.0020085161418667424
Aweil South,2010-05-31,train,0.0,0,0.022388059701492536,0.0,0.06544165054803353,0.0,0.029244154270453633,0.0,0.0,0.0020085161418667424
Aweil South,2010-06-07,train,0.0,0,0.023076923076923078,0.0,0.06544165054803353,0.0,0.029244154270453633,0.0,0.0,0.0020085161418667424
Aweil South,2010-06-14,train,0.0,0,0.023076923076923078,0.0,0.06544165054803353,0.0,0.029244154270453633,0.0,0.0,0.0020085161418667424
Aweil South,2010-06-21,train,0.0,0,0.023076923076923078,0.0,0.06544165054803353,0.0,0.02931991159300103,0.0,0.0,0.0020085161418667424
Aweil South,2010-06-28,train,0.0,0,0.023076923076923078,0.0,0.06544165054803353,0.0,0.0310379415730455,0.0,0.0,0.002008517348908098
Aweil South,2010-07-05,train,0.0,0,0.03676470588235294,0.0,0.06544165054803353,0.0,0.029981435206480805,0.0,0.0,0.002008517348908098
Aweil South,2010-07-12,train,0.0,0,0.03676470588235294,0.0,0.06544165054803353,0.0,0.043680383349927514,0.0,0.0,0.0020085144213464615
Aweil South,2010-07-19,train,0.0,0,0.03676470588235294,0.0,0.06544165054803353,0.0,0.031288747301819915,0.0,0.0,0.002192656968988337
Aweil South,2010-07-26,train,0.0,0,0.03676470588235294,0.0,0.06544165054803353,0.0,0.03295365093740009,0.0,0.0,0.0032641975486022035
Aweil South,2010-08-02,train,0.0,0,0.17424242424242425,0.0,0.06544165054803353,0.0,0.03269633079078877,0.0,0.0,0.04418659012469861
Aweil South,2010-08-09,train,0.0,0,0.17424242424242425,0.0,0.06544165054803353,0.0,0.04456306426965155,0.0,0.0,0.02656049830930236
Aweil South,2010-08-16,train,0.0,0,0.17424242424242425,0.0,0.06544165054803353,0.0,0.22217764911652718,0.0,0.0015901327505707741,0.3262525617171499
Aweil South,2010-08-23,train,0.0,0,0.17424242424242425,0.0,0.06544165054803353,0.0,0.12363934616645149,0.0,0.0,0.586374290200336
Aweil South,2010-08-30,train,0.0,0,0.17424242424242425,0.0,0.06544165054803353,0.0,0.12749459477081004,0.0,0.0,0.08455380741406186
Aweil South,2010-09-06,train,0.0,0,0.4621212121212121,0.0,0.06544165054803353,0.0,0.10902619638166136,0.0,0.0,0.04342976761743425
Aweil South,2010-09-13,train,0.0,0,0.4621212121212121,0.0,0.06544165054803353,0.0,0.1805935537600285,0.0,0.0,0.37298423316756146
Aweil South,2010-09-20,train,0.2653634343693917,1,0.4621212121212121,0.0,0.06544165054803353,0.0,0.4152498092293444,0.0,0.0,2.1422018855214975
Aweil South,2010-09-27,train,5.19900825280205,1,0.4621212121212121,0.0,0.7527675276752768,0.2653634343693917,0.66465554570989,0.0,0.35416383943972024,13.610342575394842
Aweil South,2010-10-04,train,3.182739377845784,1,0.6838235294117647,6.100102452160747,0.7527675276752768,5.19900825280205,0.8525987898784121,0.04963844111232155,2.914127877382642,18.221690853068324
Aweil South,2010-10-11,train,38.93054676666184,1,0.6838235294117647,6.100102452160747,0.7527675276752768,3.182739377845784,0.7659141205209522,0.0,1.1028538887488792,27.816814008067773
Aweil South,2010-10-18,train,22.166675373857537,1,0.6838235294117647,6.100102452160747,0.7527675276752768,38.93054676666184,0.9105093680432854,0.04963844111232155,13.243106893728806,26.03432309489721
Aweil South,2010-10-25,train,21.47714132904658,1,0.6838235294117647,6.100102452160747,0.7527675276752768,22.166675373857537,0.9106584119016647,0.04963844111232155,7.44273066816273,25.97108881925018
Aweil South,2010-11-01,train,39.820865203649454,1,0.7734375,5.677182730163119,0.7527675276752768,21.47714132904658,0.9106584119016647,0.04963844111232155,7.232903719401881,39.20713140090645
Aweil South,2010-11-08,train,59.75927865814953,1,0.7734375,5.677182730163119,0.7527675276752768,39.820865203649454,0.9106584119016647,0.04963844111232155,18.06257335190219,61.71847546837256
Aweil South,2010-11-15,train,68.40376228548753,1,0.7734375,5.677182730163119,0.7527675276752768,59.75927865814953,0.9106584119016647,0.04963844111232155,25.475916057081545,111.25321620231713
Aweil South,2010-11-22,train,52.76057739810465,1,0.7734375,5.677182730163119,0.7527675276752768,68.40376228548753,0.9106584119016647,0.04963844111232155,25.475916057081545,118.80928606384718
Aweil South,2010-11-29,train,39.60999865151483,1,0.7734375,5.677182730163119,0.7527675276752768,52.76057739810465,0.9114228174224855,0.04963844111232155,25.86006466377116,100.14582171378373
Aweil South,2010-12-06,train,20.2552864849008,1,0.5289855072463768,0.07954157021848185,0.7527675276752768,39.60999865151483,0.9070922981481374,0.04963844111232155,19.322837435340574,36.89110679230195
Aweil South,2010-12-13,train,11.930261393274908,1,0.5289855072463768,0.07954157021848185,0.7527675276752768,20.2552864849008,0.9087878494245698,0.04963844111232155,7.568306786723122,13.102471166496464
Aweil South,2010-12-20,train,0.6892565402146964,1,0.5289855072463768,0.07954157021848185,0.7527675276752768,11.930261393274908,0.9087878494245698,0.04963844111232155,5.302500601112788,7.84027237214778
Aweil South,2010-12-27,train,0.0,0,0.5289855072463768,0.07954157021848185,0.7527675276752768,0.6892565402146964,0.5968739783135758,0.0,0.12805530225644618,1.1110667701474413
Aweil South,2011-01-03,train,0.0,0,0.11029411764705882,0.0,0.06544165054803353,0.0,0.19173126080465983,0.0,0.0,0.16939659895601128
Aweil South,2011-01-10,train,0.0,0,0.11029411764705882,0.0,0.06544165054803353,0.0,0.049725899157537744,0.0,0.0,0.1174614125856068
Aweil South,2011-01-17,train,0.0,0,0.11029411764705882,0.0,0.06544165054803353,0.0,0.045472860415284026,0.0,0.0,0.0020698149587110477
Aweil South,2011-01-24,train,0.0,0,0.11029411764705882,0.0,0.06544165054803353,0.0,0.051251182511424014,0.0,0.0,0.015809109163246748
Aweil South,2011-01-31,train,0.0,0,0.11029411764705882,0.0,0.06544165054803353,0.0,0.0281071580205127,0.0,0.0,0.0020085161418667424
Aweil South,2011-02-07,train,0.0,0,0.00819672131147541,0.0,0.06544165054803353,0.0,0.028080877246594575,0.0,0.0,0.0020085161418667424
Aweil South,2011-02-14,train,0.0,0,0.00819672131147541,0.0,0.06544165054803353,0.0,0.028080877246594575,0.0,0.0,0.0020085161418667424
Aweil South,2011-02-21,train,0.0,0,0.00819672131147541,0.0,0.06544165054803353,0.0,0.028080877246594575,0.0,0.0,0.0020085161418667424
Aweil South,2011-02-28,train,0.0,0,0.00819672131147541,0.0,0.06544165054803353,0.0,0.028080877246594575,0.0,0.0,0.0020085161418667424
Aweil South,2011-03-07,train,0.0,0,0.03731343283582089,0.0,0.06544165054803353,0.0,0.030450515996130023,0.0,0.0,0.003737624338061468
Aweil South,2011-03-14,train,0.0,0,0.03731343283582089,0.0,0.06544165054803353,0.0,0.03720367636774448,0.0,0.0,0.0020085161418667424
Aweil South,2011-03-21,train,0.0,0,0.03731343283582089,0.0,0.06544165054803353,0.0,0.03261136367144867,0.0,0.0,0.0020085161418667424
Aweil South,2011-03-28,train,0.0,0,0.03731343283582089,0.0,0.06544165054803353,0.0,0.03293203696089103,0.0,0.0,0.0020085161418667424
Aweil South,2011-04-04,train,0.0,0,0.022727272727272728,0.0,0.06544165054803353,0.0,0.033269377039759136,0.0,0.0,0.0020085161418667424
Aweil South,2011-04-11,train,0.0,0,0.022727272727272728,0.0,0.06544165054803353,0.0,0.032266181164375005,0.0,0.0,0.0020085161418667424
Aweil South,2011-04-18,train,0.0,0,0.022727272727272728,0.0,0.06544165054803353,0.0,0.032266181164375005,0.0,0.0,0.0020085161418667424
Aweil South,2011-04-25,train,0.0,0,0.022727272727272728,0.0,0.06544165054803353,0.0,0.033848606130641334,0.0,0.0,0.0020085161418667424
Aweil South,2011-05-02,train,0.0,0,0.022388059701492536,0.0,0.06544165054803353,0.0,0.0319915996948704,0.0,0.0,0.0020085161418667424
Aweil South,2011-05-09,train,0.0,0,0.022388059701492536,0.0,0.06544165054803353,0.0,0.029605484588911206,0.0,0.0,0.0020085161418667424
Aweil South,2011-05-16,train,0.0,0,0.022388059701492536,0.0,0.06544165054803353,0.0,0.029244154270453633,0.0,0.0,0.0020085161418667424
Aweil South,2011-05-23,train,0.0,0,0.022388059701492536,0.0,0.06544165054803353,0.0,0.029244154270453633,0.0,0.0,0.0020085161418667424
Aweil South,2011-05-30,train,0.0,0,0.022388059701492536,0.0,0.06544165054803353,0.0,0.029244154270453633,0.0,0.0,0.0020085161418667424
Aweil South,2011-06-06,train,0.0,0,0.023076923076923078,0.0,0.06544165054803353,0.0,0.029244154270453633,0.0,0.0,0.0020085161418667424
Aweil South,2011-06-13,train,0.0,0,0.023076923076923078,0.0,0.06544165054803353,0.0,0.029244154270453633,0.0,0.0,0.0020085161418667424
Aweil South,2011-06-20,train,0.0,0,0.023076923076923078,0.0,0.06544165054803353,0.0,0.02931991159300103,0.0,0.0,0.0020085161418667424
Aweil South,2011-06-27,train,0.0,0,0.023076923076923078,0.0,0.06544165054803353,0.0,0.0310379415730455,0.0,0.0,0.002008517348908098
Aweil South,2011-07-04,train,0.0,0,0.03676470588235294,0.0,0.06544165054803353,0.0,0.029981435206480805,0.0,0.0,0.002008517348908098
Aweil South,2011-07-11,train,0.0,0,0.03676470588235294,0.0,0.06544165054803353,0.0,0.04717224720930665,0.0,0.0,0.005302327007509414
Aweil South,2011-07-18,train,0.0,0,0.03676470588235294,0.0,0.06544165054803353,0.0,0.030358831418252265,0.0,0.0,0.0020085060880051034
Aweil South,2011-07-25,train,0.0,0,0.03676470588235294,0.0,0.06544165054803353,0.0,0.033628098892896134,0.0,0.0,0.001999998049054824
Aweil South,2011-08-01,train,0.0,0,0.17424242424242425,0.0,0.06544165054803353,0.0,0.03269633079078877,0.0,0.0,0.0024905558639166836
Aweil South,2011-08-08,train,0.0,0,0.17424242424242425,0.0,0.06544165054803353,0.0,0.04324141086089321,0.0,0.0,0.002584015205360463
Aweil South,2011-08-15,train,0.0,0,0.17424242424242425,0.0,0.06544165054803353,0.0,0.16809524485274163,0.0,0.0015901327505707741,0.17134660399966653
Aweil South,2011-08-22,train,0.0,0,0.17424242424242425,0.0,0.06544165054803353,0.0,0.1270133837397614,0.0,0.0,0.5469351496044647
Aweil South,2011-08-29,train,0.0,0,0.17424242424242425,0.0,0.06544165054803353,0.0,0.09392514892745862,0.0,0.0,0.01469304742850927
Aweil South,2011-09-05,train,0.0,0,0.4621212121212121,0.0,0.06544165054803353,0.0,0.10311459823817566,0.0,0.0,0.022137341036325996
Aweil South,2011-09-12,train,0.0,0,0.4621212121212121,0.0,0.06544165054803353,0.0,0.1784582966388037,0.0,0.0,0.31690031482822134
Aweil South,2011-09-19,train,0.0,0,0.4621212121212121,0.0,0.06544165054803353,0.0,0.40251240158335955,0.0,0.0,1.4843183425256645
Aweil South,2011-09-26,train,0.0,0,0.4621212121212121,0.0,0.06544165054803353,0.0,0.22892360548309715,0.0,0.0,5.144936616504776
Aweil South,2011-10-03,train,0.0,0,0.6838235294117647,6.100102452160747,0.06544165054803353,0.0,0.23280734514992504,0.0,0.0015901327505707741,1.5964018440797778
Aweil South,2011-10-10,train,0.0,0,0.6838235294117647,6.100102452160747,0.06544165054803353,0.0,0.183118782474688,0.0,0.0,3.692900658582616
Aweil South,2011-10-17,train,0.3714864121002812,1,0.6838235294117647,6.100102452160747,0.06544165054803353,0.0,0.2151339335130314,0.0,0.0,0.40455730092372416
Aweil South,2011-10-24,train,0.0,0,0.6838235294117647,6.100102452160747,0.7527675276752768,0.3714864121002812,0.34841323829219345,0.0,0.06150794635200626,0.5148827344771526
Aweil South,2011-10-31,train,1.6443688335767788,1,0.6838235294117647,6.100102452160747,0.06544165054803353,0.0,0.3840817301101433,0.0,0.0,1.6439612988739458
Aweil South,2011-11-07,train,4.669262015659732,1,0.7734375,5.677182730163119,0.7527675276752768,1.6443688335767788,0.6929613777642334,0.0019077954898751414,0.21443534614070206,4.878363074526532
Aweil South,2011-11-14,train,1.9630355483026,1,0.7734375,5.677182730163119,0.7527675276752768,4.669262015659732,0.863739317260883,0.04963844111232155,1.7438609091084685,8.58581201492311
Aweil South,2011-11-21,train,3.1829027782523576,1,0.7734375,5.677182730163119,0.7527675276752768,1.9630355483026,0.8052556914730252,0.0019077954898751414,0.42977865545677196,4.959369446677814
Aweil South,2011-11-28,train,2.015770115539327,1,0.7734375,5.677182730163119,0.7527675276752768,3.1829027782523576,0.8454107213206177,0.0019077954898751414,0.7424356315654607,2.8999516127699816
Aweil South,2011-12-05,train,2.5454286139213504,1,0.5289855072463768,0.07954157021848185,0.7527675276752768,2.015770115539327,0.7985549332161385,0.0019077954898751414,0.42615183138317636,2.630839508595864
Aweil South,2011-12-12,train,0.6363968863742671,1,0.5289855072463768,0.07954157021848185,0.7527675276752768,2.5454286139213504,0.8383913002042481,0.0019077954898751414,0.5101632239421994,1.5697308297849863
Aweil South,2011-12-19,train,2.5457998979445744,1,0.5289855072463768,0.07954157021848185,0.7527675276752768,0.6363968863742671,0.6429077353129646,0.0,0.11074484184413053,2.2565386254635693
Aweil South,2011-12-26,train,0.1590825407415873,1,0.5289855072463768,0.07954157021848185,0.7527675276752768,2.5457998979445744,0.8115511329188712,0.0019077954898751414,0.351141817514002,1.4305950244815182
Aweil South,2012-01-02,train,0.053054993587647,1,0.11029411764705882,0.0,0.7527675276752768,0.1590825407415873,0.661970787019133,0.0,0.07599256602543113,1.3853789446791578
Aweil South,2012-01-09,train,0.0,0,0.11029411764705882,0.0,0.7527675276752768,0.053054993587647,0.3780907242568004,0.0,0.04220209278522057,0.16942234185822316
Aweil South,2012-01-16,train,0.0,0,0.11029411764705882,0.0,0.06544165054803353,0.0,0.06794752305034227,0.0,0.0,0.015440552352808702
Aweil South,2012-01-23,train,0.0,0,0.11029411764705882,0.0,0.06544165054803353,0.0,0.0395589432763771,0.0,0.0,0.004511438467737196
Aweil South,2012-01-30,train,0.0,0,0.11029411764705882,0.0,0.06544165054803353,0.0,0.0281071580205127,0.0,0.0,0.0020085161418667424
Aweil South,2012-02-06,train,0.0,0,0.00819672131147541,0.0,0.06544165054803353,0.0,0.028080877246594575,0.0,0.0,0.0020085161418667424
Aweil South,2012-02-13,train,0.0,0,0.00819672131147541,0.0,0.06544165054803353,0.0,0.028339260211859223,0.0,0.0,0.0020085161418667424
Aweil South,2012-02-20,train,0.0,0,0.00819672131147541,0.0,0.06544165054803353,0.0,0.028339260211859223,0.0,0.0,0.0020085161418667424
Aweil South,2012-02-27,train,0.0,0,0.00819672131147541,0.0,0.06544165054803353,0.0,0.028339260211859223,0.0,0.0,0.0020085161418667424
Aweil South,2012-03-05,train,0.0,0,0.03731343283582089,0.0,0.06544165054803353,0.0,0.030450515996130023,0.0,0.0,0.003737624338061468
Aweil South,2012-03-12,train,0.0,0,0.03731343283582089,0.0,0.06544165054803353,0.0,0.038991133274675564,0.0,0.0,0.0020085161418667424
Aweil South,2012-03-19,train,0.0,0,0.03731343283582089,0.0,0.06544165054803353,0.0,0.03261136367144867,0.0,0.0,0.0020085161418667424
Aweil South,2012-03-26,train,0.0,0,0.03731343283582089,0.0,0.06544165054803353,0.0,0.03472362269032272,0.0,0.0,0.0020085161418667424
Aweil South,2012-04-02,train,0.0,0,0.022727272727272728,0.0,0.06544165054803353,0.0,0.033269377039759136,0.0,0.0,0.0020085161418667424
Aweil South,2012-04-09,train,0.0,0,0.022727272727272728,0.0,0.06544165054803353,0.0,0.03340381779418087,0.0,0.0,0.0020085161418667424
Aweil South,2012-04-16,train,0.0,0,0.022727272727272728,0.0,0.06544165054803353,0.0,0.032266181164375005,0.0,0.0,0.0020085161418667424
Aweil South,2012-04-23,train,0.0,0,0.022727272727272728,0.0,0.06544165054803353,0.0,0.03312706137510829,0.0,0.0,0.0020085161418667424
Aweil South,2012-04-30,train,0.0,0,0.022727272727272728,0.0,0.06544165054803353,0.0,0.032045012071972766,0.0,0.0,0.003001849565401722
Aweil South,2012-05-07,train,0.0,0,0.022388059701492536,0.0,0.06544165054803353,0.0,0.029605484588911206,0.0,0.0,0.0020085161418667424
Aweil South,2012-05-14,train,0.0,0,0.022388059701492536,0.0,0.06544165054803353,0.0,0.029244154270453633,0.0,0.0,0.0020085161418667424
Aweil South,2012-05-21,train,0.0,0,0.022388059701492536,0.0,0.06544165054803353,0.0,0.029244154270453633,0.0,0.0,0.0020085161418667424
Aweil South,2012-05-28,train,0.0,0,0.022388059701492536,0.0,0.06544165054803353,0.0,0.029244154270453633,0.0,0.0,0.0020085161418667424
Aweil South,2012-06-04,train,0.0,0,0.023076923076923078,0.0,0.06544165054803353,0.0,0.029244154270453633,0.0,0.0,0.0020085161418667424
Aweil South,2012-06-11,train,0.0,0,0.023076923076923078,0.0,0.06544165054803353,0.0,0.029244154270453633,0.0,0.0,0.0020085161418667424
Aweil South,2012-06-18,train,0.0,0,0.023076923076923078,0.0,0.06544165054803353,0.0,0.02931991159300103,0.0,0.0,0.0020085161418667424
Aweil South,2012-06-25,train,0.0,0,0.023076923076923078,0.0,0.06544165054803353,0.0,0.03496984284407295,0.0,0.0,0.00415419186521141
Aweil South,2012-07-02,train,0.0,0,0.03676470588235294,0.0,0.06544165054803353,0.0,0.029981435206480805,0.0,0.0,0.0020087178166660336
Aweil South,2012-07-09,train,0.0,0,0.03676470588235294,0.0,0.06544165054803353,0.0,0.053040698524018305,0.0,0.0,0.00827841415418124
Aweil South,2012-07-16,train,0.0,0,0.03676470588235294,0.0,0.06544165054803353,0.0,0.030358831418252265,0.0,0.0,0.0020085071826023773
Aweil South,2012-07-23,train,0.0,0,0.03676470588235294,0.0,0.06544165054803353,0.0,0.033628098892896134,0.0,0.0,0.0028205588146537055
Aweil South,2012-07-30,train,0.0,0,0.03676470588235294,0.0,0.06544165054803353,0.0,0.03249663649909811,0.0,0.0,0.002071294046364103
Aweil South,2012-08-06,train,0.0,0,0.17424242424242425,0.0,0.06544165054803353,0.0,0.04465512656197146,0.0,0.0,0.016730184896255475
Aweil South,2012-08-13,train,0.1060742414503534,1,0.17424242424242425,0.0,0.06544165054803353,0.0,0.24375869346658505,0.0,0.0015901327505707741,0.20546730132012503
Aweil South,2012-08-20,train,1.962571091218408,1,0.17424242424242425,0.0,0.7527675276752768,0.1060742414503534,0.6066096126799383,0.0,0.15321637284099152,1.9353351232530471
Aweil South,2012-08-27,train,0.7956454187987336,1,0.17424242424242425,0.0,0.7527675276752768,1.962571091218408,0.7820753741072017,0.0,0.4808742916715004,3.7915632370391648
Aweil South,2012-09-03,train,0.0,0,0.4621212121212121,0.0,0.7527675276752768,0.7956454187987336,0.4856538581300756,0.0,0.1814541251717755,5.783647887172716
Aweil South,2012-09-10,train,2.2278562037843384,1,0.4621212121212121,0.0,0.06544165054803353,0.0,0.6621473706314269,0.0,0.20317076211770682,2.3917876743294464
Aweil South,2012-09-17,train,2.970002852603181,1,0.4621212121212121,0.0,0.7527675276752768,2.2278562037843384,0.8575985346132812,0.0,0.8656418440197466,20.63923139940598
Aweil South,2012-09-24,train,3.394634658710938,1,0.4621212121212121,0.0,0.7527675276752768,2.970002852603181,0.8664478674377388,0.0,2.281277662016466,20.309122653927602
Aweil South,2012-10-01,train,9.972071235509848,1,0.6838235294117647,6.100102452160747,0.7527675276752768,3.394634658710938,0.8887313866734055,0.04963844111232155,3.2892108320221367,17.989037038877015
Aweil South,2012-10-08,train,8.168806431681338,1,0.6838235294117647,6.100102452160747,0.7527675276752768,9.972071235509848,0.9092484199919649,0.04963844111232155,7.40765661106648,35.231644630029955
Aweil South,2012-10-15,train,5.940966103991759,1,0.6838235294117647,6.100102452160747,0.7527675276752768,8.168806431681338,0.9114091434179769,0.04963844111232155,3.792622889515279,13.456267499144085
Aweil South,2012-10-22,train,0.7957038354655486,1,0.6838235294117647,6.100102452160747,0.7527675276752768,5.940966103991759,0.8901325766601633,0.04963844111232155,1.732137943838854,15.324172290553141
Aweil South,2012-10-29,train,6.100102452160747,1,0.6838235294117647,6.100102452160747,0.7527675276752768,0.7957038354655486,0.6238719786874578,0.0,0.19365484036376315,6.496077370015007
Aweil South,2012-11-05,train,3.3427933429291503,1,0.7734375,5.677182730163119,0.7527675276752768,6.100102452160747,0.8532604141629361,0.04963844111232155,1.6325043486581219,10.4854671139083
Aweil South,2012-11-12,train,15.6528359884287,1,0.7734375,5.677182730163119,0.7527675276752768,3.3427933429291503,0.8796575046589485,0.04963844111232155,1.5183479510660545,11.938607830952998
Aweil South,2012-11-19,train,11.83248733952991,1,0.7734375,5.677182730163119,0.7527675276752768,15.6528359884287,0.9099588863362349,0.04963844111232155,5.723927060377683,12.572145770597993
Aweil South,2012-11-26,train,5.677182730163119,1,0.7734375,5.677182730163119,0.7527675276752768,11.83248733952991,0.9108774046080172,0.04963844111232155,5.669456515645331,7.338815061342348
Aweil South,2012-12-03,train,0.5304458591235941,1,0.5289855072463768,0.07954157021848185,0.7527675276752768,5.677182730163119,0.894194833623962,0.04963844111232155,1.1921351150789858,3.7023280502421496
Aweil South,2012-12-10,train,0.0,0,0.5289855072463768,0.07954157021848185,0.7527675276752768,0.5304458591235941,0.4680077327973853,0.0,0.027313349620801116,1.196083162418681
Aweil South,2012-12-17,train,0.1590825408086864,1,0.5289855072463768,0.07954157021848185,0.06544165054803353,0.0,0.3268950201846181,0.0,0.0,0.7934053440908473
Aweil South,2012-12-24,train,0.0530277134789879,1,0.5289855072463768,0.07954157021848185,0.7527675276752768,0.1590825408086864,0.5421362285174176,0.0,0.027213777768656442,0.09172649315960517
Aweil South,2012-12-31,train,0.0,0,0.5289855072463768,0.07954157021848185,0.7527675276752768,0.0530277134789879,0.451013748792884,0.0,0.011592111189358618,0.19197119756081263
Aweil South,2013-01-07,train,0.0,0,0.11029411764705882,0.0,0.06544165054803353,0.0,0.05452952465277336,0.0,0.0,0.004456475345927298
Aweil South,2013-01-14,train,0.0,0,0.11029411764705882,0.0,0.06544165054803353,0.0,0.04705078168092316,0.0,0.0,0.003637053473893248
Aweil South,2013-01-21,train,0.0,0,0.11029411764705882,0.0,0.06544165054803353,0.0,0.04500484111016052,0.0,0.0,0.005959411586899975
Aweil South,2013-01-28,train,0.0,0,0.11029411764705882,0.0,0.06544165054803353,0.0,0.033664886565134354,0.0,0.0,0.00461578155283319
Aweil South,2013-02-04,train,0.0,0,0.00819672131147541,0.0,0.06544165054803353,0.0,0.0289535482980889,0.0,0.0,0.0020085161418667424
Aweil South,2013-02-11,train,0.0,0,0.00819672131147541,0.0,0.06544165054803353,0.0,0.028926499686015995,0.0,0.0,0.0020085161418667424
Aweil South,2013-02-18,train,0.0,0,0.00819672131147541,0.0,0.06544165054803353,0.0,0.028926499686015995,0.0,0.0,0.0020085161418667424
Aweil South,2013-02-25,train,0.0,0,0.00819672131147541,0.0,0.06544165054803353,0.0,0.028926499686015995,0.0,0.0,0.0020085161418667424
Aweil South,2013-03-04,train,0.0,0,0.03731343283582089,0.0,0.06544165054803353,0.0,0.031041512866918464,0.0,0.0,0.0020085161418667424
Aweil South,2013-03-11,train,0.1591109157702571,1,0.03731343283582089,0.0,0.06544165054803353,0.0,0.09776412001021295,0.0,0.0,0.0662238164046584
Aweil South,2013-03-18,train,0.0,0,0.03731343283582089,0.0,0.7527675276752768,0.1591109157702571,0.10763727111526865,0.0,0.0,0.10200236226480364
Aweil South,2013-03-25,train,0.0,0,0.03731343283582089,0.0,0.06544165054803353,0.0,0.07821547226233433,0.0,0.0,0.19129284995181786
Aweil South,2013-04-01,train,0.0,0,0.022727272727272728,0.0,0.06544165054803353,0.0,0.06475678243795366,0.0,0.0,0.09030215765175478
Aweil South,2013-04-08,train,0.0,0,0.022727272727272728,0.0,0.06544165054803353,0.0,0.033357894585152675,0.0,0.0,0.0027898594466478502
Aweil South,2013-04-15,train,0.0,0,0.022727272727272728,0.0,0.06544165054803353,0.0,0.03229786287590542,0.0,0.0,0.0020085161418667424
Aweil South,2013-04-22,train,0.0,0,0.022727272727272728,0.0,0.06544165054803353,0.0,0.032606210219544275,0.0,0.0,0.005008175132686515
Aweil South,2013-04-29,train,0.0,0,0.022727272727272728,0.0,0.06544165054803353,0.0,0.0320908010924736,0.0,0.0,0.0068925706938727065
Aweil South,2013-05-06,train,0.0,0,0.022388059701492536,0.0,0.06544165054803353,0.0,0.042214368999730946,0.0,0.0,0.042035457412227945
Aweil South,2013-05-13,train,0.0,0,0.022388059701492536,0.0,0.06544165054803353,0.0,0.02928606224081811,0.0,0.0,0.0025973693736480565
Aweil South,2013-05-20,train,0.0,0,0.022388059701492536,0.0,0.06544165054803353,0.0,0.02928606224081811,0.0,0.0,0.0020085161418667424
Aweil South,2013-05-27,train,0.0,0,0.022388059701492536,0.0,0.06544165054803353,0.0,0.02928606224081811,0.0,0.0,0.0020085161418667424
Aweil South,2013-06-03,train,0.0,0,0.023076923076923078,0.0,0.06544165054803353,0.0,0.02928606224081811,0.0,0.0,0.0020085161418667424
Aweil South,2013-06-10,train,0.0,0,0.023076923076923078,0.0,0.06544165054803353,0.0,0.02928606224081811,0.0,0.0,0.0020085161418667424
Aweil South,2013-06-17,train,0.0,0,0.023076923076923078,0.0,0.06544165054803353,0.0,0.029361924842802582,0.0,0.0,0.0020085161418667424
Aweil South,2013-06-24,train,0.0,0,0.023076923076923078,0.0,0.06544165054803353,0.0,0.034661950097936454,0.0,0.0,0.010009516544242508
Aweil South,2013-07-01,train,0.0,0,0.03676470588235294,0.0,0.06544165054803353,0.0,0.031082337801793255,0.0,0.0,0.002008517348908098
Aweil South,2013-07-08,train,0.0,0,0.03676470588235294,0.0,0.06544165054803353,0.0,0.0300243670501702,0.0,0.0,0.002008517348908098
Aweil South,2013-07-15,train,0.0,0,0.03676470588235294,0.0,0.06544165054803353,0.0,0.030065482345609594,0.0,0.0,0.002008517148953571
Aweil South,2013-07-22,train,0.0,0,0.03676470588235294,0.0,0.06544165054803353,0.0,0.05802538604593472,0.0,0.0,0.037462561302790014
Aweil South,2013-07-29,train,0.0,0,0.03676470588235294,0.0,0.06544165054803353,0.0,0.03479699468803821,0.0,0.0,0.005568366667079716
Aweil South,2013-08-05,train,0.0,0,0.17424242424242425,0.0,0.06544165054803353,0.0,0.07013635324374928,0.0,0.0,0.08372353204327927
Aweil South,2013-08-12,train,0.0,0,0.17424242424242425,0.0,0.06544165054803353,0.0,0.08470155212635803,0.0,0.0,0.3927746313330604
Aweil South,2013-08-19,train,0.7954090909352414,1,0.17424242424242425,0.0,0.06544165054803353,0.0,0.2559883698689792,0.0,0.0,0.7905259798645857
Aweil South,2013-08-26,train,3.8708579348018497,1,0.17424242424242425,0.0,0.7527675276752768,0.7954090909352414,0.6558799912175023,0.0,0.30241809410873766,3.865301840461872
Aweil South,2013-09-02,train,1.0603946077103334,1,0.4621212121212121,0.0,0.7527675276752768,3.8708579348018497,0.80237815773818,0.04963844111232155,1.347920471645117,8.793847165240125
Aweil South,2013-09-09,train,0.4771793681719042,1,0.4621212121212121,0.0,0.7527675276752768,1.0603946077103334,0.6811338324969558,0.0,0.2357117775311527,5.667705678919765
Aweil South,2013-09-16,train,9.173172031887818,1,0.4621212121212121,0.0,0.7527675276752768,0.4771793681719042,0.7929390413301177,0.0,0.4696842080813479,10.975539416605685
Aweil South,2013-09-23,train,12.620486866642343,1,0.4621212121212121,0.0,0.7527675276752768,9.173172031887818,0.9124902643837367,0.04963844111232155,6.247935455668001,32.933661343638704
Aweil South,2013-09-30,train,18.18751970306519,1,0.4621212121212121,0.0,0.7527675276752768,12.620486866642343,0.9115037861561586,0.04963844111232155,9.060897100605649,27.291290329276283
Aweil South,2013-10-07,train,22.482219514848516,1,0.6838235294117647,6.100102452160747,0.7527675276752768,18.18751970306519,0.910708997397282,0.04963844111232155,10.727220502471647,42.37101589631252
Aweil South,2013-10-14,train,42.42528291416299,1,0.6838235294117647,6.100102452160747,0.7527675276752768,22.482219514848516,0.9119516166506897,0.04963844111232155,11.052729351247557,60.05779706738081
Aweil South,2013-10-21,train,17.020409939976528,1,0.6838235294117647,6.100102452160747,0.7527675276752768,42.42528291416299,0.9119516166506897,0.04963844111232155,18.324914315291657,44.63804872791789
Aweil South,2013-10-28,train,26.67177605943587,1,0.6838235294117647,6.100102452160747,0.7527675276752768,17.020409939976528,0.9101087564914465,0.04963844111232155,7.98172461801032,26.152715507431864
Aweil South,2013-11-04,train,7.475809201804739,1,0.7734375,5.677182730163119,0.7527675276752768,26.67177605943587,0.9106584119016647,0.04963844111232155,10.933774389937671,43.72202978225135
Aweil South,2013-11-11,train,4.241578419191208,1,0.7734375,5.677182730163119,0.7527675276752768,7.475809201804739,0.9101087564914465,0.04963844111232155,2.360325808478062,11.465140409781517
Aweil South,2013-11-18,train,3.552371459374565,1,0.7734375,5.677182730163119,0.7527675276752768,4.241578419191208,0.8972976794065026,0.04963844111232155,2.5932805714510314,6.966704498845145
Aweil South,2013-11-25,train,0.424325322006052,1,0.7734375,5.677182730163119,0.7527675276752768,3.552371459374565,0.8510209108707285,0.04963844111232155,1.185445018172946,3.2918586733076616
Aweil South,2013-12-02,train,0.0,0,0.5289855072463768,0.07954157021848185,0.7527675276752768,0.424325322006052,0.4171533705233013,0.0,0.04486716740194425,1.7283225282934713
Aweil South,2013-12-09,train,0.0,0,0.5289855072463768,0.07954157021848185,0.06544165054803353,0.0,0.15158767382859933,0.0,0.0,0.42396836095550827
Aweil South,2013-12-16,train,0.0,0,0.5289855072463768,0.07954157021848185,0.06544165054803353,0.0,0.05905098697145768,0.0,0.0,0.24636684441520182
Aweil South,2013-12-23,train,0.0,0,0.5289855072463768,0.07954157021848185,0.06544165054803353,0.0,0.09777628658494988,0.0,0.0,0.024445526566893905
Aweil South,2013-12-30,train,0.0,0,0.5289855072463768,0.07954157021848185,0.06544165054803353,0.0,0.05732084204222637,0.0,0.0,0.007980791713965738
Aweil South,2014-01-06,train,0.0,0,0.11029411764705882,0.0,0.06544165054803353,0.0,0.05111187315605786,0.0,0.0,0.014366781181329164
Aweil South,2014-01-13,train,0.0,0,0.11029411764705882,0.0,0.06544165054803353,0.0,0.05886011188182814,0.0,0.0,0.014485222731775634
Aweil South,2014-01-20,train,0.0,0,0.11029411764705882,0.0,0.06544165054803353,0.0,0.06441260794982709,0.0,0.0,0.018087022363899072
Aweil South,2014-01-27,train,0.0,0,0.11029411764705882,0.0,0.06544165054803353,0.0,0.05352893737792363,0.0,0.0,0.017606499628582687
Aweil South,2014-02-03,train,0.0,0,0.00819672131147541,0.0,0.06544165054803353,0.0,0.030440205667974073,0.0,0.0,0.0020085161418667424
Aweil South,2014-02-10,train,0.0,0,0.00819672131147541,0.0,0.06544165054803353,0.0,0.028926499686015995,0.0,0.0,0.0020085161418667424
Aweil South,2014-02-17,train,0.0,0,0.00819672131147541,0.0,0.06544165054803353,0.0,0.028926499686015995,0.0,0.0,0.0020085161418667424
Aweil South,2014-02-24,train,0.0,0,0.00819672131147541,0.0,0.06544165054803353,0.0,0.028926499686015995,0.0,0.0,0.0020085161418667424
Aweil South,2014-03-03,train,0.0,0,0.03731343283582089,0.0,0.06544165054803353,0.0,0.02991753573617593,0.0,0.0,0.0020085161418667424
Aweil South,2014-03-10,train,0.0,0,0.03731343283582089,0.0,0.06544165054803353,0.0,0.07609489719962599,0.0,0.0,0.06592470398602145
Aweil South,2014-03-17,train,0.0,0,0.03731343283582089,0.0,0.06544165054803353,0.0,0.03523265876689314,0.0,0.0,0.0068925706938727065
Aweil South,2014-03-24,train,0.0,0,0.03731343283582089,0.0,0.06544165054803353,0.0,0.03523265876689314,0.0,0.0,0.0020085161418667424
Aweil South,2014-03-31,train,0.0,0,0.03731343283582089,0.0,0.06544165054803353,0.0,0.03839651781458504,0.0,0.0,0.005678166433045709
Aweil South,2014-04-07,train,0.0,0,0.022727272727272728,0.0,0.06544165054803353,0.0,0.03447486657616169,0.0,0.0,0.0020085161418667424
Aweil South,2014-04-14,train,0.0,0,0.022727272727272728,0.0,0.06544165054803353,0.0,0.03229786287590542,0.0,0.0,0.0020085161418667424
Aweil South,2014-04-21,train,0.0,0,0.022727272727272728,0.0,0.06544165054803353,0.0,0.032606210219544275,0.0,0.0,0.004896823128264594
Aweil South,2014-04-28,train,0.0,0,0.022727272727272728,0.0,0.06544165054803353,0.0,0.035647800519919996,0.0,0.0,0.0068925706938727065
Aweil South,2014-05-05,train,0.0,0,0.022388059701492536,0.0,0.06544165054803353,0.0,0.042214368999730946,0.0,0.0,0.042035457412227945
Aweil South,2014-05-12,train,0.0,0,0.022388059701492536,0.0,0.06544165054803353,0.0,0.031429474355944016,0.0,0.0,0.002896481792285004
Aweil South,2014-05-19,train,0.0,0,0.022388059701492536,0.0,0.06544165054803353,0.0,0.02928606224081811,0.0,0.0,0.0020085161418667424
Aweil South,2014-05-26,train,0.0,0,0.022388059701492536,0.0,0.06544165054803353,0.0,0.02928606224081811,0.0,0.0,0.0020085161418667424
Aweil South,2014-06-02,train,0.0,0,0.023076923076923078,0.0,0.06544165054803353,0.0,0.02928606224081811,0.0,0.0,0.0020085161418667424
Aweil South,2014-06-09,train,0.0,0,0.023076923076923078,0.0,0.06544165054803353,0.0,0.02928606224081811,0.0,0.0,0.0020085161418667424
Aweil South,2014-06-16,train,0.0,0,0.023076923076923078,0.0,0.06544165054803353,0.0,0.029361924842802582,0.0,0.0,0.008795034406755426
Aweil South,2014-06-23,train,0.0,0,0.023076923076923078,0.0,0.06544165054803353,0.0,0.0322943199863946,0.0,0.0,0.010050547242712354
Aweil South,2014-06-30,train,0.0,0,0.023076923076923078,0.0,0.06544165054803353,0.0,0.031082337801793255,0.0,0.0,0.002008517348908098
Aweil South,2014-07-07,train,0.0,0,0.03676470588235294,0.0,0.06544165054803353,0.0,0.0300243670501702,0.0,0.0,0.002008517348908098
Aweil South,2014-07-14,train,0.0,0,0.03676470588235294,0.0,0.06544165054803353,0.0,0.03098152184854431,0.0,0.0,0.003533406630798941
Aweil South,2014-07-21,train,0.0,0,0.03676470588235294,0.0,0.06544165054803353,0.0,0.05153491324163462,0.0,0.0,0.015399932740509435
Aweil South,2014-07-28,train,0.0,0,0.03676470588235294,0.0,0.06544165054803353,0.0,0.03479699468803821,0.0,0.0,0.006782004964063332
Aweil South,2014-08-04,train,0.0,0,0.17424242424242425,0.0,0.06544165054803353,0.0,0.038320927463457534,0.0,0.0,0.06605361556104909
Aweil South,2014-08-11,train,0.0,0,0.17424242424242425,0.0,0.06544165054803353,0.0,0.08313080441365382,0.0,0.0,0.025989368602844024
Aweil South,2014-08-18,train,0.0,0,0.17424242424242425,0.0,0.06544165054803353,0.0,0.21790321154339112,0.0,0.0,0.7087908118613448
Aweil South,2014-08-25,train,0.0,0,0.17424242424242425,0.0,0.06544165054803353,0.0,0.144398440741427,0.0,0.0,0.5441195221852375
Aweil South,2014-09-01,train,0.0,0,0.4621212121212121,0.0,0.06544165054803353,0.0,0.16381954616554278,0.0,0.0,0.4161160169311436
Aweil South,2014-09-08,train,0.7959441552578949,1,0.4621212121212121,0.0,0.06544165054803353,0.0,0.2979146317921431,0.0,0.0,0.48773662300246634
Aweil South,2014-09-15,train,3.7671906772021937,1,0.4621212121212121,0.0,0.7527675276752768,0.7959441552578949,0.7509655332312466,0.0,0.48611081919716437,6.620099689039589
Aweil South,2014-09-22,train,1.1141521738222568,1,0.4621212121212121,0.0,0.7527675276752768,3.7671906772021937,0.8529187060580378,0.04963844111232155,1.6682128320204206,12.623509326376787
Aweil South,2014-09-29,train,6.311650328624265,1,0.4621212121212121,0.0,0.7527675276752768,1.1141521738222568,0.7938652250394153,0.0,0.8438543328497379,7.101165224732055
Aweil South,2014-10-06,train,25.99387108630779,1,0.6838235294117647,6.100102452160747,0.7527675276752768,6.311650328624265,0.8922829359216357,0.04963844111232155,2.9561318979569986,22.98996510412275
Aweil South,2014-10-13,train,54.841337638564085,1,0.6838235294117647,6.100102452160747,0.7527675276752768,25.99387108630779,0.9112596831493698,0.04963844111232155,11.052729351247557,64.81103769913396
Aweil South,2014-10-20,train,34.89229056954735,1,0.6838235294117647,6.100102452160747,0.7527675276752768,54.841337638564085,0.9119516166506897,0.04963844111232155,21.395874485126672,47.19448940565974
Aweil South,2014-10-27,train,34.25462194151539,1,0.6838235294117647,6.100102452160747,0.7527675276752768,34.89229056954735,0.9106584119016647,0.04963844111232155,10.094960073835784,36.31796160037991
Aweil South,2014-11-03,train,45.07421052308851,1,0.7734375,5.677182730163119,0.7527675276752768,34.25462194151539,0.9106584119016647,0.04963844111232155,10.526829816880488,55.47885077496429
Aweil South,2014-11-10,train,33.30334771581003,1,0.7734375,5.677182730163119,0.7527675276752768,45.07421052308851,0.9106584119016647,0.04963844111232155,23.99566381768687,85.1095727311194
Aweil South,2014-11-17,train,30.813207156590035,1,0.7734375,5.677182730163119,0.7527675276752768,33.30334771581003,0.9106584119016647,0.04963844111232155,11.111390758430241,36.323020031958755
Aweil South,2014-11-24,train,41.473986178835176,1,0.7734375,5.677182730163119,0.7527675276752768,30.813207156590035,0.9114228174224855,0.04963844111232155,10.933774389937671,41.49192669971103
Aweil South,2014-12-01,train,25.775346519108997,1,0.5289855072463768,0.07954157021848185,0.7527675276752768,41.473986178835176,0.9102858508520499,0.04963844111232155,22.541300697241347,42.16415665032154
Aweil South,2014-12-08,train,10.60682493457569,1,0.5289855072463768,0.07954157021848185,0.7527675276752768,25.775346519108997,0.9070922981481374,0.04963844111232155,10.989296079597057,23.816855978161605
Aweil South,2014-12-15,train,8.008330840889158,1,0.5289855072463768,0.07954157021848185,0.7527675276752768,10.60682493457569,0.9087878494245698,0.04963844111232155,5.01348332792515,7.877737047681553
Aweil South,2014-12-22,train,4.402359909317577,1,0.5289855072463768,0.07954157021848185,0.7527675276752768,8.008330840889158,0.9087878494245698,0.04963844111232155,2.8941912083813057,4.894180652337521
Aweil South,2014-12-29,train,1.2199955020552165,1,0.5289855072463768,0.07954157021848185,0.7527675276752768,4.402359909317577,0.8647534727779542,0.04963844111232155,1.2207560226167242,2.929607082399429
Aweil West,2000-01-03,train,0.0,0,0.03676470588235294,0.0,0.06544165054803353,0.0,0.024033975710567562,0.0,0.0,0.00200887648337002
Aweil West,2000-01-10,train,0.0,0,0.03676470588235294,0.0,0.06544165054803353,0.0,0.02605101771803279,0.0,0.0,0.0021414701195462617
Aweil West,2000-01-17,train,0.0,0,0.03676470588235294,0.0,0.06544165054803353,0.0,0.02636290654946439,0.0,0.0,0.002144024480160795
Aweil West,2000-01-24,train,0.0,0,0.03676470588235294,0.0,0.06544165054803353,0.0,0.027286693751994967,0.0,0.0,0.00703967827722381
Aweil West,2000-01-31,train,0.0,0,0.03676470588235294,0.0,0.06544165054803353,0.0,0.023266458452852027,0.0,0.0,0.0020085161418667424
Aweil West,2000-02-07,train,0.0,0,0.00819672131147541,0.0,0.06544165054803353,0.0,0.02338962524621115,0.0,0.0,0.0020085161418667424
Aweil West,2000-02-14,train,0.0,0,0.00819672131147541,0.0,0.06544165054803353,0.0,0.02338962524621115,0.0,0.0,0.0020085161418667424
Aweil West,2000-02-21,train,0.0,0,0.00819672131147541,0.0,0.06544165054803353,0.0,0.02338962524621115,0.0,0.0,0.0020085161418667424
Aweil West,2000-02-28,train,0.0,0,0.00819672131147541,0.0,0.06544165054803353,0.0,0.02338962524621115,0.0,0.0,0.0020085161418667424
Aweil West,2000-03-06,train,0.0,0,0.05223880597014925,0.0,0.06544165054803353,0.0,0.025007099252384812,0.0,0.0,0.0020085161418667424
Aweil West,2000-03-13,train,0.0,0,0.05223880597014925,0.0,0.06544165054803353,0.0,0.02708467296976005,0.0,0.0,0.0020085161418667424
Aweil West,2000-03-20,train,0.0,0,0.05223880597014925,0.0,0.06544165054803353,0.0,0.026254939088312675,0.0,0.0,0.0020085161418667424
Aweil West,2000-03-27,train,0.0,0,0.05223880597014925,0.0,0.06544165054803353,0.0,0.02663608673156718,0.0,0.0,0.0020085161418667424
Aweil West,2000-04-03,train,0.0,0,0.022727272727272728,0.0,0.06544165054803353,0.0,0.026210568746360564,0.0,0.0,0.0020085161418667424
Aweil West,2000-04-10,train,0.0,0,0.022727272727272728,0.0,0.06544165054803353,0.0,0.02541462663149737,0.0,0.0,0.0020085161418667424
Aweil West,2000-04-17,train,0.0,0,0.022727272727272728,0.0,0.06544165054803353,0.0,0.02541462663149737,0.0,0.0,0.0020085161418667424
Aweil West,2000-04-24,train,0.0,0,0.022727272727272728,0.0,0.06544165054803353,0.0,0.026670292491054078,0.0,0.0,0.0020085161418667424
Aweil West,2000-05-01,train,0.0,0,0.022388059701492536,0.0,0.06544165054803353,0.0,0.025130282029880536,0.0,0.0,0.0020085161418667424
Aweil West,2000-05-08,train,0.0,0,0.022388059701492536,0.0,0.06544165054803353,0.0,0.024380009940934966,0.0,0.0,0.0020085161418667424
Aweil West,2000-05-15,train,0.0,0,0.022388059701492536,0.0,0.06544165054803353,0.0,0.024180307364313917,0.0,0.0,0.0020085161418667424
Aweil West,2000-05-22,train,0.0,0,0.022388059701492536,0.0,0.06544165054803353,0.0,0.024180307364313917,0.0,0.0,0.0020085161418667424
Aweil West,2000-05-29,train,0.0,0,0.022388059701492536,0.0,0.06544165054803353,0.0,0.024180307364313917,0.0,0.0,0.0020085161418667424
Aweil West,2000-06-05,train,0.0,0,0.05384615384615385,0.0,0.06544165054803353,0.0,0.024180307364313917,0.0,0.0,0.0020085161418667424
Aweil West,2000-06-12,train,0.0,0,0.05384615384615385,0.0,0.06544165054803353,0.0,0.024180307364313917,0.0,0.0,0.0020085161418667424
Aweil West,2000-06-19,train,0.0,0,0.05384615384615385,0.0,0.06544165054803353,0.0,0.02424327433504994,0.0,0.0,0.0020085172364640164
Aweil West,2000-06-26,train,0.0,0,0.05384615384615385,0.0,0.06544165054803353,0.0,0.024139208416934756,0.0,0.0,0.002009839784952838
Aweil West,2000-07-03,train,0.0,0,0.03676470588235294,0.0,0.06544165054803353,0.0,0.024139208416934756,0.0,0.0,0.002009839784952838
Aweil West,2000-07-10,train,0.0,0,0.03676470588235294,0.0,0.06544165054803353,0.0,0.030245708192341254,0.0,0.0,0.004662156863638397
Aweil West,2000-07-17,train,0.0,0,0.03676470588235294,0.0,0.06544165054803353,0.0,0.02484500849195729,0.0,0.0,0.002009900283475112
Aweil West,2000-07-24,train,0.0,0,0.03676470588235294,0.0,0.06544165054803353,0.0,0.027289427786795512,0.0,0.0,0.0019361927100171822
Aweil West,2000-07-31,train,0.0,0,0.03676470588235294,0.0,0.06544165054803353,0.0,0.02597477193599368,0.0,0.0,0.0018709176514823307
Aweil West,2000-08-07,train,0.0,0,0.2196969696969697,0.0,0.06544165054803353,0.0,0.031206800757257656,0.0,0.0,0.0015417354378315015
Aweil West,2000-08-14,train,0.0,0,0.2196969696969697,0.0,0.06544165054803353,0.0,0.07426787588443744,0.0,0.0,0.08409379259760533
Aweil West,2000-08-21,train,0.0,0,0.2196969696969697,0.0,0.06544165054803353,0.0,0.0918831711154098,0.0,0.0,0.5367301319163584
Aweil West,2000-08-28,train,0.0,0,0.2196969696969697,0.0,0.06544165054803353,0.0,0.08079153735384668,0.0,0.0,0.46045718890178033
Aweil West,2000-09-04,train,0.0,0,0.5833333333333334,0.2121416350264479,0.06544165054803353,0.0,0.07665023805865304,0.0,0.0,0.29793677876689445
Aweil West,2000-09-11,train,0.0,0,0.5833333333333334,0.2121416350264479,0.06544165054803353,0.0,0.06613542692714956,0.0,0.0,0.03434823201205458
Aweil West,2000-09-18,train,0.0,0,0.5833333333333334,0.2121416350264479,0.06544165054803353,0.0,0.10327364932786684,0.0,0.0,1.273155492184698
Aweil West,2000-09-25,train,0.0,0,0.5833333333333334,0.2121416350264479,0.06544165054803353,0.0,0.08356797058984267,0.0,0.0,3.571569655005063
Aweil West,2000-10-02,train,0.0,0,0.5955882352941176,0.4241699020482017,0.06544165054803353,0.0,0.11689869232963312,0.0,0.0,1.5559891527254734
Aweil West,2000-10-09,train,0.0,0,0.5955882352941176,0.4241699020482017,0.06544165054803353,0.0,0.08526156718840114,0.0,0.0,2.849333865664507
Aweil West,2000-10-16,train,0.0,0,0.5955882352941176,0.4241699020482017,0.06544165054803353,0.0,0.10386262541323969,0.0,0.0,0.360665612664686
Aweil West,2000-10-23,train,0.0,0,0.5955882352941176,0.4241699020482017,0.06544165054803353,0.0,0.09430048381190559,0.0,0.0,0.0029400394662563
Aweil West,2000-10-30,train,0.1590333585741369,1,0.5955882352941176,0.4241699020482017,0.06544165054803353,0.0,0.2170347470471847,0.0,0.0,0.17283400198368337
Aweil West,2000-11-06,train,0.0,0,0.3984375,0.0,0.7527675276752768,0.1590333585741369,0.23548490073507636,0.0,0.0009908432025416383,0.28741553534134906
Aweil West,2000-11-13,train,0.0,0,0.3984375,0.0,0.06544165054803353,0.0,0.08407813045068752,0.0,0.0,0.06337266683330078
Aweil West,2000-11-20,train,0.0,0,0.3984375,0.0,0.06544165054803353,0.0,0.10303284610255944,0.0,0.0,0.03243042487290118
Aweil West,2000-11-27,train,0.0,0,0.3984375,0.0,0.06544165054803353,0.0,0.03567780259482281,0.0,0.0,0.003526287491285527
Aweil West,2000-12-04,train,0.0,0,0.021739130434782608,0.0,0.06544165054803353,0.0,0.026310491485015908,0.0,0.0,0.011016468864168433
Aweil West,2000-12-11,train,0.0,0,0.021739130434782608,0.0,0.06544165054803353,0.0,0.024008052683859284,0.0,0.0,0.0018683649554812889
Aweil West,2000-12-18,train,0.0,0,0.021739130434782608,0.0,0.06544165054803353,0.0,0.03238122671135878,0.0,0.0,0.030720573933584825
Aweil West,2000-12-25,train,0.0,0,0.021739130434782608,0.0,0.06544165054803353,0.0,0.027388192393150657,0.0,0.0,0.0029269441099531194
Aweil West,2001-01-01,train,0.0,0,0.03676470588235294,0.0,0.06544165054803353,0.0,0.02387277212806637,0.0,0.0,0.00200926460510606
Aweil West,2001-01-08,train,0.0,0,0.03676470588235294,0.0,0.06544165054803353,0.0,0.022909737210278214,0.0,0.0,0.0020088416046521447
Aweil West,2001-01-15,train,0.0,0,0.03676470588235294,0.0,0.06544165054803353,0.0,0.02636290654946439,0.0,0.0,0.0021423863229644642
Aweil West,2001-01-22,train,0.0,0,0.03676470588235294,0.0,0.06544165054803353,0.0,0.024659527410082215,0.0,0.0,0.002071085390524648
Aweil West,2001-01-29,train,0.0,0,0.03676470588235294,0.0,0.06544165054803353,0.0,0.02366475885569168,0.0,0.0,0.0020957493414536918
Aweil West,2001-02-05,train,0.0,0,0.00819672131147541,0.0,0.06544165054803353,0.0,0.02338962524621115,0.0,0.0,0.0020085161418667424
Aweil West,2001-02-12,train,0.0,0,0.00819672131147541,0.0,0.06544165054803353,0.0,0.02338962524621115,0.0,0.0,0.0020085161418667424
Aweil West,2001-02-19,train,0.0,0,0.00819672131147541,0.0,0.06544165054803353,0.0,0.02338962524621115,0.0,0.0,0.0020085161418667424
Aweil West,2001-02-26,train,0.0,0,0.00819672131147541,0.0,0.06544165054803353,0.0,0.02338962524621115,0.0,0.0,0.0020085161418667424
Aweil West,2001-03-05,train,0.0,0,0.05223880597014925,0.0,0.06544165054803353,0.0,0.024631669625952788,0.0,0.0,0.0020085161418667424
Aweil West,2001-03-12,train,0.0,0,0.05223880597014925,0.0,0.06544165054803353,0.0,0.029185279055082926,0.0,0.0,0.0023076285605036877
Aweil West,2001-03-19,train,0.0,0,0.05223880597014925,0.0,0.06544165054803353,0.0,0.026254939088312675,0.0,0.0,0.0020085161418667424
Aweil West,2001-03-26,train,0.0,0,0.05223880597014925,0.0,0.06544165054803353,0.0,0.027220231010528003,0.0,0.0,0.0020085161418667424
Aweil West,2001-04-02,train,0.0,0,0.022727272727272728,0.0,0.06544165054803353,0.0,0.0274630981880455,0.0,0.0,0.0020085161418667424
Aweil West,2001-04-09,train,0.0,0,0.022727272727272728,0.0,0.06544165054803353,0.0,0.0274630981880455,0.0,0.0,0.0027898594466478502
Aweil West,2001-04-16,train,0.0,0,0.022727272727272728,0.0,0.06544165054803353,0.0,0.02541462663149737,0.0,0.0,0.0020085161418667424
Aweil West,2001-04-23,train,0.0,0,0.022727272727272728,0.0,0.06544165054803353,0.0,0.026097633241541376,0.0,0.0,0.0020085161418667424
Aweil West,2001-04-30,train,0.0,0,0.022727272727272728,0.0,0.06544165054803353,0.0,0.025172536815815667,0.0,0.0,0.0020085161418667424
Aweil West,2001-05-07,train,0.0,0,0.022388059701492536,0.0,0.06544165054803353,0.0,0.02462830006749958,0.0,0.0,0.0020047810377192294
Aweil West,2001-05-14,train,0.0,0,0.022388059701492536,0.0,0.06544165054803353,0.0,0.024180307364313917,0.0,0.0,0.0025973693736480565
Aweil West,2001-05-21,train,0.0,0,0.022388059701492536,0.0,0.06544165054803353,0.0,0.024180307364313917,0.0,0.0,0.0020085161418667424
Aweil West,2001-05-28,train,0.0,0,0.022388059701492536,0.0,0.06544165054803353,0.0,0.024180307364313917,0.0,0.0,0.0020085161418667424
Aweil West,2001-06-04,train,0.0,0,0.05384615384615385,0.0,0.06544165054803353,0.0,0.024180307364313917,0.0,0.0,0.0020085161418667424
Aweil West,2001-06-11,train,0.0,0,0.05384615384615385,0.0,0.06544165054803353,0.0,0.024180307364313917,0.0,0.0,0.0020085161418667424
Aweil West,2001-06-18,train,0.0,0,0.05384615384615385,0.0,0.06544165054803353,0.0,0.02424327433504994,0.0,0.0,0.0020085290851673404
Aweil West,2001-06-25,train,0.0,0,0.05384615384615385,0.0,0.06544165054803353,0.0,0.025319148304265772,0.0,0.0,0.004152975028590802
Aweil West,2001-07-02,train,0.0,0,0.03676470588235294,0.0,0.06544165054803353,0.0,0.024139208416934756,0.0,0.0,0.0020107495641177447
Aweil West,2001-07-09,train,0.0,0,0.03676470588235294,0.0,0.06544165054803353,0.0,0.024139208416934756,0.0,0.0,0.00200962759583094
Aweil West,2001-07-16,train,0.0,0,0.03676470588235294,0.0,0.06544165054803353,0.0,0.02484500849195729,0.0,0.0,0.002009900283475112
Aweil West,2001-07-23,train,0.0,0,0.03676470588235294,0.0,0.06544165054803353,0.0,0.03138706248933853,0.0,0.0,0.015586046483459013
Aweil West,2001-07-30,train,0.0,0,0.03676470588235294,0.0,0.06544165054803353,0.0,0.02672368624318685,0.0,0.0,0.0019291098497349857
Aweil West,2001-08-06,train,0.0,0,0.2196969696969697,0.0,0.06544165054803353,0.0,0.033714385867226034,0.0,0.0,0.010131506228915552
Aweil West,2001-08-13,train,0.0,0,0.2196969696969697,0.0,0.06544165054803353,0.0,0.059418207323434974,0.0,0.0,0.07128595800151342
Aweil West,2001-08-20,train,1.431510645802088,1,0.2196969696969697,0.0,0.06544165054803353,0.0,0.2404345374630723,0.0,0.0,1.214283016785543
Aweil West,2001-08-27,train,0.0,0,0.2196969696969697,0.0,0.7527675276752768,1.431510645802088,0.42362971985857956,0.0,0.17249679680184765,5.14091054853168
Aweil West,2001-09-03,train,0.0,0,0.5833333333333334,0.2121416350264479,0.06544165054803353,0.0,0.31085200958334874,0.0,0.09358331467295113,9.671090119919686
Aweil West,2001-09-10,train,0.0,0,0.5833333333333334,0.2121416350264479,0.06544165054803353,0.0,0.135612793142124,0.0,0.05284913755940361,0.3793876986101984
Aweil West,2001-09-17,train,0.0,0,0.5833333333333334,0.2121416350264479,0.06544165054803353,0.0,0.13881998261975023,0.0,0.0,4.157364687298602
Aweil West,2001-09-24,train,0.0,0,0.5833333333333334,0.2121416350264479,0.06544165054803353,0.0,0.10189392177154431,0.0,0.0,1.3226603852718055
Aweil West,2001-10-01,train,1.113400303907798,1,0.5955882352941176,0.4241699020482017,0.06544165054803353,0.0,0.32014750123114516,0.0,0.0,4.483972027826139
Aweil West,2001-10-08,train,0.0,0,0.5955882352941176,0.4241699020482017,0.7527675276752768,1.113400303907798,0.536558127601067,0.0,0.21659442958042235,3.4085486037498267
Aweil West,2001-10-15,train,0.0,0,0.5955882352941176,0.4241699020482017,0.06544165054803353,0.0,0.16808727951085348,0.0,0.05912140871091911,6.861230512090611
Aweil West,2001-10-22,train,0.0,0,0.5955882352941176,0.4241699020482017,0.06544165054803353,0.0,0.13188340042411015,0.0,0.0076905666157949595,1.2561656005815636
Aweil West,2001-10-29,train,0.0,0,0.5955882352941176,0.4241699020482017,0.06544165054803353,0.0,0.11842588143833302,0.0,0.0,0.0
Aweil West,2001-11-05,train,0.0,0,0.3984375,0.0,0.06544165054803353,0.0,0.12162254150826515,0.0,0.0,0.0014580560982474383
Aweil West,2001-11-12,train,0.0,0,0.3984375,0.0,0.06544165054803353,0.0,0.1202739700345879,0.0,0.0,0.044611069011341334
Aweil West,2001-11-19,train,0.0,0,0.3984375,0.0,0.06544165054803353,0.0,0.11057516855508923,0.0,0.0,0.07836466870241274
Aweil West,2001-11-26,train,0.0,0,0.3984375,0.0,0.06544165054803353,0.0,0.08216939296533916,0.0,0.0,0.01786548255932536
Aweil West,2001-12-03,train,0.0,0,0.021739130434782608,0.0,0.06544165054803353,0.0,0.02691998822002016,0.0,0.0,0.01100754696903489
Aweil West,2001-12-10,train,0.0,0,0.021739130434782608,0.0,0.06544165054803353,0.0,0.024052966824886217,0.0,0.0,0.001893730122326104
Aweil West,2001-12-17,train,0.0,0,0.021739130434782608,0.0,0.06544165054803353,0.0,0.029234413736234935,0.0,0.0,0.026434575620517032
Aweil West,2001-12-24,train,0.0,0,0.021739130434782608,0.0,0.06544165054803353,0.0,0.04248676094660767,0.0,0.0,0.005757968196619666
Aweil West,2001-12-31,train,0.0,0,0.021739130434782608,0.0,0.06544165054803353,0.0,0.025300727843024243,0.0,0.0,0.0020111907595220845
Aweil West,2002-01-07,train,0.0,0,0.03676470588235294,0.0,0.06544165054803353,0.0,0.026834068170333073,0.0,0.0,0.0020089388732310734
Aweil West,2002-01-14,train,0.0,0,0.03676470588235294,0.0,0.06544165054803353,0.0,0.026727809032510902,0.0,0.0,0.002146969300002809
Aweil West,2002-01-21,train,0.0,0,0.03676470588235294,0.0,0.06544165054803353,0.0,0.0280289495435269,0.0,0.0,0.002207915891375318
Aweil West,2002-01-28,train,0.0,0,0.03676470588235294,0.0,0.06544165054803353,0.0,0.02517849564964593,0.0,0.0,0.002847348875269574
Aweil West,2002-02-04,train,0.0,0,0.00819672131147541,0.0,0.06544165054803353,0.0,0.02464228299364174,0.0,0.0,0.0020085161418667424
Aweil West,2002-02-11,train,0.0,0,0.00819672131147541,0.0,0.06544165054803353,0.0,0.024772548333911206,0.0,0.0,0.0020085161418667424
Aweil West,2002-02-18,train,0.0,0,0.00819672131147541,0.0,0.06544165054803353,0.0,0.024772548333911206,0.0,0.0,0.0020085161418667424
Aweil West,2002-02-25,train,0.0,0,0.00819672131147541,0.0,0.06544165054803353,0.0,0.024772548333911206,0.0,0.0,0.0020085161418667424
Aweil West,2002-03-04,train,0.0,0,0.05223880597014925,0.0,0.06544165054803353,0.0,0.02608606764902274,0.0,0.0,0.0020085161418667424
Aweil West,2002-03-11,train,0.0,0,0.05223880597014925,0.0,0.06544165054803353,0.0,0.04480155905666855,0.0,0.0,0.022065055681740824
Aweil West,2002-03-18,train,0.0,0,0.05223880597014925,0.0,0.06544165054803353,0.0,0.02812911877352084,0.0,0.0,0.0020085161418667424
Aweil West,2002-03-25,train,0.0,0,0.05223880597014925,0.0,0.06544165054803353,0.0,0.02812911877352084,0.0,0.0,0.0020085161418667424
Aweil West,2002-04-01,train,0.0,0,0.022727272727272728,0.0,0.06544165054803353,0.0,0.03227877092244322,0.0,0.0,0.0047109319864198735
Aweil West,2002-04-08,train,0.0,0,0.022727272727272728,0.0,0.06544165054803353,0.0,0.03081356835171351,0.0,0.0,0.0038158281932658984
Aweil West,2002-04-15,train,0.0,0,0.022727272727272728,0.0,0.06544165054803353,0.0,0.02988213529437548,0.0,0.0,0.0030344848884847897
Aweil West,2002-04-22,train,0.0,0,0.022727272727272728,0.0,0.06544165054803353,0.0,0.03068142443917609,0.0,0.0,0.004437367529448889
Aweil West,2002-04-29,train,0.0,0,0.022727272727272728,0.0,0.06544165054803353,0.0,0.02837883019092752,0.0,0.0,0.0025101864370899235
Aweil West,2002-05-06,train,0.0,0,0.022388059701492536,0.0,0.06544165054803353,0.0,0.027726802435452787,0.0,0.0,0.00405098955120931
Aweil West,2002-05-13,train,0.0,0,0.022388059701492536,0.0,0.06544165054803353,0.0,0.027631279521806135,0.0,0.0,0.003099039668871236
Aweil West,2002-05-20,train,0.0,0,0.022388059701492536,0.0,0.06544165054803353,0.0,0.027631279521806135,0.0,0.0,0.0025101864370899235
Aweil West,2002-05-27,train,0.0,0,0.022388059701492536,0.0,0.06544165054803353,0.0,0.027631279521806135,0.0,0.0,0.0025101864370899235
Aweil West,2002-06-03,train,0.0,0,0.05384615384615385,0.0,0.06544165054803353,0.0,0.027631279521806135,0.0,0.0,0.0025101864370899235
Aweil West,2002-06-10,train,0.0,0,0.05384615384615385,0.0,0.06544165054803353,0.0,0.028301997757138292,0.0,0.0,0.0025101864370899235
Aweil West,2002-06-17,train,0.0,0,0.05384615384615385,0.0,0.06544165054803353,0.0,0.028375385753447575,0.0,0.0,0.0025101864371949853
Aweil West,2002-06-24,train,0.0,0,0.05384615384615385,0.0,0.06544165054803353,0.0,0.0316973809812667,0.0,0.0,0.010552218642839383
Aweil West,2002-07-01,train,0.0,0,0.03676470588235294,0.0,0.06544165054803353,0.0,0.030229417314763606,0.0,0.0,0.002511510257401856
Aweil West,2002-07-08,train,0.0,0,0.03676470588235294,0.0,0.06544165054803353,0.0,0.030229417314763606,0.0,0.0,0.0025115068878448434
Aweil West,2002-07-15,train,0.0,0,0.03676470588235294,0.0,0.06544165054803353,0.0,0.03270349105571667,0.0,0.0,0.0025122819985523375
Aweil West,2002-07-22,train,0.0,0,0.03676470588235294,0.0,0.06544165054803353,0.0,0.06626268562581727,0.0,0.0,0.03760069723195072
Aweil West,2002-07-29,train,0.0,0,0.03676470588235294,0.0,0.06544165054803353,0.0,0.044743684203425185,0.0,0.0,0.007896965828440919
Aweil West,2002-08-05,train,0.0,0,0.2196969696969697,0.0,0.06544165054803353,0.0,0.05959830352036073,0.0,0.0,0.021311394378641154
Aweil West,2002-08-12,train,0.0,0,0.2196969696969697,0.0,0.06544165054803353,0.0,0.05279172244733296,0.0,0.0,0.18910949089292117
Aweil West,2002-08-19,train,0.0,0,0.2196969696969697,0.0,0.06544165054803353,0.0,0.14245089012285767,0.0,0.0,0.4347260802468903
Aweil West,2002-08-26,train,0.0,0,0.2196969696969697,0.0,0.06544165054803353,0.0,0.13486174427979677,0.0,0.0,0.3883298467506598
Aweil West,2002-09-02,train,0.0,0,0.5833333333333334,0.2121416350264479,0.06544165054803353,0.0,0.16233568746644875,0.0,0.0,0.5086734909308336
Aweil West,2002-09-09,train,0.0,0,0.5833333333333334,0.2121416350264479,0.06544165054803353,0.0,0.1372963267015656,0.0,0.0,0.30921709320143764
Aweil West,2002-09-16,train,0.0,0,0.5833333333333334,0.2121416350264479,0.06544165054803353,0.0,0.18787400214726094,0.0,0.0,1.6076191428120286
Aweil West,2002-09-23,train,0.0,0,0.5833333333333334,0.2121416350264479,0.06544165054803353,0.0,0.11645851013727021,0.0,0.0,0.46670846607246486
Aweil West,2002-09-30,train,0.0,0,0.5833333333333334,0.2121416350264479,0.06544165054803353,0.0,0.27643597775119794,0.0,0.0,3.092080252241437
Aweil West,2002-10-07,train,0.0,0,0.5955882352941176,0.4241699020482017,0.06544165054803353,0.0,0.1580103062126276,0.0,0.0,0.9894515782655497
Aweil West,2002-10-14,train,0.0,0,0.5955882352941176,0.4241699020482017,0.06544165054803353,0.0,0.10407769341119645,0.0,0.0,0.05618236961307236
Aweil West,2002-10-21,train,0.0,0,0.5955882352941176,0.4241699020482017,0.06544165054803353,0.0,0.12122935465829403,0.0,0.0,0.5304463605670113
Aweil West,2002-10-28,train,0.0,0,0.5955882352941176,0.4241699020482017,0.06544165054803353,0.0,0.12848831654853698,0.0,0.0,0.02574989706485753
Aweil West,2002-11-04,train,0.0,0,0.3984375,0.0,0.06544165054803353,0.0,0.2847969557390623,0.0,0.0,0.02423233219841759
Aweil West,2002-11-11,train,0.0530327990649319,1,0.3984375,0.0,0.06544165054803353,0.0,0.20460990240238336,0.0,0.0,0.05237050913078889
Aweil West,2002-11-18,train,0.1590529154312531,1,0.3984375,0.0,0.7527675276752768,0.0530327990649319,0.4995792653199342,0.0,0.024187965005951877,0.18640640744711462
Aweil West,2002-11-25,train,0.0,0,0.3984375,0.0,0.7527675276752768,0.1590529154312531,0.32370483092314495,0.0,0.008677807950800871,0.06106433639118536
Aweil West,2002-12-02,train,0.0,0,0.021739130434782608,0.0,0.06544165054803353,0.0,0.0960490273953675,0.0,0.0,0.49022553747517794
Aweil West,2002-12-09,train,0.0,0,0.021739130434782608,0.0,0.06544165054803353,0.0,0.0363282007720913,0.0,0.0,0.06719244644454131
Aweil West,2002-12-16,train,0.0,0,0.021739130434782608,0.0,0.06544165054803353,0.0,0.04038448321094683,0.0,0.0,0.014704688661077494
Aweil West,2002-12-23,train,0.0,0,0.021739130434782608,0.0,0.06544165054803353,0.0,0.060079564164734235,0.0,0.0,0.006979370012068383
Aweil West,2002-12-30,train,0.0,0,0.021739130434782608,0.0,0.06544165054803353,0.0,0.030523816155715117,0.0,0.0,0.0025125957522094816
Aweil West,2003-01-06,train,0.0,0,0.03676470588235294,0.0,0.06544165054803353,0.0,0.035743897558193335,0.0,0.0,0.002581834371238399
Aweil West,2003-01-13,train,0.0,0,0.03676470588235294,0.0,0.06544165054803353,0.0,0.03793026324708104,0.0,0.0,0.002715230380445
Aweil West,2003-01-20,train,0.0,0,0.03676470588235294,0.0,0.06544165054803353,0.0,0.052447796882093854,0.0,0.0,0.004438440476333484
Aweil West,2003-01-27,train,0.0,0,0.03676470588235294,0.0,0.06544165054803353,0.0,0.07689705849310348,0.0,0.0,0.030324916240289875
Aweil West,2003-02-03,train,0.0,0,0.00819672131147541,0.0,0.06544165054803353,0.0,0.04061335101448292,0.0,0.0,0.00571388136475656
Aweil West,2003-02-10,train,0.0,0,0.00819672131147541,0.0,0.06544165054803353,0.0,0.04003734302208943,0.0,0.0,0.00571388136475656
Aweil West,2003-02-17,train,0.0,0,0.00819672131147541,0.0,0.06544165054803353,0.0,0.03916899859791351,0.0,0.0,0.00571388136475656
Aweil West,2003-02-24,train,0.0,0,0.00819672131147541,0.0,0.06544165054803353,0.0,0.037383751741678226,0.0,0.0,0.002427242751382286
Aweil West,2003-03-03,train,0.0,0,0.05223880597014925,0.0,0.06544165054803353,0.0,0.039338983540125334,0.0,0.0,0.004960316393522333
Aweil West,2003-03-10,train,0.0,0,0.05223880597014925,0.0,0.06544165054803353,0.0,0.060048879066697425,0.0,0.0,0.02471774351475943
Aweil West,2003-03-17,train,0.0,0,0.05223880597014925,0.0,0.06544165054803353,0.0,0.04330274893534353,0.0,0.0,0.005459274704452031
Aweil West,2003-03-24,train,0.0,0,0.05223880597014925,0.0,0.06544165054803353,0.0,0.04330274893534353,0.0,0.0,0.005459274704452031
Aweil West,2003-03-31,train,0.1590645110948647,1,0.05223880597014925,0.0,0.06544165054803353,0.0,0.08536521960219799,0.0,0.0,0.0325683394719662
Aweil West,2003-04-07,train,0.0,0,0.022727272727272728,0.0,0.7527675276752768,0.1590645110948647,0.11491726178078177,0.0,0.0,0.026821691005156894
Aweil West,2003-04-14,train,0.0,0,0.022727272727272728,0.0,0.06544165054803353,0.0,0.10128775417966997,0.0,0.0,0.223476822978258
Aweil West,2003-04-21,train,0.212143720156579,1,0.022727272727272728,0.0,0.06544165054803353,0.0,0.14113273490882372,0.0,0.0,0.196597003020906
Aweil West,2003-04-28,train,0.0,0,0.022727272727272728,0.0,0.7527675276752768,0.212143720156579,0.19160316791129348,0.0,0.0,0.2350732345523077
Aweil West,2003-05-05,train,0.0,0,0.022388059701492536,0.0,0.06544165054803353,0.0,0.11703055252105564,0.0,0.0,0.17278309011494558
Aweil West,2003-05-12,train,0.0,0,0.022388059701492536,0.0,0.06544165054803353,0.0,0.15797327446929083,0.0,0.0,0.3215437339184774
Aweil West,2003-05-19,train,0.0,0,0.022388059701492536,0.0,0.06544165054803353,0.0,0.07307354119876047,0.0,0.0,0.041497398759591526
Aweil West,2003-05-26,train,0.0529955462675093,1,0.022388059701492536,0.0,0.06544165054803353,0.0,0.08250051682677648,0.0,0.0,0.0447840373729658
Aweil West,2003-06-02,train,0.0,0,0.05384615384615385,0.0,0.7527675276752768,0.0529955462675093,0.11153813739089988,0.0,0.0,0.03413016652741792
Aweil West,2003-06-09,train,0.0,0,0.05384615384615385,0.0,0.06544165054803353,0.0,0.08250051682677648,0.0,0.0,0.05120931857383223
Aweil West,2003-06-16,train,1.325489558529981,1,0.05384615384615385,0.0,0.06544165054803353,0.0,0.14115995305482368,0.0,0.0,0.19807468286290042
Aweil West,2003-06-23,train,0.6362944004300211,1,0.05384615384615385,0.0,0.7527675276752768,1.325489558529981,0.5351512080864668,0.0,0.10463679963835251,2.812743018983039
Aweil West,2003-06-30,train,0.9014941694278972,1,0.05384615384615385,0.0,0.7527675276752768,0.6362944004300211,0.5345829755085283,0.0,0.10416512824112499,4.42781118062308
Aweil West,2003-07-07,train,0.0,0,0.03676470588235294,0.0,0.7527675276752768,0.9014941694278972,0.4348727417232379,0.0,0.05977765012746762,2.5410518085003946
Aweil West,2003-07-14,train,0.0,0,0.03676470588235294,0.0,0.06544165054803353,0.0,0.20454624084418524,0.0,0.0,1.1119776090229505
Aweil West,2003-07-21,train,0.0,0,0.03676470588235294,0.0,0.06544165054803353,0.0,0.10942901701033451,0.0,0.0,0.24721297013005034
Aweil West,2003-07-28,train,0.0,0,0.03676470588235294,0.0,0.06544165054803353,0.0,0.056235699332908874,0.0,0.0,0.016101548406722097
Aweil West,2003-08-04,train,0.0,0,0.2196969696969697,0.0,0.06544165054803353,0.0,0.06073734157978774,0.0,0.0,0.023124670946361104
Aweil West,2003-08-11,train,0.0,0,0.2196969696969697,0.0,0.06544165054803353,0.0,0.058594686906749634,0.0,0.0,0.006635295177534611
Aweil West,2003-08-18,train,0.0,0,0.2196969696969697,0.0,0.06544165054803353,0.0,0.13549259271984804,0.0,0.0,0.46255180772111903
Aweil West,2003-08-25,train,0.0,0,0.2196969696969697,0.0,0.06544165054803353,0.0,0.15264780235310604,0.0,0.0,0.5577861152465907
Aweil West,2003-09-01,train,1.378609440560548,1,0.5833333333333334,0.2121416350264479,0.06544165054803353,0.0,0.23053896517998157,0.0,0.0,1.2968491823347883
Aweil West,2003-09-08,train,9.386259355720911,1,0.5833333333333334,0.2121416350264479,0.7527675276752768,1.378609440560548,0.6860405437482238,0.0,0.27722885407125186,8.620711400663927
Aweil West,2003-09-15,train,7.582628042348515,1,0.5833333333333334,0.2121416350264479,0.7527675276752768,9.386259355720911,0.8772210734364905,0.015268686898443962,3.7817173803056328,19.645646334327925
Aweil West,2003-09-22,train,2.332884635077678,1,0.5833333333333334,0.2121416350264479,0.7527675276752768,7.582628042348515,0.896489376776799,0.015268686898443962,2.9644779583742578,13.114057606730842
Aweil West,2003-09-29,train,1.0604925107650656,1,0.5833333333333334,0.2121416350264479,0.7527675276752768,2.332884635077678,0.7876123420597357,0.0,1.4232050664903813,9.051674394707614
Aweil West,2003-10-06,train,0.0,0,0.5955882352941176,0.4241699020482017,0.7527675276752768,1.0604925107650656,0.5672763067543645,0.0,0.3833417286601253,13.91331249804881
Aweil West,2003-10-13,train,0.8485031865760166,1,0.5955882352941176,0.4241699020482017,0.06544165054803353,0.0,0.5478429672028982,0.0,0.1666645163028673,10.260321815265051
Aweil West,2003-10-20,train,4.0832979855119085,1,0.5955882352941176,0.4241699020482017,0.7527675276752768,0.8485031865760166,0.5954149115219409,0.0,0.250590292887278,5.027592471070849
Aweil West,2003-10-27,train,0.7422369952455545,1,0.5955882352941176,0.4241699020482017,0.7527675276752768,4.0832979855119085,0.7277013743939857,0.0,0.7935661446604424,6.1916237175310105
Aweil West,2003-11-03,train,0.1590208963891297,1,0.3984375,0.0,0.7527675276752768,0.7422369952455545,0.5418378772308079,0.0,0.046866072329548376,2.8629522198899284
Aweil West,2003-11-10,train,0.0,0,0.3984375,0.0,0.7527675276752768,0.1590208963891297,0.4402881757587006,0.0,0.020538471558103025,0.46178906737930026
Aweil West,2003-11-17,train,0.0,0,0.3984375,0.0,0.06544165054803353,0.0,0.19089620993865597,0.0,0.013896487145761492,0.47451079838361826
Aweil West,2003-11-24,train,0.0,0,0.3984375,0.0,0.06544165054803353,0.0,0.11555679288319325,0.0,0.0,0.010517981471003487
Aweil West,2003-12-01,train,0.0,0,0.021739130434782608,0.0,0.06544165054803353,0.0,0.037706598545390775,0.0,0.0,0.013031761244134849
Aweil West,2003-12-08,train,0.0,0,0.021739130434782608,0.0,0.06544165054803353,0.0,0.03649490911187127,0.0,0.0,0.014017981106632363
Aweil West,2003-12-15,train,0.0,0,0.021739130434782608,0.0,0.06544165054803353,0.0,0.0520121302481736,0.0,0.0,0.033121389624698835
Aweil West,2003-12-22,train,0.0,0,0.021739130434782608,0.0,0.06544165054803353,0.0,0.07305216456842963,0.0,0.0,0.022400995628753945
Aweil West,2003-12-29,train,0.0,0,0.021739130434782608,0.0,0.06544165054803353,0.0,0.04115222213837797,0.0,0.0,0.004839048668413674
Aweil West,2004-01-05,train,0.0,0,0.03676470588235294,0.0,0.06544165054803353,0.0,0.02988898373248051,0.0,0.0,0.002009579510164465
Aweil West,2004-01-12,train,0.0,0,0.03676470588235294,0.0,0.06544165054803353,0.0,0.032457378230412705,0.0,0.0,0.0021904401408609684
Aweil West,2004-01-19,train,0.0,0,0.03676470588235294,0.0,0.06544165054803353,0.0,0.04975442294497589,0.0,0.0,0.009961400503501106
Aweil West,2004-01-26,train,0.0,0,0.03676470588235294,0.0,0.06544165054803353,0.0,0.049469069809517555,0.0,0.0,0.016107579442483165
Aweil West,2004-02-02,train,0.0,0,0.00819672131147541,0.0,0.06544165054803353,0.0,0.029173876946045233,0.0,0.0,0.0020085161418667424
Aweil West,2004-02-09,train,0.0,0,0.00819672131147541,0.0,0.06544165054803353,0.0,0.02766302026550934,0.0,0.0,0.0020085161418667424
Aweil West,2004-02-16,train,0.0,0,0.00819672131147541,0.0,0.06544165054803353,0.0,0.02766302026550934,0.0,0.0,0.0020085161418667424
Aweil West,2004-02-23,train,0.0,0,0.00819672131147541,0.0,0.06544165054803353,0.0,0.02766302026550934,0.0,0.0,0.0020085161418667424
Aweil West,2004-03-01,train,0.0,0,0.05223880597014925,0.0,0.06544165054803353,0.0,0.029125224418124537,0.0,0.0,0.0020085161418667424
Aweil West,2004-03-08,train,0.0,0,0.05223880597014925,0.0,0.06544165054803353,0.0,0.06599098804283876,0.0,0.0,0.04236355195849793
Aweil West,2004-03-15,train,0.0,0,0.05223880597014925,0.0,0.06544165054803353,0.0,0.033100113139030704,0.0,0.0,0.0020085161418667424
Aweil West,2004-03-22,train,0.0,0,0.05223880597014925,0.0,0.06544165054803353,0.0,0.033100113139030704,0.0,0.0,0.0020085161418667424
Aweil West,2004-03-29,train,0.0,0,0.05223880597014925,0.0,0.06544165054803353,0.0,0.03533311039670362,0.0,0.0,0.003411398782830839
Aweil West,2004-04-05,train,0.0,0,0.022727272727272728,0.0,0.06544165054803353,0.0,0.034417182160759584,0.0,0.0,0.0020085161418667424
Aweil West,2004-04-12,train,0.0,0,0.022727272727272728,0.0,0.06544165054803353,0.0,0.03224369944499244,0.0,0.0,0.0020085161418667424
Aweil West,2004-04-19,train,0.0,0,0.022727272727272728,0.0,0.06544165054803353,0.0,0.03224369944499244,0.0,0.0,0.002389291907698297
Aweil West,2004-04-26,train,0.0,0,0.022727272727272728,0.0,0.06544165054803353,0.0,0.035012912419725456,0.0,0.0,0.0020085161418667424
Aweil West,2004-05-03,train,0.0,0,0.022388059701492536,0.0,0.06544165054803353,0.0,0.03941019128512695,0.0,0.0,0.031757593036405504
Aweil West,2004-05-10,train,0.0,0,0.022388059701492536,0.0,0.06544165054803353,0.0,0.0308364726693031,0.0,0.0,0.0023076285605036877
Aweil West,2004-05-17,train,0.0,0,0.022388059701492536,0.0,0.06544165054803353,0.0,0.028614698030032887,0.0,0.0,0.0020085161418667424
Aweil West,2004-05-24,train,0.0,0,0.022388059701492536,0.0,0.06544165054803353,0.0,0.028614698030032887,0.0,0.0,0.0020085161418667424
Aweil West,2004-05-31,train,0.0,0,0.022388059701492536,0.0,0.06544165054803353,0.0,0.028614698030032887,0.0,0.0,0.0020085161418667424
Aweil West,2004-06-07,train,0.0,0,0.05384615384615385,0.0,0.06544165054803353,0.0,0.028614698030032887,0.0,0.0,0.0020085161418667424
Aweil West,2004-06-14,train,0.0,0,0.05384615384615385,0.0,0.06544165054803353,0.0,0.028614698030032887,0.0,0.0,0.0020085161418667424
Aweil West,2004-06-21,train,0.0,0,0.05384615384615385,0.0,0.06544165054803353,0.0,0.028688872928589865,0.0,0.0,0.0020085172364640164
Aweil West,2004-06-28,train,0.0,0,0.05384615384615385,0.0,0.06544165054803353,0.0,0.030942972361561776,0.0,0.0,0.0020087587059258224
Aweil West,2004-07-05,train,0.0,0,0.03676470588235294,0.0,0.06544165054803353,0.0,0.02988959895154557,0.0,0.0,0.0020087587059258224
Aweil West,2004-07-12,train,0.0,0,0.03676470588235294,0.0,0.06544165054803353,0.0,0.04425398467487047,0.0,0.0,0.002148651926949916
Aweil West,2004-07-19,train,0.0,0,0.03676470588235294,0.0,0.06544165054803353,0.0,0.042931132141430725,0.0,0.0,0.007770580111423114
Aweil West,2004-07-26,train,0.0,0,0.03676470588235294,0.0,0.06544165054803353,0.0,0.03415528564913151,0.0,0.0,0.0019363505624451851
Aweil West,2004-08-02,train,0.0,0,0.2196969696969697,0.0,0.06544165054803353,0.0,0.03194850284552391,0.0,0.0,0.004189060397492829
Aweil West,2004-08-09,train,0.0,0,0.2196969696969697,0.0,0.06544165054803353,0.0,0.03620986616614542,0.0,0.0,0.0016694188221570408
Aweil West,2004-08-16,train,0.0,0,0.2196969696969697,0.0,0.06544165054803353,0.0,0.14308472488509513,0.0,0.0,0.3868633974216202
Aweil West,2004-08-23,train,0.0,0,0.2196969696969697,0.0,0.06544165054803353,0.0,0.13831934834240908,0.0,0.0,0.5863876607631814
Aweil West,2004-08-30,train,0.0,0,0.2196969696969697,0.0,0.06544165054803353,0.0,0.20729636872897564,0.0,0.0,0.8327863858079814
Aweil West,2004-09-06,train,0.0,0,0.5833333333333334,0.2121416350264479,0.06544165054803353,0.0,0.13417189819811104,0.0,0.0,0.6764945537072319
Aweil West,2004-09-13,train,0.0,0,0.5833333333333334,0.2121416350264479,0.06544165054803353,0.0,0.11854391591595473,0.0,0.0,0.3785221759726919
Aweil West,2004-09-20,train,0.0,0,0.5833333333333334,0.2121416350264479,0.06544165054803353,0.0,0.13915711695814437,0.0,0.0,0.5978534846673947
Aweil West,2004-09-27,train,0.0,0,0.5833333333333334,0.2121416350264479,0.06544165054803353,0.0,0.3268821835171579,0.0,0.0,3.4341305709053667
Aweil West,2004-10-04,train,0.0,0,0.5955882352941176,0.4241699020482017,0.06544165054803353,0.0,0.17268817046687043,0.0,0.0,1.451266053853436
Aweil West,2004-10-11,train,0.0,0,0.5955882352941176,0.4241699020482017,0.06544165054803353,0.0,0.1251058260212917,0.0,0.0,0.79497922973378
Aweil West,2004-10-18,train,0.0,0,0.5955882352941176,0.4241699020482017,0.06544165054803353,0.0,0.21479223211778997,0.0,0.0,0.274964664925983
Aweil West,2004-10-25,train,0.0,0,0.5955882352941176,0.4241699020482017,0.06544165054803353,0.0,0.1237086443694432,0.0,0.0,0.1344779015188435
Aweil West,2004-11-01,train,0.1060458169269488,1,0.3984375,0.0,0.06544165054803353,0.0,0.30110069690620317,0.0,0.0,0.1929653140830766
Aweil West,2004-11-08,train,0.0,0,0.3984375,0.0,0.7527675276752768,0.1060458169269488,0.3877543100331204,0.0,0.0005110545095301323,0.17204374841847359
Aweil West,2004-11-15,train,0.0,0,0.3984375,0.0,0.06544165054803353,0.0,0.12890764928878132,0.0,0.0,0.08804002997576525
Aweil West,2004-11-22,train,0.0,0,0.3984375,0.0,0.06544165054803353,0.0,0.10299493365364709,0.0,0.0,0.0
Aweil West,2004-11-29,train,0.0,0,0.3984375,0.0,0.06544165054803353,0.0,0.029436504524245725,0.0,0.0,0.00017631697620076187
Aweil West,2004-12-06,train,0.0,0,0.021739130434782608,0.0,0.06544165054803353,0.0,0.027399580484544297,0.0,0.0,0.004127532297085989
Aweil West,2004-12-13,train,0.0,0,0.021739130434782608,0.0,0.06544165054803353,0.0,0.027447554008704366,0.0,0.0,0.0034279959197028947
Aweil West,2004-12-20,train,0.0,0,0.021739130434782608,0.0,0.06544165054803353,0.0,0.0773036639460624,0.0,0.0,0.04092385193868311
Aweil West,2004-12-27,train,0.0,0,0.021739130434782608,0.0,0.06544165054803353,0.0,0.03280672185544216,0.0,0.0,0.0020127079972668176
Aweil West,2005-01-03,train,0.0,0,0.03676470588235294,0.0,0.06544165054803353,0.0,0.02988898373248051,0.0,0.0,0.002009579510164465
Aweil West,2005-01-10,train,0.0,0,0.03676470588235294,0.0,0.06544165054803353,0.0,0.029665341861575368,0.0,0.0,0.0020090226067546045
Aweil West,2005-01-17,train,0.0,0,0.03676470588235294,0.0,0.06544165054803353,0.0,0.03914819077887642,0.0,0.0,0.002962565662312855
Aweil West,2005-01-24,train,0.0,0,0.03676470588235294,0.0,0.06544165054803353,0.0,0.05240256792405937,0.0,0.0,0.022086821379494175
Aweil West,2005-01-31,train,0.0,0,0.03676470588235294,0.0,0.06544165054803353,0.0,0.029173876946045233,0.0,0.0,0.0020085161418667424
Aweil West,2005-02-07,train,0.0,0,0.00819672131147541,0.0,0.06544165054803353,0.0,0.02766302026550934,0.0,0.0,0.0020085161418667424
Aweil West,2005-02-14,train,0.0,0,0.00819672131147541,0.0,0.06544165054803353,0.0,0.02766302026550934,0.0,0.0,0.0020085161418667424
Aweil West,2005-02-21,train,0.0,0,0.00819672131147541,0.0,0.06544165054803353,0.0,0.02766302026550934,0.0,0.0,0.0020085161418667424
Aweil West,2005-02-28,train,0.0,0,0.00819672131147541,0.0,0.06544165054803353,0.0,0.02766302026550934,0.0,0.0,0.0020085161418667424
Aweil West,2005-03-07,train,0.0,0,0.05223880597014925,0.0,0.06544165054803353,0.0,0.030678294204061787,0.0,0.0,0.0020085161418667424
Aweil West,2005-03-14,train,0.0,0,0.05223880597014925,0.0,0.06544165054803353,0.0,0.03775856488828325,0.0,0.0,0.0020085161418667424
Aweil West,2005-03-21,train,0.0,0,0.05223880597014925,0.0,0.06544165054803353,0.0,0.033100113139030704,0.0,0.0,0.0020085161418667424
Aweil West,2005-03-28,train,0.0,0,0.05223880597014925,0.0,0.06544165054803353,0.0,0.03533311039670362,0.0,0.0,0.0020085161418667424
Aweil West,2005-04-04,train,0.0,0,0.022727272727272728,0.0,0.06544165054803353,0.0,0.03324622034906156,0.0,0.0,0.0020085161418667424
Aweil West,2005-04-11,train,0.0,0,0.022727272727272728,0.0,0.06544165054803353,0.0,0.03224369944499244,0.0,0.0,0.0020085161418667424
Aweil West,2005-04-18,train,0.0,0,0.022727272727272728,0.0,0.06544165054803353,0.0,0.03224369944499244,0.0,0.0,0.0020085161418667424
Aweil West,2005-04-25,train,0.0,0,0.022727272727272728,0.0,0.06544165054803353,0.0,0.035192453167850496,0.0,0.0,0.0020085161418667424
Aweil West,2005-05-02,train,0.0,0,0.022388059701492536,0.0,0.06544165054803353,0.0,0.03146463159142972,0.0,0.0,0.0020085161418667424
Aweil West,2005-05-09,train,0.0,0,0.022388059701492536,0.0,0.06544165054803353,0.0,0.028968483096907055,0.0,0.0,0.0020085161418667424
Aweil West,2005-05-16,train,0.0,0,0.022388059701492536,0.0,0.06544165054803353,0.0,0.028614698030032887,0.0,0.0,0.0020085161418667424
Aweil West,2005-05-23,train,0.0,0,0.022388059701492536,0.0,0.06544165054803353,0.0,0.028614698030032887,0.0,0.0,0.0020085161418667424
Aweil West,2005-05-30,train,0.0,0,0.022388059701492536,0.0,0.06544165054803353,0.0,0.028614698030032887,0.0,0.0,0.0020085161418667424
Aweil West,2005-06-06,train,0.0,0,0.05384615384615385,0.0,0.06544165054803353,0.0,0.028614698030032887,0.0,0.0,0.0020085161418667424
Aweil West,2005-06-13,train,0.0,0,0.05384615384615385,0.0,0.06544165054803353,0.0,0.028614698030032887,0.0,0.0,0.0020085161418667424
Aweil West,2005-06-20,train,0.0,0,0.05384615384615385,0.0,0.06544165054803353,0.0,0.028688872928589865,0.0,0.0,0.0020085172364640164
Aweil West,2005-06-27,train,0.0,0,0.05384615384615385,0.0,0.06544165054803353,0.0,0.030942972361561776,0.0,0.0,0.0020087587059258224
Aweil West,2005-07-04,train,0.0,0,0.03676470588235294,0.0,0.06544165054803353,0.0,0.02988959895154557,0.0,0.0,0.0020087587059258224
Aweil West,2005-07-11,train,0.0,0,0.03676470588235294,0.0,0.06544165054803353,0.0,0.0479872527965912,0.0,0.0,0.005442464513112867
Aweil West,2005-07-18,train,0.0,0,0.03676470588235294,0.0,0.06544165054803353,0.0,0.030763124386736923,0.0,0.0,0.0021479376907187217
Aweil West,2005-07-25,train,0.0,0,0.03676470588235294,0.0,0.06544165054803353,0.0,0.03319915468219507,0.0,0.0,0.0019340815209051316
Aweil West,2005-08-01,train,0.0,0,0.2196969696969697,0.0,0.06544165054803353,0.0,0.032128762706237185,0.0,0.0,0.0025505913359067946
Aweil West,2005-08-08,train,0.0,0,0.2196969696969697,0.0,0.06544165054803353,0.0,0.03949798638226371,0.0,0.0,0.0013521375543650812
Aweil West,2005-08-15,train,0.0,0,0.2196969696969697,0.0,0.06544165054803353,0.0,0.22334324801385125,0.0,0.0,0.08418569984872103
Aweil West,2005-08-22,train,1.0074190060559625,1,0.2196969696969697,0.0,0.06544165054803353,0.0,0.20720242165142624,0.0,0.0,0.9952161598566335
Aweil West,2005-08-29,train,1.1134566748924632,1,0.2196969696969697,0.0,0.7527675276752768,1.0074190060559625,0.5213093834560423,0.0,0.15698281134199338,4.753465042805962
Aweil West,2005-09-05,train,0.0,0,0.5833333333333334,0.2121416350264479,0.7527675276752768,1.1134566748924632,0.44791942397908296,0.0,0.22378812050965216,7.616386248981146
Aweil West,2005-09-12,train,0.0,0,0.5833333333333334,0.2121416350264479,0.06544165054803353,0.0,0.5364765269740341,0.0,0.1666645163028673,6.676769092416318
Aweil West,2005-09-19,train,0.3181213304522979,1,0.5833333333333334,0.2121416350264479,0.06544165054803353,0.0,0.48844826806794,0.0,0.054916057923053166,4.26861473008041
Aweil West,2005-09-26,train,0.7951395889405991,1,0.5833333333333334,0.2121416350264479,0.7527675276752768,0.3181213304522979,0.7503348156210181,0.0,0.37695847384905495,13.792967492331357
Aweil West,2005-10-03,train,1.7496163844113295,1,0.5955882352941176,0.4241699020482017,0.7527675276752768,0.7951395889405991,0.6914921016160753,0.0,0.46544789937525666,3.179757779084943
Aweil West,2005-10-10,train,1.590793159375831,1,0.5955882352941176,0.4241699020482017,0.7527675276752768,1.7496163844113295,0.7605830500869406,0.0,0.8193925629028755,14.916057423380552
Aweil West,2005-10-17,train,0.0,0,0.5955882352941176,0.4241699020482017,0.7527675276752768,1.590793159375831,0.6454206267418192,0.0,0.15974332453220128,3.0868904180356016
Aweil West,2005-10-24,train,2.916658157472196,1,0.5955882352941176,0.4241699020482017,0.06544165054803353,0.0,0.5659728878312226,0.0,0.15596785132129068,6.020132762453355
Aweil West,2005-10-31,train,0.6893510288360334,1,0.5955882352941176,0.4241699020482017,0.7527675276752768,2.916658157472196,0.7727644626280101,0.0019077954898751414,0.5030233278358743,6.582286530629997
Aweil West,2005-11-07,train,0.1060409985890351,1,0.3984375,0.0,0.7527675276752768,0.6893510288360334,0.6195450182859772,0.0,0.22945727093615437,3.3386747204838323
Aweil West,2005-11-14,train,0.0,0,0.3984375,0.0,0.7527675276752768,0.1060409985890351,0.3959879701422882,0.0,0.0291155730864482,0.4603357488971746
Aweil West,2005-11-21,train,0.0,0,0.3984375,0.0,0.06544165054803353,0.0,0.1975231220352826,0.0,0.013896487145761492,0.05019843138401636
Aweil West,2005-11-28,train,0.0,0,0.3984375,0.0,0.06544165054803353,0.0,0.04609479546922177,0.0,0.0,0.008712167548958757
Aweil West,2005-12-05,train,0.0,0,0.021739130434782608,0.0,0.06544165054803353,0.0,0.028401766181910714,0.0,0.0,0.004726936270951922
Aweil West,2005-12-12,train,0.0,0,0.021739130434782608,0.0,0.06544165054803353,0.0,0.027447554008704366,0.0,0.0,0.0018566725182453238
Aweil West,2005-12-19,train,0.0,0,0.021739130434782608,0.0,0.06544165054803353,0.0,0.04962822686786908,0.0,0.0,0.04207283649684895
Aweil West,2005-12-26,train,0.0,0,0.021739130434782608,0.0,0.06544165054803353,0.0,0.04073832497949844,0.0,0.0,0.013868282155584473
Aweil West,2006-01-02,train,0.0,0,0.03676470588235294,0.0,0.06544165054803353,0.0,0.03155794930250471,0.0,0.0,0.002009579510164465
Aweil West,2006-01-09,train,0.0,0,0.03676470588235294,0.0,0.06544165054803353,0.0,0.03168185937005446,0.0,0.0,0.002195541786682277
Aweil West,2006-01-16,train,0.0,0,0.03676470588235294,0.0,0.06544165054803353,0.0,0.039674438595897164,0.0,0.0,0.0029585970295450464
Aweil West,2006-01-23,train,0.0,0,0.03676470588235294,0.0,0.06544165054803353,0.0,0.03658860579160773,0.0,0.0,0.010159965171790354
Aweil West,2006-01-30,train,0.0,0,0.03676470588235294,0.0,0.06544165054803353,0.0,0.028065627595799475,0.0,0.0,0.0020085161418667424
Aweil West,2006-02-06,train,0.0,0,0.00819672131147541,0.0,0.06544165054803353,0.0,0.028039384533378547,0.0,0.0,0.0020085161418667424
Aweil West,2006-02-13,train,0.0,0,0.00819672131147541,0.0,0.06544165054803353,0.0,0.028039384533378547,0.0,0.0,0.0020085161418667424
Aweil West,2006-02-20,train,0.0,0,0.00819672131147541,0.0,0.06544165054803353,0.0,0.028039384533378547,0.0,0.0,0.0020085161418667424
Aweil West,2006-02-27,train,0.0,0,0.00819672131147541,0.0,0.06544165054803353,0.0,0.028039384533378547,0.0,0.0,0.0020085161418667424
Aweil West,2006-03-06,train,0.0,0,0.05223880597014925,0.0,0.06544165054803353,0.0,0.031094370342094346,0.0,0.0,0.0034795892477863808
Aweil West,2006-03-13,train,0.0,0,0.05223880597014925,0.0,0.06544165054803353,0.0,0.03946605758819448,0.0,0.0,0.0020085161418667424
Aweil West,2006-03-20,train,0.0,0,0.05223880597014925,0.0,0.06544165054803353,0.0,0.03301124968144209,0.0,0.0,0.0020085161418667424
Aweil West,2006-03-27,train,0.0,0,0.05223880597014925,0.0,0.06544165054803353,0.0,0.0360042916224565,0.0,0.0,0.0020085161418667424
Aweil West,2006-04-03,train,0.0,0,0.022727272727272728,0.0,0.06544165054803353,0.0,0.03315697809041436,0.0,0.0,0.0020085161418667424
Aweil West,2006-04-10,train,0.0,0,0.022727272727272728,0.0,0.06544165054803353,0.0,0.033290980284562684,0.0,0.0,0.0020085161418667424
Aweil West,2006-04-17,train,0.0,0,0.022727272727272728,0.0,0.06544165054803353,0.0,0.03215705872381726,0.0,0.0,0.0020085161418667424
Aweil West,2006-04-24,train,0.0,0,0.022727272727272728,0.0,0.06544165054803353,0.0,0.03435094177210136,0.0,0.0,0.0020085161418667424
Aweil West,2006-05-01,train,0.0,0,0.022388059701492536,0.0,0.06544165054803353,0.0,0.03143244084059591,0.0,0.0,0.003001849565401722
Aweil West,2006-05-08,train,0.0,0,0.022388059701492536,0.0,0.06544165054803353,0.0,0.028890380348294976,0.0,0.0,0.0020085161418667424
Aweil West,2006-05-15,train,0.0,0,0.022388059701492536,0.0,0.06544165054803353,0.0,0.02853752109879616,0.0,0.0,0.0020085161418667424
Aweil West,2006-05-22,train,0.0,0,0.022388059701492536,0.0,0.06544165054803353,0.0,0.02853752109879616,0.0,0.0,0.0020085161418667424
Aweil West,2006-05-29,train,0.0,0,0.022388059701492536,0.0,0.06544165054803353,0.0,0.02853752109879616,0.0,0.0,0.0020085161418667424
Aweil West,2006-06-05,train,0.0,0,0.05384615384615385,0.0,0.06544165054803353,0.0,0.02853752109879616,0.0,0.0,0.0020085161418667424
Aweil West,2006-06-12,train,0.0,0,0.05384615384615385,0.0,0.06544165054803353,0.0,0.02853752109879616,0.0,0.0,0.0020085161418667424
Aweil West,2006-06-19,train,0.0,0,0.05384615384615385,0.0,0.06544165054803353,0.0,0.028611501832205764,0.0,0.0,0.0020085172364640164
Aweil West,2006-06-26,train,0.0,0,0.05384615384615385,0.0,0.06544165054803353,0.0,0.036603012580670044,0.0,0.0,0.006920386951003365
Aweil West,2006-07-03,train,0.0,0,0.03676470588235294,0.0,0.06544165054803353,0.0,0.031365266014482876,0.0,0.0,0.0020087177949391875
Aweil West,2006-07-10,train,0.0,0,0.03676470588235294,0.0,0.06544165054803353,0.0,0.05654572100377416,0.0,0.0,0.009850361554698163
Aweil West,2006-07-17,train,0.0,0,0.03676470588235294,0.0,0.06544165054803353,0.0,0.03408031594454313,0.0,0.0,0.0035797486440182096
Aweil West,2006-07-24,train,0.0,0,0.03676470588235294,0.0,0.06544165054803353,0.0,0.03495444937884104,0.0,0.0,0.008170848355004087
Aweil West,2006-07-31,train,0.0,0,0.03676470588235294,0.0,0.06544165054803353,0.0,0.03432862127381344,0.0,0.0,0.003336500845756922
Aweil West,2006-08-07,train,0.0,0,0.2196969696969697,0.0,0.06544165054803353,0.0,0.043679818802728164,0.0,0.0,0.026187783686674012
Aweil West,2006-08-14,train,0.0530044250377505,1,0.2196969696969697,0.0,0.06544165054803353,0.0,0.3292363622378859,0.0,0.0015901327505707741,0.10958774566030433
Aweil West,2006-08-21,train,0.0,0,0.2196969696969697,0.0,0.7527675276752768,0.0530044250377505,0.5426135315086903,0.0,0.10659763083786479,1.892023631440107
Aweil West,2006-08-28,train,0.0,0,0.2196969696969697,0.0,0.06544165054803353,0.0,0.15369505906207487,0.0,0.0,2.139685319108131
Aweil West,2006-09-04,train,0.0,0,0.5833333333333334,0.2121416350264479,0.06544165054803353,0.0,0.22053874025388318,0.0,0.0,2.4695873614801003
Aweil West,2006-09-11,train,0.1060207237040678,1,0.5833333333333334,0.2121416350264479,0.06544165054803353,0.0,0.35437062536731745,0.0,0.0,2.423335996955393
Aweil West,2006-09-18,train,0.0530141538125309,1,0.5833333333333334,0.2121416350264479,0.7527675276752768,0.1060207237040678,0.7369340459753737,0.0,0.32121918678119216,7.973456239913316
Aweil West,2006-09-25,train,0.0,0,0.5833333333333334,0.2121416350264479,0.7527675276752768,0.0530141538125309,0.6329885927507715,0.0,0.2332340359502269,7.3654270515821185
Aweil West,2006-10-02,train,15.637557631399256,1,0.5955882352941176,0.4241699020482017,0.06544165054803353,0.0,0.5566801704576149,0.0,0.030994595660325627,9.781577444387326
Aweil West,2006-10-09,train,2.332926494526367,1,0.5955882352941176,0.4241699020482017,0.7527675276752768,15.637557631399256,0.8968420082537494,0.04963844111232155,5.7296396428268395,25.699546092648102
Aweil West,2006-10-16,train,0.6891933562987765,1,0.5955882352941176,0.4241699020482017,0.7527675276752768,2.332926494526367,0.7711052551735239,0.0,0.36588743107046023,4.28050284231393
Aweil West,2006-10-23,train,0.0530262138138246,1,0.5955882352941176,0.4241699020482017,0.7527675276752768,0.6891933562987765,0.5776896069256546,0.0,0.05476335665799186,7.082393705861299
Aweil West,2006-10-30,train,0.0530047300741052,1,0.5955882352941176,0.4241699020482017,0.7527675276752768,0.0530262138138246,0.6587823186131173,0.0,0.07578589221066971,1.8139213641707856
Aweil West,2006-11-06,train,0.1590491196655674,1,0.3984375,0.0,0.7527675276752768,0.0530047300741052,0.534449300482168,0.0,0.04131855986061655,1.2924953026066721
Aweil West,2006-11-13,train,0.2120834106829981,1,0.3984375,0.0,0.7527675276752768,0.1590491196655674,0.6201463871814276,0.0,0.034300946340676895,0.41851293736719347
Aweil West,2006-11-20,train,0.4242468613543117,1,0.3984375,0.0,0.7527675276752768,0.2120834106829981,0.4462980686768594,0.0,0.02291784270887735,0.5523303252966288
Aweil West,2006-11-27,train,0.0,0,0.3984375,0.0,0.7527675276752768,0.4242468613543117,0.2484412810839924,0.0,0.0052498105193392935,0.5806460685319969
Aweil West,2006-12-04,train,0.0,0,0.021739130434782608,0.0,0.06544165054803353,0.0,0.14724767035940362,0.0,0.0,0.40415147070728324
Aweil West,2006-12-11,train,0.0,0,0.021739130434782608,0.0,0.06544165054803353,0.0,0.04639840369183422,0.0,0.0,0.0932990002983737
Aweil West,2006-12-18,train,0.0,0,0.021739130434782608,0.0,0.06544165054803353,0.0,0.04684118206299798,0.0,0.0,0.04446605100899149
Aweil West,2006-12-25,train,0.0,0,0.021739130434782608,0.0,0.06544165054803353,0.0,0.08953033155089679,0.0,0.0,0.028235761943599384
Aweil West,2007-01-01,train,0.0,0,0.03676470588235294,0.0,0.06544165054803353,0.0,0.032016455447140255,0.0,0.0,0.0020099980841507387
Aweil West,2007-01-08,train,0.0,0,0.03676470588235294,0.0,0.06544165054803353,0.0,0.031880046111879556,0.0,0.0,0.0023325142225398767
Aweil West,2007-01-15,train,0.0,0,0.03676470588235294,0.0,0.06544165054803353,0.0,0.03425827595459669,0.0,0.0,0.002120672509771891
Aweil West,2007-01-22,train,0.0,0,0.03676470588235294,0.0,0.06544165054803353,0.0,0.03830638133813453,0.0,0.0,0.005777478457673011
Aweil West,2007-01-29,train,0.0,0,0.03676470588235294,0.0,0.06544165054803353,0.0,0.030630484319401685,0.0,0.0,0.0019119056746381537
Aweil West,2007-02-05,train,0.0,0,0.00819672131147541,0.0,0.06544165054803353,0.0,0.028039384533378547,0.0,0.0,0.0020085161418667424
Aweil West,2007-02-12,train,0.0,0,0.00819672131147541,0.0,0.06544165054803353,0.0,0.027537362771921665,0.0,0.0,0.0020085161418667424
Aweil West,2007-02-19,train,0.0,0,0.00819672131147541,0.0,0.06544165054803353,0.0,0.027537362771921665,0.0,0.0,0.0020085161418667424
Aweil West,2007-02-26,train,0.0,0,0.00819672131147541,0.0,0.06544165054803353,0.0,0.027537362771921665,0.0,0.0,0.0020085161418667424
Aweil West,2007-03-05,train,0.0,0,0.05223880597014925,0.0,0.06544165054803353,0.0,0.030083447715428466,0.0,0.0,0.0020085161418667424
Aweil West,2007-03-12,train,0.0,0,0.05223880597014925,0.0,0.06544165054803353,0.0,0.04229403752351598,0.0,0.0,0.0023076285605036877
Aweil West,2007-03-19,train,0.0,0,0.05223880597014925,0.0,0.06544165054803353,0.0,0.03301124968144209,0.0,0.0,0.0020085161418667424
Aweil West,2007-03-26,train,0.0,0,0.05223880597014925,0.0,0.06544165054803353,0.0,0.0360042916224565,0.0,0.0,0.0020085161418667424
Aweil West,2007-04-02,train,0.0,0,0.022727272727272728,0.0,0.06544165054803353,0.0,0.03472961814218113,0.0,0.0,0.0020085161418667424
Aweil West,2007-04-09,train,0.0,0,0.022727272727272728,0.0,0.06544165054803353,0.0,0.035950883653707404,0.0,0.0,0.0027898594466478502
Aweil West,2007-04-16,train,0.0,0,0.022727272727272728,0.0,0.06544165054803353,0.0,0.03215705872381726,0.0,0.0,0.0020085161418667424
Aweil West,2007-04-23,train,0.0,0,0.022727272727272728,0.0,0.06544165054803353,0.0,0.03435094177210136,0.0,0.0,0.0020085161418667424
Aweil West,2007-04-30,train,0.0,0,0.022727272727272728,0.0,0.06544165054803353,0.0,0.03143244084059591,0.0,0.0,0.0020085161418667424
Aweil West,2007-05-07,train,0.0,0,0.022388059701492536,0.0,0.06544165054803353,0.0,0.035636958441595874,0.0,0.0,0.020252798416461763
Aweil West,2007-05-14,train,0.0,0,0.022388059701492536,0.0,0.06544165054803353,0.0,0.02853752109879616,0.0,0.0,0.0025973693736480565
Aweil West,2007-05-21,train,0.0,0,0.022388059701492536,0.0,0.06544165054803353,0.0,0.02853752109879616,0.0,0.0,0.0020085161418667424
Aweil West,2007-05-28,train,0.0,0,0.022388059701492536,0.0,0.06544165054803353,0.0,0.02853752109879616,0.0,0.0,0.0020085161418667424
Aweil West,2007-06-04,train,0.0,0,0.05384615384615385,0.0,0.06544165054803353,0.0,0.02853752109879616,0.0,0.0,0.0020085161418667424
Aweil West,2007-06-11,train,0.0,0,0.05384615384615385,0.0,0.06544165054803353,0.0,0.02853752109879616,0.0,0.0,0.002008685150116027
Aweil West,2007-06-18,train,0.0,0,0.05384615384615385,0.0,0.06544165054803353,0.0,0.028611501832205764,0.0,0.0,0.002008698093416625
Aweil West,2007-06-25,train,0.0,0,0.05384615384615385,0.0,0.06544165054803353,0.0,0.036603012580670044,0.0,0.0,0.006878307351291768
Aweil West,2007-07-02,train,0.0,0,0.03676470588235294,0.0,0.06544165054803353,0.0,0.03246890449614103,0.0,0.0,0.0020097965823533785
Aweil West,2007-07-09,train,0.0,0,0.03676470588235294,0.0,0.06544165054803353,0.0,0.03231958792137395,0.0,0.0,0.0020097965823533785
Aweil West,2007-07-16,train,0.0,0,0.03676470588235294,0.0,0.06544165054803353,0.0,0.03408031594454313,0.0,0.0,0.0035797486440182096
Aweil West,2007-07-23,train,0.0,0,0.03676470588235294,0.0,0.06544165054803353,0.0,0.04143502792428669,0.0,0.0,0.022202335992045765
Aweil West,2007-07-30,train,0.0,0,0.03676470588235294,0.0,0.06544165054803353,0.0,0.03552643381465241,0.0,0.0,0.0033379828633798847
Aweil West,2007-08-06,train,0.0,0,0.2196969696969697,0.0,0.06544165054803353,0.0,0.053377856933153084,0.0,0.0,0.03720996207649833
Aweil West,2007-08-13,train,0.0,0,0.2196969696969697,0.0,0.06544165054803353,0.0,0.11763421507683236,0.0,0.0,0.3293789984700185
Aweil West,2007-08-20,train,0.2120173949049935,1,0.2196969696969697,0.0,0.06544165054803353,0.0,0.3989504721930993,0.0,0.0,3.5369547003765383
Aweil West,2007-08-27,train,0.0,0,0.2196969696969697,0.0,0.7527675276752768,0.2120173949049935,0.38524491487349866,0.0,0.08862115630630633,4.2675738503967775
Aweil West,2007-09-03,train,0.1060518275060012,1,0.5833333333333334,0.2121416350264479,0.06544165054803353,0.0,0.3021911119953994,0.0,0.0,4.913308170900314
Aweil West,2007-09-10,train,0.3180959569375007,1,0.5833333333333334,0.2121416350264479,0.7527675276752768,0.1060518275060012,0.6490597817473882,0.0,0.19226591794925918,5.214906852896724
Aweil West,2007-09-17,train,23.48186689298539,1,0.5833333333333334,0.2121416350264479,0.7527675276752768,0.3180959569375007,0.7631426100811166,0.0,0.41605824117984325,14.724238777754106
Aweil West,2007-09-24,train,65.89117276568841,1,0.5833333333333334,0.2121416350264479,0.7527675276752768,23.48186689298539,0.90299960505559,0.04963844111232155,11.320358515421884,57.940525680818844
Aweil West,2007-10-01,train,60.33098804541498,1,0.5955882352941176,0.4241699020482017,0.7527675276752768,65.89117276568841,0.9079428406035974,0.04963844111232155,24.317707874704425,90.89934494607074
Aweil West,2007-10-08,train,80.80241661943111,1,0.5955882352941176,0.4241699020482017,0.7527675276752768,60.33098804541498,0.9095200214318099,0.04963844111232155,21.92255578927776,123.23312907610499
Aweil West,2007-10-15,train,43.85041493992335,1,0.5955882352941176,0.4241699020482017,0.7527675276752768,80.80241661943111,0.9102285714227226,0.04963844111232155,27.103163378626117,203.7798479439997
Aweil West,2007-10-22,train,38.709498532643615,1,0.5955882352941176,0.4241699020482017,0.7527675276752768,43.85041493992335,0.9089125872830893,0.04963844111232155,19.723385673973368,127.99961486435531
Aweil West,2007-10-29,train,20.5214314534718,1,0.5955882352941176,0.4241699020482017,0.7527675276752768,38.709498532643615,0.9089125872830893,0.04963844111232155,11.544610822656228,73.31607464077554
Aweil West,2007-11-05,train,1.6965800359506515,1,0.3984375,0.0,0.7527675276752768,20.5214314534718,0.9078461647875182,0.04963844111232155,5.7120618542946895,34.65093033000065
Aweil West,2007-11-12,train,0.2651220468133937,1,0.3984375,0.0,0.7527675276752768,1.6965800359506515,0.7775176174926733,0.0019077954898751414,0.24141888817462356,9.46081072804079
Aweil West,2007-11-19,train,0.0,0,0.3984375,0.0,0.7527675276752768,0.2651220468133937,0.3563054117842672,0.0,0.04239726896212319,1.663204811888166
Aweil West,2007-11-26,train,0.0,0,0.3984375,0.0,0.06544165054803353,0.0,0.3326381486762464,0.0,0.06200770525848547,0.23859719351444092
Aweil West,2007-12-03,train,0.0,0,0.021739130434782608,0.0,0.06544165054803353,0.0,0.04310234697024763,0.0,0.0,0.009157111618000665
Aweil West,2007-12-10,train,0.0,0,0.021739130434782608,0.0,0.06544165054803353,0.0,0.02846829192460474,0.0,0.0,0.0017861403902164387
Aweil West,2007-12-17,train,0.0,0,0.021739130434782608,0.0,0.06544165054803353,0.0,0.0367343178804815,0.0,0.0,0.02632376791668623
Aweil West,2007-12-24,train,0.0,0,0.021739130434782608,0.0,0.06544165054803353,0.0,0.07337418454319296,0.0,0.0,0.01670108984488405
Aweil West,2007-12-31,train,0.0,0,0.021739130434782608,0.0,0.06544165054803353,0.0,0.033356232416515995,0.0,0.0,0.00201206771916851
Aweil West,2008-01-07,train,0.0,0,0.03676470588235294,0.0,0.06544165054803353,0.0,0.03335952726236548,0.0,0.0,0.0021479596967747985
Aweil West,2008-01-14,train,0.0,0,0.03676470588235294,0.0,0.06544165054803353,0.0,0.03584403907928949,0.0,0.0,0.0021246623827806356
Aweil West,2008-01-21,train,0.0,0,0.03676470588235294,0.0,0.06544165054803353,0.0,0.039904912369208526,0.0,0.0,0.005773488584664267
Aweil West,2008-01-28,train,0.0,0,0.03676470588235294,0.0,0.06544165054803353,0.0,0.030333257949796712,0.0,0.0,0.0025182469002293824
Aweil West,2008-02-04,train,0.0,0,0.00819672131147541,0.0,0.06544165054803353,0.0,0.028365775747717294,0.0,0.0,0.0020085161418667424
Aweil West,2008-02-11,train,0.0,0,0.00819672131147541,0.0,0.06544165054803353,0.0,0.028339260211859223,0.0,0.0,0.0020085161418667424
Aweil West,2008-02-18,train,0.0,0,0.00819672131147541,0.0,0.06544165054803353,0.0,0.028339260211859223,0.0,0.0,0.0020085161418667424
Aweil West,2008-02-25,train,0.0,0,0.00819672131147541,0.0,0.06544165054803353,0.0,0.028339260211859223,0.0,0.0,0.0020085161418667424
Aweil West,2008-03-03,train,0.0,0,0.05223880597014925,0.0,0.06544165054803353,0.0,0.030957127776266403,0.0,0.0,0.0020085161418667424
Aweil West,2008-03-10,train,0.0,0,0.05223880597014925,0.0,0.06544165054803353,0.0,0.09365437172809296,0.0,0.0,0.06103234192681477
Aweil West,2008-03-17,train,0.0,0,0.05223880597014925,0.0,0.06544165054803353,0.0,0.03361093327305093,0.0,0.0,0.0020085161418667424
Aweil West,2008-03-24,train,0.0,0,0.05223880597014925,0.0,0.06544165054803353,0.0,0.03361093327305093,0.0,0.0,0.0020085161418667424
Aweil West,2008-03-31,train,0.0,0,0.05223880597014925,0.0,0.06544165054803353,0.0,0.036885169095172546,0.0,0.0,0.0036849632398018254
Aweil West,2008-04-07,train,0.0,0,0.022727272727272728,0.0,0.06544165054803353,0.0,0.03494759341345732,0.0,0.0,0.0027898594466478502
Aweil West,2008-04-14,train,0.0,0,0.022727272727272728,0.0,0.06544165054803353,0.0,0.03274175045740919,0.0,0.0,0.0020085161418667424
Aweil West,2008-04-21,train,0.0,0,0.022727272727272728,0.0,0.06544165054803353,0.0,0.03497408204244317,0.0,0.0,0.003411398782830839
Aweil West,2008-04-28,train,0.0,0,0.022727272727272728,0.0,0.06544165054803353,0.0,0.03200439297611646,0.0,0.0,0.0020085161418667424
Aweil West,2008-05-05,train,0.0,0,0.022388059701492536,0.0,0.06544165054803353,0.0,0.03954679648467136,0.0,0.0,0.03715140286022196
Aweil West,2008-05-12,train,0.0,0,0.022388059701492536,0.0,0.06544165054803353,0.0,0.02905837696207227,0.0,0.0,0.0025973693736480565
Aweil West,2008-05-19,train,0.0,0,0.022388059701492536,0.0,0.06544165054803353,0.0,0.02905837696207227,0.0,0.0,0.0020085161418667424
Aweil West,2008-05-26,train,0.0,0,0.022388059701492536,0.0,0.06544165054803353,0.0,0.02905837696207227,0.0,0.0,0.0020085161418667424
Aweil West,2008-06-02,train,0.0,0,0.05384615384615385,0.0,0.06544165054803353,0.0,0.02905837696207227,0.0,0.0,0.0020085161418667424
Aweil West,2008-06-09,train,0.0,0,0.05384615384615385,0.0,0.06544165054803353,0.0,0.02905837696207227,0.0,0.0,0.003982254143493994
Aweil West,2008-06-16,train,0.0,0,0.05384615384615385,0.0,0.06544165054803353,0.0,0.029133667469534524,0.0,0.0,0.003982254143493994
Aweil West,2008-06-23,train,0.0,0,0.05384615384615385,0.0,0.06544165054803353,0.0,0.03726542976552102,0.0,0.0,0.014749449653388532
Aweil West,2008-06-30,train,0.0,0,0.05384615384615385,0.0,0.06544165054803353,0.0,0.034248694548818126,0.0,0.0,0.008294595053568003
Aweil West,2008-07-07,train,0.0,0,0.03676470588235294,0.0,0.06544165054803353,0.0,0.03308662867002134,0.0,0.0,0.005528401040646443
Aweil West,2008-07-14,train,0.0,0,0.03676470588235294,0.0,0.06544165054803353,0.0,0.035549195932111775,0.0,0.0,0.01346272380206962
Aweil West,2008-07-21,train,0.0,0,0.03676470588235294,0.0,0.06544165054803353,0.0,0.06824993080820814,0.0,0.0,0.05439204760914964
Aweil West,2008-07-28,train,0.1591207231394644,1,0.03676470588235294,0.0,0.06544165054803353,0.0,0.03891995500263607,0.0,0.0,0.028838324174397766
Aweil West,2008-08-04,train,0.1591207231394644,1,0.2196969696969697,0.0,0.7527675276752768,0.1591207231394644,0.5504729989102024,0.0,0.16062624534734357,0.9028927195739668
Aweil West,2008-08-11,train,1.696496149044962,1,0.2196969696969697,0.0,0.7527675276752768,0.1591207231394644,0.6528963941666617,0.0,0.19271364576698527,2.1319966328136797
Aweil West,2008-08-18,train,0.0,0,0.2196969696969697,0.0,0.7527675276752768,1.696496149044962,0.7012307453428626,0.0,0.28264815179678077,8.156471330847344
Aweil West,2008-08-25,train,16.85918728152459,1,0.2196969696969697,0.0,0.06544165054803353,0.0,0.714369353577822,0.0,0.2376326680797389,14.138785049276793
Aweil West,2008-09-01,train,12.14164069318204,1,0.5833333333333334,0.2121416350264479,0.7527675276752768,16.85918728152459,0.9068107569747342,0.04963844111232155,7.048022657496617,21.301201538394118
Aweil West,2008-09-08,train,36.09320420179392,1,0.5833333333333334,0.2121416350264479,0.7527675276752768,12.14164069318204,0.9077476498203796,0.04963844111232155,3.7670319095987352,30.644006262018056
Aweil West,2008-09-15,train,14.630230943787543,1,0.5833333333333334,0.2121416350264479,0.7527675276752768,36.09320420179392,0.9062063833333873,0.04963844111232155,11.975612020898927,44.34810068596261
Aweil West,2008-09-22,train,43.41587696835909,1,0.5833333333333334,0.2121416350264479,0.7527675276752768,14.630230943787543,0.9088338933439599,0.04963844111232155,8.886687706237874,58.3293672004708
Aweil West,2008-09-29,train,44.74566591510186,1,0.5833333333333334,0.2121416350264479,0.7527675276752768,43.41587696835909,0.9110783529716353,0.04963844111232155,19.763919186631284,66.82231017798934
Aweil West,2008-10-06,train,19.833378953438448,1,0.5955882352941176,0.4241699020482017,0.7527675276752768,44.74566591510186,0.9110783529716353,0.04963844111232155,20.375570601588414,83.3561669210555
Aweil West,2008-10-13,train,8.642056449436348,1,0.5955882352941176,0.4241699020482017,0.7527675276752768,19.833378953438448,0.9088338933439599,0.04963844111232155,7.044609007297776,40.912913784575096
Aweil West,2008-10-20,train,22.37205694368869,1,0.5955882352941176,0.4241699020482017,0.7527675276752768,8.642056449436348,0.9088338933439599,0.04963844111232155,3.4401210201666865,27.63378264258958
Aweil West,2008-10-27,train,41.77026328005624,1,0.5955882352941176,0.4241699020482017,0.7527675276752768,22.37205694368869,0.910480350922141,0.04963844111232155,9.735523002824927,44.61366440338784
Aweil West,2008-11-03,train,43.62567539568692,1,0.3984375,0.0,0.7527675276752768,41.77026328005624,0.910480350922141,0.04963844111232155,18.36022706432653,43.48752414419522
Aweil West,2008-11-10,train,26.775842924863635,1,0.3984375,0.0,0.7527675276752768,43.62567539568692,0.910480350922141,0.04963844111232155,19.20005965909801,45.17787605741799
Aweil West,2008-11-17,train,5.249733870182227,1,0.3984375,0.0,0.7527675276752768,26.775842924863635,0.910480350922141,0.04963844111232155,7.921596774358598,24.82827629532142
Aweil West,2008-11-24,train,0.2120720363302431,1,0.3984375,0.0,0.7527675276752768,5.249733870182227,0.8138242912776636,0.04963844111232155,1.2057666844600456,3.9618394791777565
Aweil West,2008-12-01,train,0.0,0,0.021739130434782608,0.0,0.7527675276752768,0.2120720363302431,0.33208714244586124,0.0,0.03164491847270282,0.7061230560049466
Aweil West,2008-12-08,train,0.0,0,0.021739130434782608,0.0,0.06544165054803353,0.0,0.15513475613936517,0.0,0.0,0.39714085682017086
Aweil West,2008-12-15,train,0.0,0,0.021739130434782608,0.0,0.06544165054803353,0.0,0.047801467047977164,0.0,0.0,0.144071451213451
Aweil West,2008-12-22,train,0.0,0,0.021739130434782608,0.0,0.06544165054803353,0.0,0.07125150276445466,0.0,0.0,0.01287522223854077
Aweil West,2008-12-29,train,0.0,0,0.021739130434782608,0.0,0.06544165054803353,0.0,0.035239059851658296,0.0,0.0,0.002011811487021085
Aweil West,2009-01-05,train,0.0,0,0.03676470588235294,0.0,0.06544165054803353,0.0,0.029789501131429513,0.0,0.0,0.002009054333478996
Aweil West,2009-01-12,train,0.0,0,0.03676470588235294,0.0,0.06544165054803353,0.0,0.03524938249384155,0.0,0.0,0.0028976464715824014
Aweil West,2009-01-19,train,0.0,0,0.03676470588235294,0.0,0.06544165054803353,0.0,0.05449242267839147,0.0,0.0,0.009955568194423874
Aweil West,2009-01-26,train,0.0,0,0.03676470588235294,0.0,0.06544165054803353,0.0,0.04696298702644862,0.0,0.0,0.009677556870120362
Aweil West,2009-02-02,train,0.0,0,0.00819672131147541,0.0,0.06544165054803353,0.0,0.028365775747717294,0.0,0.0,0.0020085161418667424
Aweil West,2009-02-09,train,0.0,0,0.00819672131147541,0.0,0.06544165054803353,0.0,0.028339260211859223,0.0,0.0,0.0020085161418667424
Aweil West,2009-02-16,train,0.0,0,0.00819672131147541,0.0,0.06544165054803353,0.0,0.028339260211859223,0.0,0.0,0.0020085161418667424
Aweil West,2009-02-23,train,0.0,0,0.00819672131147541,0.0,0.06544165054803353,0.0,0.028339260211859223,0.0,0.0,0.0020085161418667424
Aweil West,2009-03-02,train,0.0,0,0.05223880597014925,0.0,0.06544165054803353,0.0,0.029836112047308412,0.0,0.0,0.0020085161418667424
Aweil West,2009-03-09,train,0.0,0,0.05223880597014925,0.0,0.06544165054803353,0.0,0.06753909810367796,0.0,0.0,0.04995564156631668
Aweil West,2009-03-16,train,0.0,0,0.05223880597014925,0.0,0.06544165054803353,0.0,0.03361093327305093,0.0,0.0,0.0020085161418667424
Aweil West,2009-03-23,train,0.0,0,0.05223880597014925,0.0,0.06544165054803353,0.0,0.03361093327305093,0.0,0.0,0.0020085161418667424
Aweil West,2009-03-30,train,0.0,0,0.05223880597014925,0.0,0.06544165054803353,0.0,0.03587711275644767,0.0,0.0,0.003411398782830839
Aweil West,2009-04-06,train,0.0,0,0.022727272727272728,0.0,0.06544165054803353,0.0,0.03494759341345732,0.0,0.0,0.0020085161418667424
Aweil West,2009-04-13,train,0.0,0,0.022727272727272728,0.0,0.06544165054803353,0.0,0.03274175045740919,0.0,0.0,0.0020085161418667424
Aweil West,2009-04-20,train,0.0,0,0.022727272727272728,0.0,0.06544165054803353,0.0,0.03274175045740919,0.0,0.0,0.002389291907698297
Aweil West,2009-04-27,train,0.0,0,0.022727272727272728,0.0,0.06544165054803353,0.0,0.03555216657440854,0.0,0.0,0.0020085161418667424
Aweil West,2009-05-04,train,0.0,0,0.022388059701492536,0.0,0.06544165054803353,0.0,0.04001436217882222,0.0,0.0,0.0376205744480295
Aweil West,2009-05-11,train,0.0,0,0.022388059701492536,0.0,0.06544165054803353,0.0,0.03131349033867441,0.0,0.0,0.0023076285605036877
Aweil West,2009-05-18,train,0.0,0,0.022388059701492536,0.0,0.06544165054803353,0.0,0.02905837696207227,0.0,0.0,0.0020085161418667424
Aweil West,2009-05-25,train,0.0,0,0.022388059701492536,0.0,0.06544165054803353,0.0,0.02905837696207227,0.0,0.0,0.0020085161418667424
Aweil West,2009-06-01,train,0.0,0,0.05384615384615385,0.0,0.06544165054803353,0.0,0.02905837696207227,0.0,0.0,0.0020085161418667424
Aweil West,2009-06-08,train,0.0,0,0.05384615384615385,0.0,0.06544165054803353,0.0,0.02905837696207227,0.0,0.0,0.0020085161418667424
Aweil West,2009-06-15,train,0.0,0,0.05384615384615385,0.0,0.06544165054803353,0.0,0.02905837696207227,0.0,0.0,0.0020085161418667424
Aweil West,2009-06-22,train,0.0,0,0.05384615384615385,0.0,0.06544165054803353,0.0,0.029133667469534524,0.0,0.0,0.0020085172364640164
Aweil West,2009-06-29,train,0.0,0,0.05384615384615385,0.0,0.06544165054803353,0.0,0.03308426855975322,0.0,0.0,0.003554663039019219
Aweil West,2009-07-06,train,0.0,0,0.03676470588235294,0.0,0.06544165054803353,0.0,0.03196040440394616,0.0,0.0,0.003554663039019219
Aweil West,2009-07-13,train,0.2120347606549485,1,0.03676470588235294,0.0,0.06544165054803353,0.0,0.04986409113154087,0.0,0.0,0.011488983072835305
Aweil West,2009-07-20,train,0.0,0,0.03676470588235294,0.0,0.7527675276752768,0.2120347606549485,0.22545096590699887,0.0,0.0702993752959352,0.4241440214597594
Aweil West,2009-07-27,train,0.0,0,0.03676470588235294,0.0,0.06544165054803353,0.0,0.12067328095460778,0.0,0.0,0.37300512196744023
Aweil West,2009-08-03,train,0.0,0,0.2196969696969697,0.0,0.06544165054803353,0.0,0.06195810916677393,0.0,0.0,0.48525782885406465
Aweil West,2009-08-10,train,0.0,0,0.2196969696969697,0.0,0.06544165054803353,0.0,0.04353362597143636,0.0,0.0,0.07030540821889784
Aweil West,2009-08-17,train,0.6892429619724906,1,0.2196969696969697,0.0,0.06544165054803353,0.0,0.3485123888010881,0.0,0.0015901327505707741,0.819407624333113
Aweil West,2009-08-24,train,3.287190119789511,1,0.2196969696969697,0.0,0.7527675276752768,0.6892429619724906,0.6416070659244233,0.0,0.24154422085182517,3.638867635887385
Aweil West,2009-08-31,train,6.362426160679984,1,0.2196969696969697,0.0,0.7527675276752768,3.287190119789511,0.8775515586021493,0.04963844111232155,2.0117020299572532,13.299434960680582
Aweil West,2009-09-07,train,0.4769112763244512,1,0.5833333333333334,0.2121416350264479,0.7527675276752768,6.362426160679984,0.8877719296205129,0.04963844111232155,1.956399716115553,14.597939899618142
Aweil West,2009-09-14,train,0.0,0,0.5833333333333334,0.2121416350264479,0.7527675276752768,0.4769112763244512,0.6541994649047109,0.0,0.25623096426509906,11.181201425191134
Aweil West,2009-09-21,train,0.8479279392498151,1,0.5833333333333334,0.2121416350264479,0.06544165054803353,0.0,0.6659111676485283,0.0,0.20317076211770682,9.550757201003448
Aweil West,2009-09-28,train,2.597510086140235,1,0.5833333333333334,0.2121416350264479,0.7527675276752768,0.8479279392498151,0.7560143973508006,0.0,0.9813114307850477,19.135629844616027
Aweil West,2009-10-05,train,0.9542686569608392,1,0.5955882352941176,0.4241699020482017,0.7527675276752768,2.597510086140235,0.8114682696524244,0.0,1.2334049660400717,8.896826068476377
Aweil West,2009-10-12,train,0.4240505120294721,1,0.5955882352941176,0.4241699020482017,0.7527675276752768,0.9542686569608392,0.6633737630559328,0.0,0.545417816603129,7.706043302303435
Aweil West,2009-10-19,train,1.2195238503655523,1,0.5955882352941176,0.4241699020482017,0.7527675276752768,0.4240505120294721,0.6338190568185016,0.0,0.09857268543078632,3.2079893625389917
Aweil West,2009-10-26,train,0.0,0,0.5955882352941176,0.4241699020482017,0.7527675276752768,1.2195238503655523,0.5035729555021532,0.0,0.16310702020434095,3.193426394433655
Aweil West,2009-11-02,train,0.0,0,0.3984375,0.0,0.06544165054803353,0.0,0.5843848352311433,0.0,0.1832979184897683,1.099331107184499
Aweil West,2009-11-09,train,0.0,0,0.3984375,0.0,0.06544165054803353,0.0,0.3572873962182556,0.0,0.03708755414792209,0.11510462244634477
Aweil West,2009-11-16,train,0.0,0,0.3984375,0.0,0.06544165054803353,0.0,0.15566797316596728,0.0,0.0,0.3411428902906557
Aweil West,2009-11-23,train,0.0,0,0.3984375,0.0,0.06544165054803353,0.0,0.12480637376802353,0.0,0.0,0.20229403872161436
Aweil West,2009-11-30,train,0.0,0,0.3984375,0.0,0.06544165054803353,0.0,0.03276307598696397,0.0,0.0,0.1712554290743475
Aweil West,2009-12-07,train,0.0,0,0.021739130434782608,0.0,0.06544165054803353,0.0,0.02747323748943197,0.0,0.0,0.00412678752351769
Aweil West,2009-12-14,train,0.0,0,0.021739130434782608,0.0,0.06544165054803353,0.0,0.027521336329286075,0.0,0.0,0.0034272511461345954
Aweil West,2009-12-21,train,0.0,0,0.021739130434782608,0.0,0.06544165054803353,0.0,0.068763117421639,0.0,0.0,0.032914625179035616
Aweil West,2009-12-28,train,0.0,0,0.021739130434782608,0.0,0.06544165054803353,0.0,0.03339145480671596,0.0,0.0,0.002012375586643401
Aweil West,2010-01-04,train,0.0,0,0.03676470588235294,0.0,0.06544165054803353,0.0,0.03144252457812153,0.0,0.0,0.0026419144834761423
Aweil West,2010-01-11,train,0.0,0,0.03676470588235294,0.0,0.06544165054803353,0.0,0.033503772981387556,0.0,0.0,0.0029604195136674256
Aweil West,2010-01-18,train,0.0,0,0.03676470588235294,0.0,0.06544165054803353,0.0,0.042921804504161665,0.0,0.0,0.004018795407241089
Aweil West,2010-01-25,train,0.0,0,0.03676470588235294,0.0,0.06544165054803353,0.0,0.05335876701875221,0.0,0.0,0.019223046900166255
Aweil West,2010-02-01,train,0.0,0,0.00819672131147541,0.0,0.06544165054803353,0.0,0.028365775747717294,0.0,0.0,0.0020085161418667424
Aweil West,2010-02-08,train,0.0,0,0.00819672131147541,0.0,0.06544165054803353,0.0,0.028339260211859223,0.0,0.0,0.0020085161418667424
Aweil West,2010-02-15,train,0.0,0,0.00819672131147541,0.0,0.06544165054803353,0.0,0.028339260211859223,0.0,0.0,0.0020085161418667424
Aweil West,2010-02-22,train,0.0,0,0.00819672131147541,0.0,0.06544165054803353,0.0,0.028339260211859223,0.0,0.0,0.0020085161418667424
Aweil West,2010-03-01,train,0.0,0,0.05223880597014925,0.0,0.06544165054803353,0.0,0.029836112047308412,0.0,0.0,0.0020085161418667424
Aweil West,2010-03-08,train,0.159091524222456,1,0.05223880597014925,0.0,0.06544165054803353,0.0,0.06753909810367796,0.0,0.0,0.04995564156631668
Aweil West,2010-03-15,train,0.0,0,0.05223880597014925,0.0,0.7527675276752768,0.159091524222456,0.10151855543971872,0.0,0.0,0.06270477926253194
Aweil West,2010-03-22,train,0.0,0,0.05223880597014925,0.0,0.06544165054803353,0.0,0.07428167747902001,0.0,0.0,0.16926695220503274
Aweil West,2010-03-29,train,0.0,0,0.05223880597014925,0.0,0.06544165054803353,0.0,0.0678997510492058,0.0,0.0,0.07925535934472748
Aweil West,2010-04-05,train,0.0,0,0.022727272727272728,0.0,0.06544165054803353,0.0,0.03342536162857917,0.0,0.0,0.0020085161418667424
Aweil West,2010-04-12,train,0.0,0,0.022727272727272728,0.0,0.06544165054803353,0.0,0.03236325776207316,0.0,0.0,0.0020085161418667424
Aweil West,2010-04-19,train,0.0,0,0.022727272727272728,0.0,0.06544165054803353,0.0,0.03236325776207316,0.0,0.0,0.0020085161418667424
Aweil West,2010-04-26,train,0.0,0,0.022727272727272728,0.0,0.06544165054803353,0.0,0.038967399286130786,0.0,0.0,0.0020085161418667424
Aweil West,2010-05-03,train,0.0,0,0.022388059701492536,0.0,0.06544165054803353,0.0,0.0315813954272515,0.0,0.0,0.0020085161418667424
Aweil West,2010-05-10,train,0.0,0,0.022388059701492536,0.0,0.06544165054803353,0.0,0.029076261923736375,0.0,0.0,0.0020085161418667424
Aweil West,2010-05-17,train,0.0,0,0.022388059701492536,0.0,0.06544165054803353,0.0,0.028721199513030052,0.0,0.0,0.0020085161418667424
Aweil West,2010-05-24,train,0.0,0,0.022388059701492536,0.0,0.06544165054803353,0.0,0.028721199513030052,0.0,0.0,0.0020085161418667424
Aweil West,2010-05-31,train,0.0,0,0.022388059701492536,0.0,0.06544165054803353,0.0,0.028721199513030052,0.0,0.0,0.0020085161418667424
Aweil West,2010-06-07,train,0.0,0,0.05384615384615385,0.0,0.06544165054803353,0.0,0.028721199513030052,0.0,0.0,0.0020085161418667424
Aweil West,2010-06-14,train,0.0,0,0.05384615384615385,0.0,0.06544165054803353,0.0,0.028721199513030052,0.0,0.0,0.0020085161418667424
Aweil West,2010-06-21,train,0.0,0,0.05384615384615385,0.0,0.06544165054803353,0.0,0.02879564230040897,0.0,0.0,0.0020085172364640164
Aweil West,2010-06-28,train,0.0,0,0.05384615384615385,0.0,0.06544165054803353,0.0,0.03017108907172874,0.0,0.0,0.0020087178166660336
Aweil West,2010-07-05,train,0.0,0,0.03676470588235294,0.0,0.06544165054803353,0.0,0.02914320218897797,0.0,0.0,0.0020087178166660336
Aweil West,2010-07-12,train,0.0,0,0.03676470588235294,0.0,0.06544165054803353,0.0,0.04463249726324858,0.0,0.0,0.00200958241844336
Aweil West,2010-07-19,train,0.0,0,0.03676470588235294,0.0,0.06544165054803353,0.0,0.03197978956073941,0.0,0.0,0.0021930190631953995
Aweil West,2010-07-26,train,0.0,0,0.03676470588235294,0.0,0.06544165054803353,0.0,0.03368018574841322,0.0,0.0,0.00781093741616502
Aweil West,2010-08-02,train,0.0,0,0.2196969696969697,0.0,0.06544165054803353,0.0,0.03396040786554674,0.0,0.0,0.044205070460968304
Aweil West,2010-08-09,train,0.0,0,0.2196969696969697,0.0,0.06544165054803353,0.0,0.04608386955274485,0.0,0.0,0.026578057734554125
Aweil West,2010-08-16,train,0.3182093207443251,1,0.2196969696969697,0.0,0.06544165054803353,0.0,0.3651807749730338,0.0,0.0015901327505707741,0.54467982107572
Aweil West,2010-08-23,train,0.0,0,0.2196969696969697,0.0,0.7527675276752768,0.3182093207443251,0.48589806589028334,0.0,0.1529689090375523,2.3941183857631363
Aweil West,2010-08-30,train,0.0,0,0.2196969696969697,0.0,0.06544165054803353,0.0,0.23990268473994236,0.0,0.0,1.3619552054626964
Aweil West,2010-09-06,train,0.0,0,0.5833333333333334,0.2121416350264479,0.06544165054803353,0.0,0.3889090887308277,0.0,0.09142230373789265,0.9080701562262584
Aweil West,2010-09-13,train,0.0,0,0.5833333333333334,0.2121416350264479,0.06544165054803353,0.0,0.3236463690379993,0.0,0.0,1.8510315114622842
Aweil West,2010-09-20,train,1.219370266616736,1,0.5833333333333334,0.2121416350264479,0.06544165054803353,0.0,0.5123502707130924,0.0,0.0,2.8802950558408673
Aweil West,2010-09-27,train,25.49551920643365,1,0.5833333333333334,0.2121416350264479,0.7527675276752768,1.219370266616736,0.7794691536414485,0.0,0.9541745758028735,20.781689196595103
Aweil West,2010-10-04,train,49.6627518011199,1,0.5955882352941176,0.4241699020482017,0.7527675276752768,25.49551920643365,0.9038408570688603,0.04963844111232155,11.051900030146008,49.76110721975936
Aweil West,2010-10-11,train,80.88894205424813,1,0.5955882352941176,0.4241699020482017,0.7527675276752768,49.6627518011199,0.9072262542095575,0.04963844111232155,19.625704643705564,80.89563596666683
Aweil West,2010-10-18,train,61.81422603100448,1,0.5955882352941176,0.4241699020482017,0.7527675276752768,80.88894205424813,0.9119516166506897,0.04963844111232155,25.475916057081545,170.14969210262598
Aweil West,2010-10-25,train,39.2381403879434,1,0.5955882352941176,0.4241699020482017,0.7527675276752768,61.81422603100448,0.9106584119016647,0.04963844111232155,21.352393405754047,138.4978364637519
Aweil West,2010-11-01,train,4.560445881983902,1,0.3984375,0.0,0.7527675276752768,39.2381403879434,0.9106584119016647,0.04963844111232155,11.544610822656228,79.92552225657481
Aweil West,2010-11-08,train,1.2726906165568277,1,0.3984375,0.0,0.7527675276752768,4.560445881983902,0.8096678487254702,0.0019077954898751414,0.7680545802040567,24.77470402224486
Aweil West,2010-11-15,train,1.1134462318050633,1,0.3984375,0.0,0.7527675276752768,1.2726906165568277,0.5994059201095294,0.0,0.2096242511241439,7.346731949540348
Aweil West,2010-11-22,train,0.0,0,0.3984375,0.0,0.7527675276752768,1.1134462318050633,0.4222468117791969,0.0,0.12087224746247069,0.27816042487179976
Aweil West,2010-11-29,train,0.0,0,0.3984375,0.0,0.06544165054803353,0.0,0.19974473381555174,0.0,0.056484052008180095,0.7987899173907824
Aweil West,2010-12-06,train,0.0,0,0.021739130434782608,0.0,0.06544165054803353,0.0,0.037581744061081675,0.0,0.0,0.04376808812751783
Aweil West,2010-12-13,train,0.0,0,0.021739130434782608,0.0,0.06544165054803353,0.0,0.02725916438760662,0.0,0.0,0.0
Aweil West,2010-12-20,train,0.0,0,0.021739130434782608,0.0,0.06544165054803353,0.0,0.0508003793486566,0.0,0.0,0.029317452078233462
Aweil West,2010-12-27,train,0.0,0,0.021739130434782608,0.0,0.06544165054803353,0.0,0.03339145480671596,0.0,0.0,0.004325836346188175
Aweil West,2011-01-03,train,0.0,0,0.03676470588235294,0.0,0.06544165054803353,0.0,0.03608231241321391,0.0,0.0,0.004840138768001088
Aweil West,2011-01-10,train,0.0,0,0.03676470588235294,0.0,0.06544165054803353,0.0,0.03622332261254246,0.0,0.0,0.005162634091825229
Aweil West,2011-01-17,train,0.0,0,0.03676470588235294,0.0,0.06544165054803353,0.0,0.04530799703563845,0.0,0.0,0.003273246560818163
Aweil West,2011-01-24,train,0.0,0,0.03676470588235294,0.0,0.06544165054803353,0.0,0.05171142102877153,0.0,0.0,0.015809109163246748
Aweil West,2011-01-31,train,0.0,0,0.03676470588235294,0.0,0.06544165054803353,0.0,0.028365775747717294,0.0,0.0,0.0020085161418667424
Aweil West,2011-02-07,train,0.0,0,0.00819672131147541,0.0,0.06544165054803353,0.0,0.028339260211859223,0.0,0.0,0.0020085161418667424
Aweil West,2011-02-14,train,0.0,0,0.00819672131147541,0.0,0.06544165054803353,0.0,0.028339260211859223,0.0,0.0,0.0020085161418667424
Aweil West,2011-02-21,train,0.0,0,0.00819672131147541,0.0,0.06544165054803353,0.0,0.028339260211859223,0.0,0.0,0.0020085161418667424
Aweil West,2011-02-28,train,0.0,0,0.00819672131147541,0.0,0.06544165054803353,0.0,0.028339260211859223,0.0,0.0,0.0020085161418667424
Aweil West,2011-03-07,train,0.0,0,0.05223880597014925,0.0,0.06544165054803353,0.0,0.031425862109499596,0.0,0.0,0.003737624338061468
Aweil West,2011-03-14,train,0.0,0,0.05223880597014925,0.0,0.06544165054803353,0.0,0.037455351138641756,0.0,0.0,0.0020085161418667424
Aweil West,2011-03-21,train,0.0,0,0.05223880597014925,0.0,0.06544165054803353,0.0,0.032833031851329623,0.0,0.0,0.0020085161418667424
Aweil West,2011-03-28,train,0.0,0,0.05223880597014925,0.0,0.06544165054803353,0.0,0.033155810137009994,0.0,0.0,0.0020085161418667424
Aweil West,2011-04-04,train,0.0,0,0.022727272727272728,0.0,0.06544165054803353,0.0,0.032457939454988795,0.0,0.0,0.0020085161418667424
Aweil West,2011-04-11,train,0.0,0,0.022727272727272728,0.0,0.06544165054803353,0.0,0.0314784147349313,0.0,0.0,0.0020085161418667424
Aweil West,2011-04-18,train,0.0,0,0.022727272727272728,0.0,0.06544165054803353,0.0,0.0314784147349313,0.0,0.0,0.0020085161418667424
Aweil West,2011-04-25,train,0.0,0,0.022727272727272728,0.0,0.06544165054803353,0.0,0.03302352378272306,0.0,0.0,0.0020085161418667424
Aweil West,2011-05-02,train,0.0,0,0.022388059701492536,0.0,0.06544165054803353,0.0,0.031210320862761775,0.0,0.0,0.0020085161418667424
Aweil West,2011-05-09,train,0.0,0,0.022388059701492536,0.0,0.06544165054803353,0.0,0.029076261923736375,0.0,0.0,0.0020085161418667424
Aweil West,2011-05-16,train,0.0,0,0.022388059701492536,0.0,0.06544165054803353,0.0,0.028721199513030052,0.0,0.0,0.0020085161418667424
Aweil West,2011-05-23,train,0.0,0,0.022388059701492536,0.0,0.06544165054803353,0.0,0.028721199513030052,0.0,0.0,0.0020085161418667424
Aweil West,2011-05-30,train,0.0,0,0.022388059701492536,0.0,0.06544165054803353,0.0,0.028721199513030052,0.0,0.0,0.0020085161418667424
Aweil West,2011-06-06,train,0.0,0,0.05384615384615385,0.0,0.06544165054803353,0.0,0.028721199513030052,0.0,0.0,0.0020085161418667424
Aweil West,2011-06-13,train,0.0,0,0.05384615384615385,0.0,0.06544165054803353,0.0,0.028721199513030052,0.0,0.0,0.0020085161418667424
Aweil West,2011-06-20,train,0.0,0,0.05384615384615385,0.0,0.06544165054803353,0.0,0.02879564230040897,0.0,0.0,0.0020085172364640164
Aweil West,2011-06-27,train,0.0,0,0.05384615384615385,0.0,0.06544165054803353,0.0,0.03017108907172874,0.0,0.0,0.0020087178166660336
Aweil West,2011-07-04,train,0.0,0,0.03676470588235294,0.0,0.06544165054803353,0.0,0.02914320218897797,0.0,0.0,0.0020087178166660336
Aweil West,2011-07-11,train,0.0,0,0.03676470588235294,0.0,0.06544165054803353,0.0,0.045876117392101824,0.0,0.0,0.0053033950046063125
Aweil West,2011-07-18,train,0.0,0,0.03676470588235294,0.0,0.06544165054803353,0.0,0.031029993466242897,0.0,0.0,0.002008868182212166
Aweil West,2011-07-25,train,0.0,0,0.03676470588235294,0.0,0.06544165054803353,0.0,0.034368974903659213,0.0,0.0,0.006546737916617641
Aweil West,2011-08-01,train,0.0,0,0.2196969696969697,0.0,0.06544165054803353,0.0,0.03396040786554674,0.0,0.0,0.002456086318485599
Aweil West,2011-08-08,train,0.0,0,0.2196969696969697,0.0,0.06544165054803353,0.0,0.04471922312887019,0.0,0.0,0.0026015746306122414
Aweil West,2011-08-15,train,0.0,0,0.2196969696969697,0.0,0.06544165054803353,0.0,0.29926537130409764,0.0,0.0015901327505707741,0.19928802251924435
Aweil West,2011-08-22,train,0.0,0,0.2196969696969697,0.0,0.06544165054803353,0.0,0.21634244967121605,0.0,0.0,0.679347240200224
Aweil West,2011-08-29,train,0.0,0,0.2196969696969697,0.0,0.06544165054803353,0.0,0.15545959091302164,0.0,0.0,0.20640036079293012
Aweil West,2011-09-05,train,0.106008850075501,1,0.5833333333333334,0.2121416350264479,0.06544165054803353,0.0,0.22428668937692925,0.0,0.0,0.3330832181853579
Aweil West,2011-09-12,train,1.749659287868431,1,0.5833333333333334,0.2121416350264479,0.7527675276752768,0.106008850075501,0.6527746606285273,0.0,0.2008312823374178,2.0538067318621467
Aweil West,2011-09-19,train,1.166444954189964,1,0.5833333333333334,0.2121416350264479,0.7527675276752768,1.749659287868431,0.8486087316186127,0.0,0.5374280334523349,8.687006695256821
Aweil West,2011-09-26,train,3.870577717743874,1,0.5833333333333334,0.2121416350264479,0.7527675276752768,1.166444954189964,0.7755205087850068,0.0,0.9228134951075521,15.63202191041899
Aweil West,2011-10-03,train,0.8483950576591128,1,0.5955882352941176,0.4241699020482017,0.7527675276752768,3.870577717743874,0.8266700137724932,0.0,1.5925747882617711,11.02421861285374
Aweil West,2011-10-10,train,0.0,0,0.5955882352941176,0.4241699020482017,0.7527675276752768,0.8483950576591128,0.6208970408394336,0.0,0.36775423235824234,14.279356464122634
Aweil West,2011-10-17,train,0.9014294210249408,1,0.5955882352941176,0.4241699020482017,0.06544165054803353,0.0,0.6137736918420735,0.0,0.20317076211770682,1.9576511512892127
Aweil West,2011-10-24,train,0.0,0,0.5955882352941176,0.4241699020482017,0.7527675276752768,0.9014294210249408,0.4803145731259643,0.0,0.15381525921715886,3.0984360241765656
Aweil West,2011-10-31,train,0.0,0,0.5955882352941176,0.4241699020482017,0.06544165054803353,0.0,0.44160708097309864,0.0,0.05912140871091911,0.505804206910362
Aweil West,2011-11-07,train,0.0,0,0.3984375,0.0,0.06544165054803353,0.0,0.3523979397102143,0.0,0.03708755414792209,0.13485248478938466
Aweil West,2011-11-14,train,0.0,0,0.3984375,0.0,0.06544165054803353,0.0,0.14178356968977895,0.0,0.0,0.019487109669505696
Aweil West,2011-11-21,train,0.0,0,0.3984375,0.0,0.06544165054803353,0.0,0.1296347808662276,0.0,0.0,0.1805770533836213
Aweil West,2011-11-28,train,0.0,0,0.3984375,0.0,0.06544165054803353,0.0,0.0444987935284141,0.0,0.0,0.16644644613874413
Aweil West,2011-12-05,train,0.0,0,0.021739130434782608,0.0,0.06544165054803353,0.0,0.031013194867245422,0.0,0.0,0.007910058720668788
Aweil West,2011-12-12,train,0.0,0,0.021739130434782608,0.0,0.06544165054803353,0.0,0.027521336329286075,0.0,0.0,0.0018394029593793938
Aweil West,2011-12-19,train,0.0,0,0.021739130434782608,0.0,0.06544165054803353,0.0,0.04666887444667416,0.0,0.0,0.03428598076674566
Aweil West,2011-12-26,train,0.0,0,0.021739130434782608,0.0,0.06544165054803353,0.0,0.047166648218317515,0.0,0.0,0.012704543079903926
Aweil West,2012-01-02,train,0.0,0,0.03676470588235294,0.0,0.06544165054803353,0.0,0.04697729085358357,0.0,0.0,0.009164677965427573
Aweil West,2012-01-09,train,0.0,0,0.03676470588235294,0.0,0.06544165054803353,0.0,0.047158795709534435,0.0,0.0,0.008685175428379889
Aweil West,2012-01-16,train,0.0,0,0.03676470588235294,0.0,0.06544165054803353,0.0,0.05692071649746541,0.0,0.0,0.0076057918351596825
Aweil West,2012-01-23,train,0.0,0,0.03676470588235294,0.0,0.06544165054803353,0.0,0.04476499915756382,0.0,0.0,0.010293519372061893
Aweil West,2012-01-30,train,0.0,0,0.03676470588235294,0.0,0.06544165054803353,0.0,0.028365775747717294,0.0,0.0,0.0020085161418667424
Aweil West,2012-02-06,train,0.0,0,0.00819672131147541,0.0,0.06544165054803353,0.0,0.028339260211859223,0.0,0.0,0.0020085161418667424
Aweil West,2012-02-13,train,0.0,0,0.00819672131147541,0.0,0.06544165054803353,0.0,0.027832023168444936,0.0,0.0,0.0020085161418667424
Aweil West,2012-02-20,train,0.0,0,0.00819672131147541,0.0,0.06544165054803353,0.0,0.027832023168444936,0.0,0.0,0.0020085161418667424
Aweil West,2012-02-27,train,0.0,0,0.00819672131147541,0.0,0.06544165054803353,0.0,0.027832023168444936,0.0,0.0,0.0020085161418667424
Aweil West,2012-03-05,train,0.0,0,0.05223880597014925,0.0,0.06544165054803353,0.0,0.030865133698982933,0.0,0.0,0.003737624338061468
Aweil West,2012-03-12,train,0.0,0,0.05223880597014925,0.0,0.06544165054803353,0.0,0.03925440680639017,0.0,0.0,0.0020085161418667424
Aweil West,2012-03-19,train,0.0,0,0.05223880597014925,0.0,0.06544165054803353,0.0,0.032833031851329623,0.0,0.0,0.0020085161418667424
Aweil West,2012-03-26,train,0.0,0,0.05223880597014925,0.0,0.06544165054803353,0.0,0.033877959132456906,0.0,0.0,0.0020085161418667424
Aweil West,2012-04-02,train,0.0,0,0.022727272727272728,0.0,0.06544165054803353,0.0,0.032457939454988795,0.0,0.0,0.0020085161418667424
Aweil West,2012-04-09,train,0.0,0,0.022727272727272728,0.0,0.06544165054803353,0.0,0.03258921174713251,0.0,0.0,0.0020085161418667424
Aweil West,2012-04-16,train,0.0,0,0.022727272727272728,0.0,0.06544165054803353,0.0,0.0314784147349313,0.0,0.0,0.0020085161418667424
Aweil West,2012-04-23,train,0.0,0,0.022727272727272728,0.0,0.06544165054803353,0.0,0.03231897881658572,0.0,0.0,0.0020085161418667424
Aweil West,2012-04-30,train,0.0,0,0.022727272727272728,0.0,0.06544165054803353,0.0,0.0312624709627862,0.0,0.0,0.003001849565401722
Aweil West,2012-05-07,train,0.0,0,0.022388059701492536,0.0,0.06544165054803353,0.0,0.029076261923736375,0.0,0.0,0.0020085161418667424
Aweil West,2012-05-14,train,0.0,0,0.022388059701492536,0.0,0.06544165054803353,0.0,0.028721199513030052,0.0,0.0,0.0020085161418667424
Aweil West,2012-05-21,train,0.0,0,0.022388059701492536,0.0,0.06544165054803353,0.0,0.028721199513030052,0.0,0.0,0.0020085161418667424
Aweil West,2012-05-28,train,0.0,0,0.022388059701492536,0.0,0.06544165054803353,0.0,0.028721199513030052,0.0,0.0,0.0020085161418667424
Aweil West,2012-06-04,train,0.0,0,0.05384615384615385,0.0,0.06544165054803353,0.0,0.028721199513030052,0.0,0.0,0.0020085161418667424
Aweil West,2012-06-11,train,0.0,0,0.05384615384615385,0.0,0.06544165054803353,0.0,0.028721199513030052,0.0,0.0,0.002008685150116027
Aweil West,2012-06-18,train,0.0,0,0.05384615384615385,0.0,0.06544165054803353,0.0,0.02879564230040897,0.0,0.0,0.002008698093416625
Aweil West,2012-06-25,train,0.0,0,0.05384615384615385,0.0,0.06544165054803353,0.0,0.033997029965776845,0.0,0.0,0.004154373816761265
Aweil West,2012-07-02,train,0.0,0,0.03676470588235294,0.0,0.06544165054803353,0.0,0.02914320218897797,0.0,0.0,0.0020097966040802245
Aweil West,2012-07-09,train,0.0,0,0.03676470588235294,0.0,0.06544165054803353,0.0,0.05159205480591497,0.0,0.0,0.008279492941595431
Aweil West,2012-07-16,train,0.0,0,0.03676470588235294,0.0,0.06544165054803353,0.0,0.031029993466242897,0.0,0.0,0.002008868182212166
Aweil West,2012-07-23,train,0.0,0,0.03676470588235294,0.0,0.06544165054803353,0.0,0.034368974903659213,0.0,0.0,0.0028074517552117983
Aweil West,2012-07-30,train,0.0,0,0.03676470588235294,0.0,0.06544165054803353,0.0,0.03375326256422979,0.0,0.0,0.002021556179979756
Aweil West,2012-08-06,train,0.0,0,0.2196969696969697,0.0,0.06544165054803353,0.0,0.05355784827820575,0.0,0.0,0.014446280987175963
Aweil West,2012-08-13,train,0.1060497254082458,1,0.2196969696969697,0.0,0.06544165054803353,0.0,0.41954269117996296,0.0,0.0015901327505707741,0.20568757169009919
Aweil West,2012-08-20,train,0.1591153726247908,1,0.2196969696969697,0.0,0.7527675276752768,0.1060497254082458,0.6310916557293885,0.0,0.15321637284099152,2.0857458669580193
Aweil West,2012-08-27,train,0.0,0,0.2196969696969697,0.0,0.7527675276752768,0.1591153726247908,0.41796494806973356,0.0,0.08661591648789917,1.6337784058965932
Aweil West,2012-09-03,train,0.0,0,0.5833333333333334,0.2121416350264479,0.06544165054803353,0.0,0.30650397771175336,0.0,0.029404462909754854,1.84468211248941
Aweil West,2012-09-10,train,0.2651821751268781,1,0.5833333333333334,0.2121416350264479,0.06544165054803353,0.0,0.55255291984997,0.0,0.09142230373789265,1.743853631805665
Aweil West,2012-09-17,train,1.4849039599687697,1,0.5833333333333334,0.2121416350264479,0.7527675276752768,0.2651821751268781,0.7606950339249342,0.0,0.38674908818767034,7.625288296974467
Aweil West,2012-09-24,train,0.2121416350264479,1,0.5833333333333334,0.2121416350264479,0.7527675276752768,1.4849039599687697,0.8209840303410401,0.0,0.8741416340348563,11.318125830032383
Aweil West,2012-10-01,train,0.0,0,0.5955882352941176,0.4241699020482017,0.7527675276752768,0.2121416350264479,0.6296662240467722,0.0,0.22434697358500538,11.236168056556467
Aweil West,2012-10-08,train,0.4241699020482017,1,0.5955882352941176,0.4241699020482017,0.06544165054803353,0.0,0.5779194774456201,0.0,0.11793258759902682,2.5319973599214673
Aweil West,2012-10-15,train,0.0,0,0.5955882352941176,0.4241699020482017,0.7527675276752768,0.4241699020482017,0.5436445799403151,0.0,0.19535323001163196,2.5497022460143706
Aweil West,2012-10-22,train,0.0,0,0.5955882352941176,0.4241699020482017,0.06544165054803353,0.0,0.21132860412910187,0.0,0.0,1.23946333991124
Aweil West,2012-10-29,train,0.0,0,0.5955882352941176,0.4241699020482017,0.06544165054803353,0.0,0.325044893592988,0.0,0.03708755414792209,0.1047052386967849
Aweil West,2012-11-05,train,0.0,0,0.3984375,0.0,0.06544165054803353,0.0,0.18808139740389193,0.0,0.0,0.022448859397868504
Aweil West,2012-11-12,train,0.1060249735345608,1,0.3984375,0.0,0.06544165054803353,0.0,0.1913340245637307,0.0,0.0,0.09248554679760776
Aweil West,2012-11-19,train,0.0530292113913008,1,0.3984375,0.0,0.7527675276752768,0.1060249735345608,0.4936449256955761,0.0,0.02504946212690727,0.14405832585738562
Aweil West,2012-11-26,train,0.0,0,0.3984375,0.0,0.7527675276752768,0.0530292113913008,0.323265023412919,0.0,0.002269457755034152,0.03813227033858205
Aweil West,2012-12-03,train,0.0,0,0.021739130434782608,0.0,0.06544165054803353,0.0,0.040071198272394935,0.0,0.0,0.03177120885081654
Aweil West,2012-12-10,train,0.0,0,0.021739130434782608,0.0,0.06544165054803353,0.0,0.03408334989657659,0.0,0.0,0.00800307355364343
Aweil West,2012-12-17,train,0.0,0,0.021739130434782608,0.0,0.06544165054803353,0.0,0.047735576058004235,0.0,0.0,0.038341097671512385
Aweil West,2012-12-24,train,0.0530310064901563,1,0.021739130434782608,0.0,0.06544165054803353,0.0,0.12232174113800641,0.0,0.0,0.03077544847657171
Aweil West,2012-12-31,train,0.0,0,0.021739130434782608,0.0,0.7527675276752768,0.0530310064901563,0.21341031663120014,0.0,0.0009488238436683983,0.03531811496395224
Aweil West,2013-01-07,train,0.0,0,0.03676470588235294,0.0,0.06544165054803353,0.0,0.034591423365770806,0.0,0.0,0.011169834571081937
Aweil West,2013-01-14,train,0.0,0,0.03676470588235294,0.0,0.06544165054803353,0.0,0.055939073640230576,0.0,0.0,0.009842160508354915
Aweil West,2013-01-21,train,0.0,0,0.03676470588235294,0.0,0.06544165054803353,0.0,0.04433347941064319,0.0,0.0,0.005959411586899975
Aweil West,2013-01-28,train,0.0,0,0.03676470588235294,0.0,0.06544165054803353,0.0,0.033972854171516687,0.0,0.0,0.00461578155283319
Aweil West,2013-02-04,train,0.0,0,0.00819672131147541,0.0,0.06544165054803353,0.0,0.029219719638848562,0.0,0.0,0.0020085161418667424
Aweil West,2013-02-11,train,0.0,0,0.00819672131147541,0.0,0.06544165054803353,0.0,0.029192429843008766,0.0,0.0,0.0020085161418667424
Aweil West,2013-02-18,train,0.0,0,0.00819672131147541,0.0,0.06544165054803353,0.0,0.029192429843008766,0.0,0.0,0.0020085161418667424
Aweil West,2013-02-25,train,0.0,0,0.00819672131147541,0.0,0.06544165054803353,0.0,0.029192429843008766,0.0,0.0,0.0020085161418667424
Aweil West,2013-03-04,train,0.0,0,0.05223880597014925,0.0,0.06544165054803353,0.0,0.03232872106516063,0.0,0.0,0.0020085161418667424
Aweil West,2013-03-11,train,0.0530068639246283,1,0.05223880597014925,0.0,0.06544165054803353,0.0,0.1006716820941402,0.0,0.0,0.0662238164046584
Aweil West,2013-03-18,train,0.0,0,0.05223880597014925,0.0,0.7527675276752768,0.0530068639246283,0.08905504116235563,0.0,0.0,0.029238533435535452
Aweil West,2013-03-25,train,0.0,0,0.05223880597014925,0.0,0.06544165054803353,0.0,0.03547149126789166,0.0,0.0,0.009047463881170765
Aweil West,2013-04-01,train,0.0,0,0.022727272727272728,0.0,0.06544165054803353,0.0,0.05319194353540918,0.0,0.0,0.08219785718663508
Aweil West,2013-04-08,train,0.0,0,0.022727272727272728,0.0,0.06544165054803353,0.0,0.032994067994786186,0.0,0.0,0.0027898594466478502
Aweil West,2013-04-15,train,0.0,0,0.022727272727272728,0.0,0.06544165054803353,0.0,0.03150934813463882,0.0,0.0,0.0020085161418667424
Aweil West,2013-04-22,train,0.0,0,0.022727272727272728,0.0,0.06544165054803353,0.0,0.03181041499602172,0.0,0.0,0.005008175132686515
Aweil West,2013-04-29,train,0.0,0,0.022727272727272728,0.0,0.06544165054803353,0.0,0.031307177978367615,0.0,0.0,0.0068925706938727065
Aweil West,2013-05-06,train,0.0,0,0.022388059701492536,0.0,0.06544165054803353,0.0,0.03914826954137723,0.0,0.0,0.042035457412227945
Aweil West,2013-05-13,train,0.0,0,0.022388059701492536,0.0,0.06544165054803353,0.0,0.028762380273874393,0.0,0.0,0.0025973693736480565
Aweil West,2013-05-20,train,0.0,0,0.022388059701492536,0.0,0.06544165054803353,0.0,0.028762380273874393,0.0,0.0,0.0020085161418667424
Aweil West,2013-05-27,train,0.0,0,0.022388059701492536,0.0,0.06544165054803353,0.0,0.028762380273874393,0.0,0.0,0.0020085161418667424
Aweil West,2013-06-03,train,0.0,0,0.05384615384615385,0.0,0.06544165054803353,0.0,0.028762380273874393,0.0,0.0,0.0020085161418667424
Aweil West,2013-06-10,train,0.0,0,0.05384615384615385,0.0,0.06544165054803353,0.0,0.028762380273874393,0.0,0.0,0.0020085161418667424
Aweil West,2013-06-17,train,0.0,0,0.05384615384615385,0.0,0.06544165054803353,0.0,0.02883692662913246,0.0,0.0,0.0020085161418667424
Aweil West,2013-06-24,train,0.0,0,0.05384615384615385,0.0,0.06544165054803353,0.0,0.03404551011411759,0.0,0.0,0.010009517638839754
Aweil West,2013-07-01,train,0.0,0,0.03676470588235294,0.0,0.06544165054803353,0.0,0.030214284030772122,0.0,0.0,0.0020087178166660336
Aweil West,2013-07-08,train,0.0,0,0.03676470588235294,0.0,0.06544165054803353,0.0,0.029184969840548913,0.0,0.0,0.0020087178166660336
Aweil West,2013-07-15,train,0.0,0,0.03676470588235294,0.0,0.06544165054803353,0.0,0.030730364672588377,0.0,0.0,0.0020095851460504694
Aweil West,2013-07-22,train,0.0,0,0.03676470588235294,0.0,0.06544165054803353,0.0,0.05927080269682332,0.0,0.0,0.037462879681737164
Aweil West,2013-07-29,train,0.0,0,0.03676470588235294,0.0,0.06544165054803353,0.0,0.03613925157897942,0.0,0.0,0.015243806630270277
Aweil West,2013-08-05,train,0.0,0,0.2196969696969697,0.0,0.06544165054803353,0.0,0.06802846995797979,0.0,0.0,0.08121451581536249
Aweil West,2013-08-12,train,0.0,0,0.2196969696969697,0.0,0.06544165054803353,0.0,0.09885623735552697,0.0,0.0,0.357380639585207
Aweil West,2013-08-19,train,0.0,0,0.2196969696969697,0.0,0.06544165054803353,0.0,0.3547479026305217,0.0,0.0,0.7672055211126821
Aweil West,2013-08-26,train,0.0,0,0.2196969696969697,0.0,0.06544165054803353,0.0,0.19712627416294112,0.0,0.0,0.6061345063273234
Aweil West,2013-09-02,train,0.0,0,0.5833333333333334,0.2121416350264479,0.06544165054803353,0.0,0.2080910359001845,0.0,0.0,0.2393783964086777
Aweil West,2013-09-09,train,0.0530162724539741,1,0.5833333333333334,0.2121416350264479,0.06544165054803353,0.0,0.44815841815534757,0.0,0.0,0.5533922007005528
Aweil West,2013-09-16,train,3.551699333362255,1,0.5833333333333334,0.2121416350264479,0.7527675276752768,0.0530162724539741,0.7439281213382432,0.0,0.27971484504000604,3.8784220243319782
Aweil West,2013-09-23,train,2.756818426545252,1,0.5833333333333334,0.2121416350264479,0.7527675276752768,3.551699333362255,0.8521243111897869,0.0,1.8376540871867595,11.863837392736183
Aweil West,2013-09-30,train,1.6965482415612705,1,0.5833333333333334,0.2121416350264479,0.7527675276752768,2.756818426545252,0.8434496106727736,0.0,1.7719135738022842,9.349811039138343
Aweil West,2013-10-07,train,1.060384022972347,1,0.5955882352941176,0.4241699020482017,0.7527675276752768,1.6965482415612705,0.7649931036638362,0.0,0.41778534591069205,10.392265918709365
Aweil West,2013-10-14,train,11.717566705160028,1,0.5955882352941176,0.4241699020482017,0.7527675276752768,1.060384022972347,0.6408746632542599,0.0,0.6420306707291269,11.300130254494562
Aweil West,2013-10-21,train,0.2649863727552165,1,0.5955882352941176,0.4241699020482017,0.7527675276752768,11.717566705160028,0.905814849871122,0.04963844111232155,3.021611816672413,14.854246871215675
Aweil West,2013-10-28,train,0.2120617764967746,1,0.5955882352941176,0.4241699020482017,0.7527675276752768,0.2649863727552165,0.6348218952741754,0.0,0.1002037817711593,3.744186032615321
Aweil West,2013-11-04,train,0.1060673889481434,1,0.3984375,0.0,0.7527675276752768,0.2120617764967746,0.5294677689279332,0.0,0.033002924293927566,0.4620203835841609
Aweil West,2013-11-11,train,0.2121291055237528,1,0.3984375,0.0,0.7527675276752768,0.1060673889481434,0.6254923735414086,0.0,0.04930119026114678,0.5005986359385329
Aweil West,2013-11-18,train,0.0,0,0.3984375,0.0,0.7527675276752768,0.2121291055237528,0.44336833148559507,0.0,0.051308795314898376,0.29924690333276427
Aweil West,2013-11-25,train,0.106064228352019,1,0.3984375,0.0,0.06544165054803353,0.0,0.3161608846603437,0.0,0.029656787004455086,0.24293930489926366
Aweil West,2013-12-02,train,0.0,0,0.021739130434782608,0.0,0.7527675276752768,0.106064228352019,0.2773859984406255,0.0,0.021773835143893406,0.05454503597030702
Aweil West,2013-12-09,train,0.0,0,0.021739130434782608,0.0,0.06544165054803353,0.0,0.08070072349350961,0.0,0.0,0.41161632909907403
Aweil West,2013-12-16,train,0.0,0,0.021739130434782608,0.0,0.06544165054803353,0.0,0.04228310651596352,0.0,0.0,0.039280470012180074
Aweil West,2013-12-23,train,0.0,0,0.021739130434782608,0.0,0.06544165054803353,0.0,0.0753314697609476,0.0,0.0,0.017049954035637648
Aweil West,2013-12-30,train,0.0,0,0.021739130434782608,0.0,0.06544165054803353,0.0,0.05219782631701203,0.0,0.0,0.007980955651967544
Aweil West,2014-01-06,train,0.0,0,0.03676470588235294,0.0,0.06544165054803353,0.0,0.04952777499028002,0.0,0.0,0.014366781181329164
Aweil West,2014-01-13,train,0.0530114248181435,1,0.03676470588235294,0.0,0.06544165054803353,0.0,0.05799461516328289,0.0,0.0,0.014485222731775634
Aweil West,2014-01-20,train,0.3710824018185117,1,0.03676470588235294,0.0,0.7527675276752768,0.0530114248181435,0.17264596922129466,0.0,0.0,0.07915169938906644
Aweil West,2014-01-27,train,0.0,0,0.03676470588235294,0.0,0.7527675276752768,0.3710824018185117,0.2506305606426851,0.0,0.09333760105670932,0.5324877184906985
Aweil West,2014-02-03,train,0.0,0,0.00819672131147541,0.0,0.06544165054803353,0.0,0.12718846081339374,0.0,0.0,0.12878497430516114
Aweil West,2014-02-10,train,0.0,0,0.00819672131147541,0.0,0.06544165054803353,0.0,0.06395847735938057,0.0,0.0,0.03940670045773089
Aweil West,2014-02-17,train,0.0,0,0.00819672131147541,0.0,0.06544165054803353,0.0,0.029814853413038838,0.0,0.0,0.0020085161418667424
Aweil West,2014-02-24,train,0.0,0,0.00819672131147541,0.0,0.06544165054803353,0.0,0.029192429843008766,0.0,0.0,0.0020085161418667424
Aweil West,2014-03-03,train,0.0,0,0.05223880597014925,0.0,0.06544165054803353,0.0,0.031159634444246076,0.0,0.0,0.0020085161418667424
Aweil West,2014-03-10,train,0.0,0,0.05223880597014925,0.0,0.06544165054803353,0.0,0.07841401403929273,0.0,0.0,0.06592470398602145
Aweil West,2014-03-17,train,0.0,0,0.05223880597014925,0.0,0.06544165054803353,0.0,0.03547149126789166,0.0,0.0,0.0068925706938727065
Aweil West,2014-03-24,train,0.0,0,0.05223880597014925,0.0,0.06544165054803353,0.0,0.03547149126789166,0.0,0.0,0.0020085161418667424
Aweil West,2014-03-31,train,0.0,0,0.05223880597014925,0.0,0.06544165054803353,0.0,0.03865593791807165,0.0,0.0,0.005678166433045709
Aweil West,2014-04-07,train,0.0,0,0.022727272727272728,0.0,0.06544165054803353,0.0,0.03363505015730515,0.0,0.0,0.0020085161418667424
Aweil West,2014-04-14,train,0.0,0,0.022727272727272728,0.0,0.06544165054803353,0.0,0.03150934813463882,0.0,0.0,0.0020085161418667424
Aweil West,2014-04-21,train,0.0,0,0.022727272727272728,0.0,0.06544165054803353,0.0,0.03181041499602172,0.0,0.0,0.004896823128264594
Aweil West,2014-04-28,train,0.0,0,0.022727272727272728,0.0,0.06544165054803353,0.0,0.03478044039932346,0.0,0.0,0.0068925706938727065
Aweil West,2014-05-05,train,0.0,0,0.022388059701492536,0.0,0.06544165054803353,0.0,0.03914826954137723,0.0,0.0,0.042035457412227945
Aweil West,2014-05-12,train,0.0,0,0.022388059701492536,0.0,0.06544165054803353,0.0,0.030868683546617513,0.0,0.0,0.002896481792285004
Aweil West,2014-05-19,train,0.0,0,0.022388059701492536,0.0,0.06544165054803353,0.0,0.028762380273874393,0.0,0.0,0.0020085161418667424
Aweil West,2014-05-26,train,0.0,0,0.022388059701492536,0.0,0.06544165054803353,0.0,0.028762380273874393,0.0,0.0,0.0020085161418667424
Aweil West,2014-06-02,train,0.0,0,0.05384615384615385,0.0,0.06544165054803353,0.0,0.028762380273874393,0.0,0.0,0.0020085161418667424
Aweil West,2014-06-09,train,0.0,0,0.05384615384615385,0.0,0.06544165054803353,0.0,0.028762380273874393,0.0,0.0,0.0020085161418667424
Aweil West,2014-06-16,train,0.0,0,0.05384615384615385,0.0,0.06544165054803353,0.0,0.02883692662913246,0.0,0.0,0.008795034406755426
Aweil West,2014-06-23,train,0.0,0,0.05384615384615385,0.0,0.06544165054803353,0.0,0.031718603224107446,0.0,0.0,0.0100505483373096
Aweil West,2014-06-30,train,0.0,0,0.05384615384615385,0.0,0.06544165054803353,0.0,0.030214284030772122,0.0,0.0,0.0020087178166660336
Aweil West,2014-07-07,train,0.0,0,0.03676470588235294,0.0,0.06544165054803353,0.0,0.029184969840548913,0.0,0.0,0.0020087178166660336
Aweil West,2014-07-14,train,0.0,0,0.03676470588235294,0.0,0.06544165054803353,0.0,0.031666000541652896,0.0,0.0,0.0035344746278958396
Aweil West,2014-07-21,train,0.0,0,0.03676470588235294,0.0,0.06544165054803353,0.0,0.05264880902672814,0.0,0.0,0.015400294834716497
Aweil West,2014-07-28,train,0.0,0,0.03676470588235294,0.0,0.06544165054803353,0.0,0.03613925157897942,0.0,0.0,0.011328744831626155
Aweil West,2014-08-04,train,0.0,0,0.2196969696969697,0.0,0.06544165054803353,0.0,0.039793512076682004,0.0,0.0,0.0635454861563754
Aweil West,2014-08-11,train,0.0,0,0.2196969696969697,0.0,0.06544165054803353,0.0,0.09705083059359527,0.0,0.0,0.0218225803096201
Aweil West,2014-08-18,train,0.0,0,0.2196969696969697,0.0,0.06544165054803353,0.0,0.3046987538102656,0.0,0.0,0.6675710527873131
Aweil West,2014-08-25,train,0.0,0,0.2196969696969697,0.0,0.06544165054803353,0.0,0.20846899030515972,0.0,0.0,0.583272669629144
Aweil West,2014-09-01,train,0.0,0,0.5833333333333334,0.2121416350264479,0.06544165054803353,0.0,0.2328232604304388,0.0,0.0,0.5481926020958643
Aweil West,2014-09-08,train,0.5301351747726879,1,0.5833333333333334,0.2121416350264479,0.06544165054803353,0.0,0.44815841815534757,0.0,0.0,0.6476554944181551
Aweil West,2014-09-15,train,0.4771179838462169,1,0.5833333333333334,0.2121416350264479,0.7527675276752768,0.5301351747726879,0.7166783616640423,0.0,0.38246855145873454,5.185769174850278
Aweil West,2014-09-22,train,0.4771234449891393,1,0.5833333333333334,0.2121416350264479,0.7527675276752768,0.4771179838462169,0.7620707893427175,0.0,0.4416732545401167,5.583999286184968
Aweil West,2014-09-29,train,1.8549682197135329,1,0.5833333333333334,0.2121416350264479,0.7527675276752768,0.4771234449891393,0.762835891085914,0.0,0.4644509325522646,6.132947220844294
Aweil West,2014-10-06,train,7.367978519418215,1,0.5955882352941176,0.4241699020482017,0.7527675276752768,1.8549682197135329,0.7852851206578423,0.0,1.0254963511093007,7.897974459254667
Aweil West,2014-10-13,train,17.921001906376883,1,0.5955882352941176,0.4241699020482017,0.7527675276752768,7.367978519418215,0.9050797098285578,0.04963844111232155,3.629731538526717,23.25734002945665
Aweil West,2014-10-20,train,3.870436731498516,1,0.5955882352941176,0.4241699020482017,0.7527675276752768,17.921001906376883,0.9114091434179769,0.04963844111232155,6.224356747316057,9.387525320925148
Aweil West,2014-10-27,train,0.0,0,0.5955882352941176,0.4241699020482017,0.7527675276752768,3.870436731498516,0.7447796899851022,0.0,0.702061351280742,7.99711855769298
Aweil West,2014-11-03,train,1.8027024490049528,1,0.3984375,0.0,0.06544165054803353,0.0,0.7344446232752492,0.0,0.1832979184897683,3.9771437656753053
Aweil West,2014-11-10,train,0.5301236286762354,1,0.3984375,0.0,0.7527675276752768,1.8027024490049528,0.7873758118216277,0.0019077954898751414,0.1990572474499646,4.182137285602839
Aweil West,2014-11-17,train,0.5301121100534493,1,0.3984375,0.0,0.7527675276752768,0.5301236286762354,0.6076721471006238,0.0,0.07682571918753608,1.8656562629084583
Aweil West,2014-11-24,train,0.0,0,0.3984375,0.0,0.7527675276752768,0.5301121100534493,0.3800426705184897,0.0,0.0418223274145484,0.4917931380981795
Aweil West,2014-12-01,train,0.0,0,0.021739130434782608,0.0,0.06544165054803353,0.0,0.1377144134368337,0.0,0.0,0.25970520646913253
Aweil West,2014-12-08,train,0.0,0,0.021739130434782608,0.0,0.06544165054803353,0.0,0.043462152841429284,0.0,0.0,0.03920667228291875
Aweil West,2014-12-15,train,0.0,0,0.021739130434782608,0.0,0.06544165054803353,0.0,0.0435526932050145,0.0,0.0,0.02565471506119746
Aweil West,2014-12-22,train,0.0,0,0.021739130434782608,0.0,0.06544165054803353,0.0,0.08938555489653292,0.0,0.0,0.0375101499644013
Aweil West,2014-12-29,train,0.0,0,0.021739130434782608,0.0,0.06544165054803353,0.0,0.057315563543839015,0.0,0.0,0.013643598091412313
Aweil Centre,2015-01-19,val,0.0,0,0.0661764705882353,0.0,0.06544165054803353,0.0,0.09316304825613722,0.0,0.0,0.0278404887721184
Aweil Centre,2015-01-26,val,0.0,0,0.0661764705882353,0.0,0.06544165054803353,0.0,0.12356162404507144,0.0,0.0,0.03790888890737866
Aweil Centre,2015-02-02,val,0.0,0,0.00819672131147541,0.0,0.06544165054803353,0.0,0.039689994153412025,0.0,0.0,0.0022616526582879253
Aweil Centre,2015-02-09,val,0.0,0,0.00819672131147541,0.0,0.06544165054803353,0.0,0.03183509554167546,0.0,0.0,0.0022620053805451797
Aweil Centre,2015-02-16,val,0.0,0,0.00819672131147541,0.0,0.06544165054803353,0.0,0.031254758496023785,0.0,0.0,0.0022620053805451797
Aweil Centre,2015-02-23,val,0.0,0,0.00819672131147541,0.0,0.06544165054803353,0.0,0.031254758496023785,0.0,0.0,0.0022620053805451797
Aweil Centre,2015-03-02,val,0.0,0,0.05223880597014925,0.0,0.06544165054803353,0.0,0.031981057441992235,0.0,0.0,0.0022620053805451797
Aweil Centre,2015-03-09,val,0.0,0,0.05223880597014925,0.0,0.06544165054803353,0.0,0.07483731562559243,0.0,0.0,0.05260345251192733
Aweil Centre,2015-03-16,val,0.0,0,0.05223880597014925,0.0,0.06544165054803353,0.0,0.039684410999455674,0.0,0.0,0.009983120409401495
Aweil Centre,2015-03-23,val,0.0,0,0.05223880597014925,0.0,0.06544165054803353,0.0,0.0395776332856695,0.0,0.0,0.005049681021833042
Aweil Centre,2015-03-30,val,0.0,0,0.05223880597014925,0.0,0.06544165054803353,0.0,0.04162744999869425,0.0,0.0,0.006917429965258677
Aweil Centre,2015-04-06,val,0.0,0,0.03787878787878788,0.0,0.06544165054803353,0.0,0.043667320100349086,0.0,0.0,0.006133602060253141
Aweil Centre,2015-04-13,val,0.0,0,0.03787878787878788,0.0,0.06544165054803353,0.0,0.041752296850057595,0.0,0.0,0.006133602060253141
Aweil Centre,2015-04-20,val,0.0,0,0.03787878787878788,0.0,0.06544165054803353,0.0,0.03573663473739554,0.0,0.0,0.002389291907698297
Aweil Centre,2015-04-27,val,0.0,0,0.03787878787878788,0.0,0.06544165054803353,0.0,0.0387307219804906,0.0,0.0,0.007747123149309918
Aweil Centre,2015-05-04,val,0.0,0,0.007462686567164179,0.0,0.06544165054803353,0.0,0.04761780659165016,0.0,0.0,0.04513146265083884
Aweil Centre,2015-05-11,val,0.0,0,0.007462686567164179,0.0,0.06544165054803353,0.0,0.03452897496049103,0.0,0.0,0.0023076285605036877
Aweil Centre,2015-05-18,val,0.0,0,0.007462686567164179,0.0,0.06544165054803353,0.0,0.03075174744564629,0.0,0.0,0.0020085161418667424
Aweil Centre,2015-05-25,val,0.0,0,0.007462686567164179,0.0,0.06544165054803353,0.0,0.03075174744564629,0.0,0.0,0.0020085161418667424
Aweil Centre,2015-06-01,val,0.0,0,0.038461538461538464,0.0,0.06544165054803353,0.0,0.03075174744564629,0.0,0.0,0.0020085161418667424
Aweil Centre,2015-06-08,val,0.0,0,0.038461538461538464,0.0,0.06544165054803353,0.0,0.03075174744564629,0.0,0.0,0.0020085161418667424
Aweil Centre,2015-06-15,val,0.0,0,0.038461538461538464,0.0,0.06544165054803353,0.0,0.03141327259710506,0.0,0.0,0.0020085161418667424
Aweil Centre,2015-06-22,val,0.0,0,0.038461538461538464,0.0,0.06544165054803353,0.0,0.03149446674328958,0.0,0.0,0.0020085161418667424
Aweil Centre,2015-06-29,val,0.0,0,0.038461538461538464,0.0,0.06544165054803353,0.0,0.031296673917109066,0.0,0.0,0.0020085161418667424
Aweil Centre,2015-07-06,val,0.0,0,0.007352941176470588,0.0,0.06544165054803353,0.0,0.031242765220808242,0.0,0.0,0.0020085161418667424
Aweil Centre,2015-07-13,val,0.0,0,0.007352941176470588,0.0,0.06544165054803353,0.0,0.040617509903605624,0.0,0.0,0.003533402724369781
Aweil Centre,2015-07-20,val,0.0,0,0.007352941176470588,0.0,0.06544165054803353,0.0,0.04151253156932698,0.0,0.0,0.006241371388728541
Aweil Centre,2015-07-27,val,0.0,0,0.007352941176470588,0.0,0.06544165054803353,0.0,0.03398563195981751,0.0,0.0,0.007798719015823949
Aweil Centre,2015-08-03,val,0.0,0,0.3106060606060606,0.0,0.06544165054803353,0.0,0.03749312989027659,0.0,0.0,0.08502535351116937
Aweil Centre,2015-08-10,val,0.0,0,0.3106060606060606,0.0,0.06544165054803353,0.0,0.06721242791236137,0.0,0.0,0.12882179818549855
Aweil Centre,2015-08-17,val,0.0,0,0.3106060606060606,0.0,0.06544165054803353,0.0,0.48162591726370163,0.0,0.015703205711973436,0.9102433178578564
Aweil Centre,2015-08-24,val,0.0,0,0.3106060606060606,0.0,0.06544165054803353,0.0,0.23519557690517703,0.0,0.006086795738962606,0.923690624597355
Aweil Centre,2015-08-31,val,0.0,0,0.3106060606060606,0.0,0.06544165054803353,0.0,0.22432068143095654,0.0,0.0033723568469625704,0.8402767547962909
Aweil Centre,2015-09-07,val,0.0,0,0.5681818181818182,0.1591004865320547,0.06544165054803353,0.0,0.19310047444533138,0.0,0.002088504815856776,0.21135684288063966
Aweil Centre,2015-09-14,val,0.0,0,0.5681818181818182,0.1591004865320547,0.06544165054803353,0.0,0.229566617871363,0.0,0.002088504815856776,0.0425354320073086
Aweil Centre,2015-09-21,val,0.0,0,0.5681818181818182,0.1591004865320547,0.06544165054803353,0.0,0.25242593411389286,0.0,0.002088504815856776,0.08171792254833687
Aweil Centre,2015-09-28,val,0.0,0,0.5681818181818182,0.1591004865320547,0.06544165054803353,0.0,0.3283299370162992,0.0,0.002088504815856776,3.339357829259356
Aweil Centre,2015-10-05,val,0.0,0,0.6838235294117647,0.3714698106708368,0.06544165054803353,0.0,0.23686394902603328,0.0,0.00367863756642755,0.5628835707398052
Aweil Centre,2015-10-12,val,0.0,0,0.6838235294117647,0.3714698106708368,0.06544165054803353,0.0,0.20256038051774974,0.0,0.002088504815856776,0.002088504815856776
Aweil Centre,2015-10-19,val,0.0,0,0.6838235294117647,0.3714698106708368,0.06544165054803353,0.0,0.41902264245211124,0.0,0.0034741106115135974,0.3217818059392002
Aweil Centre,2015-10-26,val,0.0,0,0.6838235294117647,0.3714698106708368,0.06544165054803353,0.0,0.3546926392350072,0.0,0.0034741106115135974,0.15864715559191664
Aweil Centre,2015-11-02,val,1.114325868700777,1,0.5546875,0.1061869858513083,0.06544165054803353,0.0,0.46219159783603864,0.0,0.0034741106115135974,0.21844081794456557
Aweil Centre,2015-11-09,val,8.753436167021194,1,0.5546875,0.1061869858513083,0.7527675276752768,1.114325868700777,0.480834442787647,0.0,0.1266324427554854,1.4749121979494204
Aweil Centre,2015-11-16,val,1.7502131358499675,1,0.5546875,0.1061869858513083,0.7527675276752768,8.753436167021194,0.8939164442969407,0.04963844111232155,2.217464834034269,8.85139502908837
Aweil Centre,2015-11-23,val,1.6970743791378526,1,0.5546875,0.1061869858513083,0.7527675276752768,1.7502131358499675,0.759580514621722,0.0019077954898751414,0.22504684082469922,5.234041447474772
Aweil Centre,2015-11-30,val,0.0,0,0.5546875,0.1061869858513083,0.7527675276752768,1.6970743791378526,0.7712228586831763,0.0019077954898751414,0.27397988480178126,2.1712269449043475
Aweil Centre,2015-12-07,val,0.0,0,0.2246376811594203,0.0,0.06544165054803353,0.0,0.21741876470328575,0.0,0.0,1.5330175800760282
Aweil Centre,2015-12-14,val,0.0,0,0.2246376811594203,0.0,0.06544165054803353,0.0,0.05000471505847248,0.0,0.0,0.10960275764885692
Aweil Centre,2015-12-21,val,0.0,0,0.2246376811594203,0.0,0.06544165054803353,0.0,0.1254068927440222,0.0,0.0,0.058659447255414165
Aweil Centre,2015-12-28,val,0.0,0,0.2246376811594203,0.0,0.06544165054803353,0.0,0.06137558413940632,0.0,0.0,0.015005628398600512
Aweil Centre,2016-01-04,val,0.0,0,0.0661764705882353,0.0,0.06544165054803353,0.0,0.07234700971054446,0.0,0.0,0.015706846358804004
Aweil Centre,2016-01-11,val,0.0,0,0.0661764705882353,0.0,0.06544165054803353,0.0,0.07603992815983711,0.0,0.0,0.015184208981521907
Aweil Centre,2016-01-18,val,0.0,0,0.0661764705882353,0.0,0.06544165054803353,0.0,0.08412026044595829,0.0,0.0,0.014700949203002921
Aweil Centre,2016-01-25,val,0.0,0,0.0661764705882353,0.0,0.06544165054803353,0.0,0.15158815334562817,0.0,0.0,0.04753643615969873
Aweil Centre,2016-02-01,val,0.0,0,0.00819672131147541,0.0,0.06544165054803353,0.0,0.039689994153412025,0.0,0.0,0.002318686454018547
Aweil Centre,2016-02-08,val,0.0,0,0.00819672131147541,0.0,0.06544165054803353,0.0,0.03183509554167546,0.0,0.0,0.0022620053805451797
Aweil Centre,2016-02-15,val,0.0,0,0.00819672131147541,0.0,0.06544165054803353,0.0,0.031254758496023785,0.0,0.0,0.0022620053805451797
Aweil Centre,2016-02-22,val,0.0,0,0.00819672131147541,0.0,0.06544165054803353,0.0,0.031254758496023785,0.0,0.0,0.0022620053805451797
Aweil Centre,2016-02-29,val,0.0,0,0.00819672131147541,0.0,0.06544165054803353,0.0,0.03168848165339199,0.0,0.0,0.0022620053805451797
Aweil Centre,2016-03-07,val,0.0,0,0.05223880597014925,0.0,0.06544165054803353,0.0,0.07483731562559243,0.0,0.0,0.05260345251192733
Aweil Centre,2016-03-14,val,0.0,0,0.05223880597014925,0.0,0.06544165054803353,0.0,0.039684410999455674,0.0,0.0,0.009983120409401495
Aweil Centre,2016-03-21,val,0.0,0,0.05223880597014925,0.0,0.06544165054803353,0.0,0.0395776332856695,0.0,0.0,0.005049681021833042
Aweil Centre,2016-03-28,val,0.0,0,0.05223880597014925,0.0,0.06544165054803353,0.0,0.04162744999869425,0.0,0.0,0.00489144009025284
Aweil Centre,2016-04-04,val,0.0,0,0.03787878787878788,0.0,0.06544165054803353,0.0,0.043667320100349086,0.0,0.0,0.006133602060253141
Aweil Centre,2016-04-11,val,0.0,0,0.03787878787878788,0.0,0.06544165054803353,0.0,0.041752296850057595,0.0,0.0,0.006133602060253141
Aweil Centre,2016-04-18,val,0.0,0,0.03787878787878788,0.0,0.06544165054803353,0.0,0.03573663473739554,0.0,0.0,0.0020085161418667424
Aweil Centre,2016-04-25,val,0.0,0,0.03787878787878788,0.0,0.06544165054803353,0.0,0.03993791064238901,0.0,0.0,0.007747123149309918
Aweil Centre,2016-05-02,val,0.0,0,0.007462686567164179,0.0,0.06544165054803353,0.0,0.034819265523808436,0.0,0.0,0.007747123149309918
Aweil Centre,2016-05-09,val,0.0,0,0.007462686567164179,0.0,0.06544165054803353,0.0,0.03244479186851524,0.0,0.0,0.0020085161418667424
Aweil Centre,2016-05-16,val,0.0,0,0.007462686567164179,0.0,0.06544165054803353,0.0,0.03075174744564629,0.0,0.0,0.0020085161418667424
Aweil Centre,2016-05-23,val,0.0,0,0.007462686567164179,0.0,0.06544165054803353,0.0,0.03075174744564629,0.0,0.0,0.0020085161418667424
Aweil Centre,2016-05-30,val,0.0,0,0.007462686567164179,0.0,0.06544165054803353,0.0,0.03075174744564629,0.0,0.0,0.0020085161418667424
Aweil Centre,2016-06-06,val,0.0,0,0.038461538461538464,0.0,0.06544165054803353,0.0,0.03075174744564629,0.0,0.0,0.0020085161418667424
Aweil Centre,2016-06-13,val,0.0,0,0.038461538461538464,0.0,0.06544165054803353,0.0,0.033210634778616056,0.0,0.0,0.0020085161418667424
Aweil Centre,2016-06-20,val,0.0,0,0.038461538461538464,0.0,0.06544165054803353,0.0,0.03149446674328958,0.0,0.0,0.0020085161418667424
Aweil Centre,2016-06-27,val,0.0,0,0.038461538461538464,0.0,0.06544165054803353,0.0,0.031296673917109066,0.0,0.0,0.0020085161418667424
Aweil Centre,2016-07-04,val,0.0,0,0.007352941176470588,0.0,0.06544165054803353,0.0,0.031242765220808242,0.0,0.0,0.0020085161418667424
Aweil Centre,2016-07-11,val,0.0,0,0.007352941176470588,0.0,0.06544165054803353,0.0,0.040617509903605624,0.0,0.0,0.003533402724369781
Aweil Centre,2016-07-18,val,0.0,0,0.007352941176470588,0.0,0.06544165054803353,0.0,0.031113046214864326,0.0,0.0,0.003717556214756876
Aweil Centre,2016-07-25,val,0.0,0,0.007352941176470588,0.0,0.06544165054803353,0.0,0.03328841147628273,0.0,0.0,0.004993422905677988
Aweil Centre,2016-08-01,val,0.0,0,0.3106060606060606,0.0,0.06544165054803353,0.0,0.03749312989027659,0.0,0.0,0.08320350599202177
Aweil Centre,2016-08-08,val,1.6441879788117588,1,0.3106060606060606,0.0,0.06544165054803353,0.0,0.06721242791236137,0.0,0.0,0.12882179818549855
Aweil Centre,2016-08-15,val,6.947525649737912,1,0.3106060606060606,0.0,0.7527675276752768,1.6441879788117588,0.8299281142791173,0.0,0.3264687161457119,5.686498872963524
Aweil Centre,2016-08-22,val,9.70411407025436,1,0.3106060606060606,0.0,0.7527675276752768,6.947525649737912,0.9007207400437822,0.04963844111232155,2.4597711908901783,11.035728230819467
Aweil Centre,2016-08-29,val,0.0,0,0.3106060606060606,0.0,0.7527675276752768,9.70411407025436,0.9032434733059745,0.04963844111232155,3.129329710287043,10.22495522579491
Aweil Centre,2016-09-05,val,0.0,0,0.5681818181818182,0.1591004865320547,0.06544165054803353,0.0,0.7237170185165077,0.0,0.2376326680797389,13.990272074722292
Aweil Centre,2016-09-12,val,0.0530336944740717,1,0.5681818181818182,0.1591004865320547,0.06544165054803353,0.0,0.5340431028022264,0.0,0.09355854932276318,8.932252432885575
Aweil Centre,2016-09-19,val,0.0,0,0.5681818181818182,0.1591004865320547,0.7527675276752768,0.0530336944740717,0.8043461403652296,0.0015924790129594006,0.45480800393152,10.331532993541817
Aweil Centre,2016-09-26,val,0.0,0,0.5681818181818182,0.1591004865320547,0.06544165054803353,0.0,0.29147573353287315,0.0,0.002088504815856776,6.543380426318942
Aweil Centre,2016-10-03,val,0.0,0,0.6838235294117647,0.3714698106708368,0.06544165054803353,0.0,0.2761610667813776,0.0,0.0037263783354413126,0.6541530257319024
Aweil Centre,2016-10-10,val,0.0,0,0.6838235294117647,0.3714698106708368,0.06544165054803353,0.0,0.20462323054761078,0.0,0.002088504815856776,3.1158243368041623
Aweil Centre,2016-10-17,val,0.0,0,0.6838235294117647,0.3714698106708368,0.06544165054803353,0.0,0.3441761317305224,0.0,0.0034741106115135974,0.3462878210881265
Aweil Centre,2016-10-24,val,0.0,0,0.6838235294117647,0.3714698106708368,0.06544165054803353,0.0,0.33547339795173103,0.0,0.0034741106115135974,0.09311055035905096
Aweil Centre,2016-10-31,val,0.0,0,0.6838235294117647,0.3714698106708368,0.06544165054803353,0.0,0.5062131378251487,0.0,0.0034741106115135974,0.37190911084466466
Aweil Centre,2016-11-07,val,0.0,0,0.5546875,0.1061869858513083,0.06544165054803353,0.0,0.3642885532742725,0.0,0.004757962642619392,0.3017540222895137
Aweil Centre,2016-11-14,val,0.0,0,0.5546875,0.1061869858513083,0.06544165054803353,0.0,0.3532752914193898,0.0,0.0072219537645760315,0.31313774239194264
Aweil Centre,2016-11-21,val,0.9559209551280357,1,0.5546875,0.1061869858513083,0.06544165054803353,0.0,0.4753891666809848,0.0,0.015498678757059481,0.7431753933805653
Aweil Centre,2016-11-28,val,0.6901717806253183,1,0.5546875,0.1061869858513083,0.7527675276752768,0.9559209551280357,0.5697296656066029,0.0,0.10688339444239961,1.920753125919343
Aweil Centre,2016-12-05,val,0.0,0,0.2246376811594203,0.0,0.7527675276752768,0.6901717806253183,0.5717137750810618,0.0,0.12541472893121997,0.812422841360144
Aweil Centre,2016-12-12,val,0.0,0,0.2246376811594203,0.0,0.06544165054803353,0.0,0.20915219653483239,0.0,0.0,0.7034890717667731
Aweil Centre,2016-12-19,val,0.0,0,0.2246376811594203,0.0,0.06544165054803353,0.0,0.1209630528536564,0.0,0.0,0.09392655532491279
Aweil Centre,2016-12-26,val,0.0,0,0.2246376811594203,0.0,0.06544165054803353,0.0,0.052955871994815835,0.0,0.0,0.017188800118866487
Aweil Centre,2017-01-02,val,0.0,0,0.0661764705882353,0.0,0.06544165054803353,0.0,0.07407789777075321,0.0,0.0,0.015706846358804004
Aweil Centre,2017-01-09,val,0.0530776573850277,1,0.0661764705882353,0.0,0.06544165054803353,0.0,0.04939480394210365,0.0,0.0,0.010661311370825453
Aweil Centre,2017-01-16,val,0.0,0,0.0661764705882353,0.0,0.7527675276752768,0.0530776573850277,0.15942215524426204,0.0,0.006317426662479433,0.0612789616842797
Aweil Centre,2017-01-23,val,0.0,0,0.0661764705882353,0.0,0.06544165054803353,0.0,0.08990628687810831,0.0,0.0,0.043055151368996084
Aweil Centre,2017-01-30,val,0.0,0,0.0661764705882353,0.0,0.06544165054803353,0.0,0.05445961291498007,0.0,0.0,0.029057248772494014
Aweil Centre,2017-02-06,val,0.0,0,0.00819672131147541,0.0,0.06544165054803353,0.0,0.03147581578221812,0.0,0.0,0.0022620053805451797
Aweil Centre,2017-02-13,val,0.0,0,0.00819672131147541,0.0,0.06544165054803353,0.0,0.031254758496023785,0.0,0.0,0.0022620053805451797
Aweil Centre,2017-02-20,val,0.0,0,0.00819672131147541,0.0,0.06544165054803353,0.0,0.031254758496023785,0.0,0.0,0.0022620053805451797
Aweil Centre,2017-02-27,val,0.0,0,0.00819672131147541,0.0,0.06544165054803353,0.0,0.03168848165339199,0.0,0.0,0.0022620053805451797
Aweil Centre,2017-03-06,val,0.0,0,0.05223880597014925,0.0,0.06544165054803353,0.0,0.03484768010224557,0.0,0.0,0.008924552964308365
Aweil Centre,2017-03-13,val,0.0,0,0.05223880597014925,0.0,0.06544165054803353,0.0,0.04648818312538708,0.0,0.0,0.010837672864838709
Aweil Centre,2017-03-20,val,0.0,0,0.05223880597014925,0.0,0.06544165054803353,0.0,0.0395776332856695,0.0,0.0,0.005049681021833042
Aweil Centre,2017-03-27,val,0.0,0,0.05223880597014925,0.0,0.06544165054803353,0.0,0.04081009844863011,0.0,0.0,0.004649293507591494
Aweil Centre,2017-04-03,val,0.0,0,0.03787878787878788,0.0,0.06544165054803353,0.0,0.042195397403808836,0.0,0.0,0.006133602060253141
Aweil Centre,2017-04-10,val,0.0,0,0.03787878787878788,0.0,0.06544165054803353,0.0,0.04320945996031598,0.0,0.0,0.006133602060253141
Aweil Centre,2017-04-17,val,0.0,0,0.03787878787878788,0.0,0.06544165054803353,0.0,0.03573663473739554,0.0,0.0,0.0020085161418667424
Aweil Centre,2017-04-24,val,0.0,0,0.03787878787878788,0.0,0.06544165054803353,0.0,0.035435752215746665,0.0,0.0,0.0068925706938727065
Aweil Centre,2017-05-01,val,0.0,0,0.007462686567164179,0.0,0.06544165054803353,0.0,0.03487722880418005,0.0,0.0,0.00874045657284491
Aweil Centre,2017-05-08,val,0.0,0,0.007462686567164179,0.0,0.06544165054803353,0.0,0.03244479186851524,0.0,0.0,0.0020085161418667424
Aweil Centre,2017-05-15,val,0.0,0,0.007462686567164179,0.0,0.06544165054803353,0.0,0.03075174744564629,0.0,0.0,0.0020085161418667424
Aweil Centre,2017-05-22,val,0.0,0,0.007462686567164179,0.0,0.06544165054803353,0.0,0.03075174744564629,0.0,0.0,0.0020085161418667424
Aweil Centre,2017-05-29,val,0.0,0,0.007462686567164179,0.0,0.06544165054803353,0.0,0.03075174744564629,0.0,0.0,0.0020085161418667424
Aweil Centre,2017-06-05,val,0.0,0,0.038461538461538464,0.0,0.06544165054803353,0.0,0.03075174744564629,0.0,0.0,0.0020085161418667424
Aweil Centre,2017-06-12,val,0.0,0,0.038461538461538464,0.0,0.06544165054803353,0.0,0.033210634778616056,0.0,0.0,0.0020085161418667424
Aweil Centre,2017-06-19,val,0.0,0,0.038461538461538464,0.0,0.06544165054803353,0.0,0.03149446674328958,0.0,0.0,0.0020085161418667424
Aweil Centre,2017-06-26,val,0.0,0,0.038461538461538464,0.0,0.06544165054803353,0.0,0.035260158806756224,0.0,0.0,0.007650293947183766
Aweil Centre,2017-07-03,val,0.0,0,0.007352941176470588,0.0,0.06544165054803353,0.0,0.031242765220808242,0.0,0.0,0.0020085161418667424
Aweil Centre,2017-07-10,val,0.0,0,0.007352941176470588,0.0,0.06544165054803353,0.0,0.0495642862156524,0.0,0.0,0.009803301398818536
Aweil Centre,2017-07-17,val,0.0,0,0.007352941176470588,0.0,0.06544165054803353,0.0,0.03018818951609214,0.0,0.0,0.0035334053337736414
Aweil Centre,2017-07-24,val,0.0,0,0.007352941176470588,0.0,0.06544165054803353,0.0,0.033525146109505015,0.0,0.0,0.005621112748184241
Aweil Centre,2017-07-31,val,0.0,0,0.007352941176470588,0.0,0.06544165054803353,0.0,0.03398563195981751,0.0,0.0,0.006319811494109027
Aweil Centre,2017-08-07,val,0.0,0,0.3106060606060606,0.0,0.06544165054803353,0.0,0.0669128949139303,0.0,0.0,0.13007930455047295
Aweil Centre,2017-08-14,val,0.0,0,0.3106060606060606,0.0,0.06544165054803353,0.0,0.4505093889114726,0.0,0.015703205711973436,0.626377018289753
Aweil Centre,2017-08-21,val,0.0,0,0.3106060606060606,0.0,0.06544165054803353,0.0,0.40708943113004636,0.0,0.01290508745187708,1.2839529159853496
Aweil Centre,2017-08-28,val,0.0,0,0.3106060606060606,0.0,0.06544165054803353,0.0,0.17075305114841607,0.0,0.0033723568469625704,0.7757013995842122
Aweil Centre,2017-09-04,val,0.0,0,0.5681818181818182,0.1591004865320547,0.06544165054803353,0.0,0.17800845470619564,0.0,0.002088504815856776,0.6702025118750279
Aweil Centre,2017-09-11,val,0.0,0,0.5681818181818182,0.1591004865320547,0.06544165054803353,0.0,0.2548594616188623,0.0,0.002088504815856776,0.30152149449989424
Aweil Centre,2017-09-18,val,0.0,0,0.5681818181818182,0.1591004865320547,0.06544165054803353,0.0,0.32363275299900834,0.0,0.002088504815856776,1.8595217065723837
Aweil Centre,2017-09-25,val,0.0,0,0.5681818181818182,0.1591004865320547,0.06544165054803353,0.0,0.2295084016736632,0.0,0.002088504815856776,0.8246055568474504
Aweil Centre,2017-10-02,val,0.0,0,0.6838235294117647,0.3714698106708368,0.06544165054803353,0.0,0.32406562387852406,0.0,0.00367863756642755,3.773906036601874
Aweil Centre,2017-10-09,val,0.0,0,0.6838235294117647,0.3714698106708368,0.06544165054803353,0.0,0.23500163386117584,0.0,0.00367863756642755,1.0306519447637674
Aweil Centre,2017-10-16,val,1.008727139341629,1,0.6838235294117647,0.3714698106708368,0.06544165054803353,0.0,0.30929018798723495,0.0,0.0034741106115135974,0.16514931161584726
Aweil Centre,2017-10-23,val,0.2123438965655306,1,0.6838235294117647,0.3714698106708368,0.7527675276752768,1.008727139341629,0.5268817841231908,0.0,0.10098856339720795,0.7194944084583776
Aweil Centre,2017-10-30,val,0.1061730922992586,1,0.6838235294117647,0.3714698106708368,0.7527675276752768,0.2123438965655306,0.5507598352182635,0.0,0.13127864672666073,1.150392213870923
Aweil Centre,2017-11-06,val,0.3716489355368902,1,0.5546875,0.1061869858513083,0.7527675276752768,0.1061730922992586,0.40145399316884456,0.0,0.07098507578814214,0.3588831694380791
Aweil Centre,2017-11-13,val,0.0,0,0.5546875,0.1061869858513083,0.7527675276752768,0.3716489355368902,0.6622163752448567,0.0015924790129594006,0.2252811107931182,1.031585178781494
Aweil Centre,2017-11-20,val,0.1591904089125155,1,0.5546875,0.1061869858513083,0.06544165054803353,0.0,0.584108563634808,0.0,0.05895949447511501,0.9532400083200977
Aweil Centre,2017-11-27,val,0.0,0,0.5546875,0.1061869858513083,0.7527675276752768,0.1591904089125155,0.48493318571323807,0.0,0.043011114426068774,0.8041983903767499
Aweil Centre,2017-12-04,val,0.0,0,0.2246376811594203,0.0,0.06544165054803353,0.0,0.13863120997628395,0.0,0.0,0.497482897885359
Aweil Centre,2017-12-11,val,0.0,0,0.2246376811594203,0.0,0.06544165054803353,0.0,0.055767826833237125,0.0,0.0,0.12341194474068468
Aweil Centre,2017-12-18,val,0.2655523033181107,1,0.2246376811594203,0.0,0.06544165054803353,0.0,0.09215555011307663,0.0,0.0,0.07277284392397977
Aweil Centre,2017-12-25,val,0.0,0,0.2246376811594203,0.0,0.7527675276752768,0.2655523033181107,0.33404774809871657,0.0,0.02024803497697742,0.19285317704371258
Aweil Centre,2018-01-01,val,0.0,0,0.0661764705882353,0.0,0.06544165054803353,0.0,0.1724447702567014,0.0,0.0,0.14184069388834933
Aweil Centre,2018-01-08,val,0.0,0,0.0661764705882353,0.0,0.06544165054803353,0.0,0.08742868707200493,0.0,0.0,0.01629405539131396
Aweil Centre,2018-01-15,val,0.0,0,0.0661764705882353,0.0,0.06544165054803353,0.0,0.072338217476216,0.0,0.0,0.011544657162159513
Aweil Centre,2018-01-22,val,0.1590900246307412,1,0.0661764705882353,0.0,0.06544165054803353,0.0,0.07785093347347237,0.0,0.0,0.024059377956618323
Aweil Centre,2018-01-29,val,0.106057224654114,1,0.0661764705882353,0.0,0.7527675276752768,0.1590900246307412,0.15076678778435962,0.0,0.0,0.10067385760211359
Aweil Centre,2018-02-05,val,0.0,0,0.00819672131147541,0.0,0.7527675276752768,0.106057224654114,0.15655366348505442,0.0,0.0,0.2833044378930349
Aweil Centre,2018-02-12,val,0.0,0,0.00819672131147541,0.0,0.06544165054803353,0.0,0.1447192711295525,0.0,0.0,0.27169319205827036
Aweil Centre,2018-02-19,val,0.0,0,0.00819672131147541,0.0,0.06544165054803353,0.0,0.04990651759968974,0.0,0.0,0.0437922035182249
Aweil Centre,2018-02-26,val,0.0,0,0.00819672131147541,0.0,0.06544165054803353,0.0,0.031792200024792376,0.0,0.0,0.0022620053805451797
Aweil Centre,2018-03-05,val,0.0,0,0.05223880597014925,0.0,0.06544165054803353,0.0,0.03432971641749907,0.0,0.0,0.002520040470820266
Aweil Centre,2018-03-12,val,0.0,0,0.05223880597014925,0.0,0.06544165054803353,0.0,0.04979325622070263,0.0,0.0,0.011394820373750744
Aweil Centre,2018-03-19,val,0.0,0,0.05223880597014925,0.0,0.06544165054803353,0.0,0.0395776332856695,0.0,0.0,0.006746754408862002
Aweil Centre,2018-03-26,val,0.0,0,0.05223880597014925,0.0,0.06544165054803353,0.0,0.04081009844863011,0.0,0.0,0.004649293507428874
Aweil Centre,2018-04-02,val,0.0,0,0.03787878787878788,0.0,0.06544165054803353,0.0,0.044177143002770106,0.0,0.0,0.006133602060253141
Aweil Centre,2018-04-09,val,0.0,0,0.03787878787878788,0.0,0.06544165054803353,0.0,0.046623615822248374,0.0,0.0,0.0069149453650342516
Aweil Centre,2018-04-16,val,0.0,0,0.03787878787878788,0.0,0.06544165054803353,0.0,0.03573663473739554,0.0,0.0,0.0020085161418667424
Aweil Centre,2018-04-23,val,0.0,0,0.03787878787878788,0.0,0.06544165054803353,0.0,0.035435752215746665,0.0,0.0,0.0068925706938727065
Aweil Centre,2018-04-30,val,0.0,0,0.03787878787878788,0.0,0.06544165054803353,0.0,0.03487722880418005,0.0,0.0,0.007747123149309918
Aweil Centre,2018-05-07,val,0.0,0,0.007462686567164179,0.0,0.06544165054803353,0.0,0.04235589380508667,0.0,0.0,0.027888061023451895
Aweil Centre,2018-05-14,val,0.0,0,0.007462686567164179,0.0,0.06544165054803353,0.0,0.03075174744564629,0.0,0.0,0.0025973693736480565
Aweil Centre,2018-05-21,val,0.0530790955419383,1,0.007462686567164179,0.0,0.06544165054803353,0.0,0.03075174744564629,0.0,0.0,0.0020085161418667424
Aweil Centre,2018-05-28,val,0.0,0,0.007462686567164179,0.0,0.7527675276752768,0.0530790955419383,0.08853750749280216,0.0,0.0,0.12206387186000846
Aweil Centre,2018-06-04,val,0.0,0,0.038461538461538464,0.0,0.06544165054803353,0.0,0.03185134086724024,0.0,0.0,0.03294451326392498
Aweil Centre,2018-06-11,val,0.0,0,0.038461538461538464,0.0,0.06544165054803353,0.0,0.05891356028788359,0.0,0.0,0.07851081099682669
Aweil Centre,2018-06-18,val,0.0,0,0.038461538461538464,0.0,0.06544165054803353,0.0,0.031138907560521668,0.0,0.0,0.0020085161418667424
Aweil Centre,2018-06-25,val,0.0,0,0.038461538461538464,0.0,0.06544165054803353,0.0,0.035260158806756224,0.0,0.0,0.007608033468792743
Aweil Centre,2018-07-02,val,0.0,0,0.007352941176470588,0.0,0.06544165054803353,0.0,0.031296673917109066,0.0,0.0,0.0020085161418667424
Aweil Centre,2018-07-09,val,0.0,0,0.007352941176470588,0.0,0.06544165054803353,0.0,0.030631396745767273,0.0,0.0,0.0020085161418667424
Aweil Centre,2018-07-16,val,0.0,0,0.007352941176470588,0.0,0.06544165054803353,0.0,0.03018818951609214,0.0,0.0,0.0035334053337736414
Aweil Centre,2018-07-23,val,0.0,0,0.007352941176470588,0.0,0.06544165054803353,0.0,0.04149037834551872,0.0,0.0,0.019421226630166877
Aweil Centre,2018-07-30,val,0.0,0,0.007352941176470588,0.0,0.06544165054803353,0.0,0.03398563195981751,0.0,0.0,0.006320144889310279
Aweil Centre,2018-08-06,val,0.0,0,0.3106060606060606,0.0,0.06544165054803353,0.0,0.0669128949139303,0.0,0.0,0.14074336868736073
Aweil Centre,2018-08-13,val,0.0,0,0.3106060606060606,0.0,0.06544165054803353,0.0,0.14717304087441707,0.0,0.0,0.5791362489996765
Aweil Centre,2018-08-20,val,0.0,0,0.3106060606060606,0.0,0.06544165054803353,0.0,0.4956139190151237,0.0,0.01411307296140266,1.8284480990543452
Aweil Centre,2018-08-27,val,0.0,0,0.3106060606060606,0.0,0.06544165054803353,0.0,0.17075305114841607,0.0,0.0033723568469625704,0.6057440163566107
Aweil Centre,2018-09-03,val,0.0,0,0.5681818181818182,0.1591004865320547,0.06544165054803353,0.0,0.19564834615793913,0.0,0.002088504815856776,0.6941984391975685
Aweil Centre,2018-09-10,val,0.0,0,0.5681818181818182,0.1591004865320547,0.06544165054803353,0.0,0.24131075685872824,0.0,0.002088504815856776,0.3114869703614048
Aweil Centre,2018-09-17,val,0.0,0,0.5681818181818182,0.1591004865320547,0.06544165054803353,0.0,0.3338603320011027,0.0,0.002088504815856776,2.0663281778836238
Aweil Centre,2018-09-24,val,0.0,0,0.5681818181818182,0.1591004865320547,0.06544165054803353,0.0,0.22131576201429598,0.0,0.002088504815856776,0.7789865492184992
Aweil Centre,2018-10-01,val,0.0,0,0.6838235294117647,0.3714698106708368,0.06544165054803353,0.0,0.3341542923028601,0.0,0.00367863756642755,3.778044254420724
Aweil Centre,2018-10-08,val,0.0,0,0.6838235294117647,0.3714698106708368,0.06544165054803353,0.0,0.23500163386117584,0.0,0.00367863756642755,0.48988361682594117
Aweil Centre,2018-10-15,val,0.0,0,0.6838235294117647,0.3714698106708368,0.06544165054803353,0.0,0.30929018798723495,0.0,0.0034741106115135974,0.17824666364610814
Aweil Centre,2018-10-22,val,0.1060397926025017,1,0.6838235294117647,0.3714698106708368,0.06544165054803353,0.0,0.32783905703636085,0.0,0.0034741106115135974,1.0418171831847938
Aweil Centre,2018-10-29,val,0.0,0,0.6838235294117647,0.3714698106708368,0.7527675276752768,0.1060397926025017,0.47551928782515923,0.0,0.0959992135914885,0.6145074187191009
Aweil Centre,2018-11-05,val,0.0,0,0.5546875,0.1061869858513083,0.06544165054803353,0.0,0.37229120819929473,0.0,0.0034741106115135974,0.23124696065891617
Aweil Centre,2018-11-12,val,0.0,0,0.5546875,0.1061869858513083,0.06544165054803353,0.0,0.3961165357224084,0.0,0.009585193093019388,0.38190459441902985
Aweil Centre,2018-11-19,val,0.0,0,0.5546875,0.1061869858513083,0.06544165054803353,0.0,0.4487060365966142,0.0,0.015498678757059481,0.868926143312723
Aweil Centre,2018-11-26,val,0.0,0,0.5546875,0.1061869858513083,0.06544165054803353,0.0,0.5197866752258992,0.0,0.015498678757059481,0.7313869086743405
Aweil Centre,2018-12-03,val,0.0,0,0.2246376811594203,0.0,0.06544165054803353,0.0,0.056319759229057895,0.0,0.0,0.1687618445433512
Aweil Centre,2018-12-10,val,0.0,0,0.2246376811594203,0.0,0.06544165054803353,0.0,0.03558083199825773,0.0,0.0,0.04281025347705318
Aweil Centre,2018-12-17,val,0.0,0,0.2246376811594203,0.0,0.06544165054803353,0.0,0.07186071667670618,0.0,0.0,0.05962649560228255
Aweil Centre,2018-12-24,val,0.0,0,0.2246376811594203,0.0,0.06544165054803353,0.0,0.14506706097828118,0.0,0.0,0.035421032241868794
Aweil Centre,2018-12-31,val,0.0,0,0.2246376811594203,0.0,0.06544165054803353,0.0,0.057133960202240985,0.0,0.0,0.01410628380552026
Aweil Centre,2019-01-07,val,0.0,0,0.0661764705882353,0.0,0.06544165054803353,0.0,0.0754549107066758,0.0,0.0,0.015230790985768823
Aweil Centre,2019-01-14,val,0.0,0,0.0661764705882353,0.0,0.06544165054803353,0.0,0.07877005505318707,0.0,0.0,0.013127822379736614
Aweil Centre,2019-01-21,val,0.0,0,0.0661764705882353,0.0,0.06544165054803353,0.0,0.07542468460993042,0.0,0.0,0.024059377956618323
Aweil Centre,2019-01-28,val,0.0,0,0.0661764705882353,0.0,0.06544165054803353,0.0,0.07154356116472975,0.0,0.0,0.022878897525049707
Aweil Centre,2019-02-04,val,0.0,0,0.00819672131147541,0.0,0.06544165054803353,0.0,0.035418461236132154,0.0,0.0,0.0022616526582879253
Aweil Centre,2019-02-11,val,0.0,0,0.00819672131147541,0.0,0.06544165054803353,0.0,0.031254758496023785,0.0,0.0,0.0022620053805451797
Aweil Centre,2019-02-18,val,0.0,0,0.00819672131147541,0.0,0.06544165054803353,0.0,0.031254758496023785,0.0,0.0,0.0022620053805451797
Aweil Centre,2019-02-25,val,0.0530476392911573,1,0.00819672131147541,0.0,0.06544165054803353,0.0,0.031254758496023785,0.0,0.0,0.0022620053805451797
Aweil Centre,2019-03-04,val,0.0,0,0.05223880597014925,0.0,0.7527675276752768,0.0530476392911573,0.10030389330188764,0.0,0.0,0.057949456019023626
Aweil Centre,2019-03-11,val,0.0,0,0.05223880597014925,0.0,0.06544165054803353,0.0,0.11390102356038678,0.0,0.0,0.09853484757242319
Aweil Centre,2019-03-18,val,0.0,0,0.05223880597014925,0.0,0.06544165054803353,0.0,0.060745001606317565,0.0,0.0,0.06727535083321864
Aweil Centre,2019-03-25,val,0.0,0,0.05223880597014925,0.0,0.06544165054803353,0.0,0.03882795371180726,0.0,0.0,0.004917781396912535
Aweil Centre,2019-04-01,val,0.0,0,0.03787878787878788,0.0,0.06544165054803353,0.0,0.044177143002770106,0.0,0.0,0.0078100491581882215
Aweil Centre,2019-04-08,val,0.0,0,0.03787878787878788,0.0,0.06544165054803353,0.0,0.043667320100349086,0.0,0.0,0.0069149453650342516
Aweil Centre,2019-04-15,val,0.0,0,0.03787878787878788,0.0,0.06544165054803353,0.0,0.041752296850057595,0.0,0.0,0.006533989574657311
Aweil Centre,2019-04-22,val,0.0,0,0.03787878787878788,0.0,0.06544165054803353,0.0,0.035435752215746665,0.0,0.0,0.005008175132686515
Aweil Centre,2019-04-29,val,0.0,0,0.03787878787878788,0.0,0.06544165054803353,0.0,0.03487722880418005,0.0,0.0,0.007747123149309918
Aweil Centre,2019-05-06,val,0.0,0,0.007462686567164179,0.0,0.06544165054803353,0.0,0.046867526438232256,0.0,0.0,0.0446622910630313
Aweil Centre,2019-05-13,val,0.0,0,0.007462686567164179,0.0,0.06544165054803353,0.0,0.03075174744564629,0.0,0.0,0.0025973693736480565
Aweil Centre,2019-05-20,val,0.0,0,0.007462686567164179,0.0,0.06544165054803353,0.0,0.03075174744564629,0.0,0.0,0.0020085161418667424
Aweil Centre,2019-05-27,val,0.0,0,0.007462686567164179,0.0,0.06544165054803353,0.0,0.03075174744564629,0.0,0.0,0.0020085161418667424
Aweil Centre,2019-06-03,val,0.0,0,0.038461538461538464,0.0,0.06544165054803353,0.0,0.03075174744564629,0.0,0.0,0.0020085161418667424
Aweil Centre,2019-06-10,val,0.1591248760833347,1,0.038461538461538464,0.0,0.06544165054803353,0.0,0.033210634778616056,0.0,0.0,0.0020085161418667424
Aweil Centre,2019-06-17,val,0.0,0,0.038461538461538464,0.0,0.7527675276752768,0.1591248760833347,0.13251026970472318,0.0,0.0,0.15403105467367445
Aweil Centre,2019-06-24,val,0.0,0,0.038461538461538464,0.0,0.06544165054803353,0.0,0.07990858983746796,0.0,0.0,0.4594362786499597
Aweil Centre,2019-07-01,val,0.0,0,0.007352941176470588,0.0,0.06544165054803353,0.0,0.0593057170505608,0.0,0.0,0.045735385123744234
Aweil Centre,2019-07-08,val,0.0,0,0.007352941176470588,0.0,0.06544165054803353,0.0,0.02987135869518071,0.0,0.0,0.0020085161418667424
Aweil Centre,2019-07-15,val,0.0,0,0.007352941176470588,0.0,0.06544165054803353,0.0,0.029853683922156014,0.0,0.0,0.0035334054519768907
Aweil Centre,2019-07-22,val,0.0,0,0.007352941176470588,0.0,0.06544165054803353,0.0,0.058205796637072066,0.0,0.0,0.03717407831582601
Aweil Centre,2019-07-29,val,0.0,0,0.007352941176470588,0.0,0.06544165054803353,0.0,0.03398563195981751,0.0,0.0,0.007839476340765802
Aweil Centre,2019-08-05,val,0.0,0,0.3106060606060606,0.0,0.06544165054803353,0.0,0.10176802509744329,0.0,0.0,0.18326340499969646
Aweil Centre,2019-08-12,val,0.0,0,0.3106060606060606,0.0,0.06544165054803353,0.0,0.14717304087441707,0.0,0.0,0.6739914024233304
Aweil Centre,2019-08-19,val,0.0,0,0.3106060606060606,0.0,0.06544165054803353,0.0,0.4798360235915668,0.0,0.01411307296140266,0.9920931450320372
Aweil Centre,2019-08-26,val,0.0,0,0.3106060606060606,0.0,0.06544165054803353,0.0,0.2202820734049026,0.0,0.0033723568469625704,0.9734279940880778
Aweil Centre,2019-09-02,val,0.0,0,0.5681818181818182,0.1591004865320547,0.06544165054803353,0.0,0.20183187330906138,0.0,0.002088504815856776,0.6703548318981454
Aweil Centre,2019-09-09,val,0.1591242829803797,1,0.5681818181818182,0.1591004865320547,0.06544165054803353,0.0,0.26803619586898064,0.0,0.002088504815856776,0.31159219910251873
Aweil Centre,2019-09-16,val,0.0,0,0.5681818181818182,0.1591004865320547,0.7527675276752768,0.1591242829803797,0.6423088952680208,0.0,0.2701349974097193,5.5463520336335455
Aweil Centre,2019-09-23,val,0.1591236900088373,1,0.5681818181818182,0.1591004865320547,0.06544165054803353,0.0,0.24046204698856302,0.0,0.002088504815856776,1.2644700924979526
Aweil Centre,2019-09-30,val,0.0,0,0.5681818181818182,0.1591004865320547,0.7527675276752768,0.1591236900088373,0.6678324671283382,0.0,0.22323902021864717,5.593894639979849
Aweil Centre,2019-10-07,val,0.0,0,0.6838235294117647,0.3714698106708368,0.06544165054803353,0.0,0.2609743066281691,0.0,0.00367863756642755,0.12641655506645175
Aweil Centre,2019-10-14,val,0.0,0,0.6838235294117647,0.3714698106708368,0.06544165054803353,0.0,0.441103783667391,0.0,0.09355854932276318,0.09355854932276318
Aweil Centre,2019-10-21,val,0.0,0,0.6838235294117647,0.3714698106708368,0.06544165054803353,0.0,0.35250863689090634,0.0,0.0034741106115135974,1.075798182376465
Aweil Centre,2019-10-28,val,0.1591248760833347,1,0.6838235294117647,0.3714698106708368,0.06544165054803353,0.0,0.36659103119758263,0.0,0.0034741106115135974,0.18495743357907604
Aweil Centre,2019-11-04,val,0.530437223518145,1,0.5546875,0.1061869858513083,0.7527675276752768,0.1591248760833347,0.3476159928486517,0.0,0.05122287730559598,0.3301465272443406
Aweil Centre,2019-11-11,val,0.3713552561166675,1,0.5546875,0.1061869858513083,0.7527675276752768,0.530437223518145,0.6094817842441184,0.0,0.16822190698311928,1.1247584517443898
Aweil Centre,2019-11-18,val,0.0,0,0.5546875,0.1061869858513083,0.7527675276752768,0.3713552561166675,0.5562938849843273,0.0,0.0742121744507417,0.9695846785817389
Aweil Centre,2019-11-25,val,0.6373054747220812,1,0.5546875,0.1061869858513083,0.06544165054803353,0.0,0.7170641180593231,0.0,0.08584689504473748,1.112956525387536
Aweil Centre,2019-12-02,val,0.2654574321036106,1,0.2246376811594203,0.0,0.7527675276752768,0.6373054747220812,0.6594869495959341,0.0,0.12604060636779235,1.4239503263459394
Aweil Centre,2019-12-09,val,2.283879011848585,1,0.2246376811594203,0.0,0.7527675276752768,0.2654574321036106,0.5162367064177242,0.0,0.04842111893402101,0.3177762514269072
Aweil Centre,2019-12-16,val,0.0,0,0.2246376811594203,0.0,0.7527675276752768,2.283879011848585,0.7291409144531056,0.0019077954898751414,0.33086680078783687,2.3013586833295476
Aweil Centre,2019-12-23,val,0.0530916765088773,1,0.2246376811594203,0.0,0.06544165054803353,0.0,0.3157242999754344,0.0,0.0,0.9773011565078449
Aweil Centre,2019-12-30,val,0.0,0,0.2246376811594203,0.0,0.7527675276752768,0.0530916765088773,0.35523612710111263,0.0,0.04568976688781752,0.08053087251678838
Aweil East,2015-01-19,val,0.0,0,0.19852941176470587,0.0,0.06544165054803353,0.0,0.06499303960626275,0.0,0.0,0.018203187129745047
Aweil East,2015-01-26,val,0.0,0,0.19852941176470587,0.0,0.06544165054803353,0.0,0.09023098238294293,0.0,0.0,0.03154107405590062
Aweil East,2015-02-02,val,0.0,0,0.07377049180327869,0.0,0.06544165054803353,0.0,0.04003451884474762,0.0,0.0,0.002008163419609488
Aweil East,2015-02-09,val,0.0,0,0.07377049180327869,0.0,0.06544165054803353,0.0,0.032113716764093296,0.0,0.0,0.0020085161418667424
Aweil East,2015-02-16,val,0.0,0,0.07377049180327869,0.0,0.06544165054803353,0.0,0.03152846600252973,0.0,0.0,0.0020085161418667424
Aweil East,2015-02-23,val,0.0,0,0.07377049180327869,0.0,0.06544165054803353,0.0,0.03152846600252973,0.0,0.0,0.0020085161418667424
Aweil East,2015-03-02,val,0.0,0,0.007462686567164179,0.0,0.06544165054803353,0.0,0.03203474803693278,0.0,0.0,0.0020085161418667424
Aweil East,2015-03-09,val,0.0,0,0.007462686567164179,0.0,0.06544165054803353,0.0,0.07471000323211793,0.0,0.0,0.05666136214925129
Aweil East,2015-03-16,val,0.0,0,0.007462686567164179,0.0,0.06544165054803353,0.0,0.03741909133004678,0.0,0.0,0.006941955529435199
Aweil East,2015-03-23,val,0.0,0,0.007462686567164179,0.0,0.06544165054803353,0.0,0.03731817198470419,0.0,0.0,0.0020085161418667424
Aweil East,2015-03-30,val,0.0,0,0.007462686567164179,0.0,0.06544165054803353,0.0,0.037666609988895455,0.0,0.0,0.003411398782830839
Aweil East,2015-04-06,val,0.0,0,0.03787878787878788,0.0,0.06544165054803353,0.0,0.038801206036585725,0.0,0.0,0.0020085161418667424
Aweil East,2015-04-13,val,0.0,0,0.03787878787878788,0.0,0.06544165054803353,0.0,0.037091308620986106,0.0,0.0,0.0020085161418667424
Aweil East,2015-04-20,val,0.0,0,0.03787878787878788,0.0,0.06544165054803353,0.0,0.04545545975947726,0.0,0.0,0.004258715747913191
Aweil East,2015-04-27,val,0.0,0,0.03787878787878788,0.0,0.06544165054803353,0.0,0.04922224449830452,0.0,0.0,0.010786669236109887
Aweil East,2015-05-04,val,0.0,0,0.06716417910447761,0.0,0.06544165054803353,0.0,0.0603655186208284,0.0,0.0,0.0481710087376388
Aweil East,2015-05-11,val,0.0,0,0.06716417910447761,0.0,0.06544165054803353,0.0,0.04306585481110464,0.0,0.0,0.0028413483059615443
Aweil East,2015-05-18,val,0.0,0,0.06716417910447761,0.0,0.06544165054803353,0.0,0.0312653329248473,0.0,0.0,0.0020085161418667424
Aweil East,2015-05-25,val,0.0,0,0.06716417910447761,0.0,0.06544165054803353,0.0,0.03005069827504587,0.0,0.0,0.0020085161418667424
Aweil East,2015-06-01,val,0.0,0,0.08461538461538462,0.0,0.06544165054803353,0.0,0.03005069827504587,0.0,0.0,0.0020085161418667424
Aweil East,2015-06-08,val,0.0,0,0.08461538461538462,0.0,0.06544165054803353,0.0,0.02913868603352553,0.0,0.0,0.0020085161418667424
Aweil East,2015-06-15,val,0.0,0,0.08461538461538462,0.0,0.06544165054803353,0.0,0.02913868603352553,0.0,0.0,0.0020085161418667424
Aweil East,2015-06-22,val,0.0,0,0.08461538461538462,0.0,0.06544165054803353,0.0,0.029214178361629872,0.0,0.0,0.0020085161418667424
Aweil East,2015-06-29,val,0.0,0,0.08461538461538462,0.0,0.06544165054803353,0.0,0.029925008669392867,0.0,0.0,0.002008517348908098
Aweil East,2015-07-06,val,0.0,0,0.09558823529411764,0.0,0.06544165054803353,0.0,0.02987338981193607,0.0,0.0,0.002008517348908098
Aweil East,2015-07-13,val,0.0,0,0.09558823529411764,0.0,0.06544165054803353,0.0,0.04699324757149097,0.0,0.0,0.003533403881240042
Aweil East,2015-07-20,val,0.0,0,0.09558823529411764,0.0,0.06544165054803353,0.0,0.046759267125910546,0.0,0.0,0.006241372545598802
Aweil East,2015-07-27,val,0.0,0,0.09558823529411764,0.0,0.06544165054803353,0.0,0.036991331024377676,0.0,0.0,0.008490923362391462
Aweil East,2015-08-03,val,0.0,0,0.553030303030303,0.2117861425016315,0.06544165054803353,0.0,0.04528871375211024,0.0,0.0,0.22399232883751136
Aweil East,2015-08-10,val,0.0,0,0.553030303030303,0.2117861425016315,0.06544165054803353,0.0,0.09251794802239696,0.0,0.0,0.5668230803772841
Aweil East,2015-08-17,val,0.0,0,0.553030303030303,0.2117861425016315,0.06544165054803353,0.0,0.6973355050724794,0.0,0.01708881150763026,1.5575300365161948
Aweil East,2015-08-24,val,0.0529869178109779,1,0.553030303030303,0.2117861425016315,0.06544165054803353,0.0,0.45610658577019136,0.0,0.007472401534619428,1.8402851582194395
Aweil East,2015-08-31,val,0.0,0,0.553030303030303,0.2117861425016315,0.7527675276752768,0.0529869178109779,0.4780821403618263,0.0,0.05704497788483879,1.9107091085398595
Aweil East,2015-09-07,val,0.0,0,0.7045454545454546,5.77871250314939,0.06544165054803353,0.0,0.37187884106832503,0.0,0.00352185138052736,2.013002433091842
Aweil East,2015-09-14,val,10.232844025066855,1,0.7045454545454546,5.77871250314939,0.06544165054803353,0.0,0.46997453090365254,0.0,0.00352185138052736,1.4883403891209035
Aweil East,2015-09-21,val,6.255899930466527,1,0.7045454545454546,5.77871250314939,0.7527675276752768,10.232844025066855,0.8976239380433451,0.04963844111232155,3.875821496033576,20.168709547521804
Aweil East,2015-09-28,val,14.314155134913616,1,0.7045454545454546,5.77871250314939,0.7527675276752768,6.255899930466527,0.8395377977411328,0.04963844111232155,3.092033971206365,21.300455837232494
Aweil East,2015-10-05,val,0.4241568790372237,1,0.8602941176470589,24.653744379631284,0.7527675276752768,14.314155134913616,0.9073818173014457,0.04963844111232155,7.868210434335879,25.754585195862145
Aweil East,2015-10-12,val,0.0,0,0.8602941176470589,24.653744379631284,0.7527675276752768,0.4241568790372237,0.8022485415597091,0.0015924790129594006,0.3356540855405214,24.737267845199145
Aweil East,2015-10-19,val,0.0,0,0.8602941176470589,24.653744379631284,0.06544165054803353,0.0,0.6986646597653727,0.0,0.12008872071060588,7.644681448334848
Aweil East,2015-10-26,val,0.0,0,0.8602941176470589,24.653744379631284,0.06544165054803353,0.0,0.5854014159292662,0.0,0.04839997837915456,4.245179929170456
Aweil East,2015-11-02,val,0.0,0,0.7578125,1.960766295700251,0.06544165054803353,0.0,0.5293098999452166,0.0,0.00352185138052736,1.5821630169597023
Aweil East,2015-11-09,val,11.82409326526152,1,0.7578125,1.960766295700251,0.06544165054803353,0.0,0.3659147139088963,0.0,0.004805703411633154,0.41183340266722773
Aweil East,2015-11-16,val,4.400407566519941,1,0.7578125,1.960766295700251,0.7527675276752768,11.82409326526152,0.8898594699086004,0.04963844111232155,2.34866148021796,4.868509075621155
Aweil East,2015-11-23,val,6.786183251461644,1,0.7578125,1.960766295700251,0.7527675276752768,4.400407566519941,0.7900976891342429,0.0019077954898751414,0.6668037512825233,4.358055504086232
Aweil East,2015-11-30,val,4.718469103255565,1,0.7578125,1.960766295700251,0.7527675276752768,6.786183251461644,0.904892723211718,0.04963844111232155,1.5723391780096565,2.9069441395844
Aweil East,2015-12-07,val,0.0,0,0.6304347826086957,0.1060570739208414,0.7527675276752768,4.718469103255565,0.8221488810426412,0.0019077954898751414,0.5989857028298581,1.555692904450881
Aweil East,2015-12-14,val,0.0,0,0.6304347826086957,0.1060570739208414,0.06544165054803353,0.0,0.2157181262147239,0.0,0.0,1.4455440542586917
Aweil East,2015-12-21,val,0.0,0,0.6304347826086957,0.1060570739208414,0.06544165054803353,0.0,0.1730437845747205,0.0,0.0,0.26342607474306745
Aweil East,2015-12-28,val,0.0,0,0.6304347826086957,0.1060570739208414,0.06544165054803353,0.0,0.056318914143334405,0.0,0.0,0.04794601060163304
Aweil East,2016-01-04,val,0.1588355481549529,1,0.19852941176470587,0.0,0.06544165054803353,0.0,0.05597219229792023,0.0,0.0,0.01484283655436434
Aweil East,2016-01-11,val,0.0,0,0.19852941176470587,0.0,0.7527675276752768,0.1588355481549529,0.23363581236580547,0.0,0.020329562767104382,0.18525042886426202
Aweil East,2016-01-18,val,0.0,0,0.19852941176470587,0.0,0.06544165054803353,0.0,0.11582822523640088,0.0,0.0,0.23009191398824944
Aweil East,2016-01-25,val,0.0,0,0.19852941176470587,0.0,0.06544165054803353,0.0,0.10601893243913917,0.0,0.0,0.04294053030684912
Aweil East,2016-02-01,val,0.0,0,0.07377049180327869,0.0,0.06544165054803353,0.0,0.04061871750818033,0.0,0.0,0.0020669502382310388
Aweil East,2016-02-08,val,0.0,0,0.07377049180327869,0.0,0.06544165054803353,0.0,0.032113716764093296,0.0,0.0,0.0020085161418667424
Aweil East,2016-02-15,val,0.0,0,0.07377049180327869,0.0,0.06544165054803353,0.0,0.03152846600252973,0.0,0.0,0.0020085161418667424
Aweil East,2016-02-22,val,0.0,0,0.07377049180327869,0.0,0.06544165054803353,0.0,0.03152846600252973,0.0,0.0,0.0020085161418667424
Aweil East,2016-02-29,val,0.0,0,0.07377049180327869,0.0,0.06544165054803353,0.0,0.03196586207518268,0.0,0.0,0.0020085161418667424
Aweil East,2016-03-07,val,0.0,0,0.007462686567164179,0.0,0.06544165054803353,0.0,0.07471000323211793,0.0,0.0,0.05666136214925129
Aweil East,2016-03-14,val,0.0,0,0.007462686567164179,0.0,0.06544165054803353,0.0,0.03741909133004678,0.0,0.0,0.006941955529435199
Aweil East,2016-03-21,val,0.0,0,0.007462686567164179,0.0,0.06544165054803353,0.0,0.03731817198470419,0.0,0.0,0.0020085161418667424
Aweil East,2016-03-28,val,0.0,0,0.007462686567164179,0.0,0.06544165054803353,0.0,0.037666609988895455,0.0,0.0,0.0020085161418667424
Aweil East,2016-04-04,val,0.0,0,0.03787878787878788,0.0,0.06544165054803353,0.0,0.038801206036585725,0.0,0.0,0.0020085161418667424
Aweil East,2016-04-11,val,0.0,0,0.03787878787878788,0.0,0.06544165054803353,0.0,0.037091308620986106,0.0,0.0,0.0020085161418667424
Aweil East,2016-04-18,val,0.0,0,0.03787878787878788,0.0,0.06544165054803353,0.0,0.04545545975947726,0.0,0.0,0.0038779399820816373
Aweil East,2016-04-25,val,0.0,0,0.03787878787878788,0.0,0.06544165054803353,0.0,0.05073918030772792,0.0,0.0,0.010786669236109887
Aweil East,2016-05-02,val,0.0,0,0.06716417910447761,0.0,0.06544165054803353,0.0,0.044300067446795044,0.0,0.0,0.010786669236109887
Aweil East,2016-05-09,val,0.0,0,0.06716417910447761,0.0,0.06544165054803353,0.0,0.040487991332169564,0.0,0.0,0.0025422358873246004
Aweil East,2016-05-16,val,0.0,0,0.06716417910447761,0.0,0.06544165054803353,0.0,0.0312653329248473,0.0,0.0,0.0020085161418667424
Aweil East,2016-05-23,val,0.0,0,0.06716417910447761,0.0,0.06544165054803353,0.0,0.03005069827504587,0.0,0.0,0.0020085161418667424
Aweil East,2016-05-30,val,0.0,0,0.06716417910447761,0.0,0.06544165054803353,0.0,0.03005069827504587,0.0,0.0,0.0020085161418667424
Aweil East,2016-06-06,val,0.0,0,0.08461538461538462,0.0,0.06544165054803353,0.0,0.02913868603352553,0.0,0.0,0.0020085161418667424
Aweil East,2016-06-13,val,0.0,0,0.08461538461538462,0.0,0.06544165054803353,0.0,0.02913868603352553,0.0,0.0,0.0020085161418667424
Aweil East,2016-06-20,val,0.0,0,0.08461538461538462,0.0,0.06544165054803353,0.0,0.029214178361629872,0.0,0.0,0.0020085161418667424
Aweil East,2016-06-27,val,0.0,0,0.08461538461538462,0.0,0.06544165054803353,0.0,0.029925008669392867,0.0,0.0,0.002008517348908098
Aweil East,2016-07-04,val,0.0,0,0.09558823529411764,0.0,0.06544165054803353,0.0,0.02987338981193607,0.0,0.0,0.002008517348908098
Aweil East,2016-07-11,val,1.6434417658463485,1,0.09558823529411764,0.0,0.06544165054803353,0.0,0.04699324757149097,0.0,0.0,0.003533403881240042
Aweil East,2016-07-18,val,0.0,0,0.09558823529411764,0.0,0.7527675276752768,1.6434417658463485,0.6385382006626634,0.0,0.3147293265845081,5.919154252157304
Aweil East,2016-07-25,val,16.21965502331823,1,0.09558823529411764,0.0,0.06544165054803353,0.0,0.13326310058085586,0.0,0.0,5.3145887354405055
Aweil East,2016-08-01,val,0.0529998399668208,1,0.553030303030303,0.2117861425016315,0.7527675276752768,16.21965502331823,0.8900781803303457,0.04963844111232155,6.772887552607086,19.430341526153466
Aweil East,2016-08-08,val,0.0529998399668208,1,0.553030303030303,0.2117861425016315,0.7527675276752768,0.0529998399668208,0.6654776689438077,0.0,0.2667414920700258,8.256939311980759
Aweil East,2016-08-15,val,0.1590370054800598,1,0.553030303030303,0.2117861425016315,0.7527675276752768,0.0529998399668208,0.7031988619572832,0.0,0.10554178805477632,2.240273548840303
Aweil East,2016-08-22,val,23.32564261620265,1,0.553030303030303,0.2117861425016315,0.7527675276752768,0.1590370054800598,0.7922268539909534,0.0015924790129594006,0.4207542423089986,9.580901899565347
Aweil East,2016-08-29,val,2.1208436699788766,1,0.553030303030303,0.2117861425016315,0.7527675276752768,23.32564261620265,0.8947137497905334,0.04963844111232155,8.917247128056138,32.63724581784913
Aweil East,2016-09-05,val,0.3180949123197077,1,0.7045454545454546,5.77871250314939,0.7527675276752768,2.1208436699788766,0.6944495781562197,0.0,0.558153673424649,11.878463347818505
Aweil East,2016-09-12,val,1.3785972671374236,1,0.7045454545454546,5.77871250314939,0.7527675276752768,0.3180949123197077,0.7210847671812588,0.0,0.2218566152775407,10.017986097258138
Aweil East,2016-09-19,val,5.460887477094678,1,0.7045454545454546,5.77871250314939,0.7527675276752768,1.3785972671374236,0.8421445399701236,0.0015924790129594006,0.7013297985627663,21.706331364196544
Aweil East,2016-09-26,val,0.1590442753939887,1,0.7045454545454546,5.77871250314939,0.7527675276752768,5.460887477094678,0.8374321820632095,0.04963844111232155,3.5541498713827826,45.05614888526161
Aweil East,2016-10-03,val,0.0,0,0.8602941176470589,24.653744379631284,0.7527675276752768,0.1590442753939887,0.7983861183236615,0.0,0.3864158165751605,13.162998730349123
Aweil East,2016-10-10,val,0.1060319398836445,1,0.8602941176470589,24.653744379631284,0.06544165054803353,0.0,0.604814983845152,0.0,0.10687372813544209,10.39401032488936
Aweil East,2016-10-17,val,0.1060319398836445,1,0.8602941176470589,24.653744379631284,0.7527675276752768,0.1060319398836445,0.8041542862839639,0.0015924790129594006,0.2810798591355365,8.080327031861874
Aweil East,2016-10-24,val,0.1590476073817248,1,0.8602941176470589,24.653744379631284,0.7527675276752768,0.1060319398836445,0.6311366860387799,0.0,0.09460326728975453,2.1713649640672683
Aweil East,2016-10-31,val,0.0,0,0.8602941176470589,24.653744379631284,0.7527675276752768,0.1590476073817248,0.4274252857917511,0.0,0.07543465767783754,2.0496846707057537
Aweil East,2016-11-07,val,0.0530117283818007,1,0.7578125,1.960766295700251,0.06544165054803353,0.0,0.43715555510675574,0.0,0.022900371905698297,0.2229205938372669
Aweil East,2016-11-14,val,0.0,0,0.7578125,1.960766295700251,0.7527675276752768,0.0530117283818007,0.5622120954003444,0.0,0.046421724194483205,0.6297630869895517
Aweil East,2016-11-21,val,0.0,0,0.7578125,1.960766295700251,0.06544165054803353,0.0,0.3867006095986567,0.0,0.008737048572634774,0.37914117669984004
Aweil East,2016-11-28,val,0.0,0,0.7578125,1.960766295700251,0.06544165054803353,0.0,0.14854114736943186,0.0,0.0015432205606251955,0.2102151288308652
Aweil East,2016-12-05,val,0.2118368234341018,1,0.6304347826086957,0.1060570739208414,0.06544165054803353,0.0,0.04178944061107946,0.0,0.0,0.07847267550123815
Aweil East,2016-12-12,val,0.0529474102817762,1,0.6304347826086957,0.1060570739208414,0.7527675276752768,0.2118368234341018,0.27785707380751823,0.0,0.02024803497697742,0.14146827287452152
Aweil East,2016-12-19,val,0.0,0,0.6304347826086957,0.1060570739208414,0.7527675276752768,0.0529474102817762,0.28332377255904045,0.0,0.007218439679594064,0.274890489158103
Aweil East,2016-12-26,val,0.0,0,0.6304347826086957,0.1060570739208414,0.06544165054803353,0.0,0.11594417192263173,0.0,0.0,0.025879438105037966
Aweil East,2017-01-02,val,0.0,0,0.19852941176470587,0.0,0.06544165054803353,0.0,0.05594796927649229,0.0,0.0,0.00542914525389617
Aweil East,2017-01-09,val,0.0,0,0.19852941176470587,0.0,0.06544165054803353,0.0,0.03960692774068389,0.0,0.0,0.00974580443661028
Aweil East,2017-01-16,val,0.0,0,0.19852941176470587,0.0,0.06544165054803353,0.0,0.0647986903135225,0.0,0.0,0.013967640158399734
Aweil East,2017-01-23,val,0.0,0,0.19852941176470587,0.0,0.06544165054803353,0.0,0.0618293445330304,0.0,0.0,0.023995935510688515
Aweil East,2017-01-30,val,0.0,0,0.19852941176470587,0.0,0.06544165054803353,0.0,0.04003451884474762,0.0,0.0,0.007745108827167815
Aweil East,2017-02-06,val,0.0,0,0.07377049180327869,0.0,0.06544165054803353,0.0,0.032113716764093296,0.0,0.0,0.0020085161418667424
Aweil East,2017-02-13,val,0.0,0,0.07377049180327869,0.0,0.06544165054803353,0.0,0.03152846600252973,0.0,0.0,0.0020085161418667424
Aweil East,2017-02-20,val,0.0,0,0.07377049180327869,0.0,0.06544165054803353,0.0,0.03152846600252973,0.0,0.0,0.0020085161418667424
Aweil East,2017-02-27,val,0.0,0,0.07377049180327869,0.0,0.06544165054803353,0.0,0.03196586207518268,0.0,0.0,0.0020085161418667424
Aweil East,2017-03-06,val,0.0,0,0.007462686567164179,0.0,0.06544165054803353,0.0,0.034906009717555204,0.0,0.0,0.008671063725629924
Aweil East,2017-03-13,val,0.0,0,0.007462686567164179,0.0,0.06544165054803353,0.0,0.04469594262630479,0.0,0.0,0.007796507984872411
Aweil East,2017-03-20,val,0.0,0,0.007462686567164179,0.0,0.06544165054803353,0.0,0.03731817198470419,0.0,0.0,0.0020085161418667424
Aweil East,2017-03-27,val,0.0,0,0.007462686567164179,0.0,0.06544165054803353,0.0,0.03848309578964561,0.0,0.0,0.0020085161418667424
Aweil East,2017-04-03,val,0.0,0,0.03787878787878788,0.0,0.06544165054803353,0.0,0.03748687904788974,0.0,0.0,0.0020085161418667424
Aweil East,2017-04-10,val,0.0,0,0.03787878787878788,0.0,0.06544165054803353,0.0,0.038392319724417846,0.0,0.0,0.0020085161418667424
Aweil East,2017-04-17,val,0.0,0,0.03787878787878788,0.0,0.06544165054803353,0.0,0.04545545975947726,0.0,0.0,0.0038779399820816373
Aweil East,2017-04-24,val,0.0,0,0.03787878787878788,0.0,0.06544165054803353,0.0,0.04507657533861043,0.0,0.0,0.009932116780672674
Aweil East,2017-05-01,val,0.0,0,0.06716417910447761,0.0,0.06544165054803353,0.0,0.04437308773567694,0.0,0.0,0.011780002659644871
Aweil East,2017-05-08,val,0.0,0,0.06716417910447761,0.0,0.06544165054803353,0.0,0.040487991332169564,0.0,0.0,0.0025422358873246004
Aweil East,2017-05-15,val,0.0,0,0.06716417910447761,0.0,0.06544165054803353,0.0,0.0312653329248473,0.0,0.0,0.0020085161418667424
Aweil East,2017-05-22,val,0.0,0,0.06716417910447761,0.0,0.06544165054803353,0.0,0.03005069827504587,0.0,0.0,0.0020085161418667424
Aweil East,2017-05-29,val,0.0,0,0.06716417910447761,0.0,0.06544165054803353,0.0,0.03005069827504587,0.0,0.0,0.0020085161418667424
Aweil East,2017-06-05,val,0.0,0,0.08461538461538462,0.0,0.06544165054803353,0.0,0.02913868603352553,0.0,0.0,0.0020085161418667424
Aweil East,2017-06-12,val,0.0,0,0.08461538461538462,0.0,0.06544165054803353,0.0,0.02913868603352553,0.0,0.0,0.0020085161418667424
Aweil East,2017-06-19,val,0.0,0,0.08461538461538462,0.0,0.06544165054803353,0.0,0.029214178361629872,0.0,0.0,0.0020085161418667424
Aweil East,2017-06-26,val,0.0,0,0.08461538461538462,0.0,0.06544165054803353,0.0,0.03372082954969647,0.0,0.0,0.007650293947183766
Aweil East,2017-07-03,val,0.0,0,0.09558823529411764,0.0,0.06544165054803353,0.0,0.02987338981193607,0.0,0.0,0.002008517348908098
Aweil East,2017-07-10,val,0.0,0,0.09558823529411764,0.0,0.06544165054803353,0.0,0.05637523457262606,0.0,0.0,0.009803302555688797
Aweil East,2017-07-17,val,0.0,0,0.09558823529411764,0.0,0.06544165054803353,0.0,0.0326958884027557,0.0,0.0,0.0035334064906439025
Aweil East,2017-07-24,val,0.0,0,0.09558823529411764,0.0,0.06544165054803353,0.0,0.03806468318473505,0.0,0.0,0.0063133170947517496
Aweil East,2017-07-31,val,0.0,0,0.09558823529411764,0.0,0.06544165054803353,0.0,0.040110683129018616,0.0,0.0,0.035397115669166965
Aweil East,2017-08-07,val,0.0,0,0.553030303030303,0.2117861425016315,0.06544165054803353,0.0,0.09211677761924321,0.0,0.0,0.5284719528216771
Aweil East,2017-08-14,val,0.0,0,0.553030303030303,0.2117861425016315,0.06544165054803353,0.0,0.68495978265991,0.0,0.01708881150763026,1.2888252867386178
Aweil East,2017-08-21,val,0.0,0,0.553030303030303,0.2117861425016315,0.06544165054803353,0.0,0.6224230222818109,0.0,0.014290693247533902,2.0218534056415742
Aweil East,2017-08-28,val,0.0,0,0.553030303030303,0.2117861425016315,0.06544165054803353,0.0,0.34933780462613356,0.0,0.004757962642619392,1.621557183165947
Aweil East,2017-09-04,val,0.0,0,0.7045454545454546,5.77871250314939,0.06544165054803353,0.0,0.3550357453261799,0.0,0.00352185138052736,2.539591763650979
Aweil East,2017-09-11,val,0.0,0,0.7045454545454546,5.77871250314939,0.06544165054803353,0.0,0.45672465585929983,0.0,0.00352185138052736,1.6183051582801538
Aweil East,2017-09-18,val,0.0,0,0.7045454545454546,5.77871250314939,0.06544165054803353,0.0,0.5349146057443507,0.0,0.00352185138052736,3.200811033724372
Aweil East,2017-09-25,val,2.2796570533753657,1,0.7045454545454546,5.77871250314939,0.06544165054803353,0.0,0.4172491459335447,0.0,0.00352185138052736,3.3476929885570925
Aweil East,2017-10-02,val,4.664054062898327,1,0.8602941176470589,24.653744379631284,0.7527675276752768,2.2796570533753657,0.8075793918484113,0.0,1.2993760689090808,15.389708018297592
Aweil East,2017-10-09,val,0.0,0,0.8602941176470589,24.653744379631284,0.7527675276752768,4.664054062898327,0.7483207503752562,0.0,1.4270795700708856,23.914412841076008
Aweil East,2017-10-16,val,5.565653435368579,1,0.8602941176470589,24.653744379631284,0.06544165054803353,0.0,0.7750438940216391,0.0,0.2376326680797389,11.75403772402852
Aweil East,2017-10-23,val,0.0,0,0.8602941176470589,24.653744379631284,0.7527675276752768,5.565653435368579,0.8795707592060751,0.04963844111232155,1.4889910991017608,19.86331642597642
Aweil East,2017-10-30,val,3.126771758938854,1,0.8602941176470589,24.653744379631284,0.06544165054803353,0.0,0.6060277938489237,0.0,0.09496892046860796,6.170631889589139
Aweil East,2017-11-06,val,2.226311927092265,1,0.7578125,1.960766295700251,0.7527675276752768,3.126771758938854,0.7527021085376381,0.0019077954898751414,0.6640812567698915,7.7930527452241645
Aweil East,2017-11-13,val,0.370603214397147,1,0.7578125,1.960766295700251,0.7527675276752768,2.226311927092265,0.8503816965730016,0.0019077954898751414,0.6686092326264695,5.07486827412428
Aweil East,2017-11-20,val,0.8477401794411106,1,0.7578125,1.960766295700251,0.7527675276752768,0.370603214397147,0.5737361794147163,0.0,0.08707537548020901,1.5328876895788124
Aweil East,2017-11-27,val,1.165873229112571,1,0.7578125,1.960766295700251,0.7527675276752768,0.8477401794411106,0.7215372283392452,0.0015924790129594006,0.24002436182228798,1.1913137238933789
Aweil East,2017-12-04,val,2.33294564991623,1,0.6304347826086957,0.1060570739208414,0.7527675276752768,1.165873229112571,0.793141356440898,0.0015924790129594006,0.24720916356179418,1.66938459832525
Aweil East,2017-12-11,val,0.0,0,0.6304347826086957,0.1060570739208414,0.7527675276752768,2.33294564991623,0.8146453017527692,0.0019077954898751414,0.3476942838234537,1.8435407955048522
Aweil East,2017-12-18,val,0.1060608096602912,1,0.6304347826086957,0.1060570739208414,0.06544165054803353,0.0,0.33087338838615715,0.0,0.0,1.8039038435900796
Aweil East,2017-12-25,val,0.0530333960289915,1,0.6304347826086957,0.1060570739208414,0.7527675276752768,0.1060608096602912,0.632794072815256,0.0015924790129594006,0.0947359046022085,0.0947359046022085
Aweil East,2018-01-01,val,0.0,0,0.19852941176470587,0.0,0.7527675276752768,0.0530333960289915,0.5963324004304444,0.0015924790129594006,0.09547284572292708,0.1559720282789562
Aweil East,2018-01-08,val,0.0,0,0.19852941176470587,0.0,0.06544165054803353,0.0,0.0668375687465995,0.0,0.0,0.02898151578425968
Aweil East,2018-01-15,val,0.0,0,0.19852941176470587,0.0,0.06544165054803353,0.0,0.05501001552843499,0.0,0.0,0.008677238515693691
Aweil East,2018-01-22,val,0.0,0,0.19852941176470587,0.0,0.06544165054803353,0.0,0.053618838208957596,0.0,0.0,0.016235689052234915
Aweil East,2018-01-29,val,0.0,0,0.19852941176470587,0.0,0.06544165054803353,0.0,0.049480063930693326,0.0,0.0,0.014107797763748518
Aweil East,2018-02-05,val,0.0,0,0.07377049180327869,0.0,0.06544165054803353,0.0,0.032113716764093296,0.0,0.0,0.0020085161418667424
Aweil East,2018-02-12,val,0.0,0,0.07377049180327869,0.0,0.06544165054803353,0.0,0.03152846600252973,0.0,0.0,0.0020085161418667424
Aweil East,2018-02-19,val,0.0,0,0.07377049180327869,0.0,0.06544165054803353,0.0,0.03152846600252973,0.0,0.0,0.0020085161418667424
Aweil East,2018-02-26,val,0.0,0,0.07377049180327869,0.0,0.06544165054803353,0.0,0.03196586207518268,0.0,0.0,0.0020085161418667424
Aweil East,2018-03-05,val,0.0,0,0.007462686567164179,0.0,0.06544165054803353,0.0,0.03438720993171992,0.0,0.0,0.0022665512321418287
Aweil East,2018-03-12,val,0.0,0,0.007462686567164179,0.0,0.06544165054803353,0.0,0.04787999482195439,0.0,0.0,0.008353655493784452
Aweil East,2018-03-19,val,0.2121030541944577,1,0.007462686567164179,0.0,0.06544165054803353,0.0,0.03731817198470419,0.0,0.0,0.0037055895288956977
Aweil East,2018-03-26,val,0.0,0,0.007462686567164179,0.0,0.7527675276752768,0.2121030541944577,0.11050576725106369,0.0,0.0,0.1219879431767336
Aweil East,2018-04-02,val,0.0,0,0.03787878787878788,0.0,0.06544165054803353,0.0,0.1092759097913272,0.0,0.0,0.20585932753550576
Aweil East,2018-04-09,val,0.0,0,0.03787878787878788,0.0,0.06544165054803353,0.0,0.09202177737217061,0.0,0.0,0.14960370181247887
Aweil East,2018-04-16,val,0.0,0,0.03787878787878788,0.0,0.06544165054803353,0.0,0.046158681153250426,0.0,0.0,0.0038779399820816373
Aweil East,2018-04-23,val,0.0,0,0.03787878787878788,0.0,0.06544165054803353,0.0,0.04507657533861043,0.0,0.0,0.009932116780672674
Aweil East,2018-04-30,val,0.0,0,0.03787878787878788,0.0,0.06544165054803353,0.0,0.04355590954117268,0.0,0.0,0.010786669236109887
Aweil East,2018-05-07,val,0.0,0,0.06716417910447761,0.0,0.06544165054803353,0.0,0.04569255285087312,0.0,0.0,0.027888073206254856
Aweil East,2018-05-14,val,0.0,0,0.06716417910447761,0.0,0.06544165054803353,0.0,0.03005069827504587,0.0,0.0,0.0025973693736480565
Aweil East,2018-05-21,val,0.0,0,0.06716417910447761,0.0,0.06544165054803353,0.0,0.03005069827504587,0.0,0.0,0.0020085161418667424
Aweil East,2018-05-28,val,0.0529419947996023,1,0.06716417910447761,0.0,0.06544165054803353,0.0,0.02913868603352553,0.0,0.0,0.0020085161418667424
Aweil East,2018-06-04,val,0.0,0,0.08461538461538462,0.0,0.7527675276752768,0.0529419947996023,0.03522891729506851,0.0,0.0,0.017250600452136295
Aweil East,2018-06-11,val,0.0,0,0.08461538461538462,0.0,0.06544165054803353,0.0,0.02913868603352553,0.0,0.0,0.03294451326392498
Aweil East,2018-06-18,val,0.0,0,0.08461538461538462,0.0,0.06544165054803353,0.0,0.04240108949891086,0.0,0.0,0.03532865838192025
Aweil East,2018-06-25,val,0.0,0,0.08461538461538462,0.0,0.06544165054803353,0.0,0.03334100094126496,0.0,0.0,0.007608033468792743
Aweil East,2018-07-02,val,0.0,0,0.09558823529411764,0.0,0.06544165054803353,0.0,0.033089866824877676,0.0,0.0,0.0020085173252694394
Aweil East,2018-07-09,val,0.0,0,0.09558823529411764,0.0,0.06544165054803353,0.0,0.03337210611355994,0.0,0.0,0.0020085173252694394
Aweil East,2018-07-16,val,0.2120820483838312,1,0.09558823529411764,0.0,0.06544165054803353,0.0,0.0326958884027557,0.0,0.0,0.0035334064906439025
Aweil East,2018-07-23,val,0.0,0,0.09558823529411764,0.0,0.7527675276752768,0.2120820483838312,0.2569120232760904,0.0,0.10898854668863278,0.7568785286651297
Aweil East,2018-07-30,val,0.7421982861814791,1,0.09558823529411764,0.0,0.06544165054803353,0.0,0.1244463184427518,0.0,0.0,0.4627652833524389
Aweil East,2018-08-06,val,17.710309435081147,1,0.553030303030303,0.2117861425016315,0.7527675276752768,0.7421982861814791,0.6955793560446204,0.0,0.26696981732748076,4.279424373095922
Aweil East,2018-08-13,val,21.36926119521477,1,0.553030303030303,0.2117861425016315,0.7527675276752768,17.710309435081147,0.8999998236609886,0.04963844111232155,4.084280623317447,16.206980798061615
Aweil East,2018-08-20,val,0.0,0,0.553030303030303,0.2117861425016315,0.7527675276752768,21.36926119521477,0.8984699996068322,0.04963844111232155,7.1187254749780475,20.795542037696208
Aweil East,2018-08-27,val,1.2193208426266795,1,0.553030303030303,0.2117861425016315,0.06544165054803353,0.0,0.780568636836539,0.0,0.2376326680797389,12.368606754332072
Aweil East,2018-09-03,val,0.0,0,0.7045454545454546,5.77871250314939,0.7527675276752768,1.2193208426266795,0.6830237392326498,0.0015924790129594006,0.5215131777850841,18.34544228798593
Aweil East,2018-09-10,val,9.225160099427349,1,0.7045454545454546,5.77871250314939,0.06544165054803353,0.0,0.5968132482183748,0.0,0.09496892046860796,14.693320959340564
Aweil East,2018-09-17,val,33.93019979955472,1,0.7045454545454546,5.77871250314939,0.7527675276752768,9.225160099427349,0.900008406815046,0.04963844111232155,4.1797116387342585,23.335434230296972
Aweil East,2018-09-24,val,44.060093441699216,1,0.7045454545454546,5.77871250314939,0.7527675276752768,33.93019979955472,0.9139189629496455,0.04963844111232155,13.193108396753063,61.814573935397256
Aweil East,2018-10-01,val,17.123993701465064,1,0.8602941176470589,24.653744379631284,0.7527675276752768,44.060093441699216,0.9079464605119663,0.04963844111232155,17.657475589127028,59.246000741344915
Aweil East,2018-10-08,val,8.907796608308487,1,0.8602941176470589,24.653744379631284,0.7527675276752768,17.123993701465064,0.9108546222111032,0.04963844111232155,6.8964702811913305,62.04858851569954
Aweil East,2018-10-15,val,17.75999625813367,1,0.8602941176470589,24.653744379631284,0.7527675276752768,8.907796608308487,0.9115537372588035,0.04963844111232155,2.923095294086359,28.122186286995188
Aweil East,2018-10-22,val,16.699003510104838,1,0.8602941176470589,24.653744379631284,0.7527675276752768,17.75999625813367,0.9102552637710952,0.04963844111232155,6.431028740253311,45.68408959651407
Aweil East,2018-10-29,val,0.1060289132132763,1,0.8602941176470589,24.653744379631284,0.7527675276752768,16.699003510104838,0.9102552637710952,0.04963844111232155,5.844068491697451,13.59106060554946
Aweil East,2018-11-05,val,2.8627268030955046,1,0.7578125,1.960766295700251,0.7527675276752768,0.1060289132132763,0.7323584294268152,0.0015924790129594006,0.1557926981145899,2.636721809718476
Aweil East,2018-11-12,val,0.1589641528345823,1,0.7578125,1.960766295700251,0.7527675276752768,2.8627268030955046,0.8275246628069391,0.0019077954898751414,0.5952446747033905,4.681948187357208
Aweil East,2018-11-19,val,0.2118519441533358,1,0.7578125,1.960766295700251,0.7527675276752768,0.1589641528345823,0.7890559796747082,0.0015924790129594006,0.14538005018650757,2.3215315950058075
Aweil East,2018-11-26,val,0.7938330324157312,1,0.7578125,1.960766295700251,0.7527675276752768,0.2118519441533358,0.4814562945002706,0.0,0.032211974574774,0.5572212308693656
Aweil East,2018-12-03,val,0.0529214256732414,1,0.6304347826086957,0.1060570739208414,0.7527675276752768,0.7938330324157312,0.7525765114363925,0.0015924790129594006,0.2200254037450658,1.4174657634295704
Aweil East,2018-12-10,val,1.0589017422389075,1,0.6304347826086957,0.1060570739208414,0.7527675276752768,0.0529214256732414,0.2772841153460132,0.0,0.007218439679594064,0.35152709223608014
Aweil East,2018-12-17,val,0.2647268684015048,1,0.6304347826086957,0.1060570739208414,0.7527675276752768,1.0589017422389075,0.656555208711736,0.0,0.10456162491061442,1.5281425457446658
Aweil East,2018-12-24,val,0.0,0,0.6304347826086957,0.1060570739208414,0.7527675276752768,0.2647268684015048,0.798916233234126,0.0015924790129594006,0.1284618047981707,0.6812382712771674
Aweil East,2018-12-31,val,0.0,0,0.6304347826086957,0.1060570739208414,0.06544165054803353,0.0,0.24702093972758854,0.0,0.0,0.1569910553643992
Aweil East,2019-01-07,val,0.0,0,0.19852941176470587,0.0,0.06544165054803353,0.0,0.070498416819376,0.0,0.0,0.009446808788158005
Aweil East,2019-01-14,val,0.0,0,0.19852941176470587,0.0,0.06544165054803353,0.0,0.056852432581255406,0.0,0.0,0.010706366135757935
Aweil East,2019-01-21,val,0.0,0,0.19852941176470587,0.0,0.06544165054803353,0.0,0.05954106421708154,0.0,0.0,0.022899955729313404
Aweil East,2019-01-28,val,0.0,0,0.19852941176470587,0.0,0.06544165054803353,0.0,0.055962736688291825,0.0,0.0,0.02165482599475997
Aweil East,2019-02-04,val,0.0,0,0.07377049180327869,0.0,0.06544165054803353,0.0,0.03572728681715464,0.0,0.0,0.002008163419609488
Aweil East,2019-02-11,val,0.0,0,0.07377049180327869,0.0,0.06544165054803353,0.0,0.03152846600252973,0.0,0.0,0.0020085161418667424
Aweil East,2019-02-18,val,0.0,0,0.07377049180327869,0.0,0.06544165054803353,0.0,0.03152846600252973,0.0,0.0,0.0020085161418667424
Aweil East,2019-02-25,val,0.0,0,0.07377049180327869,0.0,0.06544165054803353,0.0,0.03152846600252973,0.0,0.0,0.0020085161418667424
Aweil East,2019-03-04,val,0.0,0,0.007462686567164179,0.0,0.06544165054803353,0.0,0.03323554193825197,0.0,0.0,0.0020085161418667424
Aweil East,2019-03-11,val,0.0,0,0.007462686567164179,0.0,0.06544165054803353,0.0,0.10731234328826719,0.0,0.0,0.06885065005546175
Aweil East,2019-03-18,val,0.0,0,0.007462686567164179,0.0,0.06544165054803353,0.0,0.03731817198470419,0.0,0.0,0.003656204693333204
Aweil East,2019-03-25,val,0.0,0,0.007462686567164179,0.0,0.06544165054803353,0.0,0.03731817198470419,0.0,0.0,0.0020085161418667424
Aweil East,2019-04-01,val,0.0,0,0.03787878787878788,0.0,0.06544165054803353,0.0,0.03925654838946112,0.0,0.0,0.0036849632398018254
Aweil East,2019-04-08,val,0.0,0,0.03787878787878788,0.0,0.06544165054803353,0.0,0.038801206036585725,0.0,0.0,0.0027898594466478502
Aweil East,2019-04-15,val,0.0,0,0.03787878787878788,0.0,0.06544165054803353,0.0,0.037091308620986106,0.0,0.0,0.0020085161418667424
Aweil East,2019-04-22,val,0.0,0,0.03787878787878788,0.0,0.06544165054803353,0.0,0.04507657533861043,0.0,0.0,0.008047721219486477
Aweil East,2019-04-29,val,0.0,0,0.03787878787878788,0.0,0.06544165054803353,0.0,0.04437308773567694,0.0,0.0,0.010786669236109887
Aweil East,2019-05-06,val,0.0,0,0.06716417910447761,0.0,0.06544165054803353,0.0,0.05942691486286668,0.0,0.0,0.04770183714983126
Aweil East,2019-05-13,val,0.0,0,0.06716417910447761,0.0,0.06544165054803353,0.0,0.03615951207920101,0.0,0.0,0.0031310769363029484
Aweil East,2019-05-20,val,0.0,0,0.06716417910447761,0.0,0.06544165054803353,0.0,0.0312653329248473,0.0,0.0,0.0020085161418667424
Aweil East,2019-05-27,val,0.0,0,0.06716417910447761,0.0,0.06544165054803353,0.0,0.03005069827504587,0.0,0.0,0.0020085161418667424
Aweil East,2019-06-03,val,2.0152257482388647,1,0.08461538461538462,0.0,0.06544165054803353,0.0,0.03005069827504587,0.0,0.0,0.0020085161418667424
Aweil East,2019-06-10,val,16.387004128860127,1,0.08461538461538462,0.0,0.7527675276752768,2.0152257482388647,0.6434069338229947,0.0,0.2932636712122374,5.838599547605545
Aweil East,2019-06-17,val,0.0,0,0.08461538461538462,0.0,0.7527675276752768,16.387004128860127,0.8905941546763742,0.04963844111232155,7.0256022967496055,22.93982841328872
Aweil East,2019-06-24,val,0.3712209305715853,1,0.08461538461538462,0.0,0.06544165054803353,0.0,0.17759319143358626,0.0,0.0,4.857614692209212
Aweil East,2019-07-01,val,0.0,0,0.09558823529411764,0.0,0.7527675276752768,0.3712209305715853,0.525498933006279,0.0,0.1887475176714048,0.9199526533495588
Aweil East,2019-07-08,val,0.0,0,0.09558823529411764,0.0,0.06544165054803353,0.0,0.08633049192680015,0.0,0.0,0.5683993513850674
Aweil East,2019-07-15,val,0.7954550036492343,1,0.09558823529411764,0.0,0.06544165054803353,0.0,0.0577086766475728,0.0,0.0,0.1092700685876556
Aweil East,2019-07-22,val,0.0,0,0.09558823529411764,0.0,0.7527675276752768,0.7954550036492343,0.7244732664757556,0.0,0.4127501846805854,3.332822313914481
Aweil East,2019-07-29,val,0.0,0,0.09558823529411764,0.0,0.06544165054803353,0.0,0.13046613045444638,0.0,0.0,1.1353106995097444
Aweil East,2019-08-05,val,0.0,0,0.553030303030303,0.2117861425016315,0.06544165054803353,0.0,0.14091834037263712,0.0,0.0,0.9555053062079443
Aweil East,2019-08-12,val,0.0,0,0.553030303030303,0.2117861425016315,0.06544165054803353,0.0,0.2613530970110069,0.0,0.0014284595831513625,1.594073357078076
Aweil East,2019-08-19,val,0.0,0,0.553030303030303,0.2117861425016315,0.06544165054803353,0.0,0.6958200275278397,0.0,0.015498678757059481,1.6431593327169343
Aweil East,2019-08-26,val,0.9544501230910242,1,0.553030303030303,0.2117861425016315,0.06544165054803353,0.0,0.43716886116297526,0.0,0.004757962642619392,1.8925304295543444
Aweil East,2019-09-02,val,1.855249886180088,1,0.7045454545454546,5.77871250314939,0.7527675276752768,0.9544501230910242,0.4773161000664344,0.0,0.10425339087531249,4.486751853218776
Aweil East,2019-09-09,val,22.802615449432476,1,0.7045454545454546,5.77871250314939,0.7527675276752768,1.855249886180088,0.7277930611752548,0.0,0.32724358910453494,9.183849966102118
Aweil East,2019-09-16,val,0.5833915065335229,1,0.7045454545454546,5.77871250314939,0.7527675276752768,22.802615449432476,0.8935486972712133,0.04963844111232155,7.9600555440246765,31.588268618114054
Aweil East,2019-09-23,val,41.3059065833035,1,0.7045454545454546,5.77871250314939,0.7527675276752768,0.5833915065335229,0.8529869489494876,0.0015924790129594006,0.9076959980135839,11.528123721681474
Aweil East,2019-09-30,val,19.56525629502736,1,0.7045454545454546,5.77871250314939,0.7527675276752768,41.3059065833035,0.9079416447528553,0.04963844111232155,19.629481960183533,71.28009081903578
Aweil East,2019-10-07,val,0.1590034981230016,1,0.8602941176470589,24.653744379631284,0.7527675276752768,19.56525629502736,0.910154917230376,0.04963844111232155,7.649085585290178,53.284975733296555
Aweil East,2019-10-14,val,0.4241826582604016,1,0.8602941176470589,24.653744379631284,0.7527675276752768,0.1590034981230016,0.7991881481121756,0.0,0.19757828042961312,15.745417855643732
Aweil East,2019-10-21,val,16.2700483319885,1,0.8602941176470589,24.653744379631284,0.7527675276752768,0.4241826582604016,0.7130767187713444,0.0015924790129594006,0.2906411609614308,10.08384107649194
Aweil East,2019-10-28,val,1.3773098980994891,1,0.8602941176470589,24.653744379631284,0.7527675276752768,16.2700483319885,0.899241234802914,0.04963844111232155,3.811363071423457,16.791140247370336
Aweil East,2019-11-04,val,6.783364065539666,1,0.7578125,1.960766295700251,0.7527675276752768,1.3773098980994891,0.7057497445125125,0.0,0.1442491119245976,4.548958475784238
Aweil East,2019-11-11,val,4.71851429538592,1,0.7578125,1.960766295700251,0.7527675276752768,6.783364065539666,0.8844374749216737,0.04963844111232155,1.425080626264542,8.718031957482568
Aweil East,2019-11-18,val,0.5301609270198303,1,0.7578125,1.960766295700251,0.7527675276752768,4.71851429538592,0.8504483275340258,0.04963844111232155,1.4563630947488242,4.677279605673251
Aweil East,2019-11-25,val,1.4309569698314977,1,0.7578125,1.960766295700251,0.7527675276752768,0.5301609270198303,0.7754469353838709,0.0015924790129594006,0.21534659203202794,1.8464401556257066
Aweil East,2019-12-02,val,1.0597603243663392,1,0.6304347826086957,0.1060570739208414,0.7527675276752768,1.4309569698314977,0.7899270912110605,0.0015924790129594006,0.22108147890675545,1.379542059473085
Aweil East,2019-12-09,val,0.0,0,0.6304347826086957,0.1060570739208414,0.7527675276752768,1.0597603243663392,0.7911258539491776,0.0015924790129594006,0.20333863342161723,1.3114802968001298
Aweil East,2019-12-16,val,0.2651202558379353,1,0.6304347826086957,0.1060570739208414,0.06544165054803353,0.0,0.2796015599950059,0.0,0.0,0.9003358758179478
Aweil East,2019-12-23,val,0.6893284321778604,1,0.6304347826086957,0.1060570739208414,0.7527675276752768,0.2651202558379353,0.629418525601705,0.0015924790129594006,0.11336004018449776,0.31464313050556897
Aweil East,2019-12-30,val,0.1059763078633355,1,0.6304347826086957,0.1060570739208414,0.7527675276752768,0.6893284321778604,0.7671189128228016,0.0015924790129594006,0.172742911793493,1.2645626072602496
Aweil North,2015-01-19,val,0.0,0,0.03676470588235294,0.0,0.06544165054803353,0.0,0.08882724987062195,0.0,0.0,0.028318923679488687
Aweil North,2015-01-26,val,0.0,0,0.03676470588235294,0.0,0.06544165054803353,0.0,0.05575098336763461,0.0,0.0,0.021702733431811495
Aweil North,2015-02-02,val,0.0,0,0.00819672131147541,0.0,0.06544165054803353,0.0,0.030440205667974073,0.0,0.0,0.0020085161418667424
Aweil North,2015-02-09,val,0.0,0,0.00819672131147541,0.0,0.06544165054803353,0.0,0.028926499686015995,0.0,0.0,0.0020085161418667424
Aweil North,2015-02-16,val,0.0,0,0.00819672131147541,0.0,0.06544165054803353,0.0,0.028926499686015995,0.0,0.0,0.0020085161418667424
Aweil North,2015-02-23,val,0.0,0,0.00819672131147541,0.0,0.06544165054803353,0.0,0.028926499686015995,0.0,0.0,0.0020085161418667424
Aweil North,2015-03-02,val,0.0,0,0.022388059701492536,0.0,0.06544165054803353,0.0,0.02991753573617593,0.0,0.0,0.0020085161418667424
Aweil North,2015-03-09,val,0.0,0,0.022388059701492536,0.0,0.06544165054803353,0.0,0.06997623223281509,0.0,0.0,0.05666136214925129
Aweil North,2015-03-16,val,0.0,0,0.022388059701492536,0.0,0.06544165054803353,0.0,0.034913683640942945,0.0,0.0,0.006941955529435199
Aweil North,2015-03-23,val,0.0,0,0.022388059701492536,0.0,0.06544165054803353,0.0,0.034913683640942945,0.0,0.0,0.0020085161418667424
Aweil North,2015-03-30,val,0.0,0,0.022388059701492536,0.0,0.06544165054803353,0.0,0.03524049289090019,0.0,0.0,0.003411398782830839
Aweil North,2015-04-06,val,0.0,0,0.022727272727272728,0.0,0.06544165054803353,0.0,0.03416250910693134,0.0,0.0,0.0020085161418667424
Aweil North,2015-04-13,val,0.0,0,0.022727272727272728,0.0,0.06544165054803353,0.0,0.0320045762005159,0.0,0.0,0.0020085161418667424
Aweil North,2015-04-20,val,0.0,0,0.022727272727272728,0.0,0.06544165054803353,0.0,0.0320045762005159,0.0,0.0,0.002389291907698297
Aweil North,2015-04-27,val,0.0,0,0.022727272727272728,0.0,0.06544165054803353,0.0,0.03532520456860626,0.0,0.0,0.00806269294045778
Aweil North,2015-05-04,val,0.0,0,0.007462686567164179,0.0,0.06544165054803353,0.0,0.041836458981552214,0.0,0.0,0.04250462900003548
Aweil North,2015-05-11,val,0.0,0,0.007462686567164179,0.0,0.06544165054803353,0.0,0.031271483408580304,0.0,0.0,0.0023076285605036877
Aweil North,2015-05-18,val,0.0,0,0.007462686567164179,0.0,0.06544165054803353,0.0,0.029019304630299655,0.0,0.0,0.0020085161418667424
Aweil North,2015-05-25,val,0.0,0,0.007462686567164179,0.0,0.06544165054803353,0.0,0.029019304630299655,0.0,0.0,0.0020085161418667424
Aweil North,2015-06-01,val,0.0,0,0.038461538461538464,0.0,0.06544165054803353,0.0,0.029019304630299655,0.0,0.0,0.0020085161418667424
Aweil North,2015-06-08,val,0.0,0,0.038461538461538464,0.0,0.06544165054803353,0.0,0.029019304630299655,0.0,0.0,0.0020085161418667424
Aweil North,2015-06-15,val,0.0,0,0.038461538461538464,0.0,0.06544165054803353,0.0,0.029019304630299655,0.0,0.0,0.0020085161418667424
Aweil North,2015-06-22,val,0.0,0,0.038461538461538464,0.0,0.06544165054803353,0.0,0.029094496934593796,0.0,0.0,0.0020085161418667424
Aweil North,2015-06-29,val,0.0,0,0.038461538461538464,0.0,0.06544165054803353,0.0,0.030883787623532687,0.0,0.0,0.002008517348908098
Aweil North,2015-07-06,val,0.0,0,0.007352941176470588,0.0,0.06544165054803353,0.0,0.029751090563266608,0.0,0.0,0.002008517348908098
Aweil North,2015-07-13,val,0.0,0,0.007352941176470588,0.0,0.06544165054803353,0.0,0.04334949438662389,0.0,0.0,0.0035334039314111367
Aweil North,2015-07-20,val,0.0,0,0.007352941176470588,0.0,0.06544165054803353,0.0,0.040435768723066215,0.0,0.0,0.00624136168923592
Aweil North,2015-07-27,val,0.0,0,0.007352941176470588,0.0,0.06544165054803353,0.0,0.03267584697791352,0.0,0.0,0.00678042310942246
Aweil North,2015-08-03,val,0.0,0,0.03787878787878788,0.0,0.06544165054803353,0.0,0.03211651163118866,0.0,0.0,0.06421631781721163
Aweil North,2015-08-10,val,0.0,0,0.03787878787878788,0.0,0.06544165054803353,0.0,0.03764139252816111,0.0,0.0,0.03462890127105401
Aweil North,2015-08-17,val,0.0,0,0.03787878787878788,0.0,0.06544165054803353,0.0,0.17026893513622038,0.0,0.0015901327505707741,0.4846111286772282
Aweil North,2015-08-24,val,0.0,0,0.03787878787878788,0.0,0.06544165054803353,0.0,0.09495336368189752,0.0,0.0,0.23022234892991486
Aweil North,2015-08-31,val,0.0,0,0.03787878787878788,0.0,0.06544165054803353,0.0,0.10863687964166255,0.0,0.0,0.3671613788301674
Aweil North,2015-09-07,val,0.0,0,0.25,0.0,0.06544165054803353,0.0,0.10142517948147413,0.0,0.0,0.267855207611547
Aweil North,2015-09-14,val,0.0,0,0.25,0.0,0.06544165054803353,0.0,0.15146550537715664,0.0,0.0,0.048325239217000604
Aweil North,2015-09-21,val,0.0,0,0.25,0.0,0.06544165054803353,0.0,0.20166757993488804,0.0,0.0,0.0
Aweil North,2015-09-28,val,0.0,0,0.25,0.0,0.06544165054803353,0.0,0.4624259691150397,0.0,0.0,3.5308006225084894
Aweil North,2015-10-05,val,0.0,0,0.41911764705882354,0.0,0.06544165054803353,0.0,0.2641683050948104,0.0,0.0015901327505707741,0.5543888643076429
Aweil North,2015-10-12,val,0.0,0,0.41911764705882354,0.0,0.06544165054803353,0.0,0.18454928334231527,0.0,0.0,0.0
Aweil North,2015-10-19,val,0.0,0,0.41911764705882354,0.0,0.06544165054803353,0.0,0.2912398264476084,0.0,0.0,0.0
Aweil North,2015-10-26,val,0.0,0,0.41911764705882354,0.0,0.06544165054803353,0.0,0.16917446607421308,0.0,0.0,0.09842840231568209
Aweil North,2015-11-02,val,0.0,0,0.2265625,0.0,0.06544165054803353,0.0,0.2853472547287062,0.0,0.0,0.19195560841133466
Aweil North,2015-11-09,val,0.2118804818675753,1,0.2265625,0.0,0.06544165054803353,0.0,0.16720420588561763,0.0,0.0,0.26350183000649724
Aweil North,2015-11-16,val,0.0,0,0.2265625,0.0,0.7527675276752768,0.2118804818675753,0.4004191945240811,0.0,0.03842652161398808,0.4149382441674235
Aweil North,2015-11-23,val,0.0,0,0.2265625,0.0,0.06544165054803353,0.0,0.18005697969950105,0.0,0.0,0.3993548686420408
Aweil North,2015-11-30,val,0.0,0,0.2265625,0.0,0.06544165054803353,0.0,0.06646657144904898,0.0,0.0,0.11494386861518541
Aweil North,2015-12-07,val,0.0,0,0.06521739130434782,0.0,0.06544165054803353,0.0,0.030212628871737656,0.0,0.0,0.06563898669780438
Aweil North,2015-12-14,val,0.0,0,0.06521739130434782,0.0,0.06544165054803353,0.0,0.030330338392982433,0.0,0.0,0.02347879901077884
Aweil North,2015-12-21,val,0.0,0,0.06521739130434782,0.0,0.06544165054803353,0.0,0.11525335176046395,0.0,0.0,0.04316388197620103
Aweil North,2015-12-28,val,0.0,0,0.06521739130434782,0.0,0.06544165054803353,0.0,0.059957661938939005,0.0,0.0,0.015086877446217126
Aweil North,2016-01-04,val,0.0,0,0.03676470588235294,0.0,0.06544165054803353,0.0,0.05764722841529034,0.0,0.0,0.01484284871352865
Aweil North,2016-01-11,val,0.0,0,0.03676470588235294,0.0,0.06544165054803353,0.0,0.06080466709791973,0.0,0.0,0.014345278384237591
Aweil North,2016-01-18,val,0.0,0,0.03676470588235294,0.0,0.06544165054803353,0.0,0.07856592177551386,0.0,0.0,0.015179384110373234
Aweil North,2016-01-25,val,0.0,0,0.03676470588235294,0.0,0.06544165054803353,0.0,0.06668791602590808,0.0,0.0,0.031330295725719305
Aweil North,2016-02-01,val,0.0,0,0.00819672131147541,0.0,0.06544165054803353,0.0,0.030440205667974073,0.0,0.0,0.0020085161418667424
Aweil North,2016-02-08,val,0.0,0,0.00819672131147541,0.0,0.06544165054803353,0.0,0.028926499686015995,0.0,0.0,0.0020085161418667424
Aweil North,2016-02-15,val,0.0,0,0.00819672131147541,0.0,0.06544165054803353,0.0,0.028926499686015995,0.0,0.0,0.0020085161418667424
Aweil North,2016-02-22,val,0.0,0,0.00819672131147541,0.0,0.06544165054803353,0.0,0.028926499686015995,0.0,0.0,0.0020085161418667424
Aweil North,2016-02-29,val,0.0,0,0.00819672131147541,0.0,0.06544165054803353,0.0,0.029328891699550063,0.0,0.0,0.0020085161418667424
Aweil North,2016-03-07,val,0.0,0,0.022388059701492536,0.0,0.06544165054803353,0.0,0.06997623223281509,0.0,0.0,0.05666136214925129
Aweil North,2016-03-14,val,0.0,0,0.022388059701492536,0.0,0.06544165054803353,0.0,0.034913683640942945,0.0,0.0,0.006941955529435199
Aweil North,2016-03-21,val,0.0,0,0.022388059701492536,0.0,0.06544165054803353,0.0,0.034913683640942945,0.0,0.0,0.0020085161418667424
Aweil North,2016-03-28,val,0.0,0,0.022388059701492536,0.0,0.06544165054803353,0.0,0.03524049289090019,0.0,0.0,0.0020085161418667424
Aweil North,2016-04-04,val,0.0,0,0.022727272727272728,0.0,0.06544165054803353,0.0,0.03416250910693134,0.0,0.0,0.0020085161418667424
Aweil North,2016-04-11,val,0.0,0,0.022727272727272728,0.0,0.06544165054803353,0.0,0.0320045762005159,0.0,0.0,0.0020085161418667424
Aweil North,2016-04-18,val,0.0,0,0.022727272727272728,0.0,0.06544165054803353,0.0,0.0320045762005159,0.0,0.0,0.0020085161418667424
Aweil North,2016-04-25,val,0.0,0,0.022727272727272728,0.0,0.06544165054803353,0.0,0.03643027018995903,0.0,0.0,0.00806269294045778
Aweil North,2016-05-02,val,0.0,0,0.007462686567164179,0.0,0.06544165054803353,0.0,0.03174631658163678,0.0,0.0,0.0068925706938727065
Aweil North,2016-05-09,val,0.0,0,0.007462686567164179,0.0,0.06544165054803353,0.0,0.029377940862350023,0.0,0.0,0.0020085161418667424
Aweil North,2016-05-16,val,0.0,0,0.007462686567164179,0.0,0.06544165054803353,0.0,0.029019304630299655,0.0,0.0,0.0020085161418667424
Aweil North,2016-05-23,val,0.0,0,0.007462686567164179,0.0,0.06544165054803353,0.0,0.029019304630299655,0.0,0.0,0.0020085161418667424
Aweil North,2016-05-30,val,0.0,0,0.007462686567164179,0.0,0.06544165054803353,0.0,0.029019304630299655,0.0,0.0,0.0020085161418667424
Aweil North,2016-06-06,val,0.0,0,0.038461538461538464,0.0,0.06544165054803353,0.0,0.029019304630299655,0.0,0.0,0.0020085161418667424
Aweil North,2016-06-13,val,0.0,0,0.038461538461538464,0.0,0.06544165054803353,0.0,0.029019304630299655,0.0,0.0,0.0020085161418667424
Aweil North,2016-06-20,val,0.0,0,0.038461538461538464,0.0,0.06544165054803353,0.0,0.029094496934593796,0.0,0.0,0.0020085161418667424
Aweil North,2016-06-27,val,0.0,0,0.038461538461538464,0.0,0.06544165054803353,0.0,0.030883787623532687,0.0,0.0,0.002008517348908098
Aweil North,2016-07-04,val,0.0,0,0.007352941176470588,0.0,0.06544165054803353,0.0,0.029751090563266608,0.0,0.0,0.002008517348908098
Aweil North,2016-07-11,val,0.0,0,0.007352941176470588,0.0,0.06544165054803353,0.0,0.04334949438662389,0.0,0.0,0.0035334039314111367
Aweil North,2016-07-18,val,0.0,0,0.007352941176470588,0.0,0.06544165054803353,0.0,0.031048680188981114,0.0,0.0,0.0037175465152642553
Aweil North,2016-07-25,val,0.0,0,0.007352941176470588,0.0,0.06544165054803353,0.0,0.03172044903489708,0.0,0.0,0.00397512699927644
Aweil North,2016-08-01,val,0.0,0,0.03787878787878788,0.0,0.06544165054803353,0.0,0.03211651163118866,0.0,0.0,0.06239447029806403
Aweil North,2016-08-08,val,0.0,0,0.03787878787878788,0.0,0.06544165054803353,0.0,0.03764139252816111,0.0,0.0,0.03462890127105401
Aweil North,2016-08-15,val,0.0,0,0.03787878787878788,0.0,0.06544165054803353,0.0,0.17296057087019465,0.0,0.0015901327505707741,0.4025493370085309
Aweil North,2016-08-22,val,0.0,0,0.03787878787878788,0.0,0.06544165054803353,0.0,0.1050449694107257,0.0,0.0,0.3911364925168821
Aweil North,2016-08-29,val,0.0,0,0.03787878787878788,0.0,0.06544165054803353,0.0,0.09534907096564148,0.0,0.0,0.30797311376209735
Aweil North,2016-09-05,val,0.0,0,0.25,0.0,0.06544165054803353,0.0,0.08771383066249493,0.0,0.0,0.21970664917083813
Aweil North,2016-09-12,val,0.0,0,0.25,0.0,0.06544165054803353,0.0,0.15146550537715664,0.0,0.0,0.07798651843318
Aweil North,2016-09-19,val,0.0,0,0.25,0.0,0.06544165054803353,0.0,0.2873659374516363,0.0,0.0,0.29887613856514755
Aweil North,2016-09-26,val,0.0,0,0.25,0.0,0.06544165054803353,0.0,0.3938161706868459,0.0,0.0,6.01442737712316
Aweil North,2016-10-03,val,0.0,0,0.41911764705882354,0.0,0.06544165054803353,0.0,0.2641683050948104,0.0,0.0015901327505707741,0.629909202098868
Aweil North,2016-10-10,val,0.0,0,0.41911764705882354,0.0,0.06544165054803353,0.0,0.18253096019154727,0.0,0.0,2.9452180354243715
Aweil North,2016-10-17,val,0.0,0,0.41911764705882354,0.0,0.06544165054803353,0.0,0.2175921635440066,0.0,0.0,0.0
Aweil North,2016-10-24,val,0.0,0,0.41911764705882354,0.0,0.06544165054803353,0.0,0.16188404999359274,0.0,0.0,0.10246397525328779
Aweil North,2016-10-31,val,0.0,0,0.41911764705882354,0.0,0.06544165054803353,0.0,0.3518670549354944,0.0,0.0,0.3074572191217348
Aweil North,2016-11-07,val,0.0,0,0.2265625,0.0,0.06544165054803353,0.0,0.159286913749472,0.0,0.0,0.2361898184845944
Aweil North,2016-11-14,val,0.0,0,0.2265625,0.0,0.06544165054803353,0.0,0.14562539370649707,0.0,0.0,0.3596074779248645
Aweil North,2016-11-21,val,0.0,0,0.2265625,0.0,0.06544165054803353,0.0,0.1401674883092091,0.0,0.0,0.19770599139482833
Aweil North,2016-11-28,val,0.0,0,0.2265625,0.0,0.06544165054803353,0.0,0.062447861209361244,0.0,0.0,0.11872482824374053
Aweil North,2016-12-05,val,0.0,0,0.06521739130434782,0.0,0.06544165054803353,0.0,0.031071625926954487,0.0,0.0,0.06096061897956995
Aweil North,2016-12-12,val,0.0,0,0.06521739130434782,0.0,0.06544165054803353,0.0,0.030330338392982433,0.0,0.0,0.022240510620428713
Aweil North,2016-12-19,val,0.0,0,0.06521739130434782,0.0,0.06544165054803353,0.0,0.08351063648734905,0.0,0.0,0.039477398789938195
Aweil North,2016-12-26,val,0.0,0,0.06521739130434782,0.0,0.06544165054803353,0.0,0.059957661938939005,0.0,0.0,0.017034284538045258
Aweil North,2017-01-02,val,0.0,0,0.03676470588235294,0.0,0.06544165054803353,0.0,0.059511579710843636,0.0,0.0,0.01484284871352865
Aweil North,2017-01-09,val,0.0,0,0.03676470588235294,0.0,0.06544165054803353,0.0,0.04378906510009087,0.0,0.0,0.00981111027298022
Aweil North,2017-01-16,val,0.0,0,0.03676470588235294,0.0,0.06544165054803353,0.0,0.07488062334336808,0.0,0.0,0.014119598095622073
Aweil North,2017-01-23,val,0.0,0,0.03676470588235294,0.0,0.06544165054803353,0.0,0.048134127040891365,0.0,0.0,0.015971677960998677
Aweil North,2017-01-30,val,0.0,0,0.03676470588235294,0.0,0.06544165054803353,0.0,0.030440205667974073,0.0,0.0,0.00768667473080352
Aweil North,2017-02-06,val,0.0,0,0.00819672131147541,0.0,0.06544165054803353,0.0,0.028926499686015995,0.0,0.0,0.0020085161418667424
Aweil North,2017-02-13,val,0.0,0,0.00819672131147541,0.0,0.06544165054803353,0.0,0.028926499686015995,0.0,0.0,0.0020085161418667424
Aweil North,2017-02-20,val,0.0,0,0.00819672131147541,0.0,0.06544165054803353,0.0,0.028926499686015995,0.0,0.0,0.0020085161418667424
Aweil North,2017-02-27,val,0.0,0,0.00819672131147541,0.0,0.06544165054803353,0.0,0.029328891699550063,0.0,0.0,0.0020085161418667424
Aweil North,2017-03-06,val,0.0,0,0.022388059701492536,0.0,0.06544165054803353,0.0,0.03260542465870146,0.0,0.0,0.008671063725629924
Aweil North,2017-03-13,val,0.0,0,0.022388059701492536,0.0,0.06544165054803353,0.0,0.04172443035449859,0.0,0.0,0.006941955529435199
Aweil North,2017-03-20,val,0.0,0,0.022388059701492536,0.0,0.06544165054803353,0.0,0.034913683640942945,0.0,0.0,0.0020085161418667424
Aweil North,2017-03-27,val,0.0,0,0.022388059701492536,0.0,0.06544165054803353,0.0,0.03600635630186031,0.0,0.0,0.0020085161418667424
Aweil North,2017-04-03,val,0.0,0,0.022727272727272728,0.0,0.06544165054803353,0.0,0.03299991580904287,0.0,0.0,0.0020085161418667424
Aweil North,2017-04-10,val,0.0,0,0.022727272727272728,0.0,0.06544165054803353,0.0,0.033133304997114074,0.0,0.0,0.0020085161418667424
Aweil North,2017-04-17,val,0.0,0,0.022727272727272728,0.0,0.06544165054803353,0.0,0.0320045762005159,0.0,0.0,0.0020085161418667424
Aweil North,2017-04-24,val,0.0,0,0.022727272727272728,0.0,0.06544165054803353,0.0,0.03231021702770142,0.0,0.0,0.00806269294045778
Aweil North,2017-05-01,val,0.0,0,0.007462686567164179,0.0,0.06544165054803353,0.0,0.031799332892963425,0.0,0.0,0.007885904117407696
Aweil North,2017-05-08,val,0.0,0,0.007462686567164179,0.0,0.06544165054803353,0.0,0.029377940862350023,0.0,0.0,0.0020085161418667424
Aweil North,2017-05-15,val,0.0,0,0.007462686567164179,0.0,0.06544165054803353,0.0,0.029019304630299655,0.0,0.0,0.0020085161418667424
Aweil North,2017-05-22,val,0.0,0,0.007462686567164179,0.0,0.06544165054803353,0.0,0.029019304630299655,0.0,0.0,0.0020085161418667424
Aweil North,2017-05-29,val,0.0,0,0.007462686567164179,0.0,0.06544165054803353,0.0,0.029019304630299655,0.0,0.0,0.0020085161418667424
Aweil North,2017-06-05,val,0.0,0,0.038461538461538464,0.0,0.06544165054803353,0.0,0.029019304630299655,0.0,0.0,0.0020085161418667424
Aweil North,2017-06-12,val,0.0,0,0.038461538461538464,0.0,0.06544165054803353,0.0,0.029019304630299655,0.0,0.0,0.0020085161418667424
Aweil North,2017-06-19,val,0.0,0,0.038461538461538464,0.0,0.06544165054803353,0.0,0.029094496934593796,0.0,0.0,0.0020085161418667424
Aweil North,2017-06-26,val,0.0,0,0.038461538461538464,0.0,0.06544165054803353,0.0,0.03479686188858521,0.0,0.0,0.007650293947183766
Aweil North,2017-07-03,val,0.0,0,0.007352941176470588,0.0,0.06544165054803353,0.0,0.029751090563266608,0.0,0.0,0.002008517348908098
Aweil North,2017-07-10,val,0.0,0,0.007352941176470588,0.0,0.06544165054803353,0.0,0.05264280623088542,0.0,0.0,0.009803302605859892
Aweil North,2017-07-17,val,0.0,0,0.007352941176470588,0.0,0.06544165054803353,0.0,0.030125677323456317,0.0,0.0,0.003533395634281021
Aweil North,2017-07-24,val,0.0,0,0.007352941176470588,0.0,0.06544165054803353,0.0,0.0323705024397967,0.0,0.0,0.00460276371511588
Aweil North,2017-07-31,val,0.0,0,0.007352941176470588,0.0,0.06544165054803353,0.0,0.030938597284891664,0.0,0.0,0.006656560103207085
Aweil North,2017-08-07,val,0.0,0,0.03787878787878788,0.0,0.06544165054803353,0.0,0.03746834970049514,0.0,0.0,0.03239030555405595
Aweil North,2017-08-14,val,0.0,0,0.03787878787878788,0.0,0.06544165054803353,0.0,0.16255552178565777,0.0,0.0015901327505707741,0.32884698502465287
Aweil North,2017-08-21,val,0.0,0,0.03787878787878788,0.0,0.06544165054803353,0.0,0.13862545379110439,0.0,0.0,0.5668144466920649
Aweil North,2017-08-28,val,0.0,0,0.03787878787878788,0.0,0.06544165054803353,0.0,0.07342939688596806,0.0,0.0,0.16192667146001524
Aweil North,2017-09-04,val,0.0,0,0.25,0.0,0.06544165054803353,0.0,0.08157172259190519,0.0,0.0,0.33083848942446353
Aweil North,2017-09-11,val,0.0,0,0.25,0.0,0.06544165054803353,0.0,0.15974149613461178,0.0,0.0,0.24273932622629865
Aweil North,2017-09-18,val,0.0,0,0.25,0.0,0.06544165054803353,0.0,0.31900394125695053,0.0,0.0,1.786907709948028
Aweil North,2017-09-25,val,0.0,0,0.25,0.0,0.06544165054803353,0.0,0.23550840507192827,0.0,0.0,0.8883040580418746
Aweil North,2017-10-02,val,0.0,0,0.41911764705882354,0.0,0.06544165054803353,0.0,0.4395135693807132,0.0,0.0015901327505707741,3.916868398969569
Aweil North,2017-10-09,val,0.0,0,0.41911764705882354,0.0,0.06544165054803353,0.0,0.25468286834594567,0.0,0.0015901327505707741,1.0578596872624293
Aweil North,2017-10-16,val,0.0,0,0.41911764705882354,0.0,0.06544165054803353,0.0,0.18325724709164265,0.0,0.0,0.0
Aweil North,2017-10-23,val,0.0,0,0.41911764705882354,0.0,0.06544165054803353,0.0,0.15456048869432584,0.0,0.0,0.31388529908221346
Aweil North,2017-10-30,val,0.0,0,0.41911764705882354,0.0,0.06544165054803353,0.0,0.2615855788011159,0.0,0.0,0.23657615578289007
Aweil North,2017-11-06,val,0.0,0,0.2265625,0.0,0.06544165054803353,0.0,0.1710888509419769,0.0,0.0,0.1599868381740938
Aweil North,2017-11-13,val,0.1058310149565852,1,0.2265625,0.0,0.06544165054803353,0.0,0.15717094135835613,0.0,0.0,0.42150332002736407
Aweil North,2017-11-20,val,0.0,0,0.2265625,0.0,0.7527675276752768,0.1058310149565852,0.5135370595458226,0.0,0.04201990381608266,0.3469802696655941
Aweil North,2017-11-27,val,0.0,0,0.2265625,0.0,0.06544165054803353,0.0,0.06425256108226265,0.0,0.0,0.1464353512423004
Aweil North,2017-12-04,val,0.0,0,0.06521739130434782,0.0,0.06544165054803353,0.0,0.044164431820344165,0.0,0.0,0.09425152036707296
Aweil North,2017-12-11,val,0.0,0,0.06521739130434782,0.0,0.06544165054803353,0.0,0.02998751479860879,0.0,0.0,0.026495882528039645
Aweil North,2017-12-18,val,0.0,0,0.06521739130434782,0.0,0.06544165054803353,0.0,0.06732718359926866,0.0,0.0,0.062383232369416536
Aweil North,2017-12-25,val,0.0,0,0.06521739130434782,0.0,0.06544165054803353,0.0,0.1495625749001907,0.0,0.0,0.03500800159014451
Aweil North,2018-01-01,val,0.0,0,0.03676470588235294,0.0,0.06544165054803353,0.0,0.06184367274106051,0.0,0.0,0.01484284871352865
Aweil North,2018-01-08,val,0.0,0,0.03676470588235294,0.0,0.06544165054803353,0.0,0.05208558064438886,0.0,0.0,0.014363344083176
Aweil North,2018-01-15,val,0.0,0,0.03676470588235294,0.0,0.06544165054803353,0.0,0.054972176760883826,0.0,0.0,0.012445607330337026
Aweil North,2018-01-22,val,0.0,0,0.03676470588235294,0.0,0.06544165054803353,0.0,0.05036560887059925,0.0,0.0,0.015017696658015011
Aweil North,2018-01-29,val,0.0,0,0.03676470588235294,0.0,0.06544165054803353,0.0,0.03449319204781043,0.0,0.0,0.009802082380321682
Aweil North,2018-02-05,val,0.0,0,0.00819672131147541,0.0,0.06544165054803353,0.0,0.028926499686015995,0.0,0.0,0.0020085161418667424
Aweil North,2018-02-12,val,0.0,0,0.00819672131147541,0.0,0.06544165054803353,0.0,0.028926499686015995,0.0,0.0,0.0020085161418667424
Aweil North,2018-02-19,val,0.0,0,0.00819672131147541,0.0,0.06544165054803353,0.0,0.028926499686015995,0.0,0.0,0.0020085161418667424
Aweil North,2018-02-26,val,0.0,0,0.00819672131147541,0.0,0.06544165054803353,0.0,0.029328891699550063,0.0,0.0,0.0020085161418667424
Aweil North,2018-03-05,val,0.0,0,0.022388059701492536,0.0,0.06544165054803353,0.0,0.032119679933039984,0.0,0.0,0.0022665512321418287
Aweil North,2018-03-12,val,0.0,0,0.022388059701492536,0.0,0.06544165054803353,0.0,0.04470670429277062,0.0,0.0,0.007499103038347238
Aweil North,2018-03-19,val,0.0,0,0.022388059701492536,0.0,0.06544165054803353,0.0,0.034913683640942945,0.0,0.0,0.0037055895288956977
Aweil North,2018-03-26,val,0.0,0,0.022388059701492536,0.0,0.06544165054803353,0.0,0.03600635630186031,0.0,0.0,0.0020085161418667424
Aweil North,2018-04-02,val,0.0,0,0.022727272727272728,0.0,0.06544165054803353,0.0,0.03456537269987914,0.0,0.0,0.0020085161418667424
Aweil North,2018-04-09,val,0.0,0,0.022727272727272728,0.0,0.06544165054803353,0.0,0.03578107662321603,0.0,0.0,0.0027898594466478502
Aweil North,2018-04-16,val,0.0,0,0.022727272727272728,0.0,0.06544165054803353,0.0,0.0320045762005159,0.0,0.0,0.0020085161418667424
Aweil North,2018-04-23,val,0.0,0,0.022727272727272728,0.0,0.06544165054803353,0.0,0.03231021702770142,0.0,0.0,0.0068925706938727065
Aweil North,2018-04-30,val,0.0,0,0.022727272727272728,0.0,0.06544165054803353,0.0,0.031799332892963425,0.0,0.0,0.0068925706938727065
Aweil North,2018-05-07,val,0.0,0,0.007462686567164179,0.0,0.06544165054803353,0.0,0.03838936478071943,0.0,0.0,0.026115779828085748
Aweil North,2018-05-14,val,0.0,0,0.007462686567164179,0.0,0.06544165054803353,0.0,0.029019304630299655,0.0,0.0,0.0025973693736480565
Aweil North,2018-05-21,val,0.0,0,0.007462686567164179,0.0,0.06544165054803353,0.0,0.029019304630299655,0.0,0.0,0.0020085161418667424
Aweil North,2018-05-28,val,0.0,0,0.007462686567164179,0.0,0.06544165054803353,0.0,0.029019304630299655,0.0,0.0,0.0020085161418667424
Aweil North,2018-06-04,val,0.0,0,0.038461538461538464,0.0,0.06544165054803353,0.0,0.029019304630299655,0.0,0.0,0.0020085161418667424
Aweil North,2018-06-11,val,0.0,0,0.038461538461538464,0.0,0.06544165054803353,0.0,0.029019304630299655,0.0,0.0,0.0020085161418667424
Aweil North,2018-06-18,val,0.0,0,0.038461538461538464,0.0,0.06544165054803353,0.0,0.029094496934593796,0.0,0.0,0.0020085161418667424
Aweil North,2018-06-25,val,0.0,0,0.038461538461538464,0.0,0.06544165054803353,0.0,0.033108666891502145,0.0,0.0,0.004111931386820387
Aweil North,2018-07-02,val,0.0,0,0.007352941176470588,0.0,0.06544165054803353,0.0,0.029379659582954777,0.0,0.0,0.002008517348908098
Aweil North,2018-07-09,val,0.0,0,0.007352941176470588,0.0,0.06544165054803353,0.0,0.030657853904088546,0.0,0.0,0.002008517348908098
Aweil North,2018-07-16,val,0.0,0,0.007352941176470588,0.0,0.06544165054803353,0.0,0.030125677323456317,0.0,0.0,0.003533395634281021
Aweil North,2018-07-23,val,0.0,0,0.007352941176470588,0.0,0.06544165054803353,0.0,0.03839107347699649,0.0,0.0,0.018350110440105274
Aweil North,2018-07-30,val,0.0,0,0.007352941176470588,0.0,0.06544165054803353,0.0,0.032022045730786174,0.0,0.0,0.006656893498408337
Aweil North,2018-08-06,val,0.0,0,0.03787878787878788,0.0,0.06544165054803353,0.0,0.03746834970049514,0.0,0.0,0.04305436969094374
Aweil North,2018-08-13,val,0.0,0,0.03787878787878788,0.0,0.06544165054803353,0.0,0.06533792683327318,0.0,0.0,0.2824665705175734
Aweil North,2018-08-20,val,0.0,0,0.03787878787878788,0.0,0.06544165054803353,0.0,0.1971140438355197,0.0,0.0,0.9314630325221548
Aweil North,2018-08-27,val,1.0601628461538335,1,0.03787878787878788,0.0,0.06544165054803353,0.0,0.07718549707036784,0.0,0.0,0.0
Aweil North,2018-09-03,val,0.0,0,0.25,0.0,0.7527675276752768,1.0601628461538335,0.40400424366346616,0.0,0.10136507848983406,3.1068490069565198
Aweil North,2018-09-10,val,1.7491605102521206,1,0.25,0.0,0.06544165054803353,0.0,0.3351467890673402,0.0,0.05912140871091911,4.749236439015605
Aweil North,2018-09-17,val,0.8478495520729007,1,0.25,0.0,0.7527675276752768,1.7491605102521206,0.7942766898792473,0.0,0.4490509797913353,7.394377260719932
Aweil North,2018-09-24,val,4.50552903238674,1,0.25,0.0,0.7527675276752768,0.8478495520729007,0.8176856866725205,0.0015924790129594006,0.8578842627273955,11.335758792775234
Aweil North,2018-10-01,val,0.0,0,0.41911764705882354,0.0,0.7527675276752768,4.50552903238674,0.8137624178155337,0.0,2.083307366413723,10.571167916337068
Aweil North,2018-10-08,val,0.0,0,0.41911764705882354,0.0,0.06544165054803353,0.0,0.7135789939755534,0.0,0.2376326680797389,12.188023980568454
Aweil North,2018-10-15,val,0.0,0,0.41911764705882354,0.0,0.06544165054803353,0.0,0.44019442868255737,0.0,0.09142230373789265,1.4282113662450264
Aweil North,2018-10-22,val,0.0529995336694297,1,0.41911764705882354,0.0,0.06544165054803353,0.0,0.18195016741398554,0.0,0.0,2.5955062382183485
Aweil North,2018-10-29,val,0.0,0,0.41911764705882354,0.0,0.7527675276752768,0.0529995336694297,0.3932998352473802,0.0,0.036181515807445594,0.28206529778944445
Aweil North,2018-11-05,val,0.0,0,0.2265625,0.0,0.06544165054803353,0.0,0.19031154583818716,0.0,0.0,0.13043220391997382
Aweil North,2018-11-12,val,0.0,0,0.2265625,0.0,0.06544165054803353,0.0,0.2109387097938243,0.0,0.0,0.36701183958669764
Aweil North,2018-11-19,val,0.0,0,0.2265625,0.0,0.06544165054803353,0.0,0.1667263034116671,0.0,0.0,0.39308146730668003
Aweil North,2018-11-26,val,0.0,0,0.2265625,0.0,0.06544165054803353,0.0,0.14462989387472183,0.0,0.0,0.23235209940292756
Aweil North,2018-12-03,val,0.0,0,0.06521739130434782,0.0,0.06544165054803353,0.0,0.04178815772120653,0.0,0.0,0.10842827548689118
Aweil North,2018-12-10,val,0.0,0,0.06521739130434782,0.0,0.06544165054803353,0.0,0.03027748312756803,0.0,0.0,0.02181751480980519
Aweil North,2018-12-17,val,0.0,0,0.06521739130434782,0.0,0.06544165054803353,0.0,0.05145339769913893,0.0,0.0,0.04699677379736525
Aweil North,2018-12-24,val,0.0,0,0.06521739130434782,0.0,0.06544165054803353,0.0,0.11316869512033131,0.0,0.0,0.031955586397772365
Aweil North,2018-12-31,val,0.0,0,0.06521739130434782,0.0,0.06544165054803353,0.0,0.06032212858616751,0.0,0.0,0.0167804987633044
Aweil North,2019-01-07,val,0.0,0,0.03676470588235294,0.0,0.06544165054803353,0.0,0.05778975162828213,0.0,0.0,0.014366793340493473
Aweil North,2019-01-14,val,0.0,0,0.03676470588235294,0.0,0.06544165054803353,0.0,0.06551969512772134,0.0,0.0,0.012289543512499349
Aweil North,2019-01-21,val,0.0,0,0.03676470588235294,0.0,0.06544165054803353,0.0,0.06260996583858264,0.0,0.0,0.023056111111473314
Aweil North,2019-01-28,val,0.0,0,0.03676470588235294,0.0,0.06544165054803353,0.0,0.0346498714509274,0.0,0.0,0.01040842360591291
Aweil North,2019-02-04,val,0.0,0,0.00819672131147541,0.0,0.06544165054803353,0.0,0.030440205667974073,0.0,0.0,0.0020085161418667424
Aweil North,2019-02-11,val,0.0,0,0.00819672131147541,0.0,0.06544165054803353,0.0,0.028926499686015995,0.0,0.0,0.0020085161418667424
Aweil North,2019-02-18,val,0.0,0,0.00819672131147541,0.0,0.06544165054803353,0.0,0.028926499686015995,0.0,0.0,0.0020085161418667424
Aweil North,2019-02-25,val,0.0,0,0.00819672131147541,0.0,0.06544165054803353,0.0,0.028926499686015995,0.0,0.0,0.0020085161418667424
Aweil North,2019-03-04,val,0.0,0,0.022388059701492536,0.0,0.06544165054803353,0.0,0.031041512866918464,0.0,0.0,0.0020085161418667424
Aweil North,2019-03-11,val,0.0,0,0.022388059701492536,0.0,0.06544165054803353,0.0,0.0969359045881879,0.0,0.0,0.06799609760002454
Aweil North,2019-03-18,val,0.0,0,0.022388059701492536,0.0,0.06544165054803353,0.0,0.034913683640942945,0.0,0.0,0.003656204693333204
Aweil North,2019-03-25,val,0.0,0,0.022388059701492536,0.0,0.06544165054803353,0.0,0.034913683640942945,0.0,0.0,0.0020085161418667424
Aweil North,2019-04-01,val,0.0,0,0.022727272727272728,0.0,0.06544165054803353,0.0,0.03456537269987914,0.0,0.0,0.0036849632398018254
Aweil North,2019-04-08,val,0.0,0,0.022727272727272728,0.0,0.06544165054803353,0.0,0.03416250910693134,0.0,0.0,0.0027898594466478502
Aweil North,2019-04-15,val,0.0,0,0.022727272727272728,0.0,0.06544165054803353,0.0,0.0320045762005159,0.0,0.0,0.0020085161418667424
Aweil North,2019-04-22,val,0.0,0,0.022727272727272728,0.0,0.06544165054803353,0.0,0.03231021702770142,0.0,0.0,0.006178297379271582
Aweil North,2019-04-29,val,0.0,0,0.022727272727272728,0.0,0.06544165054803353,0.0,0.031799332892963425,0.0,0.0,0.00806269294045778
Aweil North,2019-05-06,val,0.0,0,0.007462686567164179,0.0,0.06544165054803353,0.0,0.041834926580901814,0.0,0.0,0.042035457412227945
Aweil North,2019-05-13,val,0.0,0,0.007462686567164179,0.0,0.06544165054803353,0.0,0.029019304630299655,0.0,0.0,0.0025973693736480565
Aweil North,2019-05-20,val,0.0,0,0.007462686567164179,0.0,0.06544165054803353,0.0,0.029019304630299655,0.0,0.0,0.0020085161418667424
Aweil North,2019-05-27,val,0.0,0,0.007462686567164179,0.0,0.06544165054803353,0.0,0.029019304630299655,0.0,0.0,0.0020085161418667424
Aweil North,2019-06-03,val,0.2120387133684967,1,0.038461538461538464,0.0,0.06544165054803353,0.0,0.029019304630299655,0.0,0.0,0.0020085161418667424
Aweil North,2019-06-10,val,7.315054714138193,1,0.038461538461538464,0.0,0.7527675276752768,0.2120387133684967,0.11512065746207063,0.0,0.0,0.38477100523117186
Aweil North,2019-06-17,val,0.2120176721899869,1,0.038461538461538464,0.0,0.7527675276752768,7.315054714138193,0.866919957565647,0.04963844111232155,1.9459652356117705,11.554151274215743
Aweil North,2019-06-24,val,0.0,0,0.038461538461538464,0.0,0.7527675276752768,0.2120176721899869,0.34477595363760327,0.0,0.01857750061298328,4.83349796148449
Aweil North,2019-07-01,val,0.0,0,0.007352941176470588,0.0,0.06544165054803353,0.0,0.16953875722504358,0.0,0.0,0.41315498107508275
Aweil North,2019-07-08,val,0.0,0,0.007352941176470588,0.0,0.06544165054803353,0.0,0.05437057238183766,0.0,0.0,0.21565255155916677
Aweil North,2019-07-15,val,0.1588517590349158,1,0.007352941176470588,0.0,0.06544165054803353,0.0,0.03091745764436747,0.0,0.0,0.0035334066590182464
Aweil North,2019-07-22,val,0.0,0,0.007352941176470588,0.0,0.7527675276752768,0.1588517590349158,0.20847649511791855,0.0,0.10521165312288171,0.11451779236132938
Aweil North,2019-07-29,val,0.0,0,0.007352941176470588,0.0,0.06544165054803353,0.0,0.09023974282201852,0.0,0.0,0.5205920288336162
Aweil North,2019-08-05,val,0.0,0,0.03787878787878788,0.0,0.06544165054803353,0.0,0.062498208329544225,0.0,0.0,0.4601610308076221
Aweil North,2019-08-12,val,0.0,0,0.03787878787878788,0.0,0.06544165054803353,0.0,0.06641757844614947,0.0,0.0,0.4377468385348186
Aweil North,2019-08-19,val,0.0,0,0.03787878787878788,0.0,0.06544165054803353,0.0,0.1804663816728058,0.0,0.0,0.588906045988559
Aweil North,2019-08-26,val,0.0,0,0.03787878787878788,0.0,0.06544165054803353,0.0,0.09800955855380435,0.0,0.0,0.24892375603177666
Aweil North,2019-09-02,val,0.0,0,0.25,0.0,0.06544165054803353,0.0,0.09052434739937763,0.0,0.0,0.35870218684885397
Aweil North,2019-09-09,val,0.0,0,0.25,0.0,0.06544165054803353,0.0,0.18423423995615548,0.0,0.0,0.4211405961688641
Aweil North,2019-09-16,val,0.0,0,0.25,0.0,0.06544165054803353,0.0,0.311176292534718,0.0,0.0,1.9925440213965313
Aweil North,2019-09-23,val,0.0,0,0.25,0.0,0.06544165054803353,0.0,0.17084394657958388,0.0,0.0,0.0
Aweil North,2019-09-30,val,0.0,0,0.25,0.0,0.06544165054803353,0.0,0.4405427044239923,0.0,0.0,2.616788567610921
Aweil North,2019-10-07,val,0.0,0,0.41911764705882354,0.0,0.06544165054803353,0.0,0.2641683050948104,0.0,0.0015901327505707741,0.11652371882543164
Aweil North,2019-10-14,val,0.0,0,0.41911764705882354,0.0,0.06544165054803353,0.0,0.18319091292290607,0.0,0.0,0.0
Aweil North,2019-10-21,val,0.0,0,0.41911764705882354,0.0,0.06544165054803353,0.0,0.19357066989184069,0.0,0.0,0.41544435001033103
Aweil North,2019-10-28,val,0.0,0,0.41911764705882354,0.0,0.06544165054803353,0.0,0.1734492914965074,0.0,0.0,0.14649520990024997
Aweil North,2019-11-04,val,0.0,0,0.2265625,0.0,0.06544165054803353,0.0,0.2717681073961115,0.0,0.0,0.18777591863448673
Aweil North,2019-11-11,val,0.0,0,0.2265625,0.0,0.06544165054803353,0.0,0.16563126555511581,0.0,0.0,0.4465459704856126
Aweil North,2019-11-18,val,0.0529278843719931,1,0.2265625,0.0,0.06544165054803353,0.0,0.16645582756493899,0.0,0.0,0.477675654581771
Aweil North,2019-11-25,val,0.0,0,0.2265625,0.0,0.7527675276752768,0.0529278843719931,0.2137986414200839,0.0,0.001985887511614457,0.2422020959084365
Aweil North,2019-12-02,val,0.0,0,0.06521739130434782,0.0,0.06544165054803353,0.0,0.04477461648854024,0.0,0.0,0.14566296502301915
Aweil North,2019-12-09,val,0.0,0,0.06521739130434782,0.0,0.06544165054803353,0.0,0.03267353115669233,0.0,0.0,0.013319597511991278
Aweil North,2019-12-16,val,0.0,0,0.06521739130434782,0.0,0.06544165054803353,0.0,0.046957292369270695,0.0,0.0,0.042691154370627316
Aweil North,2019-12-23,val,0.0529214256732414,1,0.06521739130434782,0.0,0.06544165054803353,0.0,0.11009955680127156,0.0,0.0,0.025422795807647964
Aweil North,2019-12-30,val,0.0,0,0.06521739130434782,0.0,0.7527675276752768,0.0529214256732414,0.08601383345356765,0.0,0.0,0.01503876009234324
Aweil South,2015-01-19,val,0.0,0,0.11029411764705882,0.0,0.7527675276752768,0.5304438575972159,0.5149230489610171,0.0,0.05167371054320814,1.1061623116931858
Aweil South,2015-01-26,val,0.0,0,0.11029411764705882,0.0,0.06544165054803353,0.0,0.18044602344589245,0.0,0.0,0.09112653191961136
Aweil South,2015-02-02,val,0.0,0,0.00819672131147541,0.0,0.06544165054803353,0.0,0.06130924246282445,0.0,0.0,0.034903745614670134
Aweil South,2015-02-09,val,0.0,0,0.00819672131147541,0.0,0.06544165054803353,0.0,0.029543425800373713,0.0,0.0,0.0020085161418667424
Aweil South,2015-02-16,val,0.0,0,0.00819672131147541,0.0,0.06544165054803353,0.0,0.028926499686015995,0.0,0.0,0.0020085161418667424
Aweil South,2015-02-23,val,0.0,0,0.00819672131147541,0.0,0.06544165054803353,0.0,0.028926499686015995,0.0,0.0,0.0020085161418667424
Aweil South,2015-03-02,val,0.0,0,0.03731343283582089,0.0,0.06544165054803353,0.0,0.02991753573617593,0.0,0.0,0.0020085161418667424
Aweil South,2015-03-09,val,0.0,0,0.03731343283582089,0.0,0.06544165054803353,0.0,0.07059211132490666,0.0,0.0,0.054889080953885144
Aweil South,2015-03-16,val,0.0,0,0.03731343283582089,0.0,0.06544165054803353,0.0,0.03523265876689314,0.0,0.0,0.006941955529435199
Aweil South,2015-03-23,val,0.0,0,0.03731343283582089,0.0,0.06544165054803353,0.0,0.03523265876689314,0.0,0.0,0.0020085161418667424
Aweil South,2015-03-30,val,0.0,0,0.03731343283582089,0.0,0.06544165054803353,0.0,0.035562343758863565,0.0,0.0,0.003411398782830839
Aweil South,2015-04-06,val,0.0,0,0.022727272727272728,0.0,0.06544165054803353,0.0,0.03447486657616169,0.0,0.0,0.0020085161418667424
Aweil South,2015-04-13,val,0.0,0,0.022727272727272728,0.0,0.06544165054803353,0.0,0.03229786287590542,0.0,0.0,0.0020085161418667424
Aweil South,2015-04-20,val,0.0,0,0.022727272727272728,0.0,0.06544165054803353,0.0,0.03229786287590542,0.0,0.0,0.002389291907698297
Aweil South,2015-04-27,val,0.0,0,0.022727272727272728,0.0,0.06544165054803353,0.0,0.035647800519919996,0.0,0.0,0.0068925706938727065
Aweil South,2015-05-04,val,0.0,0,0.022388059701492536,0.0,0.06544165054803353,0.0,0.04221591468687024,0.0,0.0,0.04250462900003548
Aweil South,2015-05-11,val,0.0,0,0.022388059701492536,0.0,0.06544165054803353,0.0,0.03155827111396103,0.0,0.0,0.0023076285605036877
Aweil South,2015-05-18,val,0.0,0,0.022388059701492536,0.0,0.06544165054803353,0.0,0.02928606224081811,0.0,0.0,0.0020085161418667424
Aweil South,2015-05-25,val,0.0,0,0.022388059701492536,0.0,0.06544165054803353,0.0,0.02928606224081811,0.0,0.0,0.0020085161418667424
Aweil South,2015-06-01,val,0.0,0,0.023076923076923078,0.0,0.06544165054803353,0.0,0.02928606224081811,0.0,0.0,0.0020085161418667424
Aweil South,2015-06-08,val,0.0,0,0.023076923076923078,0.0,0.06544165054803353,0.0,0.02928606224081811,0.0,0.0,0.0020085161418667424
Aweil South,2015-06-15,val,0.0,0,0.023076923076923078,0.0,0.06544165054803353,0.0,0.02928606224081811,0.0,0.0,0.0020085161418667424
Aweil South,2015-06-22,val,0.0,0,0.023076923076923078,0.0,0.06544165054803353,0.0,0.029361924842802582,0.0,0.0,0.0020085161418667424
Aweil South,2015-06-29,val,0.0,0,0.023076923076923078,0.0,0.06544165054803353,0.0,0.031082337801793255,0.0,0.0,0.002008517348908098
Aweil South,2015-07-06,val,0.0,0,0.03676470588235294,0.0,0.06544165054803353,0.0,0.0300243670501702,0.0,0.0,0.002008517348908098
Aweil South,2015-07-13,val,0.0,0,0.03676470588235294,0.0,0.06544165054803353,0.0,0.043742046796879604,0.0,0.0,0.0035334039031918313
Aweil South,2015-07-20,val,0.0,0,0.03676470588235294,0.0,0.06544165054803353,0.0,0.04243381782231562,0.0,0.0,0.00913003406606067
Aweil South,2015-07-27,val,0.0,0,0.03676470588235294,0.0,0.06544165054803353,0.0,0.03479699468803821,0.0,0.0,0.00678203703725066
Aweil South,2015-08-03,val,0.0,0,0.17424242424242425,0.0,0.06544165054803353,0.0,0.03558437626455197,0.0,0.0,0.06518949524812233
Aweil South,2015-08-10,val,0.0,0,0.17424242424242425,0.0,0.06544165054803353,0.0,0.04600376243828411,0.0,0.0,0.0365299270013707
Aweil South,2015-08-17,val,0.0,0,0.17424242424242425,0.0,0.06544165054803353,0.0,0.24830797886432224,0.0,0.0015901327505707741,0.5833999725078746
Aweil South,2015-08-24,val,0.0,0,0.17424242424242425,0.0,0.06544165054803353,0.0,0.13138019614376728,0.0,0.0,0.5046315975196661
Aweil South,2015-08-31,val,0.0,0,0.17424242424242425,0.0,0.06544165054803353,0.0,0.16960429154184611,0.0,0.0,0.22945331843049083
Aweil South,2015-09-07,val,0.0,0,0.4621212121212121,0.0,0.06544165054803353,0.0,0.1675577743241749,0.0,0.0,0.2447255939343105
Aweil South,2015-09-14,val,0.0,0,0.4621212121212121,0.0,0.06544165054803353,0.0,0.22839178793150755,0.0,0.0,0.27982346354045895
Aweil South,2015-09-21,val,0.0,0,0.4621212121212121,0.0,0.06544165054803353,0.0,0.3018643705838822,0.0,0.0,0.39577791907840254
Aweil South,2015-09-28,val,0.8484461028160706,1,0.4621212121212121,0.0,0.06544165054803353,0.0,0.4713032722302405,0.0,0.0,3.916430879920894
Aweil South,2015-10-05,val,0.0,0,0.6838235294117647,6.100102452160747,0.7527675276752768,0.8484461028160706,0.6648977724642892,0.0,0.41845889589167323,2.7908117118375255
Aweil South,2015-10-12,val,0.0,0,0.6838235294117647,6.100102452160747,0.06544165054803353,0.0,0.3139776663002635,0.0,0.05912140871091911,2.086356046468145
Aweil South,2015-10-19,val,0.0,0,0.6838235294117647,6.100102452160747,0.06544165054803353,0.0,0.4999737483054091,0.0,0.07685489873612317,0.07685489873612317
Aweil South,2015-10-26,val,0.0,0,0.6838235294117647,6.100102452160747,0.06544165054803353,0.0,0.1969244597740927,0.0,0.0,0.1718216101759417
Aweil South,2015-11-02,val,0.0,0,0.7734375,5.677182730163119,0.06544165054803353,0.0,0.33871760328332273,0.0,0.0,0.36965148891702015
Aweil South,2015-11-09,val,0.0,0,0.7734375,5.677182730163119,0.06544165054803353,0.0,0.20917795968120098,0.0,0.0,0.3752249903887292
Aweil South,2015-11-16,val,0.0,0,0.7734375,5.677182730163119,0.06544165054803353,0.0,0.18305729617638325,0.0,0.0,0.2888162625265459
Aweil South,2015-11-23,val,0.0,0,0.7734375,5.677182730163119,0.06544165054803353,0.0,0.1712563631895464,0.0,0.0,0.3014656465948434
Aweil South,2015-11-30,val,0.0,0,0.7734375,5.677182730163119,0.06544165054803353,0.0,0.04483657115499543,0.0,0.0,0.1403547781252739
Aweil South,2015-12-07,val,0.0,0,0.5289855072463768,0.07954157021848185,0.06544165054803353,0.0,0.031197060345432844,0.0,0.0,0.062223631913839644
Aweil South,2015-12-14,val,0.0530411311743553,1,0.5289855072463768,0.07954157021848185,0.06544165054803353,0.0,0.03125146917821142,0.0,0.0,0.04035407814524455
Aweil South,2015-12-21,val,0.5304136837611361,1,0.5289855072463768,0.07954157021848185,0.7527675276752768,0.0530411311743553,0.30468830944073905,0.0,0.015712523100700523,0.08835325830928886
Aweil South,2015-12-28,val,0.0,0,0.5289855072463768,0.07954157021848185,0.7527675276752768,0.5304136837611361,0.44252235883297597,0.0,0.13780958532466042,1.0067796962248718
Aweil South,2016-01-04,val,0.0,0,0.11029411764705882,0.0,0.06544165054803353,0.0,0.14907440685132767,0.0,0.0,0.0942747727301094
Aweil South,2016-01-11,val,0.0,0,0.11029411764705882,0.0,0.06544165054803353,0.0,0.06195362376831399,0.0,0.0,0.008864634758622932
Aweil South,2016-01-18,val,0.0,0,0.11029411764705882,0.0,0.06544165054803353,0.0,0.05780617835187581,0.0,0.0,0.011655043808407806
Aweil South,2016-01-25,val,0.0,0,0.11029411764705882,0.0,0.06544165054803353,0.0,0.06559684484207877,0.0,0.0,0.02700730424579345
Aweil South,2016-02-01,val,0.0,0,0.00819672131147541,0.0,0.06544165054803353,0.0,0.030440205667974073,0.0,0.0,0.0020085161418667424
Aweil South,2016-02-08,val,0.0,0,0.00819672131147541,0.0,0.06544165054803353,0.0,0.028926499686015995,0.0,0.0,0.0020085161418667424
Aweil South,2016-02-15,val,0.0,0,0.00819672131147541,0.0,0.06544165054803353,0.0,0.028926499686015995,0.0,0.0,0.0020085161418667424
Aweil South,2016-02-22,val,0.0,0,0.00819672131147541,0.0,0.06544165054803353,0.0,0.028926499686015995,0.0,0.0,0.0020085161418667424
Aweil South,2016-02-29,val,0.0,0,0.00819672131147541,0.0,0.06544165054803353,0.0,0.029328891699550063,0.0,0.0,0.0020085161418667424
Aweil South,2016-03-07,val,0.0,0,0.03731343283582089,0.0,0.06544165054803353,0.0,0.07059211132490666,0.0,0.0,0.054889080953885144
Aweil South,2016-03-14,val,0.0,0,0.03731343283582089,0.0,0.06544165054803353,0.0,0.03523265876689314,0.0,0.0,0.006941955529435199
Aweil South,2016-03-21,val,0.0,0,0.03731343283582089,0.0,0.06544165054803353,0.0,0.03523265876689314,0.0,0.0,0.0020085161418667424
Aweil South,2016-03-28,val,0.0,0,0.03731343283582089,0.0,0.06544165054803353,0.0,0.035562343758863565,0.0,0.0,0.0020085161418667424
Aweil South,2016-04-04,val,0.0,0,0.022727272727272728,0.0,0.06544165054803353,0.0,0.03447486657616169,0.0,0.0,0.0020085161418667424
Aweil South,2016-04-11,val,0.0,0,0.022727272727272728,0.0,0.06544165054803353,0.0,0.03229786287590542,0.0,0.0,0.0020085161418667424
Aweil South,2016-04-18,val,0.0,0,0.022727272727272728,0.0,0.06544165054803353,0.0,0.03229786287590542,0.0,0.0,0.0020085161418667424
Aweil South,2016-04-25,val,0.0,0,0.022727272727272728,0.0,0.06544165054803353,0.0,0.03676257321344801,0.0,0.0,0.0068925706938727065
Aweil South,2016-05-02,val,0.0,0,0.022388059701492536,0.0,0.06544165054803353,0.0,0.03203731492064829,0.0,0.0,0.0068925706938727065
Aweil South,2016-05-09,val,0.0,0,0.022388059701492536,0.0,0.06544165054803353,0.0,0.029647894545031465,0.0,0.0,0.0020085161418667424
Aweil South,2016-05-16,val,0.0,0,0.022388059701492536,0.0,0.06544165054803353,0.0,0.02928606224081811,0.0,0.0,0.0020085161418667424
Aweil South,2016-05-23,val,0.0,0,0.022388059701492536,0.0,0.06544165054803353,0.0,0.02928606224081811,0.0,0.0,0.0020085161418667424
Aweil South,2016-05-30,val,0.0,0,0.022388059701492536,0.0,0.06544165054803353,0.0,0.02928606224081811,0.0,0.0,0.0020085161418667424
Aweil South,2016-06-06,val,0.0,0,0.023076923076923078,0.0,0.06544165054803353,0.0,0.02928606224081811,0.0,0.0,0.0020085161418667424
Aweil South,2016-06-13,val,0.0,0,0.023076923076923078,0.0,0.06544165054803353,0.0,0.02928606224081811,0.0,0.0,0.0020085161418667424
Aweil South,2016-06-20,val,0.0,0,0.023076923076923078,0.0,0.06544165054803353,0.0,0.029361924842802582,0.0,0.0,0.0020085161418667424
Aweil South,2016-06-27,val,0.0,0,0.023076923076923078,0.0,0.06544165054803353,0.0,0.031082337801793255,0.0,0.0,0.002008517348908098
Aweil South,2016-07-04,val,0.0,0,0.03676470588235294,0.0,0.06544165054803353,0.0,0.0300243670501702,0.0,0.0,0.002008517348908098
Aweil South,2016-07-11,val,0.0,0,0.03676470588235294,0.0,0.06544165054803353,0.0,0.043742046796879604,0.0,0.0,0.0035334039031918313
Aweil South,2016-07-18,val,0.0,0,0.03676470588235294,0.0,0.06544165054803353,0.0,0.03133349067857811,0.0,0.0,0.0037175464508337076
Aweil South,2016-07-25,val,0.0,0,0.03676470588235294,0.0,0.06544165054803353,0.0,0.033000694044252266,0.0,0.0,0.003976740927104641
Aweil South,2016-08-01,val,0.0,0,0.17424242424242425,0.0,0.06544165054803353,0.0,0.03558437626455197,0.0,0.0,0.06336764772897467
Aweil South,2016-08-08,val,0.0,0,0.17424242424242425,0.0,0.06544165054803353,0.0,0.04600376243828411,0.0,0.0,0.0365299270013707
Aweil South,2016-08-15,val,0.0,0,0.17424242424242425,0.0,0.06544165054803353,0.0,0.2583462160219596,0.0,0.0015901327505707741,0.43925171814560066
Aweil South,2016-08-22,val,0.6894188834217065,1,0.17424242424242425,0.0,0.06544165054803353,0.0,0.14817946513422692,0.0,0.0,0.666697889647846
Aweil South,2016-08-29,val,0.0,0,0.17424242424242425,0.0,0.7527675276752768,0.6894188834217065,0.5458788253319774,0.0,0.21590144457463495,2.55018836557223
Aweil South,2016-09-05,val,0.2123258591354396,1,0.4621212121212121,0.0,0.06544165054803353,0.0,0.2672482440618262,0.0,0.05912140871091911,2.7136251148277144
Aweil South,2016-09-12,val,0.3713234479495713,1,0.4621212121212121,0.0,0.7527675276752768,0.2123258591354396,0.5470018770378539,0.0,0.19786209332338534,3.1115931382517097
Aweil South,2016-09-19,val,3.393431444751118,1,0.4621212121212121,0.0,0.7527675276752768,0.3713234479495713,0.7806889321678488,0.0,0.3549225073887251,7.166963325552537
Aweil South,2016-09-26,val,4.613023079196672,1,0.4621212121212121,0.0,0.7527675276752768,3.393431444751118,0.871640371535524,0.04963844111232155,3.3313255010443057,29.880026975363073
Aweil South,2016-10-03,val,3.605455206522258,1,0.6838235294117647,6.100102452160747,0.7527675276752768,4.613023079196672,0.8943690579486321,0.04963844111232155,2.84305794619234,19.44327199139304
Aweil South,2016-10-10,val,2.5450702565870893,1,0.6838235294117647,6.100102452160747,0.7527675276752768,3.605455206522258,0.8937608399969919,0.04963844111232155,2.84430723142347,29.44211383189522
Aweil South,2016-10-17,val,3.499510459211551,1,0.6838235294117647,6.100102452160747,0.7527675276752768,2.5450702565870893,0.8641888391051809,0.04963844111232155,1.9979656017475065,13.816867731790428
Aweil South,2016-10-24,val,4.454035953517116,1,0.6838235294117647,6.100102452160747,0.7527675276752768,3.499510459211551,0.8995894826856798,0.04963844111232155,1.8033718361474915,11.962378248603155
Aweil South,2016-10-31,val,1.6966423625865767,1,0.6838235294117647,6.100102452160747,0.7527675276752768,4.454035953517116,0.893636434307388,0.04963844111232155,1.8338404611235788,12.147914795395177
Aweil South,2016-11-07,val,0.0,0,0.7734375,5.677182730163119,0.7527675276752768,1.6966423625865767,0.8034892740506704,0.0019077954898751414,0.23547616898374224,6.112976276648148
Aweil South,2016-11-14,val,0.0,0,0.7734375,5.677182730163119,0.06544165054803353,0.0,0.6568314020554404,0.0,0.1832979184897683,3.4854783083968375
Aweil South,2016-11-21,val,0.0,0,0.7734375,5.677182730163119,0.06544165054803353,0.0,0.32232885574958875,0.0,0.03708755414792209,0.16354095468580276
Aweil South,2016-11-28,val,0.0,0,0.7734375,5.677182730163119,0.06544165054803353,0.0,0.06908320441708514,0.0,0.0,0.19635862783429736
Aweil South,2016-12-05,val,0.0,0,0.5289855072463768,0.07954157021848185,0.06544165054803353,0.0,0.03201452629301108,0.0,0.0,0.062223631913839644
Aweil South,2016-12-12,val,0.0,0,0.5289855072463768,0.07954157021848185,0.06544165054803353,0.0,0.03125146917821142,0.0,0.0,0.039115789754894416
Aweil South,2016-12-19,val,0.0,0,0.5289855072463768,0.07954157021848185,0.06544165054803353,0.0,0.08071750156899873,0.0,0.0,0.04984346627840379
Aweil South,2016-12-26,val,0.0,0,0.5289855072463768,0.07954157021848185,0.06544165054803353,0.0,0.06072485296031059,0.0,0.0,0.017115943115997477
Aweil South,2017-01-02,val,0.0,0,0.11029411764705882,0.0,0.06544165054803353,0.0,0.052645853038419996,0.0,0.0,0.01484283655436434
Aweil South,2017-01-09,val,0.0,0,0.11029411764705882,0.0,0.06544165054803353,0.0,0.03428503158772458,0.0,0.0,0.009826552232693237
Aweil South,2017-01-16,val,0.0,0,0.11029411764705882,0.0,0.06544165054803353,0.0,0.06267774867369437,0.0,0.0,0.013283950424096459
Aweil South,2017-01-23,val,0.0,0,0.11029411764705882,0.0,0.06544165054803353,0.0,0.04914181072315876,0.0,0.0,0.015971677960998677
Aweil South,2017-01-30,val,0.0,0,0.11029411764705882,0.0,0.06544165054803353,0.0,0.030440205667974073,0.0,0.0,0.00768667473080352
Aweil South,2017-02-06,val,0.0,0,0.00819672131147541,0.0,0.06544165054803353,0.0,0.028926499686015995,0.0,0.0,0.0020085161418667424
Aweil South,2017-02-13,val,0.0,0,0.00819672131147541,0.0,0.06544165054803353,0.0,0.028926499686015995,0.0,0.0,0.0020085161418667424
Aweil South,2017-02-20,val,0.0,0,0.00819672131147541,0.0,0.06544165054803353,0.0,0.028926499686015995,0.0,0.0,0.0020085161418667424
Aweil South,2017-02-27,val,0.0,0,0.00819672131147541,0.0,0.06544165054803353,0.0,0.029328891699550063,0.0,0.0,0.0020085161418667424
Aweil South,2017-03-06,val,0.0,0,0.03731343283582089,0.0,0.06544165054803353,0.0,0.032904030284712255,0.0,0.0,0.008671063725629924
Aweil South,2017-03-13,val,0.0,0,0.03731343283582089,0.0,0.06544165054803353,0.0,0.042102914611372326,0.0,0.0,0.006941955529435199
Aweil South,2017-03-20,val,0.0,0,0.03731343283582089,0.0,0.06544165054803353,0.0,0.03523265876689314,0.0,0.0,0.0020085161418667424
Aweil South,2017-03-27,val,0.0,0,0.03731343283582089,0.0,0.06544165054803353,0.0,0.03633493835580063,0.0,0.0,0.0020085161418667424
Aweil South,2017-04-03,val,0.0,0,0.022727272727272728,0.0,0.06544165054803353,0.0,0.03330200987826859,0.0,0.0,0.0020085161418667424
Aweil South,2017-04-10,val,0.0,0,0.022727272727272728,0.0,0.06544165054803353,0.0,0.03343657794023514,0.0,0.0,0.0020085161418667424
Aweil South,2017-04-17,val,0.0,0,0.022727272727272728,0.0,0.06544165054803353,0.0,0.03229786287590542,0.0,0.0,0.0020085161418667424
Aweil South,2017-04-24,val,0.0,0,0.022727272727272728,0.0,0.06544165054803353,0.0,0.032606210219544275,0.0,0.0,0.0068925706938727065
Aweil South,2017-05-01,val,0.0,0,0.022388059701492536,0.0,0.06544165054803353,0.0,0.0320908010924736,0.0,0.0,0.007885904117407696
Aweil South,2017-05-08,val,0.0,0,0.022388059701492536,0.0,0.06544165054803353,0.0,0.029647894545031465,0.0,0.0,0.0020085161418667424
Aweil South,2017-05-15,val,0.0,0,0.022388059701492536,0.0,0.06544165054803353,0.0,0.02928606224081811,0.0,0.0,0.0020085161418667424
Aweil South,2017-05-22,val,0.0,0,0.022388059701492536,0.0,0.06544165054803353,0.0,0.02928606224081811,0.0,0.0,0.0020085161418667424
Aweil South,2017-05-29,val,0.0,0,0.022388059701492536,0.0,0.06544165054803353,0.0,0.02928606224081811,0.0,0.0,0.0020085161418667424
Aweil South,2017-06-05,val,0.0,0,0.023076923076923078,0.0,0.06544165054803353,0.0,0.02928606224081811,0.0,0.0,0.0020085161418667424
Aweil South,2017-06-12,val,0.0,0,0.023076923076923078,0.0,0.06544165054803353,0.0,0.02928606224081811,0.0,0.0,0.0020085161418667424
Aweil South,2017-06-19,val,0.0,0,0.023076923076923078,0.0,0.06544165054803353,0.0,0.029361924842802582,0.0,0.0,0.0020085161418667424
Aweil South,2017-06-26,val,0.0,0,0.023076923076923078,0.0,0.06544165054803353,0.0,0.03501965994408018,0.0,0.0,0.00415419186521141
Aweil South,2017-07-03,val,0.0,0,0.03676470588235294,0.0,0.06544165054803353,0.0,0.0300243670501702,0.0,0.0,0.002008517348908098
Aweil South,2017-07-10,val,0.0,0,0.03676470588235294,0.0,0.06544165054803353,0.0,0.053114841982578785,0.0,0.0,0.00980330257764059
Aweil South,2017-07-17,val,0.0,0,0.03676470588235294,0.0,0.06544165054803353,0.0,0.030402286735974483,0.0,0.0,0.003533395569850473
Aweil South,2017-07-24,val,0.0,0,0.03676470588235294,0.0,0.06544165054803353,0.0,0.03367607128186338,0.0,0.0,0.0046043776429440806
Aweil South,2017-07-31,val,0.0,0,0.03676470588235294,0.0,0.06544165054803353,0.0,0.03254304914828509,0.0,0.0,0.006658174031035272
Aweil South,2017-08-07,val,0.0,0,0.17424242424242425,0.0,0.06544165054803353,0.0,0.04579410592954058,0.0,0.0,0.03429133128437264
Aweil South,2017-08-14,val,0.0,0,0.17424242424242425,0.0,0.06544165054803353,0.0,0.2483472107987816,0.0,0.0015901327505707741,0.29600196584992583
Aweil South,2017-08-21,val,0.0,0,0.17424242424242425,0.0,0.06544165054803353,0.0,0.19953226450065306,0.0,0.0,0.8106508160081972
Aweil South,2017-08-28,val,0.0,0,0.17424242424242425,0.0,0.06544165054803353,0.0,0.11105081853959599,0.0,0.0,0.06957745677751911
Aweil South,2017-09-04,val,0.0,0,0.4621212121212121,0.0,0.06544165054803353,0.0,0.12656919092402538,0.0,0.0,0.22454132136754146
Aweil South,2017-09-11,val,0.0,0,0.4621212121212121,0.0,0.06544165054803353,0.0,0.2396837164022573,0.0,0.0,0.4381349776329947
Aweil South,2017-09-18,val,0.0,0,0.4621212121212121,0.0,0.06544165054803353,0.0,0.47768729587043196,0.0,0.0,2.2957624315997456
Aweil South,2017-09-25,val,0.0,0,0.4621212121212121,0.0,0.06544165054803353,0.0,0.2665941657194771,0.0,0.0,1.169011644568574
Aweil South,2017-10-02,val,0.0,0,0.6838235294117647,6.100102452160747,0.06544165054803353,0.0,0.45796764780874794,0.0,0.0015901327505707741,4.553005037126647
Aweil South,2017-10-09,val,0.0,0,0.6838235294117647,6.100102452160747,0.06544165054803353,0.0,0.2888639592988757,0.0,0.0015901327505707741,1.8779591770898711
Aweil South,2017-10-16,val,1.5924532525623027,1,0.6838235294117647,6.100102452160747,0.06544165054803353,0.0,0.21926548732358042,0.0,0.0,0.0
Aweil South,2017-10-23,val,2.4415881335417766,1,0.6838235294117647,6.100102452160747,0.7527675276752768,1.5924532525623027,0.690666178132153,0.0,0.21916065044076077,3.965759634153695
Aweil South,2017-10-30,val,7.375855203257668,1,0.6838235294117647,6.100102452160747,0.7527675276752768,2.4415881335417766,0.8025585217240834,0.0019077954898751414,0.6285299632985286,5.962647498962501
Aweil South,2017-11-06,val,18.252635448326156,1,0.7734375,5.677182730163119,0.7527675276752768,7.375855203257668,0.8988409130770485,0.04963844111232155,2.1323487879303653,7.926559795976466
Aweil South,2017-11-13,val,7.905702452680773,1,0.7734375,5.677182730163119,0.7527675276752768,18.252635448326156,0.9101087564914465,0.04963844111232155,7.544647602110975,19.2214094896908
Aweil South,2017-11-20,val,6.154318985036458,1,0.7734375,5.677182730163119,0.7527675276752768,7.905702452680773,0.9101087564914465,0.04963844111232155,2.429386117041816,7.672293398537506
Aweil South,2017-11-27,val,3.8723271986713295,1,0.7734375,5.677182730163119,0.7527675276752768,6.154318985036458,0.8752353184795082,0.04963844111232155,1.5907346447994912,4.083377164933228
Aweil South,2017-12-04,val,5.091124845616718,1,0.5289855072463768,0.07954157021848185,0.7527675276752768,3.8723271986713295,0.8198908506295536,0.0019077954898751414,0.6397893972045862,1.9291353962990163
Aweil South,2017-12-11,val,0.106055726598427,1,0.5289855072463768,0.07954157021848185,0.7527675276752768,5.091124845616718,0.820762991159654,0.04963844111232155,1.025435559806642,2.3821677530684213
Aweil South,2017-12-18,val,0.848438017125539,1,0.5289855072463768,0.07954157021848185,0.7527675276752768,0.106055726598427,0.5918026910994653,0.0,0.051599003212668526,2.147233968592533
Aweil South,2017-12-25,val,0.0,0,0.5289855072463768,0.07954157021848185,0.7527675276752768,0.848438017125539,0.5990457999649831,0.0,0.08099717450806815,1.0949057603404053
Aweil South,2018-01-01,val,0.0,0,0.11029411764705882,0.0,0.06544165054803353,0.0,0.17815210615512198,0.0,0.0,0.09641976982192028
Aweil South,2018-01-08,val,0.0,0,0.11029411764705882,0.0,0.06544165054803353,0.0,0.059985025124745676,0.0,0.0,0.017219404555091734
Aweil South,2018-01-15,val,0.0,0,0.11029411764705882,0.0,0.06544165054803353,0.0,0.04743529050045794,0.0,0.0,0.010720443634368464
Aweil South,2018-01-22,val,0.0,0,0.11029411764705882,0.0,0.06544165054803353,0.0,0.05141748494895776,0.0,0.0,0.015017696658015011
Aweil South,2018-01-29,val,0.0,0,0.11029411764705882,0.0,0.06544165054803353,0.0,0.03522475793994557,0.0,0.0,0.00968759891617874
Aweil South,2018-02-05,val,0.0,0,0.00819672131147541,0.0,0.06544165054803353,0.0,0.028926499686015995,0.0,0.0,0.0020085161418667424
Aweil South,2018-02-12,val,0.0,0,0.00819672131147541,0.0,0.06544165054803353,0.0,0.029192429843008766,0.0,0.0,0.0020085161418667424
Aweil South,2018-02-19,val,0.0,0,0.00819672131147541,0.0,0.06544165054803353,0.0,0.029192429843008766,0.0,0.0,0.0020085161418667424
Aweil South,2018-02-26,val,0.0,0,0.00819672131147541,0.0,0.06544165054803353,0.0,0.02959840841397926,0.0,0.0,0.0020085161418667424
Aweil South,2018-03-05,val,0.0,0,0.03731343283582089,0.0,0.06544165054803353,0.0,0.032413986086647716,0.0,0.0,0.0022665512321418287
Aweil South,2018-03-12,val,0.0,0,0.03731343283582089,0.0,0.06544165054803353,0.0,0.045110967402563214,0.0,0.0,0.007499103038347238
Aweil South,2018-03-19,val,0.0,0,0.03731343283582089,0.0,0.06544165054803353,0.0,0.03523265876689314,0.0,0.0,0.0037055895288956977
Aweil South,2018-03-26,val,0.0,0,0.03731343283582089,0.0,0.06544165054803353,0.0,0.03749147725421996,0.0,0.0,0.0020085161418667424
Aweil South,2018-04-02,val,0.0,0,0.022727272727272728,0.0,0.06544165054803353,0.0,0.034881280635048494,0.0,0.0,0.0020085161418667424
Aweil South,2018-04-09,val,0.0,0,0.022727272727272728,0.0,0.06544165054803353,0.0,0.03610767985338828,0.0,0.0,0.0027898594466478502
Aweil South,2018-04-16,val,0.0,0,0.022727272727272728,0.0,0.06544165054803353,0.0,0.03229786287590542,0.0,0.0,0.0020085161418667424
Aweil South,2018-04-23,val,0.0,0,0.022727272727272728,0.0,0.06544165054803353,0.0,0.032606210219544275,0.0,0.0,0.0068925706938727065
Aweil South,2018-04-30,val,0.0,0,0.022727272727272728,0.0,0.06544165054803353,0.0,0.0320908010924736,0.0,0.0,0.0068925706938727065
Aweil South,2018-05-07,val,0.0,0,0.022388059701492536,0.0,0.06544165054803353,0.0,0.0387388194774489,0.0,0.0,0.026115779828085748
Aweil South,2018-05-14,val,0.0,0,0.022388059701492536,0.0,0.06544165054803353,0.0,0.02928606224081811,0.0,0.0,0.0025973693736480565
Aweil South,2018-05-21,val,0.0,0,0.022388059701492536,0.0,0.06544165054803353,0.0,0.02928606224081811,0.0,0.0,0.0020085161418667424
Aweil South,2018-05-28,val,0.0,0,0.022388059701492536,0.0,0.06544165054803353,0.0,0.02928606224081811,0.0,0.0,0.0020085161418667424
Aweil South,2018-06-04,val,0.0,0,0.023076923076923078,0.0,0.06544165054803353,0.0,0.02928606224081811,0.0,0.0,0.0020085161418667424
Aweil South,2018-06-11,val,0.0,0,0.023076923076923078,0.0,0.06544165054803353,0.0,0.02928606224081811,0.0,0.0,0.0020085161418667424
Aweil South,2018-06-18,val,0.0,0,0.023076923076923078,0.0,0.06544165054803353,0.0,0.029361924842802582,0.0,0.0,0.0020085161418667424
Aweil South,2018-06-25,val,0.0,0,0.023076923076923078,0.0,0.06544165054803353,0.0,0.03501965994408018,0.0,0.0,0.004111931386820387
Aweil South,2018-07-02,val,0.0,0,0.03676470588235294,0.0,0.06544165054803353,0.0,0.031082337801793255,0.0,0.0,0.0020087178166660336
Aweil South,2018-07-09,val,0.0,0,0.03676470588235294,0.0,0.06544165054803353,0.0,0.030939193805413986,0.0,0.0,0.0020087178166660336
Aweil South,2018-07-16,val,0.0,0,0.03676470588235294,0.0,0.06544165054803353,0.0,0.030402286735974483,0.0,0.0,0.003533396664447747
Aweil South,2018-07-23,val,0.0,0,0.03676470588235294,0.0,0.06544165054803353,0.0,0.03992944421027998,0.0,0.0,0.018351724367933447
Aweil South,2018-07-30,val,0.0,0,0.03676470588235294,0.0,0.06544165054803353,0.0,0.03368073156693833,0.0,0.0,0.006658507426236524
Aweil South,2018-08-06,val,0.0,0,0.17424242424242425,0.0,0.06544165054803353,0.0,0.04579410592954058,0.0,0.0,0.04495539542126042
Aweil South,2018-08-13,val,0.0,0,0.17424242424242425,0.0,0.06544165054803353,0.0,0.0906721376780961,0.0,0.0,0.2846219051751555
Aweil South,2018-08-20,val,0.0,0,0.17424242424242425,0.0,0.06544165054803353,0.0,0.2699072137485729,0.0,0.0,1.1814125661408768
Aweil South,2018-08-27,val,0.0,0,0.17424242424242425,0.0,0.06544165054803353,0.0,0.11280349526994651,0.0,0.0,0.0
Aweil South,2018-09-03,val,0.0,0,0.4621212121212121,0.0,0.06544165054803353,0.0,0.14799919199927383,0.0,0.0,0.12480262220209122
Aweil South,2018-09-10,val,0.0,0,0.4621212121212121,0.0,0.06544165054803353,0.0,0.2531881118526765,0.0,0.0,0.3616295052271125
Aweil South,2018-09-17,val,0.0,0,0.4621212121212121,0.0,0.06544165054803353,0.0,0.5203313425237679,0.0,0.0,2.3921625119203265
Aweil South,2018-09-24,val,0.1060467194177023,1,0.4621212121212121,0.0,0.06544165054803353,0.0,0.2841965660431088,0.0,0.0,1.198565066864515
Aweil South,2018-10-01,val,4.029506072634387,1,0.6838235294117647,6.100102452160747,0.7527675276752768,0.1060467194177023,0.6972308055467833,0.0,0.28296633897674495,6.183352106899276
Aweil South,2018-10-08,val,4.824786109430202,1,0.6838235294117647,6.100102452160747,0.7527675276752768,4.029506072634387,0.874031017675727,0.04963844111232155,2.4885887726271503,22.897511584105033
Aweil South,2018-10-15,val,6.680476136737807,1,0.6838235294117647,6.100102452160747,0.7527675276752768,4.824786109430202,0.8175552412412588,0.04963844111232155,1.9351694492801501,9.975203171460121
Aweil South,2018-10-22,val,5.567122633364312,1,0.6838235294117647,6.100102452160747,0.7527675276752768,6.680476136737807,0.8881944772531725,0.04963844111232155,5.106380243161671,17.365816592271536
Aweil South,2018-10-29,val,1.1134148056083133,1,0.6838235294117647,6.100102452160747,0.7527675276752768,5.567122633364312,0.8935077569704261,0.04963844111232155,2.746943887792678,12.14259679118467
Aweil South,2018-11-05,val,0.1060397926025017,1,0.7734375,5.677182730163119,0.7527675276752768,1.1134148056083133,0.561014230293512,0.0,0.31752567160430595,6.250674173603885
Aweil South,2018-11-12,val,0.0,0,0.7734375,5.677182730163119,0.7527675276752768,0.1060397926025017,0.5654012822317679,0.0,0.05746859195302543,2.249213400756343
Aweil South,2018-11-19,val,0.0,0,0.7734375,5.677182730163119,0.06544165054803353,0.0,0.3801822693989338,0.0,0.050402732960600986,0.4858794074135117
Aweil South,2018-11-26,val,0.0,0,0.7734375,5.677182730163119,0.06544165054803353,0.0,0.22457660199724178,0.0,0.004736635893891693,0.30852156431959854
Aweil South,2018-12-03,val,0.0,0,0.5289855072463768,0.07954157021848185,0.06544165054803353,0.0,0.0394570840241752,0.0,0.0,0.10654073311152132
Aweil South,2018-12-10,val,0.0,0,0.5289855072463768,0.07954157021848185,0.06544165054803353,0.0,0.031197060345432844,0.0,0.0,0.03129705747501283
Aweil South,2018-12-17,val,0.0,0,0.5289855072463768,0.07954157021848185,0.06544165054803353,0.0,0.049674349811548765,0.0,0.0,0.05481932782367955
Aweil South,2018-12-24,val,0.0,0,0.5289855072463768,0.07954157021848185,0.06544165054803353,0.0,0.11143228654660037,0.0,0.0,0.029444279065557077
Aweil South,2018-12-31,val,0.0,0,0.5289855072463768,0.07954157021848185,0.06544165054803353,0.0,0.058470168568858734,0.0,0.0,0.014269191431089106
Aweil South,2019-01-07,val,0.0,0,0.11029411764705882,0.0,0.06544165054803353,0.0,0.053171366720181655,0.0,0.0,0.014366781181329164
Aweil South,2019-01-14,val,0.0,0,0.11029411764705882,0.0,0.06544165054803353,0.0,0.05611457516848302,0.0,0.0,0.012445607330337026
Aweil South,2019-01-21,val,0.0,0,0.11029411764705882,0.0,0.06544165054803353,0.0,0.05141748494895776,0.0,0.0,0.015017696658015011
Aweil South,2019-01-28,val,0.0,0,0.11029411764705882,0.0,0.06544165054803353,0.0,0.03538463857120762,0.0,0.0,0.010293940141769967
Aweil South,2019-02-04,val,0.0,0,0.00819672131147541,0.0,0.06544165054803353,0.0,0.030440205667974073,0.0,0.0,0.0020085161418667424
Aweil South,2019-02-11,val,0.0,0,0.00819672131147541,0.0,0.06544165054803353,0.0,0.028926499686015995,0.0,0.0,0.0020085161418667424
Aweil South,2019-02-18,val,0.0,0,0.00819672131147541,0.0,0.06544165054803353,0.0,0.028926499686015995,0.0,0.0,0.0020085161418667424
Aweil South,2019-02-25,val,0.0,0,0.00819672131147541,0.0,0.06544165054803353,0.0,0.028926499686015995,0.0,0.0,0.0020085161418667424
Aweil South,2019-03-04,val,0.0,0,0.03731343283582089,0.0,0.06544165054803353,0.0,0.031041512866918464,0.0,0.0,0.0020085161418667424
Aweil South,2019-03-11,val,0.0,0,0.03731343283582089,0.0,0.06544165054803353,0.0,0.09776412001021295,0.0,0.0,0.0662238164046584
Aweil South,2019-03-18,val,0.0,0,0.03731343283582089,0.0,0.06544165054803353,0.0,0.03523265876689314,0.0,0.0,0.003656204693333204
Aweil South,2019-03-25,val,0.0,0,0.03731343283582089,0.0,0.06544165054803353,0.0,0.03523265876689314,0.0,0.0,0.0020085161418667424
Aweil South,2019-04-01,val,0.0,0,0.022727272727272728,0.0,0.06544165054803353,0.0,0.034881280635048494,0.0,0.0,0.0036849632398018254
Aweil South,2019-04-08,val,0.0,0,0.022727272727272728,0.0,0.06544165054803353,0.0,0.03447486657616169,0.0,0.0,0.0027898594466478502
Aweil South,2019-04-15,val,0.0,0,0.022727272727272728,0.0,0.06544165054803353,0.0,0.03229786287590542,0.0,0.0,0.0020085161418667424
Aweil South,2019-04-22,val,0.0,0,0.022727272727272728,0.0,0.06544165054803353,0.0,0.032606210219544275,0.0,0.0,0.005008175132686515
Aweil South,2019-04-29,val,0.0,0,0.022727272727272728,0.0,0.06544165054803353,0.0,0.0320908010924736,0.0,0.0,0.0068925706938727065
Aweil South,2019-05-06,val,0.0,0,0.022388059701492536,0.0,0.06544165054803353,0.0,0.042214368999730946,0.0,0.0,0.042035457412227945
Aweil South,2019-05-13,val,0.0,0,0.022388059701492536,0.0,0.06544165054803353,0.0,0.02928606224081811,0.0,0.0,0.0025973693736480565
Aweil South,2019-05-20,val,0.0,0,0.022388059701492536,0.0,0.06544165054803353,0.0,0.02928606224081811,0.0,0.0,0.0020085161418667424
Aweil South,2019-05-27,val,0.0,0,0.022388059701492536,0.0,0.06544165054803353,0.0,0.02928606224081811,0.0,0.0,0.0020085161418667424
Aweil South,2019-06-03,val,0.0,0,0.023076923076923078,0.0,0.06544165054803353,0.0,0.02928606224081811,0.0,0.0,0.0020085161418667424
Aweil South,2019-06-10,val,0.0,0,0.023076923076923078,0.0,0.06544165054803353,0.0,0.02928606224081811,0.0,0.0,0.0020085161418667424
Aweil South,2019-06-17,val,0.0,0,0.023076923076923078,0.0,0.06544165054803353,0.0,0.029361924842802582,0.0,0.0,0.0020085161418667424
Aweil South,2019-06-24,val,0.0,0,0.023076923076923078,0.0,0.06544165054803353,0.0,0.034661950097936454,0.0,0.0,0.010009516544242508
Aweil South,2019-07-01,val,0.0,0,0.03676470588235294,0.0,0.06544165054803353,0.0,0.031082337801793255,0.0,0.0,0.002008517348908098
Aweil South,2019-07-08,val,0.0,0,0.03676470588235294,0.0,0.06544165054803353,0.0,0.0300243670501702,0.0,0.0,0.002008517348908098
Aweil South,2019-07-15,val,0.0,0,0.03676470588235294,0.0,0.06544165054803353,0.0,0.030065482345609594,0.0,0.0,0.003533406630798941
Aweil South,2019-07-22,val,0.0,0,0.03676470588235294,0.0,0.06544165054803353,0.0,0.05802538604593472,0.0,0.0,0.03898745078463533
Aweil South,2019-07-29,val,0.0,0,0.03676470588235294,0.0,0.06544165054803353,0.0,0.03479699468803821,0.0,0.0,0.00709325614892508
Aweil South,2019-08-05,val,0.0,0,0.17424242424242425,0.0,0.06544165054803353,0.0,0.07013635324374928,0.0,0.0,0.08524842152512459
Aweil South,2019-08-12,val,0.0,0,0.17424242424242425,0.0,0.06544165054803353,0.0,0.08470155212635803,0.0,0.0,0.39747207873636164
Aweil South,2019-08-19,val,0.0,0,0.17424242424242425,0.0,0.06544165054803353,0.0,0.2559883698689792,0.0,0.0,0.7917385149526237
Aweil South,2019-08-26,val,0.0,0,0.17424242424242425,0.0,0.06544165054803353,0.0,0.13768396729599902,0.0,0.0,0.4985941565746152
Aweil South,2019-09-02,val,0.0530198963012508,1,0.4621212121212121,0.0,0.06544165054803353,0.0,0.14295717812098532,0.0,0.0,0.1306924989380523
Aweil South,2019-09-09,val,0.1591570532083516,1,0.4621212121212121,0.0,0.7527675276752768,0.0530198963012508,0.6094729763358486,0.0,0.19496688549531493,1.0393273287775142
Aweil South,2019-09-16,val,0.0,0,0.4621212121212121,0.0,0.7527675276752768,0.1591570532083516,0.7104774168426893,0.0,0.33146392642603856,6.276411395948963
Aweil South,2019-09-23,val,0.0,0,0.4621212121212121,0.0,0.06544165054803353,0.0,0.34819082657280237,0.0,0.0,1.7586808745923688
Aweil South,2019-09-30,val,0.0,0,0.4621212121212121,0.0,0.06544165054803353,0.0,0.591096858561871,0.0,0.09142230373789265,3.603724207851695
Aweil South,2019-10-07,val,2.6511462343578467,1,0.6838235294117647,6.100102452160747,0.06544165054803353,0.0,0.29333460439812503,0.0,0.0015901327505707741,0.9361921080238609
Aweil South,2019-10-14,val,1.855680983393052,1,0.6838235294117647,6.100102452160747,0.7527675276752768,2.6511462343578467,0.8157996475168648,0.0,1.6706635540001178,14.208482819008834
Aweil South,2019-10-21,val,2.1738115214456504,1,0.6838235294117647,6.100102452160747,0.7527675276752768,1.855680983393052,0.762717985214563,0.0,0.2908860216276652,6.17306075606471
Aweil South,2019-10-28,val,0.7422788492577859,1,0.6838235294117647,6.100102452160747,0.7527675276752768,2.1738115214456504,0.7976604607741913,0.0,0.42528066442093404,5.072284162065741
Aweil South,2019-11-04,val,1.1136122412732496,1,0.7734375,5.677182730163119,0.7527675276752768,0.7422788492577859,0.5740054545272276,0.0,0.24129058118027175,3.2819764934806703
Aweil South,2019-11-11,val,0.3713658694769927,1,0.7734375,5.677182730163119,0.7527675276752768,1.1136122412732496,0.6079893133019879,0.0,0.21879244495097921,2.8641967449551875
Aweil South,2019-11-18,val,0.2122085223127257,1,0.7734375,5.677182730163119,0.7527675276752768,0.3713658694769927,0.5378776133412021,0.0,0.08478072407523163,1.2729206273818126
Aweil South,2019-11-25,val,0.7960457761323463,1,0.7734375,5.677182730163119,0.7527675276752768,0.2122085223127257,0.4415436074624932,0.0,0.05136278798121813,0.6406208608666069
Aweil South,2019-12-02,val,3.502871931479937,1,0.5289855072463768,0.07954157021848185,0.7527675276752768,0.7960457761323463,0.5279035988950561,0.0,0.18932823627532192,1.754195496308983
Aweil South,2019-12-09,val,1.6982294491756529,1,0.5289855072463768,0.07954157021848185,0.7527675276752768,3.502871931479937,0.8582064183016914,0.04963844111232155,1.202975454614726,3.536065428846282
Aweil South,2019-12-16,val,2.440958979114728,1,0.5289855072463768,0.07954157021848185,0.7527675276752768,1.6982294491756529,0.8023087703668454,0.0019077954898751414,0.18805160039298002,2.0956040837347882
Aweil South,2019-12-23,val,1.1142399298231176,1,0.5289855072463768,0.07954157021848185,0.7527675276752768,2.440958979114728,0.8551937627572277,0.0019077954898751414,0.525681170119487,1.6628748584391568
Aweil South,2019-12-30,val,0.0,0,0.5289855072463768,0.07954157021848185,0.7527675276752768,1.1142399298231176,0.6162069397908561,0.0,0.12522248034172512,1.606213672108798
Aweil West,2015-01-19,val,0.0,0,0.03676470588235294,0.0,0.06544165054803353,0.0,0.07237372273421838,0.0,0.0,0.02028050922603039
Aweil West,2015-01-26,val,0.0,0,0.03676470588235294,0.0,0.06544165054803353,0.0,0.05531882643894367,0.0,0.0,0.01726525848774271
Aweil West,2015-02-02,val,0.0,0,0.00819672131147541,0.0,0.06544165054803353,0.0,0.030719611559754886,0.0,0.0,0.0020085161418667424
Aweil West,2015-02-09,val,0.0,0,0.00819672131147541,0.0,0.06544165054803353,0.0,0.029192429843008766,0.0,0.0,0.0020085161418667424
Aweil West,2015-02-16,val,0.0,0,0.00819672131147541,0.0,0.06544165054803353,0.0,0.029192429843008766,0.0,0.0,0.0020085161418667424
Aweil West,2015-02-23,val,0.0,0,0.00819672131147541,0.0,0.06544165054803353,0.0,0.029192429843008766,0.0,0.0,0.0020085161418667424
Aweil West,2015-03-02,val,0.0,0,0.05223880597014925,0.0,0.06544165054803353,0.0,0.031159634444246076,0.0,0.0,0.0020085161418667424
Aweil West,2015-03-09,val,0.0,0,0.05223880597014925,0.0,0.06544165054803353,0.0,0.07275672847299453,0.0,0.0,0.054889080953885144
Aweil West,2015-03-16,val,0.0,0,0.05223880597014925,0.0,0.06544165054803353,0.0,0.03547149126789166,0.0,0.0,0.006941955529435199
Aweil West,2015-03-23,val,0.0,0,0.05223880597014925,0.0,0.06544165054803353,0.0,0.03547149126789166,0.0,0.0,0.0020085161418667424
Aweil West,2015-03-30,val,0.0,0,0.05223880597014925,0.0,0.06544165054803353,0.0,0.03580332816678673,0.0,0.0,0.003411398782830839
Aweil West,2015-04-06,val,0.0,0,0.022727272727272728,0.0,0.06544165054803353,0.0,0.03363505015730515,0.0,0.0,0.0020085161418667424
Aweil West,2015-04-13,val,0.0,0,0.022727272727272728,0.0,0.06544165054803353,0.0,0.03150934813463882,0.0,0.0,0.0020085161418667424
Aweil West,2015-04-20,val,0.0,0,0.022727272727272728,0.0,0.06544165054803353,0.0,0.03150934813463882,0.0,0.0,0.002389291907698297
Aweil West,2015-04-27,val,0.0,0,0.022727272727272728,0.0,0.06544165054803353,0.0,0.03478044039932346,0.0,0.0,0.0068925706938727065
Aweil West,2015-05-04,val,0.0,0,0.022388059701492536,0.0,0.06544165054803353,0.0,0.03914970755159339,0.0,0.0,0.04250462900003548
Aweil West,2015-05-11,val,0.0,0,0.022388059701492536,0.0,0.06544165054803353,0.0,0.030995255747339603,0.0,0.0,0.0023076285605036877
Aweil West,2015-05-18,val,0.0,0,0.022388059701492536,0.0,0.06544165054803353,0.0,0.028762380273874393,0.0,0.0,0.0020085161418667424
Aweil West,2015-05-25,val,0.0,0,0.022388059701492536,0.0,0.06544165054803353,0.0,0.028762380273874393,0.0,0.0,0.0020085161418667424
Aweil West,2015-06-01,val,0.0,0,0.05384615384615385,0.0,0.06544165054803353,0.0,0.028762380273874393,0.0,0.0,0.0020085161418667424
Aweil West,2015-06-08,val,0.0,0,0.05384615384615385,0.0,0.06544165054803353,0.0,0.028762380273874393,0.0,0.0,0.0020085161418667424
Aweil West,2015-06-15,val,0.0,0,0.05384615384615385,0.0,0.06544165054803353,0.0,0.028762380273874393,0.0,0.0,0.0020085161418667424
Aweil West,2015-06-22,val,0.0,0,0.05384615384615385,0.0,0.06544165054803353,0.0,0.02883692662913246,0.0,0.0,0.0020085172364640164
Aweil West,2015-06-29,val,0.0,0,0.05384615384615385,0.0,0.06544165054803353,0.0,0.030214284030772122,0.0,0.0,0.0020087178166660336
Aweil West,2015-07-06,val,0.0,0,0.03676470588235294,0.0,0.06544165054803353,0.0,0.029184969840548913,0.0,0.0,0.0020087178166660336
Aweil West,2015-07-13,val,0.0,0,0.03676470588235294,0.0,0.06544165054803353,0.0,0.04469544198722133,0.0,0.0,0.00353447190028873
Aweil West,2015-07-20,val,0.0,0,0.03676470588235294,0.0,0.06544165054803353,0.0,0.043359991967475364,0.0,0.0,0.009130396160267732
Aweil West,2015-07-27,val,0.0,0,0.03676470588235294,0.0,0.06544165054803353,0.0,0.03613925157897942,0.0,0.0,0.011328776904813483
Aweil West,2015-08-03,val,0.0,0,0.2196969696969697,0.0,0.06544165054803353,0.0,0.03695584265523563,0.0,0.0,0.06268136584344863
Aweil West,2015-08-10,val,0.0,0,0.2196969696969697,0.0,0.06544165054803353,0.0,0.047571286462082515,0.0,0.0,0.03402091077345393
Aweil West,2015-08-17,val,0.0,0,0.2196969696969697,0.0,0.06544165054803353,0.0,0.373023530178362,0.0,0.0015901327505707741,0.5445074056546041
Aweil West,2015-08-24,val,0.0,0,0.2196969696969697,0.0,0.06544165054803353,0.0,0.19890368320196095,0.0,0.0,0.5505422530720195
Aweil West,2015-08-31,val,0.0,0,0.2196969696969697,0.0,0.06544165054803353,0.0,0.24034427817326903,0.0,0.0,0.34382528294047027
Aweil West,2015-09-07,val,0.0,0,0.5833333333333334,0.2121416350264479,0.06544165054803353,0.0,0.3152623468590116,0.0,0.0,0.38784648718438536
Aweil West,2015-09-14,val,0.0,0,0.5833333333333334,0.2121416350264479,0.06544165054803353,0.0,0.3661609602760027,0.0,0.0,0.38846910421588915
Aweil West,2015-09-21,val,0.1060861150899395,1,0.5833333333333334,0.2121416350264479,0.06544165054803353,0.0,0.38337357444869374,0.0,0.0,0.6617706067058579
Aweil West,2015-09-28,val,0.1591043242721778,1,0.5833333333333334,0.2121416350264479,0.7527675276752768,0.1060861150899395,0.7419552982353573,0.0,0.34799142990924453,7.377725316709585
Aweil West,2015-10-05,val,0.0,0,0.5955882352941176,0.4241699020482017,0.7527675276752768,0.1591043242721778,0.6679329927536541,0.0,0.24783435537459841,3.0424513768682293
Aweil West,2015-10-12,val,0.0,0,0.5955882352941176,0.4241699020482017,0.06544165054803353,0.0,0.41146285410113725,0.0,0.029404462909754854,0.7176773889342962
Aweil West,2015-10-19,val,0.0,0,0.5955882352941176,0.4241699020482017,0.06544165054803353,0.0,0.48189176553124075,0.0,0.06847718683195522,0.2339437826593712
Aweil West,2015-10-26,val,0.0,0,0.5955882352941176,0.4241699020482017,0.06544165054803353,0.0,0.26154097015155287,0.0,0.0,0.18415656505815295
Aweil West,2015-11-02,val,2.5457565898548484,1,0.3984375,0.0,0.06544165054803353,0.0,0.3968644849267359,0.0,0.0,0.16618207056258905
Aweil West,2015-11-09,val,3.924546286691308,1,0.3984375,0.0,0.7527675276752768,2.5457565898548484,0.7937345224140715,0.0019077954898751414,0.510703866942638,4.625675565087334
Aweil West,2015-11-16,val,0.0530327990649319,1,0.3984375,0.0,0.7527675276752768,3.924546286691308,0.8445535499883464,0.04963844111232155,1.4363427222405933,7.370466198879337
Aweil West,2015-11-23,val,0.2120701020135308,1,0.3984375,0.0,0.7527675276752768,0.0530327990649319,0.37365473846675396,0.0,0.07071750201561199,2.726096317409004
Aweil West,2015-11-30,val,0.0,0,0.3984375,0.0,0.7527675276752768,0.2120701020135308,0.30027148682146904,0.0,0.03346844678737074,0.15446025991245635
Aweil West,2015-12-07,val,0.0,0,0.021739130434782608,0.0,0.06544165054803353,0.0,0.1009355462142108,0.0,0.0,0.3378670420007353
Aweil West,2015-12-14,val,0.0,0,0.021739130434782608,0.0,0.06544165054803353,0.0,0.04327803007065118,0.0,0.0,0.050087763567321676
Aweil West,2015-12-21,val,0.0,0,0.021739130434782608,0.0,0.06544165054803353,0.0,0.07751071567499064,0.0,0.0,0.038972494511500096
Aweil West,2015-12-28,val,0.0,0,0.021739130434782608,0.0,0.06544165054803353,0.0,0.05531545780175774,0.0,0.0,0.015168699962171153
Aweil West,2016-01-04,val,0.0,0,0.03676470588235294,0.0,0.06544165054803353,0.0,0.049404559358234006,0.0,0.0,0.01484283655436434
Aweil West,2016-01-11,val,0.0,0,0.03676470588235294,0.0,0.06544165054803353,0.0,0.052579404973661,0.0,0.0,0.014359343723683802
Aweil West,2016-01-18,val,0.0,0,0.03676470588235294,0.0,0.06544165054803353,0.0,0.0648446113348684,0.0,0.0,0.014343736438847614
Aweil West,2016-01-25,val,0.0,0,0.03676470588235294,0.0,0.06544165054803353,0.0,0.06617692245472027,0.0,0.0,0.02700730424579345
Aweil West,2016-02-01,val,0.0,0,0.00819672131147541,0.0,0.06544165054803353,0.0,0.030719611559754886,0.0,0.0,0.0020085161418667424
Aweil West,2016-02-08,val,0.0,0,0.00819672131147541,0.0,0.06544165054803353,0.0,0.029192429843008766,0.0,0.0,0.0020085161418667424
Aweil West,2016-02-15,val,0.0,0,0.00819672131147541,0.0,0.06544165054803353,0.0,0.029192429843008766,0.0,0.0,0.0020085161418667424
Aweil West,2016-02-22,val,0.0,0,0.00819672131147541,0.0,0.06544165054803353,0.0,0.029192429843008766,0.0,0.0,0.0020085161418667424
Aweil West,2016-02-29,val,0.0,0,0.00819672131147541,0.0,0.06544165054803353,0.0,0.02959840841397926,0.0,0.0,0.0020085161418667424
Aweil West,2016-03-07,val,0.0,0,0.05223880597014925,0.0,0.06544165054803353,0.0,0.07275672847299453,0.0,0.0,0.054889080953885144
Aweil West,2016-03-14,val,0.0,0,0.05223880597014925,0.0,0.06544165054803353,0.0,0.03547149126789166,0.0,0.0,0.006941955529435199
Aweil West,2016-03-21,val,0.0,0,0.05223880597014925,0.0,0.06544165054803353,0.0,0.03547149126789166,0.0,0.0,0.0020085161418667424
Aweil West,2016-03-28,val,0.0,0,0.05223880597014925,0.0,0.06544165054803353,0.0,0.03580332816678673,0.0,0.0,0.0020085161418667424
Aweil West,2016-04-04,val,0.0,0,0.022727272727272728,0.0,0.06544165054803353,0.0,0.03363505015730515,0.0,0.0,0.0020085161418667424
Aweil West,2016-04-11,val,0.0,0,0.022727272727272728,0.0,0.06544165054803353,0.0,0.03150934813463882,0.0,0.0,0.0020085161418667424
Aweil West,2016-04-18,val,0.0,0,0.022727272727272728,0.0,0.06544165054803353,0.0,0.03150934813463882,0.0,0.0,0.0020085161418667424
Aweil West,2016-04-25,val,0.0,0,0.022727272727272728,0.0,0.06544165054803353,0.0,0.035869098012762175,0.0,0.0,0.0068925706938727065
Aweil West,2016-05-02,val,0.0,0,0.022388059701492536,0.0,0.06544165054803353,0.0,0.031254955707030796,0.0,0.0,0.0068925706938727065
Aweil West,2016-05-09,val,0.0530025929294195,1,0.022388059701492536,0.0,0.06544165054803353,0.0,0.029117936514774848,0.0,0.0,0.0020085161418667424
Aweil West,2016-05-16,val,0.0,0,0.022388059701492536,0.0,0.7527675276752768,0.0530025929294195,0.07240412540017514,0.0,0.0,0.02389589733377043
Aweil West,2016-05-23,val,0.0,0,0.022388059701492536,0.0,0.06544165054803353,0.0,0.028762380273874393,0.0,0.0,0.009047463881170765
Aweil West,2016-05-30,val,0.0,0,0.022388059701492536,0.0,0.06544165054803353,0.0,0.05210260633921447,0.0,0.0,0.08121664475059531
Aweil West,2016-06-06,val,0.0,0,0.05384615384615385,0.0,0.06544165054803353,0.0,0.028436759561041604,0.0,0.0,0.0020085161418667424
Aweil West,2016-06-13,val,0.0,0,0.05384615384615385,0.0,0.06544165054803353,0.0,0.028762380273874393,0.0,0.0,0.0020085161418667424
Aweil West,2016-06-20,val,0.0,0,0.05384615384615385,0.0,0.06544165054803353,0.0,0.02883692662913246,0.0,0.0,0.0020085172364640164
Aweil West,2016-06-27,val,0.0,0,0.05384615384615385,0.0,0.06544165054803353,0.0,0.030214284030772122,0.0,0.0,0.0020087178166660336
Aweil West,2016-07-04,val,0.0,0,0.03676470588235294,0.0,0.06544165054803353,0.0,0.029184969840548913,0.0,0.0,0.0020087178166660336
Aweil West,2016-07-11,val,0.0,0,0.03676470588235294,0.0,0.06544165054803353,0.0,0.04469544198722133,0.0,0.0,0.00353447190028873
Aweil West,2016-07-18,val,0.0,0,0.03676470588235294,0.0,0.06544165054803353,0.0,0.03202548846845691,0.0,0.0,0.00371790854504077
Aweil West,2016-07-25,val,0.1060494046684983,1,0.03676470588235294,0.0,0.06544165054803353,0.0,0.03372822984885032,0.0,0.0,0.008523480794667453
Aweil West,2016-08-01,val,0.0,0,0.2196969696969697,0.0,0.7527675276752768,0.1060494046684983,0.3647531098610501,0.0,0.1670608204099711,0.769972695026872
Aweil West,2016-08-08,val,0.0,0,0.2196969696969697,0.0,0.06544165054803353,0.0,0.1173605448356918,0.0,0.0,1.2962221074674587
Aweil West,2016-08-15,val,1.7494101077925364,1,0.2196969696969697,0.0,0.06544165054803353,0.0,0.43051559650278143,0.0,0.017679416847646727,0.7356297269287995
Aweil West,2016-08-22,val,10.655321253942926,1,0.2196969696969697,0.0,0.7527675276752768,1.7494101077925364,0.8160404091835298,0.0,0.3269175380255818,6.311942998399443
Aweil West,2016-08-29,val,0.1060185966527934,1,0.2196969696969697,0.0,0.7527675276752768,10.655321253942926,0.8998180823826342,0.04963844111232155,3.7625036914983245,12.041826824751379
Aweil West,2016-09-05,val,0.2650749243402861,1,0.5833333333333334,0.2121416350264479,0.7527675276752768,0.1060185966527934,0.5029734058006116,0.0,0.1086070755583102,9.439358040050822
Aweil West,2016-09-12,val,0.1059996799336416,1,0.5833333333333334,0.2121416350264479,0.7527675276752768,0.2650749243402861,0.6275097765349223,0.0,0.3377130941505935,8.439752774221038
Aweil West,2016-09-19,val,1.37855948481009,1,0.5833333333333334,0.2121416350264479,0.7527675276752768,0.1059996799336416,0.7886427806980799,0.0,0.452963488939011,10.563303041874214
Aweil West,2016-09-26,val,0.4241676106285967,1,0.5833333333333334,0.2121416350264479,0.7527675276752768,1.37855948481009,0.8196929325385163,0.0,0.9812584976156733,18.33254251394608
Aweil West,2016-10-03,val,0.0,0,0.5955882352941176,0.4241699020482017,0.7527675276752768,0.4241676106285967,0.7117810137114706,0.0,0.37043834713184703,8.584029446980125
Aweil West,2016-10-10,val,1.4317480653908068,1,0.5955882352941176,0.4241699020482017,0.06544165054803353,0.0,0.5843185586673814,0.0,0.13251988012750482,5.07882529712103
Aweil West,2016-10-17,val,1.060423244577489,1,0.5955882352941176,0.4241699020482017,0.7527675276752768,1.4317480653908068,0.6664300770297956,0.0,0.36185805524099895,4.495828934198026
Aweil West,2016-10-24,val,1.007403347434919,1,0.5955882352941176,0.4241699020482017,0.7527675276752768,1.060423244577489,0.6324347010610021,0.0,0.11995773443359534,4.766701068991706
Aweil West,2016-10-31,val,0.4241688156336322,1,0.5955882352941176,0.4241699020482017,0.7527675276752768,1.007403347434919,0.5783127485895978,0.0,0.10162196971593461,1.9540075306107887
Aweil West,2016-11-07,val,0.1060413000494767,1,0.3984375,0.0,0.7527675276752768,0.4241688156336322,0.48835859069203413,0.0,0.08106000995011091,0.3442554628410299
Aweil West,2016-11-14,val,0.0530208007549592,1,0.3984375,0.0,0.7527675276752768,0.1060413000494767,0.5446693453680519,0.0,0.06549678914562622,0.06549678914562622
Aweil West,2016-11-21,val,0.0,0,0.3984375,0.0,0.7527675276752768,0.0530208007549592,0.4033429503589812,0.0,0.041117909385542176,0.041117909385542176
Aweil West,2016-11-28,val,0.0,0,0.3984375,0.0,0.06544165054803353,0.0,0.06632612450508682,0.0,0.0,0.038668696908209295
Aweil West,2016-12-05,val,0.0,0,0.021739130434782608,0.0,0.06544165054803353,0.0,0.0327357717259101,0.0,0.0,0.03894295336926002
Aweil West,2016-12-12,val,0.0,0,0.021739130434782608,0.0,0.06544165054803353,0.0,0.029627602600323915,0.0,0.0,0.02252710218727775
Aweil West,2016-12-19,val,0.0,0,0.021739130434782608,0.0,0.06544165054803353,0.0,0.06647970143582196,0.0,0.0,0.03863235935767903
Aweil West,2016-12-26,val,0.0,0,0.021739130434782608,0.0,0.06544165054803353,0.0,0.05531545780175774,0.0,0.0,0.017116107053999283
Aweil West,2017-01-02,val,0.0,0,0.03676470588235294,0.0,0.06544165054803353,0.0,0.051016768698174994,0.0,0.0,0.01484283655436434
Aweil West,2017-01-09,val,0.0,0,0.03676470588235294,0.0,0.06544165054803353,0.0,0.03459846918445454,0.0,0.0,0.009826552232693237
Aweil West,2017-01-16,val,0.0,0,0.03676470588235294,0.0,0.06544165054803353,0.0,0.06175980003432148,0.0,0.0,0.013283950424096459
Aweil West,2017-01-23,val,0.0,0,0.03676470588235294,0.0,0.06544165054803353,0.0,0.0484118640549792,0.0,0.0,0.015971677960998677
Aweil West,2017-01-30,val,0.0,0,0.03676470588235294,0.0,0.06544165054803353,0.0,0.030719611559754886,0.0,0.0,0.00768667473080352
Aweil West,2017-02-06,val,0.0,0,0.00819672131147541,0.0,0.06544165054803353,0.0,0.029192429843008766,0.0,0.0,0.0020085161418667424
Aweil West,2017-02-13,val,0.0,0,0.00819672131147541,0.0,0.06544165054803353,0.0,0.029192429843008766,0.0,0.0,0.0020085161418667424
Aweil West,2017-02-20,val,0.0,0,0.00819672131147541,0.0,0.06544165054803353,0.0,0.029192429843008766,0.0,0.0,0.0020085161418667424
Aweil West,2017-02-27,val,0.0,0,0.00819672131147541,0.0,0.06544165054803353,0.0,0.02959840841397926,0.0,0.0,0.0020085161418667424
Aweil West,2017-03-06,val,0.0,0,0.05223880597014925,0.0,0.06544165054803353,0.0,0.03395521149879,0.0,0.0,0.008671063725629924
Aweil West,2017-03-13,val,0.0,0,0.05223880597014925,0.0,0.06544165054803353,0.0,0.042386272602240024,0.0,0.0,0.006941955529435199
Aweil West,2017-03-20,val,0.0,0,0.05223880597014925,0.0,0.06544165054803353,0.0,0.03547149126789166,0.0,0.0,0.0020085161418667424
Aweil West,2017-03-27,val,0.0,0,0.05223880597014925,0.0,0.06544165054803353,0.0,0.03658095959012133,0.0,0.0,0.0020085161418667424
Aweil West,2017-04-03,val,0.0,0,0.022727272727272728,0.0,0.06544165054803353,0.0,0.03248980313000033,0.0,0.0,0.0020085161418667424
Aweil West,2017-04-10,val,0.0,0,0.022727272727272728,0.0,0.06544165054803353,0.0,0.03262119994612123,0.0,0.0,0.0020085161418667424
Aweil West,2017-04-17,val,0.0,0,0.022727272727272728,0.0,0.06544165054803353,0.0,0.03150934813463882,0.0,0.0,0.0020085161418667424
Aweil West,2017-04-24,val,0.0,0,0.022727272727272728,0.0,0.06544165054803353,0.0,0.03181041499602172,0.0,0.0,0.0068925706938727065
Aweil West,2017-05-01,val,0.0,0,0.022388059701492536,0.0,0.06544165054803353,0.0,0.031307177978367615,0.0,0.0,0.007885904117407696
Aweil West,2017-05-08,val,0.0,0,0.022388059701492536,0.0,0.06544165054803353,0.0,0.029117936514774848,0.0,0.0,0.0020085161418667424
Aweil West,2017-05-15,val,0.0,0,0.022388059701492536,0.0,0.06544165054803353,0.0,0.028762380273874393,0.0,0.0,0.0020085161418667424
Aweil West,2017-05-22,val,0.1590518401786004,1,0.022388059701492536,0.0,0.06544165054803353,0.0,0.028762380273874393,0.0,0.0,0.0020085161418667424
Aweil West,2017-05-29,val,0.1590041099470457,1,0.022388059701492536,0.0,0.7527675276752768,0.1590518401786004,0.09193072205601636,0.0,0.0,0.14307514315790212
Aweil West,2017-06-05,val,0.1590044158239001,1,0.05384615384615385,0.0,0.7527675276752768,0.1590041099470457,0.13355842785417746,0.0,0.0,0.5374171660735186
Aweil West,2017-06-12,val,0.0,0,0.05384615384615385,0.0,0.7527675276752768,0.1590044158239001,0.13214172757018752,0.0,0.0,0.5812610941797774
Aweil West,2017-06-19,val,0.0,0,0.05384615384615385,0.0,0.06544165054803353,0.0,0.11033360301872439,0.0,0.0,0.3978939576668561
Aweil West,2017-06-26,val,0.0,0,0.05384615384615385,0.0,0.06544165054803353,0.0,0.047713357334253664,0.0,0.0,0.03172682522225187
Aweil West,2017-07-03,val,0.0,0,0.03676470588235294,0.0,0.06544165054803353,0.0,0.02845976741635148,0.0,0.0,0.0020087178166660336
Aweil West,2017-07-10,val,0.0,0,0.03676470588235294,0.0,0.06544165054803353,0.0,0.05166428374386232,0.0,0.0,0.009804370574737488
Aweil West,2017-07-17,val,0.0,0,0.03676470588235294,0.0,0.06544165054803353,0.0,0.03107437869072864,0.0,0.0,0.0035337576640575357
Aweil West,2017-07-24,val,0.0,0,0.03676470588235294,0.0,0.06544165054803353,0.0,0.034417966552003895,0.0,0.0,0.009151117510506894
Aweil West,2017-07-31,val,0.0,0,0.03676470588235294,0.0,0.06544165054803353,0.0,0.033801407260903124,0.0,0.0,0.0066084020768761
Aweil West,2017-08-07,val,0.0,0,0.2196969696969697,0.0,0.06544165054803353,0.0,0.04735484076141558,0.0,0.0,0.031782315056455866
Aweil West,2017-08-14,val,0.0,0,0.2196969696969697,0.0,0.06544165054803353,0.0,0.38486650179860704,0.0,0.0015901327505707741,0.27137899183172526
Aweil West,2017-08-21,val,0.0,0,0.2196969696969697,0.0,0.06544165054803353,0.0,0.2903735269952516,0.0,0.0,0.8541655127165924
Aweil West,2017-08-28,val,0.0,0,0.2196969696969697,0.0,0.06544165054803353,0.0,0.16445038123044195,0.0,0.0,0.18230239307770077
Aweil West,2017-09-04,val,0.0,0,0.5833333333333334,0.2121416350264479,0.06544165054803353,0.0,0.22493246719666096,0.0,0.0,0.3826941692603959
Aweil West,2017-09-11,val,0.0,0,0.5833333333333334,0.2121416350264479,0.06544165054803353,0.0,0.39337648254359486,0.0,0.0,0.4226058389912738
Aweil West,2017-09-18,val,0.0,0,0.5833333333333334,0.2121416350264479,0.06544165054803353,0.0,0.5501108769335069,0.0,0.0,2.5661179757052803
Aweil West,2017-09-25,val,0.0,0,0.5833333333333334,0.2121416350264479,0.06544165054803353,0.0,0.34799751601571643,0.0,0.0,1.8193663123176198
Aweil West,2017-10-02,val,0.0,0,0.5955882352941176,0.4241699020482017,0.06544165054803353,0.0,0.491693640549278,0.0,0.0015901327505707741,5.330295685433872
Aweil West,2017-10-09,val,0.0,0,0.5955882352941176,0.4241699020482017,0.06544165054803353,0.0,0.306262073591712,0.0,0.0015901327505707741,2.1620711493553935
Aweil West,2017-10-16,val,0.0,0,0.5955882352941176,0.4241699020482017,0.06544165054803353,0.0,0.2475205087348257,0.0,0.0,0.0
Aweil West,2017-10-23,val,0.4771422172576905,1,0.5955882352941176,0.4241699020482017,0.06544165054803353,0.0,0.2439609371426859,0.0,0.0,0.44808030889467126
Aweil West,2017-10-30,val,0.0,0,0.5955882352941176,0.4241699020482017,0.7527675276752768,0.4771422172576905,0.5163914490428559,0.0,0.05572124905304736,0.5177928721541705
Aweil West,2017-11-06,val,0.0,0,0.3984375,0.0,0.06544165054803353,0.0,0.3446748758305285,0.0,0.05912140871091911,0.2853324330702459
Aweil West,2017-11-13,val,0.0,0,0.3984375,0.0,0.06544165054803353,0.0,0.37242809985178305,0.0,0.03708755414792209,0.17895705480093352
Aweil West,2017-11-20,val,0.0,0,0.3984375,0.0,0.06544165054803353,0.0,0.19587722430402218,0.0,0.0,0.21431529543796116
Aweil West,2017-11-27,val,0.0,0,0.3984375,0.0,0.06544165054803353,0.0,0.0566123469776912,0.0,0.0,0.08711604661000602
Aweil West,2017-12-04,val,0.0,0,0.021739130434782608,0.0,0.06544165054803353,0.0,0.034640329313598214,0.0,0.0,0.04838071273121465
Aweil West,2017-12-11,val,0.0,0,0.021739130434782608,0.0,0.06544165054803353,0.0,0.0299664387139612,0.0,0.0,0.022095733349539466
Aweil West,2017-12-18,val,0.0,0,0.021739130434782608,0.0,0.06544165054803353,0.0,0.0534043417795599,0.0,0.0,0.04992645999765581
Aweil West,2017-12-25,val,0.0,0,0.021739130434782608,0.0,0.06544165054803353,0.0,0.12244562266296921,0.0,0.0,0.03797849654735385
Aweil West,2018-01-01,val,0.0,0,0.03676470588235294,0.0,0.06544165054803353,0.0,0.051742887142263,0.0,0.0,0.01484283655436434
Aweil West,2018-01-08,val,0.0,0,0.03676470588235294,0.0,0.06544165054803353,0.0,0.05152690524824453,0.0,0.0,0.014363344083176
Aweil West,2018-01-15,val,0.0,0,0.03676470588235294,0.0,0.06544165054803353,0.0,0.0552870780463946,0.0,0.0,0.012445607330337026
Aweil West,2018-01-22,val,0.0,0,0.03676470588235294,0.0,0.06544165054803353,0.0,0.050655536466262016,0.0,0.0,0.015017696658015011
Aweil West,2018-01-29,val,0.0,0,0.03676470588235294,0.0,0.06544165054803353,0.0,0.03554647039572173,0.0,0.0,0.00968759891617874
Aweil West,2018-02-05,val,0.0,0,0.00819672131147541,0.0,0.06544165054803353,0.0,0.029192429843008766,0.0,0.0,0.0020085161418667424
Aweil West,2018-02-12,val,0.0,0,0.00819672131147541,0.0,0.06544165054803353,0.0,0.028670372723186427,0.0,0.0,0.0020085161418667424
Aweil West,2018-02-19,val,0.0,0,0.00819672131147541,0.0,0.06544165054803353,0.0,0.028670372723186427,0.0,0.0,0.0020085161418667424
Aweil West,2018-02-26,val,0.0,0,0.00819672131147541,0.0,0.06544165054803353,0.0,0.02906930845208591,0.0,0.0,0.0020085161418667424
Aweil West,2018-03-05,val,0.0,0,0.05223880597014925,0.0,0.06544165054803353,0.0,0.03285443267821662,0.0,0.0,0.0022665512321418287
Aweil West,2018-03-12,val,0.0,0,0.05223880597014925,0.0,0.06544165054803353,0.0,0.04541361018340771,0.0,0.0,0.007499103038347238
Aweil West,2018-03-19,val,0.0,0,0.05223880597014925,0.0,0.06544165054803353,0.0,0.03547149126789166,0.0,0.0,0.0037055895288956977
Aweil West,2018-03-26,val,0.0,0,0.05223880597014925,0.0,0.06544165054803353,0.0,0.03658095959012133,0.0,0.0,0.0020085161418667424
Aweil West,2018-04-02,val,0.0,0,0.022727272727272728,0.0,0.06544165054803353,0.0,0.03403191282560686,0.0,0.0,0.0020085161418667424
Aweil West,2018-04-09,val,0.0,0,0.022727272727272728,0.0,0.06544165054803353,0.0,0.035229539007454874,0.0,0.0,0.0027898594466478502
Aweil West,2018-04-16,val,0.0,0,0.022727272727272728,0.0,0.06544165054803353,0.0,0.03150934813463882,0.0,0.0,0.0020085161418667424
Aweil West,2018-04-23,val,0.0,0,0.022727272727272728,0.0,0.06544165054803353,0.0,0.03181041499602172,0.0,0.0,0.0068925706938727065
Aweil West,2018-04-30,val,0.0,0,0.022727272727272728,0.0,0.06544165054803353,0.0,0.031307177978367615,0.0,0.0,0.0068925706938727065
Aweil West,2018-05-07,val,0.0,0,0.022388059701492536,0.0,0.06544165054803353,0.0,0.035915688956837964,0.0,0.0,0.026115779828085748
Aweil West,2018-05-14,val,0.0,0,0.022388059701492536,0.0,0.06544165054803353,0.0,0.028762380273874393,0.0,0.0,0.0025973693736480565
Aweil West,2018-05-21,val,0.0,0,0.022388059701492536,0.0,0.06544165054803353,0.0,0.028762380273874393,0.0,0.0,0.0020085161418667424
Aweil West,2018-05-28,val,0.0,0,0.022388059701492536,0.0,0.06544165054803353,0.0,0.028762380273874393,0.0,0.0,0.0020085161418667424
Aweil West,2018-06-04,val,0.0,0,0.05384615384615385,0.0,0.06544165054803353,0.0,0.028762380273874393,0.0,0.0,0.0020085161418667424
Aweil West,2018-06-11,val,0.0,0,0.05384615384615385,0.0,0.06544165054803353,0.0,0.028762380273874393,0.0,0.0,0.002008685150116027
Aweil West,2018-06-18,val,0.0,0,0.05384615384615385,0.0,0.06544165054803353,0.0,0.02883692662913246,0.0,0.0,0.002008698093416625
Aweil West,2018-06-25,val,0.0,0,0.05384615384615385,0.0,0.06544165054803353,0.0,0.03404551011411759,0.0,0.0,0.004112113338370241
Aweil West,2018-07-02,val,0.0,0,0.03676470588235294,0.0,0.06544165054803353,0.0,0.030214284030772122,0.0,0.0,0.0020097966040802245
Aweil West,2018-07-09,val,0.0,0,0.03676470588235294,0.0,0.06544165054803353,0.0,0.030075013609911556,0.0,0.0,0.0020097966040802245
Aweil West,2018-07-16,val,0.0,0,0.03676470588235294,0.0,0.06544165054803353,0.0,0.03107437869072864,0.0,0.0,0.0035337576640575357
Aweil West,2018-07-23,val,0.0,0,0.03676470588235294,0.0,0.06544165054803353,0.0,0.040803286287976505,0.0,0.0,0.018338617308491595
Aweil West,2018-07-30,val,0.0,0,0.03676470588235294,0.0,0.06544165054803353,0.0,0.03498149035942116,0.0,0.0,0.006608915587545115
Aweil West,2018-08-06,val,0.7422722127617559,1,0.2196969696969697,0.0,0.06544165054803353,0.0,0.05491084995714002,0.0,0.0,0.042671491512180894
Aweil West,2018-08-13,val,1.113374096319614,1,0.2196969696969697,0.0,0.7527675276752768,0.7422722127617559,0.7223031288306614,0.0,0.3377262372522186,4.03682560744788
Aweil West,2018-08-20,val,0.0,0,0.2196969696969697,0.0,0.7527675276752768,1.113374096319614,0.6904264388230734,0.0,0.2865393341034279,4.639213889361195
Aweil West,2018-08-27,val,0.1060454509000856,1,0.2196969696969697,0.0,0.06544165054803353,0.0,0.6133622568510976,0.0,0.20317076211770682,6.854098628717185
Aweil West,2018-09-03,val,0.0,0,0.5833333333333334,0.2121416350264479,0.7527675276752768,0.1060454509000856,0.5270882598504212,0.0,0.17868902755611527,3.430330626763529
Aweil West,2018-09-10,val,0.4240490499501889,1,0.5833333333333334,0.2121416350264479,0.06544165054803353,0.0,0.3540963197639176,0.0,0.0,2.4140025819431234
Aweil West,2018-09-17,val,1.4309795085143189,1,0.5833333333333334,0.2121416350264479,0.7527675276752768,0.4240490499501889,0.6713900907300201,0.0,0.3268153621553182,8.040939286165074
Aweil West,2018-09-24,val,5.248810175549751,1,0.5833333333333334,0.2121416350264479,0.7527675276752768,1.4309795085143189,0.807509016913051,0.0,0.8569733438085438,11.254307733489373
Aweil West,2018-10-01,val,0.2121081542260763,1,0.5955882352941176,0.4241699020482017,0.7527675276752768,5.248810175549751,0.8112635387335869,0.0,2.108374464483172,14.52295685707619
Aweil West,2018-10-08,val,1.2727277788469953,1,0.5955882352941176,0.4241699020482017,0.7527675276752768,0.2121081542260763,0.644094098352369,0.0,0.3208314673224902,11.86529817416284
Aweil West,2018-10-15,val,0.0,0,0.5955882352941176,0.4241699020482017,0.7527675276752768,1.2727277788469953,0.609009674230928,0.0,0.3560049069187563,4.666087061684501
Aweil West,2018-10-22,val,0.159059984407821,1,0.5955882352941176,0.4241699020482017,0.06544165054803353,0.0,0.5119885837668858,0.0,0.19247409713613023,9.063872037908808
Aweil West,2018-10-29,val,0.0,0,0.5955882352941176,0.4241699020482017,0.7527675276752768,0.159059984407821,0.4696820591270579,0.0,0.06489795115516396,1.0939386370080697
Aweil West,2018-11-05,val,0.0,0,0.3984375,0.0,0.06544165054803353,0.0,0.20420124708491058,0.0,0.0,0.005721009592182625
Aweil West,2018-11-12,val,0.0,0,0.3984375,0.0,0.06544165054803353,0.0,0.31202307964899456,0.0,0.028709842243754127,0.17313664765280526
Aweil West,2018-11-19,val,0.0,0,0.3984375,0.0,0.06544165054803353,0.0,0.19889428977529072,0.0,0.0,0.2463784873531599
Aweil West,2018-11-26,val,0.0,0,0.3984375,0.0,0.06544165054803353,0.0,0.15840892354583824,0.0,0.0,0.1352441543759201
Aweil West,2018-12-03,val,0.0,0,0.021739130434782608,0.0,0.06544165054803353,0.0,0.035314784434379534,0.0,0.0,0.051981452468588756
Aweil West,2018-12-10,val,0.0,0,0.021739130434782608,0.0,0.06544165054803353,0.0,0.02991419803605136,0.0,0.0,0.022095733349539466
Aweil West,2018-12-17,val,0.0,0,0.021739130434782608,0.0,0.06544165054803353,0.0,0.04315610870503684,0.0,0.0,0.03835275430679789
Aweil West,2018-12-24,val,0.0,0,0.021739130434782608,0.0,0.06544165054803353,0.0,0.08938555489653292,0.0,0.0,0.029444443003558883
Aweil West,2018-12-31,val,0.0,0,0.021739130434782608,0.0,0.06544165054803353,0.0,0.054532909121102195,0.0,0.0,0.014269355369090912
Aweil West,2019-01-07,val,0.0,0,0.03676470588235294,0.0,0.06544165054803353,0.0,0.05152690524824453,0.0,0.0,0.014366781181329164
Aweil West,2019-01-14,val,0.0,0,0.03676470588235294,0.0,0.06544165054803353,0.0,0.0552870780463946,0.0,0.0,0.012445607330337026
Aweil West,2019-01-21,val,0.0,0,0.03676470588235294,0.0,0.06544165054803353,0.0,0.050655536466262016,0.0,0.0,0.015017696658015011
Aweil West,2019-01-28,val,0.0,0,0.03676470588235294,0.0,0.06544165054803353,0.0,0.0357077571937315,0.0,0.0,0.010293940141769967
Aweil West,2019-02-04,val,0.0,0,0.00819672131147541,0.0,0.06544165054803353,0.0,0.030719611559754886,0.0,0.0,0.0020085161418667424
Aweil West,2019-02-11,val,0.0,0,0.00819672131147541,0.0,0.06544165054803353,0.0,0.029192429843008766,0.0,0.0,0.0020085161418667424
Aweil West,2019-02-18,val,0.0,0,0.00819672131147541,0.0,0.06544165054803353,0.0,0.029192429843008766,0.0,0.0,0.0020085161418667424
Aweil West,2019-02-25,val,0.0,0,0.00819672131147541,0.0,0.06544165054803353,0.0,0.029192429843008766,0.0,0.0,0.0020085161418667424
Aweil West,2019-03-04,val,0.0,0,0.05223880597014925,0.0,0.06544165054803353,0.0,0.03232872106516063,0.0,0.0,0.0020085161418667424
Aweil West,2019-03-11,val,0.0,0,0.05223880597014925,0.0,0.06544165054803353,0.0,0.1006716820941402,0.0,0.0,0.0662238164046584
Aweil West,2019-03-18,val,0.0,0,0.05223880597014925,0.0,0.06544165054803353,0.0,0.03547149126789166,0.0,0.0,0.003656204693333204
Aweil West,2019-03-25,val,0.0,0,0.05223880597014925,0.0,0.06544165054803353,0.0,0.03547149126789166,0.0,0.0,0.0020085161418667424
Aweil West,2019-04-01,val,0.0,0,0.022727272727272728,0.0,0.06544165054803353,0.0,0.03403191282560686,0.0,0.0,0.0036849632398018254
Aweil West,2019-04-08,val,0.0,0,0.022727272727272728,0.0,0.06544165054803353,0.0,0.03363505015730515,0.0,0.0,0.0027898594466478502
Aweil West,2019-04-15,val,0.0,0,0.022727272727272728,0.0,0.06544165054803353,0.0,0.03150934813463882,0.0,0.0,0.0020085161418667424
Aweil West,2019-04-22,val,0.0,0,0.022727272727272728,0.0,0.06544165054803353,0.0,0.03181041499602172,0.0,0.0,0.005008175132686515
Aweil West,2019-04-29,val,0.0,0,0.022727272727272728,0.0,0.06544165054803353,0.0,0.031307177978367615,0.0,0.0,0.0068925706938727065
Aweil West,2019-05-06,val,0.0,0,0.022388059701492536,0.0,0.06544165054803353,0.0,0.03914826954137723,0.0,0.0,0.042035457412227945
Aweil West,2019-05-13,val,0.0,0,0.022388059701492536,0.0,0.06544165054803353,0.0,0.028762380273874393,0.0,0.0,0.0025973693736480565
Aweil West,2019-05-20,val,0.0,0,0.022388059701492536,0.0,0.06544165054803353,0.0,0.028762380273874393,0.0,0.0,0.0020085161418667424
Aweil West,2019-05-27,val,0.0,0,0.022388059701492536,0.0,0.06544165054803353,0.0,0.028762380273874393,0.0,0.0,0.0020085161418667424
Aweil West,2019-06-03,val,21.634680135029093,1,0.05384615384615385,0.0,0.06544165054803353,0.0,0.028762380273874393,0.0,0.0,0.0020085161418667424
Aweil West,2019-06-10,val,48.09021310266766,1,0.05384615384615385,0.0,0.7527675276752768,21.634680135029093,0.8744549626489276,0.04963844111232155,7.204975943525669,18.87871296401769
Aweil West,2019-06-17,val,14.208813860075065,1,0.05384615384615385,0.0,0.7527675276752768,48.09021310266766,0.8968506417897981,0.04963844111232155,16.080625179644322,43.40944983058961
Aweil West,2019-06-24,val,5.779036759239997,1,0.05384615384615385,0.0,0.7527675276752768,14.208813860075065,0.896290655277307,0.04963844111232155,6.509755782121393,20.792668353813475
Aweil West,2019-07-01,val,0.3711449858943293,1,0.03676470588235294,0.0,0.7527675276752768,5.779036759239997,0.8368356882675312,0.04963844111232155,1.2453176822353775,18.082386954243937
Aweil West,2019-07-08,val,0.4241501187867627,1,0.03676470588235294,0.0,0.7527675276752768,0.3711449858943293,0.5306453682853857,0.0,0.16021966739375582,7.637739977079692
Aweil West,2019-07-15,val,2.06781146596904,1,0.03676470588235294,0.0,0.7527675276752768,0.4241501187867627,0.5251848941653994,0.0,0.31320522597064354,1.0221853757223156
Aweil West,2019-07-22,val,0.0,0,0.03676470588235294,0.0,0.7527675276752768,2.06781146596904,0.8388927413597274,0.0,0.8314951641848262,13.313444828226316
Aweil West,2019-07-29,val,0.1060373789474523,1,0.03676470588235294,0.0,0.06544165054803353,0.0,0.23118842226701353,0.0,0.0,5.574403675334953
Aweil West,2019-08-05,val,5.5671894306370735,1,0.2196969696969697,0.0,0.7527675276752768,0.1060373789474523,0.4768074521022446,0.0,0.27093928129112954,1.492960436512192
Aweil West,2019-08-12,val,0.7424702299282275,1,0.2196969696969697,0.0,0.7527675276752768,5.5671894306370735,0.8937783171638394,0.04963844111232155,2.4132919648565525,21.710957624412412
Aweil West,2019-08-19,val,1.1664513460318728,1,0.2196969696969697,0.0,0.7527675276752768,0.7424702299282275,0.651500699513865,0.0,0.2865393341034279,5.86463095155861
Aweil West,2019-08-26,val,3.075466093039437,1,0.2196969696969697,0.0,0.7527675276752768,1.1664513460318728,0.6538611581249709,0.0,0.2577670188659414,5.155696495268644
Aweil West,2019-09-02,val,0.954442930420488,1,0.5833333333333334,0.2121416350264479,0.7527675276752768,3.075466093039437,0.7959508363482414,0.0,0.908139348701165,22.945814529209805
Aweil West,2019-09-09,val,7.530764697899255,1,0.5833333333333334,0.2121416350264479,0.7527675276752768,0.954442930420488,0.7102417080502069,0.0,0.26945860369723534,6.894702816751942
Aweil West,2019-09-16,val,1.166644040299892,1,0.5833333333333334,0.2121416350264479,0.7527675276752768,7.530764697899255,0.9099273861646794,0.04963844111232155,3.6758576477048046,22.981890936424985
Aweil West,2019-09-23,val,2.8634666517696847,1,0.5833333333333334,0.2121416350264479,0.7527675276752768,1.166644040299892,0.7828050296208948,0.0,0.9206116837415613,19.0159713420913
Aweil West,2019-09-30,val,0.3712002613900757,1,0.5833333333333334,0.2121416350264479,0.7527675276752768,2.8634666517696847,0.8398621523323009,0.0,1.7819219888532574,12.752413321728543
Aweil West,2019-10-07,val,0.0530336944740717,1,0.5955882352941176,0.4241699020482017,0.7527675276752768,0.3712002613900757,0.6576508099531395,0.0,0.4092417308393451,17.273662766930276
Aweil West,2019-10-14,val,0.1060673889481434,1,0.5955882352941176,0.4241699020482017,0.7527675276752768,0.0530336944740717,0.6764101700672432,0.0,0.09190384391550194,1.4631883557642753
Aweil West,2019-10-21,val,0.0,0,0.5955882352941176,0.4241699020482017,0.7527675276752768,0.1060673889481434,0.6218532863703617,0.0,0.20943553490990097,3.4257402078347785
Aweil West,2019-10-28,val,0.4772744567083897,1,0.5955882352941176,0.4241699020482017,0.06544165054803353,0.0,0.3008609953039797,0.0,0.0,0.03331778446321357
Aweil West,2019-11-04,val,0.8483972548278429,1,0.3984375,0.0,0.7527675276752768,0.4772744567083897,0.4761505293858913,0.0,0.13612214962510638,1.4104172231226542
Aweil West,2019-11-11,val,0.2121068831055649,1,0.3984375,0.0,0.7527675276752768,0.8483972548278429,0.609104216815172,0.0,0.14213325356675066,1.5991811069668282
Aweil West,2019-11-18,val,0.0,0,0.3984375,0.0,0.7527675276752768,0.2121068831055649,0.41187387504269707,0.0,0.0736311065385506,0.5733180037861272
Aweil West,2019-11-25,val,0.0530336944740717,1,0.3984375,0.0,0.06544165054803353,0.0,0.388534049855354,0.0,0.06200770525848547,0.3562505112353279
Aweil West,2019-12-02,val,0.1591004865320547,1,0.021739130434782608,0.0,0.7527675276752768,0.0530336944740717,0.34803536215617964,0.0,0.033768420017296984,0.05524866396405008
Aweil West,2019-12-09,val,0.0530333960289915,1,0.021739130434782608,0.0,0.7527675276752768,0.1591004865320547,0.2991386736404971,0.0,0.02855963175903919,0.23442590572434868
Aweil West,2019-12-16,val,0.0,0,0.021739130434782608,0.0,0.7527675276752768,0.0530333960289915,0.31300978218634995,0.0,0.018433344270844365,0.5991564504158694
Aweil West,2019-12-23,val,0.0,0,0.021739130434782608,0.0,0.06544165054803353,0.0,0.0999719966287979,0.0,0.0,0.020060358055208536
Aweil West,2019-12-30,val,0.0,0,0.021739130434782608,0.0,0.06544165054803353,0.0,0.05855462359809654,0.0,0.0,0.011980341494119794
Aweil Centre,2020-01-20,test,0.0,0,0.0661764705882353,0.0,0.06544165054803353,0.0,0.07341682173617879,0.0,0.0,0.018380351341564547
Aweil Centre,2020-01-27,test,0.0,0,0.0661764705882353,0.0,0.06544165054803353,0.0,0.120841545969957,0.0,0.0,0.03825013004821864
Aweil Centre,2020-02-03,test,0.0,0,0.00819672131147541,0.0,0.06544165054803353,0.0,0.039689994153412025,0.0,0.0,0.0022616526582879253
Aweil Centre,2020-02-10,test,0.0,0,0.00819672131147541,0.0,0.06544165054803353,0.0,0.03183509554167546,0.0,0.0,0.0022620053805451797
Aweil Centre,2020-02-17,test,0.0,0,0.00819672131147541,0.0,0.06544165054803353,0.0,0.031254758496023785,0.0,0.0,0.0022620053805451797
Aweil Centre,2020-02-24,test,0.0,0,0.00819672131147541,0.0,0.06544165054803353,0.0,0.031254758496023785,0.0,0.0,0.0022620053805451797
Aweil Centre,2020-03-02,test,0.0,0,0.05223880597014925,0.0,0.06544165054803353,0.0,0.031981057441992235,0.0,0.0,0.0022620053805451797
Aweil Centre,2020-03-09,test,0.0,0,0.05223880597014925,0.0,0.06544165054803353,0.0,0.0806423098382302,0.0,0.0,0.06449362799950079
Aweil Centre,2020-03-16,test,0.0,0,0.05223880597014925,0.0,0.06544165054803353,0.0,0.0395776332856695,0.0,0.0,0.009933735573839001
Aweil Centre,2020-03-23,test,0.0,0,0.05223880597014925,0.0,0.06544165054803353,0.0,0.0395776332856695,0.0,0.0,0.005049681021833042
Aweil Centre,2020-03-30,test,0.0,0,0.05223880597014925,0.0,0.06544165054803353,0.0,0.048312760654075915,0.0,0.0,0.009803252351432108
Aweil Centre,2020-04-06,test,0.0,0,0.03787878787878788,0.0,0.06544165054803353,0.0,0.043667320100349086,0.0,0.0,0.006133602060253141
Aweil Centre,2020-04-13,test,0.0,0,0.03787878787878788,0.0,0.06544165054803353,0.0,0.041752296850057595,0.0,0.0,0.006133602060253141
Aweil Centre,2020-04-20,test,0.0,0,0.03787878787878788,0.0,0.06544165054803353,0.0,0.036076588076934514,0.0,0.0,0.004896823128264594
Aweil Centre,2020-04-27,test,0.0,0,0.03787878787878788,0.0,0.06544165054803353,0.0,0.0387307219804906,0.0,0.0,0.007747123149309918
Aweil Centre,2020-05-04,test,0.0,0,0.007462686567164179,0.0,0.06544165054803353,0.0,0.046867526438232256,0.0,0.0,0.0446622910630313
Aweil Centre,2020-05-11,test,0.0,0,0.007462686567164179,0.0,0.06544165054803353,0.0,0.03438848457576214,0.0,0.0,0.002896481792285004
Aweil Centre,2020-05-18,test,0.0,0,0.007462686567164179,0.0,0.06544165054803353,0.0,0.03075174744564629,0.0,0.0,0.0020085161418667424
Aweil Centre,2020-05-25,test,0.0,0,0.007462686567164179,0.0,0.06544165054803353,0.0,0.03075174744564629,0.0,0.0,0.0020085161418667424
Aweil Centre,2020-06-01,test,0.0,0,0.038461538461538464,0.0,0.06544165054803353,0.0,0.03075174744564629,0.0,0.0,0.0020085161418667424
Aweil Centre,2020-06-08,test,0.0,0,0.038461538461538464,0.0,0.06544165054803353,0.0,0.033210634778616056,0.0,0.0,0.0020085161418667424
Aweil Centre,2020-06-15,test,0.0,0,0.038461538461538464,0.0,0.06544165054803353,0.0,0.03149446674328958,0.0,0.0,0.008795034406755426
Aweil Centre,2020-06-22,test,0.0,0,0.038461538461538464,0.0,0.06544165054803353,0.0,0.0325167331537021,0.0,0.0,0.013546649324684712
Aweil Centre,2020-06-29,test,0.0,0,0.038461538461538464,0.0,0.06544165054803353,0.0,0.031296673917109066,0.0,0.0,0.0020085161418667424
Aweil Centre,2020-07-06,test,0.0,0,0.007352941176470588,0.0,0.06544165054803353,0.0,0.030631396745767273,0.0,0.0,0.0020085161418667424
Aweil Centre,2020-07-13,test,0.0,0,0.007352941176470588,0.0,0.06544165054803353,0.0,0.029853683922156014,0.0,0.0,0.0035334054519768907
Aweil Centre,2020-07-20,test,0.0,0,0.007352941176470588,0.0,0.06544165054803353,0.0,0.05042643746190149,0.0,0.0,0.01251127006317729
Aweil Centre,2020-07-27,test,0.0,0,0.007352941176470588,0.0,0.06544165054803353,0.0,0.03398563195981751,0.0,0.0,0.007798686942636621
Aweil Centre,2020-08-03,test,0.0,0,0.3106060606060606,0.0,0.06544165054803353,0.0,0.04037032570763065,0.0,0.0,0.09632797010650522
Aweil Centre,2020-08-10,test,0.0,0,0.3106060606060606,0.0,0.06544165054803353,0.0,0.14200286419274546,0.0,0.0,0.11029527926769507
Aweil Centre,2020-08-17,test,0.0,0,0.3106060606060606,0.0,0.06544165054803353,0.0,0.4632276385187427,0.0,0.01411307296140266,0.9816660821216968
Aweil Centre,2020-08-24,test,0.0,0,0.3106060606060606,0.0,0.06544165054803353,0.0,0.22249607727113463,0.0,0.0033723568469625704,0.9856903991871911
Aweil Centre,2020-08-31,test,17.079086872077408,1,0.3106060606060606,0.0,0.06544165054803353,0.0,0.21926906454569706,0.0,0.002088504815856776,0.9674131309554967
Aweil Centre,2020-09-07,test,16.969774855027563,1,0.5681818181818182,0.1591004865320547,0.7527675276752768,17.079086872077408,0.8960516973519088,0.04963844111232155,7.057002809494965,17.51653523323333
Aweil Centre,2020-09-14,test,4.879827958123689,1,0.5681818181818182,0.1591004865320547,0.7527675276752768,16.969774855027563,0.9019695389232166,0.04963844111232155,7.083034004162798,23.849166282085463
Aweil Centre,2020-09-21,test,1.2732228560009011,1,0.5681818181818182,0.1591004865320547,0.7527675276752768,4.879827958123689,0.8448210431349799,0.04963844111232155,2.095951920547593,16.936407127612053
Aweil Centre,2020-09-28,test,33.8434421461245,1,0.5681818181818182,0.1591004865320547,0.7527675276752768,1.2732228560009011,0.881064501760535,0.0015924790129594006,1.0982046897957274,21.122338434344943
Aweil Centre,2020-10-05,test,60.68517105418144,1,0.6838235294117647,0.3714698106708368,0.7527675276752768,33.8434421461245,0.9080484996366206,0.04963844111232155,11.76365383099891,61.970582244345344
Aweil Centre,2020-10-12,test,49.48613907442673,1,0.6838235294117647,0.3714698106708368,0.7527675276752768,60.68517105418144,0.9116104552137432,0.04963844111232155,20.961379601718452,96.33007375348163
Aweil Centre,2020-10-19,test,4.243504308703309,1,0.6838235294117647,0.3714698106708368,0.7527675276752768,49.48613907442673,0.9121114411786265,0.04963844111232155,19.59991628382385,74.23152984667828
Aweil Centre,2020-10-26,test,5.304606251957324,1,0.6838235294117647,0.3714698106708368,0.7527675276752768,4.243504308703309,0.8804901214010912,0.04963844111232155,1.9258405082501149,27.674077654496465
Aweil Centre,2020-11-02,test,14.374196833950664,1,0.5546875,0.1061869858513083,0.7527675276752768,5.304606251957324,0.8813929595421194,0.04963844111232155,1.8420258669464682,30.297868001228945
Aweil Centre,2020-11-09,test,17.558053742385777,1,0.5546875,0.1061869858513083,0.7527675276752768,14.374196833950664,0.906112040728721,0.04963844111232155,6.085812812534739,28.64031966003221
Aweil Centre,2020-11-16,test,5.304608152330554,1,0.5546875,0.1061869858513083,0.7527675276752768,17.558053742385777,0.9102715970264974,0.04963844111232155,6.621672389231814,20.413208521912765
Aweil Centre,2020-11-23,test,0.1592599193604258,1,0.5546875,0.1061869858513083,0.7527675276752768,5.304608152330554,0.879367799003875,0.04963844111232155,1.4391142508494694,7.215158801964471
Aweil Centre,2020-11-30,test,0.1062588574693237,1,0.5546875,0.1061869858513083,0.7527675276752768,0.1592599193604258,0.7137335354281467,0.0015924790129594006,0.1484301566228704,1.8520891562962785
Aweil Centre,2020-12-07,test,0.0531275026395919,1,0.2246376811594203,0.0,0.7527675276752768,0.1062588574693237,0.5303795304476123,0.0015924790129594006,0.10210947108042631,0.5059012983544118
Aweil Centre,2020-12-14,test,0.0,0,0.2246376811594203,0.0,0.7527675276752768,0.0531275026395919,0.5969390498293451,0.0015924790129594006,0.10070280930745637,0.7705827836403765
Aweil Centre,2020-12-21,test,0.0,0,0.2246376811594203,0.0,0.06544165054803353,0.0,0.13614204320783108,0.0,0.0,0.044427355706244696
Aweil Centre,2020-12-28,test,0.0,0,0.2246376811594203,0.0,0.06544165054803353,0.0,0.06670703894068612,0.0,0.0,0.013298954747648323
Aweil Centre,2021-01-04,test,0.0,0,0.0661764705882353,0.0,0.06544165054803353,0.0,0.048188092619169884,0.0,0.0,0.010636643594867923
Aweil Centre,2021-01-11,test,0.0,0,0.0661764705882353,0.0,0.06544165054803353,0.0,0.07682446705477451,0.0,0.0,0.015176863706016994
Aweil Centre,2021-01-18,test,0.0,0,0.0661764705882353,0.0,0.06544165054803353,0.0,0.08412026044595829,0.0,0.0,0.014700949203002921
Aweil Centre,2021-01-25,test,0.0,0,0.0661764705882353,0.0,0.06544165054803353,0.0,0.15158815334562817,0.0,0.0,0.04753643615969873
Aweil Centre,2021-02-01,test,0.0,0,0.00819672131147541,0.0,0.06544165054803353,0.0,0.039689994153412025,0.0,0.0,0.002318686454018547
Aweil Centre,2021-02-08,test,0.0,0,0.00819672131147541,0.0,0.06544165054803353,0.0,0.03183509554167546,0.0,0.0,0.0022620053805451797
Aweil Centre,2021-02-15,test,0.0,0,0.00819672131147541,0.0,0.06544165054803353,0.0,0.031254758496023785,0.0,0.0,0.0022620053805451797
Aweil Centre,2021-02-22,test,0.0,0,0.00819672131147541,0.0,0.06544165054803353,0.0,0.031254758496023785,0.0,0.0,0.0022620053805451797
Aweil Centre,2021-03-01,test,0.0,0,0.05223880597014925,0.0,0.06544165054803353,0.0,0.031981057441992235,0.0,0.0,0.0022620053805451797
Aweil Centre,2021-03-08,test,0.0,0,0.05223880597014925,0.0,0.06544165054803353,0.0,0.07483731562559243,0.0,0.0,0.05260345251192733
Aweil Centre,2021-03-15,test,0.0,0,0.05223880597014925,0.0,0.06544165054803353,0.0,0.039684410999455674,0.0,0.0,0.009983120409401495
Aweil Centre,2021-03-22,test,0.0,0,0.05223880597014925,0.0,0.06544165054803353,0.0,0.0395776332856695,0.0,0.0,0.005049681021833042
Aweil Centre,2021-03-29,test,0.0,0,0.05223880597014925,0.0,0.06544165054803353,0.0,0.04162744999869425,0.0,0.0,0.00489144009025284
Aweil Centre,2021-04-05,test,0.0,0,0.03787878787878788,0.0,0.06544165054803353,0.0,0.043667320100349086,0.0,0.0,0.006133602060253141
Aweil Centre,2021-04-12,test,0.0,0,0.03787878787878788,0.0,0.06544165054803353,0.0,0.041752296850057595,0.0,0.0,0.006133602060253141
Aweil Centre,2021-04-19,test,0.0,0,0.03787878787878788,0.0,0.06544165054803353,0.0,0.03573663473739554,0.0,0.0,0.0020085161418667424
Aweil Centre,2021-04-26,test,0.0,0,0.03787878787878788,0.0,0.06544165054803353,0.0,0.03993791064238901,0.0,0.0,0.007747123149309918
Aweil Centre,2021-05-03,test,0.0,0,0.007462686567164179,0.0,0.06544165054803353,0.0,0.034819265523808436,0.0,0.0,0.007747123149309918
Aweil Centre,2021-05-10,test,0.0,0,0.007462686567164179,0.0,0.06544165054803353,0.0,0.03244479186851524,0.0,0.0,0.0020085161418667424
Aweil Centre,2021-05-17,test,0.0,0,0.007462686567164179,0.0,0.06544165054803353,0.0,0.03075174744564629,0.0,0.0,0.0020085161418667424
Aweil Centre,2021-05-24,test,0.0,0,0.007462686567164179,0.0,0.06544165054803353,0.0,0.03075174744564629,0.0,0.0,0.0020085161418667424
Aweil Centre,2021-05-31,test,0.0,0,0.007462686567164179,0.0,0.06544165054803353,0.0,0.03075174744564629,0.0,0.0,0.0020085161418667424
Aweil Centre,2021-06-07,test,0.0,0,0.038461538461538464,0.0,0.06544165054803353,0.0,0.03075174744564629,0.0,0.0,0.0020085161418667424
Aweil Centre,2021-06-14,test,0.0,0,0.038461538461538464,0.0,0.06544165054803353,0.0,0.033210634778616056,0.0,0.0,0.0020085161418667424
Aweil Centre,2021-06-21,test,0.0,0,0.038461538461538464,0.0,0.06544165054803353,0.0,0.03149446674328958,0.0,0.0,0.0020085161418667424
Aweil Centre,2021-06-28,test,0.0,0,0.038461538461538464,0.0,0.06544165054803353,0.0,0.031296673917109066,0.0,0.0,0.0020085161418667424
Aweil Centre,2021-07-05,test,0.0,0,0.007352941176470588,0.0,0.06544165054803353,0.0,0.031242765220808242,0.0,0.0,0.0020085161418667424
Aweil Centre,2021-07-12,test,0.0,0,0.007352941176470588,0.0,0.06544165054803353,0.0,0.040617509903605624,0.0,0.0,0.003533402724369781
Aweil Centre,2021-07-19,test,0.0,0,0.007352941176470588,0.0,0.06544165054803353,0.0,0.031113046214864326,0.0,0.0,0.003717556214756876
Aweil Centre,2021-07-26,test,0.106108226655232,1,0.007352941176470588,0.0,0.06544165054803353,0.0,0.03328841147628273,0.0,0.0,0.004993422905677988
Aweil Centre,2021-08-02,test,6.896424525679508,1,0.3106060606060606,0.0,0.7527675276752768,0.106108226655232,0.38042097605404507,0.0,0.20571600431887294,0.8424470025905474
Aweil Centre,2021-08-09,test,2.599146553934539,1,0.3106060606060606,0.0,0.7527675276752768,6.896424525679508,0.8965413644905187,0.04963844111232155,3.4434034432207965,11.95340451235274
Aweil Centre,2021-08-16,test,0.9018598387417518,1,0.3106060606060606,0.0,0.7527675276752768,2.599146553934539,0.8360555640251927,0.0,0.8433503513660425,6.781891979497939
Aweil Centre,2021-08-23,test,2.81131684574534,1,0.3106060606060606,0.0,0.7527675276752768,0.9018598387417518,0.8123911258589539,0.0,0.29923892022809817,5.423276232407443
Aweil Centre,2021-08-30,test,0.0,0,0.3106060606060606,0.0,0.7527675276752768,2.81131684574534,0.8340111115177707,0.0,0.9234900223860866,21.296939525122152
Aweil Centre,2021-09-06,test,0.0,0,0.5681818181818182,0.1591004865320547,0.06544165054803353,0.0,0.7076911602570651,0.0,0.2376326680797389,14.755301233180056
Aweil Centre,2021-09-13,test,0.0,0,0.5681818181818182,0.1591004865320547,0.06544165054803353,0.0,0.4872115320551123,0.0,0.09355854932276318,2.6592707472089563
Aweil Centre,2021-09-20,test,0.9552211822871736,1,0.5681818181818182,0.1591004865320547,0.06544165054803353,0.0,0.28913998859531165,0.0,0.002088504815856776,7.456057235881181
Aweil Centre,2021-09-27,test,1.379734842896235,1,0.5681818181818182,0.1591004865320547,0.7527675276752768,0.9552211822871736,0.8185661211639669,0.0,0.7568561088428605,12.481869204196974
Aweil Centre,2021-10-04,test,8.380825835298085,1,0.6838235294117647,0.3714698106708368,0.7527675276752768,1.379734842896235,0.7976370888365463,0.0,0.37858138072082204,3.919818578935915
Aweil Centre,2021-10-11,test,1.220154116989555,1,0.6838235294117647,0.3714698106708368,0.7527675276752768,8.380825835298085,0.9033513115427253,0.04963844111232155,5.862737306896185,32.108668472315415
Aweil Centre,2021-10-18,test,1.5919505026033054,1,0.6838235294117647,0.3714698106708368,0.7527675276752768,1.220154116989555,0.8379720627090061,0.0015924790129594006,0.23123515597579453,3.058396077669861
Aweil Centre,2021-10-25,test,1.5915329995719751,1,0.6838235294117647,0.3714698106708368,0.7527675276752768,1.5919505026033054,0.8211781105670655,0.0,0.3846288209054954,4.643743172963647
Aweil Centre,2021-11-01,test,3.076701795685501,1,0.5546875,0.1061869858513083,0.7527675276752768,1.5915329995719751,0.85264069947686,0.0019077954898751414,0.3791557344916983,3.552426024040651
Aweil Centre,2021-11-08,test,2.0157726839852783,1,0.5546875,0.1061869858513083,0.7527675276752768,3.076701795685501,0.7919603789587271,0.0019077954898751414,0.6085811798312989,5.653156751175084
Aweil Centre,2021-11-15,test,0.4243774731602235,1,0.5546875,0.1061869858513083,0.7527675276752768,2.0157726839852783,0.7836078050591349,0.0019077954898751414,0.6085811798312989,8.605545434771415
Aweil Centre,2021-11-22,test,0.0530916765088773,1,0.5546875,0.1061869858513083,0.7527675276752768,0.4243774731602235,0.6580918879918946,0.0015924790129594006,0.18684244077144996,1.129499466430068
Aweil Centre,2021-11-29,test,0.159275029326318,1,0.5546875,0.1061869858513083,0.7527675276752768,0.0530916765088773,0.6749918196718566,0.0015924790129594006,0.11347342511703432,0.41943995943426404
Aweil Centre,2021-12-06,test,0.0530916765088773,1,0.2246376811594203,0.0,0.7527675276752768,0.159275029326318,0.5028596902714785,0.0015924790129594006,0.10051653458211202,0.17132979233025128
Aweil Centre,2021-12-13,test,0.0,0,0.2246376811594203,0.0,0.7527675276752768,0.0530916765088773,0.4851855710280176,0.0,0.03455215147938416,0.552771808951218
Aweil Centre,2021-12-20,test,0.0,0,0.2246376811594203,0.0,0.06544165054803353,0.0,0.17335753626724773,0.0,0.0,0.16053151405840219
Aweil Centre,2021-12-27,test,0.0,0,0.2246376811594203,0.0,0.06544165054803353,0.0,0.06670703894068612,0.0,0.0,0.015922870982584526
Aweil Centre,2022-01-03,test,0.0,0,0.0661764705882353,0.0,0.06544165054803353,0.0,0.06776486075529854,0.0,0.0,0.014123681141226894
Aweil Centre,2022-01-10,test,0.0,0,0.0661764705882353,0.0,0.06544165054803353,0.0,0.07411159517827406,0.0,0.0,0.015188199275154763
Aweil Centre,2022-01-17,test,0.0,0,0.0661764705882353,0.0,0.06544165054803353,0.0,0.08019710010835443,0.0,0.0,0.01360013248978192
Aweil Centre,2022-01-24,test,0.0530916765088773,1,0.0661764705882353,0.0,0.06544165054803353,0.0,0.14296011482502805,0.0,0.0,0.044122498422779245
Aweil Centre,2022-01-31,test,0.0,0,0.0661764705882353,0.0,0.7527675276752768,0.0530916765088773,0.12631252350632174,0.0,0.0,0.06728272427793554
Aweil Centre,2022-02-07,test,0.0,0,0.00819672131147541,0.0,0.06544165054803353,0.0,0.032972108576062246,0.0,0.0,0.020156226808126683
Aweil Centre,2022-02-14,test,0.0,0,0.00819672131147541,0.0,0.06544165054803353,0.0,0.05238603008130145,0.0,0.0,0.04618713222258366
Aweil Centre,2022-02-21,test,0.0,0,0.00819672131147541,0.0,0.06544165054803353,0.0,0.030901819171717373,0.0,0.0,0.0022620053805451797
Aweil Centre,2022-02-28,test,0.0,0,0.00819672131147541,0.0,0.06544165054803353,0.0,0.03168848165339199,0.0,0.0,0.0022620053805451797
Aweil Centre,2022-03-07,test,0.0,0,0.05223880597014925,0.0,0.06544165054803353,0.0,0.03484768010224557,0.0,0.0,0.008924552964308365
Aweil Centre,2022-03-14,test,0.0,0,0.05223880597014925,0.0,0.06544165054803353,0.0,0.04522618115643506,0.0,0.0,0.010837672864838709
Aweil Centre,2022-03-21,test,0.0,0,0.05223880597014925,0.0,0.06544165054803353,0.0,0.0395776332856695,0.0,0.0,0.005049681021833042
Aweil Centre,2022-03-28,test,0.0,0,0.05223880597014925,0.0,0.06544165054803353,0.0,0.04073339259776619,0.0,0.0,0.00489144009025284
Aweil Centre,2022-04-04,test,0.0,0,0.03787878787878788,0.0,0.06544165054803353,0.0,0.042195397403808836,0.0,0.0,0.006133602060253141
Aweil Centre,2022-04-11,test,0.0,0,0.03787878787878788,0.0,0.06544165054803353,0.0,0.041752296850057595,0.0,0.0,0.006133602060253141
Aweil Centre,2022-04-18,test,0.0,0,0.03787878787878788,0.0,0.06544165054803353,0.0,0.03573663473739554,0.0,0.0,0.0020085161418667424
Aweil Centre,2022-04-25,test,0.0,0,0.03787878787878788,0.0,0.06544165054803353,0.0,0.036205699846812975,0.0,0.0,0.0068925706938727065
Aweil Centre,2022-05-02,test,0.0,0,0.007462686567164179,0.0,0.06544165054803353,0.0,0.034819265523808436,0.0,0.0,0.007747123149309918
Aweil Centre,2022-05-09,test,0.0,0,0.007462686567164179,0.0,0.06544165054803353,0.0,0.03244479186851524,0.0,0.0,0.0020085161418667424
Aweil Centre,2022-05-16,test,0.0,0,0.007462686567164179,0.0,0.06544165054803353,0.0,0.03075174744564629,0.0,0.0,0.0020085161418667424
Aweil Centre,2022-05-23,test,0.0,0,0.007462686567164179,0.0,0.06544165054803353,0.0,0.03075174744564629,0.0,0.0,0.0020085161418667424
Aweil Centre,2022-05-30,test,0.0,0,0.007462686567164179,0.0,0.06544165054803353,0.0,0.03075174744564629,0.0,0.0,0.0020085161418667424
Aweil Centre,2022-06-06,test,0.0,0,0.038461538461538464,0.0,0.06544165054803353,0.0,0.03075174744564629,0.0,0.0,0.0020085161418667424
Aweil Centre,2022-06-13,test,0.0,0,0.038461538461538464,0.0,0.06544165054803353,0.0,0.033210634778616056,0.0,0.0,0.0020085161418667424
Aweil Centre,2022-06-20,test,0.0,0,0.038461538461538464,0.0,0.06544165054803353,0.0,0.03149446674328958,0.0,0.0,0.0020085161418667424
Aweil Centre,2022-06-27,test,0.0,0,0.038461538461538464,0.0,0.06544165054803353,0.0,0.031296673917109066,0.0,0.0,0.0020085161418667424
Aweil Centre,2022-07-04,test,0.0,0,0.007352941176470588,0.0,0.06544165054803353,0.0,0.031242765220808242,0.0,0.0,0.0020085161418667424
Aweil Centre,2022-07-11,test,0.0,0,0.007352941176470588,0.0,0.06544165054803353,0.0,0.0440625698646649,0.0,0.0,0.006827215310532744
Aweil Centre,2022-07-18,test,0.0,0,0.007352941176470588,0.0,0.06544165054803353,0.0,0.03018818951609214,0.0,0.0,0.0035334053337736414
Aweil Centre,2022-07-25,test,0.0,0,0.007352941176470588,0.0,0.06544165054803353,0.0,0.033525146109505015,0.0,0.0,0.004993422905677988
Aweil Centre,2022-08-01,test,0.0,0,0.3106060606060606,0.0,0.06544165054803353,0.0,0.03749312989027659,0.0,0.0,0.043752076069350346
Aweil Centre,2022-08-08,test,0.0,0,0.3106060606060606,0.0,0.06544165054803353,0.0,0.06721242791236137,0.0,0.0,0.12888542849642237
Aweil Centre,2022-08-15,test,0.0,0,0.3106060606060606,0.0,0.06544165054803353,0.0,0.39303846494926836,0.0,0.015703205711973436,0.6114958691221999
Aweil Centre,2022-08-22,test,0.4246221120000885,1,0.3106060606060606,0.0,0.06544165054803353,0.0,0.3038800713820356,0.0,0.007379568529544405,1.1042544428385583
Aweil Centre,2022-08-29,test,0.4243095121229521,1,0.3106060606060606,0.0,0.7527675276752768,0.4246221120000885,0.5219645925321476,0.0,0.16471753744509715,1.1911676349326503
Aweil Centre,2022-09-05,test,0.6896195676424702,1,0.5681818181818182,0.1591004865320547,0.7527675276752768,0.4243095121229521,0.5543600266136796,0.0,0.13112534830407002,2.2150338961229936
Aweil Centre,2022-09-12,test,2.493298799563588,1,0.5681818181818182,0.1591004865320547,0.7527675276752768,0.6896195676424702,0.7807309351342336,0.0,0.24084217156720672,2.5404914591283143
Aweil Centre,2022-09-19,test,6.099878480380578,1,0.5681818181818182,0.1591004865320547,0.7527675276752768,2.493298799563588,0.878854613277395,0.0,1.1716247563211513,15.238461622242616
Aweil Centre,2022-09-26,test,3.819705814761416,1,0.5681818181818182,0.1591004865320547,0.7527675276752768,6.099878480380578,0.8953482901746063,0.04963844111232155,4.058825383343784,25.360452515110858
Aweil Centre,2022-10-03,test,0.7432022110348719,1,0.6838235294117647,0.3714698106708368,0.7527675276752768,3.819705814761416,0.8907712309324726,0.04963844111232155,2.9943298603076545,18.640152486636623
Aweil Centre,2022-10-10,test,0.5303279553091284,1,0.6838235294117647,0.3714698106708368,0.7527675276752768,0.7432022110348719,0.8454464704574559,0.0015924790129594006,0.45692649183840084,17.44781628910544
Aweil Centre,2022-10-17,test,0.0,0,0.6838235294117647,0.3714698106708368,0.7527675276752768,0.5303279553091284,0.8413192202677617,0.0015924790129594006,0.3188550145317199,5.908975961192585
Aweil Centre,2022-10-24,test,4.720415451283064,1,0.6838235294117647,0.3714698106708368,0.06544165054803353,0.0,0.5816123655314404,0.0,0.1585570777918433,1.2884667391757765
Aweil Centre,2022-10-31,test,2.280913118369124,1,0.6838235294117647,0.3714698106708368,0.7527675276752768,4.720415451283064,0.8687368657927188,0.04963844111232155,1.5330825800410104,13.651976215049775
Aweil Centre,2022-11-07,test,4.9878393097825775,1,0.5546875,0.1061869858513083,0.7527675276752768,2.280913118369124,0.8049103575855654,0.0019077954898751414,0.5946866585930681,9.796986919700341
Aweil Centre,2022-11-14,test,0.9024012879618478,1,0.5546875,0.1061869858513083,0.7527675276752768,4.9878393097825775,0.7767845737039726,0.04963844111232155,1.457484432385548,10.10443930572115
Aweil Centre,2022-11-21,test,0.159267912340944,1,0.5546875,0.1061869858513083,0.7527675276752768,0.9024012879618478,0.7412980594586809,0.0015924790129594006,0.2837634365243765,3.2286568922258625
Aweil Centre,2022-11-28,test,0.0,0,0.5546875,0.1061869858513083,0.7527675276752768,0.159267912340944,0.6792046021742061,0.0015924790129594006,0.15599331449570958,0.2938210055602989
Aweil Centre,2022-12-05,test,0.0,0,0.2246376811594203,0.0,0.06544165054803353,0.0,0.1908433178975339,0.0,0.0,0.7037313364674809
Aweil Centre,2022-12-12,test,0.0,0,0.2246376811594203,0.0,0.06544165054803353,0.0,0.0485191826183003,0.0,0.0,0.03137715517316754
Aweil Centre,2022-12-19,test,0.0,0,0.2246376811594203,0.0,0.06544165054803353,0.0,0.09478524302056338,0.0,0.0,0.06472441851192615
Aweil Centre,2022-12-26,test,0.0,0,0.2246376811594203,0.0,0.06544165054803353,0.0,0.09491607070687508,0.0,0.0,0.02752900315316512
Aweil Centre,2023-01-02,test,0.0,0,0.0661764705882353,0.0,0.06544165054803353,0.0,0.07407789777075321,0.0,0.0,0.015706846358804004
Aweil Centre,2023-01-09,test,0.0,0,0.0661764705882353,0.0,0.06544165054803353,0.0,0.07411159517827406,0.0,0.0,0.015188214316742495
Aweil Centre,2023-01-16,test,0.0,0,0.0661764705882353,0.0,0.06544165054803353,0.0,0.08019710010835443,0.0,0.0,0.01360013248978192
Aweil Centre,2023-01-23,test,0.0,0,0.0661764705882353,0.0,0.06544165054803353,0.0,0.08360477681997648,0.0,0.0,0.025178978201186305
Aweil Centre,2023-01-30,test,0.0,0,0.0661764705882353,0.0,0.06544165054803353,0.0,0.039689994153412025,0.0,0.0,0.00799684504295532
Aweil Centre,2023-02-06,test,0.0,0,0.00819672131147541,0.0,0.06544165054803353,0.0,0.03183509554167546,0.0,0.0,0.0022620053805451797
Aweil Centre,2023-02-13,test,0.0,0,0.00819672131147541,0.0,0.06544165054803353,0.0,0.031254758496023785,0.0,0.0,0.0022620053805451797
Aweil Centre,2023-02-20,test,0.0,0,0.00819672131147541,0.0,0.06544165054803353,0.0,0.031254758496023785,0.0,0.0,0.0022620053805451797
Aweil Centre,2023-02-27,test,0.0,0,0.00819672131147541,0.0,0.06544165054803353,0.0,0.03168848165339199,0.0,0.0,0.0022620053805451797
Aweil Centre,2023-03-06,test,0.0,0,0.05223880597014925,0.0,0.06544165054803353,0.0,0.03484768010224557,0.0,0.0,0.008924552964308365
Aweil Centre,2023-03-13,test,0.0,0,0.05223880597014925,0.0,0.06544165054803353,0.0,0.04648818312538708,0.0,0.0,0.010837672864838709
Aweil Centre,2023-03-20,test,0.0,0,0.05223880597014925,0.0,0.06544165054803353,0.0,0.0395776332856695,0.0,0.0,0.005049681021833042
Aweil Centre,2023-03-27,test,0.0,0,0.05223880597014925,0.0,0.06544165054803353,0.0,0.04081009844863011,0.0,0.0,0.004649293507591494
Aweil Centre,2023-04-03,test,0.0,0,0.03787878787878788,0.0,0.06544165054803353,0.0,0.042195397403808836,0.0,0.0,0.006133602060253141
Aweil Centre,2023-04-10,test,0.0,0,0.03787878787878788,0.0,0.06544165054803353,0.0,0.04320945996031598,0.0,0.0,0.006133602060253141
Aweil Centre,2023-04-17,test,0.0,0,0.03787878787878788,0.0,0.06544165054803353,0.0,0.03573663473739554,0.0,0.0,0.0020085161418667424
Aweil Centre,2023-04-24,test,0.0,0,0.03787878787878788,0.0,0.06544165054803353,0.0,0.035435752215746665,0.0,0.0,0.0068925706938727065
Aweil Centre,2023-05-01,test,0.0,0,0.007462686567164179,0.0,0.06544165054803353,0.0,0.03487722880418005,0.0,0.0,0.00874045657284491
Aweil Centre,2023-05-08,test,0.0,0,0.007462686567164179,0.0,0.06544165054803353,0.0,0.03244479186851524,0.0,0.0,0.0020085161418667424
Aweil Centre,2023-05-15,test,0.0,0,0.007462686567164179,0.0,0.06544165054803353,0.0,0.03075174744564629,0.0,0.0,0.0020085161418667424
Aweil Centre,2023-05-22,test,0.0,0,0.007462686567164179,0.0,0.06544165054803353,0.0,0.03075174744564629,0.0,0.0,0.0020085161418667424
Aweil Centre,2023-05-29,test,0.3712736701131797,1,0.007462686567164179,0.0,0.06544165054803353,0.0,0.03075174744564629,0.0,0.0,0.0020085161418667424
Aweil Centre,2023-06-05,test,0.0,0,0.038461538461538464,0.0,0.7527675276752768,0.3712736701131797,0.163932120534403,0.0,0.0,0.6170372263719378
Aweil Centre,2023-06-12,test,0.0,0,0.038461538461538464,0.0,0.06544165054803353,0.0,0.09630041698436088,0.0,0.0,0.3724362084396534
Aweil Centre,2023-06-19,test,0.0,0,0.038461538461538464,0.0,0.06544165054803353,0.0,0.06676621774163354,0.0,0.0,0.1247615416535665
Aweil Centre,2023-06-26,test,0.0,0,0.038461538461538464,0.0,0.06544165054803353,0.0,0.03791162505323222,0.0,0.0,0.007650293947183766
Aweil Centre,2023-07-03,test,0.0,0,0.007352941176470588,0.0,0.06544165054803353,0.0,0.031242765220808242,0.0,0.0,0.0020085161418667424
Aweil Centre,2023-07-10,test,0.0,0,0.007352941176470588,0.0,0.06544165054803353,0.0,0.0495642862156524,0.0,0.0,0.009803301398818536
Aweil Centre,2023-07-17,test,0.0,0,0.007352941176470588,0.0,0.06544165054803353,0.0,0.03018818951609214,0.0,0.0,0.0035334053337736414
Aweil Centre,2023-07-24,test,0.0,0,0.007352941176470588,0.0,0.06544165054803353,0.0,0.033525146109505015,0.0,0.0,0.005621112748184241
Aweil Centre,2023-07-31,test,0.0,0,0.007352941176470588,0.0,0.06544165054803353,0.0,0.03398563195981751,0.0,0.0,0.006319811494109027
Aweil Centre,2023-08-07,test,0.0,0,0.3106060606060606,0.0,0.06544165054803353,0.0,0.0669128949139303,0.0,0.0,0.13007930455047295
Aweil Centre,2023-08-14,test,0.0,0,0.3106060606060606,0.0,0.06544165054803353,0.0,0.4505093889114726,0.0,0.015703205711973436,0.626377018289753
Aweil Centre,2023-08-21,test,0.0,0,0.3106060606060606,0.0,0.06544165054803353,0.0,0.40708943113004636,0.0,0.01290508745187708,1.2839529159853496
Aweil Centre,2023-08-28,test,0.0,0,0.3106060606060606,0.0,0.06544165054803353,0.0,0.17075305114841607,0.0,0.0033723568469625704,0.7757013995842122
Aweil Centre,2023-09-04,test,0.0,0,0.5681818181818182,0.1591004865320547,0.06544165054803353,0.0,0.17800845470619564,0.0,0.002088504815856776,0.6702025118750279
Aweil Centre,2023-09-11,test,0.0,0,0.5681818181818182,0.1591004865320547,0.06544165054803353,0.0,0.2548594616188623,0.0,0.002088504815856776,0.30152149449989424
Aweil Centre,2023-09-18,test,0.0,0,0.5681818181818182,0.1591004865320547,0.06544165054803353,0.0,0.32363275299900834,0.0,0.002088504815856776,1.8595217065723837
Aweil Centre,2023-09-25,test,0.0,0,0.5681818181818182,0.1591004865320547,0.06544165054803353,0.0,0.2295084016736632,0.0,0.002088504815856776,0.8246055568474504
Aweil Centre,2023-10-02,test,0.0,0,0.6838235294117647,0.3714698106708368,0.06544165054803353,0.0,0.32406562387852406,0.0,0.00367863756642755,3.773906036601874
Aweil Centre,2023-10-09,test,0.0,0,0.6838235294117647,0.3714698106708368,0.06544165054803353,0.0,0.23500163386117584,0.0,0.00367863756642755,1.0306519447637674
Aweil Centre,2023-10-16,test,0.0,0,0.6838235294117647,0.3714698106708368,0.06544165054803353,0.0,0.30929018798723495,0.0,0.0034741106115135974,0.16514931161584726
Aweil Centre,2023-10-23,test,0.0,0,0.6838235294117647,0.3714698106708368,0.06544165054803353,0.0,0.32783905703636085,0.0,0.0034741106115135974,0.3129218627922997
Aweil Centre,2023-10-30,test,0.0,0,0.6838235294117647,0.3714698106708368,0.06544165054803353,0.0,0.45057952260499456,0.0,0.0034741106115135974,0.2417894672466702
Aweil Centre,2023-11-06,test,0.5836376988483539,1,0.5546875,0.1061869858513083,0.06544165054803353,0.0,0.38287259786888156,0.0,0.0034741106115135974,0.3043685635494512
Aweil Centre,2023-11-13,test,0.1060784036465208,1,0.5546875,0.1061869858513083,0.7527675276752768,0.5836376988483539,0.5753620989253231,0.0,0.08587098568416475,0.6127643162317175
Aweil Centre,2023-11-20,test,0.0,0,0.5546875,0.1061869858513083,0.7527675276752768,0.1060784036465208,0.563933436729554,0.0,0.07398857083182757,1.420511443731049
Aweil Centre,2023-11-27,test,0.0,0,0.5546875,0.1061869858513083,0.06544165054803353,0.0,0.3946890092861992,0.0,0.01789866467613515,0.8314704563082095
Aweil Centre,2023-12-04,test,1.0621833763617674,1,0.2246376811594203,0.0,0.06544165054803353,0.0,0.05674013844985328,0.0,0.0,0.14299473272395502
Aweil Centre,2023-12-11,test,0.0,0,0.2246376811594203,0.0,0.7527675276752768,1.0621833763617674,0.538240637444459,0.0,0.1000212344764948,1.1920994227702135
Aweil Centre,2023-12-18,test,0.0,0,0.2246376811594203,0.0,0.06544165054803353,0.0,0.20781551577169405,0.0,0.0,0.9222531162798084
Aweil Centre,2023-12-25,test,0.0,0,0.2246376811594203,0.0,0.06544165054803353,0.0,0.2035372966658134,0.0,0.0,0.045530127085737275
Aweil Centre,2024-01-01,test,0.3186147985009944,1,0.0661764705882353,0.0,0.06544165054803353,0.0,0.06565800567568315,0.0,0.0,0.014008744934406406
Aweil Centre,2024-01-08,test,0.0,0,0.0661764705882353,0.0,0.7527675276752768,0.3186147985009944,0.2857244646386864,0.0,0.03805193703034495,0.26853122205452545
Aweil Centre,2024-01-15,test,0.0,0,0.0661764705882353,0.0,0.06544165054803353,0.0,0.15445850593997093,0.0,0.0,0.1428287562202006
Aweil Centre,2024-01-22,test,0.0,0,0.0661764705882353,0.0,0.06544165054803353,0.0,0.08550967136676814,0.0,0.0,0.025321271117543325
Aweil Centre,2024-01-29,test,0.0,0,0.0661764705882353,0.0,0.06544165054803353,0.0,0.059166304383043225,0.0,0.0,0.013462294230855914
Aweil Centre,2024-02-05,test,0.0,0,0.00819672131147541,0.0,0.06544165054803353,0.0,0.03183509554167546,0.0,0.0,0.0022620053805451797
Aweil Centre,2024-02-12,test,0.1592707476373702,1,0.00819672131147541,0.0,0.06544165054803353,0.0,0.031254758496023785,0.0,0.0,0.0022620053805451797
Aweil Centre,2024-02-19,test,0.0,0,0.00819672131147541,0.0,0.7527675276752768,0.1592707476373702,0.12964402783580584,0.0,0.0,0.09934983014792058
Aweil Centre,2024-02-26,test,0.0,0,0.00819672131147541,0.0,0.06544165054803353,0.0,0.07541318700630151,0.0,0.0,0.21922281251195475
Aweil Centre,2024-03-04,test,0.0,0,0.05223880597014925,0.0,0.06544165054803353,0.0,0.07011928112324169,0.0,0.0,0.07282625420238435
Aweil Centre,2024-03-11,test,0.0,0,0.05223880597014925,0.0,0.06544165054803353,0.0,0.04956624916203913,0.0,0.0,0.011394820373750744
Aweil Centre,2024-03-18,test,0.0,0,0.05223880597014925,0.0,0.06544165054803353,0.0,0.0395776332856695,0.0,0.0,0.006746754408862002
Aweil Centre,2024-03-25,test,0.0,0,0.05223880597014925,0.0,0.06544165054803353,0.0,0.04081009844863011,0.0,0.0,0.004649293507428874
Aweil Centre,2024-04-01,test,0.0,0,0.03787878787878788,0.0,0.06544165054803353,0.0,0.044177143002770106,0.0,0.0,0.006133602060253141
Aweil Centre,2024-04-08,test,0.0,0,0.03787878787878788,0.0,0.06544165054803353,0.0,0.046623615822248374,0.0,0.0,0.0069149453650342516
Aweil Centre,2024-04-15,test,0.0,0,0.03787878787878788,0.0,0.06544165054803353,0.0,0.03573663473739554,0.0,0.0,0.0020085161418667424
Aweil Centre,2024-04-22,test,0.0,0,0.03787878787878788,0.0,0.06544165054803353,0.0,0.035435752215746665,0.0,0.0,0.0068925706938727065
Aweil Centre,2024-04-29,test,0.0,0,0.03787878787878788,0.0,0.06544165054803353,0.0,0.03487722880418005,0.0,0.0,0.007747123149309918
Aweil Centre,2024-05-06,test,0.0,0,0.007462686567164179,0.0,0.06544165054803353,0.0,0.04235589380508667,0.0,0.0,0.027888061023451895
Aweil Centre,2024-05-13,test,0.0,0,0.007462686567164179,0.0,0.06544165054803353,0.0,0.03075174744564629,0.0,0.0,0.0025973693736480565
Aweil Centre,2024-05-20,test,0.0,0,0.007462686567164179,0.0,0.06544165054803353,0.0,0.03075174744564629,0.0,0.0,0.0020085161418667424
Aweil Centre,2024-05-27,test,0.0,0,0.007462686567164179,0.0,0.06544165054803353,0.0,0.03075174744564629,0.0,0.0,0.0020085161418667424
Aweil Centre,2024-06-03,test,0.0,0,0.038461538461538464,0.0,0.06544165054803353,0.0,0.03075174744564629,0.0,0.0,0.0020085161418667424
Aweil Centre,2024-06-10,test,0.0,0,0.038461538461538464,0.0,0.06544165054803353,0.0,0.033210634778616056,0.0,0.0,0.0020085161418667424
Aweil Centre,2024-06-17,test,0.0,0,0.038461538461538464,0.0,0.06544165054803353,0.0,0.03149446674328958,0.0,0.0,0.0020085161418667424
Aweil Centre,2024-06-24,test,0.0,0,0.038461538461538464,0.0,0.06544165054803353,0.0,0.035260158806756224,0.0,0.0,0.007608033468792743
Aweil Centre,2024-07-01,test,0.0,0,0.007352941176470588,0.0,0.06544165054803353,0.0,0.031296673917109066,0.0,0.0,0.0020085161418667424
Aweil Centre,2024-07-08,test,0.0,0,0.007352941176470588,0.0,0.06544165054803353,0.0,0.030631396745767273,0.0,0.0,0.0020085161418667424
Aweil Centre,2024-07-15,test,0.0,0,0.007352941176470588,0.0,0.06544165054803353,0.0,0.03018818951609214,0.0,0.0,0.0035334053337736414
Aweil Centre,2024-07-22,test,0.0,0,0.007352941176470588,0.0,0.06544165054803353,0.0,0.04149037834551872,0.0,0.0,0.019421226630166877
Aweil Centre,2024-07-29,test,0.0,0,0.007352941176470588,0.0,0.06544165054803353,0.0,0.03398563195981751,0.0,0.0,0.006320144889310279
Aweil Centre,2024-08-05,test,0.0,0,0.3106060606060606,0.0,0.06544165054803353,0.0,0.0669128949139303,0.0,0.0,0.14074336868736073
Aweil Centre,2024-08-12,test,0.0,0,0.3106060606060606,0.0,0.06544165054803353,0.0,0.14717304087441707,0.0,0.0,0.5791362489996765
Aweil Centre,2024-08-19,test,0.0,0,0.3106060606060606,0.0,0.06544165054803353,0.0,0.4956139190151237,0.0,0.01411307296140266,1.8284480990543452
Aweil Centre,2024-08-26,test,0.0,0,0.3106060606060606,0.0,0.06544165054803353,0.0,0.17075305114841607,0.0,0.0033723568469625704,0.6057440163566107
Aweil Centre,2024-09-02,test,3.712588072303413,1,0.5681818181818182,0.1591004865320547,0.06544165054803353,0.0,0.19564834615793913,0.0,0.002088504815856776,0.6941984391975685
Aweil Centre,2024-09-09,test,0.1060709629531875,1,0.5681818181818182,0.1591004865320547,0.7527675276752768,3.712588072303413,0.8342332126473222,0.04963844111232155,1.7809826984022386,15.571447886558275
Aweil Centre,2024-09-16,test,1.2202040516477215,1,0.5681818181818182,0.1591004865320547,0.7527675276752768,0.1060709629531875,0.7159288985999988,0.0,0.27680572009410037,14.366888737869548
Aweil Centre,2024-09-23,test,0.159255351015105,1,0.5681818181818182,0.1591004865320547,0.7527675276752768,1.2202040516477215,0.8118401999797584,0.0,0.7880884418658668,9.727529130297413
Aweil Centre,2024-09-30,test,0.0,0,0.5681818181818182,0.1591004865320547,0.7527675276752768,0.159255351015105,0.8365899113540761,0.0015924790129594006,0.4511802205571658,16.856635065637356
Aweil Centre,2024-10-07,test,0.0,0,0.6838235294117647,0.3714698106708368,0.06544165054803353,0.0,0.5520835650242116,0.0,0.10846386088601287,0.6785018977824767
Aweil Centre,2024-10-14,test,0.0,0,0.6838235294117647,0.3714698106708368,0.06544165054803353,0.0,0.4983666046443227,0.0,0.09355854932276318,0.9504233907667274
Aweil Centre,2024-10-21,test,0.6369769847984961,1,0.6838235294117647,0.3714698106708368,0.06544165054803353,0.0,0.34208037139683983,0.0,0.0034741106115135974,1.1679428074624305
Aweil Centre,2024-10-28,test,2.3338341658084296,1,0.6838235294117647,0.3714698106708368,0.7527675276752768,0.6369769847984961,0.5434238282893267,0.0,0.09573194081865632,0.9863720496731746
Aweil Centre,2024-11-04,test,1.4315966169520618,1,0.5546875,0.1061869858513083,0.7527675276752768,2.3338341658084296,0.72323942822831,0.0019077954898751414,0.3431374295362203,4.1846039687876075
Aweil Centre,2024-11-11,test,0.1060394871442995,1,0.5546875,0.1061869858513083,0.7527675276752768,1.4315966169520618,0.7152841165399161,0.0,0.41377268152775265,4.210292230336593
Aweil Centre,2024-11-18,test,0.0,0,0.5546875,0.1061869858513083,0.7527675276752768,0.1060394871442995,0.6555166700183458,0.0,0.14864613635439422,3.1958035914753307
Aweil Centre,2024-11-25,test,0.0530779451040482,1,0.5546875,0.1061869858513083,0.06544165054803353,0.0,0.5929240682451735,0.0,0.058064497467804205,0.7705528560467557
Aweil Centre,2024-12-02,test,0.6903102504260482,1,0.2246376811594203,0.0,0.7527675276752768,0.0530779451040482,0.5697165050950372,0.0015924790129594006,0.08605006534448525,0.17934058415300946
Aweil Centre,2024-12-09,test,0.0,0,0.2246376811594203,0.0,0.7527675276752768,0.6903102504260482,0.545559148241476,0.0,0.08639566065217853,0.6325192961405429
Aweil Centre,2024-12-16,test,0.0531063695410598,1,0.2246376811594203,0.0,0.06544165054803353,0.0,0.18501210248087208,0.0,0.0,0.6069308359408171
Aweil Centre,2024-12-23,test,0.0,0,0.2246376811594203,0.0,0.7527675276752768,0.0531063695410598,0.31940085313141664,0.0,0.03150793745883408,0.04350247060372291
Aweil Centre,2024-12-30,test,0.0,0,0.2246376811594203,0.0,0.06544165054803353,0.0,0.05466075586398045,0.0,0.0,0.03622196386669668
Aweil Centre,2025-01-06,test,0.0,0,0.0661764705882353,0.0,0.06544165054803353,0.0,0.05176177312506914,0.0,0.0,0.012541359525413194
Aweil Centre,2025-01-13,test,0.0,0,0.0661764705882353,0.0,0.06544165054803353,0.0,0.07208827727265077,0.0,0.0,0.01430284042173783
Aweil Centre,2025-01-20,test,0.0,0,0.0661764705882353,0.0,0.06544165054803353,0.0,0.0816563223384517,0.0,0.0,0.025925437110196393
Aweil Centre,2025-01-27,test,0.0,0,0.0661764705882353,0.0,0.06544165054803353,0.0,0.120841545969957,0.0,0.0,0.03825013004821864
Aweil Centre,2025-02-03,test,0.0,0,0.00819672131147541,0.0,0.06544165054803353,0.0,0.039689994153412025,0.0,0.0,0.0022616526582879253
Aweil Centre,2025-02-10,test,0.0,0,0.00819672131147541,0.0,0.06544165054803353,0.0,0.03183509554167546,0.0,0.0,0.0022620053805451797
Aweil Centre,2025-02-17,test,0.0,0,0.00819672131147541,0.0,0.06544165054803353,0.0,0.031254758496023785,0.0,0.0,0.0022620053805451797
Aweil Centre,2025-02-24,test,0.0,0,0.00819672131147541,0.0,0.06544165054803353,0.0,0.031254758496023785,0.0,0.0,0.0022620053805451797
Aweil Centre,2025-03-03,test,0.0,0,0.05223880597014925,0.0,0.06544165054803353,0.0,0.031981057441992235,0.0,0.0,0.0022620053805451797
Aweil Centre,2025-03-10,test,0.0,0,0.05223880597014925,0.0,0.06544165054803353,0.0,0.0806423098382302,0.0,0.0,0.06449362799950079
Aweil Centre,2025-03-17,test,0.0,0,0.05223880597014925,0.0,0.06544165054803353,0.0,0.0395776332856695,0.0,0.0,0.009933735573839001
Aweil Centre,2025-03-24,test,0.0,0,0.05223880597014925,0.0,0.06544165054803353,0.0,0.0395776332856695,0.0,0.0,0.005049681021833042
Aweil Centre,2025-03-31,test,0.0,0,0.05223880597014925,0.0,0.06544165054803353,0.0,0.048312760654075915,0.0,0.0,0.009803252351432108
Aweil Centre,2025-04-07,test,0.0,0,0.03787878787878788,0.0,0.06544165054803353,0.0,0.043667320100349086,0.0,0.0,0.006133602060253141
Aweil Centre,2025-04-14,test,0.0,0,0.03787878787878788,0.0,0.06544165054803353,0.0,0.041752296850057595,0.0,0.0,0.006133602060253141
Aweil Centre,2025-04-21,test,0.0,0,0.03787878787878788,0.0,0.06544165054803353,0.0,0.036076588076934514,0.0,0.0,0.004896823128264594
Aweil Centre,2025-04-28,test,0.0,0,0.03787878787878788,0.0,0.06544165054803353,0.0,0.0387307219804906,0.0,0.0,0.007747123149309918
Aweil Centre,2025-05-05,test,0.0,0,0.007462686567164179,0.0,0.06544165054803353,0.0,0.046867526438232256,0.0,0.0,0.0446622910630313
Aweil Centre,2025-05-12,test,0.0,0,0.007462686567164179,0.0,0.06544165054803353,0.0,0.03438848457576214,0.0,0.0,0.002896481792285004
Aweil Centre,2025-05-19,test,0.0,0,0.007462686567164179,0.0,0.06544165054803353,0.0,0.03075174744564629,0.0,0.0,0.0020085161418667424
Aweil Centre,2025-05-26,test,0.0,0,0.007462686567164179,0.0,0.06544165054803353,0.0,0.03075174744564629,0.0,0.0,0.0020085161418667424
Aweil Centre,2025-06-02,test,0.0,0,0.038461538461538464,0.0,0.06544165054803353,0.0,0.03075174744564629,0.0,0.0,0.0020085161418667424
Aweil Centre,2025-06-09,test,0.0,0,0.038461538461538464,0.0,0.06544165054803353,0.0,0.033210634778616056,0.0,0.0,0.0020085161418667424
Aweil Centre,2025-06-16,test,0.0,0,0.038461538461538464,0.0,0.06544165054803353,0.0,0.03149446674328958,0.0,0.0,0.008795034406755426
Aweil Centre,2025-06-23,test,0.0,0,0.038461538461538464,0.0,0.06544165054803353,0.0,0.0325167331537021,0.0,0.0,0.013546649324684712
Aweil Centre,2025-06-30,test,0.0,0,0.038461538461538464,0.0,0.06544165054803353,0.0,0.031296673917109066,0.0,0.0,0.0020085161418667424
Aweil Centre,2025-07-07,test,0.0,0,0.007352941176470588,0.0,0.06544165054803353,0.0,0.030631396745767273,0.0,0.0,0.0020085161418667424
Aweil Centre,2025-07-14,test,0.0,0,0.007352941176470588,0.0,0.06544165054803353,0.0,0.029853683922156014,0.0,0.0,0.0035334054519768907
Aweil Centre,2025-07-21,test,0.0,0,0.007352941176470588,0.0,0.06544165054803353,0.0,0.05042643746190149,0.0,0.0,0.01251127006317729
Aweil Centre,2025-07-28,test,0.0,0,0.007352941176470588,0.0,0.06544165054803353,0.0,0.03398563195981751,0.0,0.0,0.007798686942636621
Aweil Centre,2025-08-04,test,0.0,0,0.3106060606060606,0.0,0.06544165054803353,0.0,0.04037032570763065,0.0,0.0,0.09632797010650522
Aweil Centre,2025-08-11,test,0.0,0,0.3106060606060606,0.0,0.06544165054803353,0.0,0.14200286419274546,0.0,0.0,0.11029527926769507
Aweil Centre,2025-08-18,test,0.0,0,0.3106060606060606,0.0,0.06544165054803353,0.0,0.4632276385187427,0.0,0.01411307296140266,0.9816660821216968
Aweil Centre,2025-08-25,test,0.0,0,0.3106060606060606,0.0,0.06544165054803353,0.0,0.22249607727113463,0.0,0.0033723568469625704,0.9856903991871911
Aweil Centre,2025-09-01,test,0.0,0,0.5681818181818182,0.1591004865320547,0.06544165054803353,0.0,0.2131448138332222,0.0,0.002088504815856776,0.8948919760183862
Aweil Centre,2025-09-08,test,0.0,0,0.5681818181818182,0.1591004865320547,0.06544165054803353,0.0,0.26803619586898064,0.0,0.002088504815856776,0.3714144885803733
Aweil Centre,2025-09-15,test,0.0,0,0.5681818181818182,0.1591004865320547,0.06544165054803353,0.0,0.23511762742266948,0.0,0.002088504815856776,0.749467193768414
Aweil Centre,2025-09-22,test,0.0,0,0.5681818181818182,0.1591004865320547,0.06544165054803353,0.0,0.24447168166194977,0.0,0.002088504815856776,0.12389473739414898
Aweil Centre,2025-09-29,test,0.0,0,0.5681818181818182,0.1591004865320547,0.06544165054803353,0.0,0.3283299370162992,0.0,0.002088504815856776,2.8687921865735406
Aweil Centre,2025-10-06,test,0.0,0,0.6838235294117647,0.3714698106708368,0.06544165054803353,0.0,0.23686394902603328,0.0,0.00367863756642755,0.6228405617162505
Aweil Centre,2025-10-13,test,7.375376150568354,1,0.6838235294117647,0.3714698106708368,0.06544165054803353,0.0,0.21526534110086706,0.0,0.002088504815856776,0.002088504815856776
Aweil Centre,2025-10-20,test,7.957585488875643,1,0.6838235294117647,0.3714698106708368,0.7527675276752768,7.375376150568354,0.8913528977161038,0.04963844111232155,2.4314348893923965,9.722187541346365
Aweil Centre,2025-10-27,test,0.7425135765765242,1,0.6838235294117647,0.3714698106708368,0.7527675276752768,7.957585488875643,0.8993889294105891,0.04963844111232155,2.585290262308283,9.812473861784854
Aweil Centre,2025-11-03,test,0.0530378643874506,1,0.5546875,0.1061869858513083,0.7527675276752768,0.7425135765765242,0.6650058044017689,0.0,0.17621666515376522,2.382845776040228
Aweil Centre,2025-11-10,test,0.1060911409315006,1,0.5546875,0.1061869858513083,0.7527675276752768,0.0530378643874506,0.6606337348321601,0.0015924790129594006,0.16815120157582553,1.453435873693268
Aweil Centre,2025-11-17,test,0.0,0,0.5546875,0.1061869858513083,0.7527675276752768,0.1060911409315006,0.664618621361994,0.0015924790129594006,0.14239395505077285,1.4275690806881025
Aweil Centre,2025-11-24,test,0.3715957441079309,1,0.5546875,0.1061869858513083,0.06544165054803353,0.0,0.5489361166616007,0.0,0.013082428404116603,0.9075942979313377
Aweil Centre,2025-12-01,test,0.0530793830417194,1,0.2246376811594203,0.0,0.7527675276752768,0.3715957441079309,0.5390757703596045,0.0,0.07783541326364701,0.6313377899371019
Aweil Centre,2025-12-08,test,0.0,0,0.2246376811594203,0.0,0.7527675276752768,0.0530793830417194,0.34774901324993596,0.0,0.02938401070364257,0.45777305996646594
Aweil Centre,2025-12-15,test,0.1062156389575023,1,0.2246376811594203,0.0,0.06544165054803353,0.0,0.10090897973224654,0.0,0.0,0.37050465746742745
Aweil Centre,2025-12-22,test,0.0,0,0.2246376811594203,0.0,0.7527675276752768,0.1062156389575023,0.48009547336995695,0.0,0.037199709052151364,0.09439836263269565
Aweil Centre,2025-12-29,test,0.0,0,0.2246376811594203,0.0,0.06544165054803353,0.0,0.11845479031258994,0.0,0.0,0.24445691578514686
Aweil East,2020-01-20,test,0.0,0,0.19852941176470587,0.0,0.7527675276752768,0.1590906210307262,0.3643456218359901,0.0,0.0015482142134606838,0.21553760082995083
Aweil East,2020-01-27,test,0.0,0,0.19852941176470587,0.0,0.06544165054803353,0.0,0.152311670081657,0.0,0.0,0.21030643423073506
Aweil East,2020-02-03,test,0.0,0,0.07377049180327869,0.0,0.06544165054803353,0.0,0.0846380162990553,0.0,0.0,0.03846998253053436
Aweil East,2020-02-10,test,0.0,0,0.07377049180327869,0.0,0.06544165054803353,0.0,0.032218780646182874,0.0,0.0,0.0020085161418667424
Aweil East,2020-02-17,test,0.0,0,0.07377049180327869,0.0,0.06544165054803353,0.0,0.03152846600252973,0.0,0.0,0.0020085161418667424
Aweil East,2020-02-24,test,0.0,0,0.07377049180327869,0.0,0.06544165054803353,0.0,0.03152846600252973,0.0,0.0,0.0020085161418667424
Aweil East,2020-03-02,test,0.0,0,0.007462686567164179,0.0,0.06544165054803353,0.0,0.03203474803693278,0.0,0.0,0.0020085161418667424
Aweil East,2020-03-09,test,0.0,0,0.007462686567164179,0.0,0.06544165054803353,0.0,0.08050598139295657,0.0,0.0,0.0685515376368248
Aweil East,2020-03-16,test,0.0,0,0.007462686567164179,0.0,0.06544165054803353,0.0,0.03731817198470419,0.0,0.0,0.0068925706938727065
Aweil East,2020-03-23,test,0.0,0,0.007462686567164179,0.0,0.06544165054803353,0.0,0.03731817198470419,0.0,0.0,0.0020085161418667424
Aweil East,2020-03-30,test,0.0,0,0.007462686567164179,0.0,0.06544165054803353,0.0,0.04295222734415087,0.0,0.0,0.005678166433045709
Aweil East,2020-04-06,test,0.0,0,0.03787878787878788,0.0,0.06544165054803353,0.0,0.038801206036585725,0.0,0.0,0.0020085161418667424
Aweil East,2020-04-13,test,0.0,0,0.03787878787878788,0.0,0.06544165054803353,0.0,0.037091308620986106,0.0,0.0,0.0020085161418667424
Aweil East,2020-04-20,test,0.0,0,0.03787878787878788,0.0,0.06544165054803353,0.0,0.04588346649779756,0.0,0.0,0.00793636921506456
Aweil East,2020-04-27,test,0.0,0,0.03787878787878788,0.0,0.06544165054803353,0.0,0.04922224449830452,0.0,0.0,0.010786669236109887
Aweil East,2020-05-04,test,0.158831966922668,1,0.06716417910447761,0.0,0.06544165054803353,0.0,0.05942691486286668,0.0,0.0,0.04770183714983126
Aweil East,2020-05-11,test,0.0,0,0.06716417910447761,0.0,0.7527675276752768,0.158831966922668,0.10318971934999575,0.0,0.0,0.05537938491800197
Aweil East,2020-05-18,test,0.0,0,0.06716417910447761,0.0,0.06544165054803353,0.0,0.0681856095956747,0.0,0.0,0.448609629638706
Aweil East,2020-05-25,test,0.0,0,0.06716417910447761,0.0,0.06544165054803353,0.0,0.05197385832977757,0.0,0.0,0.07454024039799233
Aweil East,2020-06-01,test,0.0,0,0.08461538461538462,0.0,0.06544165054803353,0.0,0.030149222985503578,0.0,0.0,0.0020085161418667424
Aweil East,2020-06-08,test,0.0,0,0.08461538461538462,0.0,0.06544165054803353,0.0,0.02913868603352553,0.0,0.0,0.0020085161418667424
Aweil East,2020-06-15,test,0.0,0,0.08461538461538462,0.0,0.06544165054803353,0.0,0.029214178361629872,0.0,0.0,0.008795034406755426
Aweil East,2020-06-22,test,0.0,0,0.08461538461538462,0.0,0.06544165054803353,0.0,0.031093311714124106,0.0,0.0,0.013546649324684712
Aweil East,2020-06-29,test,0.0,0,0.08461538461538462,0.0,0.06544165054803353,0.0,0.029925008669392867,0.0,0.0,0.002008517348908098
Aweil East,2020-07-06,test,0.0,0,0.09558823529411764,0.0,0.06544165054803353,0.0,0.02928800759216492,0.0,0.0,0.002008517348908098
Aweil East,2020-07-13,test,0.0,0,0.09558823529411764,0.0,0.06544165054803353,0.0,0.03331732045659302,0.0,0.0,0.0035334066088471517
Aweil East,2020-07-20,test,0.0,0,0.09558823529411764,0.0,0.06544165054803353,0.0,0.05673310943291462,0.0,0.0,0.01251127122004755
Aweil East,2020-07-27,test,0.0,0,0.09558823529411764,0.0,0.06544165054803353,0.0,0.036991331024377676,0.0,0.0,0.008490891289204133
Aweil East,2020-08-03,test,0.0,0,0.553030303030303,0.2117861425016315,0.06544165054803353,0.0,0.04873384748856704,0.0,0.0,0.29628386984550537
Aweil East,2020-08-10,test,0.0,0,0.553030303030303,0.2117861425016315,0.06544165054803353,0.0,0.2527942332074517,0.0,0.0014284595831513625,0.6274726008020851
Aweil East,2020-08-17,test,0.0,0,0.553030303030303,0.2117861425016315,0.06544165054803353,0.0,0.6815307992960801,0.0,0.015498678757059481,1.6358950123870764
Aweil East,2020-08-24,test,0.0,0,0.553030303030303,0.2117861425016315,0.06544165054803353,0.0,0.4403316963550483,0.0,0.004757962642619392,1.8864521923721096
Aweil East,2020-08-31,test,0.1590494219692124,1,0.553030303030303,0.2117861425016315,0.06544165054803353,0.0,0.4227284921053554,0.0,0.0034741106115135974,2.3993943614632047
Aweil East,2020-09-07,test,3.339919084759853,1,0.7045454545454546,5.77871250314939,0.7527675276752768,0.1590494219692124,0.5250559949479388,0.0,0.19032469487141096,4.259358970710887
Aweil East,2020-09-14,test,5.354227638777099,1,0.7045454545454546,5.77871250314939,0.7527675276752768,3.339919084759853,0.7555536355416773,0.0,0.6661435224775901,14.180322129616915
Aweil East,2020-09-21,test,17.602086656304625,1,0.7045454545454546,5.77871250314939,0.7527675276752768,5.354227638777099,0.7896397581020884,0.04963844111232155,2.0890981664279864,20.951886501316313
Aweil East,2020-09-28,test,57.36614904068658,1,0.7045454545454546,5.77871250314939,0.7527675276752768,17.602086656304625,0.907414066393186,0.04963844111232155,8.462836774817118,25.447855302531647
Aweil East,2020-10-05,test,99.89131074911158,1,0.8602941176470589,24.653744379631284,0.7527675276752768,57.36614904068658,0.9114001608878064,0.04963844111232155,21.124078841707686,86.25995949338012
Aweil East,2020-10-12,test,76.08097570442514,1,0.8602941176470589,24.653744379631284,0.7527675276752768,99.89131074911158,0.91209541048812,0.04963844111232155,25.475916057081545,205.01116771562414
Aweil East,2020-10-19,test,27.728498527564668,1,0.8602941176470589,24.653744379631284,0.7527675276752768,76.08097570442514,0.91209541048812,0.04963844111232155,25.86006466377116,246.91009197374865
Aweil East,2020-10-26,test,66.05928541398988,1,0.8602941176470589,24.653744379631284,0.7527675276752768,27.728498527564668,0.9108041111352974,0.04963844111232155,9.665588479686017,132.7689004888527
Aweil East,2020-11-02,test,131.8586325899302,1,0.7578125,1.960766295700251,0.7527675276752768,66.05928541398988,0.9108041111352974,0.04963844111232155,27.285821866184488,174.3666119062346
Aweil East,2020-11-09,test,263.4061482214141,1,0.7578125,1.960766295700251,0.7527675276752768,131.8586325899302,0.9108041111352974,0.04963844111232155,25.658574544639908,238.07960687078187
Aweil East,2020-11-16,test,119.39549452028578,1,0.7578125,1.960766295700251,0.7527675276752768,263.4061482214141,0.9108041111352974,0.04963844111232155,27.103163378626117,238.36453749965946
Aweil East,2020-11-23,test,65.15723642320764,1,0.7578125,1.960766295700251,0.7527675276752768,119.39549452028578,0.9115673911107308,0.04963844111232155,27.285821866184488,229.23654318056992
Aweil East,2020-11-30,test,27.88709492955215,1,0.7578125,1.960766295700251,0.7527675276752768,65.15723642320764,0.9104320979040339,0.04963844111232155,25.831458745738964,116.83354216708278
Aweil East,2020-12-07,test,3.23397370506563,1,0.6304347826086957,0.1060570739208414,0.7527675276752768,27.88709492955215,0.9070922981481374,0.04963844111232155,11.616103986460697,34.04448151568723
Aweil East,2020-12-14,test,0.4242375804142029,1,0.6304347826086957,0.1060570739208414,0.7527675276752768,3.23397370506563,0.8600643291775535,0.0019077954898751414,0.6390420556014537,2.2323244330074736
Aweil East,2020-12-21,test,1.2195929003217283,1,0.6304347826086957,0.1060570739208414,0.7527675276752768,0.4242375804142029,0.7849805468351483,0.0015924790129594006,0.1420958086442915,1.9452343062956132
Aweil East,2020-12-28,test,3.2878293306080035,1,0.6304347826086957,0.1060570739208414,0.7527675276752768,1.2195929003217283,0.7867139755316911,0.0015924790129594006,0.1594522855173286,0.9744033263054293
Aweil East,2021-01-04,test,1.8030344691420213,1,0.19852941176470587,0.0,0.7527675276752768,3.2878293306080035,0.7902710937549796,0.0019077954898751414,0.5019211891123337,3.740672789481923
Aweil East,2021-01-11,test,0.2651484486084272,1,0.19852941176470587,0.0,0.7527675276752768,1.8030344691420213,0.7706564910399742,0.0019077954898751414,0.1976203491288332,1.7395831974900673
Aweil East,2021-01-18,test,0.0,0,0.19852941176470587,0.0,0.7527675276752768,0.2651484486084272,0.48202760571211845,0.0,0.009267190903668197,0.5896554235530554
Aweil East,2021-01-25,test,0.0,0,0.19852941176470587,0.0,0.06544165054803353,0.0,0.24162528878594666,0.0,0.0,0.14742560587907838
Aweil East,2021-02-01,test,0.0,0,0.07377049180327869,0.0,0.06544165054803353,0.0,0.08575095721816398,0.0,0.0,0.02463649098242056
Aweil East,2021-02-08,test,0.0,0,0.07377049180327869,0.0,0.06544165054803353,0.0,0.03396114871921833,0.0,0.0,0.0020085161418667424
Aweil East,2021-02-15,test,0.0,0,0.07377049180327869,0.0,0.06544165054803353,0.0,0.03152846600252973,0.0,0.0,0.0020085161418667424
Aweil East,2021-02-22,test,0.0,0,0.07377049180327869,0.0,0.06544165054803353,0.0,0.03152846600252973,0.0,0.0,0.0020085161418667424
Aweil East,2021-03-01,test,0.0,0,0.007462686567164179,0.0,0.06544165054803353,0.0,0.03203474803693278,0.0,0.0,0.0020085161418667424
Aweil East,2021-03-08,test,0.0,0,0.007462686567164179,0.0,0.06544165054803353,0.0,0.07471000323211793,0.0,0.0,0.05666136214925129
Aweil East,2021-03-15,test,0.0,0,0.007462686567164179,0.0,0.06544165054803353,0.0,0.03741909133004678,0.0,0.0,0.006941955529435199
Aweil East,2021-03-22,test,0.0,0,0.007462686567164179,0.0,0.06544165054803353,0.0,0.03731817198470419,0.0,0.0,0.0020085161418667424
Aweil East,2021-03-29,test,0.0,0,0.007462686567164179,0.0,0.06544165054803353,0.0,0.037666609988895455,0.0,0.0,0.0020085161418667424
Aweil East,2021-04-05,test,0.0,0,0.03787878787878788,0.0,0.06544165054803353,0.0,0.038801206036585725,0.0,0.0,0.0020085161418667424
Aweil East,2021-04-12,test,0.0,0,0.03787878787878788,0.0,0.06544165054803353,0.0,0.037091308620986106,0.0,0.0,0.0020085161418667424
Aweil East,2021-04-19,test,0.0,0,0.03787878787878788,0.0,0.06544165054803353,0.0,0.04545545975947726,0.0,0.0,0.0038779399820816373
Aweil East,2021-04-26,test,0.0,0,0.03787878787878788,0.0,0.06544165054803353,0.0,0.05073918030772792,0.0,0.0,0.010786669236109887
Aweil East,2021-05-03,test,0.0,0,0.06716417910447761,0.0,0.06544165054803353,0.0,0.044300067446795044,0.0,0.0,0.010786669236109887
Aweil East,2021-05-10,test,0.0529220727878288,1,0.06716417910447761,0.0,0.06544165054803353,0.0,0.040487991332169564,0.0,0.0,0.0025422358873246004
Aweil East,2021-05-17,test,0.0,0,0.06716417910447761,0.0,0.7527675276752768,0.0529220727878288,0.03778931790757351,0.0,0.0,0.017250600452136295
Aweil East,2021-05-24,test,0.0,0,0.06716417910447761,0.0,0.06544165054803353,0.0,0.03005069827504587,0.0,0.0,0.03294451326392498
Aweil East,2021-05-31,test,0.0,0,0.06716417910447761,0.0,0.06544165054803353,0.0,0.0469985952411419,0.0,0.0,0.044298038935303326
Aweil East,2021-06-07,test,0.0,0,0.08461538461538462,0.0,0.06544165054803353,0.0,0.02880893150541158,0.0,0.0,0.0020085161418667424
Aweil East,2021-06-14,test,0.0,0,0.08461538461538462,0.0,0.06544165054803353,0.0,0.02913868603352553,0.0,0.0,0.0020085161418667424
Aweil East,2021-06-21,test,0.0,0,0.08461538461538462,0.0,0.06544165054803353,0.0,0.029214178361629872,0.0,0.0,0.0020085161418667424
Aweil East,2021-06-28,test,1.166346160880021,1,0.08461538461538462,0.0,0.06544165054803353,0.0,0.029925008669392867,0.0,0.0,0.002008517348908098
Aweil East,2021-07-05,test,0.0,0,0.09558823529411764,0.0,0.7527675276752768,1.166346160880021,0.4658834277361886,0.0,0.09417297972335048,5.686003311636027
Aweil East,2021-07-12,test,0.0530195946304589,1,0.09558823529411764,0.0,0.06544165054803353,0.0,0.11729166178467869,0.0,0.0,4.8907107255082005
Aweil East,2021-07-19,test,5.884717467811457,1,0.09558823529411764,0.0,0.7527675276752768,0.0530195946304589,0.20104073617925497,0.0,0.08198430617392623,0.19538835833170795
Aweil East,2021-07-26,test,1.325343127196073,1,0.09558823529411764,0.0,0.7527675276752768,5.884717467811457,0.8499337019220577,0.04963844111232155,1.5906917995141643,16.189465152722576
Aweil East,2021-08-02,test,32.499785059984724,1,0.553030303030303,0.2117861425016315,0.7527675276752768,1.325343127196073,0.6509999314018684,0.0,0.267287590618329,6.3839648371779285
Aweil East,2021-08-09,test,2.915862983690828,1,0.553030303030303,0.2117861425016315,0.7527675276752768,32.499785059984724,0.8974932209194987,0.04963844111232155,11.996102191352758,29.459121853754443
Aweil East,2021-08-16,test,27.887672953718138,1,0.553030303030303,0.2117861425016315,0.7527675276752768,2.915862983690828,0.8213184925413157,0.0,0.9921732903367358,23.099758626736776
Aweil East,2021-08-23,test,69.45869466981499,1,0.553030303030303,0.2117861425016315,0.7527675276752768,27.887672953718138,0.9067592548764638,0.04963844111232155,8.657562909046408,36.73300553400897
Aweil East,2021-08-30,test,0.0,0,0.553030303030303,0.2117861425016315,0.7527675276752768,69.45869466981499,0.9081217238018697,0.04963844111232155,25.645999064894045,153.89954492463343
Aweil East,2021-09-06,test,8.80137131649795,1,0.7045454545454546,5.77871250314939,0.06544165054803353,0.0,0.7425355484557514,0.0,0.2376326680797389,52.32445272250602
Aweil East,2021-09-13,test,0.0,0,0.7045454545454546,5.77871250314939,0.7527675276752768,8.80137131649795,0.9071397218314265,0.04963844111232155,2.850267857488662,48.69096396507949
Aweil East,2021-09-20,test,68.55917667468904,1,0.7045454545454546,5.77871250314939,0.06544165054803353,0.0,0.6638252795025876,0.0,0.09496892046860796,24.561491553376218
Aweil East,2021-09-27,test,88.28038883881914,1,0.7045454545454546,5.77871250314939,0.7527675276752768,68.55917667468904,0.9049420519568586,0.04963844111232155,19.795787651518065,88.56549893400808
Aweil East,2021-10-04,test,127.94546625462932,1,0.8602941176470589,24.653744379631284,0.7527675276752768,88.28038883881914,0.9132367641141965,0.04963844111232155,25.645999064894045,234.57180630159678
Aweil East,2021-10-11,test,95.54788144001928,1,0.8602941176470589,24.653744379631284,0.7527675276752768,127.94546625462932,0.9079464605119663,0.04963844111232155,25.774872188436497,246.13010619720853
Aweil East,2021-10-18,test,91.25306438399762,1,0.8602941176470589,24.653744379631284,0.7527675276752768,95.54788144001928,0.91209541048812,0.04963844111232155,27.285821866184488,279.67128344295963
Aweil East,2021-10-25,test,146.6075425139948,1,0.8602941176470589,24.653744379631284,0.7527675276752768,91.25306438399762,0.9108041111352974,0.04963844111232155,27.285821866184488,277.12532807786533
Aweil East,2021-11-01,test,53.123666141605895,1,0.7578125,1.960766295700251,0.7527675276752768,146.6075425139948,0.9108041111352974,0.04963844111232155,27.285821866184488,276.0615285712072
Aweil East,2021-11-08,test,37.53444354196998,1,0.7578125,1.960766295700251,0.7527675276752768,53.123666141605895,0.9108041111352974,0.04963844111232155,21.89255558197685,150.5885470428075
Aweil East,2021-11-15,test,19.08489495054531,1,0.7578125,1.960766295700251,0.7527675276752768,37.53444354196998,0.9108041111352974,0.04963844111232155,15.41091867283416,70.07944454639663
Aweil East,2021-11-22,test,9.277039234813971,1,0.7578125,1.960766295700251,0.7527675276752768,19.08489495054531,0.9102552637710952,0.04963844111232155,8.395836397497634,27.3852085618842
Aweil East,2021-11-29,test,5.089121045186118,1,0.7578125,1.960766295700251,0.7527675276752768,9.277039234813971,0.9110227816004294,0.04963844111232155,5.596533438040934,5.596533438040934
Aweil East,2021-12-06,test,1.1130064087099818,1,0.6304347826086957,0.1060570739208414,0.7527675276752768,5.089121045186118,0.8905249988137877,0.04963844111232155,1.2453812587062691,2.0537126331590003
Aweil East,2021-12-13,test,0.1059898635617718,1,0.6304347826086957,0.1060570739208414,0.7527675276752768,1.1130064087099818,0.823631570444956,0.0015924790129594006,0.19592767690796903,0.8684055714763903
Aweil East,2021-12-20,test,0.582941790593958,1,0.6304347826086957,0.1060570739208414,0.7527675276752768,0.1059898635617718,0.7861897814719458,0.0015924790129594006,0.132173907966883,0.7083015657473346
Aweil East,2021-12-27,test,0.1589847954133206,1,0.6304347826086957,0.1060570739208414,0.7527675276752768,0.582941790593958,0.7421626045194227,0.0015924790129594006,0.14642921040555434,1.1425116415591643
Aweil East,2022-01-03,test,0.0,0,0.19852941176470587,0.0,0.7527675276752768,0.1589847954133206,0.7548456527275622,0.0015924790129594006,0.1147942891110723,0.1147942891110723
Aweil East,2022-01-10,test,0.0,0,0.19852941176470587,0.0,0.06544165054803353,0.0,0.16036973497619297,0.0,0.0,0.1990363975082111
Aweil East,2022-01-17,test,0.0,0,0.19852941176470587,0.0,0.06544165054803353,0.0,0.061922568164414896,0.0,0.0,0.005360555338338773
Aweil East,2022-01-24,test,0.0,0,0.19852941176470587,0.0,0.06544165054803353,0.0,0.09270320990831346,0.0,0.0,0.03627518905520297
Aweil East,2022-01-31,test,0.0,0,0.19852941176470587,0.0,0.06544165054803353,0.0,0.04003451884474762,0.0,0.0,0.007745108827167815
Aweil East,2022-02-07,test,0.0,0,0.07377049180327869,0.0,0.06544165054803353,0.0,0.032113716764093296,0.0,0.0,0.0020085161418667424
Aweil East,2022-02-14,test,0.0,0,0.07377049180327869,0.0,0.06544165054803353,0.0,0.03152846600252973,0.0,0.0,0.0020085161418667424
Aweil East,2022-02-21,test,0.0,0,0.07377049180327869,0.0,0.06544165054803353,0.0,0.03152846600252973,0.0,0.0,0.0020085161418667424
Aweil East,2022-02-28,test,0.0,0,0.07377049180327869,0.0,0.06544165054803353,0.0,0.03196586207518268,0.0,0.0,0.0020085161418667424
Aweil East,2022-03-07,test,0.0,0,0.007462686567164179,0.0,0.06544165054803353,0.0,0.034906009717555204,0.0,0.0,0.008671063725629924
Aweil East,2022-03-14,test,0.0,0,0.007462686567164179,0.0,0.06544165054803353,0.0,0.042658571001538366,0.0,0.0,0.007796507984872411
Aweil East,2022-03-21,test,0.0,0,0.007462686567164179,0.0,0.06544165054803353,0.0,0.03731817198470419,0.0,0.0,0.0020085161418667424
Aweil East,2022-03-28,test,0.0,0,0.007462686567164179,0.0,0.06544165054803353,0.0,0.037666609988895455,0.0,0.0,0.0020085161418667424
Aweil East,2022-04-04,test,0.0,0,0.03787878787878788,0.0,0.06544165054803353,0.0,0.03748687904788974,0.0,0.0,0.0020085161418667424
Aweil East,2022-04-11,test,0.0,0,0.03787878787878788,0.0,0.06544165054803353,0.0,0.037091308620986106,0.0,0.0,0.0020085161418667424
Aweil East,2022-04-18,test,0.0,0,0.03787878787878788,0.0,0.06544165054803353,0.0,0.04545545975947726,0.0,0.0,0.0038779399820816373
Aweil East,2022-04-25,test,0.0,0,0.03787878787878788,0.0,0.06544165054803353,0.0,0.04604599879687632,0.0,0.0,0.009932116780672674
Aweil East,2022-05-02,test,0.0,0,0.06716417910447761,0.0,0.06544165054803353,0.0,0.044300067446795044,0.0,0.0,0.010786669236109887
Aweil East,2022-05-09,test,0.0,0,0.06716417910447761,0.0,0.06544165054803353,0.0,0.040487991332169564,0.0,0.0,0.0025422358873246004
Aweil East,2022-05-16,test,0.0,0,0.06716417910447761,0.0,0.06544165054803353,0.0,0.0312653329248473,0.0,0.0,0.0020085161418667424
Aweil East,2022-05-23,test,0.0,0,0.06716417910447761,0.0,0.06544165054803353,0.0,0.03005069827504587,0.0,0.0,0.0020085161418667424
Aweil East,2022-05-30,test,0.1058852659131753,1,0.06716417910447761,0.0,0.06544165054803353,0.0,0.03005069827504587,0.0,0.0,0.0020085161418667424
Aweil East,2022-06-06,test,0.0,0,0.08461538461538462,0.0,0.7527675276752768,0.1058852659131753,0.09998035515386583,0.0,0.0,0.2379414086093091
Aweil East,2022-06-13,test,0.0,0,0.08461538461538462,0.0,0.06544165054803353,0.0,0.030182397156868757,0.0,0.0,0.03294451326392498
Aweil East,2022-06-20,test,0.0,0,0.08461538461538462,0.0,0.06544165054803353,0.0,0.04691361988989172,0.0,0.0,0.04856392427277654
Aweil East,2022-06-27,test,0.0,0,0.08461538461538462,0.0,0.06544165054803353,0.0,0.029586626724762286,0.0,0.0,0.002008517348908098
Aweil East,2022-07-04,test,0.0,0,0.09558823529411764,0.0,0.06544165054803353,0.0,0.02987338981193607,0.0,0.0,0.002008517348908098
Aweil East,2022-07-11,test,0.0,0,0.09558823529411764,0.0,0.06544165054803353,0.0,0.05015738969534408,0.0,0.0,0.006827216467403005
Aweil East,2022-07-18,test,0.0,0,0.09558823529411764,0.0,0.06544165054803353,0.0,0.0326958884027557,0.0,0.0,0.0035334064906439025
Aweil East,2022-07-25,test,0.0,0,0.09558823529411764,0.0,0.06544165054803353,0.0,0.03806468318473505,0.0,0.0,0.005685627252245498
Aweil East,2022-08-01,test,10.494418753534225,1,0.553030303030303,0.2117861425016315,0.06544165054803353,0.0,0.04528871375211024,0.0,0.0,0.17345037581538578
Aweil East,2022-08-08,test,0.0,0,0.553030303030303,0.2117861425016315,0.7527675276752768,10.494418753534225,0.8895988146827222,0.04963844111232155,3.1352423380284336,12.193419286850883
Aweil East,2022-08-15,test,8.480738620205532,1,0.553030303030303,0.2117861425016315,0.06544165054803353,0.0,0.6979192586649878,0.0,0.10142022892280741,8.337204020215301
Aweil East,2022-08-22,test,9.963181527471413,1,0.553030303030303,0.2117861425016315,0.7527675276752768,8.480738620205532,0.8983184628784167,0.04963844111232155,3.1787135084525002,13.77864368449049
Aweil East,2022-08-29,test,1.484728243731469,1,0.553030303030303,0.2117861425016315,0.7527675276752768,9.963181527471413,0.9051200278911617,0.04963844111232155,4.593286055341751,30.521815760154322
Aweil East,2022-09-05,test,0.583280191806281,1,0.7045454545454546,5.77871250314939,0.7527675276752768,1.484728243731469,0.5445453225159427,0.0,0.3607657896407501,6.529707295015691
Aweil East,2022-09-12,test,29.745623237956085,1,0.7045454545454546,5.77871250314939,0.7527675276752768,0.583280191806281,0.8221370517441178,0.0015924790129594006,0.4649295856726556,16.611959520545597
Aweil East,2022-09-19,test,24.4959601244224,1,0.7045454545454546,5.77871250314939,0.7527675276752768,29.745623237956085,0.905441030607461,0.04963844111232155,8.501751320548301,54.50452990310543
Aweil East,2022-09-26,test,99.57355877935812,1,0.7045454545454546,5.77871250314939,0.7527675276752768,24.4959601244224,0.9128790391731284,0.04963844111232155,12.41495598943843,65.35897816411361
Aweil East,2022-10-03,test,44.21849834455897,1,0.8602941176470589,24.653744379631284,0.7527675276752768,99.57355877935812,0.9114001608878064,0.04963844111232155,25.645999064894045,172.8997152469437
Aweil East,2022-10-10,test,11.346082562204224,1,0.8602941176470589,24.653744379631284,0.7527675276752768,44.21849834455897,0.9114001608878064,0.04963844111232155,20.205487593775914,144.10756530529423
Aweil East,2022-10-17,test,0.0,0,0.8602941176470589,24.653744379631284,0.7527675276752768,11.346082562204224,0.9115537372588035,0.04963844111232155,5.69257126611062,60.19706999190915
Aweil East,2022-10-24,test,68.9750064829789,1,0.8602941176470589,24.653744379631284,0.06544165054803353,0.0,0.7702501622448549,0.0,0.19247409713613023,17.913830492383607
Aweil East,2022-10-31,test,38.96713454266468,1,0.8602941176470589,24.653744379631284,0.7527675276752768,68.9750064829789,0.9036354628075014,0.04963844111232155,25.658574544639908,141.78036412012284
Aweil East,2022-11-07,test,80.06017975422415,1,0.7578125,1.960766295700251,0.7527675276752768,38.96713454266468,0.9111738733541818,0.04963844111232155,13.328411465848884,89.13250194603692
Aweil East,2022-11-14,test,104.60717398894391,1,0.7578125,1.960766295700251,0.7527675276752768,80.06017975422415,0.9050626225324424,0.04963844111232155,21.651349537109006,121.66737332119033
Aweil East,2022-11-21,test,55.35018930773519,1,0.7578125,1.960766295700251,0.7527675276752768,104.60717398894391,0.9108041111352974,0.04963844111232155,25.658574544639908,214.95189939559296
Aweil East,2022-11-28,test,11.716301311382972,1,0.7578125,1.960766295700251,0.7527675276752768,55.35018930773519,0.9115673911107308,0.04963844111232155,27.103163378626117,89.14559608928967
Aweil East,2022-12-05,test,9.224056578678846,1,0.6304347826086957,0.1060570739208414,0.7527675276752768,11.716301311382972,0.9097017665296055,0.04963844111232155,5.181133827650948,18.945574225317234
Aweil East,2022-12-12,test,3.65742450609118,1,0.6304347826086957,0.1060570739208414,0.7527675276752768,9.224056578678846,0.9087878494245698,0.04963844111232155,5.255677833622436,7.076116506653381
Aweil East,2022-12-19,test,0.7950203806282622,1,0.6304347826086957,0.1060570739208414,0.7527675276752768,3.65742450609118,0.8806124093503095,0.04963844111232155,1.1923790985903553,3.0759085410933475
Aweil East,2022-12-26,test,0.158976788030304,1,0.6304347826086957,0.1060570739208414,0.7527675276752768,0.7950203806282622,0.8294083211593023,0.0015924790129594006,0.169324641784236,0.795878279566223
Aweil East,2023-01-02,test,0.3709623713091586,1,0.19852941176470587,0.0,0.7527675276752768,0.158976788030304,0.7745794503915933,0.0015924790129594006,0.14612950554577941,0.19193877967668443
Aweil East,2023-01-09,test,0.3179680540843301,1,0.19852941176470587,0.0,0.7527675276752768,0.3709623713091586,0.6395928738212636,0.0015924790129594006,0.12844959653106683,0.40300987055940074
Aweil East,2023-01-16,test,0.2649737370703434,1,0.19852941176470587,0.0,0.7527675276752768,0.3179680540843301,0.5149104666232113,0.0,0.009267190903668197,0.3118908522074697
Aweil East,2023-01-23,test,0.0,0,0.19852941176470587,0.0,0.7527675276752768,0.2649737370703434,0.33048353639540434,0.0,0.0014015500277280806,0.3152277211403277
Aweil East,2023-01-30,test,0.0,0,0.19852941176470587,0.0,0.06544165054803353,0.0,0.23107010717032736,0.0,0.0,0.05567426277589755
Aweil East,2023-02-06,test,0.0,0,0.07377049180327869,0.0,0.06544165054803353,0.0,0.07550402077307272,0.0,0.0,0.03296539428759918
Aweil East,2023-02-13,test,0.0,0,0.07377049180327869,0.0,0.06544165054803353,0.0,0.033343389619366136,0.0,0.0,0.0020085161418667424
Aweil East,2023-02-20,test,0.0,0,0.07377049180327869,0.0,0.06544165054803353,0.0,0.03152846600252973,0.0,0.0,0.0020085161418667424
Aweil East,2023-02-27,test,0.0,0,0.07377049180327869,0.0,0.06544165054803353,0.0,0.03196586207518268,0.0,0.0,0.0020085161418667424
Aweil East,2023-03-06,test,0.0,0,0.007462686567164179,0.0,0.06544165054803353,0.0,0.034906009717555204,0.0,0.0,0.008671063725629924
Aweil East,2023-03-13,test,0.0,0,0.007462686567164179,0.0,0.06544165054803353,0.0,0.04469594262630479,0.0,0.0,0.007796507984872411
Aweil East,2023-03-20,test,0.0,0,0.007462686567164179,0.0,0.06544165054803353,0.0,0.03731817198470419,0.0,0.0,0.0020085161418667424
Aweil East,2023-03-27,test,0.0,0,0.007462686567164179,0.0,0.06544165054803353,0.0,0.03848309578964561,0.0,0.0,0.0020085161418667424
Aweil East,2023-04-03,test,0.0,0,0.03787878787878788,0.0,0.06544165054803353,0.0,0.03748687904788974,0.0,0.0,0.0020085161418667424
Aweil East,2023-04-10,test,0.0,0,0.03787878787878788,0.0,0.06544165054803353,0.0,0.038392319724417846,0.0,0.0,0.0020085161418667424
Aweil East,2023-04-17,test,0.0,0,0.03787878787878788,0.0,0.06544165054803353,0.0,0.04545545975947726,0.0,0.0,0.0038779399820816373
Aweil East,2023-04-24,test,0.0,0,0.03787878787878788,0.0,0.06544165054803353,0.0,0.04507657533861043,0.0,0.0,0.009932116780672674
Aweil East,2023-05-01,test,0.0,0,0.06716417910447761,0.0,0.06544165054803353,0.0,0.04437308773567694,0.0,0.0,0.011780002659644871
Aweil East,2023-05-08,test,0.0,0,0.06716417910447761,0.0,0.06544165054803353,0.0,0.040487991332169564,0.0,0.0,0.0025422358873246004
Aweil East,2023-05-15,test,0.0,0,0.06716417910447761,0.0,0.06544165054803353,0.0,0.0312653329248473,0.0,0.0,0.0020085161418667424
Aweil East,2023-05-22,test,0.0,0,0.06716417910447761,0.0,0.06544165054803353,0.0,0.03005069827504587,0.0,0.0,0.0020085161418667424
Aweil East,2023-05-29,test,0.0,0,0.06716417910447761,0.0,0.06544165054803353,0.0,0.03005069827504587,0.0,0.0,0.0020085161418667424
Aweil East,2023-06-05,test,0.0,0,0.08461538461538462,0.0,0.06544165054803353,0.0,0.02913868603352553,0.0,0.0,0.0020085161418667424
Aweil East,2023-06-12,test,0.0,0,0.08461538461538462,0.0,0.06544165054803353,0.0,0.02913868603352553,0.0,0.0,0.0020085161418667424
Aweil East,2023-06-19,test,0.0,0,0.08461538461538462,0.0,0.06544165054803353,0.0,0.029214178361629872,0.0,0.0,0.0020085161418667424
Aweil East,2023-06-26,test,0.0,0,0.08461538461538462,0.0,0.06544165054803353,0.0,0.03372082954969647,0.0,0.0,0.007650293947183766
Aweil East,2023-07-03,test,0.0,0,0.09558823529411764,0.0,0.06544165054803353,0.0,0.02987338981193607,0.0,0.0,0.002008517348908098
Aweil East,2023-07-10,test,2.5977835986941678,1,0.09558823529411764,0.0,0.06544165054803353,0.0,0.05637523457262606,0.0,0.0,0.009803302555688797
Aweil East,2023-07-17,test,2.1204969334921278,1,0.09558823529411764,0.0,0.7527675276752768,2.5977835986941678,0.6968337702357784,0.0,0.5408288985298535,7.108304873767708
Aweil East,2023-07-24,test,0.477103331740817,1,0.09558823529411764,0.0,0.7527675276752768,2.1204969334921278,0.7308085439943255,0.0,0.575070428788552,6.9311309990380146
Aweil East,2023-07-31,test,0.0,0,0.09558823529411764,0.0,0.7527675276752768,0.477103331740817,0.5608327036116503,0.0,0.13064760195954794,5.090932619761588
Aweil East,2023-08-07,test,0.0,0,0.553030303030303,0.2117861425016315,0.06544165054803353,0.0,0.2591175057341815,0.0,0.0,2.9367601106047982
Aweil East,2023-08-14,test,0.0,0,0.553030303030303,0.2117861425016315,0.06544165054803353,0.0,0.7081535932045491,0.0,0.10067420099566664,3.5411119955526056
Aweil East,2023-08-21,test,0.6892154721218691,1,0.553030303030303,0.2117861425016315,0.06544165054803353,0.0,0.6223095552463429,0.0,0.014290693247533902,2.952217025877968
Aweil East,2023-08-28,test,1.6965560493328495,1,0.553030303030303,0.2117861425016315,0.7527675276752768,0.6892154721218691,0.5373641750190715,0.0,0.1556551997374519,4.406282731760262
Aweil East,2023-09-04,test,1.802471027646068,1,0.7045454545454546,5.77871250314939,0.7527675276752768,1.6965560493328495,0.602415157076881,0.0,0.17150111278353913,7.247762164599349
Aweil East,2023-09-11,test,0.3709040910458085,1,0.7045454545454546,5.77871250314939,0.7527675276752768,1.802471027646068,0.749457681202407,0.0,0.5440265212464847,10.945792768264587
Aweil East,2023-09-18,test,0.0,0,0.7045454545454546,5.77871250314939,0.7527675276752768,0.3709040910458085,0.8143013848110242,0.0015924790129594006,0.4502635570645858,11.773122313853353
Aweil East,2023-09-25,test,0.4239172750929103,1,0.7045454545454546,5.77871250314939,0.06544165054803353,0.0,0.6740276313455122,0.0,0.11847870043332659,11.3884123483056
Aweil East,2023-10-02,test,0.3179147032379514,1,0.8602941176470589,24.653744379631284,0.7527675276752768,0.4239172750929103,0.8080005487871325,0.0015924790129594006,0.455483177456228,18.80548401124122
Aweil East,2023-10-09,test,0.0,0,0.8602941176470589,24.653744379631284,0.7527675276752768,0.3179147032379514,0.7634767402470372,0.0,0.38880944052790106,8.117549417433317
Aweil East,2023-10-16,test,0.0,0,0.8602941176470589,24.653744379631284,0.06544165054803353,0.0,0.6702465572575763,0.0,0.11847870043332659,1.68482742473115
Aweil East,2023-10-23,test,0.0,0,0.8602941176470589,24.653744379631284,0.06544165054803353,0.0,0.5486826656981395,0.0,0.04839997837915456,2.746567726131861
Aweil East,2023-10-30,test,0.0,0,0.8602941176470589,24.653744379631284,0.06544165054803353,0.0,0.5221952283379898,0.0,0.00352185138052736,1.1822006293123484
Aweil East,2023-11-06,test,0.4238887082880317,1,0.7578125,1.960766295700251,0.06544165054803353,0.0,0.39407425737102614,0.0,0.00352185138052736,0.3502168535836048
Aweil East,2023-11-13,test,0.9541384818747088,1,0.7578125,1.960766295700251,0.7527675276752768,0.4238887082880317,0.45134802040684624,0.0,0.049715007392372564,0.9439654153710065
Aweil East,2023-11-20,test,0.1060246703200399,1,0.7578125,1.960766295700251,0.7527675276752768,0.9541384818747088,0.6264476979339259,0.0,0.16280158524056698,2.5154000214352847
Aweil East,2023-11-27,test,0.1060115948396839,1,0.7578125,1.960766295700251,0.7527675276752768,0.1060246703200399,0.5514167750780795,0.0,0.060851348292127315,1.0765307185733766
Aweil East,2023-12-04,test,0.0,0,0.6304347826086957,0.1060570739208414,0.7527675276752768,0.1060115948396839,0.513568474873632,0.0,0.051368753658208255,0.3930816477701969
Aweil East,2023-12-11,test,0.0,0,0.6304347826086957,0.1060570739208414,0.06544165054803353,0.0,0.06397569031868386,0.0,0.0,0.09511928994844637
Aweil East,2023-12-18,test,0.0,0,0.6304347826086957,0.1060570739208414,0.06544165054803353,0.0,0.10199759398876,0.0,0.0,0.09818833799408488
Aweil East,2023-12-25,test,0.0530366743860195,1,0.6304347826086957,0.1060570739208414,0.06544165054803353,0.0,0.1794178465499594,0.0,0.0,0.03313775083988607
Aweil East,2024-01-01,test,0.3712564223312016,1,0.19852941176470587,0.0,0.7527675276752768,0.0530366743860195,0.22603688935841418,0.0,0.014878225131389176,0.051257822803738216
Aweil East,2024-01-08,test,0.7425095702982609,1,0.19852941176470587,0.0,0.7527675276752768,0.3712564223312016,0.2849446385944754,0.0,0.027372228433453143,0.259928786363175
Aweil East,2024-01-15,test,0.7425107591116126,1,0.19852941176470587,0.0,0.7527675276752768,0.7425095702982609,0.4440176063899267,0.0,0.09081176358471243,1.4964129812553613
Aweil East,2024-01-22,test,0.5834013334042659,1,0.19852941176470587,0.0,0.7527675276752768,0.7425107591116126,0.5098296465403614,0.0,0.08464546637785568,1.428727231995584
Aweil East,2024-01-29,test,0.0,0,0.19852941176470587,0.0,0.7527675276752768,0.5834013334042659,0.5888332925824968,0.0,0.06811573323856426,1.1459481650524297
Aweil East,2024-02-05,test,0.0,0,0.07377049180327869,0.0,0.06544165054803353,0.0,0.22376319410332476,0.0,0.0,0.11002320719801147
Aweil East,2024-02-12,test,0.0,0,0.07377049180327869,0.0,0.06544165054803353,0.0,0.07665896956376322,0.0,0.0,0.04019759508848592
Aweil East,2024-02-19,test,0.0,0,0.07377049180327869,0.0,0.06544165054803353,0.0,0.03508913072879081,0.0,0.0,0.0020085161418667424
Aweil East,2024-02-26,test,0.0,0,0.07377049180327869,0.0,0.06544165054803353,0.0,0.03196586207518268,0.0,0.0,0.0020085161418667424
Aweil East,2024-03-04,test,0.0,0,0.007462686567164179,0.0,0.06544165054803353,0.0,0.03438720993171992,0.0,0.0,0.0022665512321418287
Aweil East,2024-03-11,test,0.0,0,0.007462686567164179,0.0,0.06544165054803353,0.0,0.04787999482195439,0.0,0.0,0.008353655493784452
Aweil East,2024-03-18,test,0.0,0,0.007462686567164179,0.0,0.06544165054803353,0.0,0.03731817198470419,0.0,0.0,0.0037055895288956977
Aweil East,2024-03-25,test,0.0,0,0.007462686567164179,0.0,0.06544165054803353,0.0,0.03848309578964561,0.0,0.0,0.0020085161418667424
Aweil East,2024-04-01,test,0.0,0,0.03787878787878788,0.0,0.06544165054803353,0.0,0.03925654838946112,0.0,0.0,0.0020085161418667424
Aweil East,2024-04-08,test,0.0,0,0.03787878787878788,0.0,0.06544165054803353,0.0,0.050735957868481577,0.0,0.0,0.004659283286862747
Aweil East,2024-04-15,test,0.0,0,0.03787878787878788,0.0,0.06544165054803353,0.0,0.04545545975947726,0.0,0.0,0.0038779399820816373
Aweil East,2024-04-22,test,0.0,0,0.03787878787878788,0.0,0.06544165054803353,0.0,0.04507657533861043,0.0,0.0,0.009932116780672674
Aweil East,2024-04-29,test,0.0,0,0.03787878787878788,0.0,0.06544165054803353,0.0,0.04355590954117268,0.0,0.0,0.010786669236109887
Aweil East,2024-05-06,test,0.0,0,0.06716417910447761,0.0,0.06544165054803353,0.0,0.04569255285087312,0.0,0.0,0.027888073206254856
Aweil East,2024-05-13,test,0.0,0,0.06716417910447761,0.0,0.06544165054803353,0.0,0.03005069827504587,0.0,0.0,0.0025973693736480565
Aweil East,2024-05-20,test,0.0,0,0.06716417910447761,0.0,0.06544165054803353,0.0,0.03005069827504587,0.0,0.0,0.0020085161418667424
Aweil East,2024-05-27,test,0.0,0,0.06716417910447761,0.0,0.06544165054803353,0.0,0.02913868603352553,0.0,0.0,0.0020085161418667424
Aweil East,2024-06-03,test,0.0,0,0.08461538461538462,0.0,0.06544165054803353,0.0,0.02913868603352553,0.0,0.0,0.0020085161418667424
Aweil East,2024-06-10,test,0.0,0,0.08461538461538462,0.0,0.06544165054803353,0.0,0.02913868603352553,0.0,0.0,0.0020085161418667424
Aweil East,2024-06-17,test,0.0,0,0.08461538461538462,0.0,0.06544165054803353,0.0,0.029214178361629872,0.0,0.0,0.0020085161418667424
Aweil East,2024-06-24,test,0.0,0,0.08461538461538462,0.0,0.06544165054803353,0.0,0.03372082954969647,0.0,0.0,0.007608033468792743
Aweil East,2024-07-01,test,0.2120170897285418,1,0.09558823529411764,0.0,0.06544165054803353,0.0,0.033089866824877676,0.0,0.0,0.0020085173252694394
Aweil East,2024-07-08,test,0.0,0,0.09558823529411764,0.0,0.7527675276752768,0.2120170897285418,0.20832617839756457,0.0,0.019258413621210068,0.4418248939663363
Aweil East,2024-07-15,test,0.0,0,0.09558823529411764,0.0,0.06544165054803353,0.0,0.09134922252648368,0.0,0.0,0.45820466475162
Aweil East,2024-07-22,test,0.1589866371920276,1,0.09558823529411764,0.0,0.06544165054803353,0.0,0.0683337449175289,0.0,0.0,0.11758594055688641
Aweil East,2024-07-29,test,0.0,0,0.09558823529411764,0.0,0.7527675276752768,0.1589866371920276,0.48379473382244226,0.0,0.23198903248686703,0.3357222937750583
Aweil East,2024-08-05,test,0.0,0,0.553030303030303,0.2117861425016315,0.06544165054803353,0.0,0.19033259008895093,0.0,0.0,1.6755940388770263
Aweil East,2024-08-12,test,0.0,0,0.553030303030303,0.2117861425016315,0.06544165054803353,0.0,0.24873465999986857,0.0,0.0014284595831513625,1.5356335525997744
Aweil East,2024-08-19,test,0.0,0,0.553030303030303,0.2117861425016315,0.06544165054803353,0.0,0.708919809782972,0.0,0.015498678757059481,2.9820046172459045
Aweil East,2024-08-26,test,0.0,0,0.553030303030303,0.2117861425016315,0.06544165054803353,0.0,0.3371898558955927,0.0,0.004805703411633154,1.79839362896502
Aweil East,2024-09-02,test,19.936933071066587,1,0.7045454545454546,5.77871250314939,0.06544165054803353,0.0,0.3820644110958636,0.0,0.00352185138052736,2.38639071432067
Aweil East,2024-09-09,test,12.56688205637839,1,0.7045454545454546,5.77871250314939,0.7527675276752768,19.936933071066587,0.8956038313588661,0.04963844111232155,7.7698383931193,30.542519534650438
Aweil East,2024-09-16,test,13.839718982490185,1,0.7045454545454546,5.77871250314939,0.7527675276752768,12.56688205637839,0.9017435377604347,0.04963844111232155,7.083034004162798,26.239077284066692
Aweil East,2024-09-23,test,42.84229794680627,1,0.7045454545454546,5.77871250314939,0.7527675276752768,13.839718982490185,0.9041948664174092,0.04963844111232155,8.503086723948716,40.56412230270312
Aweil East,2024-09-30,test,47.77379139931666,1,0.7045454545454546,5.77871250314939,0.7527675276752768,42.84229794680627,0.9114001608878064,0.04963844111232155,19.763919186631284,78.47796357112198
Aweil East,2024-10-07,test,29.53159295483782,1,0.8602941176470589,24.653744379631284,0.7527675276752768,47.77379139931666,0.9114001608878064,0.04963844111232155,19.58447742184161,87.84935588698745
Aweil East,2024-10-14,test,111.60291835158958,1,0.8602941176470589,24.653744379631284,0.7527675276752768,29.53159295483782,0.91209541048812,0.04963844111232155,9.373313694009779,56.03959402747481
Aweil East,2024-10-21,test,75.23437458932396,1,0.8602941176470589,24.653744379631284,0.7527675276752768,111.60291835158958,0.9108041111352974,0.04963844111232155,25.658574544639908,204.19895077495948
Aweil East,2024-10-28,test,98.13921877364751,1,0.8602941176470589,24.653744379631284,0.7527675276752768,75.23437458932396,0.9108041111352974,0.04963844111232155,25.658574544639908,239.21025269487487
Aweil East,2024-11-04,test,100.04648488474427,1,0.7578125,1.960766295700251,0.7527675276752768,98.13921877364751,0.9108041111352974,0.04963844111232155,27.103163378626117,263.20654332393116
Aweil East,2024-11-11,test,83.98324832222188,1,0.7578125,1.960766295700251,0.7527675276752768,100.04648488474427,0.9108041111352974,0.04963844111232155,27.285821866184488,260.0819931681984
Aweil East,2024-11-18,test,69.82606870354869,1,0.7578125,1.960766295700251,0.7527675276752768,83.98324832222188,0.9108041111352974,0.04963844111232155,27.285821866184488,243.6176778805321
Aweil East,2024-11-25,test,74.06798142720463,1,0.7578125,1.960766295700251,0.7527675276752768,69.82606870354869,0.9115673911107308,0.04963844111232155,27.285821866184488,199.0691739473683
Aweil East,2024-12-02,test,43.1566545324935,1,0.6304347826086957,0.1060570739208414,0.7527675276752768,74.06798142720463,0.9104320979040339,0.04963844111232155,25.831458745738964,161.53970940340128
Aweil East,2024-12-09,test,14.63267196525433,1,0.6304347826086957,0.1060570739208414,0.7527675276752768,43.1566545324935,0.9070922981481374,0.04963844111232155,24.078981623808765,78.81780440995794
Aweil East,2024-12-16,test,3.764499232662686,1,0.6304347826086957,0.1060570739208414,0.7527675276752768,14.63267196525433,0.9087878494245698,0.04963844111232155,5.2630616014457035,11.526741880038587
Aweil East,2024-12-23,test,3.764593993263479,1,0.6304347826086957,0.1060570739208414,0.7527675276752768,3.764499232662686,0.8964168767875762,0.04963844111232155,1.4215832261331443,3.3006450367377957
Aweil East,2024-12-30,test,3.446448252088099,1,0.6304347826086957,0.1060570739208414,0.7527675276752768,3.764593993263479,0.8921258120063785,0.04963844111232155,1.1061941674214795,2.570851675413546
Aweil East,2025-01-06,test,3.552580871370927,1,0.19852941176470587,0.0,0.7527675276752768,3.446448252088099,0.8751711208622531,0.04963844111232155,1.1406507607175462,3.649896578396832
Aweil East,2025-01-13,test,3.764668896446244,1,0.19852941176470587,0.0,0.7527675276752768,3.552580871370927,0.863548773648516,0.04963844111232155,1.9609119107640813,5.063115789666188
Aweil East,2025-01-20,test,3.499555858633934,1,0.19852941176470587,0.0,0.7527675276752768,3.764668896446244,0.859432883380073,0.04963844111232155,1.09731701173024,4.160056686495028
Aweil East,2025-01-27,test,2.916293343554278,1,0.19852941176470587,0.0,0.7527675276752768,3.499555858633934,0.863548773648516,0.04963844111232155,1.09731701173024,4.174621053717077
Aweil East,2025-02-03,test,1.961872573301498,1,0.07377049180327869,0.0,0.7527675276752768,2.916293343554278,0.8602448414459728,0.04963844111232155,1.09731701173024,3.9963828186575214
Aweil East,2025-02-10,test,0.0,0,0.07377049180327869,0.0,0.7527675276752768,1.961872573301498,0.7351546292124431,0.0019077954898751414,0.3435131374078644,1.8361666568053483
Aweil East,2025-02-17,test,0.0530241113654991,1,0.07377049180327869,0.0,0.06544165054803353,0.0,0.209373025991769,0.0,0.0,1.0777294277360976
Aweil East,2025-02-24,test,0.0530229084634744,1,0.07377049180327869,0.0,0.7527675276752768,0.0530241113654991,0.27332684781783956,0.0,0.0015482142134606838,0.18330096139056315
Aweil East,2025-03-03,test,0.0,0,0.007462686567164179,0.0,0.7527675276752768,0.0530229084634744,0.28595761060053804,0.0,0.0015482142134606838,0.09487055133589502
Aweil East,2025-03-10,test,0.0,0,0.007462686567164179,0.0,0.06544165054803353,0.0,0.10833670982706206,0.0,0.0,0.14858438719131709
Aweil East,2025-03-17,test,0.0,0,0.007462686567164179,0.0,0.06544165054803353,0.0,0.0583176189817114,0.0,0.0,0.06566711151521229
Aweil East,2025-03-24,test,0.1058573793544188,1,0.007462686567164179,0.0,0.06544165054803353,0.0,0.03660965971530016,0.0,0.0,0.0020085161418667424
Aweil East,2025-03-31,test,0.0,0,0.007462686567164179,0.0,0.7527675276752768,0.1058573793544188,0.0989862828774975,0.0,0.0,0.05065069869782369
Aweil East,2025-04-07,test,0.0,0,0.03787878787878788,0.0,0.06544165054803353,0.0,0.04017669402173899,0.0,0.0,0.03317434123442265
Aweil East,2025-04-14,test,0.0,0,0.03787878787878788,0.0,0.06544165054803353,0.0,0.061836676386535096,0.0,0.0,0.07972616734203986
Aweil East,2025-04-21,test,0.0,0,0.03787878787878788,0.0,0.06544165054803353,0.0,0.0450199408309536,0.0,0.0,0.00793636921506456
Aweil East,2025-04-28,test,0.0,0,0.03787878787878788,0.0,0.06544165054803353,0.0,0.04922224449830452,0.0,0.0,0.010786669236109887
Aweil East,2025-05-05,test,0.0,0,0.06716417910447761,0.0,0.06544165054803353,0.0,0.05942691486286668,0.0,0.0,0.04770183714983126
Aweil East,2025-05-12,test,0.0,0,0.06716417910447761,0.0,0.06544165054803353,0.0,0.04289217296795013,0.0,0.0,0.0034302015377428623
Aweil East,2025-05-19,test,0.0,0,0.06716417910447761,0.0,0.06544165054803353,0.0,0.0312653329248473,0.0,0.0,0.0020085161418667424
Aweil East,2025-05-26,test,0.0,0,0.06716417910447761,0.0,0.06544165054803353,0.0,0.03005069827504587,0.0,0.0,0.0020085161418667424
Aweil East,2025-06-02,test,0.0,0,0.08461538461538462,0.0,0.06544165054803353,0.0,0.03005069827504587,0.0,0.0,0.0020085161418667424
Aweil East,2025-06-09,test,0.0,0,0.08461538461538462,0.0,0.06544165054803353,0.0,0.02913868603352553,0.0,0.0,0.0020085161418667424
Aweil East,2025-06-16,test,0.0,0,0.08461538461538462,0.0,0.06544165054803353,0.0,0.029214178361629872,0.0,0.0,0.008795034406755426
Aweil East,2025-06-23,test,0.0,0,0.08461538461538462,0.0,0.06544165054803353,0.0,0.031093311714124106,0.0,0.0,0.013546649324684712
Aweil East,2025-06-30,test,0.0,0,0.08461538461538462,0.0,0.06544165054803353,0.0,0.029925008669392867,0.0,0.0,0.002008517348908098
Aweil East,2025-07-07,test,0.0,0,0.09558823529411764,0.0,0.06544165054803353,0.0,0.02928800759216492,0.0,0.0,0.002008517348908098
Aweil East,2025-07-14,test,0.0,0,0.09558823529411764,0.0,0.06544165054803353,0.0,0.03331732045659302,0.0,0.0,0.0035334066088471517
Aweil East,2025-07-21,test,0.0,0,0.09558823529411764,0.0,0.06544165054803353,0.0,0.05673310943291462,0.0,0.0,0.01251127122004755
Aweil East,2025-07-28,test,0.0,0,0.09558823529411764,0.0,0.06544165054803353,0.0,0.036991331024377676,0.0,0.0,0.008490891289204133
Aweil East,2025-08-04,test,0.0,0,0.553030303030303,0.2117861425016315,0.06544165054803353,0.0,0.04873384748856704,0.0,0.0,0.29628386984550537
Aweil East,2025-08-11,test,0.0,0,0.553030303030303,0.2117861425016315,0.06544165054803353,0.0,0.2527942332074517,0.0,0.0014284595831513625,0.6274726008020851
Aweil East,2025-08-18,test,0.0,0,0.553030303030303,0.2117861425016315,0.06544165054803353,0.0,0.6815307992960801,0.0,0.015498678757059481,1.6358950123870764
Aweil East,2025-08-25,test,0.0,0,0.553030303030303,0.2117861425016315,0.06544165054803353,0.0,0.4403316963550483,0.0,0.004757962642619392,1.8864521923721096
Aweil East,2025-09-01,test,0.0,0,0.7045454545454546,5.77871250314939,0.06544165054803353,0.0,0.41393445083661157,0.0,0.0034741106115135974,2.367773067888408
Aweil East,2025-09-08,test,0.0,0,0.7045454545454546,5.77871250314939,0.06544165054803353,0.0,0.48465781849195194,0.0,0.00352185138052736,1.8902642343521536
Aweil East,2025-09-15,test,3.3934042453259687,1,0.7045454545454546,5.77871250314939,0.06544165054803353,0.0,0.42824024141942074,0.0,0.00352185138052736,2.1989297081539783
Aweil East,2025-09-22,test,0.0,0,0.7045454545454546,5.77871250314939,0.7527675276752768,3.3934042453259687,0.8025871483656546,0.0,0.7158212980654498,12.748308677607417
Aweil East,2025-09-29,test,0.1060391892609179,1,0.7045454545454546,5.77871250314939,0.06544165054803353,0.0,0.6522679362672091,0.0,0.09496892046860796,12.80644361503032
Aweil East,2025-10-06,test,2.810226135974738,1,0.8602941176470589,24.653744379631284,0.7527675276752768,0.1060391892609179,0.6107094807432029,0.0,0.21893136546336378,7.051108793508565
Aweil East,2025-10-13,test,12.512518622617474,1,0.8602941176470589,24.653744379631284,0.7527675276752768,2.810226135974738,0.7998969695212887,0.0,1.3038893453635745,29.886837415732057
Aweil East,2025-10-20,test,5.885494864279012,1,0.8602941176470589,24.653744379631284,0.7527675276752768,12.512518622617474,0.8994706154544925,0.04963844111232155,3.573489039475806,12.36007086632819
Aweil East,2025-10-27,test,2.0673805486015966,1,0.8602941176470589,24.653744379631284,0.7527675276752768,5.885494864279012,0.7106579342103644,0.0,0.729930177938034,9.581338577449136
Aweil East,2025-11-03,test,11.982502824613746,1,0.7578125,1.960766295700251,0.7527675276752768,2.0673805486015966,0.773876255317563,0.0019077954898751414,0.4326093773391848,7.270032072401231
Aweil East,2025-11-10,test,5.195877585658071,1,0.7578125,1.960766295700251,0.7527675276752768,11.982502824613746,0.9054648099473224,0.04963844111232155,3.32361135814302,9.749286984653002
Aweil East,2025-11-17,test,1.3250306403676264,1,0.7578125,1.960766295700251,0.7527675276752768,5.195877585658071,0.8932400577327894,0.04963844111232155,1.46273322699101,5.056834845770917
Aweil East,2025-11-24,test,1.696505779436704,1,0.7578125,1.960766295700251,0.7527675276752768,1.3250306403676264,0.7850370582834459,0.0015924790129594006,0.24620635626526705,2.2787409827198486
Aweil East,2025-12-01,test,0.1060340512370971,1,0.6304347826086957,0.1060570739208414,0.7527675276752768,1.696505779436704,0.8337021220309393,0.0019077954898751414,0.41332920017195296,1.443868310938713
Aweil East,2025-12-08,test,0.1060289132132763,1,0.6304347826086957,0.1060570739208414,0.7527675276752768,0.1060340512370971,0.6666054183131331,0.0015924790129594006,0.15932144565788897,1.5164102461222755
Aweil East,2025-12-15,test,0.2117753137074755,1,0.6304347826086957,0.1060570739208414,0.7527675276752768,0.1060289132132763,0.6321904856330581,0.0015924790129594006,0.11464420477883777,0.3203407144289712
Aweil East,2025-12-22,test,0.0,0,0.6304347826086957,0.1060570739208414,0.7527675276752768,0.2117753137074755,0.7014753113166252,0.0015924790129594006,0.10070280930745637,0.24663146060403646
Aweil East,2025-12-29,test,0.0,0,0.6304347826086957,0.1060570739208414,0.06544165054803353,0.0,0.22856563063635477,0.0,0.0,0.1559330372064662
Aweil North,2020-01-20,test,0.0,0,0.03676470588235294,0.0,0.06544165054803353,0.0,0.06972230097116329,0.0,0.0,0.02274361813762549
Aweil North,2020-01-27,test,0.0,0,0.03676470588235294,0.0,0.06544165054803353,0.0,0.05443097594239855,0.0,0.0,0.02204397457265148
Aweil North,2020-02-03,test,0.1059657861328435,1,0.00819672131147541,0.0,0.06544165054803353,0.0,0.030440205667974073,0.0,0.0,0.0020085161418667424
Aweil North,2020-02-10,test,0.0,0,0.00819672131147541,0.0,0.7527675276752768,0.1059657861328435,0.11157585440085181,0.0,0.0,0.04670498209404083
Aweil North,2020-02-17,test,0.0,0,0.00819672131147541,0.0,0.06544165054803353,0.0,0.029962845120816366,0.0,0.0,0.007574132605106601
Aweil North,2020-02-24,test,0.0,0,0.00819672131147541,0.0,0.06544165054803353,0.0,0.04602318549740896,0.0,0.0,0.06082728503543595
Aweil North,2020-03-02,test,0.0,0,0.022388059701492536,0.0,0.06544165054803353,0.0,0.029579235716371707,0.0,0.0,0.0020085161418667424
Aweil North,2020-03-09,test,0.0,0,0.022388059701492536,0.0,0.06544165054803353,0.0,0.07543490580979051,0.0,0.0,0.06769698518138759
Aweil North,2020-03-16,test,0.0,0,0.022388059701492536,0.0,0.06544165054803353,0.0,0.034913683640942945,0.0,0.0,0.0068925706938727065
Aweil North,2020-03-23,test,0.0,0,0.022388059701492536,0.0,0.06544165054803353,0.0,0.034913683640942945,0.0,0.0,0.0020085161418667424
Aweil North,2020-03-30,test,0.0,0,0.022388059701492536,0.0,0.06544165054803353,0.0,0.038050028721771455,0.0,0.0,0.005678166433045709
Aweil North,2020-04-06,test,0.0,0,0.022727272727272728,0.0,0.06544165054803353,0.0,0.03416250910693134,0.0,0.0,0.0020085161418667424
Aweil North,2020-04-13,test,0.0,0,0.022727272727272728,0.0,0.06544165054803353,0.0,0.0320045762005159,0.0,0.0,0.0020085161418667424
Aweil North,2020-04-20,test,0.1058318276514237,1,0.022727272727272728,0.0,0.06544165054803353,0.0,0.03231021702770142,0.0,0.0,0.006066945374849672
Aweil North,2020-04-27,test,0.0,0,0.022727272727272728,0.0,0.7527675276752768,0.1058318276514237,0.09055932276851758,0.0,0.0,0.03661168068787963
Aweil North,2020-05-04,test,0.1058769597177132,1,0.007462686567164179,0.0,0.06544165054803353,0.0,0.04331311269396734,0.0,0.0,0.06064284956994455
Aweil North,2020-05-11,test,0.0,0,0.007462686567164179,0.0,0.7527675276752768,0.1058769597177132,0.09695693222531311,0.0,0.0,0.13939059388702307
Aweil North,2020-05-18,test,0.0,0,0.007462686567164179,0.0,0.06544165054803353,0.0,0.029719022800058136,0.0,0.0,0.02097249500655922
Aweil North,2020-05-25,test,0.0,0,0.007462686567164179,0.0,0.06544165054803353,0.0,0.05022898800683443,0.0,0.0,0.07946265029910031
Aweil North,2020-06-01,test,0.0,0,0.038461538461538464,0.0,0.06544165054803353,0.0,0.028690861183921664,0.0,0.0,0.0020085161418667424
Aweil North,2020-06-08,test,0.0,0,0.038461538461538464,0.0,0.06544165054803353,0.0,0.029019304630299655,0.0,0.0,0.0020085161418667424
Aweil North,2020-06-15,test,0.0,0,0.038461538461538464,0.0,0.06544165054803353,0.0,0.029094496934593796,0.0,0.0,0.008795034406755426
Aweil North,2020-06-22,test,0.0,0,0.038461538461538464,0.0,0.06544165054803353,0.0,0.03208828421065941,0.0,0.0,0.013546649324684712
Aweil North,2020-06-29,test,0.0,0,0.038461538461538464,0.0,0.06544165054803353,0.0,0.030883787623532687,0.0,0.0,0.002008517348908098
Aweil North,2020-07-06,test,0.0,0,0.007352941176470588,0.0,0.06544165054803353,0.0,0.029751090563266608,0.0,0.0,0.002008517348908098
Aweil North,2020-07-13,test,0.0,0,0.007352941176470588,0.0,0.06544165054803353,0.0,0.03069980923858955,0.0,0.0,0.0035334066590182464
Aweil North,2020-07-20,test,0.0,0,0.007352941176470588,0.0,0.06544165054803353,0.0,0.049130314868863455,0.0,0.0,0.012511260363684669
Aweil North,2020-07-27,test,0.0,0,0.007352941176470588,0.0,0.06544165054803353,0.0,0.03267584697791352,0.0,0.0,0.006780391036235131
Aweil North,2020-08-03,test,0.0,0,0.03787878787878788,0.0,0.06544165054803353,0.0,0.03459593987243115,0.0,0.0,0.06508043922473564
Aweil North,2020-08-10,test,0.0,0,0.03787878787878788,0.0,0.06544165054803353,0.0,0.0635942005634881,0.0,0.0,0.020154135635774173
Aweil North,2020-08-17,test,0.0,0,0.03787878787878788,0.0,0.06544165054803353,0.0,0.15133176655034652,0.0,0.0,0.5264974326001218
Aweil North,2020-08-24,test,0.0,0,0.03787878787878788,0.0,0.06544165054803353,0.0,0.10302036970814364,0.0,0.0,0.2492387009736434
Aweil North,2020-08-31,test,0.0,0,0.03787878787878788,0.0,0.06544165054803353,0.0,0.10466946053611521,0.0,0.0,0.6439843828073727
Aweil North,2020-09-07,test,0.0,0,0.25,0.0,0.06544165054803353,0.0,0.1902132199354466,0.0,0.0,0.45947712753342174
Aweil North,2020-09-14,test,0.2119509166498926,1,0.25,0.0,0.06544165054803353,0.0,0.15770746261453011,0.0,0.0,0.6679015336762761
Aweil North,2020-09-21,test,0.8476967848296009,1,0.25,0.0,0.7527675276752768,0.2119509166498926,0.5435853181928734,0.0,0.303430473039969,3.9697314698576003
Aweil North,2020-09-28,test,18.336372268750104,1,0.25,0.0,0.7527675276752768,0.8476967848296009,0.7241731689767832,0.0,0.8037848504882901,5.307785014025864
Aweil North,2020-10-05,test,24.590864517347494,1,0.41911764705882354,0.0,0.7527675276752768,18.336372268750104,0.9048555888336782,0.04963844111232155,7.712559598571593,22.999968831847465
Aweil North,2020-10-12,test,23.21323522336546,1,0.41911764705882354,0.0,0.7527675276752768,24.590864517347494,0.9112596831493698,0.04963844111232155,10.9382066643599,52.21782747763496
Aweil North,2020-10-19,test,13.251633488598031,1,0.41911764705882354,0.0,0.7527675276752768,23.21323522336546,0.9119516166506897,0.04963844111232155,11.043152145514759,32.41674051286183
Aweil North,2020-10-26,test,5.72459410835013,1,0.41911764705882354,0.0,0.7527675276752768,13.251633488598031,0.9101087564914465,0.04963844111232155,3.771645242194521,9.873619158637531
Aweil North,2020-11-02,test,1.2721750836895844,1,0.2265625,0.0,0.7527675276752768,5.72459410835013,0.891658245542997,0.04963844111232155,1.663673907528133,12.798395772407632
Aweil North,2020-11-09,test,0.2650141628578411,1,0.2265625,0.0,0.7527675276752768,1.2721750836895844,0.5654764279350523,0.0,0.20574632912466012,3.3327913022571334
Aweil North,2020-11-16,test,0.0,0,0.2265625,0.0,0.7527675276752768,0.2650141628578411,0.474740645049893,0.0,0.05746859195302543,0.8717761424087848
Aweil North,2020-11-23,test,0.0,0,0.2265625,0.0,0.06544165054803353,0.0,0.4157213930361457,0.0,0.06200770525848547,0.32143543343880704
Aweil North,2020-11-30,test,0.7409944205757137,1,0.2265625,0.0,0.06544165054803353,0.0,0.05673851694043374,0.0,0.0,0.16124001025510085
Aweil North,2020-12-07,test,0.0,0,0.06521739130434782,0.0,0.7527675276752768,0.7409944205757137,0.44781957370320374,0.0,0.09875286370690094,1.1712411110858048
Aweil North,2020-12-14,test,0.0,0,0.06521739130434782,0.0,0.06544165054803353,0.0,0.13930265508932993,0.0,0.0,0.574039652015081
Aweil North,2020-12-21,test,0.0,0,0.06521739130434782,0.0,0.06544165054803353,0.0,0.12539018446303624,0.0,0.0,0.0435383544002451
Aweil North,2020-12-28,test,0.0,0,0.06521739130434782,0.0,0.06544165054803353,0.0,0.054866895728367816,0.0,0.0,0.014646132931546887
Aweil North,2021-01-04,test,0.0,0,0.03676470588235294,0.0,0.06544165054803353,0.0,0.04259443138578337,0.0,0.0,0.0098266691262373
Aweil North,2021-01-11,test,0.0,0,0.03676470588235294,0.0,0.06544165054803353,0.0,0.06144246973312989,0.0,0.0,0.014337933108732678
Aweil North,2021-01-18,test,0.0,0,0.03676470588235294,0.0,0.06544165054803353,0.0,0.07856592177551386,0.0,0.0,0.015179384110373234
Aweil North,2021-01-25,test,0.0,0,0.03676470588235294,0.0,0.06544165054803353,0.0,0.06668791602590808,0.0,0.0,0.031330295725719305
Aweil North,2021-02-01,test,0.0,0,0.00819672131147541,0.0,0.06544165054803353,0.0,0.030440205667974073,0.0,0.0,0.0020085161418667424
Aweil North,2021-02-08,test,0.0,0,0.00819672131147541,0.0,0.06544165054803353,0.0,0.028926499686015995,0.0,0.0,0.0020085161418667424
Aweil North,2021-02-15,test,0.0,0,0.00819672131147541,0.0,0.06544165054803353,0.0,0.028926499686015995,0.0,0.0,0.0020085161418667424
Aweil North,2021-02-22,test,0.0,0,0.00819672131147541,0.0,0.06544165054803353,0.0,0.028926499686015995,0.0,0.0,0.0020085161418667424
Aweil North,2021-03-01,test,0.0,0,0.022388059701492536,0.0,0.06544165054803353,0.0,0.02991753573617593,0.0,0.0,0.0020085161418667424
Aweil North,2021-03-08,test,0.0,0,0.022388059701492536,0.0,0.06544165054803353,0.0,0.06997623223281509,0.0,0.0,0.05666136214925129
Aweil North,2021-03-15,test,0.0,0,0.022388059701492536,0.0,0.06544165054803353,0.0,0.034913683640942945,0.0,0.0,0.006941955529435199
Aweil North,2021-03-22,test,0.0,0,0.022388059701492536,0.0,0.06544165054803353,0.0,0.034913683640942945,0.0,0.0,0.0020085161418667424
Aweil North,2021-03-29,test,0.0,0,0.022388059701492536,0.0,0.06544165054803353,0.0,0.03524049289090019,0.0,0.0,0.0020085161418667424
Aweil North,2021-04-05,test,0.0,0,0.022727272727272728,0.0,0.06544165054803353,0.0,0.03416250910693134,0.0,0.0,0.0020085161418667424
Aweil North,2021-04-12,test,0.0,0,0.022727272727272728,0.0,0.06544165054803353,0.0,0.0320045762005159,0.0,0.0,0.0020085161418667424
Aweil North,2021-04-19,test,0.0,0,0.022727272727272728,0.0,0.06544165054803353,0.0,0.0320045762005159,0.0,0.0,0.0020085161418667424
Aweil North,2021-04-26,test,0.0,0,0.022727272727272728,0.0,0.06544165054803353,0.0,0.03643027018995903,0.0,0.0,0.00806269294045778
Aweil North,2021-05-03,test,0.0,0,0.007462686567164179,0.0,0.06544165054803353,0.0,0.03174631658163678,0.0,0.0,0.0068925706938727065
Aweil North,2021-05-10,test,0.0,0,0.007462686567164179,0.0,0.06544165054803353,0.0,0.029377940862350023,0.0,0.0,0.0020085161418667424
Aweil North,2021-05-17,test,0.0,0,0.007462686567164179,0.0,0.06544165054803353,0.0,0.029019304630299655,0.0,0.0,0.0020085161418667424
Aweil North,2021-05-24,test,0.0,0,0.007462686567164179,0.0,0.06544165054803353,0.0,0.029019304630299655,0.0,0.0,0.0020085161418667424
Aweil North,2021-05-31,test,0.0,0,0.007462686567164179,0.0,0.06544165054803353,0.0,0.029019304630299655,0.0,0.0,0.0020085161418667424
Aweil North,2021-06-07,test,0.0,0,0.038461538461538464,0.0,0.06544165054803353,0.0,0.029019304630299655,0.0,0.0,0.0020085161418667424
Aweil North,2021-06-14,test,0.0,0,0.038461538461538464,0.0,0.06544165054803353,0.0,0.029019304630299655,0.0,0.0,0.0020085161418667424
Aweil North,2021-06-21,test,0.0,0,0.038461538461538464,0.0,0.06544165054803353,0.0,0.029094496934593796,0.0,0.0,0.0020085161418667424
Aweil North,2021-06-28,test,0.0,0,0.038461538461538464,0.0,0.06544165054803353,0.0,0.030883787623532687,0.0,0.0,0.002008517348908098
Aweil North,2021-07-05,test,0.0,0,0.007352941176470588,0.0,0.06544165054803353,0.0,0.029751090563266608,0.0,0.0,0.002008517348908098
Aweil North,2021-07-12,test,0.0,0,0.007352941176470588,0.0,0.06544165054803353,0.0,0.04334949438662389,0.0,0.0,0.0035334039314111367
Aweil North,2021-07-19,test,0.0,0,0.007352941176470588,0.0,0.06544165054803353,0.0,0.031048680188981114,0.0,0.0,0.0037175465152642553
Aweil North,2021-07-26,test,0.0,0,0.007352941176470588,0.0,0.06544165054803353,0.0,0.03172044903489708,0.0,0.0,0.00397512699927644
Aweil North,2021-08-02,test,0.529841918754926,1,0.03787878787878788,0.0,0.06544165054803353,0.0,0.03211651163118866,0.0,0.0,0.06239447029806403
Aweil North,2021-08-09,test,0.794839928908593,1,0.03787878787878788,0.0,0.7527675276752768,0.529841918754926,0.5989774423361006,0.0,0.24869810834284672,3.502943867604725
Aweil North,2021-08-16,test,0.0,0,0.03787878787878788,0.0,0.7527675276752768,0.794839928908593,0.6914242749102419,0.0,0.25686333159801633,4.755773668511836
Aweil North,2021-08-23,test,2.437391179057754,1,0.03787878787878788,0.0,0.06544165054803353,0.0,0.566816747147609,0.0,0.20317076211770682,2.496563956272639
Aweil North,2021-08-30,test,0.0,0,0.03787878787878788,0.0,0.7527675276752768,2.437391179057754,0.7794640200822986,0.0,0.7501622904430392,10.063399586407263
Aweil North,2021-09-06,test,0.159019982472692,1,0.25,0.0,0.06544165054803353,0.0,0.31268115640564853,0.0,0.09358331467295113,10.794935813769808
Aweil North,2021-09-13,test,0.0,0,0.25,0.0,0.7527675276752768,0.159019982472692,0.4633183636229705,0.0,0.17287559394981444,2.8574577011032716
Aweil North,2021-09-20,test,0.7947272542318393,1,0.25,0.0,0.06544165054803353,0.0,0.294095626744488,0.0,0.0,6.85219928817269
Aweil North,2021-09-27,test,0.2649085501261815,1,0.25,0.0,0.7527675276752768,0.7947272542318393,0.7274164266062851,0.0,0.8037848504882901,11.353289991154563
Aweil North,2021-10-04,test,2.119526502203945,1,0.41911764705882354,0.0,0.7527675276752768,0.2649085501261815,0.741797337303917,0.0,0.2690325576762926,2.785693915575187
Aweil North,2021-10-11,test,0.1059654761232521,1,0.41911764705882354,0.0,0.7527675276752768,2.119526502203945,0.7645825837916272,0.0,0.7063678761313563,14.061866013296788
Aweil North,2021-10-18,test,0.0,0,0.41911764705882354,0.0,0.7527675276752768,0.1059654761232521,0.7578269388415114,0.0015924790129594006,0.18561854951933687,8.74281151442223
Aweil North,2021-10-25,test,0.0,0,0.41911764705882354,0.0,0.06544165054803353,0.0,0.35222050059457727,0.0,0.059578911606962916,0.2692689984730136
Aweil North,2021-11-01,test,0.0,0,0.2265625,0.0,0.06544165054803353,0.0,0.37324637100339525,0.0,0.0,1.0781563533742236
Aweil North,2021-11-08,test,0.4236244749162375,1,0.2265625,0.0,0.06544165054803353,0.0,0.16233379020391966,0.0,0.0,0.2818277640048012
Aweil North,2021-11-15,test,0.794071984992532,1,0.2265625,0.0,0.7527675276752768,0.4236244749162375,0.37826554481302965,0.0,0.036376000695461985,0.5031906658223056
Aweil North,2021-11-22,test,0.4765510933403278,1,0.2265625,0.0,0.7527675276752768,0.794071984992532,0.48397011195501405,0.0,0.14156298542367157,1.3212452702941304
Aweil North,2021-11-29,test,0.0,0,0.2265625,0.0,0.7527675276752768,0.4765510933403278,0.4178423370760227,0.0,0.0881696555480412,0.4367173405253638
Aweil North,2021-12-06,test,0.0,0,0.06521739130434782,0.0,0.06544165054803353,0.0,0.1733242798816827,0.0,0.0,0.4593249917667852
Aweil North,2021-12-13,test,0.0,0,0.06521739130434782,0.0,0.06544165054803353,0.0,0.04951113406699178,0.0,0.0,0.05187320952397232
Aweil North,2021-12-20,test,0.0,0,0.06521739130434782,0.0,0.06544165054803353,0.0,0.06850424605968392,0.0,0.0,0.03917120588761376
Aweil North,2021-12-27,test,0.0,0,0.06521739130434782,0.0,0.06544165054803353,0.0,0.059957661938939005,0.0,0.0,0.017034284538045258
Aweil North,2022-01-03,test,0.0,0,0.03676470588235294,0.0,0.06544165054803353,0.0,0.059511579710843636,0.0,0.0,0.01484284871352865
Aweil North,2022-01-10,test,0.0,0,0.03676470588235294,0.0,0.06544165054803353,0.0,0.05923792178536915,0.0,0.0,0.014349268677870446
Aweil North,2022-01-17,test,0.0,0,0.03676470588235294,0.0,0.06544165054803353,0.0,0.07488062334336808,0.0,0.0,0.014119598095622073
Aweil North,2022-01-24,test,0.0,0,0.03676470588235294,0.0,0.06544165054803353,0.0,0.06131090338087193,0.0,0.0,0.027916357988799784
Aweil North,2022-01-31,test,0.0,0,0.03676470588235294,0.0,0.06544165054803353,0.0,0.030440205667974073,0.0,0.0,0.00768667473080352
Aweil North,2022-02-07,test,0.0,0,0.00819672131147541,0.0,0.06544165054803353,0.0,0.028926499686015995,0.0,0.0,0.0020085161418667424
Aweil North,2022-02-14,test,0.0,0,0.00819672131147541,0.0,0.06544165054803353,0.0,0.028926499686015995,0.0,0.0,0.0020085161418667424
Aweil North,2022-02-21,test,0.0,0,0.00819672131147541,0.0,0.06544165054803353,0.0,0.028926499686015995,0.0,0.0,0.0020085161418667424
Aweil North,2022-02-28,test,0.0,0,0.00819672131147541,0.0,0.06544165054803353,0.0,0.029328891699550063,0.0,0.0,0.0020085161418667424
Aweil North,2022-03-07,test,0.0,0,0.022388059701492536,0.0,0.06544165054803353,0.0,0.03260542465870146,0.0,0.0,0.008671063725629924
Aweil North,2022-03-14,test,0.0,0,0.022388059701492536,0.0,0.06544165054803353,0.0,0.03981686340407736,0.0,0.0,0.006941955529435199
Aweil North,2022-03-21,test,0.0,0,0.022388059701492536,0.0,0.06544165054803353,0.0,0.034913683640942945,0.0,0.0,0.0020085161418667424
Aweil North,2022-03-28,test,0.0,0,0.022388059701492536,0.0,0.06544165054803353,0.0,0.03524049289090019,0.0,0.0,0.0020085161418667424
Aweil North,2022-04-04,test,0.0,0,0.022727272727272728,0.0,0.06544165054803353,0.0,0.03299991580904287,0.0,0.0,0.0020085161418667424
Aweil North,2022-04-11,test,0.0,0,0.022727272727272728,0.0,0.06544165054803353,0.0,0.0320045762005159,0.0,0.0,0.0020085161418667424
Aweil North,2022-04-18,test,0.0,0,0.022727272727272728,0.0,0.06544165054803353,0.0,0.0320045762005159,0.0,0.0,0.0020085161418667424
Aweil North,2022-04-25,test,0.0,0,0.022727272727272728,0.0,0.06544165054803353,0.0,0.033014577505764114,0.0,0.0,0.00806269294045778
Aweil North,2022-05-02,test,0.0,0,0.007462686567164179,0.0,0.06544165054803353,0.0,0.03174631658163678,0.0,0.0,0.0068925706938727065
Aweil North,2022-05-09,test,0.0,0,0.007462686567164179,0.0,0.06544165054803353,0.0,0.029377940862350023,0.0,0.0,0.0020085161418667424
Aweil North,2022-05-16,test,0.0,0,0.007462686567164179,0.0,0.06544165054803353,0.0,0.029019304630299655,0.0,0.0,0.0020085161418667424
Aweil North,2022-05-23,test,0.0,0,0.007462686567164179,0.0,0.06544165054803353,0.0,0.029019304630299655,0.0,0.0,0.0020085161418667424
Aweil North,2022-05-30,test,0.0,0,0.007462686567164179,0.0,0.06544165054803353,0.0,0.029019304630299655,0.0,0.0,0.0020085161418667424
Aweil North,2022-06-06,test,0.0,0,0.038461538461538464,0.0,0.06544165054803353,0.0,0.029019304630299655,0.0,0.0,0.0020085161418667424
Aweil North,2022-06-13,test,0.0,0,0.038461538461538464,0.0,0.06544165054803353,0.0,0.029019304630299655,0.0,0.0,0.0020085161418667424
Aweil North,2022-06-20,test,0.0,0,0.038461538461538464,0.0,0.06544165054803353,0.0,0.029094496934593796,0.0,0.0,0.0020085161418667424
Aweil North,2022-06-27,test,0.0,0,0.038461538461538464,0.0,0.06544165054803353,0.0,0.030883787623532687,0.0,0.0,0.002008517348908098
Aweil North,2022-07-04,test,0.0,0,0.007352941176470588,0.0,0.06544165054803353,0.0,0.029751090563266608,0.0,0.0,0.002008517348908098
Aweil North,2022-07-11,test,0.0,0,0.007352941176470588,0.0,0.06544165054803353,0.0,0.04681620150298727,0.0,0.0,0.0068272165175740996
Aweil North,2022-07-18,test,0.0,0,0.007352941176470588,0.0,0.06544165054803353,0.0,0.030125677323456317,0.0,0.0,0.003533395634281021
Aweil North,2022-07-25,test,0.0,0,0.007352941176470588,0.0,0.06544165054803353,0.0,0.0323705024397967,0.0,0.0,0.00397512699927644
Aweil North,2022-08-01,test,0.0,0,0.03787878787878788,0.0,0.06544165054803353,0.0,0.03211651163118866,0.0,0.0,0.020343118406154485
Aweil North,2022-08-08,test,0.0,0,0.03787878787878788,0.0,0.06544165054803353,0.0,0.03764139252816111,0.0,0.0,0.03469253158197783
Aweil North,2022-08-15,test,0.0,0,0.03787878787878788,0.0,0.06544165054803353,0.0,0.132552194546903,0.0,0.0015901327505707741,0.31396583585709975
Aweil North,2022-08-22,test,5.883598805517903,1,0.03787878787878788,0.0,0.06544165054803353,0.0,0.11332437781891591,0.0,0.0,0.38872100682345495
Aweil North,2022-08-29,test,2.11956370280354,1,0.03787878787878788,0.0,0.7527675276752768,5.883598805517903,0.804352883517233,0.04963844111232155,1.7557427653465245,8.707566159595473
Aweil North,2022-09-05,test,6.9422523287204765,1,0.25,0.0,0.7527675276752768,2.11956370280354,0.7495431648083687,0.0,0.7718532328931031,6.927692325340106
Aweil North,2022-09-12,test,10.81270208134968,1,0.25,0.0,0.7527675276752768,6.9422523287204765,0.8539826980777109,0.04963844111232155,2.1900175344590496,13.950361377408326
Aweil North,2022-09-19,test,12.293267766232145,1,0.25,0.0,0.7527675276752768,10.81270208134968,0.9115537372588035,0.04963844111232155,7.518370995057149,35.409975944589966
Aweil North,2022-09-26,test,24.373860770051508,1,0.25,0.0,0.7527675276752768,12.293267766232145,0.9114091434179769,0.04963844111232155,8.792104954491242,34.82517528458679
Aweil North,2022-10-03,test,7.471191627056666,1,0.41911764705882354,0.0,0.7527675276752768,24.373860770051508,0.9112553404200543,0.04963844111232155,11.919304666763194,61.57301724577869
Aweil North,2022-10-10,test,7.7362883500674755,1,0.41911764705882354,0.0,0.7527675276752768,7.471191627056666,0.910708997397282,0.04963844111232155,3.515443531778609,42.6225056683601
Aweil North,2022-10-17,test,0.3179047967700233,1,0.41911764705882354,0.0,0.7527675276752768,7.7362883500674755,0.9114091434179769,0.04963844111232155,4.092366553271704,15.28578867447525
Aweil North,2022-10-24,test,42.846643336462506,1,0.41911764705882354,0.0,0.7527675276752768,0.3179047967700233,0.6831655760667257,0.0015924790129594006,0.14174865723572194,5.686646715391783
Aweil North,2022-10-31,test,7.518143359319397,1,0.41911764705882354,0.0,0.7527675276752768,42.846643336462506,0.9051135185812833,0.04963844111232155,17.594119520461582,37.69378067067751
Aweil North,2022-11-07,test,1.6409322382196727,1,0.2265625,0.0,0.7527675276752768,7.518143359319397,0.9094037794742759,0.04963844111232155,2.282569992613523,7.180646512104311
Aweil North,2022-11-14,test,0.0529327099901141,1,0.2265625,0.0,0.7527675276752768,1.6409322382196727,0.7454433997678807,0.0019077954898751414,0.23788493018626378,4.433910483375965
Aweil North,2022-11-21,test,0.0,0,0.2265625,0.0,0.7527675276752768,0.0529327099901141,0.6730494798662183,0.0,0.1417530683663149,0.5788302647872096
Aweil North,2022-11-28,test,0.0,0,0.2265625,0.0,0.06544165054803353,0.0,0.1365940204827403,0.0,0.01789866467613515,0.24257287781883077
Aweil North,2022-12-05,test,0.0,0,0.06521739130434782,0.0,0.06544165054803353,0.0,0.04042822177596484,0.0,0.0,0.1343626481189833
Aweil North,2022-12-12,test,0.0,0,0.06521739130434782,0.0,0.06544165054803353,0.0,0.02998751479860879,0.0,0.0,0.026566415958015985
Aweil North,2022-12-19,test,0.0,0,0.06521739130434782,0.0,0.06544165054803353,0.0,0.06930247385339654,0.0,0.0,0.05433480695736297
Aweil North,2022-12-26,test,0.0,0,0.06521739130434782,0.0,0.06544165054803353,0.0,0.07317129072202111,0.0,0.0,0.02409605659091046
Aweil North,2023-01-02,test,0.0,0,0.03676470588235294,0.0,0.06544165054803353,0.0,0.059511579710843636,0.0,0.0,0.01484284871352865
Aweil North,2023-01-09,test,0.0,0,0.03676470588235294,0.0,0.06544165054803353,0.0,0.05923792178536915,0.0,0.0,0.01434928371945818
Aweil North,2023-01-16,test,0.0,0,0.03676470588235294,0.0,0.06544165054803353,0.0,0.07488062334336808,0.0,0.0,0.014119598095622073
Aweil North,2023-01-23,test,0.0,0,0.03676470588235294,0.0,0.06544165054803353,0.0,0.048134127040891365,0.0,0.0,0.015971677960998677
Aweil North,2023-01-30,test,0.0,0,0.03676470588235294,0.0,0.06544165054803353,0.0,0.030440205667974073,0.0,0.0,0.00768667473080352
Aweil North,2023-02-06,test,0.0,0,0.00819672131147541,0.0,0.06544165054803353,0.0,0.028926499686015995,0.0,0.0,0.0020085161418667424
Aweil North,2023-02-13,test,0.0,0,0.00819672131147541,0.0,0.06544165054803353,0.0,0.028926499686015995,0.0,0.0,0.0020085161418667424
Aweil North,2023-02-20,test,0.0,0,0.00819672131147541,0.0,0.06544165054803353,0.0,0.028926499686015995,0.0,0.0,0.0020085161418667424
Aweil North,2023-02-27,test,0.0,0,0.00819672131147541,0.0,0.06544165054803353,0.0,0.029328891699550063,0.0,0.0,0.0020085161418667424
Aweil North,2023-03-06,test,0.0,0,0.022388059701492536,0.0,0.06544165054803353,0.0,0.03260542465870146,0.0,0.0,0.008671063725629924
Aweil North,2023-03-13,test,0.0,0,0.022388059701492536,0.0,0.06544165054803353,0.0,0.04172443035449859,0.0,0.0,0.006941955529435199
Aweil North,2023-03-20,test,0.0,0,0.022388059701492536,0.0,0.06544165054803353,0.0,0.034913683640942945,0.0,0.0,0.0020085161418667424
Aweil North,2023-03-27,test,0.0,0,0.022388059701492536,0.0,0.06544165054803353,0.0,0.03600635630186031,0.0,0.0,0.0020085161418667424
Aweil North,2023-04-03,test,0.0,0,0.022727272727272728,0.0,0.06544165054803353,0.0,0.03299991580904287,0.0,0.0,0.0020085161418667424
Aweil North,2023-04-10,test,0.0,0,0.022727272727272728,0.0,0.06544165054803353,0.0,0.033133304997114074,0.0,0.0,0.0020085161418667424
Aweil North,2023-04-17,test,0.0,0,0.022727272727272728,0.0,0.06544165054803353,0.0,0.0320045762005159,0.0,0.0,0.0020085161418667424
Aweil North,2023-04-24,test,0.0,0,0.022727272727272728,0.0,0.06544165054803353,0.0,0.03231021702770142,0.0,0.0,0.00806269294045778
Aweil North,2023-05-01,test,0.0,0,0.007462686567164179,0.0,0.06544165054803353,0.0,0.031799332892963425,0.0,0.0,0.007885904117407696
Aweil North,2023-05-08,test,0.0,0,0.007462686567164179,0.0,0.06544165054803353,0.0,0.029377940862350023,0.0,0.0,0.0020085161418667424
Aweil North,2023-05-15,test,0.0,0,0.007462686567164179,0.0,0.06544165054803353,0.0,0.029019304630299655,0.0,0.0,0.0020085161418667424
Aweil North,2023-05-22,test,0.0,0,0.007462686567164179,0.0,0.06544165054803353,0.0,0.029019304630299655,0.0,0.0,0.0020085161418667424
Aweil North,2023-05-29,test,0.0,0,0.007462686567164179,0.0,0.06544165054803353,0.0,0.029019304630299655,0.0,0.0,0.0020085161418667424
Aweil North,2023-06-05,test,0.0,0,0.038461538461538464,0.0,0.06544165054803353,0.0,0.029019304630299655,0.0,0.0,0.0020085161418667424
Aweil North,2023-06-12,test,0.0,0,0.038461538461538464,0.0,0.06544165054803353,0.0,0.029019304630299655,0.0,0.0,0.0020085161418667424
Aweil North,2023-06-19,test,0.0,0,0.038461538461538464,0.0,0.06544165054803353,0.0,0.029094496934593796,0.0,0.0,0.0020085161418667424
Aweil North,2023-06-26,test,0.0,0,0.038461538461538464,0.0,0.06544165054803353,0.0,0.03479686188858521,0.0,0.0,0.007650293947183766
Aweil North,2023-07-03,test,0.0,0,0.007352941176470588,0.0,0.06544165054803353,0.0,0.029751090563266608,0.0,0.0,0.002008517348908098
Aweil North,2023-07-10,test,0.0,0,0.007352941176470588,0.0,0.06544165054803353,0.0,0.05264280623088542,0.0,0.0,0.009803302605859892
Aweil North,2023-07-17,test,0.0,0,0.007352941176470588,0.0,0.06544165054803353,0.0,0.030125677323456317,0.0,0.0,0.003533395634281021
Aweil North,2023-07-24,test,0.0,0,0.007352941176470588,0.0,0.06544165054803353,0.0,0.0323705024397967,0.0,0.0,0.00460276371511588
Aweil North,2023-07-31,test,0.0,0,0.007352941176470588,0.0,0.06544165054803353,0.0,0.030938597284891664,0.0,0.0,0.006656560103207085
Aweil North,2023-08-07,test,0.0,0,0.03787878787878788,0.0,0.06544165054803353,0.0,0.03746834970049514,0.0,0.0,0.03239030555405595
Aweil North,2023-08-14,test,0.0,0,0.03787878787878788,0.0,0.06544165054803353,0.0,0.16255552178565777,0.0,0.0015901327505707741,0.32884698502465287
Aweil North,2023-08-21,test,0.0,0,0.03787878787878788,0.0,0.06544165054803353,0.0,0.13862545379110439,0.0,0.0,0.5668144466920649
Aweil North,2023-08-28,test,0.0,0,0.03787878787878788,0.0,0.06544165054803353,0.0,0.07342939688596806,0.0,0.0,0.16192667146001524
Aweil North,2023-09-04,test,0.0,0,0.25,0.0,0.06544165054803353,0.0,0.08157172259190519,0.0,0.0,0.33083848942446353
Aweil North,2023-09-11,test,0.0,0,0.25,0.0,0.06544165054803353,0.0,0.15974149613461178,0.0,0.0,0.24273932622629865
Aweil North,2023-09-18,test,0.0,0,0.25,0.0,0.06544165054803353,0.0,0.31900394125695053,0.0,0.0,1.786907709948028
Aweil North,2023-09-25,test,0.0,0,0.25,0.0,0.06544165054803353,0.0,0.23550840507192827,0.0,0.0,0.8883040580418746
Aweil North,2023-10-02,test,0.0,0,0.41911764705882354,0.0,0.06544165054803353,0.0,0.4395135693807132,0.0,0.0015901327505707741,3.916868398969569
Aweil North,2023-10-09,test,0.0,0,0.41911764705882354,0.0,0.06544165054803353,0.0,0.25468286834594567,0.0,0.0015901327505707741,1.0578596872624293
Aweil North,2023-10-16,test,0.0,0,0.41911764705882354,0.0,0.06544165054803353,0.0,0.18325724709164265,0.0,0.0,0.0
Aweil North,2023-10-23,test,0.0,0,0.41911764705882354,0.0,0.06544165054803353,0.0,0.15456048869432584,0.0,0.0,0.31388529908221346
Aweil North,2023-10-30,test,0.0,0,0.41911764705882354,0.0,0.06544165054803353,0.0,0.2615855788011159,0.0,0.0,0.23657615578289007
Aweil North,2023-11-06,test,0.0,0,0.2265625,0.0,0.06544165054803353,0.0,0.1710888509419769,0.0,0.0,0.1599868381740938
Aweil North,2023-11-13,test,0.0,0,0.2265625,0.0,0.06544165054803353,0.0,0.15717094135835613,0.0,0.0,0.42150332002736407
Aweil North,2023-11-20,test,0.0,0,0.2265625,0.0,0.06544165054803353,0.0,0.16751652116061594,0.0,0.0,0.3499693850040321
Aweil North,2023-11-27,test,0.0,0,0.2265625,0.0,0.06544165054803353,0.0,0.062447861209361244,0.0,0.0,0.16370396294269274
Aweil North,2023-12-04,test,0.0,0,0.06521739130434782,0.0,0.06544165054803353,0.0,0.04212097891789647,0.0,0.0,0.10287852223596214
Aweil North,2023-12-11,test,0.0,0,0.06521739130434782,0.0,0.06544165054803353,0.0,0.030330338392982433,0.0,0.0,0.02181751480980519
Aweil North,2023-12-18,test,0.0,0,0.06521739130434782,0.0,0.06544165054803353,0.0,0.06732718359926866,0.0,0.0,0.062383232369416536
Aweil North,2023-12-25,test,0.0,0,0.06521739130434782,0.0,0.06544165054803353,0.0,0.1495625749001907,0.0,0.0,0.03500800159014451
Aweil North,2024-01-01,test,0.0,0,0.03676470588235294,0.0,0.06544165054803353,0.0,0.06184367274106051,0.0,0.0,0.01484284871352865
Aweil North,2024-01-08,test,0.0,0,0.03676470588235294,0.0,0.06544165054803353,0.0,0.05208558064438886,0.0,0.0,0.014363344083176
Aweil North,2024-01-15,test,0.0,0,0.03676470588235294,0.0,0.06544165054803353,0.0,0.054972176760883826,0.0,0.0,0.012445607330337026
Aweil North,2024-01-22,test,0.0,0,0.03676470588235294,0.0,0.06544165054803353,0.0,0.05036560887059925,0.0,0.0,0.015017696658015011
Aweil North,2024-01-29,test,0.0,0,0.03676470588235294,0.0,0.06544165054803353,0.0,0.03449319204781043,0.0,0.0,0.009802082380321682
Aweil North,2024-02-05,test,0.0,0,0.00819672131147541,0.0,0.06544165054803353,0.0,0.028926499686015995,0.0,0.0,0.0020085161418667424
Aweil North,2024-02-12,test,0.0,0,0.00819672131147541,0.0,0.06544165054803353,0.0,0.028926499686015995,0.0,0.0,0.0020085161418667424
Aweil North,2024-02-19,test,0.0,0,0.00819672131147541,0.0,0.06544165054803353,0.0,0.028926499686015995,0.0,0.0,0.0020085161418667424
Aweil North,2024-02-26,test,0.0,0,0.00819672131147541,0.0,0.06544165054803353,0.0,0.029328891699550063,0.0,0.0,0.0020085161418667424
Aweil North,2024-03-04,test,0.0,0,0.022388059701492536,0.0,0.06544165054803353,0.0,0.032119679933039984,0.0,0.0,0.0022665512321418287
Aweil North,2024-03-11,test,0.0,0,0.022388059701492536,0.0,0.06544165054803353,0.0,0.04470670429277062,0.0,0.0,0.007499103038347238
Aweil North,2024-03-18,test,0.0,0,0.022388059701492536,0.0,0.06544165054803353,0.0,0.034913683640942945,0.0,0.0,0.0037055895288956977
Aweil North,2024-03-25,test,0.0,0,0.022388059701492536,0.0,0.06544165054803353,0.0,0.03600635630186031,0.0,0.0,0.0020085161418667424
Aweil North,2024-04-01,test,0.0,0,0.022727272727272728,0.0,0.06544165054803353,0.0,0.03456537269987914,0.0,0.0,0.0020085161418667424
Aweil North,2024-04-08,test,0.0,0,0.022727272727272728,0.0,0.06544165054803353,0.0,0.03578107662321603,0.0,0.0,0.0027898594466478502
Aweil North,2024-04-15,test,0.0,0,0.022727272727272728,0.0,0.06544165054803353,0.0,0.0320045762005159,0.0,0.0,0.0020085161418667424
Aweil North,2024-04-22,test,0.0,0,0.022727272727272728,0.0,0.06544165054803353,0.0,0.03231021702770142,0.0,0.0,0.0068925706938727065
Aweil North,2024-04-29,test,0.0,0,0.022727272727272728,0.0,0.06544165054803353,0.0,0.031799332892963425,0.0,0.0,0.0068925706938727065
Aweil North,2024-05-06,test,0.0,0,0.007462686567164179,0.0,0.06544165054803353,0.0,0.03838936478071943,0.0,0.0,0.026115779828085748
Aweil North,2024-05-13,test,0.0,0,0.007462686567164179,0.0,0.06544165054803353,0.0,0.029019304630299655,0.0,0.0,0.0025973693736480565
Aweil North,2024-05-20,test,0.0,0,0.007462686567164179,0.0,0.06544165054803353,0.0,0.029019304630299655,0.0,0.0,0.0020085161418667424
Aweil North,2024-05-27,test,0.0,0,0.007462686567164179,0.0,0.06544165054803353,0.0,0.029019304630299655,0.0,0.0,0.0020085161418667424
Aweil North,2024-06-03,test,0.0,0,0.038461538461538464,0.0,0.06544165054803353,0.0,0.029019304630299655,0.0,0.0,0.0020085161418667424
Aweil North,2024-06-10,test,0.0,0,0.038461538461538464,0.0,0.06544165054803353,0.0,0.029019304630299655,0.0,0.0,0.0020085161418667424
Aweil North,2024-06-17,test,0.0,0,0.038461538461538464,0.0,0.06544165054803353,0.0,0.029094496934593796,0.0,0.0,0.0020085161418667424
Aweil North,2024-06-24,test,0.0,0,0.038461538461538464,0.0,0.06544165054803353,0.0,0.033108666891502145,0.0,0.0,0.004111931386820387
Aweil North,2024-07-01,test,0.0,0,0.007352941176470588,0.0,0.06544165054803353,0.0,0.029379659582954777,0.0,0.0,0.002008517348908098
Aweil North,2024-07-08,test,0.0,0,0.007352941176470588,0.0,0.06544165054803353,0.0,0.030657853904088546,0.0,0.0,0.002008517348908098
Aweil North,2024-07-15,test,0.0,0,0.007352941176470588,0.0,0.06544165054803353,0.0,0.030125677323456317,0.0,0.0,0.003533395634281021
Aweil North,2024-07-22,test,0.0,0,0.007352941176470588,0.0,0.06544165054803353,0.0,0.03839107347699649,0.0,0.0,0.018350110440105274
Aweil North,2024-07-29,test,0.0,0,0.007352941176470588,0.0,0.06544165054803353,0.0,0.032022045730786174,0.0,0.0,0.006656893498408337
Aweil North,2024-08-05,test,0.0,0,0.03787878787878788,0.0,0.06544165054803353,0.0,0.03746834970049514,0.0,0.0,0.04305436969094374
Aweil North,2024-08-12,test,0.0,0,0.03787878787878788,0.0,0.06544165054803353,0.0,0.06533792683327318,0.0,0.0,0.2824665705175734
Aweil North,2024-08-19,test,0.0,0,0.03787878787878788,0.0,0.06544165054803353,0.0,0.1971140438355197,0.0,0.0,0.9314630325221548
Aweil North,2024-08-26,test,0.0,0,0.03787878787878788,0.0,0.06544165054803353,0.0,0.07718549707036784,0.0,0.0,0.0
Aweil North,2024-09-02,test,1.908204554067703,1,0.25,0.0,0.06544165054803353,0.0,0.09389940260252898,0.0,0.0,0.10749645416067302
Aweil North,2024-09-09,test,0.4238838987892521,1,0.25,0.0,0.7527675276752768,1.908204554067703,0.7793924222797525,0.0,0.5443940311394556,8.308304924557918
Aweil North,2024-09-16,test,3.8146032753552426,1,0.25,0.0,0.7527675276752768,0.4238838987892521,0.6782257656756218,0.0,0.33576180958286955,9.446795905760366
Aweil North,2024-09-23,test,1.74891304266487,1,0.25,0.0,0.7527675276752768,3.8146032753552426,0.8191171761930204,0.0,2.1892978289297966,14.728892943528523
Aweil North,2024-09-30,test,1.6958548007115917,1,0.25,0.0,0.7527675276752768,1.74891304266487,0.8375795803096289,0.0,1.3351466653523976,11.581513906039458
Aweil North,2024-10-07,test,0.1589172451266089,1,0.41911764705882354,0.0,0.7527675276752768,1.6958548007115917,0.7730511215363393,0.0,0.5217350627124672,8.340004707482395
Aweil North,2024-10-14,test,1.4306476457610922,1,0.41911764705882354,0.0,0.7527675276752768,0.1589172451266089,0.6915798213758959,0.0015924790129594006,0.3028909587503493,10.608166337290356
Aweil North,2024-10-21,test,4.609781255916175,1,0.41911764705882354,0.0,0.7527675276752768,1.4306476457610922,0.596826895814146,0.0,0.31786600888810773,5.203158987007721
Aweil North,2024-10-28,test,7.948492020579804,1,0.41911764705882354,0.0,0.7527675276752768,4.609781255916175,0.8831115188331972,0.04963844111232155,1.6366124476202848,7.921787886515773
Aweil North,2024-11-04,test,4.927832613364693,1,0.2265625,0.0,0.7527675276752768,7.948492020579804,0.9051378412075921,0.04963844111232155,3.0309212521814883,4.5756490712094955
Aweil North,2024-11-11,test,0.7421088788458063,1,0.2265625,0.0,0.7527675276752768,4.927832613364693,0.8921121608483285,0.04963844111232155,1.432885638522369,6.029232580618887
Aweil North,2024-11-18,test,0.0,0,0.2265625,0.0,0.7527675276752768,0.7421088788458063,0.5475097363494539,0.0,0.1466733382357655,2.9261838302002885
Aweil North,2024-11-25,test,0.0,0,0.2265625,0.0,0.06544165054803353,0.0,0.6112070453132644,0.0,0.14883601252773626,0.48803835341506957
Aweil North,2024-12-02,test,0.0,0,0.06521739130434782,0.0,0.06544165054803353,0.0,0.05342343302570375,0.0,0.0,0.19583561575933922
Aweil North,2024-12-09,test,0.0,0,0.06521739130434782,0.0,0.06544165054803353,0.0,0.03164038981654988,0.0,0.0,0.026495882528039645
Aweil North,2024-12-16,test,0.0,0,0.06521739130434782,0.0,0.06544165054803353,0.0,0.05145339769913893,0.0,0.0,0.04699677379736525
Aweil North,2024-12-23,test,0.0,0,0.06521739130434782,0.0,0.06544165054803353,0.0,0.11316869512033131,0.0,0.0,0.031955586397772365
Aweil North,2024-12-30,test,0.0,0,0.06521739130434782,0.0,0.06544165054803353,0.0,0.06032212858616751,0.0,0.0,0.0167804987633044
Aweil North,2025-01-06,test,0.0,0,0.03676470588235294,0.0,0.06544165054803353,0.0,0.042701425425666927,0.0,0.0,0.009826574457716881
Aweil North,2025-01-13,test,0.0,0,0.03676470588235294,0.0,0.06544165054803353,0.0,0.06551969512772134,0.0,0.0,0.01432915891393796
Aweil North,2025-01-20,test,0.0,0,0.03676470588235294,0.0,0.06544165054803353,0.0,0.07781009592773562,0.0,0.0,0.02612242883523483
Aweil North,2025-01-27,test,0.0,0,0.03676470588235294,0.0,0.06544165054803353,0.0,0.05443097594239855,0.0,0.0,0.02204397457265148
Aweil North,2025-02-03,test,0.0,0,0.00819672131147541,0.0,0.06544165054803353,0.0,0.030440205667974073,0.0,0.0,0.0020085161418667424
Aweil North,2025-02-10,test,0.0,0,0.00819672131147541,0.0,0.06544165054803353,0.0,0.028926499686015995,0.0,0.0,0.0020085161418667424
Aweil North,2025-02-17,test,0.0,0,0.00819672131147541,0.0,0.06544165054803353,0.0,0.028926499686015995,0.0,0.0,0.0020085161418667424
Aweil North,2025-02-24,test,0.0,0,0.00819672131147541,0.0,0.06544165054803353,0.0,0.028926499686015995,0.0,0.0,0.0020085161418667424
Aweil North,2025-03-03,test,0.0,0,0.022388059701492536,0.0,0.06544165054803353,0.0,0.02991753573617593,0.0,0.0,0.0020085161418667424
Aweil North,2025-03-10,test,0.0,0,0.022388059701492536,0.0,0.06544165054803353,0.0,0.07543490580979051,0.0,0.0,0.06769698518138759
Aweil North,2025-03-17,test,0.0,0,0.022388059701492536,0.0,0.06544165054803353,0.0,0.034913683640942945,0.0,0.0,0.0068925706938727065
Aweil North,2025-03-24,test,0.0,0,0.022388059701492536,0.0,0.06544165054803353,0.0,0.034913683640942945,0.0,0.0,0.0020085161418667424
Aweil North,2025-03-31,test,0.0,0,0.022388059701492536,0.0,0.06544165054803353,0.0,0.038050028721771455,0.0,0.0,0.005678166433045709
Aweil North,2025-04-07,test,0.0,0,0.022727272727272728,0.0,0.06544165054803353,0.0,0.03416250910693134,0.0,0.0,0.0020085161418667424
Aweil North,2025-04-14,test,0.0,0,0.022727272727272728,0.0,0.06544165054803353,0.0,0.0320045762005159,0.0,0.0,0.0020085161418667424
Aweil North,2025-04-21,test,0.0,0,0.022727272727272728,0.0,0.06544165054803353,0.0,0.03231021702770142,0.0,0.0,0.006066945374849672
Aweil North,2025-04-28,test,0.0,0,0.022727272727272728,0.0,0.06544165054803353,0.0,0.03532520456860626,0.0,0.0,0.00806269294045778
Aweil North,2025-05-05,test,0.0,0,0.007462686567164179,0.0,0.06544165054803353,0.0,0.041834926580901814,0.0,0.0,0.042035457412227945
Aweil North,2025-05-12,test,0.0,0,0.007462686567164179,0.0,0.06544165054803353,0.0,0.031143819458835452,0.0,0.0,0.002896481792285004
Aweil North,2025-05-19,test,0.0,0,0.007462686567164179,0.0,0.06544165054803353,0.0,0.029019304630299655,0.0,0.0,0.0020085161418667424
Aweil North,2025-05-26,test,0.0,0,0.007462686567164179,0.0,0.06544165054803353,0.0,0.029019304630299655,0.0,0.0,0.0020085161418667424
Aweil North,2025-06-02,test,0.0,0,0.038461538461538464,0.0,0.06544165054803353,0.0,0.029019304630299655,0.0,0.0,0.0020085161418667424
Aweil North,2025-06-09,test,0.0,0,0.038461538461538464,0.0,0.06544165054803353,0.0,0.029019304630299655,0.0,0.0,0.0020085161418667424
Aweil North,2025-06-16,test,0.0,0,0.038461538461538464,0.0,0.06544165054803353,0.0,0.029094496934593796,0.0,0.0,0.008795034406755426
Aweil North,2025-06-23,test,0.0,0,0.038461538461538464,0.0,0.06544165054803353,0.0,0.03208828421065941,0.0,0.0,0.013546649324684712
Aweil North,2025-06-30,test,0.0,0,0.038461538461538464,0.0,0.06544165054803353,0.0,0.030883787623532687,0.0,0.0,0.002008517348908098
Aweil North,2025-07-07,test,0.0,0,0.007352941176470588,0.0,0.06544165054803353,0.0,0.029751090563266608,0.0,0.0,0.002008517348908098
Aweil North,2025-07-14,test,0.0,0,0.007352941176470588,0.0,0.06544165054803353,0.0,0.03069980923858955,0.0,0.0,0.0035334066590182464
Aweil North,2025-07-21,test,0.0,0,0.007352941176470588,0.0,0.06544165054803353,0.0,0.049130314868863455,0.0,0.0,0.012511260363684669
Aweil North,2025-07-28,test,0.0,0,0.007352941176470588,0.0,0.06544165054803353,0.0,0.03267584697791352,0.0,0.0,0.006780391036235131
Aweil North,2025-08-04,test,0.0,0,0.03787878787878788,0.0,0.06544165054803353,0.0,0.03459593987243115,0.0,0.0,0.06508043922473564
Aweil North,2025-08-11,test,0.0,0,0.03787878787878788,0.0,0.06544165054803353,0.0,0.0635942005634881,0.0,0.0,0.020154135635774173
Aweil North,2025-08-18,test,0.0,0,0.03787878787878788,0.0,0.06544165054803353,0.0,0.15133176655034652,0.0,0.0,0.5264974326001218
Aweil North,2025-08-25,test,0.0,0,0.03787878787878788,0.0,0.06544165054803353,0.0,0.10302036970814364,0.0,0.0,0.2492387009736434
Aweil North,2025-09-01,test,0.0,0,0.25,0.0,0.06544165054803353,0.0,0.10466946053611521,0.0,0.0,0.6480854221336242
Aweil North,2025-09-08,test,0.0,0,0.25,0.0,0.06544165054803353,0.0,0.1902132199354466,0.0,0.0,0.45947712753342174
Aweil North,2025-09-15,test,0.0,0,0.25,0.0,0.06544165054803353,0.0,0.15770746261453011,0.0,0.0,0.6679015336762761
Aweil North,2025-09-22,test,0.0,0,0.25,0.0,0.06544165054803353,0.0,0.18536548777633846,0.0,0.0,0.0
Aweil North,2025-09-29,test,0.0529825830568303,1,0.25,0.0,0.06544165054803353,0.0,0.4624259691150397,0.0,0.0,3.060234979822676
Aweil North,2025-10-06,test,0.3179326283027964,1,0.41911764705882354,0.0,0.7527675276752768,0.0529825830568303,0.3595420814746121,0.0,0.0872729827613859,1.3030901179253842
Aweil North,2025-10-13,test,14.625245861111177,1,0.41911764705882354,0.0,0.7527675276752768,0.3179326283027964,0.5273287768995782,0.0,0.16217392049251556,2.7528918830368343
Aweil North,2025-10-20,test,5.617046023822956,1,0.41911764705882354,0.0,0.7527675276752768,14.625245861111177,0.891573858491867,0.04963844111232155,3.9401033096628226,5.25868346717921
Aweil North,2025-10-27,test,2.1199969187586367,1,0.41911764705882354,0.0,0.7527675276752768,5.617046023822956,0.7544870417701715,0.04963844111232155,1.1725854055867502,4.920351487292202
Aweil North,2025-11-03,test,1.9611548326052275,1,0.2265625,0.0,0.7527675276752768,2.1199969187586367,0.7936398429841041,0.0019077954898751414,0.31100191599955135,4.004011662716094
Aweil North,2025-11-10,test,0.4763882852277924,1,0.2265625,0.0,0.7527675276752768,1.9611548326052275,0.7990973718945901,0.0019077954898751414,0.4543254386441556,2.7766731788097077
Aweil North,2025-11-17,test,0.0,0,0.2265625,0.0,0.7527675276752768,0.4763882852277924,0.5089237837106524,0.0,0.11070346440984187,1.5078499501969538
Aweil North,2025-11-24,test,0.0,0,0.2265625,0.0,0.06544165054803353,0.0,0.5277944532164909,0.0,0.14883601252773626,0.26410760055624893
Aweil North,2025-12-01,test,0.0,0,0.06521739130434782,0.0,0.06544165054803353,0.0,0.05673851694043374,0.0,0.0,0.16049177744696172
Aweil North,2025-12-08,test,0.0,0,0.06521739130434782,0.0,0.06544165054803353,0.0,0.03164038981654988,0.0,0.0,0.06563898669780438
Aweil North,2025-12-15,test,0.0,0,0.06521739130434782,0.0,0.06544165054803353,0.0,0.048038406915281696,0.0,0.0,0.039171737110399105
Aweil North,2025-12-22,test,0.0,0,0.06521739130434782,0.0,0.06544165054803353,0.0,0.11009955680127156,0.0,0.0,0.038355189396660466
Aweil North,2025-12-29,test,0.0,0,0.06521739130434782,0.0,0.06544165054803353,0.0,0.06211458463394047,0.0,0.0,0.013561775575458289
Aweil South,2020-01-20,test,0.0,0,0.11029411764705882,0.0,0.7527675276752768,0.1590849371483269,0.3754213449059906,0.0,0.0015482142134606838,0.23905948610874947
Aweil South,2020-01-27,test,0.0,0,0.11029411764705882,0.0,0.06544165054803353,0.0,0.13854281838743526,0.0,0.0,0.16546944560248103
Aweil South,2020-02-03,test,0.0,0,0.00819672131147541,0.0,0.06544165054803353,0.0,0.061658846551871045,0.0,0.0,0.038281551328012274
Aweil South,2020-02-10,test,0.0,0,0.00819672131147541,0.0,0.06544165054803353,0.0,0.028207533243042548,0.0,0.0,0.0020085161418667424
Aweil South,2020-02-17,test,0.0,0,0.00819672131147541,0.0,0.06544165054803353,0.0,0.028926499686015995,0.0,0.0,0.0020085161418667424
Aweil South,2020-02-24,test,0.0,0,0.00819672131147541,0.0,0.06544165054803353,0.0,0.028926499686015995,0.0,0.0,0.0020085161418667424
Aweil South,2020-03-02,test,0.0,0,0.03731343283582089,0.0,0.06544165054803353,0.0,0.02991753573617593,0.0,0.0,0.0020085161418667424
Aweil South,2020-03-09,test,0.0,0,0.03731343283582089,0.0,0.06544165054803353,0.0,0.07609489719962599,0.0,0.0,0.06592470398602145
Aweil South,2020-03-16,test,0.0,0,0.03731343283582089,0.0,0.06544165054803353,0.0,0.03523265876689314,0.0,0.0,0.0068925706938727065
Aweil South,2020-03-23,test,0.0,0,0.03731343283582089,0.0,0.06544165054803353,0.0,0.03523265876689314,0.0,0.0,0.0020085161418667424
Aweil South,2020-03-30,test,0.0,0,0.03731343283582089,0.0,0.06544165054803353,0.0,0.03839651781458504,0.0,0.0,0.005678166433045709
Aweil South,2020-04-06,test,0.0,0,0.022727272727272728,0.0,0.06544165054803353,0.0,0.03447486657616169,0.0,0.0,0.0020085161418667424
Aweil South,2020-04-13,test,0.0,0,0.022727272727272728,0.0,0.06544165054803353,0.0,0.03229786287590542,0.0,0.0,0.0020085161418667424
Aweil South,2020-04-20,test,0.1061356613652118,1,0.022727272727272728,0.0,0.06544165054803353,0.0,0.032606210219544275,0.0,0.0,0.004896823128264594
Aweil South,2020-04-27,test,0.0,0,0.022727272727272728,0.0,0.7527675276752768,0.1061356613652118,0.09062340887069426,0.0,0.0,0.014849941090864736
Aweil South,2020-05-04,test,0.0,0,0.022388059701492536,0.0,0.06544165054803353,0.0,0.07488234070299027,0.0,0.0,0.21787569122611794
Aweil South,2020-05-11,test,0.0,0,0.022388059701492536,0.0,0.06544165054803353,0.0,0.05327913492970553,0.0,0.0,0.07699341657512622
Aweil South,2020-05-18,test,0.0,0,0.022388059701492536,0.0,0.06544165054803353,0.0,0.028558421718345967,0.0,0.0,0.0020085161418667424
Aweil South,2020-05-25,test,0.0,0,0.022388059701492536,0.0,0.06544165054803353,0.0,0.02928606224081811,0.0,0.0,0.0020085161418667424
Aweil South,2020-06-01,test,0.0,0,0.023076923076923078,0.0,0.06544165054803353,0.0,0.02928606224081811,0.0,0.0,0.0020085161418667424
Aweil South,2020-06-08,test,0.0,0,0.023076923076923078,0.0,0.06544165054803353,0.0,0.02928606224081811,0.0,0.0,0.0020085161418667424
Aweil South,2020-06-15,test,0.0,0,0.023076923076923078,0.0,0.06544165054803353,0.0,0.029361924842802582,0.0,0.0,0.008795034406755426
Aweil South,2020-06-22,test,0.0,0,0.023076923076923078,0.0,0.06544165054803353,0.0,0.0322943199863946,0.0,0.0,0.010050547242712354
Aweil South,2020-06-29,test,0.0,0,0.023076923076923078,0.0,0.06544165054803353,0.0,0.031082337801793255,0.0,0.0,0.002008517348908098
Aweil South,2020-07-06,test,0.0,0,0.03676470588235294,0.0,0.06544165054803353,0.0,0.0300243670501702,0.0,0.0,0.002008517348908098
Aweil South,2020-07-13,test,0.0,0,0.03676470588235294,0.0,0.06544165054803353,0.0,0.03098152184854431,0.0,0.0,0.003533406630798941
Aweil South,2020-07-20,test,0.0,0,0.03676470588235294,0.0,0.06544165054803353,0.0,0.05153491324163462,0.0,0.0,0.015399932740509435
Aweil South,2020-07-27,test,0.0,0,0.03676470588235294,0.0,0.06544165054803353,0.0,0.03479699468803821,0.0,0.0,0.006782004964063332
Aweil South,2020-08-03,test,0.0,0,0.17424242424242425,0.0,0.06544165054803353,0.0,0.038320927463457534,0.0,0.0,0.06605361556104909
Aweil South,2020-08-10,test,0.0,0,0.17424242424242425,0.0,0.06544165054803353,0.0,0.08313080441365382,0.0,0.0,0.025989368602844024
Aweil South,2020-08-17,test,0.0,0,0.17424242424242425,0.0,0.06544165054803353,0.0,0.21790321154339112,0.0,0.0,0.7087908118613448
Aweil South,2020-08-24,test,0.0,0,0.17424242424242425,0.0,0.06544165054803353,0.0,0.144398440741427,0.0,0.0,0.5441195221852375
Aweil South,2020-08-31,test,0.0,0,0.17424242424242425,0.0,0.06544165054803353,0.0,0.16381954616554278,0.0,0.0,0.4219839499678725
Aweil South,2020-09-07,test,0.0,0,0.4621212121212121,0.0,0.06544165054803353,0.0,0.2979146317921431,0.0,0.0,0.48773662300246634
Aweil South,2020-09-14,test,0.0,0,0.4621212121212121,0.0,0.06544165054803353,0.0,0.2461187801521329,0.0,0.0,0.8824552728968927
Aweil South,2020-09-21,test,0.0,0,0.4621212121212121,0.0,0.06544165054803353,0.0,0.2803066009229472,0.0,0.0,0.4342374452861746
Aweil South,2020-09-28,test,0.0,0,0.4621212121212121,0.0,0.06544165054803353,0.0,0.4713032722302405,0.0,0.0,3.445865237235078
Aweil South,2020-10-05,test,0.212108150788212,1,0.6838235294117647,6.100102452160747,0.06544165054803353,0.0,0.283252170401224,0.0,0.0015901327505707741,1.296920253452705
Aweil South,2020-10-12,test,0.1590714319511934,1,0.6838235294117647,6.100102452160747,0.7527675276752768,0.212108150788212,0.6010059251087686,0.0,0.1783146970846508,3.6002874720032816
Aweil South,2020-10-19,test,0.7422954100096727,1,0.6838235294117647,6.100102452160747,0.7527675276752768,0.1590714319511934,0.6141662360855048,0.0,0.1506427528172553,2.7284941739114412
Aweil South,2020-10-26,test,6.527183219660767,1,0.6838235294117647,6.100102452160747,0.7527675276752768,0.7422954100096727,0.4749764146997165,0.0,0.14939208134030824,1.0919652652689769
Aweil South,2020-11-02,test,20.10846569017759,1,0.7734375,5.677182730163119,0.7527675276752768,6.527183219660767,0.8893189930249948,0.04963844111232155,1.7382398744028944,9.694279125163662
Aweil South,2020-11-09,test,47.00061273908057,1,0.7734375,5.677182730163119,0.7527675276752768,20.10846569017759,0.9094037794742759,0.04963844111232155,7.504979807897818,19.85963129928754
Aweil South,2020-11-16,test,59.46177584698098,1,0.7734375,5.677182730163119,0.7527675276752768,47.00061273908057,0.9106584119016647,0.04963844111232155,23.813005330128508,49.707539256428966
Aweil South,2020-11-23,test,49.062054370820896,1,0.7734375,5.677182730163119,0.7527675276752768,59.46177584698098,0.9114228174224855,0.04963844111232155,25.475916057081545,111.16506615542671
Aweil South,2020-11-30,test,32.61958837736294,1,0.7734375,5.677182730163119,0.7527675276752768,49.062054370820896,0.9102858508520499,0.04963844111232155,22.358642209682984,48.541985991668945
Aweil South,2020-12-07,test,10.554125466068152,1,0.5289855072463768,0.07954157021848185,0.7527675276752768,32.61958837736294,0.9070922981481374,0.04963844111232155,11.678061653520748,24.06930823218582
Aweil South,2020-12-14,test,2.5460639663767126,1,0.5289855072463768,0.07954157021848185,0.7527675276752768,10.554125466068152,0.9087878494245698,0.04963844111232155,5.203525583306782,7.8005130686974615
Aweil South,2020-12-21,test,1.2728322084118244,1,0.5289855072463768,0.07954157021848185,0.7527675276752768,2.5460639663767126,0.8505257865030416,0.0019077954898751414,0.6420571489399827,1.4090681463722465
Aweil South,2020-12-28,test,2.4923680819212537,1,0.5289855072463768,0.07954157021848185,0.7527675276752768,1.2728322084118244,0.652194986285721,0.0,0.1028167285122314,1.086099828641237
Aweil South,2021-01-04,test,1.2727608504617145,1,0.11029411764705882,0.0,0.7527675276752768,2.4923680819212537,0.8602898831508354,0.0019077954898751414,0.543377619011746,1.1489846202371523
Aweil South,2021-01-11,test,0.4242303278059334,1,0.11029411764705882,0.0,0.7527675276752768,1.2727608504617145,0.6473119886841665,0.0,0.09778613925754885,1.4145795526697793
Aweil South,2021-01-18,test,0.0,0,0.11029411764705882,0.0,0.7527675276752768,0.4242303278059334,0.46429848036349936,0.0,0.06359532201463622,0.9852784310474311
Aweil South,2021-01-25,test,0.0,0,0.11029411764705882,0.0,0.06544165054803353,0.0,0.1675989018001702,0.0,0.0,0.11105249646521927
Aweil South,2021-02-01,test,0.0,0,0.00819672131147541,0.0,0.06544165054803353,0.0,0.059099845709043176,0.0,0.0,0.024389272961276923
Aweil South,2021-02-08,test,0.0,0,0.00819672131147541,0.0,0.06544165054803353,0.0,0.029543425800373713,0.0,0.0,0.0020085161418667424
Aweil South,2021-02-15,test,0.0,0,0.00819672131147541,0.0,0.06544165054803353,0.0,0.028926499686015995,0.0,0.0,0.0020085161418667424
Aweil South,2021-02-22,test,0.0,0,0.00819672131147541,0.0,0.06544165054803353,0.0,0.028926499686015995,0.0,0.0,0.0020085161418667424
Aweil South,2021-03-01,test,0.0,0,0.03731343283582089,0.0,0.06544165054803353,0.0,0.02991753573617593,0.0,0.0,0.0020085161418667424
Aweil South,2021-03-08,test,0.0,0,0.03731343283582089,0.0,0.06544165054803353,0.0,0.07059211132490666,0.0,0.0,0.054889080953885144
Aweil South,2021-03-15,test,0.0,0,0.03731343283582089,0.0,0.06544165054803353,0.0,0.03523265876689314,0.0,0.0,0.006941955529435199
Aweil South,2021-03-22,test,0.0,0,0.03731343283582089,0.0,0.06544165054803353,0.0,0.03523265876689314,0.0,0.0,0.0020085161418667424
Aweil South,2021-03-29,test,0.0,0,0.03731343283582089,0.0,0.06544165054803353,0.0,0.035562343758863565,0.0,0.0,0.0020085161418667424
Aweil South,2021-04-05,test,0.0,0,0.022727272727272728,0.0,0.06544165054803353,0.0,0.03447486657616169,0.0,0.0,0.0020085161418667424
Aweil South,2021-04-12,test,0.0,0,0.022727272727272728,0.0,0.06544165054803353,0.0,0.03229786287590542,0.0,0.0,0.0020085161418667424
Aweil South,2021-04-19,test,0.0,0,0.022727272727272728,0.0,0.06544165054803353,0.0,0.03229786287590542,0.0,0.0,0.0020085161418667424
Aweil South,2021-04-26,test,0.0,0,0.022727272727272728,0.0,0.06544165054803353,0.0,0.03676257321344801,0.0,0.0,0.0068925706938727065
Aweil South,2021-05-03,test,0.0,0,0.022388059701492536,0.0,0.06544165054803353,0.0,0.03203731492064829,0.0,0.0,0.0068925706938727065
Aweil South,2021-05-10,test,0.0,0,0.022388059701492536,0.0,0.06544165054803353,0.0,0.029647894545031465,0.0,0.0,0.0020085161418667424
Aweil South,2021-05-17,test,0.0,0,0.022388059701492536,0.0,0.06544165054803353,0.0,0.02928606224081811,0.0,0.0,0.0020085161418667424
Aweil South,2021-05-24,test,0.0,0,0.022388059701492536,0.0,0.06544165054803353,0.0,0.02928606224081811,0.0,0.0,0.0020085161418667424
Aweil South,2021-05-31,test,0.0,0,0.022388059701492536,0.0,0.06544165054803353,0.0,0.02928606224081811,0.0,0.0,0.0020085161418667424
Aweil South,2021-06-07,test,0.0,0,0.023076923076923078,0.0,0.06544165054803353,0.0,0.02928606224081811,0.0,0.0,0.0020085161418667424
Aweil South,2021-06-14,test,0.0,0,0.023076923076923078,0.0,0.06544165054803353,0.0,0.02928606224081811,0.0,0.0,0.0020085161418667424
Aweil South,2021-06-21,test,0.0,0,0.023076923076923078,0.0,0.06544165054803353,0.0,0.029361924842802582,0.0,0.0,0.0020085161418667424
Aweil South,2021-06-28,test,0.0,0,0.023076923076923078,0.0,0.06544165054803353,0.0,0.031082337801793255,0.0,0.0,0.002008517348908098
Aweil South,2021-07-05,test,0.0,0,0.03676470588235294,0.0,0.06544165054803353,0.0,0.0300243670501702,0.0,0.0,0.002008517348908098
Aweil South,2021-07-12,test,0.0,0,0.03676470588235294,0.0,0.06544165054803353,0.0,0.043742046796879604,0.0,0.0,0.0035334039031918313
Aweil South,2021-07-19,test,0.0,0,0.03676470588235294,0.0,0.06544165054803353,0.0,0.03133349067857811,0.0,0.0,0.0037175464508337076
Aweil South,2021-07-26,test,0.0,0,0.03676470588235294,0.0,0.06544165054803353,0.0,0.033000694044252266,0.0,0.0,0.003976740927104641
Aweil South,2021-08-02,test,0.0,0,0.17424242424242425,0.0,0.06544165054803353,0.0,0.03558437626455197,0.0,0.0,0.06336764772897467
Aweil South,2021-08-09,test,0.0,0,0.17424242424242425,0.0,0.06544165054803353,0.0,0.04600376243828411,0.0,0.0,0.0365299270013707
Aweil South,2021-08-16,test,0.5302974316370498,1,0.17424242424242425,0.0,0.06544165054803353,0.0,0.2583462160219596,0.0,0.0015901327505707741,0.43925171814560066
Aweil South,2021-08-23,test,13.891627196995772,1,0.17424242424242425,0.0,0.7527675276752768,0.5302974316370498,0.6732556452560075,0.0,0.284598874592103,2.7996534245283793
Aweil South,2021-08-30,test,2.916096992054208,1,0.17424242424242425,0.0,0.7527675276752768,13.891627196995772,0.9017719938555404,0.04963844111232155,7.163361595124238,19.812475497253217
Aweil South,2021-09-06,test,9.384964172494056,1,0.4621212121212121,0.0,0.7527675276752768,2.916096992054208,0.7829058868818185,0.0,0.6028396262120785,6.966398187225086
Aweil South,2021-09-13,test,0.1590669197755305,1,0.4621212121212121,0.0,0.7527675276752768,9.384964172494056,0.9117390043454603,0.04963844111232155,7.655961230624018,22.864302160417022
Aweil South,2021-09-20,test,38.177950545457016,1,0.4621212121212121,0.0,0.7527675276752768,0.1590669197755305,0.7612336989621926,0.0,0.4612109303723308,18.423716597734153
Aweil South,2021-09-27,test,74.18140760194684,1,0.4621212121212121,0.0,0.7527675276752768,38.177950545457016,0.9066214027734487,0.04963844111232155,13.801038887077983,68.24905984610899
Aweil South,2021-10-04,test,98.91030958045036,1,0.6838235294117647,6.100102452160747,0.7527675276752768,74.18140760194684,0.9120457357846546,0.04963844111232155,25.645999064894045,180.4731226554658
Aweil South,2021-10-11,test,94.01972234492096,1,0.6838235294117647,6.100102452160747,0.7527675276752768,98.91030958045036,0.9112553404200543,0.04963844111232155,24.147624866891924,230.91705035279554
Aweil South,2021-10-18,test,82.61528471288852,1,0.6838235294117647,6.100102452160747,0.7527675276752768,94.01972234492096,0.9119516166506897,0.04963844111232155,27.103163378626117,261.72599337536263
Aweil South,2021-10-25,test,120.42946466837668,1,0.6838235294117647,6.100102452160747,0.7527675276752768,82.61528471288852,0.9106584119016647,0.04963844111232155,27.285821866184488,266.7862397205959
Aweil South,2021-11-01,test,84.68369566111251,1,0.7734375,5.677182730163119,0.7527675276752768,120.42946466837668,0.9106584119016647,0.04963844111232155,27.285821866184488,263.78231458861217
Aweil South,2021-11-08,test,82.13710768884016,1,0.7734375,5.677182730163119,0.7527675276752768,84.68369566111251,0.9106584119016647,0.04963844111232155,27.285821866184488,229.71758143181964
Aweil South,2021-11-15,test,57.69234487186774,1,0.7734375,5.677182730163119,0.7527675276752768,82.13710768884016,0.9106584119016647,0.04963844111232155,27.285821866184488,244.10053858540167
Aweil South,2021-11-22,test,35.15509436179596,1,0.7734375,5.677182730163119,0.7527675276752768,57.69234487186774,0.9106584119016647,0.04963844111232155,27.285821866184488,173.47427258569306
Aweil South,2021-11-29,test,17.921977430428644,1,0.7734375,5.677182730163119,0.7527675276752768,35.15509436179596,0.9114228174224855,0.04963844111232155,17.345853303501457,50.38853076715357
Aweil South,2021-12-06,test,6.892756832552804,1,0.5289855072463768,0.07954157021848185,0.7527675276752768,17.921977430428644,0.9065229550379071,0.04963844111232155,8.543950103531648,11.354949283113752
Aweil South,2021-12-13,test,2.014751230177511,1,0.5289855072463768,0.07954157021848185,0.7527675276752768,6.892756832552804,0.9087878494245698,0.04963844111232155,5.1236149987170805,7.9097383413976585
Aweil South,2021-12-20,test,0.0,0,0.5289855072463768,0.07954157021848185,0.7527675276752768,2.014751230177511,0.8295862686740494,0.0019077954898751414,0.4159985324200271,0.9602401507797822
Aweil South,2021-12-27,test,0.0,0,0.5289855072463768,0.07954157021848185,0.06544165054803353,0.0,0.29673881471987484,0.0,0.0,1.132252597158296
Aweil South,2022-01-03,test,0.0,0,0.11029411764705882,0.0,0.06544165054803353,0.0,0.061822428321093026,0.0,0.0,0.17752151076949044
Aweil South,2022-01-10,test,0.0,0,0.11029411764705882,0.0,0.06544165054803353,0.0,0.04280795234508051,0.0,0.0,0.013496983634988321
Aweil South,2022-01-17,test,0.0,0,0.11029411764705882,0.0,0.06544165054803353,0.0,0.06267774867369437,0.0,0.0,0.013283950424096459
Aweil South,2022-01-24,test,0.0,0,0.11029411764705882,0.0,0.06544165054803353,0.0,0.0603021207279232,0.0,0.0,0.023593366508873944
Aweil South,2022-01-31,test,0.0,0,0.11029411764705882,0.0,0.06544165054803353,0.0,0.030440205667974073,0.0,0.0,0.00768667473080352
Aweil South,2022-02-07,test,0.0,0,0.00819672131147541,0.0,0.06544165054803353,0.0,0.028926499686015995,0.0,0.0,0.0020085161418667424
Aweil South,2022-02-14,test,0.0,0,0.00819672131147541,0.0,0.06544165054803353,0.0,0.028926499686015995,0.0,0.0,0.0020085161418667424
Aweil South,2022-02-21,test,0.0,0,0.00819672131147541,0.0,0.06544165054803353,0.0,0.028926499686015995,0.0,0.0,0.0020085161418667424
Aweil South,2022-02-28,test,0.0,0,0.00819672131147541,0.0,0.06544165054803353,0.0,0.029328891699550063,0.0,0.0,0.0020085161418667424
Aweil South,2022-03-07,test,0.0,0,0.03731343283582089,0.0,0.06544165054803353,0.0,0.032904030284712255,0.0,0.0,0.008671063725629924
Aweil South,2022-03-14,test,0.0,0,0.03731343283582089,0.0,0.06544165054803353,0.0,0.04017876954204359,0.0,0.0,0.006941955529435199
Aweil South,2022-03-21,test,0.0,0,0.03731343283582089,0.0,0.06544165054803353,0.0,0.03523265876689314,0.0,0.0,0.0020085161418667424
Aweil South,2022-03-28,test,0.0,0,0.03731343283582089,0.0,0.06544165054803353,0.0,0.035562343758863565,0.0,0.0,0.0020085161418667424
Aweil South,2022-04-04,test,0.0,0,0.022727272727272728,0.0,0.06544165054803353,0.0,0.03330200987826859,0.0,0.0,0.0020085161418667424
Aweil South,2022-04-11,test,0.0,0,0.022727272727272728,0.0,0.06544165054803353,0.0,0.03229786287590542,0.0,0.0,0.0020085161418667424
Aweil South,2022-04-18,test,0.0,0,0.022727272727272728,0.0,0.06544165054803353,0.0,0.03229786287590542,0.0,0.0,0.0020085161418667424
Aweil South,2022-04-25,test,0.0,0,0.022727272727272728,0.0,0.06544165054803353,0.0,0.033316801169519655,0.0,0.0,0.0068925706938727065
Aweil South,2022-05-02,test,0.0,0,0.022388059701492536,0.0,0.06544165054803353,0.0,0.03203731492064829,0.0,0.0,0.0068925706938727065
Aweil South,2022-05-09,test,0.0,0,0.022388059701492536,0.0,0.06544165054803353,0.0,0.029647894545031465,0.0,0.0,0.0020085161418667424
Aweil South,2022-05-16,test,0.0,0,0.022388059701492536,0.0,0.06544165054803353,0.0,0.02928606224081811,0.0,0.0,0.0020085161418667424
Aweil South,2022-05-23,test,0.0,0,0.022388059701492536,0.0,0.06544165054803353,0.0,0.02928606224081811,0.0,0.0,0.0020085161418667424
Aweil South,2022-05-30,test,0.0,0,0.022388059701492536,0.0,0.06544165054803353,0.0,0.02928606224081811,0.0,0.0,0.0020085161418667424
Aweil South,2022-06-06,test,0.0,0,0.023076923076923078,0.0,0.06544165054803353,0.0,0.02928606224081811,0.0,0.0,0.0020085161418667424
Aweil South,2022-06-13,test,0.0,0,0.023076923076923078,0.0,0.06544165054803353,0.0,0.02928606224081811,0.0,0.0,0.0020085161418667424
Aweil South,2022-06-20,test,0.0,0,0.023076923076923078,0.0,0.06544165054803353,0.0,0.029361924842802582,0.0,0.0,0.0020085161418667424
Aweil South,2022-06-27,test,0.0,0,0.023076923076923078,0.0,0.06544165054803353,0.0,0.031082337801793255,0.0,0.0,0.002008517348908098
Aweil South,2022-07-04,test,0.0,0,0.03676470588235294,0.0,0.06544165054803353,0.0,0.0300243670501702,0.0,0.0,0.002008517348908098
Aweil South,2022-07-11,test,0.0,0,0.03676470588235294,0.0,0.06544165054803353,0.0,0.04723859661203896,0.0,0.0,0.006827216489354794
Aweil South,2022-07-18,test,0.0,0,0.03676470588235294,0.0,0.06544165054803353,0.0,0.030402286735974483,0.0,0.0,0.003533395569850473
Aweil South,2022-07-25,test,0.0,0,0.03676470588235294,0.0,0.06544165054803353,0.0,0.03367607128186338,0.0,0.0,0.003976740927104641
Aweil South,2022-08-01,test,0.0,0,0.17424242424242425,0.0,0.06544165054803353,0.0,0.03558437626455197,0.0,0.0,0.022935812967739975
Aweil South,2022-08-08,test,0.0,0,0.17424242424242425,0.0,0.06544165054803353,0.0,0.04600376243828411,0.0,0.0,0.03659355731229452
Aweil South,2022-08-15,test,0.0,0,0.17424242424242425,0.0,0.06544165054803353,0.0,0.20288299105005822,0.0,0.0015901327505707741,0.29065117419136627
Aweil South,2022-08-22,test,0.0,0,0.17424242424242425,0.0,0.06544165054803353,0.0,0.1592536631648915,0.0,0.0,0.6490761800833037
Aweil South,2022-08-29,test,0.0,0,0.17424242424242425,0.0,0.06544165054803353,0.0,0.1189105441530421,0.0,0.0,0.13620655912101673
Aweil South,2022-09-05,test,0.0,0,0.4621212121212121,0.0,0.06544165054803353,0.0,0.13196729839260182,0.0,0.0,0.16679972633639903
Aweil South,2022-09-12,test,11.93024806991472,1,0.4621212121212121,0.0,0.06544165054803353,0.0,0.23571647739439236,0.0,0.0,0.4017993159705814
Aweil South,2022-09-19,test,20.94517775397376,1,0.4621212121212121,0.0,0.7527675276752768,11.93024806991472,0.9002617610148496,0.04963844111232155,7.28571731377953,19.68539634936563
Aweil South,2022-09-26,test,84.43018336763205,1,0.4621212121212121,0.0,0.7527675276752768,20.94517775397376,0.908763375468688,0.04963844111232155,11.920709840719386,50.318975176364646
Aweil South,2022-10-03,test,70.58527478740108,1,0.6838235294117647,6.100102452160747,0.7527675276752768,84.43018336763205,0.9079464605119663,0.04963844111232155,24.317707874704425,160.6413298935841
Aweil South,2022-10-10,test,56.153603323760834,1,0.6838235294117647,6.100102452160747,0.7527675276752768,70.58527478740108,0.9112553404200543,0.04963844111232155,25.475916057081545,226.69710730015802
Aweil South,2022-10-17,test,0.0,0,0.6838235294117647,6.100102452160747,0.7527675276752768,56.153603323760834,0.9119516166506897,0.04963844111232155,27.103163378626117,163.7803595885381
Aweil South,2022-10-24,test,123.87543368399952,1,0.6838235294117647,6.100102452160747,0.06544165054803353,0.0,0.7337188833127006,0.0,0.19247409713613023,34.22090152145199
Aweil South,2022-10-31,test,107.22431573189732,1,0.6838235294117647,6.100102452160747,0.7527675276752768,123.87543368399952,0.9020622956549866,0.04963844111232155,26.04272315132953,173.7856461363683
Aweil South,2022-11-07,test,117.2532637205466,1,0.7734375,5.677182730163119,0.7527675276752768,107.22431573189732,0.9111738733541818,0.04963844111232155,25.658574544639908,227.85258107704942
Aweil South,2022-11-14,test,134.91448393293416,1,0.7734375,5.677182730163119,0.7527675276752768,117.2532637205466,0.9063920715152596,0.04963844111232155,25.774872188436497,234.0789363132831
Aweil South,2022-11-21,test,118.83940789664166,1,0.7734375,5.677182730163119,0.7527675276752768,134.91448393293416,0.9106584119016647,0.04963844111232155,27.285821866184488,231.93248043051878
Aweil South,2022-11-28,test,86.75376471482812,1,0.7734375,5.677182730163119,0.7527675276752768,118.83940789664166,0.9114228174224855,0.04963844111232155,27.285821866184488,167.38059527267947
Aweil South,2022-12-05,test,76.04168670691209,1,0.5289855072463768,0.07954157021848185,0.7527675276752768,86.75376471482812,0.9102536651464651,0.04963844111232155,25.831458745738964,158.51286940485187
Aweil South,2022-12-12,test,42.68640947547448,1,0.5289855072463768,0.07954157021848185,0.7527675276752768,76.04168670691209,0.9093447772124127,0.04963844111232155,25.831458745738964,146.31312269598357
Aweil South,2022-12-19,test,15.377696632143705,1,0.5289855072463768,0.07954157021848185,0.7527675276752768,42.68640947547448,0.9093447772124127,0.04963844111232155,24.114294372843638,78.42060811857762
Aweil South,2022-12-26,test,1.9088854544867568,1,0.5289855072463768,0.07954157021848185,0.7527675276752768,15.377696632143705,0.9045729199323042,0.04963844111232155,9.787048818386607,13.750187910730437
Aweil South,2023-01-02,test,0.212105755639928,1,0.11029411764705882,0.0,0.7527675276752768,1.9088854544867568,0.8192220975488145,0.0019077954898751414,0.4455345905699008,1.6636499168947805
Aweil South,2023-01-09,test,0.0,0,0.11029411764705882,0.0,0.7527675276752768,0.212105755639928,0.5691275469508866,0.0,0.06154155708262106,0.6095530155266552
Aweil South,2023-01-16,test,0.0,0,0.11029411764705882,0.0,0.06544165054803353,0.0,0.17797452328645805,0.0,0.0,0.15966828769861083
Aweil South,2023-01-23,test,0.0,0,0.11029411764705882,0.0,0.06544165054803353,0.0,0.05740634472004692,0.0,0.0,0.007646359861711061
Aweil South,2023-01-30,test,0.0,0,0.11029411764705882,0.0,0.06544165054803353,0.0,0.030917416285111615,0.0,0.0,0.00768667473080352
Aweil South,2023-02-06,test,0.0,0,0.00819672131147541,0.0,0.06544165054803353,0.0,0.028926499686015995,0.0,0.0,0.0020085161418667424
Aweil South,2023-02-13,test,0.0,0,0.00819672131147541,0.0,0.06544165054803353,0.0,0.028926499686015995,0.0,0.0,0.0020085161418667424
Aweil South,2023-02-20,test,0.0,0,0.00819672131147541,0.0,0.06544165054803353,0.0,0.028926499686015995,0.0,0.0,0.0020085161418667424
Aweil South,2023-02-27,test,0.0,0,0.00819672131147541,0.0,0.06544165054803353,0.0,0.029328891699550063,0.0,0.0,0.0020085161418667424
Aweil South,2023-03-06,test,0.0,0,0.03731343283582089,0.0,0.06544165054803353,0.0,0.032904030284712255,0.0,0.0,0.008671063725629924
Aweil South,2023-03-13,test,0.0,0,0.03731343283582089,0.0,0.06544165054803353,0.0,0.042102914611372326,0.0,0.0,0.006941955529435199
Aweil South,2023-03-20,test,0.0,0,0.03731343283582089,0.0,0.06544165054803353,0.0,0.03523265876689314,0.0,0.0,0.0020085161418667424
Aweil South,2023-03-27,test,0.0,0,0.03731343283582089,0.0,0.06544165054803353,0.0,0.03633493835580063,0.0,0.0,0.0020085161418667424
Aweil South,2023-04-03,test,0.0,0,0.022727272727272728,0.0,0.06544165054803353,0.0,0.03330200987826859,0.0,0.0,0.0020085161418667424
Aweil South,2023-04-10,test,0.0,0,0.022727272727272728,0.0,0.06544165054803353,0.0,0.03343657794023514,0.0,0.0,0.0020085161418667424
Aweil South,2023-04-17,test,0.0,0,0.022727272727272728,0.0,0.06544165054803353,0.0,0.03229786287590542,0.0,0.0,0.0020085161418667424
Aweil South,2023-04-24,test,0.0,0,0.022727272727272728,0.0,0.06544165054803353,0.0,0.032606210219544275,0.0,0.0,0.0068925706938727065
Aweil South,2023-05-01,test,0.0,0,0.022388059701492536,0.0,0.06544165054803353,0.0,0.0320908010924736,0.0,0.0,0.007885904117407696
Aweil South,2023-05-08,test,0.0,0,0.022388059701492536,0.0,0.06544165054803353,0.0,0.029647894545031465,0.0,0.0,0.0020085161418667424
Aweil South,2023-05-15,test,0.0,0,0.022388059701492536,0.0,0.06544165054803353,0.0,0.02928606224081811,0.0,0.0,0.0020085161418667424
Aweil South,2023-05-22,test,0.0,0,0.022388059701492536,0.0,0.06544165054803353,0.0,0.02928606224081811,0.0,0.0,0.0020085161418667424
Aweil South,2023-05-29,test,0.0,0,0.022388059701492536,0.0,0.06544165054803353,0.0,0.02928606224081811,0.0,0.0,0.0020085161418667424
Aweil South,2023-06-05,test,0.0,0,0.023076923076923078,0.0,0.06544165054803353,0.0,0.02928606224081811,0.0,0.0,0.0020085161418667424
Aweil South,2023-06-12,test,0.0,0,0.023076923076923078,0.0,0.06544165054803353,0.0,0.02928606224081811,0.0,0.0,0.0020085161418667424
Aweil South,2023-06-19,test,0.0,0,0.023076923076923078,0.0,0.06544165054803353,0.0,0.029361924842802582,0.0,0.0,0.0020085161418667424
Aweil South,2023-06-26,test,0.0,0,0.023076923076923078,0.0,0.06544165054803353,0.0,0.03501965994408018,0.0,0.0,0.00415419186521141
Aweil South,2023-07-03,test,0.0,0,0.03676470588235294,0.0,0.06544165054803353,0.0,0.0300243670501702,0.0,0.0,0.002008517348908098
Aweil South,2023-07-10,test,0.0,0,0.03676470588235294,0.0,0.06544165054803353,0.0,0.053114841982578785,0.0,0.0,0.00980330257764059
Aweil South,2023-07-17,test,0.0,0,0.03676470588235294,0.0,0.06544165054803353,0.0,0.030402286735974483,0.0,0.0,0.003533395569850473
Aweil South,2023-07-24,test,0.0,0,0.03676470588235294,0.0,0.06544165054803353,0.0,0.03367607128186338,0.0,0.0,0.0046043776429440806
Aweil South,2023-07-31,test,0.0,0,0.03676470588235294,0.0,0.06544165054803353,0.0,0.03254304914828509,0.0,0.0,0.006658174031035272
Aweil South,2023-08-07,test,0.0,0,0.17424242424242425,0.0,0.06544165054803353,0.0,0.04579410592954058,0.0,0.0,0.03429133128437264
Aweil South,2023-08-14,test,0.0,0,0.17424242424242425,0.0,0.06544165054803353,0.0,0.2483472107987816,0.0,0.0015901327505707741,0.29600196584992583
Aweil South,2023-08-21,test,0.0,0,0.17424242424242425,0.0,0.06544165054803353,0.0,0.19953226450065306,0.0,0.0,0.8106508160081972
Aweil South,2023-08-28,test,0.0,0,0.17424242424242425,0.0,0.06544165054803353,0.0,0.11105081853959599,0.0,0.0,0.06957745677751911
Aweil South,2023-09-04,test,0.0,0,0.4621212121212121,0.0,0.06544165054803353,0.0,0.12656919092402538,0.0,0.0,0.22454132136754146
Aweil South,2023-09-11,test,0.0,0,0.4621212121212121,0.0,0.06544165054803353,0.0,0.2396837164022573,0.0,0.0,0.4381349776329947
Aweil South,2023-09-18,test,0.0,0,0.4621212121212121,0.0,0.06544165054803353,0.0,0.47768729587043196,0.0,0.0,2.2957624315997456
Aweil South,2023-09-25,test,0.0,0,0.4621212121212121,0.0,0.06544165054803353,0.0,0.2665941657194771,0.0,0.0,1.169011644568574
Aweil South,2023-10-02,test,0.0,0,0.6838235294117647,6.100102452160747,0.06544165054803353,0.0,0.45796764780874794,0.0,0.0015901327505707741,4.553005037126647
Aweil South,2023-10-09,test,0.0,0,0.6838235294117647,6.100102452160747,0.06544165054803353,0.0,0.2888639592988757,0.0,0.0015901327505707741,1.8779591770898711
Aweil South,2023-10-16,test,0.0,0,0.6838235294117647,6.100102452160747,0.06544165054803353,0.0,0.21926548732358042,0.0,0.0,0.0
Aweil South,2023-10-23,test,0.0,0,0.6838235294117647,6.100102452160747,0.06544165054803353,0.0,0.19296631067308456,0.0,0.0,0.4299429190506315
Aweil South,2023-10-30,test,0.0,0,0.6838235294117647,6.100102452160747,0.06544165054803353,0.0,0.28879195380161926,0.0,0.0,0.3633527172055332
Aweil South,2023-11-06,test,0.1591747853152168,1,0.7734375,5.677182730163119,0.06544165054803353,0.0,0.2086318032429694,0.0,0.0,0.32489082784208706
Aweil South,2023-11-13,test,0.0,0,0.7734375,5.677182730163119,0.7527675276752768,0.1591747853152168,0.5196793305799555,0.0,0.07272320890571055,0.6561577924077153
Aweil South,2023-11-20,test,0.0,0,0.7734375,5.677182730163119,0.06544165054803353,0.0,0.21625331215309154,0.0,0.0,0.5567260312638364
Aweil South,2023-11-27,test,0.0,0,0.7734375,5.677182730163119,0.06544165054803353,0.0,0.10952622191310529,0.0,0.01789866467613515,0.19011133755148163
Aweil South,2023-12-04,test,0.8492599199774561,1,0.5289855072463768,0.07954157021848185,0.06544165054803353,0.0,0.04014000448082871,0.0,0.0,0.11619821389605123
Aweil South,2023-12-11,test,2.016584393133172,1,0.5289855072463768,0.07954157021848185,0.7527675276752768,0.8492599199774561,0.46309543608626896,0.0,0.1377128060192629,1.2793920148860616
Aweil South,2023-12-18,test,1.910261565514207,1,0.5289855072463768,0.07954157021848185,0.7527675276752768,2.016584393133172,0.8391250824564818,0.0019077954898751414,0.5824728468540344,2.2344100589543263
Aweil South,2023-12-25,test,0.5306285344976894,1,0.5289855072463768,0.07954157021848185,0.7527675276752768,1.910261565514207,0.8390816784558401,0.0019077954898751414,0.4997882088143508,1.82864208841817
Aweil South,2024-01-01,test,0.1591435049545523,1,0.11029411764705882,0.0,0.7527675276752768,0.5306285344976894,0.6653013692177081,0.0,0.125714137758798,1.184994187794233
Aweil South,2024-01-08,test,0.0530464584113072,1,0.11029411764705882,0.0,0.7527675276752768,0.1591435049545523,0.5923605717458741,0.0,0.0676285362431076,0.15581008040700106
Aweil South,2024-01-15,test,0.0,0,0.11029411764705882,0.0,0.7527675276752768,0.0530464584113072,0.3509157655976172,0.0,0.007714511420317433,0.14219173740271393
Aweil South,2024-01-22,test,0.0,0,0.11029411764705882,0.0,0.06544165054803353,0.0,0.0690686712636194,0.0,0.0,0.009224464692112846
Aweil South,2024-01-29,test,0.0,0,0.11029411764705882,0.0,0.06544165054803353,0.0,0.040350846961320935,0.0,0.0,0.02684354899211604
Aweil South,2024-02-05,test,0.0,0,0.00819672131147541,0.0,0.06544165054803353,0.0,0.028599075677888643,0.0,0.0,0.0020085161418667424
Aweil South,2024-02-12,test,0.0,0,0.00819672131147541,0.0,0.06544165054803353,0.0,0.029192429843008766,0.0,0.0,0.0020085161418667424
Aweil South,2024-02-19,test,0.0,0,0.00819672131147541,0.0,0.06544165054803353,0.0,0.029192429843008766,0.0,0.0,0.0020085161418667424
Aweil South,2024-02-26,test,0.0,0,0.00819672131147541,0.0,0.06544165054803353,0.0,0.02959840841397926,0.0,0.0,0.0020085161418667424
Aweil South,2024-03-04,test,0.0,0,0.03731343283582089,0.0,0.06544165054803353,0.0,0.032413986086647716,0.0,0.0,0.0022665512321418287
Aweil South,2024-03-11,test,0.0,0,0.03731343283582089,0.0,0.06544165054803353,0.0,0.045110967402563214,0.0,0.0,0.007499103038347238
Aweil South,2024-03-18,test,0.0,0,0.03731343283582089,0.0,0.06544165054803353,0.0,0.03523265876689314,0.0,0.0,0.0037055895288956977
Aweil South,2024-03-25,test,0.0,0,0.03731343283582089,0.0,0.06544165054803353,0.0,0.03749147725421996,0.0,0.0,0.0020085161418667424
Aweil South,2024-04-01,test,0.0,0,0.022727272727272728,0.0,0.06544165054803353,0.0,0.034881280635048494,0.0,0.0,0.0020085161418667424
Aweil South,2024-04-08,test,0.0,0,0.022727272727272728,0.0,0.06544165054803353,0.0,0.03610767985338828,0.0,0.0,0.0027898594466478502
Aweil South,2024-04-15,test,0.0,0,0.022727272727272728,0.0,0.06544165054803353,0.0,0.03229786287590542,0.0,0.0,0.0020085161418667424
Aweil South,2024-04-22,test,0.0,0,0.022727272727272728,0.0,0.06544165054803353,0.0,0.032606210219544275,0.0,0.0,0.0068925706938727065
Aweil South,2024-04-29,test,0.0,0,0.022727272727272728,0.0,0.06544165054803353,0.0,0.0320908010924736,0.0,0.0,0.0068925706938727065
Aweil South,2024-05-06,test,0.0,0,0.022388059701492536,0.0,0.06544165054803353,0.0,0.0387388194774489,0.0,0.0,0.026115779828085748
Aweil South,2024-05-13,test,0.0,0,0.022388059701492536,0.0,0.06544165054803353,0.0,0.02928606224081811,0.0,0.0,0.0025973693736480565
Aweil South,2024-05-20,test,0.0,0,0.022388059701492536,0.0,0.06544165054803353,0.0,0.02928606224081811,0.0,0.0,0.0020085161418667424
Aweil South,2024-05-27,test,0.0,0,0.022388059701492536,0.0,0.06544165054803353,0.0,0.02928606224081811,0.0,0.0,0.0020085161418667424
Aweil South,2024-06-03,test,0.0,0,0.023076923076923078,0.0,0.06544165054803353,0.0,0.02928606224081811,0.0,0.0,0.0020085161418667424
Aweil South,2024-06-10,test,0.0,0,0.023076923076923078,0.0,0.06544165054803353,0.0,0.02928606224081811,0.0,0.0,0.0020085161418667424
Aweil South,2024-06-17,test,0.0,0,0.023076923076923078,0.0,0.06544165054803353,0.0,0.029361924842802582,0.0,0.0,0.0020085161418667424
Aweil South,2024-06-24,test,0.0,0,0.023076923076923078,0.0,0.06544165054803353,0.0,0.03501965994408018,0.0,0.0,0.004111931386820387
Aweil South,2024-07-01,test,0.0,0,0.03676470588235294,0.0,0.06544165054803353,0.0,0.031082337801793255,0.0,0.0,0.0020087178166660336
Aweil South,2024-07-08,test,0.0,0,0.03676470588235294,0.0,0.06544165054803353,0.0,0.030939193805413986,0.0,0.0,0.0020087178166660336
Aweil South,2024-07-15,test,0.0,0,0.03676470588235294,0.0,0.06544165054803353,0.0,0.030402286735974483,0.0,0.0,0.003533396664447747
Aweil South,2024-07-22,test,0.0,0,0.03676470588235294,0.0,0.06544165054803353,0.0,0.03992944421027998,0.0,0.0,0.018351724367933447
Aweil South,2024-07-29,test,0.0,0,0.03676470588235294,0.0,0.06544165054803353,0.0,0.03368073156693833,0.0,0.0,0.006658507426236524
Aweil South,2024-08-05,test,0.0,0,0.17424242424242425,0.0,0.06544165054803353,0.0,0.04579410592954058,0.0,0.0,0.04495539542126042
Aweil South,2024-08-12,test,0.0,0,0.17424242424242425,0.0,0.06544165054803353,0.0,0.0906721376780961,0.0,0.0,0.2846219051751555
Aweil South,2024-08-19,test,0.0,0,0.17424242424242425,0.0,0.06544165054803353,0.0,0.2699072137485729,0.0,0.0,1.1814125661408768
Aweil South,2024-08-26,test,0.0,0,0.17424242424242425,0.0,0.06544165054803353,0.0,0.11280349526994651,0.0,0.0,0.0
Aweil South,2024-09-02,test,4.3477727318662,1,0.4621212121212121,0.0,0.06544165054803353,0.0,0.14799919199927383,0.0,0.0,0.12480262220209122
Aweil South,2024-09-09,test,2.7571990577928323,1,0.4621212121212121,0.0,0.7527675276752768,4.3477727318662,0.8419697053405827,0.04963844111232155,2.055451441058927,16.238738453389143
Aweil South,2024-09-16,test,5.889157888051562,1,0.4621212121212121,0.0,0.7527675276752768,2.7571990577928323,0.843016427623928,0.0,0.7248859470417933,11.371869768926638
Aweil South,2024-09-23,test,13.99801400563254,1,0.4621212121212121,0.0,0.7527675276752768,5.889157888051562,0.8837961508741476,0.04963844111232155,3.2782703892222114,23.655822093845693
Aweil South,2024-09-30,test,32.18481822491146,1,0.4621212121212121,0.0,0.7527675276752768,13.99801400563254,0.9109646907271759,0.04963844111232155,9.03022728044426,40.072999707902454
Aweil South,2024-10-07,test,23.329522909415456,1,0.6838235294117647,6.100102452160747,0.7527675276752768,32.18481822491146,0.9112553404200543,0.04963844111232155,8.550448725223013,60.81045942525579
Aweil South,2024-10-14,test,70.94504578881735,1,0.6838235294117647,6.100102452160747,0.7527675276752768,23.329522909415456,0.9119516166506897,0.04963844111232155,9.517672220595838,46.69502321005169
Aweil South,2024-10-21,test,61.772041780462736,1,0.6838235294117647,6.100102452160747,0.7527675276752768,70.94504578881735,0.9106584119016647,0.04963844111232155,25.475916057081545,157.7211545811208
Aweil South,2024-10-28,test,74.3394947061081,1,0.6838235294117647,6.100102452160747,0.7527675276752768,61.772041780462736,0.9106584119016647,0.04963844111232155,25.475916057081545,174.92070365544117
Aweil South,2024-11-04,test,72.21820596602367,1,0.7734375,5.677182730163119,0.7527675276752768,74.3394947061081,0.9106584119016647,0.04963844111232155,27.103163378626117,203.53340448544535
Aweil South,2024-11-11,test,59.17413486442554,1,0.7734375,5.677182730163119,0.7527675276752768,72.21820596602367,0.9106584119016647,0.04963844111232155,26.04272315132953,228.38597452475386
Aweil South,2024-11-18,test,50.79628851306288,1,0.7734375,5.677182730163119,0.7527675276752768,59.17413486442554,0.9106584119016647,0.04963844111232155,27.285821866184488,177.08515683479223
Aweil South,2024-11-25,test,62.4085718301681,1,0.7734375,5.677182730163119,0.7527675276752768,50.79628851306288,0.9114228174224855,0.04963844111232155,27.285821866184488,117.16128973677081
Aweil South,2024-12-02,test,54.93226297851396,1,0.5289855072463768,0.07954157021848185,0.7527675276752768,62.4085718301681,0.9102858508520499,0.04963844111232155,24.588360030884004,91.95231659772064
Aweil South,2024-12-09,test,41.252305696330325,1,0.5289855072463768,0.07954157021848185,0.7527675276752768,54.93226297851396,0.9070922981481374,0.04963844111232155,24.204211424194384,80.2527092135007
Aweil South,2024-12-16,test,14.740442663474672,1,0.5289855072463768,0.07954157021848185,0.7527675276752768,41.252305696330325,0.9093447772124127,0.04963844111232155,22.87119565798868,60.07150338585604
Aweil South,2024-12-23,test,9.119930667121034,1,0.5289855072463768,0.07954157021848185,0.7527675276752768,14.740442663474672,0.9087878494245698,0.04963844111232155,8.543950103531648,11.498653186088113
Aweil South,2024-12-30,test,2.438985544368146,1,0.5289855072463768,0.07954157021848185,0.7527675276752768,9.119930667121034,0.9045729199323042,0.04963844111232155,5.302500601112788,7.811317543272936
Aweil South,2025-01-06,test,0.0,0,0.11029411764705882,0.0,0.7527675276752768,2.438985544368146,0.8497698515488347,0.0019077954898751414,0.5461241955952766,1.057834120611379
Aweil South,2025-01-13,test,0.0,0,0.11029411764705882,0.0,0.06544165054803353,0.0,0.18504326562820395,0.0,0.0,1.306528575793396
Aweil South,2025-01-20,test,0.0,0,0.11029411764705882,0.0,0.06544165054803353,0.0,0.06786118013344986,0.0,0.0,0.18390721525228268
Aweil South,2025-01-27,test,0.0,0,0.11029411764705882,0.0,0.06544165054803353,0.0,0.050057994348584385,0.0,0.0,0.01584786614089408
Aweil South,2025-02-03,test,0.0,0,0.00819672131147541,0.0,0.06544165054803353,0.0,0.030440205667974073,0.0,0.0,0.0020085161418667424
Aweil South,2025-02-10,test,0.0,0,0.00819672131147541,0.0,0.06544165054803353,0.0,0.028926499686015995,0.0,0.0,0.0020085161418667424
Aweil South,2025-02-17,test,0.0,0,0.00819672131147541,0.0,0.06544165054803353,0.0,0.028926499686015995,0.0,0.0,0.0020085161418667424
Aweil South,2025-02-24,test,0.0,0,0.00819672131147541,0.0,0.06544165054803353,0.0,0.028926499686015995,0.0,0.0,0.0020085161418667424
Aweil South,2025-03-03,test,0.0,0,0.03731343283582089,0.0,0.06544165054803353,0.0,0.02991753573617593,0.0,0.0,0.0020085161418667424
Aweil South,2025-03-10,test,0.0,0,0.03731343283582089,0.0,0.06544165054803353,0.0,0.07609489719962599,0.0,0.0,0.06592470398602145
Aweil South,2025-03-17,test,0.0,0,0.03731343283582089,0.0,0.06544165054803353,0.0,0.03523265876689314,0.0,0.0,0.0068925706938727065
Aweil South,2025-03-24,test,0.0,0,0.03731343283582089,0.0,0.06544165054803353,0.0,0.03523265876689314,0.0,0.0,0.0020085161418667424
Aweil South,2025-03-31,test,0.0,0,0.03731343283582089,0.0,0.06544165054803353,0.0,0.03839651781458504,0.0,0.0,0.005678166433045709
Aweil South,2025-04-07,test,0.0,0,0.022727272727272728,0.0,0.06544165054803353,0.0,0.03447486657616169,0.0,0.0,0.0020085161418667424
Aweil South,2025-04-14,test,0.0,0,0.022727272727272728,0.0,0.06544165054803353,0.0,0.03229786287590542,0.0,0.0,0.0020085161418667424
Aweil South,2025-04-21,test,0.0,0,0.022727272727272728,0.0,0.06544165054803353,0.0,0.032606210219544275,0.0,0.0,0.004896823128264594
Aweil South,2025-04-28,test,0.0,0,0.022727272727272728,0.0,0.06544165054803353,0.0,0.035647800519919996,0.0,0.0,0.0068925706938727065
Aweil South,2025-05-05,test,0.0,0,0.022388059701492536,0.0,0.06544165054803353,0.0,0.042214368999730946,0.0,0.0,0.042035457412227945
Aweil South,2025-05-12,test,0.0,0,0.022388059701492536,0.0,0.06544165054803353,0.0,0.031429474355944016,0.0,0.0,0.002896481792285004
Aweil South,2025-05-19,test,0.0,0,0.022388059701492536,0.0,0.06544165054803353,0.0,0.02928606224081811,0.0,0.0,0.0020085161418667424
Aweil South,2025-05-26,test,0.0,0,0.022388059701492536,0.0,0.06544165054803353,0.0,0.02928606224081811,0.0,0.0,0.0020085161418667424
Aweil South,2025-06-02,test,0.0,0,0.023076923076923078,0.0,0.06544165054803353,0.0,0.02928606224081811,0.0,0.0,0.0020085161418667424
Aweil South,2025-06-09,test,0.0,0,0.023076923076923078,0.0,0.06544165054803353,0.0,0.02928606224081811,0.0,0.0,0.0020085161418667424
Aweil South,2025-06-16,test,0.0,0,0.023076923076923078,0.0,0.06544165054803353,0.0,0.029361924842802582,0.0,0.0,0.008795034406755426
Aweil South,2025-06-23,test,0.0,0,0.023076923076923078,0.0,0.06544165054803353,0.0,0.0322943199863946,0.0,0.0,0.010050547242712354
Aweil South,2025-06-30,test,0.0,0,0.023076923076923078,0.0,0.06544165054803353,0.0,0.031082337801793255,0.0,0.0,0.002008517348908098
Aweil South,2025-07-07,test,0.0,0,0.03676470588235294,0.0,0.06544165054803353,0.0,0.0300243670501702,0.0,0.0,0.002008517348908098
Aweil South,2025-07-14,test,0.0,0,0.03676470588235294,0.0,0.06544165054803353,0.0,0.03098152184854431,0.0,0.0,0.003533406630798941
Aweil South,2025-07-21,test,0.0,0,0.03676470588235294,0.0,0.06544165054803353,0.0,0.05153491324163462,0.0,0.0,0.015399932740509435
Aweil South,2025-07-28,test,0.0,0,0.03676470588235294,0.0,0.06544165054803353,0.0,0.03479699468803821,0.0,0.0,0.006782004964063332
Aweil South,2025-08-04,test,0.0,0,0.17424242424242425,0.0,0.06544165054803353,0.0,0.038320927463457534,0.0,0.0,0.06605361556104909
Aweil South,2025-08-11,test,0.0,0,0.17424242424242425,0.0,0.06544165054803353,0.0,0.08313080441365382,0.0,0.0,0.025989368602844024
Aweil South,2025-08-18,test,0.0,0,0.17424242424242425,0.0,0.06544165054803353,0.0,0.21790321154339112,0.0,0.0,0.7087908118613448
Aweil South,2025-08-25,test,0.0,0,0.17424242424242425,0.0,0.06544165054803353,0.0,0.144398440741427,0.0,0.0,0.5441195221852375
Aweil South,2025-09-01,test,0.0,0,0.4621212121212121,0.0,0.06544165054803353,0.0,0.16381954616554278,0.0,0.0,0.4161160169311436
Aweil South,2025-09-08,test,0.0,0,0.4621212121212121,0.0,0.06544165054803353,0.0,0.2979146317921431,0.0,0.0,0.48773662300246634
Aweil South,2025-09-15,test,0.0,0,0.4621212121212121,0.0,0.06544165054803353,0.0,0.2461187801521329,0.0,0.0,0.8824552728968927
Aweil South,2025-09-22,test,0.0,0,0.4621212121212121,0.0,0.06544165054803353,0.0,0.2803066009229472,0.0,0.0,0.4342374452861746
Aweil South,2025-09-29,test,0.0,0,0.4621212121212121,0.0,0.06544165054803353,0.0,0.4713032722302405,0.0,0.0,3.445865237235078
Aweil South,2025-10-06,test,4.029487968542278,1,0.6838235294117647,6.100102452160747,0.06544165054803353,0.0,0.283252170401224,0.0,0.0015901327505707741,1.296920253452705
Aweil South,2025-10-13,test,6.097267527883802,1,0.6838235294117647,6.100102452160747,0.7527675276752768,4.029487968542278,0.8734256513327061,0.04963844111232155,2.6829926992036364,22.15645436082925
Aweil South,2025-10-20,test,4.877843053041027,1,0.6838235294117647,6.100102452160747,0.7527675276752768,6.097267527883802,0.8735763203273124,0.04963844111232155,1.8643205636203488,8.768325107028707
Aweil South,2025-10-27,test,4.2945922712604,1,0.6838235294117647,6.100102452160747,0.7527675276752768,4.877843053041027,0.8100030984328793,0.04963844111232155,1.7274221073382812,9.367324182666502
Aweil South,2025-11-03,test,6.99868154802282,1,0.7734375,5.677182730163119,0.7527675276752768,4.2945922712604,0.787739209263595,0.0019077954898751414,0.8014570356369581,8.183406093049419
Aweil South,2025-11-10,test,5.885199652564063,1,0.7734375,5.677182730163119,0.7527675276752768,6.99868154802282,0.9099588863362349,0.04963844111232155,2.524996509608291,10.06994912940955
Aweil South,2025-11-17,test,5.142906078870792,1,0.7734375,5.677182730163119,0.7527675276752768,5.885199652564063,0.8975422530432223,0.04963844111232155,2.5594915760442105,8.198677151450138
Aweil South,2025-11-24,test,5.089891610349113,1,0.7734375,5.677182730163119,0.7527675276752768,5.142906078870792,0.8995597477292977,0.04963844111232155,5.0996072875002385,11.89766449728591
Aweil South,2025-12-01,test,3.0751407017546764,1,0.5289855072463768,0.07954157021848185,0.7527675276752768,5.089891610349113,0.898373701286051,0.04963844111232155,4.728654672040518,8.235112441561645
Aweil South,2025-12-08,test,0.212108430655741,1,0.5289855072463768,0.07954157021848185,0.7527675276752768,3.0751407017546764,0.8663396155308021,0.04963844111232155,1.1854663928590452,3.5956830917118836
Aweil South,2025-12-15,test,0.0,0,0.5289855072463768,0.07954157021848185,0.7527675276752768,0.212108430655741,0.5226068776531444,0.0,0.05765486667836978,1.4774975333653821
Aweil South,2025-12-22,test,0.0,0,0.5289855072463768,0.07954157021848185,0.06544165054803353,0.0,0.26038482724089784,0.0,0.0,0.23632102335806535
Aweil South,2025-12-29,test,0.0,0,0.5289855072463768,0.07954157021848185,0.06544165054803353,0.0,0.08023137288338418,0.0,0.0,0.022042704264227383
Aweil West,2020-01-20,test,0.0,0,0.03676470588235294,0.0,0.06544165054803353,0.0,0.06347097188580227,0.0,0.0,0.018087022363899072
Aweil West,2020-01-27,test,0.0,0,0.03676470588235294,0.0,0.06544165054803353,0.0,0.05400846587766111,0.0,0.0,0.017606499628582687
Aweil West,2020-02-03,test,0.0,0,0.00819672131147541,0.0,0.06544165054803353,0.0,0.030719611559754886,0.0,0.0,0.0020085161418667424
Aweil West,2020-02-10,test,0.0,0,0.00819672131147541,0.0,0.06544165054803353,0.0,0.029192429843008766,0.0,0.0,0.0020085161418667424
Aweil West,2020-02-17,test,0.0,0,0.00819672131147541,0.0,0.06544165054803353,0.0,0.029192429843008766,0.0,0.0,0.0020085161418667424
Aweil West,2020-02-24,test,0.0,0,0.00819672131147541,0.0,0.06544165054803353,0.0,0.029192429843008766,0.0,0.0,0.0020085161418667424
Aweil West,2020-03-02,test,0.0,0,0.05223880597014925,0.0,0.06544165054803353,0.0,0.031159634444246076,0.0,0.0,0.0020085161418667424
Aweil West,2020-03-09,test,0.0,0,0.05223880597014925,0.0,0.06544165054803353,0.0,0.07841401403929273,0.0,0.0,0.06592470398602145
Aweil West,2020-03-16,test,0.0,0,0.05223880597014925,0.0,0.06544165054803353,0.0,0.03547149126789166,0.0,0.0,0.0068925706938727065
Aweil West,2020-03-23,test,0.0,0,0.05223880597014925,0.0,0.06544165054803353,0.0,0.03547149126789166,0.0,0.0,0.0020085161418667424
Aweil West,2020-03-30,test,0.0,0,0.05223880597014925,0.0,0.06544165054803353,0.0,0.03865593791807165,0.0,0.0,0.005678166433045709
Aweil West,2020-04-06,test,0.0,0,0.022727272727272728,0.0,0.06544165054803353,0.0,0.03363505015730515,0.0,0.0,0.0020085161418667424
Aweil West,2020-04-13,test,0.0,0,0.022727272727272728,0.0,0.06544165054803353,0.0,0.03150934813463882,0.0,0.0,0.0020085161418667424
Aweil West,2020-04-20,test,0.0,0,0.022727272727272728,0.0,0.06544165054803353,0.0,0.03181041499602172,0.0,0.0,0.004896823128264594
Aweil West,2020-04-27,test,0.0,0,0.022727272727272728,0.0,0.06544165054803353,0.0,0.03478044039932346,0.0,0.0,0.0068925706938727065
Aweil West,2020-05-04,test,0.0,0,0.022388059701492536,0.0,0.06544165054803353,0.0,0.03914826954137723,0.0,0.0,0.042035457412227945
Aweil West,2020-05-11,test,0.0,0,0.022388059701492536,0.0,0.06544165054803353,0.0,0.030868683546617513,0.0,0.0,0.002896481792285004
Aweil West,2020-05-18,test,0.0,0,0.022388059701492536,0.0,0.06544165054803353,0.0,0.028762380273874393,0.0,0.0,0.0020085161418667424
Aweil West,2020-05-25,test,0.0,0,0.022388059701492536,0.0,0.06544165054803353,0.0,0.028762380273874393,0.0,0.0,0.0020085161418667424
Aweil West,2020-06-01,test,0.0,0,0.05384615384615385,0.0,0.06544165054803353,0.0,0.028762380273874393,0.0,0.0,0.0020085161418667424
Aweil West,2020-06-08,test,0.0,0,0.05384615384615385,0.0,0.06544165054803353,0.0,0.028762380273874393,0.0,0.0,0.0020085161418667424
Aweil West,2020-06-15,test,0.0,0,0.05384615384615385,0.0,0.06544165054803353,0.0,0.02883692662913246,0.0,0.0,0.008795034406755426
Aweil West,2020-06-22,test,0.0,0,0.05384615384615385,0.0,0.06544165054803353,0.0,0.031718603224107446,0.0,0.0,0.0100505483373096
Aweil West,2020-06-29,test,0.0,0,0.05384615384615385,0.0,0.06544165054803353,0.0,0.030214284030772122,0.0,0.0,0.0020087178166660336
Aweil West,2020-07-06,test,0.0,0,0.03676470588235294,0.0,0.06544165054803353,0.0,0.029184969840548913,0.0,0.0,0.0020087178166660336
Aweil West,2020-07-13,test,0.0,0,0.03676470588235294,0.0,0.06544165054803353,0.0,0.031666000541652896,0.0,0.0,0.0035344746278958396
Aweil West,2020-07-20,test,0.0,0,0.03676470588235294,0.0,0.06544165054803353,0.0,0.05264880902672814,0.0,0.0,0.015400294834716497
Aweil West,2020-07-27,test,0.0,0,0.03676470588235294,0.0,0.06544165054803353,0.0,0.03613925157897942,0.0,0.0,0.011328744831626155
Aweil West,2020-08-03,test,0.0,0,0.2196969696969697,0.0,0.06544165054803353,0.0,0.039793512076682004,0.0,0.0,0.0635454861563754
Aweil West,2020-08-10,test,0.0,0,0.2196969696969697,0.0,0.06544165054803353,0.0,0.09705083059359527,0.0,0.0,0.0218225803096201
Aweil West,2020-08-17,test,0.0,0,0.2196969696969697,0.0,0.06544165054803353,0.0,0.3046987538102656,0.0,0.0,0.6675710527873131
Aweil West,2020-08-24,test,0.0,0,0.2196969696969697,0.0,0.06544165054803353,0.0,0.20846899030515972,0.0,0.0,0.583272669629144
Aweil West,2020-08-31,test,0.0,0,0.2196969696969697,0.0,0.06544165054803353,0.0,0.2328232604304388,0.0,0.0,0.536355914477851
Aweil West,2020-09-07,test,6.997311439976169,1,0.5833333333333334,0.2121416350264479,0.06544165054803353,0.0,0.44815841815534757,0.0,0.0,0.6476554944181551
Aweil West,2020-09-14,test,5.671451064397624,1,0.5833333333333334,0.2121416350264479,0.7527675276752768,6.997311439976169,0.8982878064890607,0.04963844111232155,2.617394686292702,19.367275322418383
Aweil West,2020-09-21,test,3.4452911842197764,1,0.5833333333333334,0.2121416350264479,0.7527675276752768,5.671451064397624,0.8885967772404468,0.04963844111232155,2.140980464802284,16.5263541724639
Aweil West,2020-09-28,test,44.6764937766034,1,0.5833333333333334,0.2121416350264479,0.7527675276752768,3.4452911842197764,0.8314512011642022,0.0,2.147443755675245,11.439386933331088
Aweil West,2020-10-05,test,72.55502989762127,1,0.5955882352941176,0.4241699020482017,0.7527675276752768,44.6764937766034,0.9098028147129745,0.04963844111232155,18.490115456641412,67.43598982584575
Aweil West,2020-10-12,test,91.05832242619084,1,0.5955882352941176,0.4241699020482017,0.7527675276752768,72.55502989762127,0.9119516166506897,0.04963844111232155,25.475916057081545,169.82770951501922
Aweil West,2020-10-19,test,24.809101049127506,1,0.5955882352941176,0.4241699020482017,0.7527675276752768,91.05832242619084,0.9119516166506897,0.04963844111232155,25.475916057081545,229.1946138155812
Aweil West,2020-10-26,test,25.765049297908703,1,0.5955882352941176,0.4241699020482017,0.7527675276752768,24.809101049127506,0.9106584119016647,0.04963844111232155,8.921177047592384,115.25837856837742
Aweil West,2020-11-02,test,29.95519208254885,1,0.3984375,0.0,0.7527675276752768,25.765049297908703,0.9106584119016647,0.04963844111232155,11.890949605528254,73.20281536054625
Aweil West,2020-11-09,test,24.017283765308164,1,0.3984375,0.0,0.7527675276752768,29.95519208254885,0.9106584119016647,0.04963844111232155,9.290977858328702,35.14376860319832
Aweil West,2020-11-16,test,4.771209879918229,1,0.3984375,0.0,0.7527675276752768,24.017283765308164,0.9106584119016647,0.04963844111232155,8.347750922975527,21.79012148963225
Aweil West,2020-11-23,test,0.1060128135817164,1,0.3984375,0.0,0.7527675276752768,4.771209879918229,0.8957904174592625,0.04963844111232155,1.5867560740648203,5.528775440188308
Aweil West,2020-11-30,test,0.0529807211020742,1,0.3984375,0.0,0.7527675276752768,0.1060128135817164,0.38072093540407026,0.0,0.04941366375031027,0.9745072698333456
Aweil West,2020-12-07,test,0.0,0,0.021739130434782608,0.0,0.7527675276752768,0.0529807211020742,0.13317638053845263,0.0,0.0036628661181302147,0.1873663207807057
Aweil West,2020-12-14,test,0.0,0,0.021739130434782608,0.0,0.06544165054803353,0.0,0.04489653109186495,0.0,0.0,0.13995062627936167
Aweil West,2020-12-21,test,0.0,0,0.021739130434782608,0.0,0.06544165054803353,0.0,0.08002775108537818,0.0,0.0,0.023489705496287684
Aweil West,2020-12-28,test,0.0,0,0.021739130434782608,0.0,0.06544165054803353,0.0,0.052724915004437774,0.0,0.0,0.01168780031738358
Aweil West,2021-01-04,test,0.0,0,0.03676470588235294,0.0,0.06544165054803353,0.0,0.03472629633612414,0.0,0.0,0.009826656967072998
Aweil West,2021-01-11,test,0.0,0,0.03676470588235294,0.0,0.06544165054803353,0.0,0.05313581103736084,0.0,0.0,0.01435199844817889
Aweil West,2021-01-18,test,0.0,0,0.03676470588235294,0.0,0.06544165054803353,0.0,0.0648446113348684,0.0,0.0,0.014343736438847614
Aweil West,2021-01-25,test,0.0,0,0.03676470588235294,0.0,0.06544165054803353,0.0,0.06617692245472027,0.0,0.0,0.02700730424579345
Aweil West,2021-02-01,test,0.0,0,0.00819672131147541,0.0,0.06544165054803353,0.0,0.030719611559754886,0.0,0.0,0.0020085161418667424
Aweil West,2021-02-08,test,0.0,0,0.00819672131147541,0.0,0.06544165054803353,0.0,0.029192429843008766,0.0,0.0,0.0020085161418667424
Aweil West,2021-02-15,test,0.0,0,0.00819672131147541,0.0,0.06544165054803353,0.0,0.029192429843008766,0.0,0.0,0.0020085161418667424
Aweil West,2021-02-22,test,0.0,0,0.00819672131147541,0.0,0.06544165054803353,0.0,0.029192429843008766,0.0,0.0,0.0020085161418667424
Aweil West,2021-03-01,test,0.0,0,0.05223880597014925,0.0,0.06544165054803353,0.0,0.031159634444246076,0.0,0.0,0.0020085161418667424
Aweil West,2021-03-08,test,0.0,0,0.05223880597014925,0.0,0.06544165054803353,0.0,0.07275672847299453,0.0,0.0,0.054889080953885144
Aweil West,2021-03-15,test,0.0,0,0.05223880597014925,0.0,0.06544165054803353,0.0,0.03547149126789166,0.0,0.0,0.006941955529435199
Aweil West,2021-03-22,test,0.0,0,0.05223880597014925,0.0,0.06544165054803353,0.0,0.03547149126789166,0.0,0.0,0.0020085161418667424
Aweil West,2021-03-29,test,0.0,0,0.05223880597014925,0.0,0.06544165054803353,0.0,0.03580332816678673,0.0,0.0,0.0020085161418667424
Aweil West,2021-04-05,test,0.0,0,0.022727272727272728,0.0,0.06544165054803353,0.0,0.03363505015730515,0.0,0.0,0.0020085161418667424
Aweil West,2021-04-12,test,0.0,0,0.022727272727272728,0.0,0.06544165054803353,0.0,0.03150934813463882,0.0,0.0,0.0020085161418667424
Aweil West,2021-04-19,test,0.0,0,0.022727272727272728,0.0,0.06544165054803353,0.0,0.03150934813463882,0.0,0.0,0.0020085161418667424
Aweil West,2021-04-26,test,0.0,0,0.022727272727272728,0.0,0.06544165054803353,0.0,0.035869098012762175,0.0,0.0,0.0068925706938727065
Aweil West,2021-05-03,test,0.0,0,0.022388059701492536,0.0,0.06544165054803353,0.0,0.031254955707030796,0.0,0.0,0.0068925706938727065
Aweil West,2021-05-10,test,0.0,0,0.022388059701492536,0.0,0.06544165054803353,0.0,0.029117936514774848,0.0,0.0,0.0020085161418667424
Aweil West,2021-05-17,test,0.0,0,0.022388059701492536,0.0,0.06544165054803353,0.0,0.028762380273874393,0.0,0.0,0.0020085161418667424
Aweil West,2021-05-24,test,0.0,0,0.022388059701492536,0.0,0.06544165054803353,0.0,0.028762380273874393,0.0,0.0,0.0020085161418667424
Aweil West,2021-05-31,test,0.0,0,0.022388059701492536,0.0,0.06544165054803353,0.0,0.028762380273874393,0.0,0.0,0.0020085161418667424
Aweil West,2021-06-07,test,0.0,0,0.05384615384615385,0.0,0.06544165054803353,0.0,0.028762380273874393,0.0,0.0,0.0020085161418667424
Aweil West,2021-06-14,test,0.0,0,0.05384615384615385,0.0,0.06544165054803353,0.0,0.028762380273874393,0.0,0.0,0.0020085161418667424
Aweil West,2021-06-21,test,0.0,0,0.05384615384615385,0.0,0.06544165054803353,0.0,0.02883692662913246,0.0,0.0,0.0020085172364640164
Aweil West,2021-06-28,test,0.0,0,0.05384615384615385,0.0,0.06544165054803353,0.0,0.030214284030772122,0.0,0.0,0.0020087178166660336
Aweil West,2021-07-05,test,0.0,0,0.03676470588235294,0.0,0.06544165054803353,0.0,0.029184969840548913,0.0,0.0,0.0020087178166660336
Aweil West,2021-07-12,test,0.0,0,0.03676470588235294,0.0,0.06544165054803353,0.0,0.04469544198722133,0.0,0.0,0.00353447190028873
Aweil West,2021-07-19,test,0.0,0,0.03676470588235294,0.0,0.06544165054803353,0.0,0.03202548846845691,0.0,0.0,0.00371790854504077
Aweil West,2021-07-26,test,0.0,0,0.03676470588235294,0.0,0.06544165054803353,0.0,0.03372822984885032,0.0,0.0,0.008523480794667453
Aweil West,2021-08-02,test,2.225676807160103,1,0.2196969696969697,0.0,0.06544165054803353,0.0,0.03695584265523563,0.0,0.0,0.060859518324300976
Aweil West,2021-08-09,test,3.656307487728232,1,0.2196969696969697,0.0,0.7527675276752768,2.225676807160103,0.8531494858307302,0.0,0.9183341513573589,6.205464538420259
Aweil West,2021-08-16,test,0.2649813513642732,1,0.2196969696969697,0.0,0.7527675276752768,3.656307487728232,0.8436407260233832,0.0,0.9206265269579201,7.796098325337106
Aweil West,2021-08-23,test,14.205741824253868,1,0.2196969696969697,0.0,0.7527675276752768,0.2649813513642732,0.5593667532219748,0.0,0.17908135763224337,8.725823990412772
Aweil West,2021-08-30,test,0.0,0,0.2196969696969697,0.0,0.7527675276752768,14.205741824253868,0.907556786197469,0.04963844111232155,7.473259325596766,30.55590208628246
Aweil West,2021-09-06,test,1.8559078464947836,1,0.5833333333333334,0.2121416350264479,0.06544165054803353,0.0,0.700839578426515,0.0,0.2376326680797389,16.943820728800134
Aweil West,2021-09-13,test,0.3711045269014388,1,0.5833333333333334,0.2121416350264479,0.7527675276752768,1.8559078464947836,0.8287900788843681,0.0,0.557493324468411,12.136683961770062
Aweil West,2021-09-20,test,2.067197606882932,1,0.5833333333333334,0.2121416350264479,0.7527675276752768,0.3711045269014388,0.7826019083072124,0.0,0.465641557128671,18.216671890350796
Aweil West,2021-09-27,test,1.1661923130377725,1,0.5833333333333334,0.2121416350264479,0.7527675276752768,2.067197606882932,0.8594305558770667,0.0,1.3949662472986504,17.348227203015227
Aweil West,2021-10-04,test,16.750263338513104,1,0.5955882352941176,0.4241699020482017,0.7527675276752768,1.1661923130377725,0.7176829281624356,0.0,0.6280836711807927,11.986771120542539
Aweil West,2021-10-11,test,2.0676425652823154,1,0.5955882352941176,0.4241699020482017,0.7527675276752768,16.750263338513104,0.9073908734090645,0.04963844111232155,7.21648331990523,35.984639770391794
Aweil West,2021-10-18,test,1.5906091721025266,1,0.5955882352941176,0.4241699020482017,0.7527675276752768,2.0676425652823154,0.803826899107526,0.0,0.9071052081009666,9.634969860209313
Aweil West,2021-10-25,test,1.3786572908927894,1,0.5955882352941176,0.4241699020482017,0.7527675276752768,1.5906091721025266,0.6909312701563033,0.0,0.21059226251776886,5.655458051469872
Aweil West,2021-11-01,test,0.0,0,0.3984375,0.0,0.7527675276752768,1.3786572908927894,0.6711632836866214,0.0,0.2217713221299788,3.5225963480219145
Aweil West,2021-11-08,test,0.4241497000401493,1,0.3984375,0.0,0.06544165054803353,0.0,0.6584303955009057,0.0,0.1832979184897683,1.1701126027054265
Aweil West,2021-11-15,test,0.0530132447322643,1,0.3984375,0.0,0.7527675276752768,0.4241497000401493,0.42038518691663224,0.0,0.04918765731450095,1.1752491378054146
Aweil West,2021-11-22,test,0.0,0,0.3984375,0.0,0.7527675276752768,0.0530132447322643,0.49237220050848984,0.0,0.04451792364252537,0.20123970207352188
Aweil West,2021-11-29,test,0.0,0,0.3984375,0.0,0.06544165054803353,0.0,0.0872484769263064,0.0,0.01789866467613515,0.08925176778782193
Aweil West,2021-12-06,test,0.0,0,0.021739130434782608,0.0,0.06544165054803353,0.0,0.03427855447678593,0.0,0.0,0.03894295336926002
Aweil West,2021-12-13,test,0.0,0,0.021739130434782608,0.0,0.06544165054803353,0.0,0.029627602600323915,0.0,0.0,0.02252710218727775
Aweil West,2021-12-20,test,0.0,0,0.021739130434782608,0.0,0.06544165054803353,0.0,0.06647970143582196,0.0,0.0,0.03863235935767903
Aweil West,2021-12-27,test,0.0,0,0.021739130434782608,0.0,0.06544165054803353,0.0,0.05531545780175774,0.0,0.0,0.017116107053999283
Aweil West,2022-01-03,test,0.0,0,0.03676470588235294,0.0,0.06544165054803353,0.0,0.051016768698174994,0.0,0.0,0.01484283655436434
Aweil West,2022-01-10,test,0.0,0,0.03676470588235294,0.0,0.06544165054803353,0.0,0.051213042080008084,0.0,0.0,0.014363334017316659
Aweil West,2022-01-17,test,0.0,0,0.03676470588235294,0.0,0.06544165054803353,0.0,0.06175980003432148,0.0,0.0,0.013283950424096459
Aweil West,2022-01-24,test,0.0,0,0.03676470588235294,0.0,0.06544165054803353,0.0,0.060838425242537256,0.0,0.0,0.023593366508873944
Aweil West,2022-01-31,test,0.0,0,0.03676470588235294,0.0,0.06544165054803353,0.0,0.030719611559754886,0.0,0.0,0.00768667473080352
Aweil West,2022-02-07,test,0.0,0,0.00819672131147541,0.0,0.06544165054803353,0.0,0.029192429843008766,0.0,0.0,0.0020085161418667424
Aweil West,2022-02-14,test,0.0,0,0.00819672131147541,0.0,0.06544165054803353,0.0,0.029192429843008766,0.0,0.0,0.0020085161418667424
Aweil West,2022-02-21,test,0.0,0,0.00819672131147541,0.0,0.06544165054803353,0.0,0.029192429843008766,0.0,0.0,0.0020085161418667424
Aweil West,2022-02-28,test,0.0,0,0.00819672131147541,0.0,0.06544165054803353,0.0,0.02959840841397926,0.0,0.0,0.0020085161418667424
Aweil West,2022-03-07,test,0.0,0,0.05223880597014925,0.0,0.06544165054803353,0.0,0.03395521149879,0.0,0.0,0.008671063725629924
Aweil West,2022-03-14,test,0.0,0,0.05223880597014925,0.0,0.06544165054803353,0.0,0.04044972462785312,0.0,0.0,0.006941955529435199
Aweil West,2022-03-21,test,0.0,0,0.05223880597014925,0.0,0.06544165054803353,0.0,0.03547149126789166,0.0,0.0,0.0020085161418667424
Aweil West,2022-03-28,test,0.0,0,0.05223880597014925,0.0,0.06544165054803353,0.0,0.03580332816678673,0.0,0.0,0.0020085161418667424
Aweil West,2022-04-04,test,0.0,0,0.022727272727272728,0.0,0.06544165054803353,0.0,0.03248980313000033,0.0,0.0,0.0020085161418667424
Aweil West,2022-04-11,test,0.0,0,0.022727272727272728,0.0,0.06544165054803353,0.0,0.03150934813463882,0.0,0.0,0.0020085161418667424
Aweil West,2022-04-18,test,0.0,0,0.022727272727272728,0.0,0.06544165054803353,0.0,0.03150934813463882,0.0,0.0,0.0020085161418667424
Aweil West,2022-04-25,test,0.0,0,0.022727272727272728,0.0,0.06544165054803353,0.0,0.03250424580440005,0.0,0.0,0.0068925706938727065
Aweil West,2022-05-02,test,0.0,0,0.022388059701492536,0.0,0.06544165054803353,0.0,0.031254955707030796,0.0,0.0,0.0068925706938727065
Aweil West,2022-05-09,test,0.0,0,0.022388059701492536,0.0,0.06544165054803353,0.0,0.029117936514774848,0.0,0.0,0.0020085161418667424
Aweil West,2022-05-16,test,0.0,0,0.022388059701492536,0.0,0.06544165054803353,0.0,0.028762380273874393,0.0,0.0,0.0020085161418667424
Aweil West,2022-05-23,test,0.0,0,0.022388059701492536,0.0,0.06544165054803353,0.0,0.028762380273874393,0.0,0.0,0.0020085161418667424
Aweil West,2022-05-30,test,0.0,0,0.022388059701492536,0.0,0.06544165054803353,0.0,0.028762380273874393,0.0,0.0,0.0020085161418667424
Aweil West,2022-06-06,test,0.0,0,0.05384615384615385,0.0,0.06544165054803353,0.0,0.028762380273874393,0.0,0.0,0.0020085161418667424
Aweil West,2022-06-13,test,0.0,0,0.05384615384615385,0.0,0.06544165054803353,0.0,0.028762380273874393,0.0,0.0,0.0020085161418667424
Aweil West,2022-06-20,test,0.0,0,0.05384615384615385,0.0,0.06544165054803353,0.0,0.02883692662913246,0.0,0.0,0.0020085172364640164
Aweil West,2022-06-27,test,0.0,0,0.05384615384615385,0.0,0.06544165054803353,0.0,0.030214284030772122,0.0,0.0,0.0020087178166660336
Aweil West,2022-07-04,test,0.0,0,0.03676470588235294,0.0,0.06544165054803353,0.0,0.029184969840548913,0.0,0.0,0.0020087178166660336
Aweil West,2022-07-11,test,0.0,0,0.03676470588235294,0.0,0.06544165054803353,0.0,0.04594073164196842,0.0,0.0,0.006828284486451693
Aweil West,2022-07-18,test,0.0,0,0.03676470588235294,0.0,0.06544165054803353,0.0,0.03107437869072864,0.0,0.0,0.0035337576640575357
Aweil West,2022-07-25,test,0.0,0,0.03676470588235294,0.0,0.06544165054803353,0.0,0.034417966552003895,0.0,0.0,0.008523480794667453
Aweil West,2022-08-01,test,0.0,0,0.2196969696969697,0.0,0.06544165054803353,0.0,0.03695584265523563,0.0,0.0,0.020374733681365498
Aweil West,2022-08-08,test,0.0,0,0.2196969696969697,0.0,0.06544165054803353,0.0,0.047571286462082515,0.0,0.0,0.03408454108437775
Aweil West,2022-08-15,test,0.0,0,0.2196969696969697,0.0,0.06544165054803353,0.0,0.3286781843854474,0.0,0.0015901327505707741,0.26289418102631457
Aweil West,2022-08-22,test,3.6045860779077694,1,0.2196969696969697,0.0,0.06544165054803353,0.0,0.23719098352494497,0.0,0.0,0.7042551346603749
Aweil West,2022-08-29,test,22.791077822178497,1,0.2196969696969697,0.0,0.7527675276752768,3.6045860779077694,0.8231523823218675,0.0,0.8719453077852837,8.085039137482559
Aweil West,2022-09-05,test,22.47043750412187,1,0.5833333333333334,0.2121416350264479,0.7527675276752768,22.791077822178497,0.9024060390710704,0.04963844111232155,10.18048498467146,35.532242174476345
Aweil West,2022-09-12,test,33.92706014996565,1,0.5833333333333334,0.2121416350264479,0.7527675276752768,22.47043750412187,0.9063920715152596,0.04963844111232155,7.951075392026328,26.328344580161303
Aweil West,2022-09-19,test,35.93462799634678,1,0.5833333333333334,0.2121416350264479,0.7527675276752768,33.92706014996565,0.9119516166506897,0.04963844111232155,11.573705495711936,59.11121756367176
Aweil West,2022-09-26,test,56.39071131476168,1,0.5833333333333334,0.2121416350264479,0.7527675276752768,35.93462799634678,0.9119516166506897,0.04963844111232155,12.895290035843194,75.18828182073965
Aweil West,2022-10-03,test,21.200119787846624,1,0.5955882352941176,0.4241699020482017,0.7527675276752768,56.39071131476168,0.9112553404200543,0.04963844111232155,25.645999064894045,128.5935807420969
Aweil West,2022-10-10,test,27.241659539242463,1,0.5955882352941176,0.4241699020482017,0.7527675276752768,21.200119787846624,0.9112553404200543,0.04963844111232155,6.75260983060885,70.38921028423482
Aweil West,2022-10-17,test,2.225470014509945,1,0.5955882352941176,0.4241699020482017,0.7527675276752768,27.241659539242463,0.9119516166506897,0.04963844111232155,9.510858973339253,62.571807724277896
Aweil West,2022-10-24,test,44.19587383119667,1,0.5955882352941176,0.4241699020482017,0.7527675276752768,2.225470014509945,0.7638522035994326,0.0,0.4908336911824932,15.681380566069562
Aweil West,2022-10-31,test,15.529050011859312,1,0.5955882352941176,0.4241699020482017,0.7527675276752768,44.19587383119667,0.9081603273743099,0.04963844111232155,19.678710112231347,44.434645362820824
Aweil West,2022-11-07,test,8.375388105042326,1,0.3984375,0.0,0.7527675276752768,15.529050011859312,0.9101087564914465,0.04963844111232155,5.945457192559053,21.896079786828913
Aweil West,2022-11-14,test,1.802230192820035,1,0.3984375,0.0,0.7527675276752768,8.375388105042326,0.9101087564914465,0.04963844111232155,2.2429182334895934,10.446798188191663
Aweil West,2022-11-21,test,0.0,0,0.3984375,0.0,0.7527675276752768,1.802230192820035,0.7799300584832595,0.0019077954898751414,0.1542064057950535,5.225790997322812
Aweil West,2022-11-28,test,0.0,0,0.3984375,0.0,0.06544165054803353,0.0,0.32284263559772325,0.0,0.056484052008180095,1.4459502090117515
Aweil West,2022-12-05,test,0.0,0,0.021739130434782608,0.0,0.06544165054803353,0.0,0.05122023027450055,0.0,0.0,0.172782708099787
Aweil West,2022-12-12,test,0.0,0,0.021739130434782608,0.0,0.06544165054803353,0.0,0.02833767914341477,0.0,0.0,0.01757640462638946
Aweil West,2022-12-19,test,0.0,0,0.021739130434782608,0.0,0.06544165054803353,0.0,0.05499524029434859,0.0,0.0,0.04361676211743347
Aweil West,2022-12-26,test,0.0,0,0.021739130434782608,0.0,0.06544165054803353,0.0,0.06918218562042928,0.0,0.0,0.024177879106864485
Aweil West,2023-01-02,test,0.0,0,0.03676470588235294,0.0,0.06544165054803353,0.0,0.051016768698174994,0.0,0.0,0.01484283655436434
Aweil West,2023-01-09,test,0.0,0,0.03676470588235294,0.0,0.06544165054803353,0.0,0.051213042080008084,0.0,0.0,0.014363334017316659
Aweil West,2023-01-16,test,0.0,0,0.03676470588235294,0.0,0.06544165054803353,0.0,0.06175980003432148,0.0,0.0,0.013283950424096459
Aweil West,2023-01-23,test,0.0,0,0.03676470588235294,0.0,0.06544165054803353,0.0,0.0484118640549792,0.0,0.0,0.015971677960998677
Aweil West,2023-01-30,test,0.0,0,0.03676470588235294,0.0,0.06544165054803353,0.0,0.030719611559754886,0.0,0.0,0.00768667473080352
Aweil West,2023-02-06,test,0.0,0,0.00819672131147541,0.0,0.06544165054803353,0.0,0.029192429843008766,0.0,0.0,0.0020085161418667424
Aweil West,2023-02-13,test,0.0,0,0.00819672131147541,0.0,0.06544165054803353,0.0,0.029192429843008766,0.0,0.0,0.0020085161418667424
Aweil West,2023-02-20,test,0.0,0,0.00819672131147541,0.0,0.06544165054803353,0.0,0.029192429843008766,0.0,0.0,0.0020085161418667424
Aweil West,2023-02-27,test,0.0,0,0.00819672131147541,0.0,0.06544165054803353,0.0,0.02959840841397926,0.0,0.0,0.0020085161418667424
Aweil West,2023-03-06,test,0.0,0,0.05223880597014925,0.0,0.06544165054803353,0.0,0.03395521149879,0.0,0.0,0.008671063725629924
Aweil West,2023-03-13,test,0.0,0,0.05223880597014925,0.0,0.06544165054803353,0.0,0.042386272602240024,0.0,0.0,0.006941955529435199
Aweil West,2023-03-20,test,0.0,0,0.05223880597014925,0.0,0.06544165054803353,0.0,0.03547149126789166,0.0,0.0,0.0020085161418667424
Aweil West,2023-03-27,test,0.0,0,0.05223880597014925,0.0,0.06544165054803353,0.0,0.03658095959012133,0.0,0.0,0.0020085161418667424
Aweil West,2023-04-03,test,0.0,0,0.022727272727272728,0.0,0.06544165054803353,0.0,0.03248980313000033,0.0,0.0,0.0020085161418667424
Aweil West,2023-04-10,test,0.0,0,0.022727272727272728,0.0,0.06544165054803353,0.0,0.03262119994612123,0.0,0.0,0.0020085161418667424
Aweil West,2023-04-17,test,0.0,0,0.022727272727272728,0.0,0.06544165054803353,0.0,0.03150934813463882,0.0,0.0,0.0020085161418667424
Aweil West,2023-04-24,test,0.0,0,0.022727272727272728,0.0,0.06544165054803353,0.0,0.03181041499602172,0.0,0.0,0.0068925706938727065
Aweil West,2023-05-01,test,0.0,0,0.022388059701492536,0.0,0.06544165054803353,0.0,0.031307177978367615,0.0,0.0,0.007885904117407696
Aweil West,2023-05-08,test,0.0,0,0.022388059701492536,0.0,0.06544165054803353,0.0,0.029117936514774848,0.0,0.0,0.0020085161418667424
Aweil West,2023-05-15,test,0.0,0,0.022388059701492536,0.0,0.06544165054803353,0.0,0.028762380273874393,0.0,0.0,0.0020085161418667424
Aweil West,2023-05-22,test,0.0,0,0.022388059701492536,0.0,0.06544165054803353,0.0,0.028762380273874393,0.0,0.0,0.0020085161418667424
Aweil West,2023-05-29,test,0.0,0,0.022388059701492536,0.0,0.06544165054803353,0.0,0.028762380273874393,0.0,0.0,0.0020085161418667424
Aweil West,2023-06-05,test,0.0,0,0.05384615384615385,0.0,0.06544165054803353,0.0,0.028762380273874393,0.0,0.0,0.0020085161418667424
Aweil West,2023-06-12,test,0.0,0,0.05384615384615385,0.0,0.06544165054803353,0.0,0.028762380273874393,0.0,0.0,0.0020085161418667424
Aweil West,2023-06-19,test,0.0,0,0.05384615384615385,0.0,0.06544165054803353,0.0,0.02883692662913246,0.0,0.0,0.0020085172364640164
Aweil West,2023-06-26,test,0.0,0,0.05384615384615385,0.0,0.06544165054803353,0.0,0.03404551011411759,0.0,0.0,0.004154192959808656
Aweil West,2023-07-03,test,0.0,0,0.03676470588235294,0.0,0.06544165054803353,0.0,0.029184969840548913,0.0,0.0,0.0020087178166660336
Aweil West,2023-07-10,test,0.0,0,0.03676470588235294,0.0,0.06544165054803353,0.0,0.05166428374386232,0.0,0.0,0.009804370574737488
Aweil West,2023-07-17,test,0.0,0,0.03676470588235294,0.0,0.06544165054803353,0.0,0.03107437869072864,0.0,0.0,0.0035337576640575357
Aweil West,2023-07-24,test,0.0,0,0.03676470588235294,0.0,0.06544165054803353,0.0,0.034417966552003895,0.0,0.0,0.009151117510506894
Aweil West,2023-07-31,test,0.0,0,0.03676470588235294,0.0,0.06544165054803353,0.0,0.033801407260903124,0.0,0.0,0.0066084020768761
Aweil West,2023-08-07,test,0.0,0,0.2196969696969697,0.0,0.06544165054803353,0.0,0.04735484076141558,0.0,0.0,0.031782315056455866
Aweil West,2023-08-14,test,0.0,0,0.2196969696969697,0.0,0.06544165054803353,0.0,0.38486650179860704,0.0,0.0015901327505707741,0.27137899183172526
Aweil West,2023-08-21,test,0.1589443363913457,1,0.2196969696969697,0.0,0.06544165054803353,0.0,0.2903735269952516,0.0,0.0,0.8541655127165924
Aweil West,2023-08-28,test,0.0,0,0.2196969696969697,0.0,0.7527675276752768,0.1589443363913457,0.3968312027600879,0.0,0.09792411529715449,1.6404596486921978
Aweil West,2023-09-04,test,0.0,0,0.5833333333333334,0.2121416350264479,0.06544165054803353,0.0,0.23026845629361278,0.0,0.0,1.1548576773644494
Aweil West,2023-09-11,test,0.0,0,0.5833333333333334,0.2121416350264479,0.06544165054803353,0.0,0.4753844240243344,0.0,0.03331207401116399,0.9070697902276377
Aweil West,2023-09-18,test,0.0,0,0.5833333333333334,0.2121416350264479,0.06544165054803353,0.0,0.5411853702785789,0.0,0.0,3.09416464022146
Aweil West,2023-09-25,test,0.0,0,0.5833333333333334,0.2121416350264479,0.06544165054803353,0.0,0.34799751601571643,0.0,0.0,1.8193663123176198
Aweil West,2023-10-02,test,0.0,0,0.5955882352941176,0.4241699020482017,0.06544165054803353,0.0,0.491693640549278,0.0,0.0015901327505707741,5.330295685433872
Aweil West,2023-10-09,test,0.0,0,0.5955882352941176,0.4241699020482017,0.06544165054803353,0.0,0.306262073591712,0.0,0.0015901327505707741,2.1620711493553935
Aweil West,2023-10-16,test,0.0,0,0.5955882352941176,0.4241699020482017,0.06544165054803353,0.0,0.2475205087348257,0.0,0.0,0.0
Aweil West,2023-10-23,test,0.0,0,0.5955882352941176,0.4241699020482017,0.06544165054803353,0.0,0.2439609371426859,0.0,0.0,0.44808030889467126
Aweil West,2023-10-30,test,0.0,0,0.5955882352941176,0.4241699020482017,0.06544165054803353,0.0,0.33513483205823535,0.0,0.0,0.17268622141258771
Aweil West,2023-11-06,test,0.3180906755992573,1,0.3984375,0.0,0.06544165054803353,0.0,0.2680272505742873,0.0,0.0,0.11124088794614923
Aweil West,2023-11-13,test,0.1590542567096517,1,0.3984375,0.0,0.7527675276752768,0.3180906755992573,0.42681566465193427,0.0,0.0470405378334792,0.6793310293937821
Aweil West,2023-11-20,test,0.0,0,0.3984375,0.0,0.7527675276752768,0.1590542567096517,0.44983745563724126,0.0,0.04419183898141524,0.5723276492528216
Aweil West,2023-11-27,test,0.105962373425713,1,0.3984375,0.0,0.06544165054803353,0.0,0.18381839770262634,0.0,0.01789866467613515,0.3864712044467994
Aweil West,2023-12-04,test,0.0,0,0.021739130434782608,0.0,0.7527675276752768,0.105962373425713,0.299040481079586,0.0,0.03142801568725983,0.03142801568725983
Aweil West,2023-12-11,test,0.0,0,0.021739130434782608,0.0,0.06544165054803353,0.0,0.030737546257844372,0.0,0.0,0.06684142172461693
Aweil West,2023-12-18,test,0.0,0,0.021739130434782608,0.0,0.06544165054803353,0.0,0.05691766649563287,0.0,0.0,0.07369656164006488
Aweil West,2023-12-25,test,0.0,0,0.021739130434782608,0.0,0.06544165054803353,0.0,0.10966884044594974,0.0,0.0,0.03295438081524044
Aweil West,2024-01-01,test,0.0,0,0.03676470588235294,0.0,0.06544165054803353,0.0,0.051742887142263,0.0,0.0,0.01484283655436434
Aweil West,2024-01-08,test,0.0,0,0.03676470588235294,0.0,0.06544165054803353,0.0,0.05152690524824453,0.0,0.0,0.014363344083176
Aweil West,2024-01-15,test,0.0,0,0.03676470588235294,0.0,0.06544165054803353,0.0,0.0552870780463946,0.0,0.0,0.012445607330337026
Aweil West,2024-01-22,test,0.0,0,0.03676470588235294,0.0,0.06544165054803353,0.0,0.050655536466262016,0.0,0.0,0.015017696658015011
Aweil West,2024-01-29,test,0.0,0,0.03676470588235294,0.0,0.06544165054803353,0.0,0.03554647039572173,0.0,0.0,0.00968759891617874
Aweil West,2024-02-05,test,0.0,0,0.00819672131147541,0.0,0.06544165054803353,0.0,0.029192429843008766,0.0,0.0,0.0020085161418667424
Aweil West,2024-02-12,test,0.0,0,0.00819672131147541,0.0,0.06544165054803353,0.0,0.028670372723186427,0.0,0.0,0.0020085161418667424
Aweil West,2024-02-19,test,0.0,0,0.00819672131147541,0.0,0.06544165054803353,0.0,0.028670372723186427,0.0,0.0,0.0020085161418667424
Aweil West,2024-02-26,test,0.0,0,0.00819672131147541,0.0,0.06544165054803353,0.0,0.02906930845208591,0.0,0.0,0.0020085161418667424
Aweil West,2024-03-04,test,0.0,0,0.05223880597014925,0.0,0.06544165054803353,0.0,0.03285443267821662,0.0,0.0,0.0022665512321418287
Aweil West,2024-03-11,test,0.0,0,0.05223880597014925,0.0,0.06544165054803353,0.0,0.04541361018340771,0.0,0.0,0.007499103038347238
Aweil West,2024-03-18,test,0.1590885320436688,1,0.05223880597014925,0.0,0.06544165054803353,0.0,0.03547149126789166,0.0,0.0,0.0037055895288956977
Aweil West,2024-03-25,test,0.0,0,0.05223880597014925,0.0,0.7527675276752768,0.1590885320436688,0.11209581544536439,0.0,0.0,0.18333511206088315
Aweil West,2024-04-01,test,0.0,0,0.022727272727272728,0.0,0.06544165054803353,0.0,0.07648579221207079,0.0,0.0,0.1670932718348841
Aweil West,2024-04-08,test,0.0,0,0.022727272727272728,0.0,0.06544165054803353,0.0,0.06611580624803262,0.0,0.0,0.08654622250406728
Aweil West,2024-04-15,test,0.0,0,0.022727272727272728,0.0,0.06544165054803353,0.0,0.03048542408940182,0.0,0.0,0.0020085161418667424
Aweil West,2024-04-22,test,0.0,0,0.022727272727272728,0.0,0.06544165054803353,0.0,0.03181041499602172,0.0,0.0,0.0068925706938727065
Aweil West,2024-04-29,test,0.0,0,0.022727272727272728,0.0,0.06544165054803353,0.0,0.031307177978367615,0.0,0.0,0.0068925706938727065
Aweil West,2024-05-06,test,0.0,0,0.022388059701492536,0.0,0.06544165054803353,0.0,0.035915688956837964,0.0,0.0,0.026115779828085748
Aweil West,2024-05-13,test,0.0,0,0.022388059701492536,0.0,0.06544165054803353,0.0,0.028762380273874393,0.0,0.0,0.0025973693736480565
Aweil West,2024-05-20,test,0.0,0,0.022388059701492536,0.0,0.06544165054803353,0.0,0.028762380273874393,0.0,0.0,0.0020085161418667424
Aweil West,2024-05-27,test,0.0,0,0.022388059701492536,0.0,0.06544165054803353,0.0,0.028762380273874393,0.0,0.0,0.0020085161418667424
Aweil West,2024-06-03,test,0.0,0,0.05384615384615385,0.0,0.06544165054803353,0.0,0.028762380273874393,0.0,0.0,0.0020085161418667424
Aweil West,2024-06-10,test,0.0,0,0.05384615384615385,0.0,0.06544165054803353,0.0,0.028762380273874393,0.0,0.0,0.002008685150116027
Aweil West,2024-06-17,test,0.0,0,0.05384615384615385,0.0,0.06544165054803353,0.0,0.02883692662913246,0.0,0.0,0.002008698093416625
Aweil West,2024-06-24,test,0.0,0,0.05384615384615385,0.0,0.06544165054803353,0.0,0.03404551011411759,0.0,0.0,0.004112113338370241
Aweil West,2024-07-01,test,0.0,0,0.03676470588235294,0.0,0.06544165054803353,0.0,0.030214284030772122,0.0,0.0,0.0020097966040802245
Aweil West,2024-07-08,test,0.0,0,0.03676470588235294,0.0,0.06544165054803353,0.0,0.030075013609911556,0.0,0.0,0.0020097966040802245
Aweil West,2024-07-15,test,0.0,0,0.03676470588235294,0.0,0.06544165054803353,0.0,0.03107437869072864,0.0,0.0,0.0035337576640575357
Aweil West,2024-07-22,test,0.0,0,0.03676470588235294,0.0,0.06544165054803353,0.0,0.040803286287976505,0.0,0.0,0.018338617308491595
Aweil West,2024-07-29,test,0.0,0,0.03676470588235294,0.0,0.06544165054803353,0.0,0.03498149035942116,0.0,0.0,0.006608915587545115
Aweil West,2024-08-05,test,0.0,0,0.2196969696969697,0.0,0.06544165054803353,0.0,0.05491084995714002,0.0,0.0,0.042671491512180894
Aweil West,2024-08-12,test,0.0,0,0.2196969696969697,0.0,0.06544165054803353,0.0,0.12514278928047096,0.0,0.0,0.23470576355470119
Aweil West,2024-08-19,test,0.0,0,0.2196969696969697,0.0,0.06544165054803353,0.0,0.4272087400583797,0.0,0.0,1.4736286127980724
Aweil West,2024-08-26,test,0.0,0,0.2196969696969697,0.0,0.06544165054803353,0.0,0.19044037190785187,0.0,0.0,0.33627646680609985
Aweil West,2024-09-02,test,1.5898493848680106,1,0.5833333333333334,0.2121416350264479,0.06544165054803353,0.0,0.23727071764792243,0.0,0.0,0.5112576923766117
Aweil West,2024-09-09,test,3.126476768015995,1,0.5833333333333334,0.2121416350264479,0.7527675276752768,1.5898493848680106,0.7919989334249629,0.0,0.40687118267571637,9.547747857405707
Aweil West,2024-09-16,test,12.823492505464596,1,0.5833333333333334,0.2121416350264479,0.7527675276752768,3.126476768015995,0.86397877514615,0.04963844111232155,1.8770866061339337,13.90983910434602
Aweil West,2024-09-23,test,6.148904623427027,1,0.5833333333333334,0.2121416350264479,0.7527675276752768,12.823492505464596,0.9065816475381492,0.04963844111232155,5.343550935348004,21.8786486242078
Aweil West,2024-09-30,test,9.276697417478443,1,0.5833333333333334,0.2121416350264479,0.7527675276752768,6.148904623427027,0.8978036544445964,0.04963844111232155,3.5596341742546045,19.52412215975161
Aweil West,2024-10-07,test,5.142136993657142,1,0.5955882352941176,0.4241699020482017,0.7527675276752768,9.276697417478443,0.910708997397282,0.04963844111232155,4.013959422210481,37.0821279187078
Aweil West,2024-10-14,test,9.646450859821456,1,0.5955882352941176,0.4241699020482017,0.7527675276752768,5.142136993657142,0.8152616750511751,0.04963844111232155,1.6183185147292212,11.756072046404766
Aweil West,2024-10-21,test,13.566789253951637,1,0.5955882352941176,0.4241699020482017,0.7527675276752768,9.646450859821456,0.9060236156751021,0.04963844111232155,3.630740756155522,19.030597684006853
Aweil West,2024-10-28,test,29.575922453728573,1,0.5955882352941176,0.4241699020482017,0.7527675276752768,13.566789253951637,0.9101087564914465,0.04963844111232155,5.941447125328375,13.746365625524145
Aweil West,2024-11-04,test,19.97992551942621,1,0.3984375,0.0,0.7527675276752768,29.575922453728573,0.9106584119016647,0.04963844111232155,9.598877838368201,30.906120238745302
Aweil West,2024-11-11,test,5.301157768166518,1,0.3984375,0.0,0.7527675276752768,19.97992551942621,0.9101087564914465,0.04963844111232155,8.023335090302849,19.11075205147756
Aweil West,2024-11-18,test,0.0,0,0.3984375,0.0,0.7527675276752768,5.301157768166518,0.8951562647998664,0.04963844111232155,1.4923990760739834,5.924980528578475
Aweil West,2024-11-25,test,0.0,0,0.3984375,0.0,0.06544165054803353,0.0,0.6095871257228794,0.0,0.1832979184897683,2.260306736329097
Aweil West,2024-12-02,test,0.159124277996943,1,0.021739130434782608,0.0,0.06544165054803353,0.0,0.05290649021924788,0.0,0.0,0.13188975674646022
Aweil West,2024-12-09,test,0.0,0,0.021739130434782608,0.0,0.7527675276752768,0.159124277996943,0.37299115914884745,0.0,0.04192513227296464,0.09790455110270053
Aweil West,2024-12-16,test,0.0,0,0.021739130434782608,0.0,0.06544165054803353,0.0,0.11411598102385981,0.0,0.0,0.5676907588557604
Aweil West,2024-12-23,test,0.0,0,0.021739130434782608,0.0,0.06544165054803353,0.0,0.09642230069584612,0.0,0.0,0.024327231215057393
Aweil West,2024-12-30,test,0.0,0,0.021739130434782608,0.0,0.06544165054803353,0.0,0.04727885535380072,0.0,0.0,0.01231355759506217
Aweil West,2025-01-06,test,0.0,0,0.03676470588235294,0.0,0.06544165054803353,0.0,0.03481424489333931,0.0,0.0,0.009826562298552579
Aweil West,2025-01-13,test,0.0,0,0.03676470588235294,0.0,0.06544165054803353,0.0,0.056695116819701775,0.0,0.0,0.014485222731775634
Aweil West,2025-01-20,test,0.0,0,0.03676470588235294,0.0,0.06544165054803353,0.0,0.06528636843168631,0.0,0.0,0.018084014381776533
Aweil West,2025-01-27,test,0.0530123351600199,1,0.03676470588235294,0.0,0.06544165054803353,0.0,0.05400846587766111,0.0,0.0,0.017606499628582687
Aweil West,2025-02-03,test,0.0,0,0.00819672131147541,0.0,0.7527675276752768,0.0530123351600199,0.11166908811617926,0.0,0.0,0.04429322607242721
Aweil West,2025-02-10,test,0.0,0,0.00819672131147541,0.0,0.06544165054803353,0.0,0.029192429843008766,0.0,0.0,0.009048005328963922
Aweil West,2025-02-17,test,0.0,0,0.00819672131147541,0.0,0.06544165054803353,0.0,0.04986089854659671,0.0,0.0,0.05574458252161665
Aweil West,2025-02-24,test,0.0,0,0.00819672131147541,0.0,0.06544165054803353,0.0,0.028862085191812638,0.0,0.0,0.0020085161418667424
Aweil West,2025-03-03,test,0.0,0,0.05223880597014925,0.0,0.06544165054803353,0.0,0.031159634444246076,0.0,0.0,0.0020085161418667424
Aweil West,2025-03-10,test,0.0,0,0.05223880597014925,0.0,0.06544165054803353,0.0,0.07841401403929273,0.0,0.0,0.06592470398602145
Aweil West,2025-03-17,test,0.0,0,0.05223880597014925,0.0,0.06544165054803353,0.0,0.03547149126789166,0.0,0.0,0.0068925706938727065
Aweil West,2025-03-24,test,0.0530319030246596,1,0.05223880597014925,0.0,0.06544165054803353,0.0,0.03547149126789166,0.0,0.0,0.0020085161418667424
Aweil West,2025-03-31,test,0.0,0,0.05223880597014925,0.0,0.7527675276752768,0.0530319030246596,0.0911113432491882,0.0,0.0,0.040093647306677055
Aweil West,2025-04-07,test,0.0,0,0.022727272727272728,0.0,0.06544165054803353,0.0,0.034834036850137536,0.0,0.0,0.009277291851668463
Aweil West,2025-04-14,test,0.0,0,0.022727272727272728,0.0,0.06544165054803353,0.0,0.05358498165781465,0.0,0.0,0.08129137786875552
Aweil West,2025-04-21,test,0.0,0,0.022727272727272728,0.0,0.06544165054803353,0.0,0.03120308209397612,0.0,0.0,0.004896823128264594
Aweil West,2025-04-28,test,0.0,0,0.022727272727272728,0.0,0.06544165054803353,0.0,0.03478044039932346,0.0,0.0,0.0068925706938727065
Aweil West,2025-05-05,test,0.0,0,0.022388059701492536,0.0,0.06544165054803353,0.0,0.03914826954137723,0.0,0.0,0.042035457412227945
Aweil West,2025-05-12,test,0.0,0,0.022388059701492536,0.0,0.06544165054803353,0.0,0.030868683546617513,0.0,0.0,0.002896481792285004
Aweil West,2025-05-19,test,0.3179054159487474,1,0.022388059701492536,0.0,0.06544165054803353,0.0,0.028762380273874393,0.0,0.0,0.0020085161418667424
Aweil West,2025-05-26,test,0.0,0,0.022388059701492536,0.0,0.7527675276752768,0.3179054159487474,0.11645202727932609,0.0,0.0,0.5523571642801685
Aweil West,2025-06-02,test,0.0,0,0.05384615384615385,0.0,0.06544165054803353,0.0,0.08018258683054397,0.0,0.0,0.5121512059436729
Aweil West,2025-06-09,test,0.0,0,0.05384615384615385,0.0,0.06544165054803353,0.0,0.067231100700041,0.0,0.0,0.1535352714284789
Aweil West,2025-06-16,test,0.0,0,0.05384615384615385,0.0,0.06544165054803353,0.0,0.0294520003257594,0.0,0.0,0.008795034406755426
Aweil West,2025-06-23,test,0.0,0,0.05384615384615385,0.0,0.06544165054803353,0.0,0.031718603224107446,0.0,0.0,0.0100505483373096
Aweil West,2025-06-30,test,0.0,0,0.05384615384615385,0.0,0.06544165054803353,0.0,0.030214284030772122,0.0,0.0,0.0020087178166660336
Aweil West,2025-07-07,test,0.0,0,0.03676470588235294,0.0,0.06544165054803353,0.0,0.029184969840548913,0.0,0.0,0.0020087178166660336
Aweil West,2025-07-14,test,0.0,0,0.03676470588235294,0.0,0.06544165054803353,0.0,0.031666000541652896,0.0,0.0,0.0035344746278958396
Aweil West,2025-07-21,test,0.0,0,0.03676470588235294,0.0,0.06544165054803353,0.0,0.05264880902672814,0.0,0.0,0.015400294834716497
Aweil West,2025-07-28,test,0.0,0,0.03676470588235294,0.0,0.06544165054803353,0.0,0.03613925157897942,0.0,0.0,0.011328744831626155
Aweil West,2025-08-04,test,0.0,0,0.2196969696969697,0.0,0.06544165054803353,0.0,0.039793512076682004,0.0,0.0,0.0635454861563754
Aweil West,2025-08-11,test,0.0,0,0.2196969696969697,0.0,0.06544165054803353,0.0,0.09705083059359527,0.0,0.0,0.0218225803096201
Aweil West,2025-08-18,test,0.0,0,0.2196969696969697,0.0,0.06544165054803353,0.0,0.3046987538102656,0.0,0.0,0.6675710527873131
Aweil West,2025-08-25,test,0.0,0,0.2196969696969697,0.0,0.06544165054803353,0.0,0.20846899030515972,0.0,0.0,0.583272669629144
Aweil West,2025-09-01,test,0.0,0,0.5833333333333334,0.2121416350264479,0.06544165054803353,0.0,0.2328232604304388,0.0,0.0,0.5481926020958643
Aweil West,2025-09-08,test,0.0,0,0.5833333333333334,0.2121416350264479,0.06544165054803353,0.0,0.44815841815534757,0.0,0.0,0.6476554944181551
Aweil West,2025-09-15,test,0.0,0,0.5833333333333334,0.2121416350264479,0.06544165054803353,0.0,0.37965151413557224,0.0,0.0,0.9911383470155066
Aweil West,2025-09-22,test,0.0,0,0.5833333333333334,0.2121416350264479,0.06544165054803353,0.0,0.3638199260283584,0.0,0.0,0.710646903672587
Aweil West,2025-09-29,test,0.0,0,0.5833333333333334,0.2121416350264479,0.06544165054803353,0.0,0.5152016859371067,0.0,0.0,4.26154501394393
Aweil West,2025-10-06,test,0.9008774456408988,1,0.5955882352941176,0.4241699020482017,0.06544165054803353,0.0,0.31685186042460073,0.0,0.0015901327505707741,1.6508062004835182
Aweil West,2025-10-13,test,26.818127394175885,1,0.5955882352941176,0.4241699020482017,0.7527675276752768,0.9008774456408988,0.6467359564712363,0.0,0.6484388158849025,4.202218345260836
Aweil West,2025-10-20,test,17.59485785217754,1,0.5955882352941176,0.4241699020482017,0.7527675276752768,26.818127394175885,0.8992345915610536,0.04963844111232155,8.829524524774676,29.365212817611862
Aweil West,2025-10-27,test,4.876184118732467,1,0.5955882352941176,0.4241699020482017,0.7527675276752768,17.59485785217754,0.9050837710448045,0.04963844111232155,3.5848661550772145,9.93345366213059
Aweil West,2025-11-03,test,0.742110151296952,1,0.3984375,0.0,0.7527675276752768,4.876184118732467,0.8006637415968367,0.0019077954898751414,0.6898526494702393,8.72563098385521
Aweil West,2025-11-10,test,0.1589409208103026,1,0.3984375,0.0,0.7527675276752768,0.742110151296952,0.5644468862786239,0.0,0.22410188962173844,2.872247546376144
Aweil West,2025-11-17,test,0.0,0,0.3984375,0.0,0.7527675276752768,0.1589409208103026,0.49013336670719426,0.0,0.042299835388886264,0.8532114920422017
Aweil West,2025-11-24,test,0.0,0,0.3984375,0.0,0.06544165054803353,0.0,0.3214676617360436,0.0,0.050402732960600986,0.35440153022708953
Aweil West,2025-12-01,test,0.0,0,0.021739130434782608,0.0,0.06544165054803353,0.0,0.0378846794560472,0.0,0.0,0.0484920142826589
Aweil West,2025-12-08,test,0.0,0,0.021739130434782608,0.0,0.06544165054803353,0.0,0.02917141987576025,0.0,0.0,0.041861646397151196
Aweil West,2025-12-15,test,0.0,0,0.021739130434782608,0.0,0.06544165054803353,0.0,0.04315610870503684,0.0,0.0,0.02751037586757739
Aweil West,2025-12-22,test,0.0,0,0.021739130434782608,0.0,0.06544165054803353,0.0,0.08938555489653292,0.0,0.0,0.0375101499644013
Aweil West,2025-12-29,test,0.0,0,0.021739130434782608,0.0,0.06544165054803353,0.0,0.057315563543839015,0.0,0.0,0.013643598091412313
