week,county,q50_km2,det_prob,tier,phase,crop_exposed_ha,rangeland_exposed_ha,cattle_mapped,advisory
2004-01-12,Aweil Centre,0.0,0.023,0,dry season (late phase),0.0,0.0,364961.8333817694,"No flood expected in Aweil Centre this week (q50 0.0 km²). Routine monitoring. (Aweil Centre maps ~364,962 cattle in baseline.)"
2004-01-12,Aweil East,0.0,0.056,0,dry season (late phase),0.0,0.2,505027.7802561831,"No flood expected in Aweil East this week (q50 0.0 km²). Routine monitoring. (Aweil East maps ~505,028 cattle in baseline.)"
2004-01-12,Aweil North,0.0,0.023,0,dry season (late phase),0.0,0.0,463800.5038861725,"No flood expected in Aweil North this week (q50 0.0 km²). Routine monitoring. (Aweil North maps ~463,801 cattle in baseline.)"
2004-01-12,Aweil South,0.0,0.024,0,dry season (late phase),0.0,0.0,141256.8006910938,"No flood expected in Aweil South this week (q50 0.0 km²). Routine monitoring. (Aweil South maps ~141,257 cattle in baseline.)"
2004-01-12,Aweil West,0.0,0.023,0,dry season (late phase),0.0,0.0,318964.9515941321,"No flood expected in Aweil West this week (q50 0.0 km²). Routine monitoring. (Aweil West maps ~318,965 cattle in baseline.)"
2004-01-19,Aweil Centre,0.0,0.023,0,dry season (late phase),0.0,0.0,364961.8333817694,"No flood expected in Aweil Centre this week (q50 0.0 km²). Routine monitoring. (Aweil Centre maps ~364,962 cattle in baseline.)"
2004-01-19,Aweil East,0.02,0.063,0,dry season (late phase),0.0,118.6,505027.7802561831,"No flood expected in Aweil East this week (q50 0.0 km²). Routine monitoring. Approx. 119 ha of rangeland at risk; plan early herd movement. (Aweil East maps ~505,028 cattle in baseline.)"
2004-01-19,Aweil North,0.0,0.023,0,dry season (late phase),0.0,0.0,463800.5038861725,"No flood expected in Aweil North this week (q50 0.0 km²). Routine monitoring. (Aweil North maps ~463,801 cattle in baseline.)"
2004-01-19,Aweil South,0.0,0.023,0,dry season (late phase),0.0,0.0,141256.8006910938,"No flood expected in Aweil South this week (q50 0.0 km²). Routine monitoring. (Aweil South maps ~141,257 cattle in baseline.)"
2004-01-19,Aweil West,0.0,0.023,0,dry season (late phase),0.0,0.0,318964.9515941321,"No flood expected in Aweil West this week (q50 0.0 km²). Routine monitoring. (Aweil West maps ~318,965 cattle in baseline.)"
2004-01-26,Aweil Centre,0.0,0.021,0,dry season (late phase),0.0,0.0,364961.8333817694,"No flood expected in Aweil Centre this week (q50 0.0 km²). Routine monitoring. (Aweil Centre maps ~364,962 cattle in baseline.)"
2004-01-26,Aweil East,0.0,0.023,0,dry season (late phase),0.0,0.0,505027.7802561831,"No flood expected in Aweil East this week (q50 0.0 km²). Routine monitoring. (Aweil East maps ~505,028 cattle in baseline.)"
2004-01-26,Aweil North,0.0,0.021,0,dry season (late phase),0.0,0.0,463800.5038861725,"No flood expected in Aweil North this week (q50 0.0 km²). Routine monitoring. (Aweil North maps ~463,801 cattle in baseline.)"
2004-01-26,Aweil South,0.0,0.021,0,dry season (late phase),0.0,0.0,141256.8006910938,"No flood expected in Aweil South this week (q50 0.0 km²). Routine monitoring. (Aweil South maps ~141,257 cattle in baseline.)"
2004-01-26,Aweil West,0.0,0.021,0,dry season (late phase),0.0,0.0,318964.9515941321,"No flood expected in Aweil West this week (q50 0.0 km²). Routine monitoring. (Aweil West maps ~318,965 cattle in baseline.)"
2004-02-02,Aweil Centre,0.0,0.021,0,dry season,0.0,0.0,364961.8333817694,"No flood expected in Aweil Centre this week (q50 0.0 km²). Routine monitoring. (Aweil Centre maps ~364,962 cattle in baseline.)"
2004-02-02,Aweil East,0.0,0.022,0,dry season,0.0,0.0,505027.7802561831,"No flood expected in Aweil East this week (q50 0.0 km²). Routine monitoring. (Aweil East maps ~505,028 cattle in baseline.)"
2004-02-02,Aweil North,0.0,0.021,0,dry season,0.0,0.0,463800.5038861725,"No flood expected in Aweil North this week (q50 0.0 km²). Routine monitoring. (Aweil North maps ~463,801 cattle in baseline.)"
2004-02-02,Aweil South,0.0,0.021,0,dry season,0.0,0.0,141256.8006910938,"No flood expected in Aweil South this week (q50 0.0 km²). Routine monitoring. (Aweil South maps ~141,257 cattle in baseline.)"
2004-02-02,Aweil West,0.0,0.021,0,dry season,0.0,0.0,318964.9515941321,"No flood expected in Aweil West this week (q50 0.0 km²). Routine monitoring. (Aweil West maps ~318,965 cattle in baseline.)"
2004-02-09,Aweil Centre,0.0,0.021,0,dry season,0.0,0.0,364961.8333817694,"No flood expected in Aweil Centre this week (q50 0.0 km²). Routine monitoring. (Aweil Centre maps ~364,962 cattle in baseline.)"
2004-02-09,Aweil East,0.0,0.021,0,dry season,0.0,0.0,505027.7802561831,"No flood expected in Aweil East this week (q50 0.0 km²). Routine monitoring. (Aweil East maps ~505,028 cattle in baseline.)"
2004-02-09,Aweil North,0.0,0.021,0,dry season,0.0,0.0,463800.5038861725,"No flood expected in Aweil North this week (q50 0.0 km²). Routine monitoring. (Aweil North maps ~463,801 cattle in baseline.)"
2004-02-09,Aweil South,0.0,0.021,0,dry season,0.0,0.0,141256.8006910938,"No flood expected in Aweil South this week (q50 0.0 km²). Routine monitoring. (Aweil South maps ~141,257 cattle in baseline.)"
2004-02-09,Aweil West,0.0,0.021,0,dry season,0.0,0.0,318964.9515941321,"No flood expected in Aweil West this week (q50 0.0 km²). Routine monitoring. (Aweil West maps ~318,965 cattle in baseline.)"
2004-02-16,Aweil Centre,0.0,0.021,0,dry season,0.0,0.0,364961.8333817694,"No flood expected in Aweil Centre this week (q50 0.0 km²). Routine monitoring. (Aweil Centre maps ~364,962 cattle in baseline.)"
2004-02-16,Aweil East,0.0,0.021,0,dry season,0.0,0.0,505027.7802561831,"No flood expected in Aweil East this week (q50 0.0 km²). Routine monitoring. (Aweil East maps ~505,028 cattle in baseline.)"
2004-02-16,Aweil North,0.0,0.021,0,dry season,0.0,0.0,463800.5038861725,"No flood expected in Aweil North this week (q50 0.0 km²). Routine monitoring. (Aweil North maps ~463,801 cattle in baseline.)"
2004-02-16,Aweil South,0.0,0.021,0,dry season,0.0,0.0,141256.8006910938,"No flood expected in Aweil South this week (q50 0.0 km²). Routine monitoring. (Aweil South maps ~141,257 cattle in baseline.)"
2004-02-16,Aweil West,0.0,0.021,0,dry season,0.0,0.0,318964.9515941321,"No flood expected in Aweil West this week (q50 0.0 km²). Routine monitoring. (Aweil West maps ~318,965 cattle in baseline.)"
2004-02-23,Aweil Centre,0.0,0.021,0,dry season,0.0,0.0,364961.8333817694,"No flood expected in Aweil Centre this week (q50 0.0 km²). Routine monitoring. (Aweil Centre maps ~364,962 cattle in baseline.)"
2004-02-23,Aweil East,0.0,0.021,0,dry season,0.0,0.0,505027.7802561831,"No flood expected in Aweil East this week (q50 0.0 km²). Routine monitoring. (Aweil East maps ~505,028 cattle in baseline.)"
2004-02-23,Aweil North,0.0,0.021,0,dry season,0.0,0.0,463800.5038861725,"No flood expected in Aweil North this week (q50 0.0 km²). Routine monitoring. (Aweil North maps ~463,801 cattle in baseline.)"
2004-02-23,Aweil South,0.0,0.021,0,dry season,0.0,0.0,141256.8006910938,"No flood expected in Aweil South this week (q50 0.0 km²). Routine monitoring. (Aweil South maps ~141,257 cattle in baseline.)"
2004-02-23,Aweil West,0.0,0.021,0,dry season,0.0,0.0,318964.9515941321,"No flood expected in Aweil West this week (q50 0.0 km²). Routine monitoring. (Aweil West maps ~318,965 cattle in baseline.)"
2004-03-01,Aweil Centre,0.0,0.021,0,early season (sowing),0.0,0.0,364961.8333817694,"No flood expected in Aweil Centre this week (q50 0.0 km²). Routine monitoring. (Aweil Centre maps ~364,962 cattle in baseline.)"
2004-03-01,Aweil East,0.0,0.021,0,early season (sowing),0.0,0.0,505027.7802561831,"No flood expected in Aweil East this week (q50 0.0 km²). Routine monitoring. (Aweil East maps ~505,028 cattle in baseline.)"
2004-03-01,Aweil North,0.0,0.021,0,early season (sowing),0.0,0.0,463800.5038861725,"No flood expected in Aweil North this week (q50 0.0 km²). Routine monitoring. (Aweil North maps ~463,801 cattle in baseline.)"
2004-03-01,Aweil South,0.0,0.021,0,early season (sowing),0.0,0.0,141256.8006910938,"No flood expected in Aweil South this week (q50 0.0 km²). Routine monitoring. (Aweil South maps ~141,257 cattle in baseline.)"
2004-03-01,Aweil West,0.0,0.021,0,early season (sowing),0.0,0.0,318964.9515941321,"No flood expected in Aweil West this week (q50 0.0 km²). Routine monitoring. (Aweil West maps ~318,965 cattle in baseline.)"
2004-03-08,Aweil Centre,0.0,0.021,0,early season (sowing),0.0,0.0,364961.8333817694,"No flood expected in Aweil Centre this week (q50 0.0 km²). Routine monitoring. (Aweil Centre maps ~364,962 cattle in baseline.)"
2004-03-08,Aweil East,0.0,0.021,0,early season (sowing),0.0,0.0,505027.7802561831,"No flood expected in Aweil East this week (q50 0.0 km²). Routine monitoring. (Aweil East maps ~505,028 cattle in baseline.)"
2004-03-08,Aweil North,0.0,0.021,0,early season (sowing),0.0,0.0,463800.5038861725,"No flood expected in Aweil North this week (q50 0.0 km²). Routine monitoring. (Aweil North maps ~463,801 cattle in baseline.)"
2004-03-08,Aweil South,0.0,0.021,0,early season (sowing),0.0,0.0,141256.8006910938,"No flood expected in Aweil South this week (q50 0.0 km²). Routine monitoring. (Aweil South maps ~141,257 cattle in baseline.)"
2004-03-08,Aweil West,0.0,0.021,0,early season (sowing),0.0,0.0,318964.9515941321,"No flood expected in Aweil West this week (q50 0.0 km²). Routine monitoring. (Aweil West maps ~318,965 cattle in baseline.)"
2004-03-15,Aweil Centre,0.0,0.021,0,early season (sowing),0.0,0.0,364961.8333817694,"No flood expected in Aweil Centre this week (q50 0.0 km²). Routine monitoring. (Aweil Centre maps ~364,962 cattle in baseline.)"
2004-03-15,Aweil East,0.0,0.021,0,early season (sowing),0.0,0.0,505027.7802561831,"No flood expected in Aweil East this week (q50 0.0 km²). Routine monitoring. (Aweil East maps ~505,028 cattle in baseline.)"
2004-03-15,Aweil North,0.0,0.021,0,early season (sowing),0.0,0.0,463800.5038861725,"No flood expected in Aweil North this week (q50 0.0 km²). Routine monitoring. (Aweil North maps ~463,801 cattle in baseline.)"
2004-03-15,Aweil South,0.0,0.021,0,early season (sowing),0.0,0.0,141256.8006910938,"No flood expected in Aweil South this week (q50 0.0 km²). Routine monitoring. (Aweil South maps ~141,257 cattle in baseline.)"
2004-03-15,Aweil West,0.0,0.021,0,early season (sowing),0.0,0.0,318964.9515941321,"No flood expected in Aweil West this week (q50 0.0 km²). Routine monitoring. (Aweil West maps ~318,965 cattle in baseline.)"
2004-03-22,Aweil Centre,0.0,0.021,0,early season (sowing),0.0,0.0,364961.8333817694,"No flood expected in Aweil Centre this week (q50 0.0 km²). Routine monitoring. (Aweil Centre maps ~364,962 cattle in baseline.)"
2004-03-22,Aweil East,0.0,0.021,0,early season (sowing),0.0,0.0,505027.7802561831,"No flood expected in Aweil East this week (q50 0.0 km²). Routine monitoring. (Aweil East maps ~505,028 cattle in baseline.)"
2004-03-22,Aweil North,0.0,0.021,0,early season (sowing),0.0,0.0,463800.5038861725,"No flood expected in Aweil North this week (q50 0.0 km²). Routine monitoring. (Aweil North maps ~463,801 cattle in baseline.)"
2004-03-22,Aweil South,0.0,0.021,0,early season (sowing),0.0,0.0,141256.8006910938,"No flood expected in Aweil South this week (q50 0.0 km²). Routine monitoring. (Aweil South maps ~141,257 cattle in baseline.)"
2004-03-22,Aweil West,0.0,0.021,0,early season (sowing),0.0,0.0,318964.9515941321,"No flood expected in Aweil West this week (q50 0.0 km²). Routine monitoring. (Aweil West maps ~318,965 cattle in baseline.)"
2004-03-29,Aweil Centre,0.0,0.021,0,early season (sowing),0.0,0.0,364961.8333817694,"No flood expected in Aweil Centre this week (q50 0.0 km²). Routine monitoring. (Aweil Centre maps ~364,962 cattle in baseline.)"
2004-03-29,Aweil East,0.0,0.021,0,early season (sowing),0.0,0.0,505027.7802561831,"No flood expected in Aweil East this week (q50 0.0 km²). Routine monitoring. (Aweil East maps ~505,028 cattle in baseline.)"
2004-03-29,Aweil North,0.0,0.021,0,early season (sowing),0.0,0.0,463800.5038861725,"No flood expected in Aweil North this week (q50 0.0 km²). Routine monitoring. (Aweil North maps ~463,801 cattle in baseline.)"
2004-03-29,Aweil South,0.0,0.021,0,early season (sowing),0.0,0.0,141256.8006910938,"No flood expected in Aweil South this week (q50 0.0 km²). Routine monitoring. (Aweil South maps ~141,257 cattle in baseline.)"
2004-03-29,Aweil West,0.0,0.021,0,early season (sowing),0.0,0.0,318964.9515941321,"No flood expected in Aweil West this week (q50 0.0 km²). Routine monitoring. (Aweil West maps ~318,965 cattle in baseline.)"
2004-04-05,Aweil Centre,0.0,0.021,0,crop establishment,0.0,0.0,364961.8333817694,"No flood expected in Aweil Centre this week (q50 0.0 km²). Routine monitoring. (Aweil Centre maps ~364,962 cattle in baseline.)"
2004-04-05,Aweil East,0.0,0.021,0,crop establishment,0.0,0.0,505027.7802561831,"No flood expected in Aweil East this week (q50 0.0 km²). Routine monitoring. (Aweil East maps ~505,028 cattle in baseline.)"
2004-04-05,Aweil North,0.0,0.021,0,crop establishment,0.0,0.0,463800.5038861725,"No flood expected in Aweil North this week (q50 0.0 km²). Routine monitoring. (Aweil North maps ~463,801 cattle in baseline.)"
2004-04-05,Aweil South,0.0,0.021,0,crop establishment,0.0,0.0,141256.8006910938,"No flood expected in Aweil South this week (q50 0.0 km²). Routine monitoring. (Aweil South maps ~141,257 cattle in baseline.)"
2004-04-05,Aweil West,0.0,0.021,0,crop establishment,0.0,0.0,318964.9515941321,"No flood expected in Aweil West this week (q50 0.0 km²). Routine monitoring. (Aweil West maps ~318,965 cattle in baseline.)"
2004-04-12,Aweil Centre,0.0,0.021,0,crop establishment,0.0,0.0,364961.8333817694,"No flood expected in Aweil Centre this week (q50 0.0 km²). Routine monitoring. (Aweil Centre maps ~364,962 cattle in baseline.)"
2004-04-12,Aweil East,0.0,0.021,0,crop establishment,0.0,0.0,505027.7802561831,"No flood expected in Aweil East this week (q50 0.0 km²). Routine monitoring. (Aweil East maps ~505,028 cattle in baseline.)"
2004-04-12,Aweil North,0.0,0.021,0,crop establishment,0.0,0.0,463800.5038861725,"No flood expected in Aweil North this week (q50 0.0 km²). Routine monitoring. (Aweil North maps ~463,801 cattle in baseline.)"
2004-04-12,Aweil South,0.0,0.021,0,crop establishment,0.0,0.0,141256.8006910938,"No flood expected in Aweil South this week (q50 0.0 km²). Routine monitoring. (Aweil South maps ~141,257 cattle in baseline.)"
2004-04-12,Aweil West,0.0,0.021,0,crop establishment,0.0,0.0,318964.9515941321,"No flood expected in Aweil West this week (q50 0.0 km²). Routine monitoring. (Aweil West maps ~318,965 cattle in baseline.)"
2004-04-19,Aweil Centre,0.0,0.021,0,crop establishment,0.0,0.0,364961.8333817694,"No flood expected in Aweil Centre this week (q50 0.0 km²). Routine monitoring. (Aweil Centre maps ~364,962 cattle in baseline.)"
2004-04-19,Aweil East,0.0,0.021,0,crop establishment,0.0,0.0,505027.7802561831,"No flood expected in Aweil East this week (q50 0.0 km²). Routine monitoring. (Aweil East maps ~505,028 cattle in baseline.)"
2004-04-19,Aweil North,0.0,0.021,0,crop establishment,0.0,0.0,463800.5038861725,"No flood expected in Aweil North this week (q50 0.0 km²). Routine monitoring. (Aweil North maps ~463,801 cattle in baseline.)"
2004-04-19,Aweil South,0.0,0.021,0,crop establishment,0.0,0.0,141256.8006910938,"No flood expected in Aweil South this week (q50 0.0 km²). Routine monitoring. (Aweil South maps ~141,257 cattle in baseline.)"
2004-04-19,Aweil West,0.0,0.021,0,crop establishment,0.0,0.0,318964.9515941321,"No flood expected in Aweil West this week (q50 0.0 km²). Routine monitoring. (Aweil West maps ~318,965 cattle in baseline.)"
2004-04-26,Aweil Centre,0.0,0.021,0,crop establishment,0.0,0.0,364961.8333817694,"No flood expected in Aweil Centre this week (q50 0.0 km²). Routine monitoring. (Aweil Centre maps ~364,962 cattle in baseline.)"
2004-04-26,Aweil East,0.0,0.021,0,crop establishment,0.0,0.0,505027.7802561831,"No flood expected in Aweil East this week (q50 0.0 km²). Routine monitoring. (Aweil East maps ~505,028 cattle in baseline.)"
2004-04-26,Aweil North,0.0,0.021,0,crop establishment,0.0,0.0,463800.5038861725,"No flood expected in Aweil North this week (q50 0.0 km²). Routine monitoring. (Aweil North maps ~463,801 cattle in baseline.)"
2004-04-26,Aweil South,0.0,0.021,0,crop establishment,0.0,0.0,141256.8006910938,"No flood expected in Aweil South this week (q50 0.0 km²). Routine monitoring. (Aweil South maps ~141,257 cattle in baseline.)"
2004-04-26,Aweil West,0.0,0.021,0,crop establishment,0.0,0.0,318964.9515941321,"No flood expected in Aweil West this week (q50 0.0 km²). Routine monitoring. (Aweil West maps ~318,965 cattle in baseline.)"
2004-05-03,Aweil Centre,0.0,0.021,0,vegetative growth,0.0,0.0,364961.8333817694,"No flood expected in Aweil Centre this week (q50 0.0 km²). Routine monitoring. (Aweil Centre maps ~364,962 cattle in baseline.)"
2004-05-03,Aweil East,0.0,0.021,0,vegetative growth,0.0,0.0,505027.7802561831,"No flood expected in Aweil East this week (q50 0.0 km²). Routine monitoring. (Aweil East maps ~505,028 cattle in baseline.)"
2004-05-03,Aweil North,0.0,0.021,0,vegetative growth,0.0,0.0,463800.5038861725,"No flood expected in Aweil North this week (q50 0.0 km²). Routine monitoring. (Aweil North maps ~463,801 cattle in baseline.)"
2004-05-03,Aweil South,0.0,0.021,0,vegetative growth,0.0,0.0,141256.8006910938,"No flood expected in Aweil South this week (q50 0.0 km²). Routine monitoring. (Aweil South maps ~141,257 cattle in baseline.)"
2004-05-03,Aweil West,0.0,0.021,0,vegetative growth,0.0,0.0,318964.9515941321,"No flood expected in Aweil West this week (q50 0.0 km²). Routine monitoring. (Aweil West maps ~318,965 cattle in baseline.)"
2004-05-10,Aweil Centre,0.0,0.021,0,vegetative growth,0.0,0.0,364961.8333817694,"No flood expected in Aweil Centre this week (q50 0.0 km²). Routine monitoring. (Aweil Centre maps ~364,962 cattle in baseline.)"
2004-05-10,Aweil East,0.0,0.048,0,vegetative growth,0.0,0.0,505027.7802561831,"No flood expected in Aweil East this week (q50 0.0 km²). Routine monitoring. (Aweil East maps ~505,028 cattle in baseline.)"
2004-05-10,Aweil North,0.0,0.021,0,vegetative growth,0.0,0.0,463800.5038861725,"No flood expected in Aweil North this week (q50 0.0 km²). Routine monitoring. (Aweil North maps ~463,801 cattle in baseline.)"
2004-05-10,Aweil South,0.0,0.021,0,vegetative growth,0.0,0.0,141256.8006910938,"No flood expected in Aweil South this week (q50 0.0 km²). Routine monitoring. (Aweil South maps ~141,257 cattle in baseline.)"
2004-05-10,Aweil West,0.0,0.021,0,vegetative growth,0.0,0.0,318964.9515941321,"No flood expected in Aweil West this week (q50 0.0 km²). Routine monitoring. (Aweil West maps ~318,965 cattle in baseline.)"
2004-05-17,Aweil Centre,0.0,0.021,0,vegetative growth,0.0,0.0,364961.8333817694,"No flood expected in Aweil Centre this week (q50 0.0 km²). Routine monitoring. (Aweil Centre maps ~364,962 cattle in baseline.)"
2004-05-17,Aweil East,0.0,0.022,0,vegetative growth,0.0,0.0,505027.7802561831,"No flood expected in Aweil East this week (q50 0.0 km²). Routine monitoring. (Aweil East maps ~505,028 cattle in baseline.)"
2004-05-17,Aweil North,0.0,0.021,0,vegetative growth,0.0,0.0,463800.5038861725,"No flood expected in Aweil North this week (q50 0.0 km²). Routine monitoring. (Aweil North maps ~463,801 cattle in baseline.)"
2004-05-17,Aweil South,0.0,0.021,0,vegetative growth,0.0,0.0,141256.8006910938,"No flood expected in Aweil South this week (q50 0.0 km²). Routine monitoring. (Aweil South maps ~141,257 cattle in baseline.)"
2004-05-17,Aweil West,0.0,0.021,0,vegetative growth,0.0,0.0,318964.9515941321,"No flood expected in Aweil West this week (q50 0.0 km²). Routine monitoring. (Aweil West maps ~318,965 cattle in baseline.)"
2004-05-24,Aweil Centre,0.0,0.021,0,vegetative growth,0.0,0.0,364961.8333817694,"No flood expected in Aweil Centre this week (q50 0.0 km²). Routine monitoring. (Aweil Centre maps ~364,962 cattle in baseline.)"
2004-05-24,Aweil East,0.0,0.022,0,vegetative growth,0.0,0.0,505027.7802561831,"No flood expected in Aweil East this week (q50 0.0 km²). Routine monitoring. (Aweil East maps ~505,028 cattle in baseline.)"
2004-05-24,Aweil North,0.0,0.021,0,vegetative growth,0.0,0.0,463800.5038861725,"No flood expected in Aweil North this week (q50 0.0 km²). Routine monitoring. (Aweil North maps ~463,801 cattle in baseline.)"
2004-05-24,Aweil South,0.0,0.021,0,vegetative growth,0.0,0.0,141256.8006910938,"No flood expected in Aweil South this week (q50 0.0 km²). Routine monitoring. (Aweil South maps ~141,257 cattle in baseline.)"
2004-05-24,Aweil West,0.0,0.021,0,vegetative growth,0.0,0.0,318964.9515941321,"No flood expected in Aweil West this week (q50 0.0 km²). Routine monitoring. (Aweil West maps ~318,965 cattle in baseline.)"
2004-05-31,Aweil Centre,0.0,0.021,0,vegetative growth,0.0,0.0,364961.8333817694,"No flood expected in Aweil Centre this week (q50 0.0 km²). Routine monitoring. (Aweil Centre maps ~364,962 cattle in baseline.)"
2004-05-31,Aweil East,0.0,0.021,0,vegetative growth,0.0,0.0,505027.7802561831,"No flood expected in Aweil East this week (q50 0.0 km²). Routine monitoring. (Aweil East maps ~505,028 cattle in baseline.)"
2004-05-31,Aweil North,0.0,0.021,0,vegetative growth,0.0,0.0,463800.5038861725,"No flood expected in Aweil North this week (q50 0.0 km²). Routine monitoring. (Aweil North maps ~463,801 cattle in baseline.)"
2004-05-31,Aweil South,0.0,0.021,0,vegetative growth,0.0,0.0,141256.8006910938,"No flood expected in Aweil South this week (q50 0.0 km²). Routine monitoring. (Aweil South maps ~141,257 cattle in baseline.)"
2004-05-31,Aweil West,0.0,0.021,0,vegetative growth,0.0,0.0,318964.9515941321,"No flood expected in Aweil West this week (q50 0.0 km²). Routine monitoring. (Aweil West maps ~318,965 cattle in baseline.)"
2004-06-07,Aweil Centre,0.0,0.021,0,vegetative growth (peak),0.0,0.0,364961.8333817694,"No flood expected in Aweil Centre this week (q50 0.0 km²). Routine monitoring. (Aweil Centre maps ~364,962 cattle in baseline.)"
2004-06-07,Aweil East,0.0,0.021,0,vegetative growth (peak),0.0,0.0,505027.7802561831,"No flood expected in Aweil East this week (q50 0.0 km²). Routine monitoring. (Aweil East maps ~505,028 cattle in baseline.)"
2004-06-07,Aweil North,0.0,0.021,0,vegetative growth (peak),0.0,0.0,463800.5038861725,"No flood expected in Aweil North this week (q50 0.0 km²). Routine monitoring. (Aweil North maps ~463,801 cattle in baseline.)"
2004-06-07,Aweil South,0.0,0.021,0,vegetative growth (peak),0.0,0.0,141256.8006910938,"No flood expected in Aweil South this week (q50 0.0 km²). Routine monitoring. (Aweil South maps ~141,257 cattle in baseline.)"
2004-06-07,Aweil West,0.0,0.021,0,vegetative growth (peak),0.0,0.0,318964.9515941321,"No flood expected in Aweil West this week (q50 0.0 km²). Routine monitoring. (Aweil West maps ~318,965 cattle in baseline.)"
2004-06-14,Aweil Centre,0.0,0.021,0,vegetative growth (peak),0.0,0.0,364961.8333817694,"No flood expected in Aweil Centre this week (q50 0.0 km²). Routine monitoring. (Aweil Centre maps ~364,962 cattle in baseline.)"
2004-06-14,Aweil East,0.0,0.021,0,vegetative growth (peak),0.0,0.0,505027.7802561831,"No flood expected in Aweil East this week (q50 0.0 km²). Routine monitoring. (Aweil East maps ~505,028 cattle in baseline.)"
2004-06-14,Aweil North,0.0,0.021,0,vegetative growth (peak),0.0,0.0,463800.5038861725,"No flood expected in Aweil North this week (q50 0.0 km²). Routine monitoring. (Aweil North maps ~463,801 cattle in baseline.)"
2004-06-14,Aweil South,0.0,0.021,0,vegetative growth (peak),0.0,0.0,141256.8006910938,"No flood expected in Aweil South this week (q50 0.0 km²). Routine monitoring. (Aweil South maps ~141,257 cattle in baseline.)"
2004-06-14,Aweil West,0.0,0.021,0,vegetative growth (peak),0.0,0.0,318964.9515941321,"No flood expected in Aweil West this week (q50 0.0 km²). Routine monitoring. (Aweil West maps ~318,965 cattle in baseline.)"
2004-06-21,Aweil Centre,0.0,0.021,0,vegetative growth (peak),0.0,0.0,364961.8333817694,"No flood expected in Aweil Centre this week (q50 0.0 km²). Routine monitoring. (Aweil Centre maps ~364,962 cattle in baseline.)"
2004-06-21,Aweil East,0.0,0.021,0,vegetative growth (peak),0.0,0.0,505027.7802561831,"No flood expected in Aweil East this week (q50 0.0 km²). Routine monitoring. (Aweil East maps ~505,028 cattle in baseline.)"
2004-06-21,Aweil North,0.0,0.021,0,vegetative growth (peak),0.0,0.0,463800.5038861725,"No flood expected in Aweil North this week (q50 0.0 km²). Routine monitoring. (Aweil North maps ~463,801 cattle in baseline.)"
2004-06-21,Aweil South,0.0,0.021,0,vegetative growth (peak),0.0,0.0,141256.8006910938,"No flood expected in Aweil South this week (q50 0.0 km²). Routine monitoring. (Aweil South maps ~141,257 cattle in baseline.)"
2004-06-21,Aweil West,0.0,0.021,0,vegetative growth (peak),0.0,0.0,318964.9515941321,"No flood expected in Aweil West this week (q50 0.0 km²). Routine monitoring. (Aweil West maps ~318,965 cattle in baseline.)"
2004-06-28,Aweil Centre,0.0,0.021,0,vegetative growth (peak),0.0,0.0,364961.8333817694,"No flood expected in Aweil Centre this week (q50 0.0 km²). Routine monitoring. (Aweil Centre maps ~364,962 cattle in baseline.)"
2004-06-28,Aweil East,0.0,0.021,0,vegetative growth (peak),0.0,0.0,505027.7802561831,"No flood expected in Aweil East this week (q50 0.0 km²). Routine monitoring. (Aweil East maps ~505,028 cattle in baseline.)"
2004-06-28,Aweil North,0.0,0.021,0,vegetative growth (peak),0.0,0.0,463800.5038861725,"No flood expected in Aweil North this week (q50 0.0 km²). Routine monitoring. (Aweil North maps ~463,801 cattle in baseline.)"
2004-06-28,Aweil South,0.0,0.021,0,vegetative growth (peak),0.0,0.0,141256.8006910938,"No flood expected in Aweil South this week (q50 0.0 km²). Routine monitoring. (Aweil South maps ~141,257 cattle in baseline.)"
2004-06-28,Aweil West,0.0,0.021,0,vegetative growth (peak),0.0,0.0,318964.9515941321,"No flood expected in Aweil West this week (q50 0.0 km²). Routine monitoring. (Aweil West maps ~318,965 cattle in baseline.)"
2004-07-05,Aweil Centre,0.0,0.021,0,vegetative growth (peak),0.0,0.0,364961.8333817694,"No flood expected in Aweil Centre this week (q50 0.0 km²). Routine monitoring. (Aweil Centre maps ~364,962 cattle in baseline.)"
2004-07-05,Aweil East,0.0,0.021,0,vegetative growth (peak),0.0,0.0,505027.7802561831,"No flood expected in Aweil East this week (q50 0.0 km²). Routine monitoring. (Aweil East maps ~505,028 cattle in baseline.)"
2004-07-05,Aweil North,0.0,0.021,0,vegetative growth (peak),0.0,0.0,463800.5038861725,"No flood expected in Aweil North this week (q50 0.0 km²). Routine monitoring. (Aweil North maps ~463,801 cattle in baseline.)"
2004-07-05,Aweil South,0.0,0.021,0,vegetative growth (peak),0.0,0.0,141256.8006910938,"No flood expected in Aweil South this week (q50 0.0 km²). Routine monitoring. (Aweil South maps ~141,257 cattle in baseline.)"
2004-07-05,Aweil West,0.0,0.021,0,vegetative growth (peak),0.0,0.0,318964.9515941321,"No flood expected in Aweil West this week (q50 0.0 km²). Routine monitoring. (Aweil West maps ~318,965 cattle in baseline.)"
2004-07-12,Aweil Centre,0.0,0.022,0,vegetative growth (peak),0.0,0.0,364961.8333817694,"No flood expected in Aweil Centre this week (q50 0.0 km²). Routine monitoring. (Aweil Centre maps ~364,962 cattle in baseline.)"
2004-07-12,Aweil East,0.0,0.022,0,vegetative growth (peak),0.0,0.0,505027.7802561831,"No flood expected in Aweil East this week (q50 0.0 km²). Routine monitoring. (Aweil East maps ~505,028 cattle in baseline.)"
2004-07-12,Aweil North,0.0,0.022,0,vegetative growth (peak),0.0,0.0,463800.5038861725,"No flood expected in Aweil North this week (q50 0.0 km²). Routine monitoring. (Aweil North maps ~463,801 cattle in baseline.)"
2004-07-12,Aweil South,0.0,0.022,0,vegetative growth (peak),0.0,0.0,141256.8006910938,"No flood expected in Aweil South this week (q50 0.0 km²). Routine monitoring. (Aweil South maps ~141,257 cattle in baseline.)"
2004-07-12,Aweil West,0.0,0.022,0,vegetative growth (peak),0.0,0.0,318964.9515941321,"No flood expected in Aweil West this week (q50 0.0 km²). Routine monitoring. (Aweil West maps ~318,965 cattle in baseline.)"
2004-07-19,Aweil Centre,0.0,0.027,0,vegetative growth (peak),0.0,0.0,364961.8333817694,"No flood expected in Aweil Centre this week (q50 0.0 km²). Routine monitoring. (Aweil Centre maps ~364,962 cattle in baseline.)"
2004-07-19,Aweil East,0.0,0.027,0,vegetative growth (peak),0.0,0.0,505027.7802561831,"No flood expected in Aweil East this week (q50 0.0 km²). Routine monitoring. (Aweil East maps ~505,028 cattle in baseline.)"
2004-07-19,Aweil North,0.0,0.027,0,vegetative growth (peak),0.0,0.0,463800.5038861725,"No flood expected in Aweil North this week (q50 0.0 km²). Routine monitoring. (Aweil North maps ~463,801 cattle in baseline.)"
2004-07-19,Aweil South,0.0,0.027,0,vegetative growth (peak),0.0,0.0,141256.8006910938,"No flood expected in Aweil South this week (q50 0.0 km²). Routine monitoring. (Aweil South maps ~141,257 cattle in baseline.)"
2004-07-19,Aweil West,0.0,0.027,0,vegetative growth (peak),0.0,0.0,318964.9515941321,"No flood expected in Aweil West this week (q50 0.0 km²). Routine monitoring. (Aweil West maps ~318,965 cattle in baseline.)"
2004-07-26,Aweil Centre,0.0,0.052,0,vegetative growth (peak),0.0,0.0,364961.8333817694,"No flood expected in Aweil Centre this week (q50 0.0 km²). Routine monitoring. (Aweil Centre maps ~364,962 cattle in baseline.)"
2004-07-26,Aweil East,0.0,0.054,0,vegetative growth (peak),0.0,0.0,505027.7802561831,"No flood expected in Aweil East this week (q50 0.0 km²). Routine monitoring. (Aweil East maps ~505,028 cattle in baseline.)"
2004-07-26,Aweil North,0.0,0.045,0,vegetative growth (peak),0.0,0.0,463800.5038861725,"No flood expected in Aweil North this week (q50 0.0 km²). Routine monitoring. (Aweil North maps ~463,801 cattle in baseline.)"
2004-07-26,Aweil South,0.0,0.046,0,vegetative growth (peak),0.0,0.0,141256.8006910938,"No flood expected in Aweil South this week (q50 0.0 km²). Routine monitoring. (Aweil South maps ~141,257 cattle in baseline.)"
2004-07-26,Aweil West,0.0,0.046,0,vegetative growth (peak),0.0,0.0,318964.9515941321,"No flood expected in Aweil West this week (q50 0.0 km²). Routine monitoring. (Aweil West maps ~318,965 cattle in baseline.)"
2004-08-02,Aweil Centre,0.0,0.056,0,maturation,0.0,0.0,364961.8333817694,"No flood expected in Aweil Centre this week (q50 0.0 km²). Routine monitoring. (Aweil Centre maps ~364,962 cattle in baseline.)"
2004-08-02,Aweil East,0.0,0.058,0,maturation,0.0,0.0,505027.7802561831,"No flood expected in Aweil East this week (q50 0.0 km²). Routine monitoring. (Aweil East maps ~505,028 cattle in baseline.)"
2004-08-02,Aweil North,0.0,0.044,0,maturation,0.0,0.0,463800.5038861725,"No flood expected in Aweil North this week (q50 0.0 km²). Routine monitoring. (Aweil North maps ~463,801 cattle in baseline.)"
2004-08-02,Aweil South,0.0,0.044,0,maturation,0.0,0.0,141256.8006910938,"No flood expected in Aweil South this week (q50 0.0 km²). Routine monitoring. (Aweil South maps ~141,257 cattle in baseline.)"
2004-08-02,Aweil West,0.0,0.048,0,maturation,0.0,0.0,318964.9515941321,"No flood expected in Aweil West this week (q50 0.0 km²). Routine monitoring. (Aweil West maps ~318,965 cattle in baseline.)"
2004-08-09,Aweil Centre,0.0,0.086,0,maturation,0.0,0.0,364961.8333817694,"No flood expected in Aweil Centre this week (q50 0.0 km²). Routine monitoring. (Aweil Centre maps ~364,962 cattle in baseline.)"
2004-08-09,Aweil East,0.0,0.092,0,maturation,0.0,0.0,505027.7802561831,"No flood expected in Aweil East this week (q50 0.0 km²). Routine monitoring. (Aweil East maps ~505,028 cattle in baseline.)"
2004-08-09,Aweil North,0.0,0.054,0,maturation,0.0,0.0,463800.5038861725,"No flood expected in Aweil North this week (q50 0.0 km²). Routine monitoring. (Aweil North maps ~463,801 cattle in baseline.)"
2004-08-09,Aweil South,0.0,0.048,0,maturation,0.0,0.0,141256.8006910938,"No flood expected in Aweil South this week (q50 0.0 km²). Routine monitoring. (Aweil South maps ~141,257 cattle in baseline.)"
2004-08-09,Aweil West,0.0,0.066,0,maturation,0.0,0.0,318964.9515941321,"No flood expected in Aweil West this week (q50 0.0 km²). Routine monitoring. (Aweil West maps ~318,965 cattle in baseline.)"
2004-08-16,Aweil Centre,0.0,0.108,0,maturation,0.0,0.0,364961.8333817694,"No flood expected in Aweil Centre this week (q50 0.0 km²). Routine monitoring. (Aweil Centre maps ~364,962 cattle in baseline.)"
2004-08-16,Aweil East,0.0,0.11,0,maturation,0.0,0.0,505027.7802561831,"No flood expected in Aweil East this week (q50 0.0 km²). Routine monitoring. (Aweil East maps ~505,028 cattle in baseline.)"
2004-08-16,Aweil North,0.0,0.057,0,maturation,0.0,0.0,463800.5038861725,"No flood expected in Aweil North this week (q50 0.0 km²). Routine monitoring. (Aweil North maps ~463,801 cattle in baseline.)"
2004-08-16,Aweil South,0.0,0.05,0,maturation,0.0,0.0,141256.8006910938,"No flood expected in Aweil South this week (q50 0.0 km²). Routine monitoring. (Aweil South maps ~141,257 cattle in baseline.)"
2004-08-16,Aweil West,0.0,0.079,0,maturation,0.0,0.0,318964.9515941321,"No flood expected in Aweil West this week (q50 0.0 km²). Routine monitoring. (Aweil West maps ~318,965 cattle in baseline.)"
2004-08-23,Aweil Centre,0.0,0.163,0,maturation,0.0,0.0,364961.8333817694,"No flood expected in Aweil Centre this week (q50 0.0 km²). Routine monitoring. (Aweil Centre maps ~364,962 cattle in baseline.)"
2004-08-23,Aweil East,1.54,0.369,0,maturation,0.0,0.0,505027.7802561831,"No flood expected in Aweil East this week (q50 1.5 km²). Routine monitoring. (Aweil East maps ~505,028 cattle in baseline.)"
2004-08-23,Aweil North,0.0,0.097,0,maturation,0.0,0.0,463800.5038861725,"No flood expected in Aweil North this week (q50 0.0 km²). Routine monitoring. (Aweil North maps ~463,801 cattle in baseline.)"
2004-08-23,Aweil South,0.0,0.082,0,maturation,0.0,0.0,141256.8006910938,"No flood expected in Aweil South this week (q50 0.0 km²). Routine monitoring. (Aweil South maps ~141,257 cattle in baseline.)"
2004-08-23,Aweil West,0.0,0.131,0,maturation,0.0,0.0,318964.9515941321,"No flood expected in Aweil West this week (q50 0.0 km²). Routine monitoring. (Aweil West maps ~318,965 cattle in baseline.)"
2004-08-30,Aweil Centre,0.0,0.164,0,maturation,0.0,0.0,364961.8333817694,"No flood expected in Aweil Centre this week (q50 0.0 km²). Routine monitoring. (Aweil Centre maps ~364,962 cattle in baseline.)"
2004-08-30,Aweil East,1.54,0.474,0,maturation,0.0,0.0,505027.7802561831,"No flood expected in Aweil East this week (q50 1.5 km²). Routine monitoring. (Aweil East maps ~505,028 cattle in baseline.)"
2004-08-30,Aweil North,0.0,0.085,0,maturation,0.0,0.0,463800.5038861725,"No flood expected in Aweil North this week (q50 0.0 km²). Routine monitoring. (Aweil North maps ~463,801 cattle in baseline.)"
2004-08-30,Aweil South,0.0,0.072,0,maturation,0.0,0.0,141256.8006910938,"No flood expected in Aweil South this week (q50 0.0 km²). Routine monitoring. (Aweil South maps ~141,257 cattle in baseline.)"
2004-08-30,Aweil West,0.0,0.117,0,maturation,0.0,0.0,318964.9515941321,"No flood expected in Aweil West this week (q50 0.0 km²). Routine monitoring. (Aweil West maps ~318,965 cattle in baseline.)"
2004-09-06,Aweil Centre,0.0,0.142,0,maturation / grain filling,0.0,0.0,364961.8333817694,"No flood expected in Aweil Centre this week (q50 0.0 km²). Routine monitoring. (Aweil Centre maps ~364,962 cattle in baseline.)"
2004-09-06,Aweil East,1.54,0.455,0,maturation / grain filling,4.4,182.7,505027.7802561831,"No flood expected in Aweil East this week (q50 1.5 km²). Routine monitoring. Approx. 4 ha of mapped crops in the Aweil East floodplain are at risk. Approx. 183 ha of rangeland at risk; plan early herd movement. (Aweil East maps ~505,028 cattle in baseline.)"
2004-09-06,Aweil North,0.0,0.063,0,maturation / grain filling,0.0,0.0,463800.5038861725,"No flood expected in Aweil North this week (q50 0.0 km²). Routine monitoring. (Aweil North maps ~463,801 cattle in baseline.)"
2004-09-06,Aweil South,0.0,0.053,0,maturation / grain filling,0.0,0.0,141256.8006910938,"No flood expected in Aweil South this week (q50 0.0 km²). Routine monitoring. (Aweil South maps ~141,257 cattle in baseline.)"
2004-09-06,Aweil West,0.0,0.088,0,maturation / grain filling,0.0,0.0,318964.9515941321,"No flood expected in Aweil West this week (q50 0.0 km²). Routine monitoring. (Aweil West maps ~318,965 cattle in baseline.)"
2004-09-13,Aweil Centre,0.0,0.134,0,maturation / grain filling,0.0,0.0,364961.8333817694,"No flood expected in Aweil Centre this week (q50 0.0 km²). Routine monitoring. (Aweil Centre maps ~364,962 cattle in baseline.)"
2004-09-13,Aweil East,0.0,0.184,0,maturation / grain filling,0.0,0.3,505027.7802561831,"No flood expected in Aweil East this week (q50 0.0 km²). Routine monitoring. (Aweil East maps ~505,028 cattle in baseline.)"
2004-09-13,Aweil North,0.0,0.054,0,maturation / grain filling,0.0,0.0,463800.5038861725,"No flood expected in Aweil North this week (q50 0.0 km²). Routine monitoring. (Aweil North maps ~463,801 cattle in baseline.)"
2004-09-13,Aweil South,0.0,0.05,0,maturation / grain filling,0.0,0.0,141256.8006910938,"No flood expected in Aweil South this week (q50 0.0 km²). Routine monitoring. (Aweil South maps ~141,257 cattle in baseline.)"
2004-09-13,Aweil West,0.0,0.082,0,maturation / grain filling,0.0,0.0,318964.9515941321,"No flood expected in Aweil West this week (q50 0.0 km²). Routine monitoring. (Aweil West maps ~318,965 cattle in baseline.)"
2004-09-20,Aweil Centre,0.0,0.207,0,maturation / grain filling,0.0,0.0,364961.8333817694,"No flood expected in Aweil Centre this week (q50 0.0 km²). Routine monitoring. (Aweil Centre maps ~364,962 cattle in baseline.)"
2004-09-20,Aweil East,0.0,0.198,0,maturation / grain filling,0.0,0.0,505027.7802561831,"No flood expected in Aweil East this week (q50 0.0 km²). Routine monitoring. (Aweil East maps ~505,028 cattle in baseline.)"
2004-09-20,Aweil North,0.0,0.074,0,maturation / grain filling,0.0,0.0,463800.5038861725,"No flood expected in Aweil North this week (q50 0.0 km²). Routine monitoring. (Aweil North maps ~463,801 cattle in baseline.)"
2004-09-20,Aweil South,0.0,0.069,0,maturation / grain filling,0.0,0.0,141256.8006910938,"No flood expected in Aweil South this week (q50 0.0 km²). Routine monitoring. (Aweil South maps ~141,257 cattle in baseline.)"
2004-09-20,Aweil West,0.0,0.118,0,maturation / grain filling,0.0,0.0,318964.9515941321,"No flood expected in Aweil West this week (q50 0.0 km²). Routine monitoring. (Aweil West maps ~318,965 cattle in baseline.)"
2004-09-27,Aweil Centre,0.0,0.213,0,maturation / grain filling,0.0,0.0,364961.8333817694,"No flood expected in Aweil Centre this week (q50 0.0 km²). Routine monitoring. (Aweil Centre maps ~364,962 cattle in baseline.)"
2004-09-27,Aweil East,0.0,0.216,0,maturation / grain filling,0.0,0.0,505027.7802561831,"No flood expected in Aweil East this week (q50 0.0 km²). Routine monitoring. (Aweil East maps ~505,028 cattle in baseline.)"
2004-09-27,Aweil North,0.0,0.078,0,maturation / grain filling,0.0,0.0,463800.5038861725,"No flood expected in Aweil North this week (q50 0.0 km²). Routine monitoring. (Aweil North maps ~463,801 cattle in baseline.)"
2004-09-27,Aweil South,0.0,0.072,0,maturation / grain filling,0.0,0.0,141256.8006910938,"No flood expected in Aweil South this week (q50 0.0 km²). Routine monitoring. (Aweil South maps ~141,257 cattle in baseline.)"
2004-09-27,Aweil West,0.0,0.132,0,maturation / grain filling,0.0,0.0,318964.9515941321,"No flood expected in Aweil West this week (q50 0.0 km²). Routine monitoring. (Aweil West maps ~318,965 cattle in baseline.)"
2004-10-04,Aweil Centre,0.0,0.282,0,harvest,0.0,0.0,364961.8333817694,"No flood expected in Aweil Centre this week (q50 0.0 km²). Routine monitoring. (Aweil Centre maps ~364,962 cattle in baseline.)"
2004-10-04,Aweil East,0.23,0.445,0,harvest,3.0,34.4,505027.7802561831,"No flood expected in Aweil East this week (q50 0.2 km²). Routine monitoring. Approx. 3 ha of mapped crops in the Aweil East floodplain are at risk. Approx. 34 ha of rangeland at risk; plan early herd movement. (Aweil East maps ~505,028 cattle in baseline.)"
2004-10-04,Aweil North,0.0,0.106,0,harvest,0.0,0.0,463800.5038861725,"No flood expected in Aweil North this week (q50 0.0 km²). Routine monitoring. (Aweil North maps ~463,801 cattle in baseline.)"
2004-10-04,Aweil South,1.54,0.343,0,harvest,39.2,621.8,141256.8006910938,"No flood expected in Aweil South this week (q50 1.5 km²). Routine monitoring. Approx. 39 ha of mapped crops in the Aweil South floodplain are at risk. Approx. 622 ha of rangeland at risk; plan early herd movement. (Aweil South maps ~141,257 cattle in baseline.)"
2004-10-04,Aweil West,0.0,0.18,0,harvest,0.0,0.0,318964.9515941321,"No flood expected in Aweil West this week (q50 0.0 km²). Routine monitoring. (Aweil West maps ~318,965 cattle in baseline.)"
2004-10-11,Aweil Centre,0.0,0.253,0,harvest,0.0,0.0,364961.8333817694,"No flood expected in Aweil Centre this week (q50 0.0 km²). Routine monitoring. (Aweil Centre maps ~364,962 cattle in baseline.)"
2004-10-11,Aweil East,0.0,0.343,0,harvest,0.1,0.6,505027.7802561831,"No flood expected in Aweil East this week (q50 0.0 km²). Routine monitoring. (Aweil East maps ~505,028 cattle in baseline.)"
2004-10-11,Aweil North,0.0,0.083,0,harvest,0.0,0.0,463800.5038861725,"No flood expected in Aweil North this week (q50 0.0 km²). Routine monitoring. (Aweil North maps ~463,801 cattle in baseline.)"
2004-10-11,Aweil South,0.0,0.133,0,harvest,0.1,0.9,141256.8006910938,"No flood expected in Aweil South this week (q50 0.0 km²). Routine monitoring. (Aweil South maps ~141,257 cattle in baseline.)"
2004-10-11,Aweil West,0.0,0.148,0,harvest,0.0,0.0,318964.9515941321,"No flood expected in Aweil West this week (q50 0.0 km²). Routine monitoring. (Aweil West maps ~318,965 cattle in baseline.)"
2004-10-18,Aweil Centre,0.0,0.253,0,harvest,0.0,0.0,364961.8333817694,"No flood expected in Aweil Centre this week (q50 0.0 km²). Routine monitoring. (Aweil Centre maps ~364,962 cattle in baseline.)"
2004-10-18,Aweil East,0.0,0.199,0,harvest,0.0,0.3,505027.7802561831,"No flood expected in Aweil East this week (q50 0.0 km²). Routine monitoring. (Aweil East maps ~505,028 cattle in baseline.)"
2004-10-18,Aweil North,0.0,0.082,0,harvest,0.0,0.0,463800.5038861725,"No flood expected in Aweil North this week (q50 0.0 km²). Routine monitoring. (Aweil North maps ~463,801 cattle in baseline.)"
2004-10-18,Aweil South,0.0,0.077,0,harvest,0.0,0.0,141256.8006910938,"No flood expected in Aweil South this week (q50 0.0 km²). Routine monitoring. (Aweil South maps ~141,257 cattle in baseline.)"
2004-10-18,Aweil West,0.0,0.148,0,harvest,0.0,0.0,318964.9515941321,"No flood expected in Aweil West this week (q50 0.0 km²). Routine monitoring. (Aweil West maps ~318,965 cattle in baseline.)"
2004-10-25,Aweil Centre,0.23,0.425,0,harvest,0.0,11.8,364961.8333817694,"No flood expected in Aweil Centre this week (q50 0.2 km²). Routine monitoring. Approx. 12 ha of rangeland at risk; plan early herd movement. (Aweil Centre maps ~364,962 cattle in baseline.)"
2004-10-25,Aweil East,0.0,0.337,0,harvest,0.0,0.3,505027.7802561831,"No flood expected in Aweil East this week (q50 0.0 km²). Routine monitoring. (Aweil East maps ~505,028 cattle in baseline.)"
2004-10-25,Aweil North,0.0,0.189,0,harvest,0.1,2.5,463800.5038861725,"No flood expected in Aweil North this week (q50 0.0 km²). Routine monitoring. Approx. 3 ha of rangeland at risk; plan early herd movement. (Aweil North maps ~463,801 cattle in baseline.)"
2004-10-25,Aweil South,0.0,0.184,0,harvest,0.0,0.0,141256.8006910938,"No flood expected in Aweil South this week (q50 0.0 km²). Routine monitoring. (Aweil South maps ~141,257 cattle in baseline.)"
2004-10-25,Aweil West,0.0,0.173,0,harvest,0.0,0.0,318964.9515941321,"No flood expected in Aweil West this week (q50 0.0 km²). Routine monitoring. (Aweil West maps ~318,965 cattle in baseline.)"
2004-11-01,Aweil Centre,0.0,0.333,0,harvest / drying,0.0,0.4,364961.8333817694,"No flood expected in Aweil Centre this week (q50 0.0 km²). Routine monitoring. (Aweil Centre maps ~364,962 cattle in baseline.)"
2004-11-01,Aweil East,0.0,0.397,0,harvest / drying,0.1,1.1,505027.7802561831,"No flood expected in Aweil East this week (q50 0.0 km²). Routine monitoring. Approx. 1 ha of rangeland at risk; plan early herd movement. (Aweil East maps ~505,028 cattle in baseline.)"
2004-11-01,Aweil North,0.0,0.139,0,harvest / drying,0.6,23.5,463800.5038861725,"No flood expected in Aweil North this week (q50 0.0 km²). Routine monitoring. Approx. 24 ha of rangeland at risk; plan early herd movement. (Aweil North maps ~463,801 cattle in baseline.)"
2004-11-01,Aweil South,0.0,0.198,0,harvest / drying,0.0,0.0,141256.8006910938,"No flood expected in Aweil South this week (q50 0.0 km²). Routine monitoring. (Aweil South maps ~141,257 cattle in baseline.)"
2004-11-01,Aweil West,0.0,0.187,0,harvest / drying,0.0,0.0,318964.9515941321,"No flood expected in Aweil West this week (q50 0.0 km²). Routine monitoring. (Aweil West maps ~318,965 cattle in baseline.)"
2004-11-08,Aweil Centre,0.0,0.201,0,harvest / drying,0.0,0.0,364961.8333817694,"No flood expected in Aweil Centre this week (q50 0.0 km²). Routine monitoring. (Aweil Centre maps ~364,962 cattle in baseline.)"
2004-11-08,Aweil East,0.0,0.283,0,harvest / drying,0.1,1.1,505027.7802561831,"No flood expected in Aweil East this week (q50 0.0 km²). Routine monitoring. Approx. 1 ha of rangeland at risk; plan early herd movement. (Aweil East maps ~505,028 cattle in baseline.)"
2004-11-08,Aweil North,0.0,0.09,0,harvest / drying,0.0,0.0,463800.5038861725,"No flood expected in Aweil North this week (q50 0.0 km²). Routine monitoring. (Aweil North maps ~463,801 cattle in baseline.)"
2004-11-08,Aweil South,0.0,0.178,0,harvest / drying,0.0,0.0,141256.8006910938,"No flood expected in Aweil South this week (q50 0.0 km²). Routine monitoring. (Aweil South maps ~141,257 cattle in baseline.)"
2004-11-08,Aweil West,0.0,0.26,0,harvest / drying,0.1,2.4,318964.9515941321,"No flood expected in Aweil West this week (q50 0.0 km²). Routine monitoring. Approx. 2 ha of rangeland at risk; plan early herd movement. (Aweil West maps ~318,965 cattle in baseline.)"
2004-11-15,Aweil Centre,0.0,0.248,0,harvest / drying,0.0,0.0,364961.8333817694,"No flood expected in Aweil Centre this week (q50 0.0 km²). Routine monitoring. (Aweil Centre maps ~364,962 cattle in baseline.)"
2004-11-15,Aweil East,0.0,0.291,0,harvest / drying,0.1,1.1,505027.7802561831,"No flood expected in Aweil East this week (q50 0.0 km²). Routine monitoring. Approx. 1 ha of rangeland at risk; plan early herd movement. (Aweil East maps ~505,028 cattle in baseline.)"
2004-11-15,Aweil North,0.0,0.191,0,harvest / drying,0.3,11.2,463800.5038861725,"No flood expected in Aweil North this week (q50 0.0 km²). Routine monitoring. Approx. 11 ha of rangeland at risk; plan early herd movement. (Aweil North maps ~463,801 cattle in baseline.)"
2004-11-15,Aweil South,0.0,0.187,0,harvest / drying,0.0,0.0,141256.8006910938,"No flood expected in Aweil South this week (q50 0.0 km²). Routine monitoring. (Aweil South maps ~141,257 cattle in baseline.)"
2004-11-15,Aweil West,0.0,0.203,0,harvest / drying,0.1,5.1,318964.9515941321,"No flood expected in Aweil West this week (q50 0.0 km²). Routine monitoring. Approx. 5 ha of rangeland at risk; plan early herd movement. (Aweil West maps ~318,965 cattle in baseline.)"
2004-11-22,Aweil Centre,0.02,0.408,0,harvest / drying,0.0,3.8,364961.8333817694,"No flood expected in Aweil Centre this week (q50 0.0 km²). Routine monitoring. Approx. 4 ha of rangeland at risk; plan early herd movement. (Aweil Centre maps ~364,962 cattle in baseline.)"
2004-11-22,Aweil East,0.0,0.158,0,harvest / drying,0.0,0.6,505027.7802561831,"No flood expected in Aweil East this week (q50 0.0 km²). Routine monitoring. (Aweil East maps ~505,028 cattle in baseline.)"
2004-11-22,Aweil North,0.0,0.128,0,harvest / drying,0.6,23.5,463800.5038861725,"No flood expected in Aweil North this week (q50 0.0 km²). Routine monitoring. Approx. 24 ha of rangeland at risk; plan early herd movement. (Aweil North maps ~463,801 cattle in baseline.)"
2004-11-22,Aweil South,0.0,0.188,0,harvest / drying,0.0,0.0,141256.8006910938,"No flood expected in Aweil South this week (q50 0.0 km²). Routine monitoring. (Aweil South maps ~141,257 cattle in baseline.)"
2004-11-22,Aweil West,0.0,0.158,0,harvest / drying,0.0,0.0,318964.9515941321,"No flood expected in Aweil West this week (q50 0.0 km²). Routine monitoring. (Aweil West maps ~318,965 cattle in baseline.)"
2004-11-29,Aweil Centre,0.0,0.151,0,harvest / drying,0.0,0.0,364961.8333817694,"No flood expected in Aweil Centre this week (q50 0.0 km²). Routine monitoring. (Aweil Centre maps ~364,962 cattle in baseline.)"
2004-11-29,Aweil East,0.0,0.067,0,harvest / drying,0.0,0.0,505027.7802561831,"No flood expected in Aweil East this week (q50 0.0 km²). Routine monitoring. (Aweil East maps ~505,028 cattle in baseline.)"
2004-11-29,Aweil North,0.0,0.057,0,harvest / drying,0.0,0.0,463800.5038861725,"No flood expected in Aweil North this week (q50 0.0 km²). Routine monitoring. (Aweil North maps ~463,801 cattle in baseline.)"
2004-11-29,Aweil South,0.0,0.098,0,harvest / drying,0.0,0.0,141256.8006910938,"No flood expected in Aweil South this week (q50 0.0 km²). Routine monitoring. (Aweil South maps ~141,257 cattle in baseline.)"
2004-11-29,Aweil West,0.0,0.094,0,harvest / drying,0.0,0.0,318964.9515941321,"No flood expected in Aweil West this week (q50 0.0 km²). Routine monitoring. (Aweil West maps ~318,965 cattle in baseline.)"
2004-12-06,Aweil Centre,0.0,0.06,0,dry season,0.0,0.0,364961.8333817694,"No flood expected in Aweil Centre this week (q50 0.0 km²). Routine monitoring. (Aweil Centre maps ~364,962 cattle in baseline.)"
2004-12-06,Aweil East,0.0,0.043,0,dry season,0.0,0.0,505027.7802561831,"No flood expected in Aweil East this week (q50 0.0 km²). Routine monitoring. (Aweil East maps ~505,028 cattle in baseline.)"
2004-12-06,Aweil North,0.0,0.039,0,dry season,0.0,0.0,463800.5038861725,"No flood expected in Aweil North this week (q50 0.0 km²). Routine monitoring. (Aweil North maps ~463,801 cattle in baseline.)"
2004-12-06,Aweil South,0.0,0.047,0,dry season,0.0,0.0,141256.8006910938,"No flood expected in Aweil South this week (q50 0.0 km²). Routine monitoring. (Aweil South maps ~141,257 cattle in baseline.)"
2004-12-06,Aweil West,0.0,0.043,0,dry season,0.0,0.0,318964.9515941321,"No flood expected in Aweil West this week (q50 0.0 km²). Routine monitoring. (Aweil West maps ~318,965 cattle in baseline.)"
2004-12-13,Aweil Centre,0.0,0.059,0,dry season,0.0,0.0,364961.8333817694,"No flood expected in Aweil Centre this week (q50 0.0 km²). Routine monitoring. (Aweil Centre maps ~364,962 cattle in baseline.)"
2004-12-13,Aweil East,0.0,0.045,0,dry season,0.0,0.0,505027.7802561831,"No flood expected in Aweil East this week (q50 0.0 km²). Routine monitoring. (Aweil East maps ~505,028 cattle in baseline.)"
2004-12-13,Aweil North,0.0,0.041,0,dry season,0.0,0.0,463800.5038861725,"No flood expected in Aweil North this week (q50 0.0 km²). Routine monitoring. (Aweil North maps ~463,801 cattle in baseline.)"
2004-12-13,Aweil South,0.0,0.046,0,dry season,0.0,0.0,141256.8006910938,"No flood expected in Aweil South this week (q50 0.0 km²). Routine monitoring. (Aweil South maps ~141,257 cattle in baseline.)"
2004-12-13,Aweil West,0.0,0.042,0,dry season,0.0,0.0,318964.9515941321,"No flood expected in Aweil West this week (q50 0.0 km²). Routine monitoring. (Aweil West maps ~318,965 cattle in baseline.)"
2004-12-20,Aweil Centre,0.0,0.065,0,dry season,0.0,0.0,364961.8333817694,"No flood expected in Aweil Centre this week (q50 0.0 km²). Routine monitoring. (Aweil Centre maps ~364,962 cattle in baseline.)"
2004-12-20,Aweil East,0.0,0.049,0,dry season,0.0,0.0,505027.7802561831,"No flood expected in Aweil East this week (q50 0.0 km²). Routine monitoring. (Aweil East maps ~505,028 cattle in baseline.)"
2004-12-20,Aweil North,0.0,0.047,0,dry season,0.0,0.0,463800.5038861725,"No flood expected in Aweil North this week (q50 0.0 km²). Routine monitoring. (Aweil North maps ~463,801 cattle in baseline.)"
2004-12-20,Aweil South,0.0,0.051,0,dry season,0.0,0.0,141256.8006910938,"No flood expected in Aweil South this week (q50 0.0 km²). Routine monitoring. (Aweil South maps ~141,257 cattle in baseline.)"
2004-12-20,Aweil West,0.0,0.047,0,dry season,0.0,0.0,318964.9515941321,"No flood expected in Aweil West this week (q50 0.0 km²). Routine monitoring. (Aweil West maps ~318,965 cattle in baseline.)"
2004-12-27,Aweil Centre,0.0,0.056,0,dry season,0.0,0.0,364961.8333817694,"No flood expected in Aweil Centre this week (q50 0.0 km²). Routine monitoring. (Aweil Centre maps ~364,962 cattle in baseline.)"
2004-12-27,Aweil East,0.09,0.065,0,dry season,14.8,300.1,505027.7802561831,"No flood expected in Aweil East this week (q50 0.1 km²). Routine monitoring. Approx. 15 ha of mapped crops in the Aweil East floodplain are at risk. Approx. 300 ha of rangeland at risk; plan early herd movement. (Aweil East maps ~505,028 cattle in baseline.)"
2004-12-27,Aweil North,0.0,0.023,0,dry season,0.0,0.0,463800.5038861725,"No flood expected in Aweil North this week (q50 0.0 km²). Routine monitoring. (Aweil North maps ~463,801 cattle in baseline.)"
2004-12-27,Aweil South,0.0,0.024,0,dry season,0.0,0.0,141256.8006910938,"No flood expected in Aweil South this week (q50 0.0 km²). Routine monitoring. (Aweil South maps ~141,257 cattle in baseline.)"
2004-12-27,Aweil West,0.0,0.024,0,dry season,0.0,0.0,318964.9515941321,"No flood expected in Aweil West this week (q50 0.0 km²). Routine monitoring. (Aweil West maps ~318,965 cattle in baseline.)"
2009-01-12,Aweil Centre,0.02,0.113,2,dry season (late phase),0.0,213.7,364961.8333817694,"High flood risk in Aweil Centre this week: q50 0.0 km², above most January weeks since 2000. Dry season (late phase): little active cropping; floodplain grazing and residual flooding dominate. Approx. 214 ha of rangeland at risk; plan early herd movement. (Aweil Centre maps ~364,962 cattle in baseline.)"
2009-01-12,Aweil East,0.45,0.62,3,dry season (late phase),0.0,778.0,505027.7802561831,"SEVERE flood expected in Aweil East this week: q50 0.5 km², above the 95th percentile of all January weeks since 2000. Dry season (late phase): little active cropping; floodplain grazing and residual flooding dominate. Approx. 778 ha of rangeland at risk; plan early herd movement. (Aweil East maps ~505,028 cattle in baseline.)"
2009-01-12,Aweil North,0.0,0.074,0,dry season (late phase),0.0,0.0,463800.5038861725,"No flood expected in Aweil North this week (q50 0.0 km²). Routine monitoring. (Aweil North maps ~463,801 cattle in baseline.)"
2009-01-12,Aweil South,1.41,0.715,3,dry season (late phase),1.2,42.0,141256.8006910938,"SEVERE flood expected in Aweil South this week: q50 1.4 km², above the 95th percentile of all January weeks since 2000. Dry season (late phase): little active cropping; floodplain grazing and residual flooding dominate. Approx. 1 ha of mapped crops in the Aweil South floodplain are at risk. Approx. 42 ha of rangeland at risk; plan early herd movement. (Aweil South maps ~141,257 cattle in baseline.)"
2009-01-12,Aweil West,0.0,0.054,0,dry season (late phase),0.0,0.0,318964.9515941321,"No flood expected in Aweil West this week (q50 0.0 km²). Routine monitoring. (Aweil West maps ~318,965 cattle in baseline.)"
2009-01-19,Aweil Centre,0.0,0.084,0,dry season (late phase),0.0,4.8,364961.8333817694,"No flood expected in Aweil Centre this week (q50 0.0 km²). Routine monitoring. Approx. 5 ha of rangeland at risk; plan early herd movement. (Aweil Centre maps ~364,962 cattle in baseline.)"
2009-01-19,Aweil East,0.16,0.394,3,dry season (late phase),0.0,778.0,505027.7802561831,"SEVERE flood expected in Aweil East this week: q50 0.2 km², above the 95th percentile of all January weeks since 2000. Dry season (late phase): little active cropping; floodplain grazing and residual flooding dominate. Approx. 778 ha of rangeland at risk; plan early herd movement. (Aweil East maps ~505,028 cattle in baseline.)"
2009-01-19,Aweil North,0.0,0.055,0,dry season (late phase),0.0,0.0,463800.5038861725,"No flood expected in Aweil North this week (q50 0.0 km²). Routine monitoring. (Aweil North maps ~463,801 cattle in baseline.)"
2009-01-19,Aweil South,0.37,0.589,3,dry season (late phase),0.8,27.3,141256.8006910938,"SEVERE flood expected in Aweil South this week: q50 0.4 km², above the 95th percentile of all January weeks since 2000. Dry season (late phase): little active cropping; floodplain grazing and residual flooding dominate. Approx. 27 ha of rangeland at risk; plan early herd movement. (Aweil South maps ~141,257 cattle in baseline.)"
2009-01-19,Aweil West,0.0,0.038,0,dry season (late phase),0.0,0.0,318964.9515941321,"No flood expected in Aweil West this week (q50 0.0 km²). Routine monitoring. (Aweil West maps ~318,965 cattle in baseline.)"
2009-01-26,Aweil Centre,0.0,0.028,0,dry season (late phase),0.0,0.0,364961.8333817694,"No flood expected in Aweil Centre this week (q50 0.0 km²). Routine monitoring. (Aweil Centre maps ~364,962 cattle in baseline.)"
2009-01-26,Aweil East,0.11,0.109,2,dry season (late phase),0.0,643.0,505027.7802561831,"High flood risk in Aweil East this week: q50 0.1 km², above most January weeks since 2000. Dry season (late phase): little active cropping; floodplain grazing and residual flooding dominate. Approx. 643 ha of rangeland at risk; plan early herd movement. (Aweil East maps ~505,028 cattle in baseline.)"
2009-01-26,Aweil North,0.0,0.077,0,dry season (late phase),0.0,0.0,463800.5038861725,"No flood expected in Aweil North this week (q50 0.0 km²). Routine monitoring. (Aweil North maps ~463,801 cattle in baseline.)"
2009-01-26,Aweil South,0.07,0.263,0,dry season (late phase),0.2,5.2,141256.8006910938,"No flood expected in Aweil South this week (q50 0.1 km²). Routine monitoring. Approx. 5 ha of rangeland at risk; plan early herd movement. (Aweil South maps ~141,257 cattle in baseline.)"
2009-01-26,Aweil West,0.0,0.015,0,dry season (late phase),0.0,0.0,318964.9515941321,"No flood expected in Aweil West this week (q50 0.0 km²). Routine monitoring. (Aweil West maps ~318,965 cattle in baseline.)"
2009-02-02,Aweil Centre,0.0,0.02,3,dry season,0.0,0.0,364961.8333817694,"SEVERE flood expected in Aweil Centre this week: q50 0.0 km², above the 95th percentile of all February weeks since 2000. Dry season: little active cropping; floodplain grazing and residual flooding dominate. (Aweil Centre maps ~364,962 cattle in baseline.)"
2009-02-02,Aweil East,0.0,0.093,0,dry season,0.0,0.0,505027.7802561831,"No flood expected in Aweil East this week (q50 0.0 km²). Routine monitoring. (Aweil East maps ~505,028 cattle in baseline.)"
2009-02-02,Aweil North,0.0,0.028,3,dry season,0.0,0.0,463800.5038861725,"SEVERE flood expected in Aweil North this week: q50 0.0 km², above the 95th percentile of all February weeks since 2000. Dry season: little active cropping; floodplain grazing and residual flooding dominate. (Aweil North maps ~463,801 cattle in baseline.)"
2009-02-02,Aweil South,0.0,0.032,0,dry season,0.0,0.0,141256.8006910938,"No flood expected in Aweil South this week (q50 0.0 km²). Routine monitoring. (Aweil South maps ~141,257 cattle in baseline.)"
2009-02-02,Aweil West,0.0,0.01,0,dry season,0.0,0.0,318964.9515941321,"No flood expected in Aweil West this week (q50 0.0 km²). Routine monitoring. (Aweil West maps ~318,965 cattle in baseline.)"
2009-02-09,Aweil Centre,0.0,0.02,0,dry season,0.0,0.0,364961.8333817694,"No flood expected in Aweil Centre this week (q50 0.0 km²). Routine monitoring. (Aweil Centre maps ~364,962 cattle in baseline.)"
2009-02-09,Aweil East,0.14,0.041,3,dry season,0.0,0.0,505027.7802561831,"SEVERE flood expected in Aweil East this week: q50 0.1 km², above the 95th percentile of all February weeks since 2000. Dry season: little active cropping; floodplain grazing and residual flooding dominate. (Aweil East maps ~505,028 cattle in baseline.)"
2009-02-09,Aweil North,0.0,0.017,3,dry season,0.0,0.0,463800.5038861725,"SEVERE flood expected in Aweil North this week: q50 0.0 km², above the 95th percentile of all February weeks since 2000. Dry season: little active cropping; floodplain grazing and residual flooding dominate. (Aweil North maps ~463,801 cattle in baseline.)"
2009-02-09,Aweil South,0.0,0.017,0,dry season,0.0,0.0,141256.8006910938,"No flood expected in Aweil South this week (q50 0.0 km²). Routine monitoring. (Aweil South maps ~141,257 cattle in baseline.)"
2009-02-09,Aweil West,0.0,0.011,3,dry season,0.0,0.0,318964.9515941321,"SEVERE flood expected in Aweil West this week: q50 0.0 km², above the 95th percentile of all February weeks since 2000. Dry season: little active cropping; floodplain grazing and residual flooding dominate. (Aweil West maps ~318,965 cattle in baseline.)"
2009-02-16,Aweil Centre,0.0,0.02,0,dry season,0.0,0.0,364961.8333817694,"No flood expected in Aweil Centre this week (q50 0.0 km²). Routine monitoring. (Aweil Centre maps ~364,962 cattle in baseline.)"
2009-02-16,Aweil East,0.14,0.033,3,dry season,0.0,0.0,505027.7802561831,"SEVERE flood expected in Aweil East this week: q50 0.1 km², above the 95th percentile of all February weeks since 2000. Dry season: little active cropping; floodplain grazing and residual flooding dominate. (Aweil East maps ~505,028 cattle in baseline.)"
2009-02-16,Aweil North,0.0,0.015,3,dry season,0.0,0.0,463800.5038861725,"SEVERE flood expected in Aweil North this week: q50 0.0 km², above the 95th percentile of all February weeks since 2000. Dry season: little active cropping; floodplain grazing and residual flooding dominate. (Aweil North maps ~463,801 cattle in baseline.)"
2009-02-16,Aweil South,0.0,0.01,0,dry season,0.0,0.0,141256.8006910938,"No flood expected in Aweil South this week (q50 0.0 km²). Routine monitoring. (Aweil South maps ~141,257 cattle in baseline.)"
2009-02-16,Aweil West,0.0,0.011,0,dry season,0.0,0.0,318964.9515941321,"No flood expected in Aweil West this week (q50 0.0 km²). Routine monitoring. (Aweil West maps ~318,965 cattle in baseline.)"
2009-02-23,Aweil Centre,0.0,0.02,3,dry season,0.0,0.0,364961.8333817694,"SEVERE flood expected in Aweil Centre this week: q50 0.0 km², above the 95th percentile of all February weeks since 2000. Dry season: little active cropping; floodplain grazing and residual flooding dominate. (Aweil Centre maps ~364,962 cattle in baseline.)"
2009-02-23,Aweil East,0.14,0.012,3,dry season,0.0,0.0,505027.7802561831,"SEVERE flood expected in Aweil East this week: q50 0.1 km², above the 95th percentile of all February weeks since 2000. Dry season: little active cropping; floodplain grazing and residual flooding dominate. (Aweil East maps ~505,028 cattle in baseline.)"
2009-02-23,Aweil North,0.06,0.011,3,dry season,0.0,0.0,463800.5038861725,"SEVERE flood expected in Aweil North this week: q50 0.1 km², above the 95th percentile of all February weeks since 2000. Dry season: little active cropping; floodplain grazing and residual flooding dominate. (Aweil North maps ~463,801 cattle in baseline.)"
2009-02-23,Aweil South,0.0,0.01,3,dry season,0.0,0.0,141256.8006910938,"SEVERE flood expected in Aweil South this week: q50 0.0 km², above the 95th percentile of all February weeks since 2000. Dry season: little active cropping; floodplain grazing and residual flooding dominate. (Aweil South maps ~141,257 cattle in baseline.)"
2009-02-23,Aweil West,0.0,0.01,3,dry season,0.0,0.0,318964.9515941321,"SEVERE flood expected in Aweil West this week: q50 0.0 km², above the 95th percentile of all February weeks since 2000. Dry season: little active cropping; floodplain grazing and residual flooding dominate. (Aweil West maps ~318,965 cattle in baseline.)"
2009-03-02,Aweil Centre,0.0,0.021,0,early season (sowing),0.0,0.0,364961.8333817694,"No flood expected in Aweil Centre this week (q50 0.0 km²). Routine monitoring. (Aweil Centre maps ~364,962 cattle in baseline.)"
2009-03-02,Aweil East,0.0,0.012,0,early season (sowing),0.0,0.0,505027.7802561831,"No flood expected in Aweil East this week (q50 0.0 km²). Routine monitoring. (Aweil East maps ~505,028 cattle in baseline.)"
2009-03-02,Aweil North,0.06,0.012,3,early season (sowing),0.0,0.0,463800.5038861725,"SEVERE flood expected in Aweil North this week: q50 0.1 km², above the 95th percentile of all March weeks since 2000. Early season (sowing): sowing windows are opening — delayed or drowned seedlings are the main crop risk. (Aweil North maps ~463,801 cattle in baseline.)"
2009-03-02,Aweil South,0.0,0.012,0,early season (sowing),0.0,0.0,141256.8006910938,"No flood expected in Aweil South this week (q50 0.0 km²). Routine monitoring. (Aweil South maps ~141,257 cattle in baseline.)"
2009-03-02,Aweil West,0.0,0.011,0,early season (sowing),0.0,0.0,318964.9515941321,"No flood expected in Aweil West this week (q50 0.0 km²). Routine monitoring. (Aweil West maps ~318,965 cattle in baseline.)"
2009-03-09,Aweil Centre,0.0,0.023,0,early season (sowing),0.0,0.0,364961.8333817694,"No flood expected in Aweil Centre this week (q50 0.0 km²). Routine monitoring. (Aweil Centre maps ~364,962 cattle in baseline.)"
2009-03-09,Aweil East,0.0,0.013,0,early season (sowing),0.0,0.0,505027.7802561831,"No flood expected in Aweil East this week (q50 0.0 km²). Routine monitoring. (Aweil East maps ~505,028 cattle in baseline.)"
2009-03-09,Aweil North,0.06,0.013,3,early season (sowing),0.0,0.0,463800.5038861725,"SEVERE flood expected in Aweil North this week: q50 0.1 km², above the 95th percentile of all March weeks since 2000. Early season (sowing): sowing windows are opening — delayed or drowned seedlings are the main crop risk. (Aweil North maps ~463,801 cattle in baseline.)"
2009-03-09,Aweil South,0.0,0.013,0,early season (sowing),0.0,0.0,141256.8006910938,"No flood expected in Aweil South this week (q50 0.0 km²). Routine monitoring. (Aweil South maps ~141,257 cattle in baseline.)"
2009-03-09,Aweil West,0.0,0.013,0,early season (sowing),0.0,0.0,318964.9515941321,"No flood expected in Aweil West this week (q50 0.0 km²). Routine monitoring. (Aweil West maps ~318,965 cattle in baseline.)"
2009-03-16,Aweil Centre,0.0,0.023,0,early season (sowing),0.0,0.0,364961.8333817694,"No flood expected in Aweil Centre this week (q50 0.0 km²). Routine monitoring. (Aweil Centre maps ~364,962 cattle in baseline.)"
2009-03-16,Aweil East,0.0,0.013,3,early season (sowing),0.0,0.0,505027.7802561831,"SEVERE flood expected in Aweil East this week: q50 0.0 km², above the 95th percentile of all March weeks since 2000. Early season (sowing): sowing windows are opening — delayed or drowned seedlings are the main crop risk. (Aweil East maps ~505,028 cattle in baseline.)"
2009-03-16,Aweil North,0.0,0.013,0,early season (sowing),0.0,0.0,463800.5038861725,"No flood expected in Aweil North this week (q50 0.0 km²). Routine monitoring. (Aweil North maps ~463,801 cattle in baseline.)"
2009-03-16,Aweil South,0.0,0.013,0,early season (sowing),0.0,0.0,141256.8006910938,"No flood expected in Aweil South this week (q50 0.0 km²). Routine monitoring. (Aweil South maps ~141,257 cattle in baseline.)"
2009-03-16,Aweil West,0.0,0.013,0,early season (sowing),0.0,0.1,318964.9515941321,"No flood expected in Aweil West this week (q50 0.0 km²). Routine monitoring. (Aweil West maps ~318,965 cattle in baseline.)"
2009-03-23,Aweil Centre,0.0,0.023,0,early season (sowing),0.0,0.0,364961.8333817694,"No flood expected in Aweil Centre this week (q50 0.0 km²). Routine monitoring. (Aweil Centre maps ~364,962 cattle in baseline.)"
2009-03-23,Aweil East,0.0,0.014,3,early season (sowing),0.0,0.0,505027.7802561831,"SEVERE flood expected in Aweil East this week: q50 0.0 km², above the 95th percentile of all March weeks since 2000. Early season (sowing): sowing windows are opening — delayed or drowned seedlings are the main crop risk. (Aweil East maps ~505,028 cattle in baseline.)"
2009-03-23,Aweil North,0.0,0.014,0,early season (sowing),0.0,0.0,463800.5038861725,"No flood expected in Aweil North this week (q50 0.0 km²). Routine monitoring. (Aweil North maps ~463,801 cattle in baseline.)"
2009-03-23,Aweil South,0.0,0.015,0,early season (sowing),0.0,0.0,141256.8006910938,"No flood expected in Aweil South this week (q50 0.0 km²). Routine monitoring. (Aweil South maps ~141,257 cattle in baseline.)"
2009-03-23,Aweil West,0.0,0.014,0,early season (sowing),0.0,0.0,318964.9515941321,"No flood expected in Aweil West this week (q50 0.0 km²). Routine monitoring. (Aweil West maps ~318,965 cattle in baseline.)"
2009-03-30,Aweil Centre,0.0,0.066,0,early season (sowing),0.0,0.0,364961.8333817694,"No flood expected in Aweil Centre this week (q50 0.0 km²). Routine monitoring. (Aweil Centre maps ~364,962 cattle in baseline.)"
2009-03-30,Aweil East,0.0,0.041,3,early season (sowing),0.0,0.0,505027.7802561831,"SEVERE flood expected in Aweil East this week: q50 0.0 km², above the 95th percentile of all March weeks since 2000. Early season (sowing): sowing windows are opening — delayed or drowned seedlings are the main crop risk. (Aweil East maps ~505,028 cattle in baseline.)"
2009-03-30,Aweil North,0.0,0.042,0,early season (sowing),0.0,0.0,463800.5038861725,"No flood expected in Aweil North this week (q50 0.0 km²). Routine monitoring. (Aweil North maps ~463,801 cattle in baseline.)"
2009-03-30,Aweil South,0.0,0.044,0,early season (sowing),0.0,0.0,141256.8006910938,"No flood expected in Aweil South this week (q50 0.0 km²). Routine monitoring. (Aweil South maps ~141,257 cattle in baseline.)"
2009-03-30,Aweil West,0.0,0.041,0,early season (sowing),0.0,0.0,318964.9515941321,"No flood expected in Aweil West this week (q50 0.0 km²). Routine monitoring. (Aweil West maps ~318,965 cattle in baseline.)"
2009-04-06,Aweil Centre,0.0,0.068,0,crop establishment,0.0,0.0,364961.8333817694,"No flood expected in Aweil Centre this week (q50 0.0 km²). Routine monitoring. (Aweil Centre maps ~364,962 cattle in baseline.)"
2009-04-06,Aweil East,0.0,0.04,0,crop establishment,0.0,0.0,505027.7802561831,"No flood expected in Aweil East this week (q50 0.0 km²). Routine monitoring. (Aweil East maps ~505,028 cattle in baseline.)"
2009-04-06,Aweil North,0.0,0.038,0,crop establishment,0.0,0.0,463800.5038861725,"No flood expected in Aweil North this week (q50 0.0 km²). Routine monitoring. (Aweil North maps ~463,801 cattle in baseline.)"
2009-04-06,Aweil South,0.0,0.039,0,crop establishment,0.0,0.0,141256.8006910938,"No flood expected in Aweil South this week (q50 0.0 km²). Routine monitoring. (Aweil South maps ~141,257 cattle in baseline.)"
2009-04-06,Aweil West,0.0,0.038,0,crop establishment,0.0,0.0,318964.9515941321,"No flood expected in Aweil West this week (q50 0.0 km²). Routine monitoring. (Aweil West maps ~318,965 cattle in baseline.)"
2009-04-13,Aweil Centre,0.0,0.06,0,crop establishment,0.0,0.0,364961.8333817694,"No flood expected in Aweil Centre this week (q50 0.0 km²). Routine monitoring. (Aweil Centre maps ~364,962 cattle in baseline.)"
2009-04-13,Aweil East,0.0,0.037,0,crop establishment,0.0,0.0,505027.7802561831,"No flood expected in Aweil East this week (q50 0.0 km²). Routine monitoring. (Aweil East maps ~505,028 cattle in baseline.)"
2009-04-13,Aweil North,0.0,0.036,0,crop establishment,0.0,0.0,463800.5038861725,"No flood expected in Aweil North this week (q50 0.0 km²). Routine monitoring. (Aweil North maps ~463,801 cattle in baseline.)"
2009-04-13,Aweil South,0.01,0.144,3,crop establishment,0.0,0.0,141256.8006910938,"SEVERE flood expected in Aweil South this week: q50 0.0 km², above the 95th percentile of all April weeks since 2000. Crop establishment: young crops are most vulnerable to being drowned. (Aweil South maps ~141,257 cattle in baseline.)"
2009-04-13,Aweil West,0.0,0.035,0,crop establishment,0.0,0.0,318964.9515941321,"No flood expected in Aweil West this week (q50 0.0 km²). Routine monitoring. (Aweil West maps ~318,965 cattle in baseline.)"
2009-04-20,Aweil Centre,0.0,0.021,0,crop establishment,0.0,0.0,364961.8333817694,"No flood expected in Aweil Centre this week (q50 0.0 km²). Routine monitoring. (Aweil Centre maps ~364,962 cattle in baseline.)"
2009-04-20,Aweil East,0.0,0.012,0,crop establishment,0.0,0.0,505027.7802561831,"No flood expected in Aweil East this week (q50 0.0 km²). Routine monitoring. (Aweil East maps ~505,028 cattle in baseline.)"
2009-04-20,Aweil North,0.0,0.012,0,crop establishment,0.0,0.0,463800.5038861725,"No flood expected in Aweil North this week (q50 0.0 km²). Routine monitoring. (Aweil North maps ~463,801 cattle in baseline.)"
2009-04-20,Aweil South,0.0,0.033,0,crop establishment,0.0,0.0,141256.8006910938,"No flood expected in Aweil South this week (q50 0.0 km²). Routine monitoring. (Aweil South maps ~141,257 cattle in baseline.)"
2009-04-20,Aweil West,0.0,0.011,0,crop establishment,0.0,0.0,318964.9515941321,"No flood expected in Aweil West this week (q50 0.0 km²). Routine monitoring. (Aweil West maps ~318,965 cattle in baseline.)"
2009-04-27,Aweil Centre,0.0,0.013,0,crop establishment,0.0,0.0,364961.8333817694,"No flood expected in Aweil Centre this week (q50 0.0 km²). Routine monitoring. (Aweil Centre maps ~364,962 cattle in baseline.)"
2009-04-27,Aweil East,0.0,0.012,0,crop establishment,0.0,0.0,505027.7802561831,"No flood expected in Aweil East this week (q50 0.0 km²). Routine monitoring. (Aweil East maps ~505,028 cattle in baseline.)"
2009-04-27,Aweil North,0.0,0.011,0,crop establishment,0.0,0.0,463800.5038861725,"No flood expected in Aweil North this week (q50 0.0 km²). Routine monitoring. (Aweil North maps ~463,801 cattle in baseline.)"
2009-04-27,Aweil South,0.0,0.024,0,crop establishment,0.0,0.0,141256.8006910938,"No flood expected in Aweil South this week (q50 0.0 km²). Routine monitoring. (Aweil South maps ~141,257 cattle in baseline.)"
2009-04-27,Aweil West,0.0,0.011,0,crop establishment,0.0,0.0,318964.9515941321,"No flood expected in Aweil West this week (q50 0.0 km²). Routine monitoring. (Aweil West maps ~318,965 cattle in baseline.)"
2009-05-04,Aweil Centre,0.0,0.012,0,vegetative growth,0.0,0.0,364961.8333817694,"No flood expected in Aweil Centre this week (q50 0.0 km²). Routine monitoring. (Aweil Centre maps ~364,962 cattle in baseline.)"
2009-05-04,Aweil East,0.0,0.012,0,vegetative growth,0.0,0.0,505027.7802561831,"No flood expected in Aweil East this week (q50 0.0 km²). Routine monitoring. (Aweil East maps ~505,028 cattle in baseline.)"
2009-05-04,Aweil North,0.0,0.01,3,vegetative growth,0.0,0.0,463800.5038861725,"SEVERE flood expected in Aweil North this week: q50 0.0 km², above the 95th percentile of all May weeks since 2000. Vegetative growth: crops are at peak water demand — short flooding can be tolerated, sustained submergence is not. (Aweil North maps ~463,801 cattle in baseline.)"
2009-05-04,Aweil South,0.0,0.02,0,vegetative growth,0.0,0.0,141256.8006910938,"No flood expected in Aweil South this week (q50 0.0 km²). Routine monitoring. (Aweil South maps ~141,257 cattle in baseline.)"
2009-05-04,Aweil West,0.0,0.011,0,vegetative growth,0.0,0.0,318964.9515941321,"No flood expected in Aweil West this week (q50 0.0 km²). Routine monitoring. (Aweil West maps ~318,965 cattle in baseline.)"
2009-05-11,Aweil Centre,0.0,0.012,0,vegetative growth,0.0,0.0,364961.8333817694,"No flood expected in Aweil Centre this week (q50 0.0 km²). Routine monitoring. (Aweil Centre maps ~364,962 cattle in baseline.)"
2009-05-11,Aweil East,0.03,0.012,0,vegetative growth,0.0,0.0,505027.7802561831,"No flood expected in Aweil East this week (q50 0.0 km²). Routine monitoring. (Aweil East maps ~505,028 cattle in baseline.)"
2009-05-11,Aweil North,0.0,0.01,3,vegetative growth,0.0,0.0,463800.5038861725,"SEVERE flood expected in Aweil North this week: q50 0.0 km², above the 95th percentile of all May weeks since 2000. Vegetative growth: crops are at peak water demand — short flooding can be tolerated, sustained submergence is not. (Aweil North maps ~463,801 cattle in baseline.)"
2009-05-11,Aweil South,0.0,0.015,0,vegetative growth,0.0,0.0,141256.8006910938,"No flood expected in Aweil South this week (q50 0.0 km²). Routine monitoring. (Aweil South maps ~141,257 cattle in baseline.)"
2009-05-11,Aweil West,0.0,0.011,0,vegetative growth,0.0,0.0,318964.9515941321,"No flood expected in Aweil West this week (q50 0.0 km²). Routine monitoring. (Aweil West maps ~318,965 cattle in baseline.)"
2009-05-18,Aweil Centre,0.0,0.012,0,vegetative growth,0.0,0.0,364961.8333817694,"No flood expected in Aweil Centre this week (q50 0.0 km²). Routine monitoring. (Aweil Centre maps ~364,962 cattle in baseline.)"
2009-05-18,Aweil East,0.03,0.012,0,vegetative growth,0.0,0.0,505027.7802561831,"No flood expected in Aweil East this week (q50 0.0 km²). Routine monitoring. (Aweil East maps ~505,028 cattle in baseline.)"
2009-05-18,Aweil North,0.0,0.01,0,vegetative growth,0.0,0.0,463800.5038861725,"No flood expected in Aweil North this week (q50 0.0 km²). Routine monitoring. (Aweil North maps ~463,801 cattle in baseline.)"
2009-05-18,Aweil South,0.0,0.015,0,vegetative growth,0.0,0.0,141256.8006910938,"No flood expected in Aweil South this week (q50 0.0 km²). Routine monitoring. (Aweil South maps ~141,257 cattle in baseline.)"
2009-05-18,Aweil West,0.0,0.011,0,vegetative growth,0.0,0.0,318964.9515941321,"No flood expected in Aweil West this week (q50 0.0 km²). Routine monitoring. (Aweil West maps ~318,965 cattle in baseline.)"
2009-05-25,Aweil Centre,0.0,0.012,3,vegetative growth,0.0,0.0,364961.8333817694,"SEVERE flood expected in Aweil Centre this week: q50 0.0 km², above the 95th percentile of all May weeks since 2000. Vegetative growth: crops are at peak water demand — short flooding can be tolerated, sustained submergence is not. (Aweil Centre maps ~364,962 cattle in baseline.)"
2009-05-25,Aweil East,0.03,0.012,0,vegetative growth,0.0,0.0,505027.7802561831,"No flood expected in Aweil East this week (q50 0.0 km²). Routine monitoring. (Aweil East maps ~505,028 cattle in baseline.)"
2009-05-25,Aweil North,0.0,0.01,0,vegetative growth,0.0,0.0,463800.5038861725,"No flood expected in Aweil North this week (q50 0.0 km²). Routine monitoring. (Aweil North maps ~463,801 cattle in baseline.)"
2009-05-25,Aweil South,0.01,0.082,3,vegetative growth,0.0,0.0,141256.8006910938,"SEVERE flood expected in Aweil South this week: q50 0.0 km², above the 95th percentile of all May weeks since 2000. Vegetative growth: crops are at peak water demand — short flooding can be tolerated, sustained submergence is not. (Aweil South maps ~141,257 cattle in baseline.)"
2009-05-25,Aweil West,0.0,0.011,0,vegetative growth,0.0,0.0,318964.9515941321,"No flood expected in Aweil West this week (q50 0.0 km²). Routine monitoring. (Aweil West maps ~318,965 cattle in baseline.)"
2009-06-01,Aweil Centre,0.0,0.013,0,vegetative growth (peak),0.0,0.0,364961.8333817694,"No flood expected in Aweil Centre this week (q50 0.0 km²). Routine monitoring. (Aweil Centre maps ~364,962 cattle in baseline.)"
2009-06-01,Aweil East,0.03,0.013,0,vegetative growth (peak),0.0,0.0,505027.7802561831,"No flood expected in Aweil East this week (q50 0.0 km²). Routine monitoring. (Aweil East maps ~505,028 cattle in baseline.)"
2009-06-01,Aweil North,0.0,0.012,0,vegetative growth (peak),0.0,0.0,463800.5038861725,"No flood expected in Aweil North this week (q50 0.0 km²). Routine monitoring. (Aweil North maps ~463,801 cattle in baseline.)"
2009-06-01,Aweil South,0.0,0.019,0,vegetative growth (peak),0.0,0.0,141256.8006910938,"No flood expected in Aweil South this week (q50 0.0 km²). Routine monitoring. (Aweil South maps ~141,257 cattle in baseline.)"
2009-06-01,Aweil West,0.0,0.012,0,vegetative growth (peak),0.0,0.0,318964.9515941321,"No flood expected in Aweil West this week (q50 0.0 km²). Routine monitoring. (Aweil West maps ~318,965 cattle in baseline.)"
2009-06-08,Aweil Centre,0.0,0.013,0,vegetative growth (peak),0.0,0.0,364961.8333817694,"No flood expected in Aweil Centre this week (q50 0.0 km²). Routine monitoring. (Aweil Centre maps ~364,962 cattle in baseline.)"
2009-06-08,Aweil East,0.0,0.013,0,vegetative growth (peak),0.0,0.0,505027.7802561831,"No flood expected in Aweil East this week (q50 0.0 km²). Routine monitoring. (Aweil East maps ~505,028 cattle in baseline.)"
2009-06-08,Aweil North,0.0,0.012,0,vegetative growth (peak),0.0,0.0,463800.5038861725,"No flood expected in Aweil North this week (q50 0.0 km²). Routine monitoring. (Aweil North maps ~463,801 cattle in baseline.)"
2009-06-08,Aweil South,0.0,0.018,0,vegetative growth (peak),0.0,0.0,141256.8006910938,"No flood expected in Aweil South this week (q50 0.0 km²). Routine monitoring. (Aweil South maps ~141,257 cattle in baseline.)"
2009-06-08,Aweil West,0.0,0.012,0,vegetative growth (peak),0.0,0.0,318964.9515941321,"No flood expected in Aweil West this week (q50 0.0 km²). Routine monitoring. (Aweil West maps ~318,965 cattle in baseline.)"
2009-06-15,Aweil Centre,0.0,0.013,0,vegetative growth (peak),0.0,0.0,364961.8333817694,"No flood expected in Aweil Centre this week (q50 0.0 km²). Routine monitoring. (Aweil Centre maps ~364,962 cattle in baseline.)"
2009-06-15,Aweil East,0.0,0.013,0,vegetative growth (peak),0.0,0.0,505027.7802561831,"No flood expected in Aweil East this week (q50 0.0 km²). Routine monitoring. (Aweil East maps ~505,028 cattle in baseline.)"
2009-06-15,Aweil North,0.0,0.012,0,vegetative growth (peak),0.0,0.0,463800.5038861725,"No flood expected in Aweil North this week (q50 0.0 km²). Routine monitoring. (Aweil North maps ~463,801 cattle in baseline.)"
2009-06-15,Aweil South,0.0,0.018,0,vegetative growth (peak),0.0,0.0,141256.8006910938,"No flood expected in Aweil South this week (q50 0.0 km²). Routine monitoring. (Aweil South maps ~141,257 cattle in baseline.)"
2009-06-15,Aweil West,0.0,0.012,0,vegetative growth (peak),0.0,0.0,318964.9515941321,"No flood expected in Aweil West this week (q50 0.0 km²). Routine monitoring. (Aweil West maps ~318,965 cattle in baseline.)"
2009-06-22,Aweil Centre,0.0,0.016,0,vegetative growth (peak),0.0,0.0,364961.8333817694,"No flood expected in Aweil Centre this week (q50 0.0 km²). Routine monitoring. (Aweil Centre maps ~364,962 cattle in baseline.)"
2009-06-22,Aweil East,0.0,0.017,0,vegetative growth (peak),0.0,0.0,505027.7802561831,"No flood expected in Aweil East this week (q50 0.0 km²). Routine monitoring. (Aweil East maps ~505,028 cattle in baseline.)"
2009-06-22,Aweil North,0.0,0.013,0,vegetative growth (peak),0.0,0.0,463800.5038861725,"No flood expected in Aweil North this week (q50 0.0 km²). Routine monitoring. (Aweil North maps ~463,801 cattle in baseline.)"
2009-06-22,Aweil South,0.0,0.02,0,vegetative growth (peak),0.0,0.0,141256.8006910938,"No flood expected in Aweil South this week (q50 0.0 km²). Routine monitoring. (Aweil South maps ~141,257 cattle in baseline.)"
2009-06-22,Aweil West,0.0,0.015,0,vegetative growth (peak),0.0,0.0,318964.9515941321,"No flood expected in Aweil West this week (q50 0.0 km²). Routine monitoring. (Aweil West maps ~318,965 cattle in baseline.)"
2009-06-29,Aweil Centre,0.0,0.035,3,vegetative growth (peak),0.0,0.0,364961.8333817694,"SEVERE flood expected in Aweil Centre this week: q50 0.0 km², above the 95th percentile of all June weeks since 2000. Vegetative growth (peak): crops are at peak water demand — short flooding can be tolerated, sustained submergence is not. (Aweil Centre maps ~364,962 cattle in baseline.)"
2009-06-29,Aweil East,0.0,0.037,0,vegetative growth (peak),0.0,0.0,505027.7802561831,"No flood expected in Aweil East this week (q50 0.0 km²). Routine monitoring. (Aweil East maps ~505,028 cattle in baseline.)"
2009-06-29,Aweil North,0.0,0.028,0,vegetative growth (peak),0.0,0.0,463800.5038861725,"No flood expected in Aweil North this week (q50 0.0 km²). Routine monitoring. (Aweil North maps ~463,801 cattle in baseline.)"
2009-06-29,Aweil South,0.0,0.044,0,vegetative growth (peak),0.0,0.0,141256.8006910938,"No flood expected in Aweil South this week (q50 0.0 km²). Routine monitoring. (Aweil South maps ~141,257 cattle in baseline.)"
2009-06-29,Aweil West,0.0,0.033,0,vegetative growth (peak),0.0,0.0,318964.9515941321,"No flood expected in Aweil West this week (q50 0.0 km²). Routine monitoring. (Aweil West maps ~318,965 cattle in baseline.)"
2009-07-06,Aweil Centre,0.0,0.037,3,vegetative growth (peak),0.0,0.0,364961.8333817694,"SEVERE flood expected in Aweil Centre this week: q50 0.0 km², above the 95th percentile of all July weeks since 2000. Vegetative growth (peak): crops are at peak water demand — short flooding can be tolerated, sustained submergence is not. (Aweil Centre maps ~364,962 cattle in baseline.)"
2009-07-06,Aweil East,0.0,0.042,0,vegetative growth (peak),0.0,0.0,505027.7802561831,"No flood expected in Aweil East this week (q50 0.0 km²). Routine monitoring. (Aweil East maps ~505,028 cattle in baseline.)"
2009-07-06,Aweil North,0.0,0.025,0,vegetative growth (peak),0.0,0.0,463800.5038861725,"No flood expected in Aweil North this week (q50 0.0 km²). Routine monitoring. (Aweil North maps ~463,801 cattle in baseline.)"
2009-07-06,Aweil South,0.0,0.03,0,vegetative growth (peak),0.0,0.0,141256.8006910938,"No flood expected in Aweil South this week (q50 0.0 km²). Routine monitoring. (Aweil South maps ~141,257 cattle in baseline.)"
2009-07-06,Aweil West,0.0,0.03,0,vegetative growth (peak),0.0,0.0,318964.9515941321,"No flood expected in Aweil West this week (q50 0.0 km²). Routine monitoring. (Aweil West maps ~318,965 cattle in baseline.)"
2009-07-13,Aweil Centre,0.0,0.043,3,vegetative growth (peak),0.0,0.0,364961.8333817694,"SEVERE flood expected in Aweil Centre this week: q50 0.0 km², above the 95th percentile of all July weeks since 2000. Vegetative growth (peak): crops are at peak water demand — short flooding can be tolerated, sustained submergence is not. (Aweil Centre maps ~364,962 cattle in baseline.)"
2009-07-13,Aweil East,0.0,0.061,0,vegetative growth (peak),0.0,0.0,505027.7802561831,"No flood expected in Aweil East this week (q50 0.0 km²). Routine monitoring. (Aweil East maps ~505,028 cattle in baseline.)"
2009-07-13,Aweil North,0.0,0.029,3,vegetative growth (peak),0.0,0.0,463800.5038861725,"SEVERE flood expected in Aweil North this week: q50 0.0 km², above the 95th percentile of all July weeks since 2000. Vegetative growth (peak): crops are at peak water demand — short flooding can be tolerated, sustained submergence is not. (Aweil North maps ~463,801 cattle in baseline.)"
2009-07-13,Aweil South,0.0,0.033,0,vegetative growth (peak),0.0,0.0,141256.8006910938,"No flood expected in Aweil South this week (q50 0.0 km²). Routine monitoring. (Aweil South maps ~141,257 cattle in baseline.)"
2009-07-13,Aweil West,0.0,0.038,0,vegetative growth (peak),0.0,0.0,318964.9515941321,"No flood expected in Aweil West this week (q50 0.0 km²). Routine monitoring. (Aweil West maps ~318,965 cattle in baseline.)"
2009-07-20,Aweil Centre,0.0,0.031,0,vegetative growth (peak),0.0,0.0,364961.8333817694,"No flood expected in Aweil Centre this week (q50 0.0 km²). Routine monitoring. (Aweil Centre maps ~364,962 cattle in baseline.)"
2009-07-20,Aweil East,0.0,0.041,0,vegetative growth (peak),0.0,0.0,505027.7802561831,"No flood expected in Aweil East this week (q50 0.0 km²). Routine monitoring. (Aweil East maps ~505,028 cattle in baseline.)"
2009-07-20,Aweil North,0.0,0.02,3,vegetative growth (peak),0.0,0.0,463800.5038861725,"SEVERE flood expected in Aweil North this week: q50 0.0 km², above the 95th percentile of all July weeks since 2000. Vegetative growth (peak): crops are at peak water demand — short flooding can be tolerated, sustained submergence is not. (Aweil North maps ~463,801 cattle in baseline.)"
2009-07-20,Aweil South,0.0,0.021,0,vegetative growth (peak),0.0,0.0,141256.8006910938,"No flood expected in Aweil South this week (q50 0.0 km²). Routine monitoring. (Aweil South maps ~141,257 cattle in baseline.)"
2009-07-20,Aweil West,0.09,0.124,3,vegetative growth (peak),0.0,0.0,318964.9515941321,"SEVERE flood expected in Aweil West this week: q50 0.1 km², above the 95th percentile of all July weeks since 2000. Vegetative growth (peak): crops are at peak water demand — short flooding can be tolerated, sustained submergence is not. (Aweil West maps ~318,965 cattle in baseline.)"
2009-07-27,Aweil Centre,0.0,0.038,3,vegetative growth (peak),0.0,0.0,364961.8333817694,"SEVERE flood expected in Aweil Centre this week: q50 0.0 km², above the 95th percentile of all July weeks since 2000. Vegetative growth (peak): crops are at peak water demand — short flooding can be tolerated, sustained submergence is not. (Aweil Centre maps ~364,962 cattle in baseline.)"
2009-07-27,Aweil East,0.0,0.044,0,vegetative growth (peak),0.0,0.0,505027.7802561831,"No flood expected in Aweil East this week (q50 0.0 km²). Routine monitoring. (Aweil East maps ~505,028 cattle in baseline.)"
2009-07-27,Aweil North,0.0,0.017,3,vegetative growth (peak),0.0,0.0,463800.5038861725,"SEVERE flood expected in Aweil North this week: q50 0.0 km², above the 95th percentile of all July weeks since 2000. Vegetative growth (peak): crops are at peak water demand — short flooding can be tolerated, sustained submergence is not. (Aweil North maps ~463,801 cattle in baseline.)"
2009-07-27,Aweil South,0.0,0.014,0,vegetative growth (peak),0.0,0.0,141256.8006910938,"No flood expected in Aweil South this week (q50 0.0 km²). Routine monitoring. (Aweil South maps ~141,257 cattle in baseline.)"
2009-07-27,Aweil West,0.01,0.055,3,vegetative growth (peak),0.0,0.0,318964.9515941321,"SEVERE flood expected in Aweil West this week: q50 0.0 km², above the 95th percentile of all July weeks since 2000. Vegetative growth (peak): crops are at peak water demand — short flooding can be tolerated, sustained submergence is not. (Aweil West maps ~318,965 cattle in baseline.)"
2009-08-03,Aweil Centre,0.0,0.048,0,maturation,0.0,0.0,364961.8333817694,"No flood expected in Aweil Centre this week (q50 0.0 km²). Routine monitoring. (Aweil Centre maps ~364,962 cattle in baseline.)"
2009-08-03,Aweil East,0.0,0.054,0,maturation,0.0,0.0,505027.7802561831,"No flood expected in Aweil East this week (q50 0.0 km²). Routine monitoring. (Aweil East maps ~505,028 cattle in baseline.)"
2009-08-03,Aweil North,0.0,0.013,0,maturation,0.0,0.0,463800.5038861725,"No flood expected in Aweil North this week (q50 0.0 km²). Routine monitoring. (Aweil North maps ~463,801 cattle in baseline.)"
2009-08-03,Aweil South,0.0,0.015,0,maturation,0.0,0.0,141256.8006910938,"No flood expected in Aweil South this week (q50 0.0 km²). Routine monitoring. (Aweil South maps ~141,257 cattle in baseline.)"
2009-08-03,Aweil West,0.09,0.072,0,maturation,0.0,0.0,318964.9515941321,"No flood expected in Aweil West this week (q50 0.1 km²). Routine monitoring. (Aweil West maps ~318,965 cattle in baseline.)"
2009-08-10,Aweil Centre,0.0,0.077,0,maturation,0.0,0.0,364961.8333817694,"No flood expected in Aweil Centre this week (q50 0.0 km²). Routine monitoring. (Aweil Centre maps ~364,962 cattle in baseline.)"
2009-08-10,Aweil East,0.19,0.084,0,maturation,0.0,0.0,505027.7802561831,"No flood expected in Aweil East this week (q50 0.2 km²). Routine monitoring. (Aweil East maps ~505,028 cattle in baseline.)"
2009-08-10,Aweil North,0.0,0.019,0,maturation,0.0,0.0,463800.5038861725,"No flood expected in Aweil North this week (q50 0.0 km²). Routine monitoring. (Aweil North maps ~463,801 cattle in baseline.)"
2009-08-10,Aweil South,0.0,0.018,0,maturation,0.0,0.0,141256.8006910938,"No flood expected in Aweil South this week (q50 0.0 km²). Routine monitoring. (Aweil South maps ~141,257 cattle in baseline.)"
2009-08-10,Aweil West,0.04,0.056,0,maturation,0.0,0.0,318964.9515941321,"No flood expected in Aweil West this week (q50 0.0 km²). Routine monitoring. (Aweil West maps ~318,965 cattle in baseline.)"
2009-08-17,Aweil Centre,0.17,0.526,0,maturation,0.0,0.0,364961.8333817694,"SEVERE flood expected in Aweil Centre this week: q50 0.2 km², above the 95th percentile of all August weeks since 2000. (Aweil Centre maps ~364,962 cattle in baseline.)"
2009-08-17,Aweil East,0.71,0.549,0,maturation,0.0,0.0,505027.7802561831,"SEVERE flood expected in Aweil East this week: q50 0.7 km², above the 95th percentile of all August weeks since 2000. (Aweil East maps ~505,028 cattle in baseline.)"
2009-08-17,Aweil North,0.03,0.119,3,maturation,0.0,0.0,463800.5038861725,"SEVERE flood expected in Aweil North this week: q50 0.0 km², above the 95th percentile of all August weeks since 2000. Maturation: grain is filling; flooding now damages the yield that is already banked. (Aweil North maps ~463,801 cattle in baseline.)"
2009-08-17,Aweil South,0.03,0.117,0,maturation,0.0,0.0,141256.8006910938,"No flood expected in Aweil South this week (q50 0.0 km²). Routine monitoring. (Aweil South maps ~141,257 cattle in baseline.)"
2009-08-17,Aweil West,0.04,0.312,0,maturation,0.0,0.0,318964.9515941321,"No flood expected in Aweil West this week (q50 0.0 km²). Routine monitoring. (Aweil West maps ~318,965 cattle in baseline.)"
2009-08-24,Aweil Centre,0.53,0.833,2,maturation,0.0,0.0,364961.8333817694,"High flood risk in Aweil Centre this week: q50 0.5 km², above most August weeks since 2000. Maturation: grain is filling; flooding now damages the yield that is already banked. (Aweil Centre maps ~364,962 cattle in baseline.)"
2009-08-24,Aweil East,1.36,0.703,0,maturation,0.0,0.0,505027.7802561831,"SEVERE flood expected in Aweil East this week: q50 1.4 km², above the 95th percentile of all August weeks since 2000. (Aweil East maps ~505,028 cattle in baseline.)"
2009-08-24,Aweil North,0.01,0.109,0,maturation,0.0,0.0,463800.5038861725,"No flood expected in Aweil North this week (q50 0.0 km²). Routine monitoring. (Aweil North maps ~463,801 cattle in baseline.)"
2009-08-24,Aweil South,0.03,0.111,0,maturation,0.0,0.0,141256.8006910938,"No flood expected in Aweil South this week (q50 0.0 km²). Routine monitoring. (Aweil South maps ~141,257 cattle in baseline.)"
2009-08-24,Aweil West,0.47,0.716,0,maturation,0.0,0.0,318964.9515941321,"SEVERE flood expected in Aweil West this week: q50 0.5 km², above the 95th percentile of all August weeks since 2000. (Aweil West maps ~318,965 cattle in baseline.)"
2009-08-31,Aweil Centre,0.83,0.777,2,maturation,0.0,0.0,364961.8333817694,"High flood risk in Aweil Centre this week: q50 0.8 km², above most August weeks since 2000. Maturation: grain is filling; flooding now damages the yield that is already banked. (Aweil Centre maps ~364,962 cattle in baseline.)"
2009-08-31,Aweil East,2.34,0.757,0,maturation,0.0,0.0,505027.7802561831,"SEVERE flood expected in Aweil East this week: q50 2.3 km², above the 95th percentile of all August weeks since 2000. (Aweil East maps ~505,028 cattle in baseline.)"
2009-08-31,Aweil North,0.06,0.099,3,maturation,0.0,0.0,463800.5038861725,"SEVERE flood expected in Aweil North this week: q50 0.1 km², above the 95th percentile of all August weeks since 2000. Maturation: grain is filling; flooding now damages the yield that is already banked. (Aweil North maps ~463,801 cattle in baseline.)"
2009-08-31,Aweil South,0.02,0.108,0,maturation,0.0,0.0,141256.8006910938,"No flood expected in Aweil South this week (q50 0.0 km²). Routine monitoring. (Aweil South maps ~141,257 cattle in baseline.)"
2009-08-31,Aweil West,1.33,0.711,2,maturation,0.0,0.0,318964.9515941321,"High flood risk in Aweil West this week: q50 1.3 km², above most August weeks since 2000. Maturation: grain is filling; flooding now damages the yield that is already banked. (Aweil West maps ~318,965 cattle in baseline.)"
2009-09-07,Aweil Centre,0.15,0.867,0,maturation / grain filling,0.0,19.5,364961.8333817694,"SEVERE flood expected in Aweil Centre this week: q50 0.2 km², above the 95th percentile of all September weeks since 2000. Approx. 20 ha of rangeland at risk; plan early herd movement. (Aweil Centre maps ~364,962 cattle in baseline.)"
2009-09-07,Aweil East,15.4,0.875,0,maturation / grain filling,44.1,1822.3,505027.7802561831,"SEVERE flood expected in Aweil East this week: q50 15.4 km², above the 95th percentile of all September weeks since 2000. Approx. 44 ha of mapped crops in the Aweil East floodplain are at risk. Approx. 1,822 ha of rangeland at risk; plan early herd movement. (Aweil East maps ~505,028 cattle in baseline.)"
2009-09-07,Aweil North,0.12,0.104,0,maturation / grain filling,1.8,93.3,463800.5038861725,"No flood expected in Aweil North this week (q50 0.1 km²). Routine monitoring. Approx. 2 ha of mapped crops in the Aweil North floodplain are at risk. Approx. 93 ha of rangeland at risk; plan early herd movement. (Aweil North maps ~463,801 cattle in baseline.)"
2009-09-07,Aweil South,0.52,0.33,0,maturation / grain filling,11.6,312.5,141256.8006910938,"No flood expected in Aweil South this week (q50 0.5 km²). Routine monitoring. Approx. 12 ha of mapped crops in the Aweil South floodplain are at risk. Approx. 313 ha of rangeland at risk; plan early herd movement. (Aweil South maps ~141,257 cattle in baseline.)"
2009-09-07,Aweil West,4.39,0.892,0,maturation / grain filling,31.8,2016.9,318964.9515941321,"SEVERE flood expected in Aweil West this week: q50 4.4 km², above the 95th percentile of all September weeks since 2000. Approx. 32 ha of mapped crops in the Aweil West floodplain are at risk. Approx. 2,017 ha of rangeland at risk; plan early herd movement. (Aweil West maps ~318,965 cattle in baseline.)"
2009-09-14,Aweil Centre,2.2,0.899,0,maturation / grain filling,0.0,284.5,364961.8333817694,"SEVERE flood expected in Aweil Centre this week: q50 2.2 km², above the 95th percentile of all September weeks since 2000. Approx. 284 ha of rangeland at risk; plan early herd movement. (Aweil Centre maps ~364,962 cattle in baseline.)"
2009-09-14,Aweil East,6.0,0.894,0,maturation / grain filling,17.2,710.1,505027.7802561831,"SEVERE flood expected in Aweil East this week: q50 6.0 km², above the 95th percentile of all September weeks since 2000. Approx. 17 ha of mapped crops in the Aweil East floodplain are at risk. Approx. 710 ha of rangeland at risk; plan early herd movement. (Aweil East maps ~505,028 cattle in baseline.)"
2009-09-14,Aweil North,0.62,0.254,0,maturation / grain filling,9.2,480.2,463800.5038861725,"No flood expected in Aweil North this week (q50 0.6 km²). Routine monitoring. Approx. 9 ha of mapped crops in the Aweil North floodplain are at risk. Approx. 480 ha of rangeland at risk; plan early herd movement. (Aweil North maps ~463,801 cattle in baseline.)"
2009-09-14,Aweil South,0.38,0.298,0,maturation / grain filling,8.5,228.6,141256.8006910938,"No flood expected in Aweil South this week (q50 0.4 km²). Routine monitoring. Approx. 9 ha of mapped crops in the Aweil South floodplain are at risk. Approx. 229 ha of rangeland at risk; plan early herd movement. (Aweil South maps ~141,257 cattle in baseline.)"
2009-09-14,Aweil West,1.99,0.846,0,maturation / grain filling,14.4,911.8,318964.9515941321,"SEVERE flood expected in Aweil West this week: q50 2.0 km², above the 95th percentile of all September weeks since 2000. Approx. 14 ha of mapped crops in the Aweil West floodplain are at risk. Approx. 912 ha of rangeland at risk; plan early herd movement. (Aweil West maps ~318,965 cattle in baseline.)"
2009-09-21,Aweil Centre,3.63,0.83,0,maturation / grain filling,0.0,470.4,364961.8333817694,"SEVERE flood expected in Aweil Centre this week: q50 3.6 km², above the 95th percentile of all September weeks since 2000. Approx. 470 ha of rangeland at risk; plan early herd movement. (Aweil Centre maps ~364,962 cattle in baseline.)"
2009-09-21,Aweil East,10.12,0.913,0,maturation / grain filling,29.0,1198.1,505027.7802561831,"SEVERE flood expected in Aweil East this week: q50 10.1 km², above the 95th percentile of all September weeks since 2000. Approx. 29 ha of mapped crops in the Aweil East floodplain are at risk. Approx. 1,198 ha of rangeland at risk; plan early herd movement. (Aweil East maps ~505,028 cattle in baseline.)"
2009-09-21,Aweil North,0.69,0.254,0,maturation / grain filling,10.2,533.5,463800.5038861725,"No flood expected in Aweil North this week (q50 0.7 km²). Routine monitoring. Approx. 10 ha of mapped crops in the Aweil North floodplain are at risk. Approx. 533 ha of rangeland at risk; plan early herd movement. (Aweil North maps ~463,801 cattle in baseline.)"
2009-09-21,Aweil South,1.31,0.598,0,maturation / grain filling,29.6,794.9,141256.8006910938,"SEVERE flood expected in Aweil South this week: q50 1.3 km², above the 95th percentile of all September weeks since 2000. Approx. 30 ha of mapped crops in the Aweil South floodplain are at risk. Approx. 795 ha of rangeland at risk; plan early herd movement. (Aweil South maps ~141,257 cattle in baseline.)"
2009-09-21,Aweil West,2.94,0.719,0,maturation / grain filling,21.3,1349.5,318964.9515941321,"SEVERE flood expected in Aweil West this week: q50 2.9 km², above the 95th percentile of all September weeks since 2000. Approx. 21 ha of mapped crops in the Aweil West floodplain are at risk. Approx. 1,349 ha of rangeland at risk; plan early herd movement. (Aweil West maps ~318,965 cattle in baseline.)"
2009-09-28,Aweil Centre,4.9,0.895,2,maturation / grain filling,0.0,633.8,364961.8333817694,"High flood risk in Aweil Centre this week: q50 4.9 km², above most September weeks since 2000. Maturation / grain filling: grain is filling; flooding now damages the yield that is already banked. Approx. 634 ha of rangeland at risk; plan early herd movement. (Aweil Centre maps ~364,962 cattle in baseline.)"
2009-09-28,Aweil East,13.0,0.933,0,maturation / grain filling,37.3,1538.7,505027.7802561831,"SEVERE flood expected in Aweil East this week: q50 13.0 km², above the 95th percentile of all September weeks since 2000. Approx. 37 ha of mapped crops in the Aweil East floodplain are at risk. Approx. 1,539 ha of rangeland at risk; plan early herd movement. (Aweil East maps ~505,028 cattle in baseline.)"
2009-09-28,Aweil North,1.14,0.313,2,maturation / grain filling,16.9,887.9,463800.5038861725,"High flood risk in Aweil North this week: q50 1.1 km², above most September weeks since 2000. Maturation / grain filling: grain is filling; flooding now damages the yield that is already banked. Approx. 17 ha of mapped crops in the Aweil North floodplain are at risk. Approx. 888 ha of rangeland at risk; plan early herd movement. (Aweil North maps ~463,801 cattle in baseline.)"
2009-09-28,Aweil South,1.7,0.498,0,maturation / grain filling,38.5,1033.7,141256.8006910938,"No flood expected in Aweil South this week (q50 1.7 km²). Routine monitoring. Approx. 38 ha of mapped crops in the Aweil South floodplain are at risk. Approx. 1,034 ha of rangeland at risk; plan early herd movement. (Aweil South maps ~141,257 cattle in baseline.)"
2009-09-28,Aweil West,4.29,0.895,0,maturation / grain filling,31.1,1968.7,318964.9515941321,"SEVERE flood expected in Aweil West this week: q50 4.3 km², above the 95th percentile of all September weeks since 2000. Approx. 31 ha of mapped crops in the Aweil West floodplain are at risk. Approx. 1,969 ha of rangeland at risk; plan early herd movement. (Aweil West maps ~318,965 cattle in baseline.)"
2009-10-05,Aweil Centre,2.66,0.899,0,harvest,0.0,135.5,364961.8333817694,"SEVERE flood expected in Aweil Centre this week: q50 2.7 km², above the 95th percentile of all October weeks since 2000. Approx. 136 ha of rangeland at risk; plan early herd movement. (Aweil Centre maps ~364,962 cattle in baseline.)"
2009-10-05,Aweil East,27.57,0.956,0,harvest,355.5,4086.4,505027.7802561831,"SEVERE flood expected in Aweil East this week: q50 27.6 km², above the 95th percentile of all October weeks since 2000. Approx. 355 ha of mapped crops in the Aweil East floodplain are at risk. Approx. 4,086 ha of rangeland at risk; plan early herd movement. (Aweil East maps ~505,028 cattle in baseline.)"
2009-10-05,Aweil North,0.45,0.498,0,harvest,22.7,566.3,463800.5038861725,"No flood expected in Aweil North this week (q50 0.4 km²). Routine monitoring. Approx. 23 ha of mapped crops in the Aweil North floodplain are at risk. Approx. 566 ha of rangeland at risk; plan early herd movement. (Aweil North maps ~463,801 cattle in baseline.)"
2009-10-05,Aweil South,0.9,0.753,0,harvest,22.9,362.4,141256.8006910938,"SEVERE flood expected in Aweil South this week: q50 0.9 km², above the 95th percentile of all October weeks since 2000. Approx. 23 ha of mapped crops in the Aweil South floodplain are at risk. Approx. 362 ha of rangeland at risk; plan early herd movement. (Aweil South maps ~141,257 cattle in baseline.)"
2009-10-05,Aweil West,2.46,0.836,0,harvest,28.4,1325.8,318964.9515941321,"SEVERE flood expected in Aweil West this week: q50 2.5 km², above the 95th percentile of all October weeks since 2000. Approx. 28 ha of mapped crops in the Aweil West floodplain are at risk. Approx. 1,326 ha of rangeland at risk; plan early herd movement. (Aweil West maps ~318,965 cattle in baseline.)"
2009-10-12,Aweil Centre,0.39,0.808,0,harvest,0.0,19.9,364961.8333817694,"SEVERE flood expected in Aweil Centre this week: q50 0.4 km², above the 95th percentile of all October weeks since 2000. Approx. 20 ha of rangeland at risk; plan early herd movement. (Aweil Centre maps ~364,962 cattle in baseline.)"
2009-10-12,Aweil East,25.64,0.957,0,harvest,330.5,3800.0,505027.7802561831,"SEVERE flood expected in Aweil East this week: q50 25.6 km², above the 95th percentile of all October weeks since 2000. Approx. 331 ha of mapped crops in the Aweil East floodplain are at risk. Approx. 3,800 ha of rangeland at risk; plan early herd movement. (Aweil East maps ~505,028 cattle in baseline.)"
2009-10-12,Aweil North,0.19,0.337,0,harvest,9.5,236.4,463800.5038861725,"No flood expected in Aweil North this week (q50 0.2 km²). Routine monitoring. Approx. 9 ha of mapped crops in the Aweil North floodplain are at risk. Approx. 236 ha of rangeland at risk; plan early herd movement. (Aweil North maps ~463,801 cattle in baseline.)"
2009-10-12,Aweil South,0.61,0.691,0,harvest,15.5,246.3,141256.8006910938,"SEVERE flood expected in Aweil South this week: q50 0.6 km², above the 95th percentile of all October weeks since 2000. Approx. 16 ha of mapped crops in the Aweil South floodplain are at risk. Approx. 246 ha of rangeland at risk; plan early herd movement. (Aweil South maps ~141,257 cattle in baseline.)"
2009-10-12,Aweil West,1.73,0.84,0,harvest,20.0,932.9,318964.9515941321,"SEVERE flood expected in Aweil West this week: q50 1.7 km², above the 95th percentile of all October weeks since 2000. Approx. 20 ha of mapped crops in the Aweil West floodplain are at risk. Approx. 933 ha of rangeland at risk; plan early herd movement. (Aweil West maps ~318,965 cattle in baseline.)"
2009-10-19,Aweil Centre,2.79,0.87,0,harvest,0.0,142.0,364961.8333817694,"SEVERE flood expected in Aweil Centre this week: q50 2.8 km², above the 95th percentile of all October weeks since 2000. Approx. 142 ha of rangeland at risk; plan early herd movement. (Aweil Centre maps ~364,962 cattle in baseline.)"
2009-10-19,Aweil East,14.14,0.933,0,harvest,182.3,2096.1,505027.7802561831,"SEVERE flood expected in Aweil East this week: q50 14.1 km², above the 95th percentile of all October weeks since 2000. Approx. 182 ha of mapped crops in the Aweil East floodplain are at risk. Approx. 2,096 ha of rangeland at risk; plan early herd movement. (Aweil East maps ~505,028 cattle in baseline.)"
2009-10-19,Aweil North,0.2,0.292,0,harvest,10.3,256.2,463800.5038861725,"No flood expected in Aweil North this week (q50 0.2 km²). Routine monitoring. Approx. 10 ha of mapped crops in the Aweil North floodplain are at risk. Approx. 256 ha of rangeland at risk; plan early herd movement. (Aweil North maps ~463,801 cattle in baseline.)"
2009-10-19,Aweil South,0.59,0.63,0,harvest,15.0,237.8,141256.8006910938,"SEVERE flood expected in Aweil South this week: q50 0.6 km², above the 95th percentile of all October weeks since 2000. Approx. 15 ha of mapped crops in the Aweil South floodplain are at risk. Approx. 238 ha of rangeland at risk; plan early herd movement. (Aweil South maps ~141,257 cattle in baseline.)"
2009-10-19,Aweil West,2.01,0.755,0,harvest,23.2,1081.9,318964.9515941321,"SEVERE flood expected in Aweil West this week: q50 2.0 km², above the 95th percentile of all October weeks since 2000. Approx. 23 ha of mapped crops in the Aweil West floodplain are at risk. Approx. 1,082 ha of rangeland at risk; plan early herd movement. (Aweil West maps ~318,965 cattle in baseline.)"
2009-10-26,Aweil Centre,1.93,0.789,0,harvest,0.0,98.5,364961.8333817694,"SEVERE flood expected in Aweil Centre this week: q50 1.9 km², above the 95th percentile of all October weeks since 2000. Approx. 99 ha of rangeland at risk; plan early herd movement. (Aweil Centre maps ~364,962 cattle in baseline.)"
2009-10-26,Aweil East,31.75,0.938,0,harvest,409.3,4704.9,505027.7802561831,"SEVERE flood expected in Aweil East this week: q50 31.7 km², above the 95th percentile of all October weeks since 2000. Approx. 409 ha of mapped crops in the Aweil East floodplain are at risk. Approx. 4,705 ha of rangeland at risk; plan early herd movement. (Aweil East maps ~505,028 cattle in baseline.)"
2009-10-26,Aweil North,0.45,0.498,0,harvest,23.0,573.2,463800.5038861725,"No flood expected in Aweil North this week (q50 0.5 km²). Routine monitoring. Approx. 23 ha of mapped crops in the Aweil North floodplain are at risk. Approx. 573 ha of rangeland at risk; plan early herd movement. (Aweil North maps ~463,801 cattle in baseline.)"
2009-10-26,Aweil South,0.86,0.659,0,harvest,21.9,346.7,141256.8006910938,"SEVERE flood expected in Aweil South this week: q50 0.9 km², above the 95th percentile of all October weeks since 2000. Approx. 22 ha of mapped crops in the Aweil South floodplain are at risk. Approx. 347 ha of rangeland at risk; plan early herd movement. (Aweil South maps ~141,257 cattle in baseline.)"
2009-10-26,Aweil West,2.38,0.878,0,harvest,27.5,1281.5,318964.9515941321,"SEVERE flood expected in Aweil West this week: q50 2.4 km², above the 95th percentile of all October weeks since 2000. Approx. 27 ha of mapped crops in the Aweil West floodplain are at risk. Approx. 1,281 ha of rangeland at risk; plan early herd movement. (Aweil West maps ~318,965 cattle in baseline.)"
2009-11-02,Aweil Centre,0.0,0.836,0,harvest / drying,0.0,0.0,364961.8333817694,"SEVERE flood expected in Aweil Centre this week: q50 0.0 km², above the 95th percentile of all November weeks since 2000. (Aweil Centre maps ~364,962 cattle in baseline.)"
2009-11-02,Aweil East,8.38,0.924,0,harvest / drying,161.1,2107.9,505027.7802561831,"SEVERE flood expected in Aweil East this week: q50 8.4 km², above the 95th percentile of all November weeks since 2000. Approx. 161 ha of mapped crops in the Aweil East floodplain are at risk. Approx. 2,108 ha of rangeland at risk; plan early herd movement. (Aweil East maps ~505,028 cattle in baseline.)"
2009-11-02,Aweil North,0.0,0.546,0,harvest / drying,0.0,0.0,463800.5038861725,"SEVERE flood expected in Aweil North this week: q50 0.0 km², above the 95th percentile of all November weeks since 2000. (Aweil North maps ~463,801 cattle in baseline.)"
2009-11-02,Aweil South,0.0,0.597,0,harvest / drying,0.0,0.0,141256.8006910938,"SEVERE flood expected in Aweil South this week: q50 0.0 km², above the 95th percentile of all November weeks since 2000. (Aweil South maps ~141,257 cattle in baseline.)"
2009-11-02,Aweil West,0.0,0.675,0,harvest / drying,0.0,0.0,318964.9515941321,"SEVERE flood expected in Aweil West this week: q50 0.0 km², above the 95th percentile of all November weeks since 2000. (Aweil West maps ~318,965 cattle in baseline.)"
2009-11-09,Aweil Centre,0.45,0.685,0,harvest / drying,0.0,77.7,364961.8333817694,"SEVERE flood expected in Aweil Centre this week: q50 0.4 km², above the 95th percentile of all November weeks since 2000. Approx. 78 ha of rangeland at risk; plan early herd movement. (Aweil Centre maps ~364,962 cattle in baseline.)"
2009-11-09,Aweil East,2.35,0.809,0,harvest / drying,45.2,591.6,505027.7802561831,"SEVERE flood expected in Aweil East this week: q50 2.4 km², above the 95th percentile of all November weeks since 2000. Approx. 45 ha of mapped crops in the Aweil East floodplain are at risk. Approx. 592 ha of rangeland at risk; plan early herd movement. (Aweil East maps ~505,028 cattle in baseline.)"
2009-11-09,Aweil North,0.0,0.26,0,harvest / drying,0.0,0.0,463800.5038861725,"No flood expected in Aweil North this week (q50 0.0 km²). Routine monitoring. (Aweil North maps ~463,801 cattle in baseline.)"
2009-11-09,Aweil South,0.0,0.456,0,harvest / drying,0.0,0.0,141256.8006910938,"No flood expected in Aweil South this week (q50 0.0 km²). Routine monitoring. (Aweil South maps ~141,257 cattle in baseline.)"
2009-11-09,Aweil West,0.0,0.596,0,harvest / drying,0.0,0.0,318964.9515941321,"SEVERE flood expected in Aweil West this week: q50 0.0 km², above the 95th percentile of all November weeks since 2000. (Aweil West maps ~318,965 cattle in baseline.)"
2009-11-16,Aweil Centre,0.38,0.581,0,harvest / drying,0.0,66.3,364961.8333817694,"SEVERE flood expected in Aweil Centre this week: q50 0.4 km², above the 95th percentile of all November weeks since 2000. Approx. 66 ha of rangeland at risk; plan early herd movement. (Aweil Centre maps ~364,962 cattle in baseline.)"
2009-11-16,Aweil East,2.62,0.84,0,harvest / drying,50.4,659.1,505027.7802561831,"SEVERE flood expected in Aweil East this week: q50 2.6 km², above the 95th percentile of all November weeks since 2000. Approx. 50 ha of mapped crops in the Aweil East floodplain are at risk. Approx. 659 ha of rangeland at risk; plan early herd movement. (Aweil East maps ~505,028 cattle in baseline.)"
2009-11-16,Aweil North,0.0,0.336,0,harvest / drying,0.0,0.0,463800.5038861725,"No flood expected in Aweil North this week (q50 0.0 km²). Routine monitoring. (Aweil North maps ~463,801 cattle in baseline.)"
2009-11-16,Aweil South,0.04,0.312,0,harvest / drying,0.7,11.1,141256.8006910938,"No flood expected in Aweil South this week (q50 0.0 km²). Routine monitoring. Approx. 11 ha of rangeland at risk; plan early herd movement. (Aweil South maps ~141,257 cattle in baseline.)"
2009-11-16,Aweil West,0.0,0.377,0,harvest / drying,0.0,0.0,318964.9515941321,"No flood expected in Aweil West this week (q50 0.0 km²). Routine monitoring. (Aweil West maps ~318,965 cattle in baseline.)"
2009-11-23,Aweil Centre,0.36,0.553,0,harvest / drying,0.0,63.4,364961.8333817694,"SEVERE flood expected in Aweil Centre this week: q50 0.4 km², above the 95th percentile of all November weeks since 2000. Approx. 63 ha of rangeland at risk; plan early herd movement. (Aweil Centre maps ~364,962 cattle in baseline.)"
2009-11-23,Aweil East,2.22,0.579,0,harvest / drying,42.6,557.3,505027.7802561831,"SEVERE flood expected in Aweil East this week: q50 2.2 km², above the 95th percentile of all November weeks since 2000. Approx. 43 ha of mapped crops in the Aweil East floodplain are at risk. Approx. 557 ha of rangeland at risk; plan early herd movement. (Aweil East maps ~505,028 cattle in baseline.)"
2009-11-23,Aweil North,0.02,0.215,0,harvest / drying,5.9,227.2,463800.5038861725,"No flood expected in Aweil North this week (q50 0.0 km²). Routine monitoring. Approx. 6 ha of mapped crops in the Aweil North floodplain are at risk. Approx. 227 ha of rangeland at risk; plan early herd movement. (Aweil North maps ~463,801 cattle in baseline.)"
2009-11-23,Aweil South,0.05,0.3,0,harvest / drying,1.0,15.7,141256.8006910938,"No flood expected in Aweil South this week (q50 0.1 km²). Routine monitoring. Approx. 16 ha of rangeland at risk; plan early herd movement. (Aweil South maps ~141,257 cattle in baseline.)"
2009-11-23,Aweil West,0.03,0.314,0,harvest / drying,1.7,71.3,318964.9515941321,"No flood expected in Aweil West this week (q50 0.0 km²). Routine monitoring. Approx. 2 ha of mapped crops in the Aweil West floodplain are at risk. Approx. 71 ha of rangeland at risk; plan early herd movement. (Aweil West maps ~318,965 cattle in baseline.)"
2009-11-30,Aweil Centre,0.2,0.187,0,harvest / drying,0.0,35.6,364961.8333817694,"No flood expected in Aweil Centre this week (q50 0.2 km²). Routine monitoring. Approx. 36 ha of rangeland at risk; plan early herd movement. (Aweil Centre maps ~364,962 cattle in baseline.)"
2009-11-30,Aweil East,0.71,0.78,0,harvest / drying,13.6,177.6,505027.7802561831,"SEVERE flood expected in Aweil East this week: q50 0.7 km², above the 95th percentile of all November weeks since 2000. Approx. 14 ha of mapped crops in the Aweil East floodplain are at risk. Approx. 178 ha of rangeland at risk; plan early herd movement. (Aweil East maps ~505,028 cattle in baseline.)"
2009-11-30,Aweil North,0.0,0.047,0,harvest / drying,0.0,0.0,463800.5038861725,"No flood expected in Aweil North this week (q50 0.0 km²). Routine monitoring. (Aweil North maps ~463,801 cattle in baseline.)"
2009-11-30,Aweil South,0.03,0.08,0,harvest / drying,0.6,8.9,141256.8006910938,"No flood expected in Aweil South this week (q50 0.0 km²). Routine monitoring. Approx. 9 ha of rangeland at risk; plan early herd movement. (Aweil South maps ~141,257 cattle in baseline.)"
2009-11-30,Aweil West,0.01,0.085,0,harvest / drying,0.3,11.3,318964.9515941321,"No flood expected in Aweil West this week (q50 0.0 km²). Routine monitoring. Approx. 11 ha of rangeland at risk; plan early herd movement. (Aweil West maps ~318,965 cattle in baseline.)"
2009-12-07,Aweil Centre,0.05,0.091,0,dry season,0.0,26.6,364961.8333817694,"No flood expected in Aweil Centre this week (q50 0.0 km²). Routine monitoring. Approx. 27 ha of rangeland at risk; plan early herd movement. (Aweil Centre maps ~364,962 cattle in baseline.)"
2009-12-07,Aweil East,0.08,0.188,0,dry season,14.1,285.9,505027.7802561831,"No flood expected in Aweil East this week (q50 0.1 km²). Routine monitoring. Approx. 14 ha of mapped crops in the Aweil East floodplain are at risk. Approx. 286 ha of rangeland at risk; plan early herd movement. (Aweil East maps ~505,028 cattle in baseline.)"
2009-12-07,Aweil North,0.0,0.026,0,dry season,0.0,0.0,463800.5038861725,"No flood expected in Aweil North this week (q50 0.0 km²). Routine monitoring. (Aweil North maps ~463,801 cattle in baseline.)"
2009-12-07,Aweil South,0.03,0.044,0,dry season,1.5,29.9,141256.8006910938,"No flood expected in Aweil South this week (q50 0.0 km²). Routine monitoring. Approx. 1 ha of mapped crops in the Aweil South floodplain are at risk. Approx. 30 ha of rangeland at risk; plan early herd movement. (Aweil South maps ~141,257 cattle in baseline.)"
2009-12-07,Aweil West,0.0,0.047,3,dry season,0.0,212.0,318964.9515941321,"SEVERE flood expected in Aweil West this week: q50 0.0 km², above the 95th percentile of all December weeks since 2000. Dry season: little active cropping; floodplain grazing and residual flooding dominate. Approx. 212 ha of rangeland at risk; plan early herd movement. (Aweil West maps ~318,965 cattle in baseline.)"
2009-12-14,Aweil Centre,0.0,0.044,0,dry season,0.0,0.0,364961.8333817694,"No flood expected in Aweil Centre this week (q50 0.0 km²). Routine monitoring. (Aweil Centre maps ~364,962 cattle in baseline.)"
2009-12-14,Aweil East,0.01,0.146,0,dry season,1.3,25.8,505027.7802561831,"No flood expected in Aweil East this week (q50 0.0 km²). Routine monitoring. Approx. 1 ha of mapped crops in the Aweil East floodplain are at risk. Approx. 26 ha of rangeland at risk; plan early herd movement. (Aweil East maps ~505,028 cattle in baseline.)"
2009-12-14,Aweil North,0.0,0.02,0,dry season,0.0,0.0,463800.5038861725,"No flood expected in Aweil North this week (q50 0.0 km²). Routine monitoring. (Aweil North maps ~463,801 cattle in baseline.)"
2009-12-14,Aweil South,0.02,0.03,0,dry season,1.1,22.3,141256.8006910938,"No flood expected in Aweil South this week (q50 0.0 km²). Routine monitoring. Approx. 1 ha of mapped crops in the Aweil South floodplain are at risk. Approx. 22 ha of rangeland at risk; plan early herd movement. (Aweil South maps ~141,257 cattle in baseline.)"
2009-12-14,Aweil West,0.0,0.031,0,dry season,0.0,7.6,318964.9515941321,"No flood expected in Aweil West this week (q50 0.0 km²). Routine monitoring. Approx. 8 ha of rangeland at risk; plan early herd movement. (Aweil West maps ~318,965 cattle in baseline.)"
2009-12-21,Aweil Centre,0.01,0.068,0,dry season,0.0,3.3,364961.8333817694,"No flood expected in Aweil Centre this week (q50 0.0 km²). Routine monitoring. Approx. 3 ha of rangeland at risk; plan early herd movement. (Aweil Centre maps ~364,962 cattle in baseline.)"
2009-12-21,Aweil East,0.03,0.134,0,dry season,4.4,89.4,505027.7802561831,"No flood expected in Aweil East this week (q50 0.0 km²). Routine monitoring. Approx. 4 ha of mapped crops in the Aweil East floodplain are at risk. Approx. 89 ha of rangeland at risk; plan early herd movement. (Aweil East maps ~505,028 cattle in baseline.)"
2009-12-21,Aweil North,0.0,0.031,0,dry season,0.0,0.0,463800.5038861725,"No flood expected in Aweil North this week (q50 0.0 km²). Routine monitoring. (Aweil North maps ~463,801 cattle in baseline.)"
2009-12-21,Aweil South,0.02,0.051,0,dry season,1.2,23.4,141256.8006910938,"No flood expected in Aweil South this week (q50 0.0 km²). Routine monitoring. Approx. 1 ha of mapped crops in the Aweil South floodplain are at risk. Approx. 23 ha of rangeland at risk; plan early herd movement. (Aweil South maps ~141,257 cattle in baseline.)"
2009-12-21,Aweil West,0.0,0.048,0,dry season,0.0,0.0,318964.9515941321,"No flood expected in Aweil West this week (q50 0.0 km²). Routine monitoring. (Aweil West maps ~318,965 cattle in baseline.)"
2009-12-28,Aweil Centre,0.0,0.039,0,dry season,0.0,1.2,364961.8333817694,"No flood expected in Aweil Centre this week (q50 0.0 km²). Routine monitoring. Approx. 1 ha of rangeland at risk; plan early herd movement. (Aweil Centre maps ~364,962 cattle in baseline.)"
2009-12-28,Aweil East,0.0,0.04,0,dry season,0.0,0.0,505027.7802561831,"No flood expected in Aweil East this week (q50 0.0 km²). Routine monitoring. (Aweil East maps ~505,028 cattle in baseline.)"
2009-12-28,Aweil North,0.0,0.029,0,dry season,0.0,0.0,463800.5038861725,"No flood expected in Aweil North this week (q50 0.0 km²). Routine monitoring. (Aweil North maps ~463,801 cattle in baseline.)"
2009-12-28,Aweil South,0.02,0.036,0,dry season,1.1,22.5,141256.8006910938,"No flood expected in Aweil South this week (q50 0.0 km²). Routine monitoring. Approx. 1 ha of mapped crops in the Aweil South floodplain are at risk. Approx. 23 ha of rangeland at risk; plan early herd movement. (Aweil South maps ~141,257 cattle in baseline.)"
2009-12-28,Aweil West,0.0,0.034,0,dry season,0.0,0.0,318964.9515941321,"No flood expected in Aweil West this week (q50 0.0 km²). Routine monitoring. (Aweil West maps ~318,965 cattle in baseline.)"
2014-01-13,Aweil Centre,0.01,0.264,2,dry season (late phase),0.0,138.6,364961.8333817694,"High flood risk in Aweil Centre this week: q50 0.0 km², above most January weeks since 2000. Dry season (late phase): little active cropping; floodplain grazing and residual flooding dominate. Approx. 139 ha of rangeland at risk; plan early herd movement. (Aweil Centre maps ~364,962 cattle in baseline.)"
2014-01-13,Aweil East,0.02,0.497,0,dry season (late phase),0.0,100.2,505027.7802561831,"No flood expected in Aweil East this week (q50 0.0 km²). Routine monitoring. Approx. 100 ha of rangeland at risk; plan early herd movement. (Aweil East maps ~505,028 cattle in baseline.)"
2014-01-13,Aweil North,0.0,0.035,0,dry season (late phase),0.0,0.0,463800.5038861725,"No flood expected in Aweil North this week (q50 0.0 km²). Routine monitoring. (Aweil North maps ~463,801 cattle in baseline.)"
2014-01-13,Aweil South,0.0,0.033,0,dry season (late phase),0.0,0.1,141256.8006910938,"No flood expected in Aweil South this week (q50 0.0 km²). Routine monitoring. (Aweil South maps ~141,257 cattle in baseline.)"
2014-01-13,Aweil West,0.0,0.034,0,dry season (late phase),0.0,0.0,318964.9515941321,"No flood expected in Aweil West this week (q50 0.0 km²). Routine monitoring. (Aweil West maps ~318,965 cattle in baseline.)"
2014-01-20,Aweil Centre,0.0,0.055,0,dry season (late phase),0.0,35.2,364961.8333817694,"No flood expected in Aweil Centre this week (q50 0.0 km²). Routine monitoring. Approx. 35 ha of rangeland at risk; plan early herd movement. (Aweil Centre maps ~364,962 cattle in baseline.)"
2014-01-20,Aweil East,0.0,0.145,0,dry season (late phase),0.0,9.2,505027.7802561831,"No flood expected in Aweil East this week (q50 0.0 km²). Routine monitoring. Approx. 9 ha of rangeland at risk; plan early herd movement. (Aweil East maps ~505,028 cattle in baseline.)"
2014-01-20,Aweil North,0.0,0.034,0,dry season (late phase),0.0,0.0,463800.5038861725,"No flood expected in Aweil North this week (q50 0.0 km²). Routine monitoring. (Aweil North maps ~463,801 cattle in baseline.)"
2014-01-20,Aweil South,0.0,0.035,0,dry season (late phase),0.0,0.0,141256.8006910938,"No flood expected in Aweil South this week (q50 0.0 km²). Routine monitoring. (Aweil South maps ~141,257 cattle in baseline.)"
2014-01-20,Aweil West,0.0,0.084,0,dry season (late phase),0.0,0.0,318964.9515941321,"No flood expected in Aweil West this week (q50 0.0 km²). Routine monitoring. (Aweil West maps ~318,965 cattle in baseline.)"
2014-01-27,Aweil Centre,0.0,0.047,0,dry season (late phase),0.0,14.8,364961.8333817694,"No flood expected in Aweil Centre this week (q50 0.0 km²). Routine monitoring. Approx. 15 ha of rangeland at risk; plan early herd movement. (Aweil Centre maps ~364,962 cattle in baseline.)"
2014-01-27,Aweil East,0.0,0.044,0,dry season (late phase),0.0,0.0,505027.7802561831,"No flood expected in Aweil East this week (q50 0.0 km²). Routine monitoring. (Aweil East maps ~505,028 cattle in baseline.)"
2014-01-27,Aweil North,0.0,0.025,0,dry season (late phase),0.0,0.0,463800.5038861725,"No flood expected in Aweil North this week (q50 0.0 km²). Routine monitoring. (Aweil North maps ~463,801 cattle in baseline.)"
2014-01-27,Aweil South,0.0,0.026,0,dry season (late phase),0.0,0.0,141256.8006910938,"No flood expected in Aweil South this week (q50 0.0 km²). Routine monitoring. (Aweil South maps ~141,257 cattle in baseline.)"
2014-01-27,Aweil West,0.01,0.213,3,dry season (late phase),0.0,0.0,318964.9515941321,"SEVERE flood expected in Aweil West this week: q50 0.0 km², above the 95th percentile of all January weeks since 2000. Dry season (late phase): little active cropping; floodplain grazing and residual flooding dominate. (Aweil West maps ~318,965 cattle in baseline.)"
2014-02-03,Aweil Centre,0.0,0.022,3,dry season,0.0,0.0,364961.8333817694,"SEVERE flood expected in Aweil Centre this week: q50 0.0 km², above the 95th percentile of all February weeks since 2000. Dry season: little active cropping; floodplain grazing and residual flooding dominate. (Aweil Centre maps ~364,962 cattle in baseline.)"
2014-02-03,Aweil East,0.0,0.023,0,dry season,0.0,0.0,505027.7802561831,"No flood expected in Aweil East this week (q50 0.0 km²). Routine monitoring. (Aweil East maps ~505,028 cattle in baseline.)"
2014-02-03,Aweil North,0.0,0.016,0,dry season,0.0,0.0,463800.5038861725,"No flood expected in Aweil North this week (q50 0.0 km²). Routine monitoring. (Aweil North maps ~463,801 cattle in baseline.)"
2014-02-03,Aweil South,0.0,0.015,0,dry season,0.0,0.0,141256.8006910938,"No flood expected in Aweil South this week (q50 0.0 km²). Routine monitoring. (Aweil South maps ~141,257 cattle in baseline.)"
2014-02-03,Aweil West,0.0,0.056,0,dry season,0.0,0.0,318964.9515941321,"No flood expected in Aweil West this week (q50 0.0 km²). Routine monitoring. (Aweil West maps ~318,965 cattle in baseline.)"
2014-02-10,Aweil Centre,0.0,0.02,3,dry season,0.0,0.0,364961.8333817694,"SEVERE flood expected in Aweil Centre this week: q50 0.0 km², above the 95th percentile of all February weeks since 2000. Dry season: little active cropping; floodplain grazing and residual flooding dominate. (Aweil Centre maps ~364,962 cattle in baseline.)"
2014-02-10,Aweil East,0.0,0.081,0,dry season,0.0,0.0,505027.7802561831,"No flood expected in Aweil East this week (q50 0.0 km²). Routine monitoring. (Aweil East maps ~505,028 cattle in baseline.)"
2014-02-10,Aweil North,0.0,0.015,3,dry season,0.0,0.0,463800.5038861725,"SEVERE flood expected in Aweil North this week: q50 0.0 km², above the 95th percentile of all February weeks since 2000. Dry season: little active cropping; floodplain grazing and residual flooding dominate. (Aweil North maps ~463,801 cattle in baseline.)"
2014-02-10,Aweil South,0.0,0.015,0,dry season,0.0,0.0,141256.8006910938,"No flood expected in Aweil South this week (q50 0.0 km²). Routine monitoring. (Aweil South maps ~141,257 cattle in baseline.)"
2014-02-10,Aweil West,0.0,0.028,0,dry season,0.0,0.0,318964.9515941321,"No flood expected in Aweil West this week (q50 0.0 km²). Routine monitoring. (Aweil West maps ~318,965 cattle in baseline.)"
2014-02-17,Aweil Centre,0.0,0.02,3,dry season,0.0,0.0,364961.8333817694,"SEVERE flood expected in Aweil Centre this week: q50 0.0 km², above the 95th percentile of all February weeks since 2000. Dry season: little active cropping; floodplain grazing and residual flooding dominate. (Aweil Centre maps ~364,962 cattle in baseline.)"
2014-02-17,Aweil East,0.0,0.025,0,dry season,0.0,0.0,505027.7802561831,"No flood expected in Aweil East this week (q50 0.0 km²). Routine monitoring. (Aweil East maps ~505,028 cattle in baseline.)"
2014-02-17,Aweil North,0.0,0.016,3,dry season,0.0,0.0,463800.5038861725,"SEVERE flood expected in Aweil North this week: q50 0.0 km², above the 95th percentile of all February weeks since 2000. Dry season: little active cropping; floodplain grazing and residual flooding dominate. (Aweil North maps ~463,801 cattle in baseline.)"
2014-02-17,Aweil South,0.0,0.015,3,dry season,0.0,0.0,141256.8006910938,"SEVERE flood expected in Aweil South this week: q50 0.0 km², above the 95th percentile of all February weeks since 2000. Dry season: little active cropping; floodplain grazing and residual flooding dominate. (Aweil South maps ~141,257 cattle in baseline.)"
2014-02-17,Aweil West,0.0,0.018,0,dry season,0.0,0.0,318964.9515941321,"No flood expected in Aweil West this week (q50 0.0 km²). Routine monitoring. (Aweil West maps ~318,965 cattle in baseline.)"
2014-02-24,Aweil Centre,0.0,0.029,0,dry season,0.0,0.0,364961.8333817694,"No flood expected in Aweil Centre this week (q50 0.0 km²). Routine monitoring. (Aweil Centre maps ~364,962 cattle in baseline.)"
2014-02-24,Aweil East,0.0,0.036,0,dry season,0.0,0.0,505027.7802561831,"No flood expected in Aweil East this week (q50 0.0 km²). Routine monitoring. (Aweil East maps ~505,028 cattle in baseline.)"
2014-02-24,Aweil North,0.0,0.025,0,dry season,0.0,0.0,463800.5038861725,"No flood expected in Aweil North this week (q50 0.0 km²). Routine monitoring. (Aweil North maps ~463,801 cattle in baseline.)"
2014-02-24,Aweil South,0.0,0.024,0,dry season,0.0,0.0,141256.8006910938,"No flood expected in Aweil South this week (q50 0.0 km²). Routine monitoring. (Aweil South maps ~141,257 cattle in baseline.)"
2014-02-24,Aweil West,0.0,0.027,0,dry season,0.0,0.0,318964.9515941321,"No flood expected in Aweil West this week (q50 0.0 km²). Routine monitoring. (Aweil West maps ~318,965 cattle in baseline.)"
2014-03-03,Aweil Centre,0.0,0.028,0,early season (sowing),0.0,0.0,364961.8333817694,"No flood expected in Aweil Centre this week (q50 0.0 km²). Routine monitoring. (Aweil Centre maps ~364,962 cattle in baseline.)"
2014-03-03,Aweil East,0.0,0.032,3,early season (sowing),0.0,0.0,505027.7802561831,"SEVERE flood expected in Aweil East this week: q50 0.0 km², above the 95th percentile of all March weeks since 2000. Early season (sowing): sowing windows are opening — delayed or drowned seedlings are the main crop risk. (Aweil East maps ~505,028 cattle in baseline.)"
2014-03-03,Aweil North,0.0,0.026,0,early season (sowing),0.0,0.0,463800.5038861725,"No flood expected in Aweil North this week (q50 0.0 km²). Routine monitoring. (Aweil North maps ~463,801 cattle in baseline.)"
2014-03-03,Aweil South,0.0,0.024,0,early season (sowing),0.0,0.0,141256.8006910938,"No flood expected in Aweil South this week (q50 0.0 km²). Routine monitoring. (Aweil South maps ~141,257 cattle in baseline.)"
2014-03-03,Aweil West,0.0,0.027,0,early season (sowing),0.0,0.0,318964.9515941321,"No flood expected in Aweil West this week (q50 0.0 km²). Routine monitoring. (Aweil West maps ~318,965 cattle in baseline.)"
2014-03-10,Aweil Centre,0.0,0.039,0,early season (sowing),0.0,0.0,364961.8333817694,"No flood expected in Aweil Centre this week (q50 0.0 km²). Routine monitoring. (Aweil Centre maps ~364,962 cattle in baseline.)"
2014-03-10,Aweil East,0.0,0.045,0,early season (sowing),0.0,0.0,505027.7802561831,"No flood expected in Aweil East this week (q50 0.0 km²). Routine monitoring. (Aweil East maps ~505,028 cattle in baseline.)"
2014-03-10,Aweil North,0.0,0.036,0,early season (sowing),0.0,0.0,463800.5038861725,"No flood expected in Aweil North this week (q50 0.0 km²). Routine monitoring. (Aweil North maps ~463,801 cattle in baseline.)"
2014-03-10,Aweil South,0.0,0.035,0,early season (sowing),0.0,0.0,141256.8006910938,"No flood expected in Aweil South this week (q50 0.0 km²). Routine monitoring. (Aweil South maps ~141,257 cattle in baseline.)"
2014-03-10,Aweil West,0.0,0.038,0,early season (sowing),0.0,0.0,318964.9515941321,"No flood expected in Aweil West this week (q50 0.0 km²). Routine monitoring. (Aweil West maps ~318,965 cattle in baseline.)"
2014-03-17,Aweil Centre,0.0,0.016,0,early season (sowing),0.0,0.0,364961.8333817694,"No flood expected in Aweil Centre this week (q50 0.0 km²). Routine monitoring. (Aweil Centre maps ~364,962 cattle in baseline.)"
2014-03-17,Aweil East,0.0,0.02,3,early season (sowing),0.0,0.0,505027.7802561831,"SEVERE flood expected in Aweil East this week: q50 0.0 km², above the 95th percentile of all March weeks since 2000. Early season (sowing): sowing windows are opening — delayed or drowned seedlings are the main crop risk. (Aweil East maps ~505,028 cattle in baseline.)"
2014-03-17,Aweil North,0.0,0.016,0,early season (sowing),0.0,0.0,463800.5038861725,"No flood expected in Aweil North this week (q50 0.0 km²). Routine monitoring. (Aweil North maps ~463,801 cattle in baseline.)"
2014-03-17,Aweil South,0.0,0.017,0,early season (sowing),0.0,0.0,141256.8006910938,"No flood expected in Aweil South this week (q50 0.0 km²). Routine monitoring. (Aweil South maps ~141,257 cattle in baseline.)"
2014-03-17,Aweil West,0.0,0.018,0,early season (sowing),0.0,0.7,318964.9515941321,"No flood expected in Aweil West this week (q50 0.0 km²). Routine monitoring. (Aweil West maps ~318,965 cattle in baseline.)"
2014-03-24,Aweil Centre,0.0,0.015,0,early season (sowing),0.0,0.0,364961.8333817694,"No flood expected in Aweil Centre this week (q50 0.0 km²). Routine monitoring. (Aweil Centre maps ~364,962 cattle in baseline.)"
2014-03-24,Aweil East,0.0,0.018,3,early season (sowing),0.0,0.0,505027.7802561831,"SEVERE flood expected in Aweil East this week: q50 0.0 km², above the 95th percentile of all March weeks since 2000. Early season (sowing): sowing windows are opening — delayed or drowned seedlings are the main crop risk. (Aweil East maps ~505,028 cattle in baseline.)"
2014-03-24,Aweil North,0.0,0.014,0,early season (sowing),0.0,0.0,463800.5038861725,"No flood expected in Aweil North this week (q50 0.0 km²). Routine monitoring. (Aweil North maps ~463,801 cattle in baseline.)"
2014-03-24,Aweil South,0.0,0.015,0,early season (sowing),0.0,0.0,141256.8006910938,"No flood expected in Aweil South this week (q50 0.0 km²). Routine monitoring. (Aweil South maps ~141,257 cattle in baseline.)"
2014-03-24,Aweil West,0.0,0.017,0,early season (sowing),0.0,0.1,318964.9515941321,"No flood expected in Aweil West this week (q50 0.0 km²). Routine monitoring. (Aweil West maps ~318,965 cattle in baseline.)"
2014-03-31,Aweil Centre,0.0,0.016,0,early season (sowing),0.0,0.0,364961.8333817694,"No flood expected in Aweil Centre this week (q50 0.0 km²). Routine monitoring. (Aweil Centre maps ~364,962 cattle in baseline.)"
2014-03-31,Aweil East,0.0,0.02,0,early season (sowing),0.0,0.0,505027.7802561831,"No flood expected in Aweil East this week (q50 0.0 km²). Routine monitoring. (Aweil East maps ~505,028 cattle in baseline.)"
2014-03-31,Aweil North,0.0,0.017,0,early season (sowing),0.0,0.0,463800.5038861725,"No flood expected in Aweil North this week (q50 0.0 km²). Routine monitoring. (Aweil North maps ~463,801 cattle in baseline.)"
2014-03-31,Aweil South,0.0,0.017,0,early season (sowing),0.0,0.0,141256.8006910938,"No flood expected in Aweil South this week (q50 0.0 km²). Routine monitoring. (Aweil South maps ~141,257 cattle in baseline.)"
2014-03-31,Aweil West,0.0,0.018,0,early season (sowing),0.0,0.1,318964.9515941321,"No flood expected in Aweil West this week (q50 0.0 km²). Routine monitoring. (Aweil West maps ~318,965 cattle in baseline.)"
2014-04-07,Aweil Centre,0.0,0.015,0,crop establishment,0.0,0.0,364961.8333817694,"No flood expected in Aweil Centre this week (q50 0.0 km²). Routine monitoring. (Aweil Centre maps ~364,962 cattle in baseline.)"
2014-04-07,Aweil East,0.0,0.019,0,crop establishment,0.0,0.0,505027.7802561831,"No flood expected in Aweil East this week (q50 0.0 km²). Routine monitoring. (Aweil East maps ~505,028 cattle in baseline.)"
2014-04-07,Aweil North,0.0,0.016,0,crop establishment,0.0,0.0,463800.5038861725,"No flood expected in Aweil North this week (q50 0.0 km²). Routine monitoring. (Aweil North maps ~463,801 cattle in baseline.)"
2014-04-07,Aweil South,0.0,0.016,0,crop establishment,0.0,0.0,141256.8006910938,"No flood expected in Aweil South this week (q50 0.0 km²). Routine monitoring. (Aweil South maps ~141,257 cattle in baseline.)"
2014-04-07,Aweil West,0.0,0.017,0,crop establishment,0.0,0.0,318964.9515941321,"No flood expected in Aweil West this week (q50 0.0 km²). Routine monitoring. (Aweil West maps ~318,965 cattle in baseline.)"
2014-04-14,Aweil Centre,0.0,0.016,0,crop establishment,0.0,0.0,364961.8333817694,"No flood expected in Aweil Centre this week (q50 0.0 km²). Routine monitoring. (Aweil Centre maps ~364,962 cattle in baseline.)"
2014-04-14,Aweil East,0.0,0.02,0,crop establishment,0.0,0.0,505027.7802561831,"No flood expected in Aweil East this week (q50 0.0 km²). Routine monitoring. (Aweil East maps ~505,028 cattle in baseline.)"
2014-04-14,Aweil North,0.0,0.017,0,crop establishment,0.0,0.0,463800.5038861725,"No flood expected in Aweil North this week (q50 0.0 km²). Routine monitoring. (Aweil North maps ~463,801 cattle in baseline.)"
2014-04-14,Aweil South,0.0,0.017,0,crop establishment,0.0,0.0,141256.8006910938,"No flood expected in Aweil South this week (q50 0.0 km²). Routine monitoring. (Aweil South maps ~141,257 cattle in baseline.)"
2014-04-14,Aweil West,0.0,0.018,0,crop establishment,0.0,0.0,318964.9515941321,"No flood expected in Aweil West this week (q50 0.0 km²). Routine monitoring. (Aweil West maps ~318,965 cattle in baseline.)"
2014-04-21,Aweil Centre,0.0,0.017,0,crop establishment,0.0,0.0,364961.8333817694,"No flood expected in Aweil Centre this week (q50 0.0 km²). Routine monitoring. (Aweil Centre maps ~364,962 cattle in baseline.)"
2014-04-21,Aweil East,0.0,0.022,0,crop establishment,0.0,0.0,505027.7802561831,"No flood expected in Aweil East this week (q50 0.0 km²). Routine monitoring. (Aweil East maps ~505,028 cattle in baseline.)"
2014-04-21,Aweil North,0.0,0.019,0,crop establishment,0.0,0.0,463800.5038861725,"No flood expected in Aweil North this week (q50 0.0 km²). Routine monitoring. (Aweil North maps ~463,801 cattle in baseline.)"
2014-04-21,Aweil South,0.0,0.018,0,crop establishment,0.0,0.0,141256.8006910938,"No flood expected in Aweil South this week (q50 0.0 km²). Routine monitoring. (Aweil South maps ~141,257 cattle in baseline.)"
2014-04-21,Aweil West,0.0,0.019,0,crop establishment,0.0,0.0,318964.9515941321,"No flood expected in Aweil West this week (q50 0.0 km²). Routine monitoring. (Aweil West maps ~318,965 cattle in baseline.)"
2014-04-28,Aweil Centre,0.0,0.028,0,crop establishment,0.0,0.0,364961.8333817694,"No flood expected in Aweil Centre this week (q50 0.0 km²). Routine monitoring. (Aweil Centre maps ~364,962 cattle in baseline.)"
2014-04-28,Aweil East,0.0,0.036,0,crop establishment,0.0,0.0,505027.7802561831,"No flood expected in Aweil East this week (q50 0.0 km²). Routine monitoring. (Aweil East maps ~505,028 cattle in baseline.)"
2014-04-28,Aweil North,0.0,0.03,0,crop establishment,0.0,0.0,463800.5038861725,"No flood expected in Aweil North this week (q50 0.0 km²). Routine monitoring. (Aweil North maps ~463,801 cattle in baseline.)"
2014-04-28,Aweil South,0.0,0.029,0,crop establishment,0.0,0.0,141256.8006910938,"No flood expected in Aweil South this week (q50 0.0 km²). Routine monitoring. (Aweil South maps ~141,257 cattle in baseline.)"
2014-04-28,Aweil West,0.0,0.03,0,crop establishment,0.0,0.0,318964.9515941321,"No flood expected in Aweil West this week (q50 0.0 km²). Routine monitoring. (Aweil West maps ~318,965 cattle in baseline.)"
2014-05-05,Aweil Centre,0.0,0.015,3,vegetative growth,0.0,0.0,364961.8333817694,"SEVERE flood expected in Aweil Centre this week: q50 0.0 km², above the 95th percentile of all May weeks since 2000. Vegetative growth: crops are at peak water demand — short flooding can be tolerated, sustained submergence is not. (Aweil Centre maps ~364,962 cattle in baseline.)"
2014-05-05,Aweil East,0.0,0.015,0,vegetative growth,0.0,0.0,505027.7802561831,"No flood expected in Aweil East this week (q50 0.0 km²). Routine monitoring. (Aweil East maps ~505,028 cattle in baseline.)"
2014-05-05,Aweil North,0.0,0.014,3,vegetative growth,0.0,0.0,463800.5038861725,"SEVERE flood expected in Aweil North this week: q50 0.0 km², above the 95th percentile of all May weeks since 2000. Vegetative growth: crops are at peak water demand — short flooding can be tolerated, sustained submergence is not. (Aweil North maps ~463,801 cattle in baseline.)"
2014-05-05,Aweil South,0.0,0.015,0,vegetative growth,0.0,0.0,141256.8006910938,"No flood expected in Aweil South this week (q50 0.0 km²). Routine monitoring. (Aweil South maps ~141,257 cattle in baseline.)"
2014-05-05,Aweil West,0.0,0.015,0,vegetative growth,0.0,0.0,318964.9515941321,"No flood expected in Aweil West this week (q50 0.0 km²). Routine monitoring. (Aweil West maps ~318,965 cattle in baseline.)"
2014-05-12,Aweil Centre,0.0,0.014,0,vegetative growth,0.0,0.0,364961.8333817694,"No flood expected in Aweil Centre this week (q50 0.0 km²). Routine monitoring. (Aweil Centre maps ~364,962 cattle in baseline.)"
2014-05-12,Aweil East,0.0,0.014,0,vegetative growth,0.0,0.0,505027.7802561831,"No flood expected in Aweil East this week (q50 0.0 km²). Routine monitoring. (Aweil East maps ~505,028 cattle in baseline.)"
2014-05-12,Aweil North,0.0,0.014,0,vegetative growth,0.0,0.0,463800.5038861725,"No flood expected in Aweil North this week (q50 0.0 km²). Routine monitoring. (Aweil North maps ~463,801 cattle in baseline.)"
2014-05-12,Aweil South,0.0,0.014,0,vegetative growth,0.0,0.0,141256.8006910938,"No flood expected in Aweil South this week (q50 0.0 km²). Routine monitoring. (Aweil South maps ~141,257 cattle in baseline.)"
2014-05-12,Aweil West,0.0,0.015,0,vegetative growth,0.0,0.0,318964.9515941321,"No flood expected in Aweil West this week (q50 0.0 km²). Routine monitoring. (Aweil West maps ~318,965 cattle in baseline.)"
2014-05-19,Aweil Centre,0.0,0.014,3,vegetative growth,0.0,0.0,364961.8333817694,"SEVERE flood expected in Aweil Centre this week: q50 0.0 km², above the 95th percentile of all May weeks since 2000. Vegetative growth: crops are at peak water demand — short flooding can be tolerated, sustained submergence is not. (Aweil Centre maps ~364,962 cattle in baseline.)"
2014-05-19,Aweil East,0.0,0.014,0,vegetative growth,0.0,0.0,505027.7802561831,"No flood expected in Aweil East this week (q50 0.0 km²). Routine monitoring. (Aweil East maps ~505,028 cattle in baseline.)"
2014-05-19,Aweil North,0.0,0.014,3,vegetative growth,0.0,0.0,463800.5038861725,"SEVERE flood expected in Aweil North this week: q50 0.0 km², above the 95th percentile of all May weeks since 2000. Vegetative growth: crops are at peak water demand — short flooding can be tolerated, sustained submergence is not. (Aweil North maps ~463,801 cattle in baseline.)"
2014-05-19,Aweil South,0.0,0.014,0,vegetative growth,0.0,0.0,141256.8006910938,"No flood expected in Aweil South this week (q50 0.0 km²). Routine monitoring. (Aweil South maps ~141,257 cattle in baseline.)"
2014-05-19,Aweil West,0.0,0.014,0,vegetative growth,0.0,0.0,318964.9515941321,"No flood expected in Aweil West this week (q50 0.0 km²). Routine monitoring. (Aweil West maps ~318,965 cattle in baseline.)"
2014-05-26,Aweil Centre,0.0,0.014,3,vegetative growth,0.0,0.0,364961.8333817694,"SEVERE flood expected in Aweil Centre this week: q50 0.0 km², above the 95th percentile of all May weeks since 2000. Vegetative growth: crops are at peak water demand — short flooding can be tolerated, sustained submergence is not. (Aweil Centre maps ~364,962 cattle in baseline.)"
2014-05-26,Aweil East,0.0,0.014,0,vegetative growth,0.0,0.0,505027.7802561831,"No flood expected in Aweil East this week (q50 0.0 km²). Routine monitoring. (Aweil East maps ~505,028 cattle in baseline.)"
2014-05-26,Aweil North,0.0,0.014,3,vegetative growth,0.0,0.0,463800.5038861725,"SEVERE flood expected in Aweil North this week: q50 0.0 km², above the 95th percentile of all May weeks since 2000. Vegetative growth: crops are at peak water demand — short flooding can be tolerated, sustained submergence is not. (Aweil North maps ~463,801 cattle in baseline.)"
2014-05-26,Aweil South,0.0,0.014,0,vegetative growth,0.0,0.0,141256.8006910938,"No flood expected in Aweil South this week (q50 0.0 km²). Routine monitoring. (Aweil South maps ~141,257 cattle in baseline.)"
2014-05-26,Aweil West,0.0,0.014,0,vegetative growth,0.0,0.0,318964.9515941321,"No flood expected in Aweil West this week (q50 0.0 km²). Routine monitoring. (Aweil West maps ~318,965 cattle in baseline.)"
2014-06-02,Aweil Centre,0.0,0.014,0,vegetative growth (peak),0.0,0.0,364961.8333817694,"No flood expected in Aweil Centre this week (q50 0.0 km²). Routine monitoring. (Aweil Centre maps ~364,962 cattle in baseline.)"
2014-06-02,Aweil East,0.0,0.014,0,vegetative growth (peak),0.0,0.0,505027.7802561831,"No flood expected in Aweil East this week (q50 0.0 km²). Routine monitoring. (Aweil East maps ~505,028 cattle in baseline.)"
2014-06-02,Aweil North,0.0,0.014,0,vegetative growth (peak),0.0,0.0,463800.5038861725,"No flood expected in Aweil North this week (q50 0.0 km²). Routine monitoring. (Aweil North maps ~463,801 cattle in baseline.)"
2014-06-02,Aweil South,0.0,0.014,0,vegetative growth (peak),0.0,0.0,141256.8006910938,"No flood expected in Aweil South this week (q50 0.0 km²). Routine monitoring. (Aweil South maps ~141,257 cattle in baseline.)"
2014-06-02,Aweil West,0.0,0.014,0,vegetative growth (peak),0.0,0.0,318964.9515941321,"No flood expected in Aweil West this week (q50 0.0 km²). Routine monitoring. (Aweil West maps ~318,965 cattle in baseline.)"
2014-06-09,Aweil Centre,0.0,0.014,0,vegetative growth (peak),0.0,0.0,364961.8333817694,"No flood expected in Aweil Centre this week (q50 0.0 km²). Routine monitoring. (Aweil Centre maps ~364,962 cattle in baseline.)"
2014-06-09,Aweil East,0.0,0.014,0,vegetative growth (peak),0.0,0.0,505027.7802561831,"No flood expected in Aweil East this week (q50 0.0 km²). Routine monitoring. (Aweil East maps ~505,028 cattle in baseline.)"
2014-06-09,Aweil North,0.0,0.014,0,vegetative growth (peak),0.0,0.0,463800.5038861725,"No flood expected in Aweil North this week (q50 0.0 km²). Routine monitoring. (Aweil North maps ~463,801 cattle in baseline.)"
2014-06-09,Aweil South,0.0,0.014,0,vegetative growth (peak),0.0,0.0,141256.8006910938,"No flood expected in Aweil South this week (q50 0.0 km²). Routine monitoring. (Aweil South maps ~141,257 cattle in baseline.)"
2014-06-09,Aweil West,0.0,0.014,0,vegetative growth (peak),0.0,0.0,318964.9515941321,"No flood expected in Aweil West this week (q50 0.0 km²). Routine monitoring. (Aweil West maps ~318,965 cattle in baseline.)"
2014-06-16,Aweil Centre,0.0,0.014,0,vegetative growth (peak),0.0,0.0,364961.8333817694,"No flood expected in Aweil Centre this week (q50 0.0 km²). Routine monitoring. (Aweil Centre maps ~364,962 cattle in baseline.)"
2014-06-16,Aweil East,0.0,0.014,0,vegetative growth (peak),0.0,0.0,505027.7802561831,"No flood expected in Aweil East this week (q50 0.0 km²). Routine monitoring. (Aweil East maps ~505,028 cattle in baseline.)"
2014-06-16,Aweil North,0.0,0.014,0,vegetative growth (peak),0.0,0.0,463800.5038861725,"No flood expected in Aweil North this week (q50 0.0 km²). Routine monitoring. (Aweil North maps ~463,801 cattle in baseline.)"
2014-06-16,Aweil South,0.0,0.014,0,vegetative growth (peak),0.0,0.0,141256.8006910938,"No flood expected in Aweil South this week (q50 0.0 km²). Routine monitoring. (Aweil South maps ~141,257 cattle in baseline.)"
2014-06-16,Aweil West,0.0,0.014,0,vegetative growth (peak),0.0,0.0,318964.9515941321,"No flood expected in Aweil West this week (q50 0.0 km²). Routine monitoring. (Aweil West maps ~318,965 cattle in baseline.)"
2014-06-23,Aweil Centre,0.0,0.014,0,vegetative growth (peak),0.0,0.0,364961.8333817694,"No flood expected in Aweil Centre this week (q50 0.0 km²). Routine monitoring. (Aweil Centre maps ~364,962 cattle in baseline.)"
2014-06-23,Aweil East,0.0,0.014,0,vegetative growth (peak),0.0,0.0,505027.7802561831,"No flood expected in Aweil East this week (q50 0.0 km²). Routine monitoring. (Aweil East maps ~505,028 cattle in baseline.)"
2014-06-23,Aweil North,0.0,0.014,0,vegetative growth (peak),0.0,0.0,463800.5038861725,"No flood expected in Aweil North this week (q50 0.0 km²). Routine monitoring. (Aweil North maps ~463,801 cattle in baseline.)"
2014-06-23,Aweil South,0.0,0.014,0,vegetative growth (peak),0.0,0.0,141256.8006910938,"No flood expected in Aweil South this week (q50 0.0 km²). Routine monitoring. (Aweil South maps ~141,257 cattle in baseline.)"
2014-06-23,Aweil West,0.0,0.014,0,vegetative growth (peak),0.0,0.0,318964.9515941321,"No flood expected in Aweil West this week (q50 0.0 km²). Routine monitoring. (Aweil West maps ~318,965 cattle in baseline.)"
2014-06-30,Aweil Centre,0.0,0.014,0,vegetative growth (peak),0.0,0.0,364961.8333817694,"No flood expected in Aweil Centre this week (q50 0.0 km²). Routine monitoring. (Aweil Centre maps ~364,962 cattle in baseline.)"
2014-06-30,Aweil East,0.0,0.014,0,vegetative growth (peak),0.0,0.0,505027.7802561831,"No flood expected in Aweil East this week (q50 0.0 km²). Routine monitoring. (Aweil East maps ~505,028 cattle in baseline.)"
2014-06-30,Aweil North,0.0,0.014,0,vegetative growth (peak),0.0,0.0,463800.5038861725,"No flood expected in Aweil North this week (q50 0.0 km²). Routine monitoring. (Aweil North maps ~463,801 cattle in baseline.)"
2014-06-30,Aweil South,0.0,0.014,0,vegetative growth (peak),0.0,0.0,141256.8006910938,"No flood expected in Aweil South this week (q50 0.0 km²). Routine monitoring. (Aweil South maps ~141,257 cattle in baseline.)"
2014-06-30,Aweil West,0.0,0.014,0,vegetative growth (peak),0.0,0.0,318964.9515941321,"No flood expected in Aweil West this week (q50 0.0 km²). Routine monitoring. (Aweil West maps ~318,965 cattle in baseline.)"
2014-07-07,Aweil Centre,0.0,0.014,3,vegetative growth (peak),0.0,0.0,364961.8333817694,"SEVERE flood expected in Aweil Centre this week: q50 0.0 km², above the 95th percentile of all July weeks since 2000. Vegetative growth (peak): crops are at peak water demand — short flooding can be tolerated, sustained submergence is not. (Aweil Centre maps ~364,962 cattle in baseline.)"
2014-07-07,Aweil East,0.0,0.014,0,vegetative growth (peak),0.0,0.0,505027.7802561831,"No flood expected in Aweil East this week (q50 0.0 km²). Routine monitoring. (Aweil East maps ~505,028 cattle in baseline.)"
2014-07-07,Aweil North,0.0,0.014,3,vegetative growth (peak),0.0,0.0,463800.5038861725,"SEVERE flood expected in Aweil North this week: q50 0.0 km², above the 95th percentile of all July weeks since 2000. Vegetative growth (peak): crops are at peak water demand — short flooding can be tolerated, sustained submergence is not. (Aweil North maps ~463,801 cattle in baseline.)"
2014-07-07,Aweil South,0.0,0.015,0,vegetative growth (peak),0.0,0.0,141256.8006910938,"No flood expected in Aweil South this week (q50 0.0 km²). Routine monitoring. (Aweil South maps ~141,257 cattle in baseline.)"
2014-07-07,Aweil West,0.0,0.015,0,vegetative growth (peak),0.0,0.0,318964.9515941321,"No flood expected in Aweil West this week (q50 0.0 km²). Routine monitoring. (Aweil West maps ~318,965 cattle in baseline.)"
2014-07-14,Aweil Centre,0.0,0.015,3,vegetative growth (peak),0.0,0.0,364961.8333817694,"SEVERE flood expected in Aweil Centre this week: q50 0.0 km², above the 95th percentile of all July weeks since 2000. Vegetative growth (peak): crops are at peak water demand — short flooding can be tolerated, sustained submergence is not. (Aweil Centre maps ~364,962 cattle in baseline.)"
2014-07-14,Aweil East,0.0,0.015,0,vegetative growth (peak),0.0,0.0,505027.7802561831,"No flood expected in Aweil East this week (q50 0.0 km²). Routine monitoring. (Aweil East maps ~505,028 cattle in baseline.)"
2014-07-14,Aweil North,0.0,0.015,3,vegetative growth (peak),0.0,0.0,463800.5038861725,"SEVERE flood expected in Aweil North this week: q50 0.0 km², above the 95th percentile of all July weeks since 2000. Vegetative growth (peak): crops are at peak water demand — short flooding can be tolerated, sustained submergence is not. (Aweil North maps ~463,801 cattle in baseline.)"
2014-07-14,Aweil South,0.0,0.015,0,vegetative growth (peak),0.0,0.0,141256.8006910938,"No flood expected in Aweil South this week (q50 0.0 km²). Routine monitoring. (Aweil South maps ~141,257 cattle in baseline.)"
2014-07-14,Aweil West,0.0,0.016,0,vegetative growth (peak),0.0,0.0,318964.9515941321,"No flood expected in Aweil West this week (q50 0.0 km²). Routine monitoring. (Aweil West maps ~318,965 cattle in baseline.)"
2014-07-21,Aweil Centre,0.0,0.018,3,vegetative growth (peak),0.0,0.0,364961.8333817694,"SEVERE flood expected in Aweil Centre this week: q50 0.0 km², above the 95th percentile of all July weeks since 2000. Vegetative growth (peak): crops are at peak water demand — short flooding can be tolerated, sustained submergence is not. (Aweil Centre maps ~364,962 cattle in baseline.)"
2014-07-21,Aweil East,0.0,0.018,0,vegetative growth (peak),0.0,0.0,505027.7802561831,"No flood expected in Aweil East this week (q50 0.0 km²). Routine monitoring. (Aweil East maps ~505,028 cattle in baseline.)"
2014-07-21,Aweil North,0.0,0.017,3,vegetative growth (peak),0.0,0.0,463800.5038861725,"SEVERE flood expected in Aweil North this week: q50 0.0 km², above the 95th percentile of all July weeks since 2000. Vegetative growth (peak): crops are at peak water demand — short flooding can be tolerated, sustained submergence is not. (Aweil North maps ~463,801 cattle in baseline.)"
2014-07-21,Aweil South,0.0,0.018,0,vegetative growth (peak),0.0,0.0,141256.8006910938,"No flood expected in Aweil South this week (q50 0.0 km²). Routine monitoring. (Aweil South maps ~141,257 cattle in baseline.)"
2014-07-21,Aweil West,0.0,0.019,0,vegetative growth (peak),0.0,0.0,318964.9515941321,"No flood expected in Aweil West this week (q50 0.0 km²). Routine monitoring. (Aweil West maps ~318,965 cattle in baseline.)"
2014-07-28,Aweil Centre,0.0,0.03,3,vegetative growth (peak),0.0,0.0,364961.8333817694,"SEVERE flood expected in Aweil Centre this week: q50 0.0 km², above the 95th percentile of all July weeks since 2000. Vegetative growth (peak): crops are at peak water demand — short flooding can be tolerated, sustained submergence is not. (Aweil Centre maps ~364,962 cattle in baseline.)"
2014-07-28,Aweil East,0.0,0.032,0,vegetative growth (peak),0.0,0.0,505027.7802561831,"No flood expected in Aweil East this week (q50 0.0 km²). Routine monitoring. (Aweil East maps ~505,028 cattle in baseline.)"
2014-07-28,Aweil North,0.0,0.031,3,vegetative growth (peak),0.0,0.0,463800.5038861725,"SEVERE flood expected in Aweil North this week: q50 0.0 km², above the 95th percentile of all July weeks since 2000. Vegetative growth (peak): crops are at peak water demand — short flooding can be tolerated, sustained submergence is not. (Aweil North maps ~463,801 cattle in baseline.)"
2014-07-28,Aweil South,0.0,0.03,0,vegetative growth (peak),0.0,0.0,141256.8006910938,"No flood expected in Aweil South this week (q50 0.0 km²). Routine monitoring. (Aweil South maps ~141,257 cattle in baseline.)"
2014-07-28,Aweil West,0.0,0.034,0,vegetative growth (peak),0.0,0.0,318964.9515941321,"No flood expected in Aweil West this week (q50 0.0 km²). Routine monitoring. (Aweil West maps ~318,965 cattle in baseline.)"
2014-08-04,Aweil Centre,0.0,0.055,0,maturation,0.0,0.0,364961.8333817694,"No flood expected in Aweil Centre this week (q50 0.0 km²). Routine monitoring. (Aweil Centre maps ~364,962 cattle in baseline.)"
2014-08-04,Aweil East,0.0,0.061,0,maturation,0.0,0.0,505027.7802561831,"No flood expected in Aweil East this week (q50 0.0 km²). Routine monitoring. (Aweil East maps ~505,028 cattle in baseline.)"
2014-08-04,Aweil North,0.0,0.044,0,maturation,0.0,0.0,463800.5038861725,"No flood expected in Aweil North this week (q50 0.0 km²). Routine monitoring. (Aweil North maps ~463,801 cattle in baseline.)"
2014-08-04,Aweil South,0.0,0.058,0,maturation,0.0,0.0,141256.8006910938,"No flood expected in Aweil South this week (q50 0.0 km²). Routine monitoring. (Aweil South maps ~141,257 cattle in baseline.)"
2014-08-04,Aweil West,0.0,0.069,0,maturation,0.0,0.0,318964.9515941321,"No flood expected in Aweil West this week (q50 0.0 km²). Routine monitoring. (Aweil West maps ~318,965 cattle in baseline.)"
2014-08-11,Aweil Centre,0.01,0.126,0,maturation,0.0,0.0,364961.8333817694,"No flood expected in Aweil Centre this week (q50 0.0 km²). Routine monitoring. (Aweil Centre maps ~364,962 cattle in baseline.)"
2014-08-11,Aweil East,0.01,0.144,0,maturation,0.0,0.0,505027.7802561831,"No flood expected in Aweil East this week (q50 0.0 km²). Routine monitoring. (Aweil East maps ~505,028 cattle in baseline.)"
2014-08-11,Aweil North,0.0,0.106,0,maturation,0.0,0.0,463800.5038861725,"No flood expected in Aweil North this week (q50 0.0 km²). Routine monitoring. (Aweil North maps ~463,801 cattle in baseline.)"
2014-08-11,Aweil South,0.0,0.108,0,maturation,0.0,0.0,141256.8006910938,"No flood expected in Aweil South this week (q50 0.0 km²). Routine monitoring. (Aweil South maps ~141,257 cattle in baseline.)"
2014-08-11,Aweil West,0.0,0.15,0,maturation,0.0,0.0,318964.9515941321,"No flood expected in Aweil West this week (q50 0.0 km²). Routine monitoring. (Aweil West maps ~318,965 cattle in baseline.)"
2014-08-18,Aweil Centre,0.02,0.421,0,maturation,0.0,0.0,364961.8333817694,"No flood expected in Aweil Centre this week (q50 0.0 km²). Routine monitoring. (Aweil Centre maps ~364,962 cattle in baseline.)"
2014-08-18,Aweil East,0.13,0.646,0,maturation,0.0,0.0,505027.7802561831,"SEVERE flood expected in Aweil East this week: q50 0.1 km², above the 95th percentile of all August weeks since 2000. (Aweil East maps ~505,028 cattle in baseline.)"
2014-08-18,Aweil North,0.04,0.28,3,maturation,0.0,0.0,463800.5038861725,"SEVERE flood expected in Aweil North this week: q50 0.0 km², above the 95th percentile of all August weeks since 2000. Maturation: grain is filling; flooding now damages the yield that is already banked. (Aweil North maps ~463,801 cattle in baseline.)"
2014-08-18,Aweil South,0.01,0.31,0,maturation,0.0,0.0,141256.8006910938,"No flood expected in Aweil South this week (q50 0.0 km²). Routine monitoring. (Aweil South maps ~141,257 cattle in baseline.)"
2014-08-18,Aweil West,0.01,0.414,0,maturation,0.0,0.0,318964.9515941321,"No flood expected in Aweil West this week (q50 0.0 km²). Routine monitoring. (Aweil West maps ~318,965 cattle in baseline.)"
2014-08-25,Aweil Centre,0.0,0.556,0,maturation,0.0,0.0,364961.8333817694,"SEVERE flood expected in Aweil Centre this week: q50 0.0 km², above the 95th percentile of all August weeks since 2000. (Aweil Centre maps ~364,962 cattle in baseline.)"
2014-08-25,Aweil East,1.61,0.894,0,maturation,0.0,0.0,505027.7802561831,"SEVERE flood expected in Aweil East this week: q50 1.6 km², above the 95th percentile of all August weeks since 2000. (Aweil East maps ~505,028 cattle in baseline.)"
2014-08-25,Aweil North,0.0,0.182,0,maturation,0.0,0.0,463800.5038861725,"No flood expected in Aweil North this week (q50 0.0 km²). Routine monitoring. (Aweil North maps ~463,801 cattle in baseline.)"
2014-08-25,Aweil South,0.0,0.204,0,maturation,0.0,0.0,141256.8006910938,"No flood expected in Aweil South this week (q50 0.0 km²). Routine monitoring. (Aweil South maps ~141,257 cattle in baseline.)"
2014-08-25,Aweil West,0.0,0.287,0,maturation,0.0,0.0,318964.9515941321,"No flood expected in Aweil West this week (q50 0.0 km²). Routine monitoring. (Aweil West maps ~318,965 cattle in baseline.)"
2014-09-01,Aweil Centre,0.32,0.589,0,maturation / grain filling,0.0,41.2,364961.8333817694,"SEVERE flood expected in Aweil Centre this week: q50 0.3 km², above the 95th percentile of all September weeks since 2000. Approx. 41 ha of rangeland at risk; plan early herd movement. (Aweil Centre maps ~364,962 cattle in baseline.)"
2014-09-01,Aweil East,1.96,0.922,0,maturation / grain filling,5.6,232.2,505027.7802561831,"SEVERE flood expected in Aweil East this week: q50 2.0 km², above the 95th percentile of all September weeks since 2000. Approx. 6 ha of mapped crops in the Aweil East floodplain are at risk. Approx. 232 ha of rangeland at risk; plan early herd movement. (Aweil East maps ~505,028 cattle in baseline.)"
2014-09-01,Aweil North,0.0,0.17,0,maturation / grain filling,0.1,3.1,463800.5038861725,"No flood expected in Aweil North this week (q50 0.0 km²). Routine monitoring. Approx. 3 ha of rangeland at risk; plan early herd movement. (Aweil North maps ~463,801 cattle in baseline.)"
2014-09-01,Aweil South,0.0,0.176,0,maturation / grain filling,0.1,1.4,141256.8006910938,"No flood expected in Aweil South this week (q50 0.0 km²). Routine monitoring. Approx. 1 ha of rangeland at risk; plan early herd movement. (Aweil South maps ~141,257 cattle in baseline.)"
2014-09-01,Aweil West,0.01,0.251,0,maturation / grain filling,0.1,5.4,318964.9515941321,"No flood expected in Aweil West this week (q50 0.0 km²). Routine monitoring. Approx. 5 ha of rangeland at risk; plan early herd movement. (Aweil West maps ~318,965 cattle in baseline.)"
2014-09-08,Aweil Centre,0.32,0.554,0,maturation / grain filling,0.0,42.1,364961.8333817694,"SEVERE flood expected in Aweil Centre this week: q50 0.3 km², above the 95th percentile of all September weeks since 2000. Approx. 42 ha of rangeland at risk; plan early herd movement. (Aweil Centre maps ~364,962 cattle in baseline.)"
2014-09-08,Aweil East,0.88,0.707,0,maturation / grain filling,2.5,103.9,505027.7802561831,"SEVERE flood expected in Aweil East this week: q50 0.9 km², above the 95th percentile of all September weeks since 2000. Approx. 3 ha of mapped crops in the Aweil East floodplain are at risk. Approx. 104 ha of rangeland at risk; plan early herd movement. (Aweil East maps ~505,028 cattle in baseline.)"
2014-09-08,Aweil North,0.01,0.238,0,maturation / grain filling,0.1,6.0,463800.5038861725,"No flood expected in Aweil North this week (q50 0.0 km²). Routine monitoring. Approx. 6 ha of rangeland at risk; plan early herd movement. (Aweil North maps ~463,801 cattle in baseline.)"
2014-09-08,Aweil South,0.01,0.329,0,maturation / grain filling,0.2,5.4,141256.8006910938,"No flood expected in Aweil South this week (q50 0.0 km²). Routine monitoring. Approx. 5 ha of rangeland at risk; plan early herd movement. (Aweil South maps ~141,257 cattle in baseline.)"
2014-09-08,Aweil West,0.03,0.374,0,maturation / grain filling,0.2,13.4,318964.9515941321,"No flood expected in Aweil West this week (q50 0.0 km²). Routine monitoring. Approx. 13 ha of rangeland at risk; plan early herd movement. (Aweil West maps ~318,965 cattle in baseline.)"
2014-09-15,Aweil Centre,0.17,0.76,0,maturation / grain filling,0.0,22.1,364961.8333817694,"SEVERE flood expected in Aweil Centre this week: q50 0.2 km², above the 95th percentile of all September weeks since 2000. Approx. 22 ha of rangeland at risk; plan early herd movement. (Aweil Centre maps ~364,962 cattle in baseline.)"
2014-09-15,Aweil East,4.95,0.908,0,maturation / grain filling,14.2,585.6,505027.7802561831,"SEVERE flood expected in Aweil East this week: q50 4.9 km², above the 95th percentile of all September weeks since 2000. Approx. 14 ha of mapped crops in the Aweil East floodplain are at risk. Approx. 586 ha of rangeland at risk; plan early herd movement. (Aweil East maps ~505,028 cattle in baseline.)"
2014-09-15,Aweil North,0.0,0.253,0,maturation / grain filling,0.0,1.6,463800.5038861725,"No flood expected in Aweil North this week (q50 0.0 km²). Routine monitoring. Approx. 2 ha of rangeland at risk; plan early herd movement. (Aweil North maps ~463,801 cattle in baseline.)"
2014-09-15,Aweil South,0.24,0.717,0,maturation / grain filling,5.4,145.4,141256.8006910938,"SEVERE flood expected in Aweil South this week: q50 0.2 km², above the 95th percentile of all September weeks since 2000. Approx. 5 ha of mapped crops in the Aweil South floodplain are at risk. Approx. 145 ha of rangeland at risk; plan early herd movement. (Aweil South maps ~141,257 cattle in baseline.)"
2014-09-15,Aweil West,0.19,0.595,0,maturation / grain filling,1.4,87.4,318964.9515941321,"SEVERE flood expected in Aweil West this week: q50 0.2 km², above the 95th percentile of all September weeks since 2000. Approx. 1 ha of mapped crops in the Aweil West floodplain are at risk. Approx. 87 ha of rangeland at risk; plan early herd movement. (Aweil West maps ~318,965 cattle in baseline.)"
2014-09-22,Aweil Centre,2.55,0.887,0,maturation / grain filling,0.0,330.1,364961.8333817694,"SEVERE flood expected in Aweil Centre this week: q50 2.5 km², above the 95th percentile of all September weeks since 2000. Approx. 330 ha of rangeland at risk; plan early herd movement. (Aweil Centre maps ~364,962 cattle in baseline.)"
2014-09-22,Aweil East,32.27,0.943,1,maturation / grain filling,92.5,3819.1,505027.7802561831,"Elevated flood probability in Aweil East this week (q50 32.3 km², 94% detection chance). Maturation / grain filling: grain is filling; flooding now damages the yield that is already banked. Approx. 92 ha of mapped crops in the Aweil East floodplain are at risk. Approx. 3,819 ha of rangeland at risk; plan early herd movement. (Aweil East maps ~505,028 cattle in baseline.)"
2014-09-22,Aweil North,0.0,0.223,0,maturation / grain filling,0.0,0.0,463800.5038861725,"No flood expected in Aweil North this week (q50 0.0 km²). Routine monitoring. (Aweil North maps ~463,801 cattle in baseline.)"
2014-09-22,Aweil South,4.71,0.936,1,maturation / grain filling,106.3,2856.5,141256.8006910938,"Elevated flood probability in Aweil South this week (q50 4.7 km², 94% detection chance). Maturation / grain filling: grain is filling; flooding now damages the yield that is already banked. Approx. 106 ha of mapped crops in the Aweil South floodplain are at risk. Approx. 2,857 ha of rangeland at risk; plan early herd movement. (Aweil South maps ~141,257 cattle in baseline.)"
2014-09-22,Aweil West,0.94,0.626,0,maturation / grain filling,6.8,432.3,318964.9515941321,"SEVERE flood expected in Aweil West this week: q50 0.9 km², above the 95th percentile of all September weeks since 2000. Approx. 7 ha of mapped crops in the Aweil West floodplain are at risk. Approx. 432 ha of rangeland at risk; plan early herd movement. (Aweil West maps ~318,965 cattle in baseline.)"
2014-09-29,Aweil Centre,1.42,0.851,0,maturation / grain filling,0.0,183.8,364961.8333817694,"SEVERE flood expected in Aweil Centre this week: q50 1.4 km², above the 95th percentile of all September weeks since 2000. Approx. 184 ha of rangeland at risk; plan early herd movement. (Aweil Centre maps ~364,962 cattle in baseline.)"
2014-09-29,Aweil East,36.09,0.952,1,maturation / grain filling,103.4,4271.2,505027.7802561831,"Elevated flood probability in Aweil East this week (q50 36.1 km², 95% detection chance). Maturation / grain filling: grain is filling; flooding now damages the yield that is already banked. Approx. 103 ha of mapped crops in the Aweil East floodplain are at risk. Approx. 4,271 ha of rangeland at risk; plan early herd movement. (Aweil East maps ~505,028 cattle in baseline.)"
2014-09-29,Aweil North,0.01,0.221,0,maturation / grain filling,0.2,9.9,463800.5038861725,"No flood expected in Aweil North this week (q50 0.0 km²). Routine monitoring. Approx. 10 ha of rangeland at risk; plan early herd movement. (Aweil North maps ~463,801 cattle in baseline.)"
2014-09-29,Aweil South,3.13,0.848,0,maturation / grain filling,70.7,1900.7,141256.8006910938,"SEVERE flood expected in Aweil South this week: q50 3.1 km², above the 95th percentile of all September weeks since 2000. Approx. 71 ha of mapped crops in the Aweil South floodplain are at risk. Approx. 1,901 ha of rangeland at risk; plan early herd movement. (Aweil South maps ~141,257 cattle in baseline.)"
2014-09-29,Aweil West,1.19,0.622,0,maturation / grain filling,8.6,546.3,318964.9515941321,"SEVERE flood expected in Aweil West this week: q50 1.2 km², above the 95th percentile of all September weeks since 2000. Approx. 9 ha of mapped crops in the Aweil West floodplain are at risk. Approx. 546 ha of rangeland at risk; plan early herd movement. (Aweil West maps ~318,965 cattle in baseline.)"
2014-10-06,Aweil Centre,1.66,0.787,0,harvest,0.0,84.6,364961.8333817694,"SEVERE flood expected in Aweil Centre this week: q50 1.7 km², above the 95th percentile of all October weeks since 2000. Approx. 85 ha of rangeland at risk; plan early herd movement. (Aweil Centre maps ~364,962 cattle in baseline.)"
2014-10-06,Aweil East,35.67,0.944,0,harvest,459.8,5286.1,505027.7802561831,"SEVERE flood expected in Aweil East this week: q50 35.7 km², above the 95th percentile of all October weeks since 2000. Approx. 460 ha of mapped crops in the Aweil East floodplain are at risk. Approx. 5,286 ha of rangeland at risk; plan early herd movement. (Aweil East maps ~505,028 cattle in baseline.)"
2014-10-06,Aweil North,0.66,0.284,0,harvest,33.8,842.8,463800.5038861725,"No flood expected in Aweil North this week (q50 0.7 km²). Routine monitoring. Approx. 34 ha of mapped crops in the Aweil North floodplain are at risk. Approx. 843 ha of rangeland at risk; plan early herd movement. (Aweil North maps ~463,801 cattle in baseline.)"
2014-10-06,Aweil South,5.08,0.948,0,harvest,129.5,2051.6,141256.8006910938,"SEVERE flood expected in Aweil South this week: q50 5.1 km², above the 95th percentile of all October weeks since 2000. Approx. 129 ha of mapped crops in the Aweil South floodplain are at risk. Approx. 2,052 ha of rangeland at risk; plan early herd movement. (Aweil South maps ~141,257 cattle in baseline.)"
2014-10-06,Aweil West,3.17,0.928,0,harvest,36.7,1710.4,318964.9515941321,"SEVERE flood expected in Aweil West this week: q50 3.2 km², above the 95th percentile of all October weeks since 2000. Approx. 37 ha of mapped crops in the Aweil West floodplain are at risk. Approx. 1,710 ha of rangeland at risk; plan early herd movement. (Aweil West maps ~318,965 cattle in baseline.)"
2014-10-13,Aweil Centre,0.43,0.704,0,harvest,0.0,21.7,364961.8333817694,"SEVERE flood expected in Aweil Centre this week: q50 0.4 km², above the 95th percentile of all October weeks since 2000. Approx. 22 ha of rangeland at risk; plan early herd movement. (Aweil Centre maps ~364,962 cattle in baseline.)"
2014-10-13,Aweil East,35.25,0.939,0,harvest,454.3,5223.3,505027.7802561831,"SEVERE flood expected in Aweil East this week: q50 35.2 km², above the 95th percentile of all October weeks since 2000. Approx. 454 ha of mapped crops in the Aweil East floodplain are at risk. Approx. 5,223 ha of rangeland at risk; plan early herd movement. (Aweil East maps ~505,028 cattle in baseline.)"
2014-10-13,Aweil North,2.7,0.824,2,harvest,137.7,3428.2,463800.5038861725,"High flood risk in Aweil North this week: q50 2.7 km², above most October weeks since 2000. Harvest: harvest window — move produce and equipment to higher ground before water rises. Approx. 138 ha of mapped crops in the Aweil North floodplain are at risk. Approx. 3,428 ha of rangeland at risk; plan early herd movement. (Aweil North maps ~463,801 cattle in baseline.)"
2014-10-13,Aweil South,32.87,0.94,2,harvest,837.1,13263.9,141256.8006910938,"High flood risk in Aweil South this week: q50 32.9 km², above most October weeks since 2000. Harvest: harvest window — move produce and equipment to higher ground before water rises. Approx. 837 ha of mapped crops in the Aweil South floodplain are at risk. Approx. 13,264 ha of rangeland at risk; plan early herd movement. (Aweil South maps ~141,257 cattle in baseline.)"
2014-10-13,Aweil West,4.84,0.931,0,harvest,56.0,2611.8,318964.9515941321,"SEVERE flood expected in Aweil West this week: q50 4.8 km², above the 95th percentile of all October weeks since 2000. Approx. 56 ha of mapped crops in the Aweil West floodplain are at risk. Approx. 2,612 ha of rangeland at risk; plan early herd movement. (Aweil West maps ~318,965 cattle in baseline.)"
2014-10-20,Aweil Centre,3.88,0.942,0,harvest,0.0,197.7,364961.8333817694,"SEVERE flood expected in Aweil Centre this week: q50 3.9 km², above the 95th percentile of all October weeks since 2000. Approx. 198 ha of rangeland at risk; plan early herd movement. (Aweil Centre maps ~364,962 cattle in baseline.)"
2014-10-20,Aweil East,34.41,0.939,0,harvest,443.6,5099.2,505027.7802561831,"SEVERE flood expected in Aweil East this week: q50 34.4 km², above the 95th percentile of all October weeks since 2000. Approx. 444 ha of mapped crops in the Aweil East floodplain are at risk. Approx. 5,099 ha of rangeland at risk; plan early herd movement. (Aweil East maps ~505,028 cattle in baseline.)"
2014-10-20,Aweil North,0.86,0.781,0,harvest,43.7,1088.6,463800.5038861725,"SEVERE flood expected in Aweil North this week: q50 0.9 km², above the 95th percentile of all October weeks since 2000. Approx. 44 ha of mapped crops in the Aweil North floodplain are at risk. Approx. 1,089 ha of rangeland at risk; plan early herd movement. (Aweil North maps ~463,801 cattle in baseline.)"
2014-10-20,Aweil South,34.09,0.944,2,harvest,868.0,13753.0,141256.8006910938,"High flood risk in Aweil South this week: q50 34.1 km², above most October weeks since 2000. Harvest: harvest window — move produce and equipment to higher ground before water rises. Approx. 868 ha of mapped crops in the Aweil South floodplain are at risk. Approx. 13,753 ha of rangeland at risk; plan early herd movement. (Aweil South maps ~141,257 cattle in baseline.)"
2014-10-20,Aweil West,29.23,0.939,2,harvest,338.0,15759.6,318964.9515941321,"High flood risk in Aweil West this week: q50 29.2 km², above most October weeks since 2000. Harvest: harvest window — move produce and equipment to higher ground before water rises. Approx. 338 ha of mapped crops in the Aweil West floodplain are at risk. Approx. 15,760 ha of rangeland at risk; plan early herd movement. (Aweil West maps ~318,965 cattle in baseline.)"
2014-10-27,Aweil Centre,0.66,0.776,0,harvest,0.0,33.6,364961.8333817694,"SEVERE flood expected in Aweil Centre this week: q50 0.7 km², above the 95th percentile of all October weeks since 2000. Approx. 34 ha of rangeland at risk; plan early herd movement. (Aweil Centre maps ~364,962 cattle in baseline.)"
2014-10-27,Aweil East,33.77,0.939,0,harvest,435.4,5005.2,505027.7802561831,"SEVERE flood expected in Aweil East this week: q50 33.8 km², above the 95th percentile of all October weeks since 2000. Approx. 435 ha of mapped crops in the Aweil East floodplain are at risk. Approx. 5,005 ha of rangeland at risk; plan early herd movement. (Aweil East maps ~505,028 cattle in baseline.)"
2014-10-27,Aweil North,0.63,0.547,0,harvest,32.3,803.1,463800.5038861725,"SEVERE flood expected in Aweil North this week: q50 0.6 km², above the 95th percentile of all October weeks since 2000. Approx. 32 ha of mapped crops in the Aweil North floodplain are at risk. Approx. 803 ha of rangeland at risk; plan early herd movement. (Aweil North maps ~463,801 cattle in baseline.)"
2014-10-27,Aweil South,33.56,0.931,2,harvest,854.7,13542.6,141256.8006910938,"High flood risk in Aweil South this week: q50 33.6 km², above most October weeks since 2000. Harvest: harvest window — move produce and equipment to higher ground before water rises. Approx. 855 ha of mapped crops in the Aweil South floodplain are at risk. Approx. 13,543 ha of rangeland at risk; plan early herd movement. (Aweil South maps ~141,257 cattle in baseline.)"
2014-10-27,Aweil West,6.65,0.931,0,harvest,76.9,3584.5,318964.9515941321,"SEVERE flood expected in Aweil West this week: q50 6.6 km², above the 95th percentile of all October weeks since 2000. Approx. 77 ha of mapped crops in the Aweil West floodplain are at risk. Approx. 3,584 ha of rangeland at risk; plan early herd movement. (Aweil West maps ~318,965 cattle in baseline.)"
2014-11-03,Aweil Centre,0.0,0.751,0,harvest / drying,0.0,0.0,364961.8333817694,"SEVERE flood expected in Aweil Centre this week: q50 0.0 km², above the 95th percentile of all November weeks since 2000. (Aweil Centre maps ~364,962 cattle in baseline.)"
2014-11-03,Aweil East,33.12,0.936,2,harvest / drying,636.5,8329.2,505027.7802561831,"High flood risk in Aweil East this week: q50 33.1 km², above most November weeks since 2000. Harvest / drying: harvest window closing — move produce and equipment to higher ground before water rises. Approx. 637 ha of mapped crops in the Aweil East floodplain are at risk. Approx. 8,329 ha of rangeland at risk; plan early herd movement. (Aweil East maps ~505,028 cattle in baseline.)"
2014-11-03,Aweil North,0.04,0.166,0,harvest / drying,9.5,363.3,463800.5038861725,"No flood expected in Aweil North this week (q50 0.0 km²). Routine monitoring. Approx. 9 ha of mapped crops in the Aweil North floodplain are at risk. Approx. 363 ha of rangeland at risk; plan early herd movement. (Aweil North maps ~463,801 cattle in baseline.)"
2014-11-03,Aweil South,33.02,0.929,2,harvest / drying,634.8,10170.4,141256.8006910938,"High flood risk in Aweil South this week: q50 33.0 km², above most November weeks since 2000. Harvest / drying: harvest window closing — move produce and equipment to higher ground before water rises. Approx. 635 ha of mapped crops in the Aweil South floodplain are at risk. Approx. 10,170 ha of rangeland at risk; plan early herd movement. (Aweil South maps ~141,257 cattle in baseline.)"
2014-11-03,Aweil West,0.0,0.481,0,harvest / drying,0.0,0.0,318964.9515941321,"No flood expected in Aweil West this week (q50 0.0 km²). Routine monitoring. (Aweil West maps ~318,965 cattle in baseline.)"
2014-11-10,Aweil Centre,1.25,0.931,0,harvest / drying,0.0,217.7,364961.8333817694,"SEVERE flood expected in Aweil Centre this week: q50 1.3 km², above the 95th percentile of all November weeks since 2000. Approx. 218 ha of rangeland at risk; plan early herd movement. (Aweil Centre maps ~364,962 cattle in baseline.)"
2014-11-10,Aweil East,32.99,0.933,2,harvest / drying,634.1,8298.2,505027.7802561831,"High flood risk in Aweil East this week: q50 33.0 km², above most November weeks since 2000. Harvest / drying: harvest window closing — move produce and equipment to higher ground before water rises. Approx. 634 ha of mapped crops in the Aweil East floodplain are at risk. Approx. 8,298 ha of rangeland at risk; plan early herd movement. (Aweil East maps ~505,028 cattle in baseline.)"
2014-11-10,Aweil North,0.0,0.12,0,harvest / drying,0.0,0.0,463800.5038861725,"No flood expected in Aweil North this week (q50 0.0 km²). Routine monitoring. (Aweil North maps ~463,801 cattle in baseline.)"
2014-11-10,Aweil South,32.92,0.926,2,harvest / drying,633.0,10141.4,141256.8006910938,"High flood risk in Aweil South this week: q50 32.9 km², above most November weeks since 2000. Harvest / drying: harvest window closing — move produce and equipment to higher ground before water rises. Approx. 633 ha of mapped crops in the Aweil South floodplain are at risk. Approx. 10,141 ha of rangeland at risk; plan early herd movement. (Aweil South maps ~141,257 cattle in baseline.)"
2014-11-10,Aweil West,1.38,0.811,0,harvest / drying,71.1,3052.6,318964.9515941321,"SEVERE flood expected in Aweil West this week: q50 1.4 km², above the 95th percentile of all November weeks since 2000. Approx. 71 ha of mapped crops in the Aweil West floodplain are at risk. Approx. 3,053 ha of rangeland at risk; plan early herd movement. (Aweil West maps ~318,965 cattle in baseline.)"
2014-11-17,Aweil Centre,1.37,0.933,0,harvest / drying,0.0,239.1,364961.8333817694,"SEVERE flood expected in Aweil Centre this week: q50 1.4 km², above the 95th percentile of all November weeks since 2000. Approx. 239 ha of rangeland at risk; plan early herd movement. (Aweil Centre maps ~364,962 cattle in baseline.)"
2014-11-17,Aweil East,32.18,0.925,2,harvest / drying,618.4,8092.4,505027.7802561831,"High flood risk in Aweil East this week: q50 32.2 km², above most November weeks since 2000. Harvest / drying: harvest window closing — move produce and equipment to higher ground before water rises. Approx. 618 ha of mapped crops in the Aweil East floodplain are at risk. Approx. 8,092 ha of rangeland at risk; plan early herd movement. (Aweil East maps ~505,028 cattle in baseline.)"
2014-11-17,Aweil North,0.0,0.155,0,harvest / drying,0.3,10.7,463800.5038861725,"No flood expected in Aweil North this week (q50 0.0 km²). Routine monitoring. Approx. 11 ha of rangeland at risk; plan early herd movement. (Aweil North maps ~463,801 cattle in baseline.)"
2014-11-17,Aweil South,32.24,0.919,2,harvest / drying,619.9,9932.6,141256.8006910938,"High flood risk in Aweil South this week: q50 32.2 km², above most November weeks since 2000. Harvest / drying: harvest window closing — move produce and equipment to higher ground before water rises. Approx. 620 ha of mapped crops in the Aweil South floodplain are at risk. Approx. 9,933 ha of rangeland at risk; plan early herd movement. (Aweil South maps ~141,257 cattle in baseline.)"
2014-11-17,Aweil West,0.0,0.521,0,harvest / drying,0.0,0.0,318964.9515941321,"SEVERE flood expected in Aweil West this week: q50 0.0 km², above the 95th percentile of all November weeks since 2000. (Aweil West maps ~318,965 cattle in baseline.)"
2014-11-24,Aweil Centre,0.0,0.748,0,harvest / drying,0.0,0.0,364961.8333817694,"SEVERE flood expected in Aweil Centre this week: q50 0.0 km², above the 95th percentile of all November weeks since 2000. (Aweil Centre maps ~364,962 cattle in baseline.)"
2014-11-24,Aweil East,31.48,0.925,2,harvest / drying,605.0,7916.7,505027.7802561831,"High flood risk in Aweil East this week: q50 31.5 km², above most November weeks since 2000. Harvest / drying: harvest window closing — move produce and equipment to higher ground before water rises. Approx. 605 ha of mapped crops in the Aweil East floodplain are at risk. Approx. 7,917 ha of rangeland at risk; plan early herd movement. (Aweil East maps ~505,028 cattle in baseline.)"
2014-11-24,Aweil North,0.17,0.731,2,harvest / drying,43.6,1675.9,463800.5038861725,"High flood risk in Aweil North this week: q50 0.2 km², above most November weeks since 2000. Harvest / drying: harvest window closing — move produce and equipment to higher ground before water rises. Approx. 44 ha of mapped crops in the Aweil North floodplain are at risk. Approx. 1,676 ha of rangeland at risk; plan early herd movement. (Aweil North maps ~463,801 cattle in baseline.)"
2014-11-24,Aweil South,31.56,0.917,2,harvest / drying,606.7,9721.0,141256.8006910938,"High flood risk in Aweil South this week: q50 31.6 km², above most November weeks since 2000. Harvest / drying: harvest window closing — move produce and equipment to higher ground before water rises. Approx. 607 ha of mapped crops in the Aweil South floodplain are at risk. Approx. 9,721 ha of rangeland at risk; plan early herd movement. (Aweil South maps ~141,257 cattle in baseline.)"
2014-11-24,Aweil West,0.0,0.514,0,harvest / drying,0.0,0.0,318964.9515941321,"SEVERE flood expected in Aweil West this week: q50 0.0 km², above the 95th percentile of all November weeks since 2000. (Aweil West maps ~318,965 cattle in baseline.)"
2014-12-01,Aweil Centre,0.0,0.77,0,dry season,0.0,0.0,364961.8333817694,"SEVERE flood expected in Aweil Centre this week: q50 0.0 km², above the 95th percentile of all December weeks since 2000. (Aweil Centre maps ~364,962 cattle in baseline.)"
2014-12-01,Aweil East,28.12,0.928,3,dry season,1286.7,26119.9,505027.7802561831,"SEVERE flood expected in Aweil East this week: q50 28.1 km², above the 95th percentile of all December weeks since 2000. Dry season: little active cropping; floodplain grazing and residual flooding dominate. Approx. 1,287 ha of mapped crops in the Aweil East floodplain are at risk. Approx. 26,120 ha of rangeland at risk; plan early herd movement. (Aweil East maps ~505,028 cattle in baseline.)"
2014-12-01,Aweil North,0.01,0.388,2,dry season,0.0,0.0,463800.5038861725,"High flood risk in Aweil North this week: q50 0.0 km², above most December weeks since 2000. Dry season: little active cropping; floodplain grazing and residual flooding dominate. (Aweil North maps ~463,801 cattle in baseline.)"
2014-12-01,Aweil South,28.26,0.919,3,dry season,1302.8,26094.0,141256.8006910938,"SEVERE flood expected in Aweil South this week: q50 28.3 km², above the 95th percentile of all December weeks since 2000. Dry season: little active cropping; floodplain grazing and residual flooding dominate. Approx. 1,303 ha of mapped crops in the Aweil South floodplain are at risk. Approx. 26,094 ha of rangeland at risk; plan early herd movement. (Aweil South maps ~141,257 cattle in baseline.)"
2014-12-01,Aweil West,0.0,0.36,0,dry season,0.0,0.0,318964.9515941321,"No flood expected in Aweil West this week (q50 0.0 km²). Routine monitoring. (Aweil West maps ~318,965 cattle in baseline.)"
2014-12-08,Aweil Centre,0.0,0.752,0,dry season,0.0,0.0,364961.8333817694,"SEVERE flood expected in Aweil Centre this week: q50 0.0 km², above the 95th percentile of all December weeks since 2000. (Aweil Centre maps ~364,962 cattle in baseline.)"
2014-12-08,Aweil East,0.27,0.928,0,dry season,45.7,928.3,505027.7802561831,"SEVERE flood expected in Aweil East this week: q50 0.3 km², above the 95th percentile of all December weeks since 2000. Approx. 46 ha of mapped crops in the Aweil East floodplain are at risk. Approx. 928 ha of rangeland at risk; plan early herd movement. (Aweil East maps ~505,028 cattle in baseline.)"
2014-12-08,Aweil North,0.15,0.353,3,dry season,0.0,0.0,463800.5038861725,"SEVERE flood expected in Aweil North this week: q50 0.1 km², above the 95th percentile of all December weeks since 2000. Dry season: little active cropping; floodplain grazing and residual flooding dominate. (Aweil North maps ~463,801 cattle in baseline.)"
2014-12-08,Aweil South,24.17,0.916,3,dry season,1302.8,26094.0,141256.8006910938,"SEVERE flood expected in Aweil South this week: q50 24.2 km², above the 95th percentile of all December weeks since 2000. Dry season: little active cropping; floodplain grazing and residual flooding dominate. Approx. 1,303 ha of mapped crops in the Aweil South floodplain are at risk. Approx. 26,094 ha of rangeland at risk; plan early herd movement. (Aweil South maps ~141,257 cattle in baseline.)"
2014-12-08,Aweil West,0.01,0.16,3,dry season,0.0,255.6,318964.9515941321,"SEVERE flood expected in Aweil West this week: q50 0.0 km², above the 95th percentile of all December weeks since 2000. Dry season: little active cropping; floodplain grazing and residual flooding dominate. Approx. 256 ha of rangeland at risk; plan early herd movement. (Aweil West maps ~318,965 cattle in baseline.)"
2014-12-15,Aweil Centre,0.0,0.428,0,dry season,0.0,0.0,364961.8333817694,"No flood expected in Aweil Centre this week (q50 0.0 km²). Routine monitoring. (Aweil Centre maps ~364,962 cattle in baseline.)"
2014-12-15,Aweil East,0.0,0.723,0,dry season,0.0,0.0,505027.7802561831,"SEVERE flood expected in Aweil East this week: q50 0.0 km², above the 95th percentile of all December weeks since 2000. (Aweil East maps ~505,028 cattle in baseline.)"
2014-12-15,Aweil North,0.0,0.188,0,dry season,0.0,0.0,463800.5038861725,"No flood expected in Aweil North this week (q50 0.0 km²). Routine monitoring. (Aweil North maps ~463,801 cattle in baseline.)"
2014-12-15,Aweil South,5.27,0.914,2,dry season,287.3,5754.6,141256.8006910938,"High flood risk in Aweil South this week: q50 5.3 km², above most December weeks since 2000. Dry season: little active cropping; floodplain grazing and residual flooding dominate. Approx. 287 ha of mapped crops in the Aweil South floodplain are at risk. Approx. 5,755 ha of rangeland at risk; plan early herd movement. (Aweil South maps ~141,257 cattle in baseline.)"
2014-12-15,Aweil West,0.01,0.104,3,dry season,0.0,255.6,318964.9515941321,"SEVERE flood expected in Aweil West this week: q50 0.0 km², above the 95th percentile of all December weeks since 2000. Dry season: little active cropping; floodplain grazing and residual flooding dominate. Approx. 256 ha of rangeland at risk; plan early herd movement. (Aweil West maps ~318,965 cattle in baseline.)"
2014-12-22,Aweil Centre,0.02,0.254,0,dry season,0.0,13.4,364961.8333817694,"No flood expected in Aweil Centre this week (q50 0.0 km²). Routine monitoring. Approx. 13 ha of rangeland at risk; plan early herd movement. (Aweil Centre maps ~364,962 cattle in baseline.)"
2014-12-22,Aweil East,0.0,0.747,0,dry season,0.0,0.0,505027.7802561831,"SEVERE flood expected in Aweil East this week: q50 0.0 km², above the 95th percentile of all December weeks since 2000. (Aweil East maps ~505,028 cattle in baseline.)"
2014-12-22,Aweil North,0.01,0.173,2,dry season,0.0,0.0,463800.5038861725,"High flood risk in Aweil North this week: q50 0.0 km², above most December weeks since 2000. Dry season: little active cropping; floodplain grazing and residual flooding dominate. (Aweil North maps ~463,801 cattle in baseline.)"
2014-12-22,Aweil South,0.0,0.914,0,dry season,0.0,0.0,141256.8006910938,"SEVERE flood expected in Aweil South this week: q50 0.0 km², above the 95th percentile of all December weeks since 2000. (Aweil South maps ~141,257 cattle in baseline.)"
2014-12-22,Aweil West,0.0,0.154,0,dry season,0.0,7.9,318964.9515941321,"No flood expected in Aweil West this week (q50 0.0 km²). Routine monitoring. Approx. 8 ha of rangeland at risk; plan early herd movement. (Aweil West maps ~318,965 cattle in baseline.)"
2014-12-29,Aweil Centre,0.0,0.098,0,dry season,0.0,2.3,364961.8333817694,"No flood expected in Aweil Centre this week (q50 0.0 km²). Routine monitoring. Approx. 2 ha of rangeland at risk; plan early herd movement. (Aweil Centre maps ~364,962 cattle in baseline.)"
2014-12-29,Aweil East,0.03,0.558,0,dry season,4.4,89.3,505027.7802561831,"SEVERE flood expected in Aweil East this week: q50 0.0 km², above the 95th percentile of all December weeks since 2000. Approx. 4 ha of mapped crops in the Aweil East floodplain are at risk. Approx. 89 ha of rangeland at risk; plan early herd movement. (Aweil East maps ~505,028 cattle in baseline.)"
2014-12-29,Aweil North,0.0,0.084,0,dry season,0.0,0.0,463800.5038861725,"No flood expected in Aweil North this week (q50 0.0 km²). Routine monitoring. (Aweil North maps ~463,801 cattle in baseline.)"
2014-12-29,Aweil South,0.96,0.901,0,dry season,52.4,1049.7,141256.8006910938,"SEVERE flood expected in Aweil South this week: q50 1.0 km², above the 95th percentile of all December weeks since 2000. Approx. 52 ha of mapped crops in the Aweil South floodplain are at risk. Approx. 1,050 ha of rangeland at risk; plan early herd movement. (Aweil South maps ~141,257 cattle in baseline.)"
2014-12-29,Aweil West,0.0,0.104,0,dry season,0.0,0.0,318964.9515941321,"No flood expected in Aweil West this week (q50 0.0 km²). Routine monitoring. (Aweil West maps ~318,965 cattle in baseline.)"
2019-01-14,Aweil Centre,0.0,0.028,0,dry season (late phase),0.0,0.0,364961.8333817694,"No flood expected in Aweil Centre this week (q50 0.0 km²). Routine monitoring. (Aweil Centre maps ~364,962 cattle in baseline.)"
2019-01-14,Aweil East,0.0,0.028,0,dry season (late phase),0.0,0.0,505027.7802561831,"No flood expected in Aweil East this week (q50 0.0 km²). Routine monitoring. (Aweil East maps ~505,028 cattle in baseline.)"
2019-01-14,Aweil North,0.0,0.024,0,dry season (late phase),0.0,0.0,463800.5038861725,"No flood expected in Aweil North this week (q50 0.0 km²). Routine monitoring. (Aweil North maps ~463,801 cattle in baseline.)"
2019-01-14,Aweil South,0.0,0.022,0,dry season (late phase),0.0,0.0,141256.8006910938,"No flood expected in Aweil South this week (q50 0.0 km²). Routine monitoring. (Aweil South maps ~141,257 cattle in baseline.)"
2019-01-14,Aweil West,0.0,0.022,0,dry season (late phase),0.0,0.0,318964.9515941321,"No flood expected in Aweil West this week (q50 0.0 km²). Routine monitoring. (Aweil West maps ~318,965 cattle in baseline.)"
2019-01-21,Aweil Centre,0.0,0.018,0,dry season (late phase),0.0,0.0,364961.8333817694,"No flood expected in Aweil Centre this week (q50 0.0 km²). Routine monitoring. (Aweil Centre maps ~364,962 cattle in baseline.)"
2019-01-21,Aweil East,0.0,0.019,0,dry season (late phase),0.0,0.0,505027.7802561831,"No flood expected in Aweil East this week (q50 0.0 km²). Routine monitoring. (Aweil East maps ~505,028 cattle in baseline.)"
2019-01-21,Aweil North,0.0,0.015,0,dry season (late phase),0.0,0.0,463800.5038861725,"No flood expected in Aweil North this week (q50 0.0 km²). Routine monitoring. (Aweil North maps ~463,801 cattle in baseline.)"
2019-01-21,Aweil South,0.0,0.015,0,dry season (late phase),0.0,0.0,141256.8006910938,"No flood expected in Aweil South this week (q50 0.0 km²). Routine monitoring. (Aweil South maps ~141,257 cattle in baseline.)"
2019-01-21,Aweil West,0.0,0.014,0,dry season (late phase),0.0,0.0,318964.9515941321,"No flood expected in Aweil West this week (q50 0.0 km²). Routine monitoring. (Aweil West maps ~318,965 cattle in baseline.)"
2019-01-28,Aweil Centre,0.0,0.019,0,dry season (late phase),0.0,0.0,364961.8333817694,"No flood expected in Aweil Centre this week (q50 0.0 km²). Routine monitoring. (Aweil Centre maps ~364,962 cattle in baseline.)"
2019-01-28,Aweil East,0.0,0.02,0,dry season (late phase),0.0,0.0,505027.7802561831,"No flood expected in Aweil East this week (q50 0.0 km²). Routine monitoring. (Aweil East maps ~505,028 cattle in baseline.)"
2019-01-28,Aweil North,0.0,0.017,0,dry season (late phase),0.0,0.0,463800.5038861725,"No flood expected in Aweil North this week (q50 0.0 km²). Routine monitoring. (Aweil North maps ~463,801 cattle in baseline.)"
2019-01-28,Aweil South,0.0,0.016,0,dry season (late phase),0.0,0.0,141256.8006910938,"No flood expected in Aweil South this week (q50 0.0 km²). Routine monitoring. (Aweil South maps ~141,257 cattle in baseline.)"
2019-01-28,Aweil West,0.0,0.017,0,dry season (late phase),0.0,0.0,318964.9515941321,"No flood expected in Aweil West this week (q50 0.0 km²). Routine monitoring. (Aweil West maps ~318,965 cattle in baseline.)"
2019-02-04,Aweil Centre,0.0,0.014,0,dry season,0.0,0.0,364961.8333817694,"No flood expected in Aweil Centre this week (q50 0.0 km²). Routine monitoring. (Aweil Centre maps ~364,962 cattle in baseline.)"
2019-02-04,Aweil East,0.0,0.014,0,dry season,0.0,0.0,505027.7802561831,"No flood expected in Aweil East this week (q50 0.0 km²). Routine monitoring. (Aweil East maps ~505,028 cattle in baseline.)"
2019-02-04,Aweil North,0.0,0.013,0,dry season,0.0,0.0,463800.5038861725,"No flood expected in Aweil North this week (q50 0.0 km²). Routine monitoring. (Aweil North maps ~463,801 cattle in baseline.)"
2019-02-04,Aweil South,0.0,0.013,0,dry season,0.0,0.0,141256.8006910938,"No flood expected in Aweil South this week (q50 0.0 km²). Routine monitoring. (Aweil South maps ~141,257 cattle in baseline.)"
2019-02-04,Aweil West,0.0,0.014,0,dry season,0.0,0.0,318964.9515941321,"No flood expected in Aweil West this week (q50 0.0 km²). Routine monitoring. (Aweil West maps ~318,965 cattle in baseline.)"
2019-02-11,Aweil Centre,0.0,0.013,0,dry season,0.0,0.0,364961.8333817694,"No flood expected in Aweil Centre this week (q50 0.0 km²). Routine monitoring. (Aweil Centre maps ~364,962 cattle in baseline.)"
2019-02-11,Aweil East,0.0,0.013,0,dry season,0.0,0.0,505027.7802561831,"No flood expected in Aweil East this week (q50 0.0 km²). Routine monitoring. (Aweil East maps ~505,028 cattle in baseline.)"
2019-02-11,Aweil North,0.0,0.013,0,dry season,0.0,0.0,463800.5038861725,"No flood expected in Aweil North this week (q50 0.0 km²). Routine monitoring. (Aweil North maps ~463,801 cattle in baseline.)"
2019-02-11,Aweil South,0.0,0.013,0,dry season,0.0,0.0,141256.8006910938,"No flood expected in Aweil South this week (q50 0.0 km²). Routine monitoring. (Aweil South maps ~141,257 cattle in baseline.)"
2019-02-11,Aweil West,0.0,0.013,0,dry season,0.0,0.0,318964.9515941321,"No flood expected in Aweil West this week (q50 0.0 km²). Routine monitoring. (Aweil West maps ~318,965 cattle in baseline.)"
2019-02-18,Aweil Centre,0.0,0.014,0,dry season,0.0,0.0,364961.8333817694,"No flood expected in Aweil Centre this week (q50 0.0 km²). Routine monitoring. (Aweil Centre maps ~364,962 cattle in baseline.)"
2019-02-18,Aweil East,0.0,0.014,0,dry season,0.0,0.0,505027.7802561831,"No flood expected in Aweil East this week (q50 0.0 km²). Routine monitoring. (Aweil East maps ~505,028 cattle in baseline.)"
2019-02-18,Aweil North,0.0,0.013,0,dry season,0.0,0.0,463800.5038861725,"No flood expected in Aweil North this week (q50 0.0 km²). Routine monitoring. (Aweil North maps ~463,801 cattle in baseline.)"
2019-02-18,Aweil South,0.0,0.013,0,dry season,0.0,0.0,141256.8006910938,"No flood expected in Aweil South this week (q50 0.0 km²). Routine monitoring. (Aweil South maps ~141,257 cattle in baseline.)"
2019-02-18,Aweil West,0.0,0.014,0,dry season,0.0,0.0,318964.9515941321,"No flood expected in Aweil West this week (q50 0.0 km²). Routine monitoring. (Aweil West maps ~318,965 cattle in baseline.)"
2019-02-25,Aweil Centre,0.0,0.014,0,dry season,0.0,0.0,364961.8333817694,"No flood expected in Aweil Centre this week (q50 0.0 km²). Routine monitoring. (Aweil Centre maps ~364,962 cattle in baseline.)"
2019-02-25,Aweil East,0.0,0.014,0,dry season,0.0,0.0,505027.7802561831,"No flood expected in Aweil East this week (q50 0.0 km²). Routine monitoring. (Aweil East maps ~505,028 cattle in baseline.)"
2019-02-25,Aweil North,0.0,0.013,0,dry season,0.0,0.0,463800.5038861725,"No flood expected in Aweil North this week (q50 0.0 km²). Routine monitoring. (Aweil North maps ~463,801 cattle in baseline.)"
2019-02-25,Aweil South,0.0,0.013,0,dry season,0.0,0.0,141256.8006910938,"No flood expected in Aweil South this week (q50 0.0 km²). Routine monitoring. (Aweil South maps ~141,257 cattle in baseline.)"
2019-02-25,Aweil West,0.0,0.014,0,dry season,0.0,0.0,318964.9515941321,"No flood expected in Aweil West this week (q50 0.0 km²). Routine monitoring. (Aweil West maps ~318,965 cattle in baseline.)"
2019-03-04,Aweil Centre,0.0,0.087,0,early season (sowing),0.0,0.0,364961.8333817694,"No flood expected in Aweil Centre this week (q50 0.0 km²). Routine monitoring. (Aweil Centre maps ~364,962 cattle in baseline.)"
2019-03-04,Aweil East,0.0,0.013,0,early season (sowing),0.0,0.0,505027.7802561831,"No flood expected in Aweil East this week (q50 0.0 km²). Routine monitoring. (Aweil East maps ~505,028 cattle in baseline.)"
2019-03-04,Aweil North,0.0,0.013,0,early season (sowing),0.0,0.0,463800.5038861725,"No flood expected in Aweil North this week (q50 0.0 km²). Routine monitoring. (Aweil North maps ~463,801 cattle in baseline.)"
2019-03-04,Aweil South,0.0,0.013,0,early season (sowing),0.0,0.0,141256.8006910938,"No flood expected in Aweil South this week (q50 0.0 km²). Routine monitoring. (Aweil South maps ~141,257 cattle in baseline.)"
2019-03-04,Aweil West,0.0,0.013,0,early season (sowing),0.0,0.0,318964.9515941321,"No flood expected in Aweil West this week (q50 0.0 km²). Routine monitoring. (Aweil West maps ~318,965 cattle in baseline.)"
2019-03-11,Aweil Centre,0.0,0.013,0,early season (sowing),0.0,0.0,364961.8333817694,"No flood expected in Aweil Centre this week (q50 0.0 km²). Routine monitoring. (Aweil Centre maps ~364,962 cattle in baseline.)"
2019-03-11,Aweil East,0.0,0.013,0,early season (sowing),0.0,0.0,505027.7802561831,"No flood expected in Aweil East this week (q50 0.0 km²). Routine monitoring. (Aweil East maps ~505,028 cattle in baseline.)"
2019-03-11,Aweil North,0.0,0.013,0,early season (sowing),0.0,0.0,463800.5038861725,"No flood expected in Aweil North this week (q50 0.0 km²). Routine monitoring. (Aweil North maps ~463,801 cattle in baseline.)"
2019-03-11,Aweil South,0.0,0.013,0,early season (sowing),0.0,0.0,141256.8006910938,"No flood expected in Aweil South this week (q50 0.0 km²). Routine monitoring. (Aweil South maps ~141,257 cattle in baseline.)"
2019-03-11,Aweil West,0.0,0.013,0,early season (sowing),0.0,0.0,318964.9515941321,"No flood expected in Aweil West this week (q50 0.0 km²). Routine monitoring. (Aweil West maps ~318,965 cattle in baseline.)"
2019-03-18,Aweil Centre,0.0,0.014,0,early season (sowing),0.0,0.0,364961.8333817694,"No flood expected in Aweil Centre this week (q50 0.0 km²). Routine monitoring. (Aweil Centre maps ~364,962 cattle in baseline.)"
2019-03-18,Aweil East,0.0,0.013,0,early season (sowing),0.0,0.0,505027.7802561831,"No flood expected in Aweil East this week (q50 0.0 km²). Routine monitoring. (Aweil East maps ~505,028 cattle in baseline.)"
2019-03-18,Aweil North,0.0,0.013,0,early season (sowing),0.0,0.0,463800.5038861725,"No flood expected in Aweil North this week (q50 0.0 km²). Routine monitoring. (Aweil North maps ~463,801 cattle in baseline.)"
2019-03-18,Aweil South,0.0,0.013,0,early season (sowing),0.0,0.0,141256.8006910938,"No flood expected in Aweil South this week (q50 0.0 km²). Routine monitoring. (Aweil South maps ~141,257 cattle in baseline.)"
2019-03-18,Aweil West,0.0,0.014,0,early season (sowing),0.0,0.0,318964.9515941321,"No flood expected in Aweil West this week (q50 0.0 km²). Routine monitoring. (Aweil West maps ~318,965 cattle in baseline.)"
2019-03-25,Aweil Centre,0.0,0.013,0,early season (sowing),0.0,0.0,364961.8333817694,"No flood expected in Aweil Centre this week (q50 0.0 km²). Routine monitoring. (Aweil Centre maps ~364,962 cattle in baseline.)"
2019-03-25,Aweil East,0.0,0.013,0,early season (sowing),0.0,0.0,505027.7802561831,"No flood expected in Aweil East this week (q50 0.0 km²). Routine monitoring. (Aweil East maps ~505,028 cattle in baseline.)"
2019-03-25,Aweil North,0.0,0.013,0,early season (sowing),0.0,0.0,463800.5038861725,"No flood expected in Aweil North this week (q50 0.0 km²). Routine monitoring. (Aweil North maps ~463,801 cattle in baseline.)"
2019-03-25,Aweil South,0.0,0.013,0,early season (sowing),0.0,0.0,141256.8006910938,"No flood expected in Aweil South this week (q50 0.0 km²). Routine monitoring. (Aweil South maps ~141,257 cattle in baseline.)"
2019-03-25,Aweil West,0.0,0.014,0,early season (sowing),0.0,0.0,318964.9515941321,"No flood expected in Aweil West this week (q50 0.0 km²). Routine monitoring. (Aweil West maps ~318,965 cattle in baseline.)"
2019-04-01,Aweil Centre,0.0,0.013,0,crop establishment,0.0,0.0,364961.8333817694,"No flood expected in Aweil Centre this week (q50 0.0 km²). Routine monitoring. (Aweil Centre maps ~364,962 cattle in baseline.)"
2019-04-01,Aweil East,0.0,0.013,0,crop establishment,0.0,0.0,505027.7802561831,"No flood expected in Aweil East this week (q50 0.0 km²). Routine monitoring. (Aweil East maps ~505,028 cattle in baseline.)"
2019-04-01,Aweil North,0.0,0.013,0,crop establishment,0.0,0.0,463800.5038861725,"No flood expected in Aweil North this week (q50 0.0 km²). Routine monitoring. (Aweil North maps ~463,801 cattle in baseline.)"
2019-04-01,Aweil South,0.0,0.013,0,crop establishment,0.0,0.0,141256.8006910938,"No flood expected in Aweil South this week (q50 0.0 km²). Routine monitoring. (Aweil South maps ~141,257 cattle in baseline.)"
2019-04-01,Aweil West,0.0,0.014,0,crop establishment,0.0,0.0,318964.9515941321,"No flood expected in Aweil West this week (q50 0.0 km²). Routine monitoring. (Aweil West maps ~318,965 cattle in baseline.)"
2019-04-08,Aweil Centre,0.0,0.013,0,crop establishment,0.0,0.0,364961.8333817694,"No flood expected in Aweil Centre this week (q50 0.0 km²). Routine monitoring. (Aweil Centre maps ~364,962 cattle in baseline.)"
2019-04-08,Aweil East,0.0,0.013,0,crop establishment,0.0,0.0,505027.7802561831,"No flood expected in Aweil East this week (q50 0.0 km²). Routine monitoring. (Aweil East maps ~505,028 cattle in baseline.)"
2019-04-08,Aweil North,0.0,0.013,0,crop establishment,0.0,0.0,463800.5038861725,"No flood expected in Aweil North this week (q50 0.0 km²). Routine monitoring. (Aweil North maps ~463,801 cattle in baseline.)"
2019-04-08,Aweil South,0.0,0.013,0,crop establishment,0.0,0.0,141256.8006910938,"No flood expected in Aweil South this week (q50 0.0 km²). Routine monitoring. (Aweil South maps ~141,257 cattle in baseline.)"
2019-04-08,Aweil West,0.0,0.014,0,crop establishment,0.0,0.0,318964.9515941321,"No flood expected in Aweil West this week (q50 0.0 km²). Routine monitoring. (Aweil West maps ~318,965 cattle in baseline.)"
2019-04-15,Aweil Centre,0.0,0.013,0,crop establishment,0.0,0.0,364961.8333817694,"No flood expected in Aweil Centre this week (q50 0.0 km²). Routine monitoring. (Aweil Centre maps ~364,962 cattle in baseline.)"
2019-04-15,Aweil East,0.0,0.013,0,crop establishment,0.0,0.0,505027.7802561831,"No flood expected in Aweil East this week (q50 0.0 km²). Routine monitoring. (Aweil East maps ~505,028 cattle in baseline.)"
2019-04-15,Aweil North,0.0,0.013,0,crop establishment,0.0,0.0,463800.5038861725,"No flood expected in Aweil North this week (q50 0.0 km²). Routine monitoring. (Aweil North maps ~463,801 cattle in baseline.)"
2019-04-15,Aweil South,0.0,0.013,0,crop establishment,0.0,0.0,141256.8006910938,"No flood expected in Aweil South this week (q50 0.0 km²). Routine monitoring. (Aweil South maps ~141,257 cattle in baseline.)"
2019-04-15,Aweil West,0.0,0.015,0,crop establishment,0.0,0.0,318964.9515941321,"No flood expected in Aweil West this week (q50 0.0 km²). Routine monitoring. (Aweil West maps ~318,965 cattle in baseline.)"
2019-04-22,Aweil Centre,0.0,0.013,0,crop establishment,0.0,0.0,364961.8333817694,"No flood expected in Aweil Centre this week (q50 0.0 km²). Routine monitoring. (Aweil Centre maps ~364,962 cattle in baseline.)"
2019-04-22,Aweil East,0.0,0.013,0,crop establishment,0.0,0.0,505027.7802561831,"No flood expected in Aweil East this week (q50 0.0 km²). Routine monitoring. (Aweil East maps ~505,028 cattle in baseline.)"
2019-04-22,Aweil North,0.0,0.013,0,crop establishment,0.0,0.0,463800.5038861725,"No flood expected in Aweil North this week (q50 0.0 km²). Routine monitoring. (Aweil North maps ~463,801 cattle in baseline.)"
2019-04-22,Aweil South,0.0,0.013,0,crop establishment,0.0,0.0,141256.8006910938,"No flood expected in Aweil South this week (q50 0.0 km²). Routine monitoring. (Aweil South maps ~141,257 cattle in baseline.)"
2019-04-22,Aweil West,0.0,0.016,0,crop establishment,0.0,0.0,318964.9515941321,"No flood expected in Aweil West this week (q50 0.0 km²). Routine monitoring. (Aweil West maps ~318,965 cattle in baseline.)"
2019-04-29,Aweil Centre,0.0,0.013,0,crop establishment,0.0,0.0,364961.8333817694,"No flood expected in Aweil Centre this week (q50 0.0 km²). Routine monitoring. (Aweil Centre maps ~364,962 cattle in baseline.)"
2019-04-29,Aweil East,0.0,0.013,0,crop establishment,0.0,0.0,505027.7802561831,"No flood expected in Aweil East this week (q50 0.0 km²). Routine monitoring. (Aweil East maps ~505,028 cattle in baseline.)"
2019-04-29,Aweil North,0.0,0.013,0,crop establishment,0.0,0.0,463800.5038861725,"No flood expected in Aweil North this week (q50 0.0 km²). Routine monitoring. (Aweil North maps ~463,801 cattle in baseline.)"
2019-04-29,Aweil South,0.0,0.013,0,crop establishment,0.0,0.0,141256.8006910938,"No flood expected in Aweil South this week (q50 0.0 km²). Routine monitoring. (Aweil South maps ~141,257 cattle in baseline.)"
2019-04-29,Aweil West,0.0,0.018,0,crop establishment,0.0,0.0,318964.9515941321,"No flood expected in Aweil West this week (q50 0.0 km²). Routine monitoring. (Aweil West maps ~318,965 cattle in baseline.)"
2019-05-06,Aweil Centre,0.0,0.014,0,vegetative growth,0.0,0.0,364961.8333817694,"No flood expected in Aweil Centre this week (q50 0.0 km²). Routine monitoring. (Aweil Centre maps ~364,962 cattle in baseline.)"
2019-05-06,Aweil East,0.0,0.015,0,vegetative growth,0.0,0.0,505027.7802561831,"No flood expected in Aweil East this week (q50 0.0 km²). Routine monitoring. (Aweil East maps ~505,028 cattle in baseline.)"
2019-05-06,Aweil North,0.0,0.014,0,vegetative growth,0.0,0.0,463800.5038861725,"No flood expected in Aweil North this week (q50 0.0 km²). Routine monitoring. (Aweil North maps ~463,801 cattle in baseline.)"
2019-05-06,Aweil South,0.0,0.015,0,vegetative growth,0.0,0.0,141256.8006910938,"No flood expected in Aweil South this week (q50 0.0 km²). Routine monitoring. (Aweil South maps ~141,257 cattle in baseline.)"
2019-05-06,Aweil West,0.0,0.022,0,vegetative growth,0.0,0.0,318964.9515941321,"No flood expected in Aweil West this week (q50 0.0 km²). Routine monitoring. (Aweil West maps ~318,965 cattle in baseline.)"
2019-05-13,Aweil Centre,0.0,0.021,0,vegetative growth,0.0,0.0,364961.8333817694,"No flood expected in Aweil Centre this week (q50 0.0 km²). Routine monitoring. (Aweil Centre maps ~364,962 cattle in baseline.)"
2019-05-13,Aweil East,0.0,0.022,0,vegetative growth,0.0,0.0,505027.7802561831,"No flood expected in Aweil East this week (q50 0.0 km²). Routine monitoring. (Aweil East maps ~505,028 cattle in baseline.)"
2019-05-13,Aweil North,0.0,0.021,0,vegetative growth,0.0,0.0,463800.5038861725,"No flood expected in Aweil North this week (q50 0.0 km²). Routine monitoring. (Aweil North maps ~463,801 cattle in baseline.)"
2019-05-13,Aweil South,0.0,0.021,0,vegetative growth,0.0,0.0,141256.8006910938,"No flood expected in Aweil South this week (q50 0.0 km²). Routine monitoring. (Aweil South maps ~141,257 cattle in baseline.)"
2019-05-13,Aweil West,0.0,0.085,0,vegetative growth,0.0,0.0,318964.9515941321,"No flood expected in Aweil West this week (q50 0.0 km²). Routine monitoring. (Aweil West maps ~318,965 cattle in baseline.)"
2019-05-20,Aweil Centre,0.0,0.022,0,vegetative growth,0.0,0.0,364961.8333817694,"No flood expected in Aweil Centre this week (q50 0.0 km²). Routine monitoring. (Aweil Centre maps ~364,962 cattle in baseline.)"
2019-05-20,Aweil East,0.0,0.023,0,vegetative growth,0.0,0.0,505027.7802561831,"No flood expected in Aweil East this week (q50 0.0 km²). Routine monitoring. (Aweil East maps ~505,028 cattle in baseline.)"
2019-05-20,Aweil North,0.0,0.022,0,vegetative growth,0.0,0.0,463800.5038861725,"No flood expected in Aweil North this week (q50 0.0 km²). Routine monitoring. (Aweil North maps ~463,801 cattle in baseline.)"
2019-05-20,Aweil South,0.0,0.022,0,vegetative growth,0.0,0.0,141256.8006910938,"No flood expected in Aweil South this week (q50 0.0 km²). Routine monitoring. (Aweil South maps ~141,257 cattle in baseline.)"
2019-05-20,Aweil West,0.0,0.094,0,vegetative growth,0.0,0.0,318964.9515941321,"No flood expected in Aweil West this week (q50 0.0 km²). Routine monitoring. (Aweil West maps ~318,965 cattle in baseline.)"
2019-05-27,Aweil Centre,0.0,0.02,0,vegetative growth,0.0,0.0,364961.8333817694,"No flood expected in Aweil Centre this week (q50 0.0 km²). Routine monitoring. (Aweil Centre maps ~364,962 cattle in baseline.)"
2019-05-27,Aweil East,0.0,0.021,0,vegetative growth,0.0,0.0,505027.7802561831,"No flood expected in Aweil East this week (q50 0.0 km²). Routine monitoring. (Aweil East maps ~505,028 cattle in baseline.)"
2019-05-27,Aweil North,0.0,0.021,0,vegetative growth,0.0,0.0,463800.5038861725,"No flood expected in Aweil North this week (q50 0.0 km²). Routine monitoring. (Aweil North maps ~463,801 cattle in baseline.)"
2019-05-27,Aweil South,0.0,0.02,0,vegetative growth,0.0,0.0,141256.8006910938,"No flood expected in Aweil South this week (q50 0.0 km²). Routine monitoring. (Aweil South maps ~141,257 cattle in baseline.)"
2019-05-27,Aweil West,0.0,0.102,0,vegetative growth,0.0,0.0,318964.9515941321,"No flood expected in Aweil West this week (q50 0.0 km²). Routine monitoring. (Aweil West maps ~318,965 cattle in baseline.)"
2019-06-03,Aweil Centre,0.0,0.017,0,vegetative growth (peak),0.0,0.0,364961.8333817694,"No flood expected in Aweil Centre this week (q50 0.0 km²). Routine monitoring. (Aweil Centre maps ~364,962 cattle in baseline.)"
2019-06-03,Aweil East,0.0,0.018,0,vegetative growth (peak),0.0,0.0,505027.7802561831,"No flood expected in Aweil East this week (q50 0.0 km²). Routine monitoring. (Aweil East maps ~505,028 cattle in baseline.)"
2019-06-03,Aweil North,0.0,0.017,0,vegetative growth (peak),0.0,0.0,463800.5038861725,"No flood expected in Aweil North this week (q50 0.0 km²). Routine monitoring. (Aweil North maps ~463,801 cattle in baseline.)"
2019-06-03,Aweil South,0.0,0.016,0,vegetative growth (peak),0.0,0.0,141256.8006910938,"No flood expected in Aweil South this week (q50 0.0 km²). Routine monitoring. (Aweil South maps ~141,257 cattle in baseline.)"
2019-06-03,Aweil West,0.0,0.085,0,vegetative growth (peak),0.0,0.0,318964.9515941321,"No flood expected in Aweil West this week (q50 0.0 km²). Routine monitoring. (Aweil West maps ~318,965 cattle in baseline.)"
2019-06-10,Aweil Centre,0.0,0.014,0,vegetative growth (peak),0.0,0.0,364961.8333817694,"No flood expected in Aweil Centre this week (q50 0.0 km²). Routine monitoring. (Aweil Centre maps ~364,962 cattle in baseline.)"
2019-06-10,Aweil East,2.06,0.316,2,vegetative growth (peak),0.0,0.0,505027.7802561831,"High flood risk in Aweil East this week: q50 2.1 km², above most June weeks since 2000. Vegetative growth (peak): crops are at peak water demand — short flooding can be tolerated, sustained submergence is not. (Aweil East maps ~505,028 cattle in baseline.)"
2019-06-10,Aweil North,0.04,0.14,3,vegetative growth (peak),0.0,0.0,463800.5038861725,"SEVERE flood expected in Aweil North this week: q50 0.0 km², above the 95th percentile of all June weeks since 2000. Vegetative growth (peak): crops are at peak water demand — short flooding can be tolerated, sustained submergence is not. (Aweil North maps ~463,801 cattle in baseline.)"
2019-06-10,Aweil South,0.0,0.012,0,vegetative growth (peak),0.0,0.0,141256.8006910938,"No flood expected in Aweil South this week (q50 0.0 km²). Routine monitoring. (Aweil South maps ~141,257 cattle in baseline.)"
2019-06-10,Aweil West,2.25,0.561,3,vegetative growth (peak),0.0,0.0,318964.9515941321,"SEVERE flood expected in Aweil West this week: q50 2.3 km², above the 95th percentile of all June weeks since 2000. Vegetative growth (peak): crops are at peak water demand — short flooding can be tolerated, sustained submergence is not. (Aweil West maps ~318,965 cattle in baseline.)"
2019-06-17,Aweil Centre,0.03,0.14,3,vegetative growth (peak),0.0,0.0,364961.8333817694,"SEVERE flood expected in Aweil Centre this week: q50 0.0 km², above the 95th percentile of all June weeks since 2000. Vegetative growth (peak): crops are at peak water demand — short flooding can be tolerated, sustained submergence is not. (Aweil Centre maps ~364,962 cattle in baseline.)"
2019-06-17,Aweil East,2.3,0.446,2,vegetative growth (peak),0.0,0.0,505027.7802561831,"High flood risk in Aweil East this week: q50 2.3 km², above most June weeks since 2000. Vegetative growth (peak): crops are at peak water demand — short flooding can be tolerated, sustained submergence is not. (Aweil East maps ~505,028 cattle in baseline.)"
2019-06-17,Aweil North,2.28,0.415,3,vegetative growth (peak),0.0,0.0,463800.5038861725,"SEVERE flood expected in Aweil North this week: q50 2.3 km², above the 95th percentile of all June weeks since 2000. Vegetative growth (peak): crops are at peak water demand — short flooding can be tolerated, sustained submergence is not. (Aweil North maps ~463,801 cattle in baseline.)"
2019-06-17,Aweil South,0.0,0.013,0,vegetative growth (peak),0.0,0.0,141256.8006910938,"No flood expected in Aweil South this week (q50 0.0 km²). Routine monitoring. (Aweil South maps ~141,257 cattle in baseline.)"
2019-06-17,Aweil West,2.32,0.656,3,vegetative growth (peak),0.0,0.0,318964.9515941321,"SEVERE flood expected in Aweil West this week: q50 2.3 km², above the 95th percentile of all June weeks since 2000. Vegetative growth (peak): crops are at peak water demand — short flooding can be tolerated, sustained submergence is not. (Aweil West maps ~318,965 cattle in baseline.)"
2019-06-24,Aweil Centre,0.0,0.036,0,vegetative growth (peak),0.0,0.0,364961.8333817694,"No flood expected in Aweil Centre this week (q50 0.0 km²). Routine monitoring. (Aweil Centre maps ~364,962 cattle in baseline.)"
2019-06-24,Aweil East,0.0,0.048,0,vegetative growth (peak),0.0,0.0,505027.7802561831,"No flood expected in Aweil East this week (q50 0.0 km²). Routine monitoring. (Aweil East maps ~505,028 cattle in baseline.)"
2019-06-24,Aweil North,0.11,0.299,3,vegetative growth (peak),0.0,0.0,463800.5038861725,"SEVERE flood expected in Aweil North this week: q50 0.1 km², above the 95th percentile of all June weeks since 2000. Vegetative growth (peak): crops are at peak water demand — short flooding can be tolerated, sustained submergence is not. (Aweil North maps ~463,801 cattle in baseline.)"
2019-06-24,Aweil South,0.0,0.013,0,vegetative growth (peak),0.0,0.0,141256.8006910938,"No flood expected in Aweil South this week (q50 0.0 km²). Routine monitoring. (Aweil South maps ~141,257 cattle in baseline.)"
2019-06-24,Aweil West,2.33,0.67,3,vegetative growth (peak),0.0,0.0,318964.9515941321,"SEVERE flood expected in Aweil West this week: q50 2.3 km², above the 95th percentile of all June weeks since 2000. Vegetative growth (peak): crops are at peak water demand — short flooding can be tolerated, sustained submergence is not. (Aweil West maps ~318,965 cattle in baseline.)"
2019-07-01,Aweil Centre,0.0,0.019,0,vegetative growth (peak),0.0,0.0,364961.8333817694,"No flood expected in Aweil Centre this week (q50 0.0 km²). Routine monitoring. (Aweil Centre maps ~364,962 cattle in baseline.)"
2019-07-01,Aweil East,0.03,0.208,0,vegetative growth (peak),0.0,0.0,505027.7802561831,"No flood expected in Aweil East this week (q50 0.0 km²). Routine monitoring. (Aweil East maps ~505,028 cattle in baseline.)"
2019-07-01,Aweil North,0.0,0.05,0,vegetative growth (peak),0.0,0.0,463800.5038861725,"No flood expected in Aweil North this week (q50 0.0 km²). Routine monitoring. (Aweil North maps ~463,801 cattle in baseline.)"
2019-07-01,Aweil South,0.0,0.015,0,vegetative growth (peak),0.0,0.0,141256.8006910938,"No flood expected in Aweil South this week (q50 0.0 km²). Routine monitoring. (Aweil South maps ~141,257 cattle in baseline.)"
2019-07-01,Aweil West,2.33,0.65,3,vegetative growth (peak),0.0,0.0,318964.9515941321,"SEVERE flood expected in Aweil West this week: q50 2.3 km², above the 95th percentile of all July weeks since 2000. Vegetative growth (peak): crops are at peak water demand — short flooding can be tolerated, sustained submergence is not. (Aweil West maps ~318,965 cattle in baseline.)"
2019-07-08,Aweil Centre,0.0,0.028,0,vegetative growth (peak),0.0,0.0,364961.8333817694,"No flood expected in Aweil Centre this week (q50 0.0 km²). Routine monitoring. (Aweil Centre maps ~364,962 cattle in baseline.)"
2019-07-08,Aweil East,0.0,0.071,0,vegetative growth (peak),0.0,0.0,505027.7802561831,"No flood expected in Aweil East this week (q50 0.0 km²). Routine monitoring. (Aweil East maps ~505,028 cattle in baseline.)"
2019-07-08,Aweil North,0.0,0.02,0,vegetative growth (peak),0.0,0.0,463800.5038861725,"No flood expected in Aweil North this week (q50 0.0 km²). Routine monitoring. (Aweil North maps ~463,801 cattle in baseline.)"
2019-07-08,Aweil South,0.0,0.02,0,vegetative growth (peak),0.0,0.0,141256.8006910938,"No flood expected in Aweil South this week (q50 0.0 km²). Routine monitoring. (Aweil South maps ~141,257 cattle in baseline.)"
2019-07-08,Aweil West,0.12,0.51,3,vegetative growth (peak),0.0,0.0,318964.9515941321,"SEVERE flood expected in Aweil West this week: q50 0.1 km², above the 95th percentile of all July weeks since 2000. Vegetative growth (peak): crops are at peak water demand — short flooding can be tolerated, sustained submergence is not. (Aweil West maps ~318,965 cattle in baseline.)"
2019-07-15,Aweil Centre,0.0,0.065,0,vegetative growth (peak),0.0,0.0,364961.8333817694,"No flood expected in Aweil Centre this week (q50 0.0 km²). Routine monitoring. (Aweil Centre maps ~364,962 cattle in baseline.)"
2019-07-15,Aweil East,0.0,0.081,0,vegetative growth (peak),0.0,0.0,505027.7802561831,"No flood expected in Aweil East this week (q50 0.0 km²). Routine monitoring. (Aweil East maps ~505,028 cattle in baseline.)"
2019-07-15,Aweil North,0.0,0.03,0,vegetative growth (peak),0.0,0.0,463800.5038861725,"No flood expected in Aweil North this week (q50 0.0 km²). Routine monitoring. (Aweil North maps ~463,801 cattle in baseline.)"
2019-07-15,Aweil South,0.0,0.029,0,vegetative growth (peak),0.0,0.0,141256.8006910938,"No flood expected in Aweil South this week (q50 0.0 km²). Routine monitoring. (Aweil South maps ~141,257 cattle in baseline.)"
2019-07-15,Aweil West,0.08,0.481,3,vegetative growth (peak),0.0,0.0,318964.9515941321,"SEVERE flood expected in Aweil West this week: q50 0.1 km², above the 95th percentile of all July weeks since 2000. Vegetative growth (peak): crops are at peak water demand — short flooding can be tolerated, sustained submergence is not. (Aweil West maps ~318,965 cattle in baseline.)"
2019-07-22,Aweil Centre,0.0,0.045,0,vegetative growth (peak),0.0,0.0,364961.8333817694,"No flood expected in Aweil Centre this week (q50 0.0 km²). Routine monitoring. (Aweil Centre maps ~364,962 cattle in baseline.)"
2019-07-22,Aweil East,0.44,0.306,3,vegetative growth (peak),0.0,0.0,505027.7802561831,"SEVERE flood expected in Aweil East this week: q50 0.4 km², above the 95th percentile of all July weeks since 2000. Vegetative growth (peak): crops are at peak water demand — short flooding can be tolerated, sustained submergence is not. (Aweil East maps ~505,028 cattle in baseline.)"
2019-07-22,Aweil North,0.04,0.172,3,vegetative growth (peak),0.0,0.0,463800.5038861725,"SEVERE flood expected in Aweil North this week: q50 0.0 km², above the 95th percentile of all July weeks since 2000. Vegetative growth (peak): crops are at peak water demand — short flooding can be tolerated, sustained submergence is not. (Aweil North maps ~463,801 cattle in baseline.)"
2019-07-22,Aweil South,0.0,0.024,0,vegetative growth (peak),0.0,0.0,141256.8006910938,"No flood expected in Aweil South this week (q50 0.0 km²). Routine monitoring. (Aweil South maps ~141,257 cattle in baseline.)"
2019-07-22,Aweil West,2.13,0.63,3,vegetative growth (peak),0.0,0.0,318964.9515941321,"SEVERE flood expected in Aweil West this week: q50 2.1 km², above the 95th percentile of all July weeks since 2000. Vegetative growth (peak): crops are at peak water demand — short flooding can be tolerated, sustained submergence is not. (Aweil West maps ~318,965 cattle in baseline.)"
2019-07-29,Aweil Centre,0.0,0.073,0,vegetative growth (peak),0.0,0.0,364961.8333817694,"No flood expected in Aweil Centre this week (q50 0.0 km²). Routine monitoring. (Aweil Centre maps ~364,962 cattle in baseline.)"
2019-07-29,Aweil East,0.0,0.307,0,vegetative growth (peak),0.0,0.0,505027.7802561831,"No flood expected in Aweil East this week (q50 0.0 km²). Routine monitoring. (Aweil East maps ~505,028 cattle in baseline.)"
2019-07-29,Aweil North,0.0,0.035,0,vegetative growth (peak),0.0,0.0,463800.5038861725,"No flood expected in Aweil North this week (q50 0.0 km²). Routine monitoring. (Aweil North maps ~463,801 cattle in baseline.)"
2019-07-29,Aweil South,0.0,0.035,0,vegetative growth (peak),0.0,0.0,141256.8006910938,"No flood expected in Aweil South this week (q50 0.0 km²). Routine monitoring. (Aweil South maps ~141,257 cattle in baseline.)"
2019-07-29,Aweil West,0.0,0.187,0,vegetative growth (peak),0.0,0.0,318964.9515941321,"No flood expected in Aweil West this week (q50 0.0 km²). Routine monitoring. (Aweil West maps ~318,965 cattle in baseline.)"
2019-08-05,Aweil Centre,0.0,0.064,0,maturation,0.0,0.0,364961.8333817694,"No flood expected in Aweil Centre this week (q50 0.0 km²). Routine monitoring. (Aweil Centre maps ~364,962 cattle in baseline.)"
2019-08-05,Aweil East,0.0,0.1,0,maturation,0.0,0.0,505027.7802561831,"No flood expected in Aweil East this week (q50 0.0 km²). Routine monitoring. (Aweil East maps ~505,028 cattle in baseline.)"
2019-08-05,Aweil North,0.0,0.027,0,maturation,0.0,0.0,463800.5038861725,"No flood expected in Aweil North this week (q50 0.0 km²). Routine monitoring. (Aweil North maps ~463,801 cattle in baseline.)"
2019-08-05,Aweil South,0.0,0.028,0,maturation,0.0,0.0,141256.8006910938,"No flood expected in Aweil South this week (q50 0.0 km²). Routine monitoring. (Aweil South maps ~141,257 cattle in baseline.)"
2019-08-05,Aweil West,0.05,0.342,0,maturation,0.0,0.0,318964.9515941321,"No flood expected in Aweil West this week (q50 0.1 km²). Routine monitoring. (Aweil West maps ~318,965 cattle in baseline.)"
2019-08-12,Aweil Centre,0.0,0.083,0,maturation,0.0,0.0,364961.8333817694,"No flood expected in Aweil Centre this week (q50 0.0 km²). Routine monitoring. (Aweil Centre maps ~364,962 cattle in baseline.)"
2019-08-12,Aweil East,0.0,0.116,0,maturation,0.0,0.0,505027.7802561831,"No flood expected in Aweil East this week (q50 0.0 km²). Routine monitoring. (Aweil East maps ~505,028 cattle in baseline.)"
2019-08-12,Aweil North,0.0,0.034,0,maturation,0.0,0.0,463800.5038861725,"No flood expected in Aweil North this week (q50 0.0 km²). Routine monitoring. (Aweil North maps ~463,801 cattle in baseline.)"
2019-08-12,Aweil South,0.0,0.035,0,maturation,0.0,0.0,141256.8006910938,"No flood expected in Aweil South this week (q50 0.0 km²). Routine monitoring. (Aweil South maps ~141,257 cattle in baseline.)"
2019-08-12,Aweil West,2.25,0.695,3,maturation,0.0,0.0,318964.9515941321,"SEVERE flood expected in Aweil West this week: q50 2.2 km², above the 95th percentile of all August weeks since 2000. Maturation: grain is filling; flooding now damages the yield that is already banked. (Aweil West maps ~318,965 cattle in baseline.)"
2019-08-19,Aweil Centre,0.0,0.1,0,maturation,0.0,0.0,364961.8333817694,"No flood expected in Aweil Centre this week (q50 0.0 km²). Routine monitoring. (Aweil Centre maps ~364,962 cattle in baseline.)"
2019-08-19,Aweil East,0.0,0.152,0,maturation,0.0,0.0,505027.7802561831,"No flood expected in Aweil East this week (q50 0.0 km²). Routine monitoring. (Aweil East maps ~505,028 cattle in baseline.)"
2019-08-19,Aweil North,0.0,0.047,0,maturation,0.0,0.0,463800.5038861725,"No flood expected in Aweil North this week (q50 0.0 km²). Routine monitoring. (Aweil North maps ~463,801 cattle in baseline.)"
2019-08-19,Aweil South,0.0,0.055,0,maturation,0.0,0.0,141256.8006910938,"No flood expected in Aweil South this week (q50 0.0 km²). Routine monitoring. (Aweil South maps ~141,257 cattle in baseline.)"
2019-08-19,Aweil West,0.8,0.793,2,maturation,0.0,0.0,318964.9515941321,"High flood risk in Aweil West this week: q50 0.8 km², above most August weeks since 2000. Maturation: grain is filling; flooding now damages the yield that is already banked. (Aweil West maps ~318,965 cattle in baseline.)"
2019-08-26,Aweil Centre,0.0,0.104,0,maturation,0.0,0.0,364961.8333817694,"No flood expected in Aweil Centre this week (q50 0.0 km²). Routine monitoring. (Aweil Centre maps ~364,962 cattle in baseline.)"
2019-08-26,Aweil East,0.0,0.182,0,maturation,0.0,0.0,505027.7802561831,"No flood expected in Aweil East this week (q50 0.0 km²). Routine monitoring. (Aweil East maps ~505,028 cattle in baseline.)"
2019-08-26,Aweil North,0.0,0.054,0,maturation,0.0,0.0,463800.5038861725,"No flood expected in Aweil North this week (q50 0.0 km²). Routine monitoring. (Aweil North maps ~463,801 cattle in baseline.)"
2019-08-26,Aweil South,0.0,0.082,0,maturation,0.0,0.0,141256.8006910938,"No flood expected in Aweil South this week (q50 0.0 km²). Routine monitoring. (Aweil South maps ~141,257 cattle in baseline.)"
2019-08-26,Aweil West,1.21,0.825,2,maturation,0.0,0.0,318964.9515941321,"High flood risk in Aweil West this week: q50 1.2 km², above most August weeks since 2000. Maturation: grain is filling; flooding now damages the yield that is already banked. (Aweil West maps ~318,965 cattle in baseline.)"
2019-09-02,Aweil Centre,0.0,0.082,0,maturation / grain filling,0.0,0.0,364961.8333817694,"No flood expected in Aweil Centre this week (q50 0.0 km²). Routine monitoring. (Aweil Centre maps ~364,962 cattle in baseline.)"
2019-09-02,Aweil East,0.48,0.588,0,maturation / grain filling,1.4,57.3,505027.7802561831,"SEVERE flood expected in Aweil East this week: q50 0.5 km², above the 95th percentile of all September weeks since 2000. Approx. 1 ha of mapped crops in the Aweil East floodplain are at risk. Approx. 57 ha of rangeland at risk; plan early herd movement. (Aweil East maps ~505,028 cattle in baseline.)"
2019-09-02,Aweil North,0.0,0.039,0,maturation / grain filling,0.0,0.0,463800.5038861725,"No flood expected in Aweil North this week (q50 0.0 km²). Routine monitoring. (Aweil North maps ~463,801 cattle in baseline.)"
2019-09-02,Aweil South,0.0,0.066,0,maturation / grain filling,0.0,0.0,141256.8006910938,"No flood expected in Aweil South this week (q50 0.0 km²). Routine monitoring. (Aweil South maps ~141,257 cattle in baseline.)"
2019-09-02,Aweil West,2.29,0.829,0,maturation / grain filling,16.6,1051.3,318964.9515941321,"SEVERE flood expected in Aweil West this week: q50 2.3 km², above the 95th percentile of all September weeks since 2000. Approx. 17 ha of mapped crops in the Aweil West floodplain are at risk. Approx. 1,051 ha of rangeland at risk; plan early herd movement. (Aweil West maps ~318,965 cattle in baseline.)"
2019-09-09,Aweil Centre,0.0,0.08,0,maturation / grain filling,0.0,0.0,364961.8333817694,"No flood expected in Aweil Centre this week (q50 0.0 km²). Routine monitoring. (Aweil Centre maps ~364,962 cattle in baseline.)"
2019-09-09,Aweil East,2.08,0.814,0,maturation / grain filling,6.0,246.4,505027.7802561831,"SEVERE flood expected in Aweil East this week: q50 2.1 km², above the 95th percentile of all September weeks since 2000. Approx. 6 ha of mapped crops in the Aweil East floodplain are at risk. Approx. 246 ha of rangeland at risk; plan early herd movement. (Aweil East maps ~505,028 cattle in baseline.)"
2019-09-09,Aweil North,0.0,0.043,0,maturation / grain filling,0.0,0.0,463800.5038861725,"No flood expected in Aweil North this week (q50 0.0 km²). Routine monitoring. (Aweil North maps ~463,801 cattle in baseline.)"
2019-09-09,Aweil South,0.03,0.183,0,maturation / grain filling,0.7,17.9,141256.8006910938,"No flood expected in Aweil South this week (q50 0.0 km²). Routine monitoring. Approx. 18 ha of rangeland at risk; plan early herd movement. (Aweil South maps ~141,257 cattle in baseline.)"
2019-09-09,Aweil West,0.61,0.809,0,maturation / grain filling,4.4,281.9,318964.9515941321,"SEVERE flood expected in Aweil West this week: q50 0.6 km², above the 95th percentile of all September weeks since 2000. Approx. 4 ha of mapped crops in the Aweil West floodplain are at risk. Approx. 282 ha of rangeland at risk; plan early herd movement. (Aweil West maps ~318,965 cattle in baseline.)"
2019-09-16,Aweil Centre,0.1,0.405,0,maturation / grain filling,0.0,12.6,364961.8333817694,"No flood expected in Aweil Centre this week (q50 0.1 km²). Routine monitoring. Approx. 13 ha of rangeland at risk; plan early herd movement. (Aweil Centre maps ~364,962 cattle in baseline.)"
2019-09-16,Aweil East,2.38,0.833,0,maturation / grain filling,6.8,281.3,505027.7802561831,"SEVERE flood expected in Aweil East this week: q50 2.4 km², above the 95th percentile of all September weeks since 2000. Approx. 7 ha of mapped crops in the Aweil East floodplain are at risk. Approx. 281 ha of rangeland at risk; plan early herd movement. (Aweil East maps ~505,028 cattle in baseline.)"
2019-09-16,Aweil North,0.0,0.069,0,maturation / grain filling,0.0,0.0,463800.5038861725,"No flood expected in Aweil North this week (q50 0.0 km²). Routine monitoring. (Aweil North maps ~463,801 cattle in baseline.)"
2019-09-16,Aweil South,0.12,0.461,0,maturation / grain filling,2.7,72.6,141256.8006910938,"No flood expected in Aweil South this week (q50 0.1 km²). Routine monitoring. Approx. 3 ha of mapped crops in the Aweil South floodplain are at risk. Approx. 73 ha of rangeland at risk; plan early herd movement. (Aweil South maps ~141,257 cattle in baseline.)"
2019-09-16,Aweil West,2.36,0.843,0,maturation / grain filling,17.1,1084.1,318964.9515941321,"SEVERE flood expected in Aweil West this week: q50 2.4 km², above the 95th percentile of all September weeks since 2000. Approx. 17 ha of mapped crops in the Aweil West floodplain are at risk. Approx. 1,084 ha of rangeland at risk; plan early herd movement. (Aweil West maps ~318,965 cattle in baseline.)"
2019-09-23,Aweil Centre,0.0,0.257,0,maturation / grain filling,0.0,0.0,364961.8333817694,"No flood expected in Aweil Centre this week (q50 0.0 km²). Routine monitoring. (Aweil Centre maps ~364,962 cattle in baseline.)"
2019-09-23,Aweil East,0.68,0.793,0,maturation / grain filling,1.9,80.0,505027.7802561831,"SEVERE flood expected in Aweil East this week: q50 0.7 km², above the 95th percentile of all September weeks since 2000. Approx. 2 ha of mapped crops in the Aweil East floodplain are at risk. Approx. 80 ha of rangeland at risk; plan early herd movement. (Aweil East maps ~505,028 cattle in baseline.)"
2019-09-23,Aweil North,0.0,0.08,0,maturation / grain filling,0.0,0.0,463800.5038861725,"No flood expected in Aweil North this week (q50 0.0 km²). Routine monitoring. (Aweil North maps ~463,801 cattle in baseline.)"
2019-09-23,Aweil South,0.0,0.336,0,maturation / grain filling,0.0,0.0,141256.8006910938,"No flood expected in Aweil South this week (q50 0.0 km²). Routine monitoring. (Aweil South maps ~141,257 cattle in baseline.)"
2019-09-23,Aweil West,1.88,0.835,0,maturation / grain filling,13.6,862.9,318964.9515941321,"SEVERE flood expected in Aweil West this week: q50 1.9 km², above the 95th percentile of all September weeks since 2000. Approx. 14 ha of mapped crops in the Aweil West floodplain are at risk. Approx. 863 ha of rangeland at risk; plan early herd movement. (Aweil West maps ~318,965 cattle in baseline.)"
2019-09-30,Aweil Centre,0.1,0.395,0,maturation / grain filling,0.0,12.6,364961.8333817694,"No flood expected in Aweil Centre this week (q50 0.1 km²). Routine monitoring. Approx. 13 ha of rangeland at risk; plan early herd movement. (Aweil Centre maps ~364,962 cattle in baseline.)"
2019-09-30,Aweil East,2.34,0.801,0,maturation / grain filling,6.7,276.9,505027.7802561831,"SEVERE flood expected in Aweil East this week: q50 2.3 km², above the 95th percentile of all September weeks since 2000. Approx. 7 ha of mapped crops in the Aweil East floodplain are at risk. Approx. 277 ha of rangeland at risk; plan early herd movement. (Aweil East maps ~505,028 cattle in baseline.)"
2019-09-30,Aweil North,0.0,0.069,0,maturation / grain filling,0.0,0.0,463800.5038861725,"No flood expected in Aweil North this week (q50 0.0 km²). Routine monitoring. (Aweil North maps ~463,801 cattle in baseline.)"
2019-09-30,Aweil South,0.0,0.154,0,maturation / grain filling,0.0,0.0,141256.8006910938,"No flood expected in Aweil South this week (q50 0.0 km²). Routine monitoring. (Aweil South maps ~141,257 cattle in baseline.)"
2019-09-30,Aweil West,2.36,0.816,0,maturation / grain filling,17.1,1084.1,318964.9515941321,"SEVERE flood expected in Aweil West this week: q50 2.4 km², above the 95th percentile of all September weeks since 2000. Approx. 17 ha of mapped crops in the Aweil West floodplain are at risk. Approx. 1,084 ha of rangeland at risk; plan early herd movement. (Aweil West maps ~318,965 cattle in baseline.)"
2019-10-07,Aweil Centre,0.0,0.214,0,harvest,0.0,0.0,364961.8333817694,"No flood expected in Aweil Centre this week (q50 0.0 km²). Routine monitoring. (Aweil Centre maps ~364,962 cattle in baseline.)"
2019-10-07,Aweil East,2.36,0.788,0,harvest,30.5,350.3,505027.7802561831,"SEVERE flood expected in Aweil East this week: q50 2.4 km², above the 95th percentile of all October weeks since 2000. Approx. 30 ha of mapped crops in the Aweil East floodplain are at risk. Approx. 350 ha of rangeland at risk; plan early herd movement. (Aweil East maps ~505,028 cattle in baseline.)"
2019-10-07,Aweil North,0.0,0.045,0,harvest,0.0,0.0,463800.5038861725,"No flood expected in Aweil North this week (q50 0.0 km²). Routine monitoring. (Aweil North maps ~463,801 cattle in baseline.)"
2019-10-07,Aweil South,0.0,0.086,0,harvest,0.0,0.0,141256.8006910938,"No flood expected in Aweil South this week (q50 0.0 km²). Routine monitoring. (Aweil South maps ~141,257 cattle in baseline.)"
2019-10-07,Aweil West,0.18,0.624,0,harvest,2.1,98.6,318964.9515941321,"SEVERE flood expected in Aweil West this week: q50 0.2 km², above the 95th percentile of all October weeks since 2000. Approx. 2 ha of mapped crops in the Aweil West floodplain are at risk. Approx. 99 ha of rangeland at risk; plan early herd movement. (Aweil West maps ~318,965 cattle in baseline.)"
2019-10-14,Aweil Centre,0.0,0.204,0,harvest,0.0,0.0,364961.8333817694,"No flood expected in Aweil Centre this week (q50 0.0 km²). Routine monitoring. (Aweil Centre maps ~364,962 cattle in baseline.)"
2019-10-14,Aweil East,0.16,0.638,0,harvest,2.1,23.7,505027.7802561831,"SEVERE flood expected in Aweil East this week: q50 0.2 km², above the 95th percentile of all October weeks since 2000. Approx. 2 ha of mapped crops in the Aweil East floodplain are at risk. Approx. 24 ha of rangeland at risk; plan early herd movement. (Aweil East maps ~505,028 cattle in baseline.)"
2019-10-14,Aweil North,0.0,0.084,0,harvest,0.0,0.0,463800.5038861725,"No flood expected in Aweil North this week (q50 0.0 km²). Routine monitoring. (Aweil North maps ~463,801 cattle in baseline.)"
2019-10-14,Aweil South,2.31,0.751,0,harvest,58.9,932.9,141256.8006910938,"SEVERE flood expected in Aweil South this week: q50 2.3 km², above the 95th percentile of all October weeks since 2000. Approx. 59 ha of mapped crops in the Aweil South floodplain are at risk. Approx. 933 ha of rangeland at risk; plan early herd movement. (Aweil South maps ~141,257 cattle in baseline.)"
2019-10-14,Aweil West,0.15,0.669,0,harvest,1.7,79.3,318964.9515941321,"SEVERE flood expected in Aweil West this week: q50 0.1 km², above the 95th percentile of all October weeks since 2000. Approx. 2 ha of mapped crops in the Aweil West floodplain are at risk. Approx. 79 ha of rangeland at risk; plan early herd movement. (Aweil West maps ~318,965 cattle in baseline.)"
2019-10-21,Aweil Centre,0.0,0.23,0,harvest,0.0,0.0,364961.8333817694,"No flood expected in Aweil Centre this week (q50 0.0 km²). Routine monitoring. (Aweil Centre maps ~364,962 cattle in baseline.)"
2019-10-21,Aweil East,0.09,0.556,0,harvest,1.1,12.9,505027.7802561831,"SEVERE flood expected in Aweil East this week: q50 0.1 km², above the 95th percentile of all October weeks since 2000. Approx. 1 ha of mapped crops in the Aweil East floodplain are at risk. Approx. 13 ha of rangeland at risk; plan early herd movement. (Aweil East maps ~505,028 cattle in baseline.)"
2019-10-21,Aweil North,0.0,0.098,0,harvest,0.0,0.0,463800.5038861725,"No flood expected in Aweil North this week (q50 0.0 km²). Routine monitoring. (Aweil North maps ~463,801 cattle in baseline.)"
2019-10-21,Aweil South,2.13,0.815,0,harvest,54.2,859.4,141256.8006910938,"SEVERE flood expected in Aweil South this week: q50 2.1 km², above the 95th percentile of all October weeks since 2000. Approx. 54 ha of mapped crops in the Aweil South floodplain are at risk. Approx. 859 ha of rangeland at risk; plan early herd movement. (Aweil South maps ~141,257 cattle in baseline.)"
2019-10-21,Aweil West,0.11,0.435,0,harvest,1.3,60.1,318964.9515941321,"No flood expected in Aweil West this week (q50 0.1 km²). Routine monitoring. Approx. 1 ha of mapped crops in the Aweil West floodplain are at risk. Approx. 60 ha of rangeland at risk; plan early herd movement. (Aweil West maps ~318,965 cattle in baseline.)"
2019-10-28,Aweil Centre,0.0,0.191,0,harvest,0.0,0.0,364961.8333817694,"No flood expected in Aweil Centre this week (q50 0.0 km²). Routine monitoring. (Aweil Centre maps ~364,962 cattle in baseline.)"
2019-10-28,Aweil East,2.32,0.803,0,harvest,29.9,344.3,505027.7802561831,"SEVERE flood expected in Aweil East this week: q50 2.3 km², above the 95th percentile of all October weeks since 2000. Approx. 30 ha of mapped crops in the Aweil East floodplain are at risk. Approx. 344 ha of rangeland at risk; plan early herd movement. (Aweil East maps ~505,028 cattle in baseline.)"
2019-10-28,Aweil North,0.0,0.079,0,harvest,0.0,0.0,463800.5038861725,"No flood expected in Aweil North this week (q50 0.0 km²). Routine monitoring. (Aweil North maps ~463,801 cattle in baseline.)"
2019-10-28,Aweil South,2.22,0.829,0,harvest,56.6,897.0,141256.8006910938,"SEVERE flood expected in Aweil South this week: q50 2.2 km², above the 95th percentile of all October weeks since 2000. Approx. 57 ha of mapped crops in the Aweil South floodplain are at risk. Approx. 897 ha of rangeland at risk; plan early herd movement. (Aweil South maps ~141,257 cattle in baseline.)"
2019-10-28,Aweil West,0.0,0.171,0,harvest,0.0,0.0,318964.9515941321,"No flood expected in Aweil West this week (q50 0.0 km²). Routine monitoring. (Aweil West maps ~318,965 cattle in baseline.)"
2019-11-04,Aweil Centre,0.08,0.467,0,harvest / drying,0.0,13.6,364961.8333817694,"No flood expected in Aweil Centre this week (q50 0.1 km²). Routine monitoring. Approx. 14 ha of rangeland at risk; plan early herd movement. (Aweil Centre maps ~364,962 cattle in baseline.)"
2019-11-04,Aweil East,1.28,0.81,0,harvest / drying,24.5,321.1,505027.7802561831,"SEVERE flood expected in Aweil East this week: q50 1.3 km², above the 95th percentile of all November weeks since 2000. Approx. 25 ha of mapped crops in the Aweil East floodplain are at risk. Approx. 321 ha of rangeland at risk; plan early herd movement. (Aweil East maps ~505,028 cattle in baseline.)"
2019-11-04,Aweil North,0.0,0.106,0,harvest / drying,0.0,0.0,463800.5038861725,"No flood expected in Aweil North this week (q50 0.0 km²). Routine monitoring. (Aweil North maps ~463,801 cattle in baseline.)"
2019-11-04,Aweil South,0.68,0.799,0,harvest / drying,13.1,209.5,141256.8006910938,"SEVERE flood expected in Aweil South this week: q50 0.7 km², above the 95th percentile of all November weeks since 2000. Approx. 13 ha of mapped crops in the Aweil South floodplain are at risk. Approx. 210 ha of rangeland at risk; plan early herd movement. (Aweil South maps ~141,257 cattle in baseline.)"
2019-11-04,Aweil West,0.52,0.63,0,harvest / drying,27.0,1156.9,318964.9515941321,"SEVERE flood expected in Aweil West this week: q50 0.5 km², above the 95th percentile of all November weeks since 2000. Approx. 27 ha of mapped crops in the Aweil West floodplain are at risk. Approx. 1,157 ha of rangeland at risk; plan early herd movement. (Aweil West maps ~318,965 cattle in baseline.)"
2019-11-11,Aweil Centre,0.5,0.72,0,harvest / drying,0.0,86.3,364961.8333817694,"SEVERE flood expected in Aweil Centre this week: q50 0.5 km², above the 95th percentile of all November weeks since 2000. Approx. 86 ha of rangeland at risk; plan early herd movement. (Aweil Centre maps ~364,962 cattle in baseline.)"
2019-11-11,Aweil East,2.29,0.798,0,harvest / drying,44.1,576.6,505027.7802561831,"SEVERE flood expected in Aweil East this week: q50 2.3 km², above the 95th percentile of all November weeks since 2000. Approx. 44 ha of mapped crops in the Aweil East floodplain are at risk. Approx. 577 ha of rangeland at risk; plan early herd movement. (Aweil East maps ~505,028 cattle in baseline.)"
2019-11-11,Aweil North,0.0,0.156,0,harvest / drying,0.0,0.0,463800.5038861725,"No flood expected in Aweil North this week (q50 0.0 km²). Routine monitoring. (Aweil North maps ~463,801 cattle in baseline.)"
2019-11-11,Aweil South,1.23,0.797,0,harvest / drying,23.7,379.3,141256.8006910938,"SEVERE flood expected in Aweil South this week: q50 1.2 km², above the 95th percentile of all November weeks since 2000. Approx. 24 ha of mapped crops in the Aweil South floodplain are at risk. Approx. 379 ha of rangeland at risk; plan early herd movement. (Aweil South maps ~141,257 cattle in baseline.)"
2019-11-11,Aweil West,0.52,0.762,0,harvest / drying,27.0,1160.5,318964.9515941321,"SEVERE flood expected in Aweil West this week: q50 0.5 km², above the 95th percentile of all November weeks since 2000. Approx. 27 ha of mapped crops in the Aweil West floodplain are at risk. Approx. 1,161 ha of rangeland at risk; plan early herd movement. (Aweil West maps ~318,965 cattle in baseline.)"
2019-11-18,Aweil Centre,0.04,0.614,0,harvest / drying,0.0,6.3,364961.8333817694,"SEVERE flood expected in Aweil Centre this week: q50 0.0 km², above the 95th percentile of all November weeks since 2000. Approx. 6 ha of rangeland at risk; plan early herd movement. (Aweil Centre maps ~364,962 cattle in baseline.)"
2019-11-18,Aweil East,2.29,0.784,0,harvest / drying,44.0,576.4,505027.7802561831,"SEVERE flood expected in Aweil East this week: q50 2.3 km², above the 95th percentile of all November weeks since 2000. Approx. 44 ha of mapped crops in the Aweil East floodplain are at risk. Approx. 576 ha of rangeland at risk; plan early herd movement. (Aweil East maps ~505,028 cattle in baseline.)"
2019-11-18,Aweil North,0.0,0.085,0,harvest / drying,0.0,0.0,463800.5038861725,"No flood expected in Aweil North this week (q50 0.0 km²). Routine monitoring. (Aweil North maps ~463,801 cattle in baseline.)"
2019-11-18,Aweil South,0.06,0.628,0,harvest / drying,1.2,19.6,141256.8006910938,"SEVERE flood expected in Aweil South this week: q50 0.1 km², above the 95th percentile of all November weeks since 2000. Approx. 1 ha of mapped crops in the Aweil South floodplain are at risk. Approx. 20 ha of rangeland at risk; plan early herd movement. (Aweil South maps ~141,257 cattle in baseline.)"
2019-11-18,Aweil West,0.05,0.608,0,harvest / drying,2.8,120.9,318964.9515941321,"SEVERE flood expected in Aweil West this week: q50 0.1 km², above the 95th percentile of all November weeks since 2000. Approx. 3 ha of mapped crops in the Aweil West floodplain are at risk. Approx. 121 ha of rangeland at risk; plan early herd movement. (Aweil West maps ~318,965 cattle in baseline.)"
2019-11-25,Aweil Centre,0.0,0.416,0,harvest / drying,0.0,0.0,364961.8333817694,"No flood expected in Aweil Centre this week (q50 0.0 km²). Routine monitoring. (Aweil Centre maps ~364,962 cattle in baseline.)"
2019-11-25,Aweil East,0.08,0.623,0,harvest / drying,1.5,19.6,505027.7802561831,"SEVERE flood expected in Aweil East this week: q50 0.1 km², above the 95th percentile of all November weeks since 2000. Approx. 1 ha of mapped crops in the Aweil East floodplain are at risk. Approx. 20 ha of rangeland at risk; plan early herd movement. (Aweil East maps ~505,028 cattle in baseline.)"
2019-11-25,Aweil North,0.0,0.142,0,harvest / drying,0.4,17.3,463800.5038861725,"No flood expected in Aweil North this week (q50 0.0 km²). Routine monitoring. Approx. 17 ha of rangeland at risk; plan early herd movement. (Aweil North maps ~463,801 cattle in baseline.)"
2019-11-25,Aweil South,0.05,0.628,0,harvest / drying,1.1,16.9,141256.8006910938,"SEVERE flood expected in Aweil South this week: q50 0.1 km², above the 95th percentile of all November weeks since 2000. Approx. 1 ha of mapped crops in the Aweil South floodplain are at risk. Approx. 17 ha of rangeland at risk; plan early herd movement. (Aweil South maps ~141,257 cattle in baseline.)"
2019-11-25,Aweil West,0.0,0.18,0,harvest / drying,0.0,0.0,318964.9515941321,"No flood expected in Aweil West this week (q50 0.0 km²). Routine monitoring. (Aweil West maps ~318,965 cattle in baseline.)"
2019-12-02,Aweil Centre,0.43,0.54,2,dry season,0.0,249.7,364961.8333817694,"High flood risk in Aweil Centre this week: q50 0.4 km², above most December weeks since 2000. Dry season: little active cropping; floodplain grazing and residual flooding dominate. Approx. 250 ha of rangeland at risk; plan early herd movement. (Aweil Centre maps ~364,962 cattle in baseline.)"
2019-12-02,Aweil East,1.86,0.728,2,dry season,315.5,6403.5,505027.7802561831,"High flood risk in Aweil East this week: q50 1.9 km², above most December weeks since 2000. Dry season: little active cropping; floodplain grazing and residual flooding dominate. Approx. 315 ha of mapped crops in the Aweil East floodplain are at risk. Approx. 6,403 ha of rangeland at risk; plan early herd movement. (Aweil East maps ~505,028 cattle in baseline.)"
2019-12-02,Aweil North,0.0,0.047,0,dry season,0.0,0.0,463800.5038861725,"No flood expected in Aweil North this week (q50 0.0 km²). Routine monitoring. (Aweil North maps ~463,801 cattle in baseline.)"
2019-12-02,Aweil South,0.57,0.679,0,dry season,31.0,621.3,141256.8006910938,"SEVERE flood expected in Aweil South this week: q50 0.6 km², above the 95th percentile of all December weeks since 2000. Approx. 31 ha of mapped crops in the Aweil South floodplain are at risk. Approx. 621 ha of rangeland at risk; plan early herd movement. (Aweil South maps ~141,257 cattle in baseline.)"
2019-12-02,Aweil West,0.02,0.306,3,dry season,0.0,255.6,318964.9515941321,"SEVERE flood expected in Aweil West this week: q50 0.0 km², above the 95th percentile of all December weeks since 2000. Dry season: little active cropping; floodplain grazing and residual flooding dominate. Approx. 256 ha of rangeland at risk; plan early herd movement. (Aweil West maps ~318,965 cattle in baseline.)"
2019-12-09,Aweil Centre,0.04,0.426,0,dry season,0.0,20.5,364961.8333817694,"No flood expected in Aweil Centre this week (q50 0.0 km²). Routine monitoring. Approx. 21 ha of rangeland at risk; plan early herd movement. (Aweil Centre maps ~364,962 cattle in baseline.)"
2019-12-09,Aweil East,0.74,0.63,0,dry season,124.8,2533.4,505027.7802561831,"SEVERE flood expected in Aweil East this week: q50 0.7 km², above the 95th percentile of all December weeks since 2000. Approx. 125 ha of mapped crops in the Aweil East floodplain are at risk. Approx. 2,533 ha of rangeland at risk; plan early herd movement. (Aweil East maps ~505,028 cattle in baseline.)"
2019-12-09,Aweil North,0.0,0.04,0,dry season,0.0,0.0,463800.5038861725,"No flood expected in Aweil North this week (q50 0.0 km²). Routine monitoring. (Aweil North maps ~463,801 cattle in baseline.)"
2019-12-09,Aweil South,2.27,0.682,0,dry season,123.7,2476.8,141256.8006910938,"SEVERE flood expected in Aweil South this week: q50 2.3 km², above the 95th percentile of all December weeks since 2000. Approx. 124 ha of mapped crops in the Aweil South floodplain are at risk. Approx. 2,477 ha of rangeland at risk; plan early herd movement. (Aweil South maps ~141,257 cattle in baseline.)"
2019-12-09,Aweil West,0.02,0.31,3,dry season,0.0,255.6,318964.9515941321,"SEVERE flood expected in Aweil West this week: q50 0.0 km², above the 95th percentile of all December weeks since 2000. Dry season: little active cropping; floodplain grazing and residual flooding dominate. Approx. 256 ha of rangeland at risk; plan early herd movement. (Aweil West maps ~318,965 cattle in baseline.)"
2019-12-16,Aweil Centre,2.08,0.684,2,dry season,0.0,701.4,364961.8333817694,"High flood risk in Aweil Centre this week: q50 2.1 km², above most December weeks since 2000. Dry season: little active cropping; floodplain grazing and residual flooding dominate. Approx. 701 ha of rangeland at risk; plan early herd movement. (Aweil Centre maps ~364,962 cattle in baseline.)"
2019-12-16,Aweil East,0.0,0.329,0,dry season,0.0,0.0,505027.7802561831,"No flood expected in Aweil East this week (q50 0.0 km²). Routine monitoring. (Aweil East maps ~505,028 cattle in baseline.)"
2019-12-16,Aweil North,0.0,0.06,0,dry season,0.0,0.0,463800.5038861725,"No flood expected in Aweil North this week (q50 0.0 km²). Routine monitoring. (Aweil North maps ~463,801 cattle in baseline.)"
2019-12-16,Aweil South,2.09,0.735,0,dry season,114.1,2284.8,141256.8006910938,"SEVERE flood expected in Aweil South this week: q50 2.1 km², above the 95th percentile of all December weeks since 2000. Approx. 114 ha of mapped crops in the Aweil South floodplain are at risk. Approx. 2,285 ha of rangeland at risk; plan early herd movement. (Aweil South maps ~141,257 cattle in baseline.)"
2019-12-16,Aweil West,0.05,0.44,3,dry season,0.0,255.6,318964.9515941321,"SEVERE flood expected in Aweil West this week: q50 0.0 km², above the 95th percentile of all December weeks since 2000. Dry season: little active cropping; floodplain grazing and residual flooding dominate. Approx. 256 ha of rangeland at risk; plan early herd movement. (Aweil West maps ~318,965 cattle in baseline.)"
2019-12-23,Aweil Centre,0.0,0.175,0,dry season,0.0,0.0,364961.8333817694,"No flood expected in Aweil Centre this week (q50 0.0 km²). Routine monitoring. (Aweil Centre maps ~364,962 cattle in baseline.)"
2019-12-23,Aweil East,0.02,0.411,0,dry season,3.8,77.8,505027.7802561831,"No flood expected in Aweil East this week (q50 0.0 km²). Routine monitoring. Approx. 4 ha of mapped crops in the Aweil East floodplain are at risk. Approx. 78 ha of rangeland at risk; plan early herd movement. (Aweil East maps ~505,028 cattle in baseline.)"
2019-12-23,Aweil North,0.0,0.037,0,dry season,0.0,0.0,463800.5038861725,"No flood expected in Aweil North this week (q50 0.0 km²). Routine monitoring. (Aweil North maps ~463,801 cattle in baseline.)"
2019-12-23,Aweil South,2.3,0.627,0,dry season,125.6,2516.6,141256.8006910938,"SEVERE flood expected in Aweil South this week: q50 2.3 km², above the 95th percentile of all December weeks since 2000. Approx. 126 ha of mapped crops in the Aweil South floodplain are at risk. Approx. 2,517 ha of rangeland at risk; plan early herd movement. (Aweil South maps ~141,257 cattle in baseline.)"
2019-12-23,Aweil West,0.0,0.059,0,dry season,0.0,0.0,318964.9515941321,"No flood expected in Aweil West this week (q50 0.0 km²). Routine monitoring. (Aweil West maps ~318,965 cattle in baseline.)"
2019-12-30,Aweil Centre,0.0,0.248,0,dry season,0.0,1.3,364961.8333817694,"No flood expected in Aweil Centre this week (q50 0.0 km²). Routine monitoring. Approx. 1 ha of rangeland at risk; plan early herd movement. (Aweil Centre maps ~364,962 cattle in baseline.)"
2019-12-30,Aweil East,0.56,0.498,0,dry season,94.0,1908.6,505027.7802561831,"No flood expected in Aweil East this week (q50 0.6 km²). Routine monitoring. Approx. 94 ha of mapped crops in the Aweil East floodplain are at risk. Approx. 1,909 ha of rangeland at risk; plan early herd movement. (Aweil East maps ~505,028 cattle in baseline.)"
2019-12-30,Aweil North,0.0,0.094,0,dry season,0.0,0.0,463800.5038861725,"No flood expected in Aweil North this week (q50 0.0 km²). Routine monitoring. (Aweil North maps ~463,801 cattle in baseline.)"
2019-12-30,Aweil South,1.79,0.534,0,dry season,97.4,1950.2,141256.8006910938,"SEVERE flood expected in Aweil South this week: q50 1.8 km², above the 95th percentile of all December weeks since 2000. Approx. 97 ha of mapped crops in the Aweil South floodplain are at risk. Approx. 1,950 ha of rangeland at risk; plan early herd movement. (Aweil South maps ~141,257 cattle in baseline.)"
2019-12-30,Aweil West,0.0,0.069,0,dry season,0.0,0.0,318964.9515941321,"No flood expected in Aweil West this week (q50 0.0 km²). Routine monitoring. (Aweil West maps ~318,965 cattle in baseline.)"
2024-01-08,Aweil Centre,0.0,0.449,0,dry season (late phase),0.0,0.0,364961.8333817694,"No flood expected in Aweil Centre this week (q50 0.0 km²). Routine monitoring. (Aweil Centre maps ~364,962 cattle in baseline.)"
2024-01-08,Aweil East,0.0,0.426,0,dry season (late phase),0.0,0.0,505027.7802561831,"No flood expected in Aweil East this week (q50 0.0 km²). Routine monitoring. (Aweil East maps ~505,028 cattle in baseline.)"
2024-01-08,Aweil North,0.0,0.067,0,dry season (late phase),0.0,0.0,463800.5038861725,"No flood expected in Aweil North this week (q50 0.0 km²). Routine monitoring. (Aweil North maps ~463,801 cattle in baseline.)"
2024-01-08,Aweil South,0.0,0.442,0,dry season (late phase),0.0,0.0,141256.8006910938,"No flood expected in Aweil South this week (q50 0.0 km²). Routine monitoring. (Aweil South maps ~141,257 cattle in baseline.)"
2024-01-08,Aweil West,0.0,0.043,0,dry season (late phase),0.0,0.0,318964.9515941321,"No flood expected in Aweil West this week (q50 0.0 km²). Routine monitoring. (Aweil West maps ~318,965 cattle in baseline.)"
2024-01-15,Aweil Centre,0.0,0.083,0,dry season (late phase),0.0,0.0,364961.8333817694,"No flood expected in Aweil Centre this week (q50 0.0 km²). Routine monitoring. (Aweil Centre maps ~364,962 cattle in baseline.)"
2024-01-15,Aweil East,0.0,0.469,0,dry season (late phase),0.0,0.0,505027.7802561831,"No flood expected in Aweil East this week (q50 0.0 km²). Routine monitoring. (Aweil East maps ~505,028 cattle in baseline.)"
2024-01-15,Aweil North,0.0,0.065,0,dry season (late phase),0.0,0.0,463800.5038861725,"No flood expected in Aweil North this week (q50 0.0 km²). Routine monitoring. (Aweil North maps ~463,801 cattle in baseline.)"
2024-01-15,Aweil South,0.0,0.101,0,dry season (late phase),0.0,0.0,141256.8006910938,"No flood expected in Aweil South this week (q50 0.0 km²). Routine monitoring. (Aweil South maps ~141,257 cattle in baseline.)"
2024-01-15,Aweil West,0.0,0.041,0,dry season (late phase),0.0,0.0,318964.9515941321,"No flood expected in Aweil West this week (q50 0.0 km²). Routine monitoring. (Aweil West maps ~318,965 cattle in baseline.)"
2024-01-22,Aweil Centre,0.0,0.076,0,dry season (late phase),0.0,0.0,364961.8333817694,"No flood expected in Aweil Centre this week (q50 0.0 km²). Routine monitoring. (Aweil Centre maps ~364,962 cattle in baseline.)"
2024-01-22,Aweil East,0.0,0.46,0,dry season (late phase),0.0,0.0,505027.7802561831,"No flood expected in Aweil East this week (q50 0.0 km²). Routine monitoring. (Aweil East maps ~505,028 cattle in baseline.)"
2024-01-22,Aweil North,0.0,0.057,0,dry season (late phase),0.0,0.0,463800.5038861725,"No flood expected in Aweil North this week (q50 0.0 km²). Routine monitoring. (Aweil North maps ~463,801 cattle in baseline.)"
2024-01-22,Aweil South,0.0,0.049,0,dry season (late phase),0.0,0.0,141256.8006910938,"No flood expected in Aweil South this week (q50 0.0 km²). Routine monitoring. (Aweil South maps ~141,257 cattle in baseline.)"
2024-01-22,Aweil West,0.0,0.039,0,dry season (late phase),0.0,0.0,318964.9515941321,"No flood expected in Aweil West this week (q50 0.0 km²). Routine monitoring. (Aweil West maps ~318,965 cattle in baseline.)"
2024-01-29,Aweil Centre,0.0,0.065,0,dry season (late phase),0.0,0.0,364961.8333817694,"No flood expected in Aweil Centre this week (q50 0.0 km²). Routine monitoring. (Aweil Centre maps ~364,962 cattle in baseline.)"
2024-01-29,Aweil East,0.0,0.466,0,dry season (late phase),0.0,0.0,505027.7802561831,"No flood expected in Aweil East this week (q50 0.0 km²). Routine monitoring. (Aweil East maps ~505,028 cattle in baseline.)"
2024-01-29,Aweil North,0.0,0.059,0,dry season (late phase),0.0,0.0,463800.5038861725,"No flood expected in Aweil North this week (q50 0.0 km²). Routine monitoring. (Aweil North maps ~463,801 cattle in baseline.)"
2024-01-29,Aweil South,0.0,0.041,0,dry season (late phase),0.0,0.0,141256.8006910938,"No flood expected in Aweil South this week (q50 0.0 km²). Routine monitoring. (Aweil South maps ~141,257 cattle in baseline.)"
2024-01-29,Aweil West,0.0,0.039,0,dry season (late phase),0.0,0.0,318964.9515941321,"No flood expected in Aweil West this week (q50 0.0 km²). Routine monitoring. (Aweil West maps ~318,965 cattle in baseline.)"
2024-02-05,Aweil Centre,0.0,0.046,0,dry season,0.0,0.0,364961.8333817694,"No flood expected in Aweil Centre this week (q50 0.0 km²). Routine monitoring. (Aweil Centre maps ~364,962 cattle in baseline.)"
2024-02-05,Aweil East,0.0,0.088,0,dry season,0.0,0.0,505027.7802561831,"No flood expected in Aweil East this week (q50 0.0 km²). Routine monitoring. (Aweil East maps ~505,028 cattle in baseline.)"
2024-02-05,Aweil North,0.0,0.046,0,dry season,0.0,0.0,463800.5038861725,"No flood expected in Aweil North this week (q50 0.0 km²). Routine monitoring. (Aweil North maps ~463,801 cattle in baseline.)"
2024-02-05,Aweil South,0.0,0.034,0,dry season,0.0,0.0,141256.8006910938,"No flood expected in Aweil South this week (q50 0.0 km²). Routine monitoring. (Aweil South maps ~141,257 cattle in baseline.)"
2024-02-05,Aweil West,0.0,0.034,0,dry season,0.0,0.0,318964.9515941321,"No flood expected in Aweil West this week (q50 0.0 km²). Routine monitoring. (Aweil West maps ~318,965 cattle in baseline.)"
2024-02-12,Aweil Centre,0.0,0.041,0,dry season,0.0,0.0,364961.8333817694,"No flood expected in Aweil Centre this week (q50 0.0 km²). Routine monitoring. (Aweil Centre maps ~364,962 cattle in baseline.)"
2024-02-12,Aweil East,0.0,0.043,0,dry season,0.0,0.0,505027.7802561831,"No flood expected in Aweil East this week (q50 0.0 km²). Routine monitoring. (Aweil East maps ~505,028 cattle in baseline.)"
2024-02-12,Aweil North,0.0,0.041,0,dry season,0.0,0.0,463800.5038861725,"No flood expected in Aweil North this week (q50 0.0 km²). Routine monitoring. (Aweil North maps ~463,801 cattle in baseline.)"
2024-02-12,Aweil South,0.0,0.033,0,dry season,0.0,0.0,141256.8006910938,"No flood expected in Aweil South this week (q50 0.0 km²). Routine monitoring. (Aweil South maps ~141,257 cattle in baseline.)"
2024-02-12,Aweil West,0.0,0.033,0,dry season,0.0,0.0,318964.9515941321,"No flood expected in Aweil West this week (q50 0.0 km²). Routine monitoring. (Aweil West maps ~318,965 cattle in baseline.)"
2024-02-19,Aweil Centre,0.0,0.333,0,dry season,0.0,0.0,364961.8333817694,"No flood expected in Aweil Centre this week (q50 0.0 km²). Routine monitoring. (Aweil Centre maps ~364,962 cattle in baseline.)"
2024-02-19,Aweil East,0.0,0.033,0,dry season,0.0,0.0,505027.7802561831,"No flood expected in Aweil East this week (q50 0.0 km²). Routine monitoring. (Aweil East maps ~505,028 cattle in baseline.)"
2024-02-19,Aweil North,0.0,0.04,0,dry season,0.0,0.0,463800.5038861725,"No flood expected in Aweil North this week (q50 0.0 km²). Routine monitoring. (Aweil North maps ~463,801 cattle in baseline.)"
2024-02-19,Aweil South,0.0,0.033,0,dry season,0.0,0.0,141256.8006910938,"No flood expected in Aweil South this week (q50 0.0 km²). Routine monitoring. (Aweil South maps ~141,257 cattle in baseline.)"
2024-02-19,Aweil West,0.0,0.033,0,dry season,0.0,0.0,318964.9515941321,"No flood expected in Aweil West this week (q50 0.0 km²). Routine monitoring. (Aweil West maps ~318,965 cattle in baseline.)"
2024-02-26,Aweil Centre,0.0,0.057,0,dry season,0.0,0.0,364961.8333817694,"No flood expected in Aweil Centre this week (q50 0.0 km²). Routine monitoring. (Aweil Centre maps ~364,962 cattle in baseline.)"
2024-02-26,Aweil East,0.0,0.033,0,dry season,0.0,0.0,505027.7802561831,"No flood expected in Aweil East this week (q50 0.0 km²). Routine monitoring. (Aweil East maps ~505,028 cattle in baseline.)"
2024-02-26,Aweil North,0.0,0.042,0,dry season,0.0,0.0,463800.5038861725,"No flood expected in Aweil North this week (q50 0.0 km²). Routine monitoring. (Aweil North maps ~463,801 cattle in baseline.)"
2024-02-26,Aweil South,0.0,0.033,0,dry season,0.0,0.0,141256.8006910938,"No flood expected in Aweil South this week (q50 0.0 km²). Routine monitoring. (Aweil South maps ~141,257 cattle in baseline.)"
2024-02-26,Aweil West,0.0,0.033,0,dry season,0.0,0.0,318964.9515941321,"No flood expected in Aweil West this week (q50 0.0 km²). Routine monitoring. (Aweil West maps ~318,965 cattle in baseline.)"
2024-03-04,Aweil Centre,0.0,0.041,0,early season (sowing),0.0,0.0,364961.8333817694,"No flood expected in Aweil Centre this week (q50 0.0 km²). Routine monitoring. (Aweil Centre maps ~364,962 cattle in baseline.)"
2024-03-04,Aweil East,0.0,0.033,0,early season (sowing),0.0,0.0,505027.7802561831,"No flood expected in Aweil East this week (q50 0.0 km²). Routine monitoring. (Aweil East maps ~505,028 cattle in baseline.)"
2024-03-04,Aweil North,0.0,0.041,0,early season (sowing),0.0,0.0,463800.5038861725,"No flood expected in Aweil North this week (q50 0.0 km²). Routine monitoring. (Aweil North maps ~463,801 cattle in baseline.)"
2024-03-04,Aweil South,0.0,0.033,0,early season (sowing),0.0,0.0,141256.8006910938,"No flood expected in Aweil South this week (q50 0.0 km²). Routine monitoring. (Aweil South maps ~141,257 cattle in baseline.)"
2024-03-04,Aweil West,0.0,0.032,0,early season (sowing),0.0,0.0,318964.9515941321,"No flood expected in Aweil West this week (q50 0.0 km²). Routine monitoring. (Aweil West maps ~318,965 cattle in baseline.)"
2024-03-11,Aweil Centre,0.0,0.038,0,early season (sowing),0.0,0.0,364961.8333817694,"No flood expected in Aweil Centre this week (q50 0.0 km²). Routine monitoring. (Aweil Centre maps ~364,962 cattle in baseline.)"
2024-03-11,Aweil East,0.0,0.032,0,early season (sowing),0.0,0.0,505027.7802561831,"No flood expected in Aweil East this week (q50 0.0 km²). Routine monitoring. (Aweil East maps ~505,028 cattle in baseline.)"
2024-03-11,Aweil North,0.0,0.041,0,early season (sowing),0.0,0.0,463800.5038861725,"No flood expected in Aweil North this week (q50 0.0 km²). Routine monitoring. (Aweil North maps ~463,801 cattle in baseline.)"
2024-03-11,Aweil South,0.0,0.033,0,early season (sowing),0.0,0.0,141256.8006910938,"No flood expected in Aweil South this week (q50 0.0 km²). Routine monitoring. (Aweil South maps ~141,257 cattle in baseline.)"
2024-03-11,Aweil West,0.0,0.033,0,early season (sowing),0.0,0.0,318964.9515941321,"No flood expected in Aweil West this week (q50 0.0 km²). Routine monitoring. (Aweil West maps ~318,965 cattle in baseline.)"
2024-03-18,Aweil Centre,0.0,0.039,0,early season (sowing),0.0,0.0,364961.8333817694,"No flood expected in Aweil Centre this week (q50 0.0 km²). Routine monitoring. (Aweil Centre maps ~364,962 cattle in baseline.)"
2024-03-18,Aweil East,0.0,0.034,0,early season (sowing),0.0,0.0,505027.7802561831,"No flood expected in Aweil East this week (q50 0.0 km²). Routine monitoring. (Aweil East maps ~505,028 cattle in baseline.)"
2024-03-18,Aweil North,0.0,0.042,0,early season (sowing),0.0,0.0,463800.5038861725,"No flood expected in Aweil North this week (q50 0.0 km²). Routine monitoring. (Aweil North maps ~463,801 cattle in baseline.)"
2024-03-18,Aweil South,0.0,0.037,0,early season (sowing),0.0,0.0,141256.8006910938,"No flood expected in Aweil South this week (q50 0.0 km²). Routine monitoring. (Aweil South maps ~141,257 cattle in baseline.)"
2024-03-18,Aweil West,0.0,0.036,0,early season (sowing),0.0,0.0,318964.9515941321,"No flood expected in Aweil West this week (q50 0.0 km²). Routine monitoring. (Aweil West maps ~318,965 cattle in baseline.)"
2024-03-25,Aweil Centre,0.0,0.038,0,early season (sowing),0.0,0.0,364961.8333817694,"No flood expected in Aweil Centre this week (q50 0.0 km²). Routine monitoring. (Aweil Centre maps ~364,962 cattle in baseline.)"
2024-03-25,Aweil East,0.0,0.036,0,early season (sowing),0.0,0.0,505027.7802561831,"No flood expected in Aweil East this week (q50 0.0 km²). Routine monitoring. (Aweil East maps ~505,028 cattle in baseline.)"
2024-03-25,Aweil North,0.0,0.043,0,early season (sowing),0.0,0.0,463800.5038861725,"No flood expected in Aweil North this week (q50 0.0 km²). Routine monitoring. (Aweil North maps ~463,801 cattle in baseline.)"
2024-03-25,Aweil South,0.0,0.038,0,early season (sowing),0.0,0.0,141256.8006910938,"No flood expected in Aweil South this week (q50 0.0 km²). Routine monitoring. (Aweil South maps ~141,257 cattle in baseline.)"
2024-03-25,Aweil West,0.0,0.313,0,early season (sowing),0.0,0.0,318964.9515941321,"No flood expected in Aweil West this week (q50 0.0 km²). Routine monitoring. (Aweil West maps ~318,965 cattle in baseline.)"
2024-04-01,Aweil Centre,0.0,0.04,0,crop establishment,0.0,0.0,364961.8333817694,"No flood expected in Aweil Centre this week (q50 0.0 km²). Routine monitoring. (Aweil Centre maps ~364,962 cattle in baseline.)"
2024-04-01,Aweil East,0.0,0.038,0,crop establishment,0.0,0.0,505027.7802561831,"No flood expected in Aweil East this week (q50 0.0 km²). Routine monitoring. (Aweil East maps ~505,028 cattle in baseline.)"
2024-04-01,Aweil North,0.0,0.047,0,crop establishment,0.0,0.0,463800.5038861725,"No flood expected in Aweil North this week (q50 0.0 km²). Routine monitoring. (Aweil North maps ~463,801 cattle in baseline.)"
2024-04-01,Aweil South,0.0,0.039,0,crop establishment,0.0,0.0,141256.8006910938,"No flood expected in Aweil South this week (q50 0.0 km²). Routine monitoring. (Aweil South maps ~141,257 cattle in baseline.)"
2024-04-01,Aweil West,0.0,0.059,0,crop establishment,0.0,0.0,318964.9515941321,"No flood expected in Aweil West this week (q50 0.0 km²). Routine monitoring. (Aweil West maps ~318,965 cattle in baseline.)"
2024-04-08,Aweil Centre,0.0,0.039,0,crop establishment,0.0,0.0,364961.8333817694,"No flood expected in Aweil Centre this week (q50 0.0 km²). Routine monitoring. (Aweil Centre maps ~364,962 cattle in baseline.)"
2024-04-08,Aweil East,0.0,0.038,0,crop establishment,0.0,0.0,505027.7802561831,"No flood expected in Aweil East this week (q50 0.0 km²). Routine monitoring. (Aweil East maps ~505,028 cattle in baseline.)"
2024-04-08,Aweil North,0.0,0.048,0,crop establishment,0.0,0.0,463800.5038861725,"No flood expected in Aweil North this week (q50 0.0 km²). Routine monitoring. (Aweil North maps ~463,801 cattle in baseline.)"
2024-04-08,Aweil South,0.0,0.039,0,crop establishment,0.0,0.0,141256.8006910938,"No flood expected in Aweil South this week (q50 0.0 km²). Routine monitoring. (Aweil South maps ~141,257 cattle in baseline.)"
2024-04-08,Aweil West,0.0,0.04,0,crop establishment,0.0,0.0,318964.9515941321,"No flood expected in Aweil West this week (q50 0.0 km²). Routine monitoring. (Aweil West maps ~318,965 cattle in baseline.)"
2024-04-15,Aweil Centre,0.0,0.038,0,crop establishment,0.0,0.0,364961.8333817694,"No flood expected in Aweil Centre this week (q50 0.0 km²). Routine monitoring. (Aweil Centre maps ~364,962 cattle in baseline.)"
2024-04-15,Aweil East,0.0,0.038,0,crop establishment,0.0,0.0,505027.7802561831,"No flood expected in Aweil East this week (q50 0.0 km²). Routine monitoring. (Aweil East maps ~505,028 cattle in baseline.)"
2024-04-15,Aweil North,0.0,0.049,0,crop establishment,0.0,0.0,463800.5038861725,"No flood expected in Aweil North this week (q50 0.0 km²). Routine monitoring. (Aweil North maps ~463,801 cattle in baseline.)"
2024-04-15,Aweil South,0.0,0.039,0,crop establishment,0.0,0.0,141256.8006910938,"No flood expected in Aweil South this week (q50 0.0 km²). Routine monitoring. (Aweil South maps ~141,257 cattle in baseline.)"
2024-04-15,Aweil West,0.0,0.038,0,crop establishment,0.0,0.0,318964.9515941321,"No flood expected in Aweil West this week (q50 0.0 km²). Routine monitoring. (Aweil West maps ~318,965 cattle in baseline.)"
2024-04-22,Aweil Centre,0.0,0.059,0,crop establishment,0.0,0.0,364961.8333817694,"No flood expected in Aweil Centre this week (q50 0.0 km²). Routine monitoring. (Aweil Centre maps ~364,962 cattle in baseline.)"
2024-04-22,Aweil East,0.0,0.133,0,crop establishment,0.0,0.0,505027.7802561831,"No flood expected in Aweil East this week (q50 0.0 km²). Routine monitoring. (Aweil East maps ~505,028 cattle in baseline.)"
2024-04-22,Aweil North,0.0,0.073,0,crop establishment,0.0,0.0,463800.5038861725,"No flood expected in Aweil North this week (q50 0.0 km²). Routine monitoring. (Aweil North maps ~463,801 cattle in baseline.)"
2024-04-22,Aweil South,0.0,0.063,0,crop establishment,0.0,0.0,141256.8006910938,"No flood expected in Aweil South this week (q50 0.0 km²). Routine monitoring. (Aweil South maps ~141,257 cattle in baseline.)"
2024-04-22,Aweil West,0.0,0.063,0,crop establishment,0.0,0.0,318964.9515941321,"No flood expected in Aweil West this week (q50 0.0 km²). Routine monitoring. (Aweil West maps ~318,965 cattle in baseline.)"
2024-04-29,Aweil Centre,0.0,0.058,0,crop establishment,0.0,0.0,364961.8333817694,"No flood expected in Aweil Centre this week (q50 0.0 km²). Routine monitoring. (Aweil Centre maps ~364,962 cattle in baseline.)"
2024-04-29,Aweil East,0.0,0.148,0,crop establishment,0.0,0.0,505027.7802561831,"No flood expected in Aweil East this week (q50 0.0 km²). Routine monitoring. (Aweil East maps ~505,028 cattle in baseline.)"
2024-04-29,Aweil North,0.0,0.065,0,crop establishment,0.0,0.0,463800.5038861725,"No flood expected in Aweil North this week (q50 0.0 km²). Routine monitoring. (Aweil North maps ~463,801 cattle in baseline.)"
2024-04-29,Aweil South,0.0,0.057,0,crop establishment,0.0,0.0,141256.8006910938,"No flood expected in Aweil South this week (q50 0.0 km²). Routine monitoring. (Aweil South maps ~141,257 cattle in baseline.)"
2024-04-29,Aweil West,0.0,0.057,0,crop establishment,0.0,0.0,318964.9515941321,"No flood expected in Aweil West this week (q50 0.0 km²). Routine monitoring. (Aweil West maps ~318,965 cattle in baseline.)"
2024-05-06,Aweil Centre,0.0,0.062,0,vegetative growth,0.0,0.0,364961.8333817694,"No flood expected in Aweil Centre this week (q50 0.0 km²). Routine monitoring. (Aweil Centre maps ~364,962 cattle in baseline.)"
2024-05-06,Aweil East,0.0,0.169,0,vegetative growth,0.0,0.0,505027.7802561831,"No flood expected in Aweil East this week (q50 0.0 km²). Routine monitoring. (Aweil East maps ~505,028 cattle in baseline.)"
2024-05-06,Aweil North,0.0,0.06,0,vegetative growth,0.0,0.0,463800.5038861725,"No flood expected in Aweil North this week (q50 0.0 km²). Routine monitoring. (Aweil North maps ~463,801 cattle in baseline.)"
2024-05-06,Aweil South,0.0,0.053,0,vegetative growth,0.0,0.0,141256.8006910938,"No flood expected in Aweil South this week (q50 0.0 km²). Routine monitoring. (Aweil South maps ~141,257 cattle in baseline.)"
2024-05-06,Aweil West,0.0,0.053,0,vegetative growth,0.0,0.0,318964.9515941321,"No flood expected in Aweil West this week (q50 0.0 km²). Routine monitoring. (Aweil West maps ~318,965 cattle in baseline.)"
2024-05-13,Aweil Centre,0.0,0.045,0,vegetative growth,0.0,0.0,364961.8333817694,"No flood expected in Aweil Centre this week (q50 0.0 km²). Routine monitoring. (Aweil Centre maps ~364,962 cattle in baseline.)"
2024-05-13,Aweil East,0.0,0.126,0,vegetative growth,0.0,0.0,505027.7802561831,"No flood expected in Aweil East this week (q50 0.0 km²). Routine monitoring. (Aweil East maps ~505,028 cattle in baseline.)"
2024-05-13,Aweil North,0.0,0.041,0,vegetative growth,0.0,0.0,463800.5038861725,"No flood expected in Aweil North this week (q50 0.0 km²). Routine monitoring. (Aweil North maps ~463,801 cattle in baseline.)"
2024-05-13,Aweil South,0.0,0.037,0,vegetative growth,0.0,0.0,141256.8006910938,"No flood expected in Aweil South this week (q50 0.0 km²). Routine monitoring. (Aweil South maps ~141,257 cattle in baseline.)"
2024-05-13,Aweil West,0.0,0.037,0,vegetative growth,0.0,0.0,318964.9515941321,"No flood expected in Aweil West this week (q50 0.0 km²). Routine monitoring. (Aweil West maps ~318,965 cattle in baseline.)"
2024-05-20,Aweil Centre,0.0,0.045,0,vegetative growth,0.0,0.0,364961.8333817694,"No flood expected in Aweil Centre this week (q50 0.0 km²). Routine monitoring. (Aweil Centre maps ~364,962 cattle in baseline.)"
2024-05-20,Aweil East,0.0,0.127,0,vegetative growth,0.0,0.0,505027.7802561831,"No flood expected in Aweil East this week (q50 0.0 km²). Routine monitoring. (Aweil East maps ~505,028 cattle in baseline.)"
2024-05-20,Aweil North,0.0,0.042,0,vegetative growth,0.0,0.0,463800.5038861725,"No flood expected in Aweil North this week (q50 0.0 km²). Routine monitoring. (Aweil North maps ~463,801 cattle in baseline.)"
2024-05-20,Aweil South,0.0,0.037,0,vegetative growth,0.0,0.0,141256.8006910938,"No flood expected in Aweil South this week (q50 0.0 km²). Routine monitoring. (Aweil South maps ~141,257 cattle in baseline.)"
2024-05-20,Aweil West,0.0,0.037,0,vegetative growth,0.0,0.0,318964.9515941321,"No flood expected in Aweil West this week (q50 0.0 km²). Routine monitoring. (Aweil West maps ~318,965 cattle in baseline.)"
2024-05-27,Aweil Centre,0.0,0.046,0,vegetative growth,0.0,0.0,364961.8333817694,"No flood expected in Aweil Centre this week (q50 0.0 km²). Routine monitoring. (Aweil Centre maps ~364,962 cattle in baseline.)"
2024-05-27,Aweil East,0.0,0.124,0,vegetative growth,0.0,0.0,505027.7802561831,"No flood expected in Aweil East this week (q50 0.0 km²). Routine monitoring. (Aweil East maps ~505,028 cattle in baseline.)"
2024-05-27,Aweil North,0.0,0.042,0,vegetative growth,0.0,0.0,463800.5038861725,"No flood expected in Aweil North this week (q50 0.0 km²). Routine monitoring. (Aweil North maps ~463,801 cattle in baseline.)"
2024-05-27,Aweil South,0.0,0.038,0,vegetative growth,0.0,0.0,141256.8006910938,"No flood expected in Aweil South this week (q50 0.0 km²). Routine monitoring. (Aweil South maps ~141,257 cattle in baseline.)"
2024-05-27,Aweil West,0.0,0.038,0,vegetative growth,0.0,0.0,318964.9515941321,"No flood expected in Aweil West this week (q50 0.0 km²). Routine monitoring. (Aweil West maps ~318,965 cattle in baseline.)"
2024-06-03,Aweil Centre,0.0,0.045,0,vegetative growth (peak),0.0,0.0,364961.8333817694,"No flood expected in Aweil Centre this week (q50 0.0 km²). Routine monitoring. (Aweil Centre maps ~364,962 cattle in baseline.)"
2024-06-03,Aweil East,0.0,0.118,0,vegetative growth (peak),0.0,0.0,505027.7802561831,"No flood expected in Aweil East this week (q50 0.0 km²). Routine monitoring. (Aweil East maps ~505,028 cattle in baseline.)"
2024-06-03,Aweil North,0.0,0.04,0,vegetative growth (peak),0.0,0.0,463800.5038861725,"No flood expected in Aweil North this week (q50 0.0 km²). Routine monitoring. (Aweil North maps ~463,801 cattle in baseline.)"
2024-06-03,Aweil South,0.0,0.036,0,vegetative growth (peak),0.0,0.0,141256.8006910938,"No flood expected in Aweil South this week (q50 0.0 km²). Routine monitoring. (Aweil South maps ~141,257 cattle in baseline.)"
2024-06-03,Aweil West,0.0,0.036,0,vegetative growth (peak),0.0,0.0,318964.9515941321,"No flood expected in Aweil West this week (q50 0.0 km²). Routine monitoring. (Aweil West maps ~318,965 cattle in baseline.)"
2024-06-10,Aweil Centre,0.0,0.043,0,vegetative growth (peak),0.0,0.0,364961.8333817694,"No flood expected in Aweil Centre this week (q50 0.0 km²). Routine monitoring. (Aweil Centre maps ~364,962 cattle in baseline.)"
2024-06-10,Aweil East,0.0,0.111,0,vegetative growth (peak),0.0,0.0,505027.7802561831,"No flood expected in Aweil East this week (q50 0.0 km²). Routine monitoring. (Aweil East maps ~505,028 cattle in baseline.)"
2024-06-10,Aweil North,0.0,0.038,0,vegetative growth (peak),0.0,0.0,463800.5038861725,"No flood expected in Aweil North this week (q50 0.0 km²). Routine monitoring. (Aweil North maps ~463,801 cattle in baseline.)"
2024-06-10,Aweil South,0.0,0.035,0,vegetative growth (peak),0.0,0.0,141256.8006910938,"No flood expected in Aweil South this week (q50 0.0 km²). Routine monitoring. (Aweil South maps ~141,257 cattle in baseline.)"
2024-06-10,Aweil West,0.0,0.036,0,vegetative growth (peak),0.0,0.0,318964.9515941321,"No flood expected in Aweil West this week (q50 0.0 km²). Routine monitoring. (Aweil West maps ~318,965 cattle in baseline.)"
2024-06-17,Aweil Centre,0.0,0.041,0,vegetative growth (peak),0.0,0.0,364961.8333817694,"No flood expected in Aweil Centre this week (q50 0.0 km²). Routine monitoring. (Aweil Centre maps ~364,962 cattle in baseline.)"
2024-06-17,Aweil East,0.0,0.106,0,vegetative growth (peak),0.0,0.0,505027.7802561831,"No flood expected in Aweil East this week (q50 0.0 km²). Routine monitoring. (Aweil East maps ~505,028 cattle in baseline.)"
2024-06-17,Aweil North,0.0,0.038,0,vegetative growth (peak),0.0,0.0,463800.5038861725,"No flood expected in Aweil North this week (q50 0.0 km²). Routine monitoring. (Aweil North maps ~463,801 cattle in baseline.)"
2024-06-17,Aweil South,0.0,0.034,0,vegetative growth (peak),0.0,0.0,141256.8006910938,"No flood expected in Aweil South this week (q50 0.0 km²). Routine monitoring. (Aweil South maps ~141,257 cattle in baseline.)"
2024-06-17,Aweil West,0.0,0.035,0,vegetative growth (peak),0.0,0.0,318964.9515941321,"No flood expected in Aweil West this week (q50 0.0 km²). Routine monitoring. (Aweil West maps ~318,965 cattle in baseline.)"
2024-06-24,Aweil Centre,0.0,0.043,0,vegetative growth (peak),0.0,0.0,364961.8333817694,"No flood expected in Aweil Centre this week (q50 0.0 km²). Routine monitoring. (Aweil Centre maps ~364,962 cattle in baseline.)"
2024-06-24,Aweil East,0.0,0.103,0,vegetative growth (peak),0.0,0.0,505027.7802561831,"No flood expected in Aweil East this week (q50 0.0 km²). Routine monitoring. (Aweil East maps ~505,028 cattle in baseline.)"
2024-06-24,Aweil North,0.0,0.039,0,vegetative growth (peak),0.0,0.0,463800.5038861725,"No flood expected in Aweil North this week (q50 0.0 km²). Routine monitoring. (Aweil North maps ~463,801 cattle in baseline.)"
2024-06-24,Aweil South,0.0,0.035,0,vegetative growth (peak),0.0,0.0,141256.8006910938,"No flood expected in Aweil South this week (q50 0.0 km²). Routine monitoring. (Aweil South maps ~141,257 cattle in baseline.)"
2024-06-24,Aweil West,0.0,0.036,0,vegetative growth (peak),0.0,0.0,318964.9515941321,"No flood expected in Aweil West this week (q50 0.0 km²). Routine monitoring. (Aweil West maps ~318,965 cattle in baseline.)"
2024-07-01,Aweil Centre,0.0,0.056,0,vegetative growth (peak),0.0,0.0,364961.8333817694,"No flood expected in Aweil Centre this week (q50 0.0 km²). Routine monitoring. (Aweil Centre maps ~364,962 cattle in baseline.)"
2024-07-01,Aweil East,0.0,0.113,0,vegetative growth (peak),0.0,0.0,505027.7802561831,"No flood expected in Aweil East this week (q50 0.0 km²). Routine monitoring. (Aweil East maps ~505,028 cattle in baseline.)"
2024-07-01,Aweil North,0.0,0.042,0,vegetative growth (peak),0.0,0.0,463800.5038861725,"No flood expected in Aweil North this week (q50 0.0 km²). Routine monitoring. (Aweil North maps ~463,801 cattle in baseline.)"
2024-07-01,Aweil South,0.0,0.038,0,vegetative growth (peak),0.0,0.0,141256.8006910938,"No flood expected in Aweil South this week (q50 0.0 km²). Routine monitoring. (Aweil South maps ~141,257 cattle in baseline.)"
2024-07-01,Aweil West,0.0,0.039,0,vegetative growth (peak),0.0,0.0,318964.9515941321,"No flood expected in Aweil West this week (q50 0.0 km²). Routine monitoring. (Aweil West maps ~318,965 cattle in baseline.)"
2024-07-08,Aweil Centre,0.0,0.068,0,vegetative growth (peak),0.0,0.0,364961.8333817694,"No flood expected in Aweil Centre this week (q50 0.0 km²). Routine monitoring. (Aweil Centre maps ~364,962 cattle in baseline.)"
2024-07-08,Aweil East,0.0,0.469,0,vegetative growth (peak),0.0,0.0,505027.7802561831,"No flood expected in Aweil East this week (q50 0.0 km²). Routine monitoring. (Aweil East maps ~505,028 cattle in baseline.)"
2024-07-08,Aweil North,0.0,0.051,0,vegetative growth (peak),0.0,0.0,463800.5038861725,"No flood expected in Aweil North this week (q50 0.0 km²). Routine monitoring. (Aweil North maps ~463,801 cattle in baseline.)"
2024-07-08,Aweil South,0.0,0.044,0,vegetative growth (peak),0.0,0.0,141256.8006910938,"No flood expected in Aweil South this week (q50 0.0 km²). Routine monitoring. (Aweil South maps ~141,257 cattle in baseline.)"
2024-07-08,Aweil West,0.0,0.046,0,vegetative growth (peak),0.0,0.0,318964.9515941321,"No flood expected in Aweil West this week (q50 0.0 km²). Routine monitoring. (Aweil West maps ~318,965 cattle in baseline.)"
2024-07-15,Aweil Centre,0.0,0.079,0,vegetative growth (peak),0.0,0.0,364961.8333817694,"No flood expected in Aweil Centre this week (q50 0.0 km²). Routine monitoring. (Aweil Centre maps ~364,962 cattle in baseline.)"
2024-07-15,Aweil East,0.0,0.205,0,vegetative growth (peak),0.0,0.0,505027.7802561831,"No flood expected in Aweil East this week (q50 0.0 km²). Routine monitoring. (Aweil East maps ~505,028 cattle in baseline.)"
2024-07-15,Aweil North,0.0,0.059,0,vegetative growth (peak),0.0,0.0,463800.5038861725,"No flood expected in Aweil North this week (q50 0.0 km²). Routine monitoring. (Aweil North maps ~463,801 cattle in baseline.)"
2024-07-15,Aweil South,0.0,0.049,0,vegetative growth (peak),0.0,0.0,141256.8006910938,"No flood expected in Aweil South this week (q50 0.0 km²). Routine monitoring. (Aweil South maps ~141,257 cattle in baseline.)"
2024-07-15,Aweil West,0.0,0.05,0,vegetative growth (peak),0.0,0.0,318964.9515941321,"No flood expected in Aweil West this week (q50 0.0 km²). Routine monitoring. (Aweil West maps ~318,965 cattle in baseline.)"
2024-07-22,Aweil Centre,0.0,0.106,0,vegetative growth (peak),0.0,0.0,364961.8333817694,"No flood expected in Aweil Centre this week (q50 0.0 km²). Routine monitoring. (Aweil Centre maps ~364,962 cattle in baseline.)"
2024-07-22,Aweil East,0.0,0.184,0,vegetative growth (peak),0.0,0.0,505027.7802561831,"No flood expected in Aweil East this week (q50 0.0 km²). Routine monitoring. (Aweil East maps ~505,028 cattle in baseline.)"
2024-07-22,Aweil North,0.0,0.074,0,vegetative growth (peak),0.0,0.0,463800.5038861725,"No flood expected in Aweil North this week (q50 0.0 km²). Routine monitoring. (Aweil North maps ~463,801 cattle in baseline.)"
2024-07-22,Aweil South,0.0,0.056,0,vegetative growth (peak),0.0,0.0,141256.8006910938,"No flood expected in Aweil South this week (q50 0.0 km²). Routine monitoring. (Aweil South maps ~141,257 cattle in baseline.)"
2024-07-22,Aweil West,0.0,0.061,0,vegetative growth (peak),0.0,0.0,318964.9515941321,"No flood expected in Aweil West this week (q50 0.0 km²). Routine monitoring. (Aweil West maps ~318,965 cattle in baseline.)"
2024-07-29,Aweil Centre,0.0,0.15,0,vegetative growth (peak),0.0,0.0,364961.8333817694,"No flood expected in Aweil Centre this week (q50 0.0 km²). Routine monitoring. (Aweil Centre maps ~364,962 cattle in baseline.)"
2024-07-29,Aweil East,0.0,0.471,0,vegetative growth (peak),0.0,0.0,505027.7802561831,"No flood expected in Aweil East this week (q50 0.0 km²). Routine monitoring. (Aweil East maps ~505,028 cattle in baseline.)"
2024-07-29,Aweil North,0.0,0.116,0,vegetative growth (peak),0.0,0.0,463800.5038861725,"No flood expected in Aweil North this week (q50 0.0 km²). Routine monitoring. (Aweil North maps ~463,801 cattle in baseline.)"
2024-07-29,Aweil South,0.0,0.085,0,vegetative growth (peak),0.0,0.0,141256.8006910938,"No flood expected in Aweil South this week (q50 0.0 km²). Routine monitoring. (Aweil South maps ~141,257 cattle in baseline.)"
2024-07-29,Aweil West,0.0,0.093,0,vegetative growth (peak),0.0,0.0,318964.9515941321,"No flood expected in Aweil West this week (q50 0.0 km²). Routine monitoring. (Aweil West maps ~318,965 cattle in baseline.)"
2024-08-05,Aweil Centre,0.0,0.162,0,maturation,0.0,0.0,364961.8333817694,"No flood expected in Aweil Centre this week (q50 0.0 km²). Routine monitoring. (Aweil Centre maps ~364,962 cattle in baseline.)"
2024-08-05,Aweil East,0.0,0.266,0,maturation,0.0,0.0,505027.7802561831,"No flood expected in Aweil East this week (q50 0.0 km²). Routine monitoring. (Aweil East maps ~505,028 cattle in baseline.)"
2024-08-05,Aweil North,0.0,0.158,0,maturation,0.0,0.0,463800.5038861725,"No flood expected in Aweil North this week (q50 0.0 km²). Routine monitoring. (Aweil North maps ~463,801 cattle in baseline.)"
2024-08-05,Aweil South,0.0,0.121,0,maturation,0.0,0.0,141256.8006910938,"No flood expected in Aweil South this week (q50 0.0 km²). Routine monitoring. (Aweil South maps ~141,257 cattle in baseline.)"
2024-08-05,Aweil West,0.0,0.134,0,maturation,0.0,0.0,318964.9515941321,"No flood expected in Aweil West this week (q50 0.0 km²). Routine monitoring. (Aweil West maps ~318,965 cattle in baseline.)"
2024-08-12,Aweil Centre,0.0,0.201,0,maturation,0.0,0.0,364961.8333817694,"No flood expected in Aweil Centre this week (q50 0.0 km²). Routine monitoring. (Aweil Centre maps ~364,962 cattle in baseline.)"
2024-08-12,Aweil East,0.0,0.23,0,maturation,0.0,0.0,505027.7802561831,"No flood expected in Aweil East this week (q50 0.0 km²). Routine monitoring. (Aweil East maps ~505,028 cattle in baseline.)"
2024-08-12,Aweil North,0.0,0.177,0,maturation,0.0,0.0,463800.5038861725,"No flood expected in Aweil North this week (q50 0.0 km²). Routine monitoring. (Aweil North maps ~463,801 cattle in baseline.)"
2024-08-12,Aweil South,0.0,0.148,0,maturation,0.0,0.0,141256.8006910938,"No flood expected in Aweil South this week (q50 0.0 km²). Routine monitoring. (Aweil South maps ~141,257 cattle in baseline.)"
2024-08-12,Aweil West,0.0,0.156,0,maturation,0.0,0.0,318964.9515941321,"No flood expected in Aweil West this week (q50 0.0 km²). Routine monitoring. (Aweil West maps ~318,965 cattle in baseline.)"
2024-08-19,Aweil Centre,0.0,0.408,0,maturation,0.0,0.0,364961.8333817694,"No flood expected in Aweil Centre this week (q50 0.0 km²). Routine monitoring. (Aweil Centre maps ~364,962 cattle in baseline.)"
2024-08-19,Aweil East,0.0,0.414,0,maturation,0.0,0.0,505027.7802561831,"No flood expected in Aweil East this week (q50 0.0 km²). Routine monitoring. (Aweil East maps ~505,028 cattle in baseline.)"
2024-08-19,Aweil North,0.0,0.368,0,maturation,0.0,0.0,463800.5038861725,"No flood expected in Aweil North this week (q50 0.0 km²). Routine monitoring. (Aweil North maps ~463,801 cattle in baseline.)"
2024-08-19,Aweil South,0.0,0.319,0,maturation,0.0,0.0,141256.8006910938,"No flood expected in Aweil South this week (q50 0.0 km²). Routine monitoring. (Aweil South maps ~141,257 cattle in baseline.)"
2024-08-19,Aweil West,0.0,0.324,0,maturation,0.0,0.0,318964.9515941321,"No flood expected in Aweil West this week (q50 0.0 km²). Routine monitoring. (Aweil West maps ~318,965 cattle in baseline.)"
2024-08-26,Aweil Centre,0.0,0.412,0,maturation,0.0,0.0,364961.8333817694,"No flood expected in Aweil Centre this week (q50 0.0 km²). Routine monitoring. (Aweil Centre maps ~364,962 cattle in baseline.)"
2024-08-26,Aweil East,0.0,0.419,0,maturation,0.0,0.0,505027.7802561831,"No flood expected in Aweil East this week (q50 0.0 km²). Routine monitoring. (Aweil East maps ~505,028 cattle in baseline.)"
2024-08-26,Aweil North,0.0,0.394,0,maturation,0.0,0.0,463800.5038861725,"No flood expected in Aweil North this week (q50 0.0 km²). Routine monitoring. (Aweil North maps ~463,801 cattle in baseline.)"
2024-08-26,Aweil South,0.0,0.337,0,maturation,0.0,0.0,141256.8006910938,"No flood expected in Aweil South this week (q50 0.0 km²). Routine monitoring. (Aweil South maps ~141,257 cattle in baseline.)"
2024-08-26,Aweil West,0.0,0.345,0,maturation,0.0,0.0,318964.9515941321,"No flood expected in Aweil West this week (q50 0.0 km²). Routine monitoring. (Aweil West maps ~318,965 cattle in baseline.)"
2024-09-02,Aweil Centre,0.0,0.465,0,maturation / grain filling,0.0,0.0,364961.8333817694,"No flood expected in Aweil Centre this week (q50 0.0 km²). Routine monitoring. (Aweil Centre maps ~364,962 cattle in baseline.)"
2024-09-02,Aweil East,0.0,0.472,0,maturation / grain filling,0.0,0.0,505027.7802561831,"No flood expected in Aweil East this week (q50 0.0 km²). Routine monitoring. (Aweil East maps ~505,028 cattle in baseline.)"
2024-09-02,Aweil North,0.0,0.446,0,maturation / grain filling,0.0,0.0,463800.5038861725,"No flood expected in Aweil North this week (q50 0.0 km²). Routine monitoring. (Aweil North maps ~463,801 cattle in baseline.)"
2024-09-02,Aweil South,0.0,0.393,0,maturation / grain filling,0.0,0.0,141256.8006910938,"No flood expected in Aweil South this week (q50 0.0 km²). Routine monitoring. (Aweil South maps ~141,257 cattle in baseline.)"
2024-09-02,Aweil West,0.0,0.401,0,maturation / grain filling,0.0,0.0,318964.9515941321,"No flood expected in Aweil West this week (q50 0.0 km²). Routine monitoring. (Aweil West maps ~318,965 cattle in baseline.)"
2024-09-09,Aweil Centre,0.1,0.836,0,maturation / grain filling,0.0,12.5,364961.8333817694,"SEVERE flood expected in Aweil Centre this week: q50 0.1 km², above the 95th percentile of all September weeks since 2000. Approx. 12 ha of rangeland at risk; plan early herd movement. (Aweil Centre maps ~364,962 cattle in baseline.)"
2024-09-09,Aweil East,0.1,0.837,0,maturation / grain filling,0.3,11.4,505027.7802561831,"SEVERE flood expected in Aweil East this week: q50 0.1 km², above the 95th percentile of all September weeks since 2000. Approx. 11 ha of rangeland at risk; plan early herd movement. (Aweil East maps ~505,028 cattle in baseline.)"
2024-09-09,Aweil North,0.1,0.797,0,maturation / grain filling,1.4,74.8,463800.5038861725,"SEVERE flood expected in Aweil North this week: q50 0.1 km², above the 95th percentile of all September weeks since 2000. Approx. 1 ha of mapped crops in the Aweil North floodplain are at risk. Approx. 75 ha of rangeland at risk; plan early herd movement. (Aweil North maps ~463,801 cattle in baseline.)"
2024-09-09,Aweil South,0.1,0.835,0,maturation / grain filling,2.2,58.4,141256.8006910938,"SEVERE flood expected in Aweil South this week: q50 0.1 km², above the 95th percentile of all September weeks since 2000. Approx. 2 ha of mapped crops in the Aweil South floodplain are at risk. Approx. 58 ha of rangeland at risk; plan early herd movement. (Aweil South maps ~141,257 cattle in baseline.)"
2024-09-09,Aweil West,0.1,0.794,0,maturation / grain filling,0.7,44.2,318964.9515941321,"SEVERE flood expected in Aweil West this week: q50 0.1 km², above the 95th percentile of all September weeks since 2000. Approx. 44 ha of rangeland at risk; plan early herd movement. (Aweil West maps ~318,965 cattle in baseline.)"
2024-09-16,Aweil Centre,0.64,0.852,0,maturation / grain filling,0.0,82.3,364961.8333817694,"SEVERE flood expected in Aweil Centre this week: q50 0.6 km², above the 95th percentile of all September weeks since 2000. Approx. 82 ha of rangeland at risk; plan early herd movement. (Aweil Centre maps ~364,962 cattle in baseline.)"
2024-09-16,Aweil East,0.64,0.914,0,maturation / grain filling,1.8,75.3,505027.7802561831,"SEVERE flood expected in Aweil East this week: q50 0.6 km², above the 95th percentile of all September weeks since 2000. Approx. 2 ha of mapped crops in the Aweil East floodplain are at risk. Approx. 75 ha of rangeland at risk; plan early herd movement. (Aweil East maps ~505,028 cattle in baseline.)"
2024-09-16,Aweil North,0.1,0.863,0,maturation / grain filling,1.4,74.8,463800.5038861725,"SEVERE flood expected in Aweil North this week: q50 0.1 km², above the 95th percentile of all September weeks since 2000. Approx. 1 ha of mapped crops in the Aweil North floodplain are at risk. Approx. 75 ha of rangeland at risk; plan early herd movement. (Aweil North maps ~463,801 cattle in baseline.)"
2024-09-16,Aweil South,0.64,0.902,0,maturation / grain filling,14.4,385.9,141256.8006910938,"SEVERE flood expected in Aweil South this week: q50 0.6 km², above the 95th percentile of all September weeks since 2000. Approx. 14 ha of mapped crops in the Aweil South floodplain are at risk. Approx. 386 ha of rangeland at risk; plan early herd movement. (Aweil South maps ~141,257 cattle in baseline.)"
2024-09-16,Aweil West,0.1,0.887,0,maturation / grain filling,0.7,44.2,318964.9515941321,"SEVERE flood expected in Aweil West this week: q50 0.1 km², above the 95th percentile of all September weeks since 2000. Approx. 44 ha of rangeland at risk; plan early herd movement. (Aweil West maps ~318,965 cattle in baseline.)"
2024-09-23,Aweil Centre,0.1,0.847,0,maturation / grain filling,0.0,12.5,364961.8333817694,"SEVERE flood expected in Aweil Centre this week: q50 0.1 km², above the 95th percentile of all September weeks since 2000. Approx. 12 ha of rangeland at risk; plan early herd movement. (Aweil Centre maps ~364,962 cattle in baseline.)"
2024-09-23,Aweil East,0.64,0.917,0,maturation / grain filling,1.8,75.3,505027.7802561831,"SEVERE flood expected in Aweil East this week: q50 0.6 km², above the 95th percentile of all September weeks since 2000. Approx. 2 ha of mapped crops in the Aweil East floodplain are at risk. Approx. 75 ha of rangeland at risk; plan early herd movement. (Aweil East maps ~505,028 cattle in baseline.)"
2024-09-23,Aweil North,0.1,0.891,0,maturation / grain filling,1.4,74.8,463800.5038861725,"SEVERE flood expected in Aweil North this week: q50 0.1 km², above the 95th percentile of all September weeks since 2000. Approx. 1 ha of mapped crops in the Aweil North floodplain are at risk. Approx. 75 ha of rangeland at risk; plan early herd movement. (Aweil North maps ~463,801 cattle in baseline.)"
2024-09-23,Aweil South,0.64,0.916,0,maturation / grain filling,14.4,385.9,141256.8006910938,"SEVERE flood expected in Aweil South this week: q50 0.6 km², above the 95th percentile of all September weeks since 2000. Approx. 14 ha of mapped crops in the Aweil South floodplain are at risk. Approx. 386 ha of rangeland at risk; plan early herd movement. (Aweil South maps ~141,257 cattle in baseline.)"
2024-09-23,Aweil West,0.64,0.921,0,maturation / grain filling,4.6,291.9,318964.9515941321,"SEVERE flood expected in Aweil West this week: q50 0.6 km², above the 95th percentile of all September weeks since 2000. Approx. 5 ha of mapped crops in the Aweil West floodplain are at risk. Approx. 292 ha of rangeland at risk; plan early herd movement. (Aweil West maps ~318,965 cattle in baseline.)"
2024-09-30,Aweil Centre,0.1,0.812,0,maturation / grain filling,0.0,12.5,364961.8333817694,"SEVERE flood expected in Aweil Centre this week: q50 0.1 km², above the 95th percentile of all September weeks since 2000. Approx. 12 ha of rangeland at risk; plan early herd movement. (Aweil Centre maps ~364,962 cattle in baseline.)"
2024-09-30,Aweil East,0.64,0.893,0,maturation / grain filling,1.8,75.3,505027.7802561831,"SEVERE flood expected in Aweil East this week: q50 0.6 km², above the 95th percentile of all September weeks since 2000. Approx. 2 ha of mapped crops in the Aweil East floodplain are at risk. Approx. 75 ha of rangeland at risk; plan early herd movement. (Aweil East maps ~505,028 cattle in baseline.)"
2024-09-30,Aweil North,0.64,0.896,0,maturation / grain filling,9.4,494.6,463800.5038861725,"SEVERE flood expected in Aweil North this week: q50 0.6 km², above the 95th percentile of all September weeks since 2000. Approx. 9 ha of mapped crops in the Aweil North floodplain are at risk. Approx. 495 ha of rangeland at risk; plan early herd movement. (Aweil North maps ~463,801 cattle in baseline.)"
2024-09-30,Aweil South,0.64,0.908,0,maturation / grain filling,14.4,385.9,141256.8006910938,"SEVERE flood expected in Aweil South this week: q50 0.6 km², above the 95th percentile of all September weeks since 2000. Approx. 14 ha of mapped crops in the Aweil South floodplain are at risk. Approx. 386 ha of rangeland at risk; plan early herd movement. (Aweil South maps ~141,257 cattle in baseline.)"
2024-09-30,Aweil West,0.64,0.906,0,maturation / grain filling,4.6,291.9,318964.9515941321,"SEVERE flood expected in Aweil West this week: q50 0.6 km², above the 95th percentile of all September weeks since 2000. Approx. 5 ha of mapped crops in the Aweil West floodplain are at risk. Approx. 292 ha of rangeland at risk; plan early herd movement. (Aweil West maps ~318,965 cattle in baseline.)"
2024-10-07,Aweil Centre,0.0,0.61,0,harvest,0.0,0.0,364961.8333817694,"SEVERE flood expected in Aweil Centre this week: q50 0.0 km², above the 95th percentile of all October weeks since 2000. (Aweil Centre maps ~364,962 cattle in baseline.)"
2024-10-07,Aweil East,0.64,0.894,0,harvest,8.2,94.3,505027.7802561831,"SEVERE flood expected in Aweil East this week: q50 0.6 km², above the 95th percentile of all October weeks since 2000. Approx. 8 ha of mapped crops in the Aweil East floodplain are at risk. Approx. 94 ha of rangeland at risk; plan early herd movement. (Aweil East maps ~505,028 cattle in baseline.)"
2024-10-07,Aweil North,0.1,0.841,0,harvest,4.9,122.0,463800.5038861725,"SEVERE flood expected in Aweil North this week: q50 0.1 km², above the 95th percentile of all October weeks since 2000. Approx. 5 ha of mapped crops in the Aweil North floodplain are at risk. Approx. 122 ha of rangeland at risk; plan early herd movement. (Aweil North maps ~463,801 cattle in baseline.)"
2024-10-07,Aweil South,0.64,0.905,0,harvest,16.2,256.6,141256.8006910938,"SEVERE flood expected in Aweil South this week: q50 0.6 km², above the 95th percentile of all October weeks since 2000. Approx. 16 ha of mapped crops in the Aweil South floodplain are at risk. Approx. 257 ha of rangeland at risk; plan early herd movement. (Aweil South maps ~141,257 cattle in baseline.)"
2024-10-07,Aweil West,0.64,0.898,0,harvest,7.4,342.9,318964.9515941321,"SEVERE flood expected in Aweil West this week: q50 0.6 km², above the 95th percentile of all October weeks since 2000. Approx. 7 ha of mapped crops in the Aweil West floodplain are at risk. Approx. 343 ha of rangeland at risk; plan early herd movement. (Aweil West maps ~318,965 cattle in baseline.)"
2024-10-14,Aweil Centre,0.0,0.551,0,harvest,0.0,0.0,364961.8333817694,"SEVERE flood expected in Aweil Centre this week: q50 0.0 km², above the 95th percentile of all October weeks since 2000. (Aweil Centre maps ~364,962 cattle in baseline.)"
2024-10-14,Aweil East,0.64,0.893,0,harvest,8.2,94.3,505027.7802561831,"SEVERE flood expected in Aweil East this week: q50 0.6 km², above the 95th percentile of all October weeks since 2000. Approx. 8 ha of mapped crops in the Aweil East floodplain are at risk. Approx. 94 ha of rangeland at risk; plan early herd movement. (Aweil East maps ~505,028 cattle in baseline.)"
2024-10-14,Aweil North,0.1,0.741,0,harvest,4.9,122.0,463800.5038861725,"SEVERE flood expected in Aweil North this week: q50 0.1 km², above the 95th percentile of all October weeks since 2000. Approx. 5 ha of mapped crops in the Aweil North floodplain are at risk. Approx. 122 ha of rangeland at risk; plan early herd movement. (Aweil North maps ~463,801 cattle in baseline.)"
2024-10-14,Aweil South,0.64,0.904,0,harvest,16.2,256.6,141256.8006910938,"SEVERE flood expected in Aweil South this week: q50 0.6 km², above the 95th percentile of all October weeks since 2000. Approx. 16 ha of mapped crops in the Aweil South floodplain are at risk. Approx. 257 ha of rangeland at risk; plan early herd movement. (Aweil South maps ~141,257 cattle in baseline.)"
2024-10-14,Aweil West,0.64,0.885,0,harvest,7.4,342.9,318964.9515941321,"SEVERE flood expected in Aweil West this week: q50 0.6 km², above the 95th percentile of all October weeks since 2000. Approx. 7 ha of mapped crops in the Aweil West floodplain are at risk. Approx. 343 ha of rangeland at risk; plan early herd movement. (Aweil West maps ~318,965 cattle in baseline.)"
2024-10-21,Aweil Centre,0.0,0.535,0,harvest,0.0,0.0,364961.8333817694,"SEVERE flood expected in Aweil Centre this week: q50 0.0 km², above the 95th percentile of all October weeks since 2000. (Aweil Centre maps ~364,962 cattle in baseline.)"
2024-10-21,Aweil East,0.64,0.891,0,harvest,8.2,94.3,505027.7802561831,"SEVERE flood expected in Aweil East this week: q50 0.6 km², above the 95th percentile of all October weeks since 2000. Approx. 8 ha of mapped crops in the Aweil East floodplain are at risk. Approx. 94 ha of rangeland at risk; plan early herd movement. (Aweil East maps ~505,028 cattle in baseline.)"
2024-10-21,Aweil North,0.1,0.791,0,harvest,4.9,122.0,463800.5038861725,"SEVERE flood expected in Aweil North this week: q50 0.1 km², above the 95th percentile of all October weeks since 2000. Approx. 5 ha of mapped crops in the Aweil North floodplain are at risk. Approx. 122 ha of rangeland at risk; plan early herd movement. (Aweil North maps ~463,801 cattle in baseline.)"
2024-10-21,Aweil South,0.64,0.906,0,harvest,16.2,256.6,141256.8006910938,"SEVERE flood expected in Aweil South this week: q50 0.6 km², above the 95th percentile of all October weeks since 2000. Approx. 16 ha of mapped crops in the Aweil South floodplain are at risk. Approx. 257 ha of rangeland at risk; plan early herd movement. (Aweil South maps ~141,257 cattle in baseline.)"
2024-10-21,Aweil West,0.64,0.908,0,harvest,7.4,342.9,318964.9515941321,"SEVERE flood expected in Aweil West this week: q50 0.6 km², above the 95th percentile of all October weeks since 2000. Approx. 7 ha of mapped crops in the Aweil West floodplain are at risk. Approx. 343 ha of rangeland at risk; plan early herd movement. (Aweil West maps ~318,965 cattle in baseline.)"
2024-10-28,Aweil Centre,0.1,0.812,0,harvest,0.0,4.9,364961.8333817694,"SEVERE flood expected in Aweil Centre this week: q50 0.1 km², above the 95th percentile of all October weeks since 2000. Approx. 5 ha of rangeland at risk; plan early herd movement. (Aweil Centre maps ~364,962 cattle in baseline.)"
2024-10-28,Aweil East,0.64,0.9,0,harvest,8.2,94.3,505027.7802561831,"SEVERE flood expected in Aweil East this week: q50 0.6 km², above the 95th percentile of all October weeks since 2000. Approx. 8 ha of mapped crops in the Aweil East floodplain are at risk. Approx. 94 ha of rangeland at risk; plan early herd movement. (Aweil East maps ~505,028 cattle in baseline.)"
2024-10-28,Aweil North,0.1,0.879,0,harvest,4.9,122.0,463800.5038861725,"SEVERE flood expected in Aweil North this week: q50 0.1 km², above the 95th percentile of all October weeks since 2000. Approx. 5 ha of mapped crops in the Aweil North floodplain are at risk. Approx. 122 ha of rangeland at risk; plan early herd movement. (Aweil North maps ~463,801 cattle in baseline.)"
2024-10-28,Aweil South,0.64,0.886,0,harvest,16.2,256.6,141256.8006910938,"SEVERE flood expected in Aweil South this week: q50 0.6 km², above the 95th percentile of all October weeks since 2000. Approx. 16 ha of mapped crops in the Aweil South floodplain are at risk. Approx. 257 ha of rangeland at risk; plan early herd movement. (Aweil South maps ~141,257 cattle in baseline.)"
2024-10-28,Aweil West,0.64,0.917,0,harvest,7.4,342.9,318964.9515941321,"SEVERE flood expected in Aweil West this week: q50 0.6 km², above the 95th percentile of all October weeks since 2000. Approx. 7 ha of mapped crops in the Aweil West floodplain are at risk. Approx. 343 ha of rangeland at risk; plan early herd movement. (Aweil West maps ~318,965 cattle in baseline.)"
2024-11-04,Aweil Centre,0.1,0.828,0,harvest / drying,0.0,16.8,364961.8333817694,"SEVERE flood expected in Aweil Centre this week: q50 0.1 km², above the 95th percentile of all November weeks since 2000. Approx. 17 ha of rangeland at risk; plan early herd movement. (Aweil Centre maps ~364,962 cattle in baseline.)"
2024-11-04,Aweil East,0.64,0.884,0,harvest / drying,12.2,160.0,505027.7802561831,"SEVERE flood expected in Aweil East this week: q50 0.6 km², above the 95th percentile of all November weeks since 2000. Approx. 12 ha of mapped crops in the Aweil East floodplain are at risk. Approx. 160 ha of rangeland at risk; plan early herd movement. (Aweil East maps ~505,028 cattle in baseline.)"
2024-11-04,Aweil North,0.64,0.931,3,harvest / drying,167.6,6440.3,463800.5038861725,"SEVERE flood expected in Aweil North this week: q50 0.6 km², above the 95th percentile of all November weeks since 2000. Harvest / drying: harvest window closing — move produce and equipment to higher ground before water rises. Approx. 168 ha of mapped crops in the Aweil North floodplain are at risk. Approx. 6,440 ha of rangeland at risk; plan early herd movement. (Aweil North maps ~463,801 cattle in baseline.)"
2024-11-04,Aweil South,0.64,0.882,0,harvest / drying,12.2,195.9,141256.8006910938,"SEVERE flood expected in Aweil South this week: q50 0.6 km², above the 95th percentile of all November weeks since 2000. Approx. 12 ha of mapped crops in the Aweil South floodplain are at risk. Approx. 196 ha of rangeland at risk; plan early herd movement. (Aweil South maps ~141,257 cattle in baseline.)"
2024-11-04,Aweil West,0.64,0.918,0,harvest / drying,32.8,1407.7,318964.9515941321,"SEVERE flood expected in Aweil West this week: q50 0.6 km², above the 95th percentile of all November weeks since 2000. Approx. 33 ha of mapped crops in the Aweil West floodplain are at risk. Approx. 1,408 ha of rangeland at risk; plan early herd movement. (Aweil West maps ~318,965 cattle in baseline.)"
2024-11-11,Aweil Centre,0.64,0.878,0,harvest / drying,0.0,110.8,364961.8333817694,"SEVERE flood expected in Aweil Centre this week: q50 0.6 km², above the 95th percentile of all November weeks since 2000. Approx. 111 ha of rangeland at risk; plan early herd movement. (Aweil Centre maps ~364,962 cattle in baseline.)"
2024-11-11,Aweil East,0.64,0.912,0,harvest / drying,12.2,160.0,505027.7802561831,"SEVERE flood expected in Aweil East this week: q50 0.6 km², above the 95th percentile of all November weeks since 2000. Approx. 12 ha of mapped crops in the Aweil East floodplain are at risk. Approx. 160 ha of rangeland at risk; plan early herd movement. (Aweil East maps ~505,028 cattle in baseline.)"
2024-11-11,Aweil North,0.64,0.924,3,harvest / drying,167.6,6440.3,463800.5038861725,"SEVERE flood expected in Aweil North this week: q50 0.6 km², above the 95th percentile of all November weeks since 2000. Harvest / drying: harvest window closing — move produce and equipment to higher ground before water rises. Approx. 168 ha of mapped crops in the Aweil North floodplain are at risk. Approx. 6,440 ha of rangeland at risk; plan early herd movement. (Aweil North maps ~463,801 cattle in baseline.)"
2024-11-11,Aweil South,0.64,0.908,0,harvest / drying,12.2,195.9,141256.8006910938,"SEVERE flood expected in Aweil South this week: q50 0.6 km², above the 95th percentile of all November weeks since 2000. Approx. 12 ha of mapped crops in the Aweil South floodplain are at risk. Approx. 196 ha of rangeland at risk; plan early herd movement. (Aweil South maps ~141,257 cattle in baseline.)"
2024-11-11,Aweil West,0.64,0.925,0,harvest / drying,32.8,1407.7,318964.9515941321,"SEVERE flood expected in Aweil West this week: q50 0.6 km², above the 95th percentile of all November weeks since 2000. Approx. 33 ha of mapped crops in the Aweil West floodplain are at risk. Approx. 1,408 ha of rangeland at risk; plan early herd movement. (Aweil West maps ~318,965 cattle in baseline.)"
2024-11-18,Aweil Centre,0.0,0.668,0,harvest / drying,0.0,0.0,364961.8333817694,"SEVERE flood expected in Aweil Centre this week: q50 0.0 km², above the 95th percentile of all November weeks since 2000. (Aweil Centre maps ~364,962 cattle in baseline.)"
2024-11-18,Aweil East,0.64,0.91,0,harvest / drying,12.2,160.0,505027.7802561831,"SEVERE flood expected in Aweil East this week: q50 0.6 km², above the 95th percentile of all November weeks since 2000. Approx. 12 ha of mapped crops in the Aweil East floodplain are at risk. Approx. 160 ha of rangeland at risk; plan early herd movement. (Aweil East maps ~505,028 cattle in baseline.)"
2024-11-18,Aweil North,0.64,0.832,3,harvest / drying,167.6,6440.3,463800.5038861725,"SEVERE flood expected in Aweil North this week: q50 0.6 km², above the 95th percentile of all November weeks since 2000. Harvest / drying: harvest window closing — move produce and equipment to higher ground before water rises. Approx. 168 ha of mapped crops in the Aweil North floodplain are at risk. Approx. 6,440 ha of rangeland at risk; plan early herd movement. (Aweil North maps ~463,801 cattle in baseline.)"
2024-11-18,Aweil South,0.64,0.906,0,harvest / drying,12.2,195.9,141256.8006910938,"SEVERE flood expected in Aweil South this week: q50 0.6 km², above the 95th percentile of all November weeks since 2000. Approx. 12 ha of mapped crops in the Aweil South floodplain are at risk. Approx. 196 ha of rangeland at risk; plan early herd movement. (Aweil South maps ~141,257 cattle in baseline.)"
2024-11-18,Aweil West,0.64,0.904,0,harvest / drying,32.8,1407.7,318964.9515941321,"SEVERE flood expected in Aweil West this week: q50 0.6 km², above the 95th percentile of all November weeks since 2000. Approx. 33 ha of mapped crops in the Aweil West floodplain are at risk. Approx. 1,408 ha of rangeland at risk; plan early herd movement. (Aweil West maps ~318,965 cattle in baseline.)"
2024-11-25,Aweil Centre,0.0,0.329,0,harvest / drying,0.0,0.0,364961.8333817694,"No flood expected in Aweil Centre this week (q50 0.0 km²). Routine monitoring. (Aweil Centre maps ~364,962 cattle in baseline.)"
2024-11-25,Aweil East,0.64,0.909,0,harvest / drying,12.2,160.0,505027.7802561831,"SEVERE flood expected in Aweil East this week: q50 0.6 km², above the 95th percentile of all November weeks since 2000. Approx. 12 ha of mapped crops in the Aweil East floodplain are at risk. Approx. 160 ha of rangeland at risk; plan early herd movement. (Aweil East maps ~505,028 cattle in baseline.)"
2024-11-25,Aweil North,0.0,0.272,0,harvest / drying,0.0,0.0,463800.5038861725,"No flood expected in Aweil North this week (q50 0.0 km²). Routine monitoring. (Aweil North maps ~463,801 cattle in baseline.)"
2024-11-25,Aweil South,0.64,0.906,0,harvest / drying,12.2,195.9,141256.8006910938,"SEVERE flood expected in Aweil South this week: q50 0.6 km², above the 95th percentile of all November weeks since 2000. Approx. 12 ha of mapped crops in the Aweil South floodplain are at risk. Approx. 196 ha of rangeland at risk; plan early herd movement. (Aweil South maps ~141,257 cattle in baseline.)"
2024-11-25,Aweil West,0.0,0.383,0,harvest / drying,0.0,0.0,318964.9515941321,"No flood expected in Aweil West this week (q50 0.0 km²). Routine monitoring. (Aweil West maps ~318,965 cattle in baseline.)"
2024-12-02,Aweil Centre,0.0,0.151,0,dry season,0.0,0.0,364961.8333817694,"No flood expected in Aweil Centre this week (q50 0.0 km²). Routine monitoring. (Aweil Centre maps ~364,962 cattle in baseline.)"
2024-12-02,Aweil East,0.64,0.907,0,dry season,107.7,2186.7,505027.7802561831,"SEVERE flood expected in Aweil East this week: q50 0.6 km², above the 95th percentile of all December weeks since 2000. Approx. 108 ha of mapped crops in the Aweil East floodplain are at risk. Approx. 2,187 ha of rangeland at risk; plan early herd movement. (Aweil East maps ~505,028 cattle in baseline.)"
2024-12-02,Aweil North,0.0,0.08,0,dry season,0.0,0.0,463800.5038861725,"No flood expected in Aweil North this week (q50 0.0 km²). Routine monitoring. (Aweil North maps ~463,801 cattle in baseline.)"
2024-12-02,Aweil South,0.64,0.905,0,dry season,34.7,694.8,141256.8006910938,"SEVERE flood expected in Aweil South this week: q50 0.6 km², above the 95th percentile of all December weeks since 2000. Approx. 35 ha of mapped crops in the Aweil South floodplain are at risk. Approx. 695 ha of rangeland at risk; plan early herd movement. (Aweil South maps ~141,257 cattle in baseline.)"
2024-12-02,Aweil West,0.0,0.082,0,dry season,0.0,0.0,318964.9515941321,"No flood expected in Aweil West this week (q50 0.0 km²). Routine monitoring. (Aweil West maps ~318,965 cattle in baseline.)"
2024-12-09,Aweil Centre,0.0,0.618,0,dry season,0.0,0.0,364961.8333817694,"SEVERE flood expected in Aweil Centre this week: q50 0.0 km², above the 95th percentile of all December weeks since 2000. (Aweil Centre maps ~364,962 cattle in baseline.)"
2024-12-09,Aweil East,0.64,0.907,0,dry season,107.7,2186.7,505027.7802561831,"SEVERE flood expected in Aweil East this week: q50 0.6 km², above the 95th percentile of all December weeks since 2000. Approx. 108 ha of mapped crops in the Aweil East floodplain are at risk. Approx. 2,187 ha of rangeland at risk; plan early herd movement. (Aweil East maps ~505,028 cattle in baseline.)"
2024-12-09,Aweil North,0.0,0.045,0,dry season,0.0,0.0,463800.5038861725,"No flood expected in Aweil North this week (q50 0.0 km²). Routine monitoring. (Aweil North maps ~463,801 cattle in baseline.)"
2024-12-09,Aweil South,0.64,0.908,0,dry season,34.7,694.8,141256.8006910938,"SEVERE flood expected in Aweil South this week: q50 0.6 km², above the 95th percentile of all December weeks since 2000. Approx. 35 ha of mapped crops in the Aweil South floodplain are at risk. Approx. 695 ha of rangeland at risk; plan early herd movement. (Aweil South maps ~141,257 cattle in baseline.)"
2024-12-09,Aweil West,0.0,0.476,0,dry season,0.0,0.0,318964.9515941321,"No flood expected in Aweil West this week (q50 0.0 km²). Routine monitoring. (Aweil West maps ~318,965 cattle in baseline.)"
2024-12-16,Aweil Centre,0.0,0.124,0,dry season,0.0,0.0,364961.8333817694,"No flood expected in Aweil Centre this week (q50 0.0 km²). Routine monitoring. (Aweil Centre maps ~364,962 cattle in baseline.)"
2024-12-16,Aweil East,0.64,0.908,0,dry season,107.7,2186.7,505027.7802561831,"SEVERE flood expected in Aweil East this week: q50 0.6 km², above the 95th percentile of all December weeks since 2000. Approx. 108 ha of mapped crops in the Aweil East floodplain are at risk. Approx. 2,187 ha of rangeland at risk; plan early herd movement. (Aweil East maps ~505,028 cattle in baseline.)"
2024-12-16,Aweil North,0.0,0.041,0,dry season,0.0,0.0,463800.5038861725,"No flood expected in Aweil North this week (q50 0.0 km²). Routine monitoring. (Aweil North maps ~463,801 cattle in baseline.)"
2024-12-16,Aweil South,0.64,0.897,0,dry season,34.7,694.8,141256.8006910938,"SEVERE flood expected in Aweil South this week: q50 0.6 km², above the 95th percentile of all December weeks since 2000. Approx. 35 ha of mapped crops in the Aweil South floodplain are at risk. Approx. 695 ha of rangeland at risk; plan early herd movement. (Aweil South maps ~141,257 cattle in baseline.)"
2024-12-16,Aweil West,0.0,0.06,0,dry season,0.0,0.0,318964.9515941321,"No flood expected in Aweil West this week (q50 0.0 km²). Routine monitoring. (Aweil West maps ~318,965 cattle in baseline.)"
2024-12-23,Aweil Centre,0.0,0.099,0,dry season,0.0,0.0,364961.8333817694,"No flood expected in Aweil Centre this week (q50 0.0 km²). Routine monitoring. (Aweil Centre maps ~364,962 cattle in baseline.)"
2024-12-23,Aweil East,0.64,0.904,0,dry season,107.7,2186.7,505027.7802561831,"SEVERE flood expected in Aweil East this week: q50 0.6 km², above the 95th percentile of all December weeks since 2000. Approx. 108 ha of mapped crops in the Aweil East floodplain are at risk. Approx. 2,187 ha of rangeland at risk; plan early herd movement. (Aweil East maps ~505,028 cattle in baseline.)"
2024-12-23,Aweil North,0.0,0.039,0,dry season,0.0,0.0,463800.5038861725,"No flood expected in Aweil North this week (q50 0.0 km²). Routine monitoring. (Aweil North maps ~463,801 cattle in baseline.)"
2024-12-23,Aweil South,0.64,0.905,0,dry season,34.7,694.8,141256.8006910938,"SEVERE flood expected in Aweil South this week: q50 0.6 km², above the 95th percentile of all December weeks since 2000. Approx. 35 ha of mapped crops in the Aweil South floodplain are at risk. Approx. 695 ha of rangeland at risk; plan early herd movement. (Aweil South maps ~141,257 cattle in baseline.)"
2024-12-23,Aweil West,0.0,0.04,0,dry season,0.0,0.0,318964.9515941321,"No flood expected in Aweil West this week (q50 0.0 km²). Routine monitoring. (Aweil West maps ~318,965 cattle in baseline.)"
2024-12-30,Aweil Centre,0.0,0.071,0,dry season,0.0,0.0,364961.8333817694,"No flood expected in Aweil Centre this week (q50 0.0 km²). Routine monitoring. (Aweil Centre maps ~364,962 cattle in baseline.)"
2024-12-30,Aweil East,0.64,0.884,0,dry season,107.7,2186.7,505027.7802561831,"SEVERE flood expected in Aweil East this week: q50 0.6 km², above the 95th percentile of all December weeks since 2000. Approx. 108 ha of mapped crops in the Aweil East floodplain are at risk. Approx. 2,187 ha of rangeland at risk; plan early herd movement. (Aweil East maps ~505,028 cattle in baseline.)"
2024-12-30,Aweil North,0.0,0.044,0,dry season,0.0,0.0,463800.5038861725,"No flood expected in Aweil North this week (q50 0.0 km²). Routine monitoring. (Aweil North maps ~463,801 cattle in baseline.)"
2024-12-30,Aweil South,0.64,0.893,0,dry season,34.7,694.8,141256.8006910938,"SEVERE flood expected in Aweil South this week: q50 0.6 km², above the 95th percentile of all December weeks since 2000. Approx. 35 ha of mapped crops in the Aweil South floodplain are at risk. Approx. 695 ha of rangeland at risk; plan early herd movement. (Aweil South maps ~141,257 cattle in baseline.)"
2024-12-30,Aweil West,0.0,0.043,0,dry season,0.0,0.0,318964.9515941321,"No flood expected in Aweil West this week (q50 0.0 km²). Routine monitoring. (Aweil West maps ~318,965 cattle in baseline.)"
