week,county,q50_km2,det_prob,tier,phase,crop_exposed_ha,rangeland_exposed_ha,cattle_mapped,advisory
2010-01-11,Aweil Centre,0.0,0.118,0,dry season (late phase),0.0,0.0,364961.8333817694,"No flood expected in Aweil Centre this week (q50 0.0 km²). Routine monitoring. (Aweil Centre maps ~364,962 cattle in baseline.)"
2010-01-11,Aweil East,0.0,0.077,0,dry season (late phase),0.0,0.0,505027.7802561831,"No flood expected in Aweil East this week (q50 0.0 km²). Routine monitoring. (Aweil East maps ~505,028 cattle in baseline.)"
2010-01-11,Aweil North,0.0,0.073,0,dry season (late phase),0.0,0.0,463800.5038861725,"No flood expected in Aweil North this week (q50 0.0 km²). Routine monitoring. (Aweil North maps ~463,801 cattle in baseline.)"
2010-01-11,Aweil South,0.0,0.04,0,dry season (late phase),0.0,0.0,141256.8006910938,"No flood expected in Aweil South this week (q50 0.0 km²). Routine monitoring. (Aweil South maps ~141,257 cattle in baseline.)"
2010-01-11,Aweil West,0.0,0.052,0,dry season (late phase),0.0,0.0,318964.9515941321,"No flood expected in Aweil West this week (q50 0.0 km²). Routine monitoring. (Aweil West maps ~318,965 cattle in baseline.)"
2010-01-18,Aweil Centre,0.0,0.064,0,dry season (late phase),0.0,0.0,364961.8333817694,"No flood expected in Aweil Centre this week (q50 0.0 km²). Routine monitoring. (Aweil Centre maps ~364,962 cattle in baseline.)"
2010-01-18,Aweil East,0.0,0.048,0,dry season (late phase),0.0,0.0,505027.7802561831,"No flood expected in Aweil East this week (q50 0.0 km²). Routine monitoring. (Aweil East maps ~505,028 cattle in baseline.)"
2010-01-18,Aweil North,0.0,0.043,0,dry season (late phase),0.0,0.0,463800.5038861725,"No flood expected in Aweil North this week (q50 0.0 km²). Routine monitoring. (Aweil North maps ~463,801 cattle in baseline.)"
2010-01-18,Aweil South,0.0,0.023,0,dry season (late phase),0.0,0.0,141256.8006910938,"No flood expected in Aweil South this week (q50 0.0 km²). Routine monitoring. (Aweil South maps ~141,257 cattle in baseline.)"
2010-01-18,Aweil West,0.0,0.024,0,dry season (late phase),0.0,0.0,318964.9515941321,"No flood expected in Aweil West this week (q50 0.0 km²). Routine monitoring. (Aweil West maps ~318,965 cattle in baseline.)"
2010-01-25,Aweil Centre,0.0,0.058,0,dry season (late phase),0.0,0.0,364961.8333817694,"No flood expected in Aweil Centre this week (q50 0.0 km²). Routine monitoring. (Aweil Centre maps ~364,962 cattle in baseline.)"
2010-01-25,Aweil East,0.0,0.048,0,dry season (late phase),0.0,0.0,505027.7802561831,"No flood expected in Aweil East this week (q50 0.0 km²). Routine monitoring. (Aweil East maps ~505,028 cattle in baseline.)"
2010-01-25,Aweil North,0.0,0.025,0,dry season (late phase),0.0,0.0,463800.5038861725,"No flood expected in Aweil North this week (q50 0.0 km²). Routine monitoring. (Aweil North maps ~463,801 cattle in baseline.)"
2010-01-25,Aweil South,0.0,0.026,0,dry season (late phase),0.0,0.0,141256.8006910938,"No flood expected in Aweil South this week (q50 0.0 km²). Routine monitoring. (Aweil South maps ~141,257 cattle in baseline.)"
2010-01-25,Aweil West,0.0,0.026,0,dry season (late phase),0.0,0.0,318964.9515941321,"No flood expected in Aweil West this week (q50 0.0 km²). Routine monitoring. (Aweil West maps ~318,965 cattle in baseline.)"
2010-02-01,Aweil Centre,0.01,0.113,3,dry season,0.0,0.0,364961.8333817694,"SEVERE flood expected in Aweil Centre this week: q50 0.0 km², above the 95th percentile of all February weeks since 2000. Dry season: little active cropping; floodplain grazing and residual flooding dominate. (Aweil Centre maps ~364,962 cattle in baseline.)"
2010-02-01,Aweil East,0.0,0.024,0,dry season,0.0,0.0,505027.7802561831,"No flood expected in Aweil East this week (q50 0.0 km²). Routine monitoring. (Aweil East maps ~505,028 cattle in baseline.)"
2010-02-01,Aweil North,0.0,0.023,0,dry season,0.0,0.0,463800.5038861725,"No flood expected in Aweil North this week (q50 0.0 km²). Routine monitoring. (Aweil North maps ~463,801 cattle in baseline.)"
2010-02-01,Aweil South,0.0,0.024,0,dry season,0.0,0.0,141256.8006910938,"No flood expected in Aweil South this week (q50 0.0 km²). Routine monitoring. (Aweil South maps ~141,257 cattle in baseline.)"
2010-02-01,Aweil West,0.0,0.024,0,dry season,0.0,0.0,318964.9515941321,"No flood expected in Aweil West this week (q50 0.0 km²). Routine monitoring. (Aweil West maps ~318,965 cattle in baseline.)"
2010-02-08,Aweil Centre,0.0,0.136,0,dry season,0.0,0.0,364961.8333817694,"No flood expected in Aweil Centre this week (q50 0.0 km²). Routine monitoring. (Aweil Centre maps ~364,962 cattle in baseline.)"
2010-02-08,Aweil East,0.0,0.082,0,dry season,0.0,0.0,505027.7802561831,"No flood expected in Aweil East this week (q50 0.0 km²). Routine monitoring. (Aweil East maps ~505,028 cattle in baseline.)"
2010-02-08,Aweil North,0.0,0.061,0,dry season,0.0,0.0,463800.5038861725,"No flood expected in Aweil North this week (q50 0.0 km²). Routine monitoring. (Aweil North maps ~463,801 cattle in baseline.)"
2010-02-08,Aweil South,0.0,0.059,0,dry season,0.0,0.0,141256.8006910938,"No flood expected in Aweil South this week (q50 0.0 km²). Routine monitoring. (Aweil South maps ~141,257 cattle in baseline.)"
2010-02-08,Aweil West,0.0,0.083,0,dry season,0.0,0.0,318964.9515941321,"No flood expected in Aweil West this week (q50 0.0 km²). Routine monitoring. (Aweil West maps ~318,965 cattle in baseline.)"
2010-02-15,Aweil Centre,0.0,0.05,0,dry season,0.0,0.0,364961.8333817694,"No flood expected in Aweil Centre this week (q50 0.0 km²). Routine monitoring. (Aweil Centre maps ~364,962 cattle in baseline.)"
2010-02-15,Aweil East,0.0,0.024,0,dry season,0.0,0.0,505027.7802561831,"No flood expected in Aweil East this week (q50 0.0 km²). Routine monitoring. (Aweil East maps ~505,028 cattle in baseline.)"
2010-02-15,Aweil North,0.0,0.023,0,dry season,0.0,0.0,463800.5038861725,"No flood expected in Aweil North this week (q50 0.0 km²). Routine monitoring. (Aweil North maps ~463,801 cattle in baseline.)"
2010-02-15,Aweil South,0.0,0.023,0,dry season,0.0,0.0,141256.8006910938,"No flood expected in Aweil South this week (q50 0.0 km²). Routine monitoring. (Aweil South maps ~141,257 cattle in baseline.)"
2010-02-15,Aweil West,0.0,0.024,0,dry season,0.0,0.0,318964.9515941321,"No flood expected in Aweil West this week (q50 0.0 km²). Routine monitoring. (Aweil West maps ~318,965 cattle in baseline.)"
2010-02-22,Aweil Centre,0.0,0.043,0,dry season,0.0,0.0,364961.8333817694,"No flood expected in Aweil Centre this week (q50 0.0 km²). Routine monitoring. (Aweil Centre maps ~364,962 cattle in baseline.)"
2010-02-22,Aweil East,0.0,0.03,0,dry season,0.0,0.0,505027.7802561831,"No flood expected in Aweil East this week (q50 0.0 km²). Routine monitoring. (Aweil East maps ~505,028 cattle in baseline.)"
2010-02-22,Aweil North,0.0,0.025,0,dry season,0.0,0.0,463800.5038861725,"No flood expected in Aweil North this week (q50 0.0 km²). Routine monitoring. (Aweil North maps ~463,801 cattle in baseline.)"
2010-02-22,Aweil South,0.0,0.025,0,dry season,0.0,0.0,141256.8006910938,"No flood expected in Aweil South this week (q50 0.0 km²). Routine monitoring. (Aweil South maps ~141,257 cattle in baseline.)"
2010-02-22,Aweil West,0.0,0.026,0,dry season,0.0,0.0,318964.9515941321,"No flood expected in Aweil West this week (q50 0.0 km²). Routine monitoring. (Aweil West maps ~318,965 cattle in baseline.)"
2010-03-01,Aweil Centre,0.0,0.058,0,early season (sowing),0.0,0.0,364961.8333817694,"No flood expected in Aweil Centre this week (q50 0.0 km²). Routine monitoring. (Aweil Centre maps ~364,962 cattle in baseline.)"
2010-03-01,Aweil East,0.0,0.052,0,early season (sowing),0.0,0.0,505027.7802561831,"No flood expected in Aweil East this week (q50 0.0 km²). Routine monitoring. (Aweil East maps ~505,028 cattle in baseline.)"
2010-03-01,Aweil North,0.0,0.028,0,early season (sowing),0.0,0.0,463800.5038861725,"No flood expected in Aweil North this week (q50 0.0 km²). Routine monitoring. (Aweil North maps ~463,801 cattle in baseline.)"
2010-03-01,Aweil South,0.0,0.029,0,early season (sowing),0.0,0.0,141256.8006910938,"No flood expected in Aweil South this week (q50 0.0 km²). Routine monitoring. (Aweil South maps ~141,257 cattle in baseline.)"
2010-03-01,Aweil West,0.0,0.028,0,early season (sowing),0.0,0.0,318964.9515941321,"No flood expected in Aweil West this week (q50 0.0 km²). Routine monitoring. (Aweil West maps ~318,965 cattle in baseline.)"
2010-03-08,Aweil Centre,0.0,0.064,0,early season (sowing),0.0,0.0,364961.8333817694,"No flood expected in Aweil Centre this week (q50 0.0 km²). Routine monitoring. (Aweil Centre maps ~364,962 cattle in baseline.)"
2010-03-08,Aweil East,0.0,0.044,0,early season (sowing),0.0,0.0,505027.7802561831,"No flood expected in Aweil East this week (q50 0.0 km²). Routine monitoring. (Aweil East maps ~505,028 cattle in baseline.)"
2010-03-08,Aweil North,0.0,0.028,0,early season (sowing),0.0,0.0,463800.5038861725,"No flood expected in Aweil North this week (q50 0.0 km²). Routine monitoring. (Aweil North maps ~463,801 cattle in baseline.)"
2010-03-08,Aweil South,0.0,0.029,0,early season (sowing),0.0,0.0,141256.8006910938,"No flood expected in Aweil South this week (q50 0.0 km²). Routine monitoring. (Aweil South maps ~141,257 cattle in baseline.)"
2010-03-08,Aweil West,0.0,0.028,0,early season (sowing),0.0,0.0,318964.9515941321,"No flood expected in Aweil West this week (q50 0.0 km²). Routine monitoring. (Aweil West maps ~318,965 cattle in baseline.)"
2010-03-15,Aweil Centre,0.0,0.093,0,early season (sowing),0.0,0.0,364961.8333817694,"No flood expected in Aweil Centre this week (q50 0.0 km²). Routine monitoring. (Aweil Centre maps ~364,962 cattle in baseline.)"
2010-03-15,Aweil East,0.0,0.107,0,early season (sowing),0.0,0.0,505027.7802561831,"No flood expected in Aweil East this week (q50 0.0 km²). Routine monitoring. (Aweil East maps ~505,028 cattle in baseline.)"
2010-03-15,Aweil North,0.0,0.067,0,early season (sowing),0.0,0.0,463800.5038861725,"No flood expected in Aweil North this week (q50 0.0 km²). Routine monitoring. (Aweil North maps ~463,801 cattle in baseline.)"
2010-03-15,Aweil South,0.0,0.069,0,early season (sowing),0.0,0.0,141256.8006910938,"No flood expected in Aweil South this week (q50 0.0 km²). Routine monitoring. (Aweil South maps ~141,257 cattle in baseline.)"
2010-03-15,Aweil West,0.01,0.156,3,early season (sowing),0.0,20.5,318964.9515941321,"SEVERE flood expected in Aweil West this week: q50 0.0 km², above the 95th percentile of all March weeks since 2000. Early season (sowing): sowing windows are opening — delayed or drowned seedlings are the main crop risk. Approx. 21 ha of rangeland at risk; plan early herd movement. (Aweil West maps ~318,965 cattle in baseline.)"
2010-03-22,Aweil Centre,0.0,0.072,0,early season (sowing),0.0,0.0,364961.8333817694,"No flood expected in Aweil Centre this week (q50 0.0 km²). Routine monitoring. (Aweil Centre maps ~364,962 cattle in baseline.)"
2010-03-22,Aweil East,0.0,0.066,0,early season (sowing),0.0,0.0,505027.7802561831,"No flood expected in Aweil East this week (q50 0.0 km²). Routine monitoring. (Aweil East maps ~505,028 cattle in baseline.)"
2010-03-22,Aweil North,0.0,0.045,0,early season (sowing),0.0,0.0,463800.5038861725,"No flood expected in Aweil North this week (q50 0.0 km²). Routine monitoring. (Aweil North maps ~463,801 cattle in baseline.)"
2010-03-22,Aweil South,0.0,0.048,0,early season (sowing),0.0,0.0,141256.8006910938,"No flood expected in Aweil South this week (q50 0.0 km²). Routine monitoring. (Aweil South maps ~141,257 cattle in baseline.)"
2010-03-22,Aweil West,0.0,0.094,0,early season (sowing),0.0,0.0,318964.9515941321,"No flood expected in Aweil West this week (q50 0.0 km²). Routine monitoring. (Aweil West maps ~318,965 cattle in baseline.)"
2010-03-29,Aweil Centre,0.0,0.121,0,early season (sowing),0.0,0.0,364961.8333817694,"No flood expected in Aweil Centre this week (q50 0.0 km²). Routine monitoring. (Aweil Centre maps ~364,962 cattle in baseline.)"
2010-03-29,Aweil East,0.0,0.078,0,early season (sowing),0.0,0.0,505027.7802561831,"No flood expected in Aweil East this week (q50 0.0 km²). Routine monitoring. (Aweil East maps ~505,028 cattle in baseline.)"
2010-03-29,Aweil North,0.0,0.042,0,early season (sowing),0.0,0.0,463800.5038861725,"No flood expected in Aweil North this week (q50 0.0 km²). Routine monitoring. (Aweil North maps ~463,801 cattle in baseline.)"
2010-03-29,Aweil South,0.0,0.043,0,early season (sowing),0.0,0.0,141256.8006910938,"No flood expected in Aweil South this week (q50 0.0 km²). Routine monitoring. (Aweil South maps ~141,257 cattle in baseline.)"
2010-03-29,Aweil West,0.0,0.076,0,early season (sowing),0.0,0.0,318964.9515941321,"No flood expected in Aweil West this week (q50 0.0 km²). Routine monitoring. (Aweil West maps ~318,965 cattle in baseline.)"
2010-04-05,Aweil Centre,0.0,0.081,0,crop establishment,0.0,0.0,364961.8333817694,"No flood expected in Aweil Centre this week (q50 0.0 km²). Routine monitoring. (Aweil Centre maps ~364,962 cattle in baseline.)"
2010-04-05,Aweil East,0.0,0.05,0,crop establishment,0.0,0.0,505027.7802561831,"No flood expected in Aweil East this week (q50 0.0 km²). Routine monitoring. (Aweil East maps ~505,028 cattle in baseline.)"
2010-04-05,Aweil North,0.0,0.036,0,crop establishment,0.0,0.0,463800.5038861725,"No flood expected in Aweil North this week (q50 0.0 km²). Routine monitoring. (Aweil North maps ~463,801 cattle in baseline.)"
2010-04-05,Aweil South,0.0,0.036,0,crop establishment,0.0,0.0,141256.8006910938,"No flood expected in Aweil South this week (q50 0.0 km²). Routine monitoring. (Aweil South maps ~141,257 cattle in baseline.)"
2010-04-05,Aweil West,0.0,0.04,0,crop establishment,0.0,0.0,318964.9515941321,"No flood expected in Aweil West this week (q50 0.0 km²). Routine monitoring. (Aweil West maps ~318,965 cattle in baseline.)"
2010-04-12,Aweil Centre,0.0,0.05,0,crop establishment,0.0,0.0,364961.8333817694,"No flood expected in Aweil Centre this week (q50 0.0 km²). Routine monitoring. (Aweil Centre maps ~364,962 cattle in baseline.)"
2010-04-12,Aweil East,0.0,0.04,0,crop establishment,0.0,0.0,505027.7802561831,"No flood expected in Aweil East this week (q50 0.0 km²). Routine monitoring. (Aweil East maps ~505,028 cattle in baseline.)"
2010-04-12,Aweil North,0.0,0.026,0,crop establishment,0.0,0.0,463800.5038861725,"No flood expected in Aweil North this week (q50 0.0 km²). Routine monitoring. (Aweil North maps ~463,801 cattle in baseline.)"
2010-04-12,Aweil South,0.0,0.027,0,crop establishment,0.0,0.0,141256.8006910938,"No flood expected in Aweil South this week (q50 0.0 km²). Routine monitoring. (Aweil South maps ~141,257 cattle in baseline.)"
2010-04-12,Aweil West,0.0,0.03,0,crop establishment,0.0,0.0,318964.9515941321,"No flood expected in Aweil West this week (q50 0.0 km²). Routine monitoring. (Aweil West maps ~318,965 cattle in baseline.)"
2010-04-19,Aweil Centre,0.0,0.052,0,crop establishment,0.0,0.0,364961.8333817694,"No flood expected in Aweil Centre this week (q50 0.0 km²). Routine monitoring. (Aweil Centre maps ~364,962 cattle in baseline.)"
2010-04-19,Aweil East,0.0,0.048,0,crop establishment,0.0,0.0,505027.7802561831,"No flood expected in Aweil East this week (q50 0.0 km²). Routine monitoring. (Aweil East maps ~505,028 cattle in baseline.)"
2010-04-19,Aweil North,0.0,0.025,0,crop establishment,0.0,0.0,463800.5038861725,"No flood expected in Aweil North this week (q50 0.0 km²). Routine monitoring. (Aweil North maps ~463,801 cattle in baseline.)"
2010-04-19,Aweil South,0.0,0.032,0,crop establishment,0.0,0.0,141256.8006910938,"No flood expected in Aweil South this week (q50 0.0 km²). Routine monitoring. (Aweil South maps ~141,257 cattle in baseline.)"
2010-04-19,Aweil West,0.0,0.04,0,crop establishment,0.0,0.0,318964.9515941321,"No flood expected in Aweil West this week (q50 0.0 km²). Routine monitoring. (Aweil West maps ~318,965 cattle in baseline.)"
2010-04-26,Aweil Centre,0.0,0.028,0,crop establishment,0.0,0.0,364961.8333817694,"No flood expected in Aweil Centre this week (q50 0.0 km²). Routine monitoring. (Aweil Centre maps ~364,962 cattle in baseline.)"
2010-04-26,Aweil East,0.0,0.033,0,crop establishment,0.0,0.0,505027.7802561831,"No flood expected in Aweil East this week (q50 0.0 km²). Routine monitoring. (Aweil East maps ~505,028 cattle in baseline.)"
2010-04-26,Aweil North,0.0,0.024,0,crop establishment,0.0,0.0,463800.5038861725,"No flood expected in Aweil North this week (q50 0.0 km²). Routine monitoring. (Aweil North maps ~463,801 cattle in baseline.)"
2010-04-26,Aweil South,0.0,0.025,0,crop establishment,0.0,0.0,141256.8006910938,"No flood expected in Aweil South this week (q50 0.0 km²). Routine monitoring. (Aweil South maps ~141,257 cattle in baseline.)"
2010-04-26,Aweil West,0.0,0.027,0,crop establishment,0.0,0.0,318964.9515941321,"No flood expected in Aweil West this week (q50 0.0 km²). Routine monitoring. (Aweil West maps ~318,965 cattle in baseline.)"
2010-05-03,Aweil Centre,0.0,0.035,0,vegetative growth,0.0,0.0,364961.8333817694,"No flood expected in Aweil Centre this week (q50 0.0 km²). Routine monitoring. (Aweil Centre maps ~364,962 cattle in baseline.)"
2010-05-03,Aweil East,0.07,0.109,2,vegetative growth,0.0,0.0,505027.7802561831,"High flood risk in Aweil East this week: q50 0.1 km², above most May weeks since 2000. Vegetative growth: crops are at peak water demand — short flooding can be tolerated, sustained submergence is not. (Aweil East maps ~505,028 cattle in baseline.)"
2010-05-03,Aweil North,0.0,0.032,0,vegetative growth,0.0,0.0,463800.5038861725,"No flood expected in Aweil North this week (q50 0.0 km²). Routine monitoring. (Aweil North maps ~463,801 cattle in baseline.)"
2010-05-03,Aweil South,0.0,0.023,0,vegetative growth,0.0,0.0,141256.8006910938,"No flood expected in Aweil South this week (q50 0.0 km²). Routine monitoring. (Aweil South maps ~141,257 cattle in baseline.)"
2010-05-03,Aweil West,0.0,0.026,0,vegetative growth,0.0,0.0,318964.9515941321,"No flood expected in Aweil West this week (q50 0.0 km²). Routine monitoring. (Aweil West maps ~318,965 cattle in baseline.)"
2010-05-10,Aweil Centre,0.0,0.018,0,vegetative growth,0.0,0.0,364961.8333817694,"No flood expected in Aweil Centre this week (q50 0.0 km²). Routine monitoring. (Aweil Centre maps ~364,962 cattle in baseline.)"
2010-05-10,Aweil East,0.0,0.049,0,vegetative growth,0.0,0.0,505027.7802561831,"No flood expected in Aweil East this week (q50 0.0 km²). Routine monitoring. (Aweil East maps ~505,028 cattle in baseline.)"
2010-05-10,Aweil North,0.0,0.019,0,vegetative growth,0.0,0.0,463800.5038861725,"No flood expected in Aweil North this week (q50 0.0 km²). Routine monitoring. (Aweil North maps ~463,801 cattle in baseline.)"
2010-05-10,Aweil South,0.0,0.02,0,vegetative growth,0.0,0.0,141256.8006910938,"No flood expected in Aweil South this week (q50 0.0 km²). Routine monitoring. (Aweil South maps ~141,257 cattle in baseline.)"
2010-05-10,Aweil West,0.0,0.023,0,vegetative growth,0.0,0.0,318964.9515941321,"No flood expected in Aweil West this week (q50 0.0 km²). Routine monitoring. (Aweil West maps ~318,965 cattle in baseline.)"
2010-05-17,Aweil Centre,0.0,0.025,0,vegetative growth,0.0,0.0,364961.8333817694,"No flood expected in Aweil Centre this week (q50 0.0 km²). Routine monitoring. (Aweil Centre maps ~364,962 cattle in baseline.)"
2010-05-17,Aweil East,0.0,0.041,0,vegetative growth,0.0,0.0,505027.7802561831,"No flood expected in Aweil East this week (q50 0.0 km²). Routine monitoring. (Aweil East maps ~505,028 cattle in baseline.)"
2010-05-17,Aweil North,0.0,0.028,0,vegetative growth,0.0,0.0,463800.5038861725,"No flood expected in Aweil North this week (q50 0.0 km²). Routine monitoring. (Aweil North maps ~463,801 cattle in baseline.)"
2010-05-17,Aweil South,0.0,0.017,0,vegetative growth,0.0,0.0,141256.8006910938,"No flood expected in Aweil South this week (q50 0.0 km²). Routine monitoring. (Aweil South maps ~141,257 cattle in baseline.)"
2010-05-17,Aweil West,0.0,0.02,0,vegetative growth,0.0,0.0,318964.9515941321,"No flood expected in Aweil West this week (q50 0.0 km²). Routine monitoring. (Aweil West maps ~318,965 cattle in baseline.)"
2010-05-24,Aweil Centre,0.0,0.045,0,vegetative growth,0.0,0.0,364961.8333817694,"No flood expected in Aweil Centre this week (q50 0.0 km²). Routine monitoring. (Aweil Centre maps ~364,962 cattle in baseline.)"
2010-05-24,Aweil East,0.0,0.048,0,vegetative growth,0.0,0.0,505027.7802561831,"No flood expected in Aweil East this week (q50 0.0 km²). Routine monitoring. (Aweil East maps ~505,028 cattle in baseline.)"
2010-05-24,Aweil North,0.0,0.032,0,vegetative growth,0.0,0.0,463800.5038861725,"No flood expected in Aweil North this week (q50 0.0 km²). Routine monitoring. (Aweil North maps ~463,801 cattle in baseline.)"
2010-05-24,Aweil South,0.0,0.035,0,vegetative growth,0.0,0.0,141256.8006910938,"No flood expected in Aweil South this week (q50 0.0 km²). Routine monitoring. (Aweil South maps ~141,257 cattle in baseline.)"
2010-05-24,Aweil West,0.0,0.047,0,vegetative growth,0.0,0.0,318964.9515941321,"No flood expected in Aweil West this week (q50 0.0 km²). Routine monitoring. (Aweil West maps ~318,965 cattle in baseline.)"
2010-05-31,Aweil Centre,0.0,0.022,0,vegetative growth,0.0,0.0,364961.8333817694,"No flood expected in Aweil Centre this week (q50 0.0 km²). Routine monitoring. (Aweil Centre maps ~364,962 cattle in baseline.)"
2010-05-31,Aweil East,0.0,0.026,0,vegetative growth,0.0,0.0,505027.7802561831,"No flood expected in Aweil East this week (q50 0.0 km²). Routine monitoring. (Aweil East maps ~505,028 cattle in baseline.)"
2010-05-31,Aweil North,0.0,0.019,0,vegetative growth,0.0,0.0,463800.5038861725,"No flood expected in Aweil North this week (q50 0.0 km²). Routine monitoring. (Aweil North maps ~463,801 cattle in baseline.)"
2010-05-31,Aweil South,0.0,0.018,0,vegetative growth,0.0,0.0,141256.8006910938,"No flood expected in Aweil South this week (q50 0.0 km²). Routine monitoring. (Aweil South maps ~141,257 cattle in baseline.)"
2010-05-31,Aweil West,0.0,0.022,0,vegetative growth,0.0,0.0,318964.9515941321,"No flood expected in Aweil West this week (q50 0.0 km²). Routine monitoring. (Aweil West maps ~318,965 cattle in baseline.)"
2010-06-07,Aweil Centre,0.0,0.022,0,vegetative growth (peak),0.0,0.0,364961.8333817694,"No flood expected in Aweil Centre this week (q50 0.0 km²). Routine monitoring. (Aweil Centre maps ~364,962 cattle in baseline.)"
2010-06-07,Aweil East,0.0,0.023,0,vegetative growth (peak),0.0,0.0,505027.7802561831,"No flood expected in Aweil East this week (q50 0.0 km²). Routine monitoring. (Aweil East maps ~505,028 cattle in baseline.)"
2010-06-07,Aweil North,0.0,0.019,0,vegetative growth (peak),0.0,0.0,463800.5038861725,"No flood expected in Aweil North this week (q50 0.0 km²). Routine monitoring. (Aweil North maps ~463,801 cattle in baseline.)"
2010-06-07,Aweil South,0.0,0.018,0,vegetative growth (peak),0.0,0.0,141256.8006910938,"No flood expected in Aweil South this week (q50 0.0 km²). Routine monitoring. (Aweil South maps ~141,257 cattle in baseline.)"
2010-06-07,Aweil West,0.0,0.02,0,vegetative growth (peak),0.0,0.0,318964.9515941321,"No flood expected in Aweil West this week (q50 0.0 km²). Routine monitoring. (Aweil West maps ~318,965 cattle in baseline.)"
2010-06-14,Aweil Centre,0.0,0.023,0,vegetative growth (peak),0.0,0.0,364961.8333817694,"No flood expected in Aweil Centre this week (q50 0.0 km²). Routine monitoring. (Aweil Centre maps ~364,962 cattle in baseline.)"
2010-06-14,Aweil East,0.0,0.028,0,vegetative growth (peak),0.0,0.0,505027.7802561831,"No flood expected in Aweil East this week (q50 0.0 km²). Routine monitoring. (Aweil East maps ~505,028 cattle in baseline.)"
2010-06-14,Aweil North,0.0,0.028,0,vegetative growth (peak),0.0,0.0,463800.5038861725,"No flood expected in Aweil North this week (q50 0.0 km²). Routine monitoring. (Aweil North maps ~463,801 cattle in baseline.)"
2010-06-14,Aweil South,0.0,0.029,0,vegetative growth (peak),0.0,0.0,141256.8006910938,"No flood expected in Aweil South this week (q50 0.0 km²). Routine monitoring. (Aweil South maps ~141,257 cattle in baseline.)"
2010-06-14,Aweil West,0.0,0.036,0,vegetative growth (peak),0.0,0.0,318964.9515941321,"No flood expected in Aweil West this week (q50 0.0 km²). Routine monitoring. (Aweil West maps ~318,965 cattle in baseline.)"
2010-06-21,Aweil Centre,0.0,0.026,0,vegetative growth (peak),0.0,0.0,364961.8333817694,"No flood expected in Aweil Centre this week (q50 0.0 km²). Routine monitoring. (Aweil Centre maps ~364,962 cattle in baseline.)"
2010-06-21,Aweil East,0.0,0.028,0,vegetative growth (peak),0.0,0.0,505027.7802561831,"No flood expected in Aweil East this week (q50 0.0 km²). Routine monitoring. (Aweil East maps ~505,028 cattle in baseline.)"
2010-06-21,Aweil North,0.0,0.023,0,vegetative growth (peak),0.0,0.0,463800.5038861725,"No flood expected in Aweil North this week (q50 0.0 km²). Routine monitoring. (Aweil North maps ~463,801 cattle in baseline.)"
2010-06-21,Aweil South,0.0,0.021,0,vegetative growth (peak),0.0,0.0,141256.8006910938,"No flood expected in Aweil South this week (q50 0.0 km²). Routine monitoring. (Aweil South maps ~141,257 cattle in baseline.)"
2010-06-21,Aweil West,0.0,0.024,0,vegetative growth (peak),0.0,0.0,318964.9515941321,"No flood expected in Aweil West this week (q50 0.0 km²). Routine monitoring. (Aweil West maps ~318,965 cattle in baseline.)"
2010-06-28,Aweil Centre,0.0,0.039,0,vegetative growth (peak),0.0,0.0,364961.8333817694,"No flood expected in Aweil Centre this week (q50 0.0 km²). Routine monitoring. (Aweil Centre maps ~364,962 cattle in baseline.)"
2010-06-28,Aweil East,0.0,0.04,0,vegetative growth (peak),0.0,0.0,505027.7802561831,"No flood expected in Aweil East this week (q50 0.0 km²). Routine monitoring. (Aweil East maps ~505,028 cattle in baseline.)"
2010-06-28,Aweil North,0.0,0.028,0,vegetative growth (peak),0.0,0.0,463800.5038861725,"No flood expected in Aweil North this week (q50 0.0 km²). Routine monitoring. (Aweil North maps ~463,801 cattle in baseline.)"
2010-06-28,Aweil South,0.0,0.025,0,vegetative growth (peak),0.0,0.0,141256.8006910938,"No flood expected in Aweil South this week (q50 0.0 km²). Routine monitoring. (Aweil South maps ~141,257 cattle in baseline.)"
2010-06-28,Aweil West,0.0,0.028,0,vegetative growth (peak),0.0,0.0,318964.9515941321,"No flood expected in Aweil West this week (q50 0.0 km²). Routine monitoring. (Aweil West maps ~318,965 cattle in baseline.)"
2010-07-05,Aweil Centre,0.0,0.036,0,vegetative growth (peak),0.0,0.0,364961.8333817694,"No flood expected in Aweil Centre this week (q50 0.0 km²). Routine monitoring. (Aweil Centre maps ~364,962 cattle in baseline.)"
2010-07-05,Aweil East,0.0,0.044,0,vegetative growth (peak),0.0,0.0,505027.7802561831,"No flood expected in Aweil East this week (q50 0.0 km²). Routine monitoring. (Aweil East maps ~505,028 cattle in baseline.)"
2010-07-05,Aweil North,0.0,0.037,0,vegetative growth (peak),0.0,0.0,463800.5038861725,"No flood expected in Aweil North this week (q50 0.0 km²). Routine monitoring. (Aweil North maps ~463,801 cattle in baseline.)"
2010-07-05,Aweil South,0.0,0.045,0,vegetative growth (peak),0.0,0.0,141256.8006910938,"No flood expected in Aweil South this week (q50 0.0 km²). Routine monitoring. (Aweil South maps ~141,257 cattle in baseline.)"
2010-07-05,Aweil West,0.0,0.056,0,vegetative growth (peak),0.0,0.0,318964.9515941321,"No flood expected in Aweil West this week (q50 0.0 km²). Routine monitoring. (Aweil West maps ~318,965 cattle in baseline.)"
2010-07-12,Aweil Centre,0.0,0.051,0,vegetative growth (peak),0.0,0.0,364961.8333817694,"No flood expected in Aweil Centre this week (q50 0.0 km²). Routine monitoring. (Aweil Centre maps ~364,962 cattle in baseline.)"
2010-07-12,Aweil East,0.0,0.065,0,vegetative growth (peak),0.0,0.0,505027.7802561831,"No flood expected in Aweil East this week (q50 0.0 km²). Routine monitoring. (Aweil East maps ~505,028 cattle in baseline.)"
2010-07-12,Aweil North,0.0,0.03,0,vegetative growth (peak),0.0,0.0,463800.5038861725,"No flood expected in Aweil North this week (q50 0.0 km²). Routine monitoring. (Aweil North maps ~463,801 cattle in baseline.)"
2010-07-12,Aweil South,0.0,0.031,0,vegetative growth (peak),0.0,0.0,141256.8006910938,"No flood expected in Aweil South this week (q50 0.0 km²). Routine monitoring. (Aweil South maps ~141,257 cattle in baseline.)"
2010-07-12,Aweil West,0.0,0.035,0,vegetative growth (peak),0.0,0.0,318964.9515941321,"No flood expected in Aweil West this week (q50 0.0 km²). Routine monitoring. (Aweil West maps ~318,965 cattle in baseline.)"
2010-07-19,Aweil Centre,0.0,0.064,0,vegetative growth (peak),0.0,0.0,364961.8333817694,"No flood expected in Aweil Centre this week (q50 0.0 km²). Routine monitoring. (Aweil Centre maps ~364,962 cattle in baseline.)"
2010-07-19,Aweil East,0.0,0.076,0,vegetative growth (peak),0.0,0.0,505027.7802561831,"No flood expected in Aweil East this week (q50 0.0 km²). Routine monitoring. (Aweil East maps ~505,028 cattle in baseline.)"
2010-07-19,Aweil North,0.0,0.049,0,vegetative growth (peak),0.0,0.0,463800.5038861725,"No flood expected in Aweil North this week (q50 0.0 km²). Routine monitoring. (Aweil North maps ~463,801 cattle in baseline.)"
2010-07-19,Aweil South,0.0,0.052,0,vegetative growth (peak),0.0,0.0,141256.8006910938,"No flood expected in Aweil South this week (q50 0.0 km²). Routine monitoring. (Aweil South maps ~141,257 cattle in baseline.)"
2010-07-19,Aweil West,0.0,0.054,0,vegetative growth (peak),0.0,0.0,318964.9515941321,"No flood expected in Aweil West this week (q50 0.0 km²). Routine monitoring. (Aweil West maps ~318,965 cattle in baseline.)"
2010-07-26,Aweil Centre,0.0,0.033,3,vegetative growth (peak),0.0,0.0,364961.8333817694,"SEVERE flood expected in Aweil Centre this week: q50 0.0 km², above the 95th percentile of all July weeks since 2000. Vegetative growth (peak): crops are at peak water demand — short flooding can be tolerated, sustained submergence is not. (Aweil Centre maps ~364,962 cattle in baseline.)"
2010-07-26,Aweil East,0.0,0.043,0,vegetative growth (peak),0.0,0.0,505027.7802561831,"No flood expected in Aweil East this week (q50 0.0 km²). Routine monitoring. (Aweil East maps ~505,028 cattle in baseline.)"
2010-07-26,Aweil North,0.0,0.03,3,vegetative growth (peak),0.0,0.0,463800.5038861725,"SEVERE flood expected in Aweil North this week: q50 0.0 km², above the 95th percentile of all July weeks since 2000. Vegetative growth (peak): crops are at peak water demand — short flooding can be tolerated, sustained submergence is not. (Aweil North maps ~463,801 cattle in baseline.)"
2010-07-26,Aweil South,0.0,0.031,0,vegetative growth (peak),0.0,0.0,141256.8006910938,"No flood expected in Aweil South this week (q50 0.0 km²). Routine monitoring. (Aweil South maps ~141,257 cattle in baseline.)"
2010-07-26,Aweil West,0.0,0.037,0,vegetative growth (peak),0.0,0.0,318964.9515941321,"No flood expected in Aweil West this week (q50 0.0 km²). Routine monitoring. (Aweil West maps ~318,965 cattle in baseline.)"
2010-08-02,Aweil Centre,0.03,0.081,0,maturation,0.0,0.0,364961.8333817694,"No flood expected in Aweil Centre this week (q50 0.0 km²). Routine monitoring. (Aweil Centre maps ~364,962 cattle in baseline.)"
2010-08-02,Aweil East,0.03,0.109,0,maturation,0.0,0.0,505027.7802561831,"No flood expected in Aweil East this week (q50 0.0 km²). Routine monitoring. (Aweil East maps ~505,028 cattle in baseline.)"
2010-08-02,Aweil North,0.03,0.043,3,maturation,0.0,0.0,463800.5038861725,"SEVERE flood expected in Aweil North this week: q50 0.0 km², above the 95th percentile of all August weeks since 2000. Maturation: grain is filling; flooding now damages the yield that is already banked. (Aweil North maps ~463,801 cattle in baseline.)"
2010-08-02,Aweil South,0.03,0.051,0,maturation,0.0,0.0,141256.8006910938,"No flood expected in Aweil South this week (q50 0.0 km²). Routine monitoring. (Aweil South maps ~141,257 cattle in baseline.)"
2010-08-02,Aweil West,0.03,0.063,0,maturation,0.0,0.0,318964.9515941321,"No flood expected in Aweil West this week (q50 0.0 km²). Routine monitoring. (Aweil West maps ~318,965 cattle in baseline.)"
2010-08-09,Aweil Centre,0.0,0.105,0,maturation,0.0,0.0,364961.8333817694,"No flood expected in Aweil Centre this week (q50 0.0 km²). Routine monitoring. (Aweil Centre maps ~364,962 cattle in baseline.)"
2010-08-09,Aweil East,0.0,0.141,0,maturation,0.0,0.0,505027.7802561831,"No flood expected in Aweil East this week (q50 0.0 km²). Routine monitoring. (Aweil East maps ~505,028 cattle in baseline.)"
2010-08-09,Aweil North,0.0,0.039,0,maturation,0.0,0.0,463800.5038861725,"No flood expected in Aweil North this week (q50 0.0 km²). Routine monitoring. (Aweil North maps ~463,801 cattle in baseline.)"
2010-08-09,Aweil South,0.0,0.044,0,maturation,0.0,0.0,141256.8006910938,"No flood expected in Aweil South this week (q50 0.0 km²). Routine monitoring. (Aweil South maps ~141,257 cattle in baseline.)"
2010-08-09,Aweil West,0.0,0.056,0,maturation,0.0,0.0,318964.9515941321,"No flood expected in Aweil West this week (q50 0.0 km²). Routine monitoring. (Aweil West maps ~318,965 cattle in baseline.)"
2010-08-16,Aweil Centre,0.01,0.431,0,maturation,0.0,0.0,364961.8333817694,"No flood expected in Aweil Centre this week (q50 0.0 km²). Routine monitoring. (Aweil Centre maps ~364,962 cattle in baseline.)"
2010-08-16,Aweil East,0.01,0.48,0,maturation,0.0,0.0,505027.7802561831,"No flood expected in Aweil East this week (q50 0.0 km²). Routine monitoring. (Aweil East maps ~505,028 cattle in baseline.)"
2010-08-16,Aweil North,0.0,0.285,0,maturation,0.0,0.0,463800.5038861725,"No flood expected in Aweil North this week (q50 0.0 km²). Routine monitoring. (Aweil North maps ~463,801 cattle in baseline.)"
2010-08-16,Aweil South,0.0,0.295,0,maturation,0.0,0.0,141256.8006910938,"No flood expected in Aweil South this week (q50 0.0 km²). Routine monitoring. (Aweil South maps ~141,257 cattle in baseline.)"
2010-08-16,Aweil West,0.0,0.351,0,maturation,0.0,0.0,318964.9515941321,"No flood expected in Aweil West this week (q50 0.0 km²). Routine monitoring. (Aweil West maps ~318,965 cattle in baseline.)"
2010-08-23,Aweil Centre,1.12,0.8,2,maturation,0.0,0.0,364961.8333817694,"High flood risk in Aweil Centre this week: q50 1.1 km², above most August weeks since 2000. Maturation: grain is filling; flooding now damages the yield that is already banked. (Aweil Centre maps ~364,962 cattle in baseline.)"
2010-08-23,Aweil East,1.14,0.797,0,maturation,0.0,0.0,505027.7802561831,"SEVERE flood expected in Aweil East this week: q50 1.1 km², above the 95th percentile of all August weeks since 2000. (Aweil East maps ~505,028 cattle in baseline.)"
2010-08-23,Aweil North,0.12,0.198,3,maturation,0.0,0.0,463800.5038861725,"SEVERE flood expected in Aweil North this week: q50 0.1 km², above the 95th percentile of all August weeks since 2000. Maturation: grain is filling; flooding now damages the yield that is already banked. (Aweil North maps ~463,801 cattle in baseline.)"
2010-08-23,Aweil South,0.12,0.214,0,maturation,0.0,0.0,141256.8006910938,"No flood expected in Aweil South this week (q50 0.1 km²). Routine monitoring. (Aweil South maps ~141,257 cattle in baseline.)"
2010-08-23,Aweil West,0.7,0.745,0,maturation,0.0,0.0,318964.9515941321,"SEVERE flood expected in Aweil West this week: q50 0.7 km², above the 95th percentile of all August weeks since 2000. (Aweil West maps ~318,965 cattle in baseline.)"
2010-08-30,Aweil Centre,0.3,0.667,0,maturation,0.0,0.0,364961.8333817694,"SEVERE flood expected in Aweil Centre this week: q50 0.3 km², above the 95th percentile of all August weeks since 2000. (Aweil Centre maps ~364,962 cattle in baseline.)"
2010-08-30,Aweil East,0.17,0.53,0,maturation,0.0,0.0,505027.7802561831,"SEVERE flood expected in Aweil East this week: q50 0.2 km², above the 95th percentile of all August weeks since 2000. (Aweil East maps ~505,028 cattle in baseline.)"
2010-08-30,Aweil North,0.11,0.22,3,maturation,0.0,0.0,463800.5038861725,"SEVERE flood expected in Aweil North this week: q50 0.1 km², above the 95th percentile of all August weeks since 2000. Maturation: grain is filling; flooding now damages the yield that is already banked. (Aweil North maps ~463,801 cattle in baseline.)"
2010-08-30,Aweil South,0.11,0.254,0,maturation,0.0,0.0,141256.8006910938,"No flood expected in Aweil South this week (q50 0.1 km²). Routine monitoring. (Aweil South maps ~141,257 cattle in baseline.)"
2010-08-30,Aweil West,0.11,0.357,0,maturation,0.0,0.0,318964.9515941321,"No flood expected in Aweil West this week (q50 0.1 km²). Routine monitoring. (Aweil West maps ~318,965 cattle in baseline.)"
2010-09-06,Aweil Centre,0.96,0.746,0,maturation / grain filling,0.0,107.2,364961.8333817694,"SEVERE flood expected in Aweil Centre this week: q50 1.0 km², above the 95th percentile of all September weeks since 2000. Approx. 107 ha of rangeland at risk; plan early herd movement. (Aweil Centre maps ~364,962 cattle in baseline.)"
2010-09-06,Aweil East,2.97,0.784,0,maturation / grain filling,7.5,311.6,505027.7802561831,"SEVERE flood expected in Aweil East this week: q50 3.0 km², above the 95th percentile of all September weeks since 2000. Approx. 8 ha of mapped crops in the Aweil East floodplain are at risk. Approx. 312 ha of rangeland at risk; plan early herd movement. (Aweil East maps ~505,028 cattle in baseline.)"
2010-09-06,Aweil North,0.1,0.175,0,maturation / grain filling,0.8,43.2,463800.5038861725,"No flood expected in Aweil North this week (q50 0.1 km²). Routine monitoring. Approx. 43 ha of rangeland at risk; plan early herd movement. (Aweil North maps ~463,801 cattle in baseline.)"
2010-09-06,Aweil South,0.1,0.195,0,maturation / grain filling,1.5,39.5,141256.8006910938,"No flood expected in Aweil South this week (q50 0.1 km²). Routine monitoring. Approx. 1 ha of mapped crops in the Aweil South floodplain are at risk. Approx. 40 ha of rangeland at risk; plan early herd movement. (Aweil South maps ~141,257 cattle in baseline.)"
2010-09-06,Aweil West,0.14,0.341,0,maturation / grain filling,0.6,35.4,318964.9515941321,"No flood expected in Aweil West this week (q50 0.1 km²). Routine monitoring. Approx. 35 ha of rangeland at risk; plan early herd movement. (Aweil West maps ~318,965 cattle in baseline.)"
2010-09-13,Aweil Centre,0.79,0.803,0,maturation / grain filling,0.0,88.3,364961.8333817694,"SEVERE flood expected in Aweil Centre this week: q50 0.8 km², above the 95th percentile of all September weeks since 2000. Approx. 88 ha of rangeland at risk; plan early herd movement. (Aweil Centre maps ~364,962 cattle in baseline.)"
2010-09-13,Aweil East,9.63,0.939,0,maturation / grain filling,24.5,1009.7,505027.7802561831,"SEVERE flood expected in Aweil East this week: q50 9.6 km², above the 95th percentile of all September weeks since 2000. Approx. 24 ha of mapped crops in the Aweil East floodplain are at risk. Approx. 1,010 ha of rangeland at risk; plan early herd movement. (Aweil East maps ~505,028 cattle in baseline.)"
2010-09-13,Aweil North,0.11,0.196,0,maturation / grain filling,0.8,43.6,463800.5038861725,"No flood expected in Aweil North this week (q50 0.1 km²). Routine monitoring. Approx. 44 ha of rangeland at risk; plan early herd movement. (Aweil North maps ~463,801 cattle in baseline.)"
2010-09-13,Aweil South,0.11,0.222,0,maturation / grain filling,1.5,39.9,141256.8006910938,"No flood expected in Aweil South this week (q50 0.1 km²). Routine monitoring. Approx. 1 ha of mapped crops in the Aweil South floodplain are at risk. Approx. 40 ha of rangeland at risk; plan early herd movement. (Aweil South maps ~141,257 cattle in baseline.)"
2010-09-13,Aweil West,0.11,0.457,0,maturation / grain filling,0.4,28.0,318964.9515941321,"No flood expected in Aweil West this week (q50 0.1 km²). Routine monitoring. Approx. 28 ha of rangeland at risk; plan early herd movement. (Aweil West maps ~318,965 cattle in baseline.)"
2010-09-20,Aweil Centre,0.99,0.707,0,maturation / grain filling,0.0,109.7,364961.8333817694,"SEVERE flood expected in Aweil Centre this week: q50 1.0 km², above the 95th percentile of all September weeks since 2000. Approx. 110 ha of rangeland at risk; plan early herd movement. (Aweil Centre maps ~364,962 cattle in baseline.)"
2010-09-20,Aweil East,4.58,0.838,0,maturation / grain filling,11.6,479.9,505027.7802561831,"SEVERE flood expected in Aweil East this week: q50 4.6 km², above the 95th percentile of all September weeks since 2000. Approx. 12 ha of mapped crops in the Aweil East floodplain are at risk. Approx. 480 ha of rangeland at risk; plan early herd movement. (Aweil East maps ~505,028 cattle in baseline.)"
2010-09-20,Aweil North,0.11,0.202,0,maturation / grain filling,0.9,47.4,463800.5038861725,"No flood expected in Aweil North this week (q50 0.1 km²). Routine monitoring. Approx. 47 ha of rangeland at risk; plan early herd movement. (Aweil North maps ~463,801 cattle in baseline.)"
2010-09-20,Aweil South,0.11,0.244,0,maturation / grain filling,1.6,43.4,141256.8006910938,"No flood expected in Aweil South this week (q50 0.1 km²). Routine monitoring. Approx. 2 ha of mapped crops in the Aweil South floodplain are at risk. Approx. 43 ha of rangeland at risk; plan early herd movement. (Aweil South maps ~141,257 cattle in baseline.)"
2010-09-20,Aweil West,0.11,0.286,0,maturation / grain filling,0.5,29.9,318964.9515941321,"No flood expected in Aweil West this week (q50 0.1 km²). Routine monitoring. Approx. 30 ha of rangeland at risk; plan early herd movement. (Aweil West maps ~318,965 cattle in baseline.)"
2010-09-27,Aweil Centre,2.9,0.821,0,maturation / grain filling,0.0,322.5,364961.8333817694,"SEVERE flood expected in Aweil Centre this week: q50 2.9 km², above the 95th percentile of all September weeks since 2000. Approx. 322 ha of rangeland at risk; plan early herd movement. (Aweil Centre maps ~364,962 cattle in baseline.)"
2010-09-27,Aweil East,12.73,0.936,0,maturation / grain filling,32.3,1334.9,505027.7802561831,"SEVERE flood expected in Aweil East this week: q50 12.7 km², above the 95th percentile of all September weeks since 2000. Approx. 32 ha of mapped crops in the Aweil East floodplain are at risk. Approx. 1,335 ha of rangeland at risk; plan early herd movement. (Aweil East maps ~505,028 cattle in baseline.)"
2010-09-27,Aweil North,0.12,0.134,0,maturation / grain filling,0.9,48.2,463800.5038861725,"No flood expected in Aweil North this week (q50 0.1 km²). Routine monitoring. Approx. 48 ha of rangeland at risk; plan early herd movement. (Aweil North maps ~463,801 cattle in baseline.)"
2010-09-27,Aweil South,0.63,0.521,0,maturation / grain filling,8.9,238.1,141256.8006910938,"SEVERE flood expected in Aweil South this week: q50 0.6 km², above the 95th percentile of all September weeks since 2000. Approx. 9 ha of mapped crops in the Aweil South floodplain are at risk. Approx. 238 ha of rangeland at risk; plan early herd movement. (Aweil South maps ~141,257 cattle in baseline.)"
2010-09-27,Aweil West,0.81,0.652,0,maturation / grain filling,3.3,210.4,318964.9515941321,"SEVERE flood expected in Aweil West this week: q50 0.8 km², above the 95th percentile of all September weeks since 2000. Approx. 3 ha of mapped crops in the Aweil West floodplain are at risk. Approx. 210 ha of rangeland at risk; plan early herd movement. (Aweil West maps ~318,965 cattle in baseline.)"
2010-10-04,Aweil Centre,35.83,0.828,3,harvest,0.0,1174.4,364961.8333817694,"SEVERE flood expected in Aweil Centre this week: q50 35.8 km², above the 95th percentile of all October weeks since 2000. Harvest: harvest window — move produce and equipment to higher ground before water rises. Approx. 1,174 ha of rangeland at risk; plan early herd movement. (Aweil Centre maps ~364,962 cattle in baseline.)"
2010-10-04,Aweil East,40.78,0.876,0,harvest,385.7,4434.4,505027.7802561831,"SEVERE flood expected in Aweil East this week: q50 40.8 km², above the 95th percentile of all October weeks since 2000. Approx. 386 ha of mapped crops in the Aweil East floodplain are at risk. Approx. 4,434 ha of rangeland at risk; plan early herd movement. (Aweil East maps ~505,028 cattle in baseline.)"
2010-10-04,Aweil North,2.28,0.8,2,harvest,127.3,3170.5,463800.5038861725,"High flood risk in Aweil North this week: q50 2.3 km², above most October weeks since 2000. Harvest: harvest window — move produce and equipment to higher ground before water rises. Approx. 127 ha of mapped crops in the Aweil North floodplain are at risk. Approx. 3,170 ha of rangeland at risk; plan early herd movement. (Aweil North maps ~463,801 cattle in baseline.)"
2010-10-04,Aweil South,2.49,0.754,0,harvest,45.0,712.8,141256.8006910938,"SEVERE flood expected in Aweil South this week: q50 2.5 km², above the 95th percentile of all October weeks since 2000. Approx. 45 ha of mapped crops in the Aweil South floodplain are at risk. Approx. 713 ha of rangeland at risk; plan early herd movement. (Aweil South maps ~141,257 cattle in baseline.)"
2010-10-04,Aweil West,11.09,0.812,0,harvest,104.4,4868.5,318964.9515941321,"SEVERE flood expected in Aweil West this week: q50 11.1 km², above the 95th percentile of all October weeks since 2000. Approx. 104 ha of mapped crops in the Aweil West floodplain are at risk. Approx. 4,868 ha of rangeland at risk; plan early herd movement. (Aweil West maps ~318,965 cattle in baseline.)"
2010-10-11,Aweil Centre,41.48,0.949,3,harvest,0.0,1174.4,364961.8333817694,"SEVERE flood expected in Aweil Centre this week: q50 41.5 km², above the 95th percentile of all October weeks since 2000. Harvest: harvest window — move produce and equipment to higher ground before water rises. Approx. 1,174 ha of rangeland at risk; plan early herd movement. (Aweil Centre maps ~364,962 cattle in baseline.)"
2010-10-11,Aweil East,21.11,0.95,0,harvest,199.6,2294.8,505027.7802561831,"SEVERE flood expected in Aweil East this week: q50 21.1 km², above the 95th percentile of all October weeks since 2000. Approx. 200 ha of mapped crops in the Aweil East floodplain are at risk. Approx. 2,295 ha of rangeland at risk; plan early herd movement. (Aweil East maps ~505,028 cattle in baseline.)"
2010-10-11,Aweil North,6.45,0.927,2,harvest,359.7,8958.3,463800.5038861725,"High flood risk in Aweil North this week: q50 6.5 km², above most October weeks since 2000. Harvest: harvest window — move produce and equipment to higher ground before water rises. Approx. 360 ha of mapped crops in the Aweil North floodplain are at risk. Approx. 8,958 ha of rangeland at risk; plan early herd movement. (Aweil North maps ~463,801 cattle in baseline.)"
2010-10-11,Aweil South,1.18,0.704,0,harvest,21.4,338.4,141256.8006910938,"SEVERE flood expected in Aweil South this week: q50 1.2 km², above the 95th percentile of all October weeks since 2000. Approx. 21 ha of mapped crops in the Aweil South floodplain are at risk. Approx. 338 ha of rangeland at risk; plan early herd movement. (Aweil South maps ~141,257 cattle in baseline.)"
2010-10-11,Aweil West,36.8,0.95,2,harvest,346.6,16160.4,318964.9515941321,"High flood risk in Aweil West this week: q50 36.8 km², above most October weeks since 2000. Harvest: harvest window — move produce and equipment to higher ground before water rises. Approx. 347 ha of mapped crops in the Aweil West floodplain are at risk. Approx. 16,160 ha of rangeland at risk; plan early herd movement. (Aweil West maps ~318,965 cattle in baseline.)"
2010-10-18,Aweil Centre,15.03,0.87,2,harvest,0.0,588.3,364961.8333817694,"High flood risk in Aweil Centre this week: q50 15.0 km², above most October weeks since 2000. Harvest: harvest window — move produce and equipment to higher ground before water rises. Approx. 588 ha of rangeland at risk; plan early herd movement. (Aweil Centre maps ~364,962 cattle in baseline.)"
2010-10-18,Aweil East,42.47,0.872,0,harvest,401.6,4617.5,505027.7802561831,"SEVERE flood expected in Aweil East this week: q50 42.5 km², above the 95th percentile of all October weeks since 2000. Approx. 402 ha of mapped crops in the Aweil East floodplain are at risk. Approx. 4,617 ha of rangeland at risk; plan early herd movement. (Aweil East maps ~505,028 cattle in baseline.)"
2010-10-18,Aweil North,11.03,0.859,3,harvest,380.3,9471.4,463800.5038861725,"SEVERE flood expected in Aweil North this week: q50 11.0 km², above the 95th percentile of all October weeks since 2000. Harvest: harvest window — move produce and equipment to higher ground before water rises. Approx. 380 ha of mapped crops in the Aweil North floodplain are at risk. Approx. 9,471 ha of rangeland at risk; plan early herd movement. (Aweil North maps ~463,801 cattle in baseline.)"
2010-10-18,Aweil South,24.17,0.865,0,harvest,436.1,6910.2,141256.8006910938,"SEVERE flood expected in Aweil South this week: q50 24.2 km², above the 95th percentile of all October weeks since 2000. Approx. 436 ha of mapped crops in the Aweil South floodplain are at risk. Approx. 6,910 ha of rangeland at risk; plan early herd movement. (Aweil South maps ~141,257 cattle in baseline.)"
2010-10-18,Aweil West,38.21,0.876,2,harvest,359.9,16780.6,318964.9515941321,"High flood risk in Aweil West this week: q50 38.2 km², above most October weeks since 2000. Harvest: harvest window — move produce and equipment to higher ground before water rises. Approx. 360 ha of mapped crops in the Aweil West floodplain are at risk. Approx. 16,781 ha of rangeland at risk; plan early herd movement. (Aweil West maps ~318,965 cattle in baseline.)"
2010-10-25,Aweil Centre,4.31,0.847,0,harvest,0.0,168.6,364961.8333817694,"SEVERE flood expected in Aweil Centre this week: q50 4.3 km², above the 95th percentile of all October weeks since 2000. Approx. 169 ha of rangeland at risk; plan early herd movement. (Aweil Centre maps ~364,962 cattle in baseline.)"
2010-10-25,Aweil East,43.75,0.946,0,harvest,413.7,4756.5,505027.7802561831,"SEVERE flood expected in Aweil East this week: q50 43.7 km², above the 95th percentile of all October weeks since 2000. Approx. 414 ha of mapped crops in the Aweil East floodplain are at risk. Approx. 4,756 ha of rangeland at risk; plan early herd movement. (Aweil East maps ~505,028 cattle in baseline.)"
2010-10-25,Aweil North,12.12,0.949,3,harvest,380.3,9471.4,463800.5038861725,"SEVERE flood expected in Aweil North this week: q50 12.1 km², above the 95th percentile of all October weeks since 2000. Harvest: harvest window — move produce and equipment to higher ground before water rises. Approx. 380 ha of mapped crops in the Aweil North floodplain are at risk. Approx. 9,471 ha of rangeland at risk; plan early herd movement. (Aweil North maps ~463,801 cattle in baseline.)"
2010-10-25,Aweil South,13.09,0.95,0,harvest,236.2,3742.2,141256.8006910938,"SEVERE flood expected in Aweil South this week: q50 13.1 km², above the 95th percentile of all October weeks since 2000. Approx. 236 ha of mapped crops in the Aweil South floodplain are at risk. Approx. 3,742 ha of rangeland at risk; plan early herd movement. (Aweil South maps ~141,257 cattle in baseline.)"
2010-10-25,Aweil West,42.32,0.947,2,harvest,398.6,18586.5,318964.9515941321,"High flood risk in Aweil West this week: q50 42.3 km², above most October weeks since 2000. Harvest: harvest window — move produce and equipment to higher ground before water rises. Approx. 399 ha of mapped crops in the Aweil West floodplain are at risk. Approx. 18,586 ha of rangeland at risk; plan early herd movement. (Aweil West maps ~318,965 cattle in baseline.)"
2010-11-01,Aweil Centre,1.89,0.771,0,harvest / drying,0.0,206.5,364961.8333817694,"SEVERE flood expected in Aweil Centre this week: q50 1.9 km², above the 95th percentile of all November weeks since 2000. Approx. 207 ha of rangeland at risk; plan early herd movement. (Aweil Centre maps ~364,962 cattle in baseline.)"
2010-11-01,Aweil East,42.49,0.895,2,harvest / drying,580.2,7592.2,505027.7802561831,"High flood risk in Aweil East this week: q50 42.5 km², above most November weeks since 2000. Harvest / drying: harvest window closing — move produce and equipment to higher ground before water rises. Approx. 580 ha of mapped crops in the Aweil East floodplain are at risk. Approx. 7,592 ha of rangeland at risk; plan early herd movement. (Aweil East maps ~505,028 cattle in baseline.)"
2010-11-01,Aweil North,10.02,0.902,3,harvest / drying,214.9,8258.8,463800.5038861725,"SEVERE flood expected in Aweil North this week: q50 10.0 km², above the 95th percentile of all November weeks since 2000. Harvest / drying: harvest window closing — move produce and equipment to higher ground before water rises. Approx. 215 ha of mapped crops in the Aweil North floodplain are at risk. Approx. 8,259 ha of rangeland at risk; plan early herd movement. (Aweil North maps ~463,801 cattle in baseline.)"
2010-11-01,Aweil South,14.6,0.897,0,harvest / drying,223.5,3580.9,141256.8006910938,"SEVERE flood expected in Aweil South this week: q50 14.6 km², above the 95th percentile of all November weeks since 2000. Approx. 223 ha of mapped crops in the Aweil South floodplain are at risk. Approx. 3,581 ha of rangeland at risk; plan early herd movement. (Aweil South maps ~141,257 cattle in baseline.)"
2010-11-01,Aweil West,23.98,0.893,3,harvest / drying,366.8,15738.4,318964.9515941321,"SEVERE flood expected in Aweil West this week: q50 24.0 km², above the 95th percentile of all November weeks since 2000. Harvest / drying: harvest window closing — move produce and equipment to higher ground before water rises. Approx. 367 ha of mapped crops in the Aweil West floodplain are at risk. Approx. 15,738 ha of rangeland at risk; plan early herd movement. (Aweil West maps ~318,965 cattle in baseline.)"
2010-11-08,Aweil Centre,0.55,0.83,0,harvest / drying,0.0,60.0,364961.8333817694,"SEVERE flood expected in Aweil Centre this week: q50 0.5 km², above the 95th percentile of all November weeks since 2000. Approx. 60 ha of rangeland at risk; plan early herd movement. (Aweil Centre maps ~364,962 cattle in baseline.)"
2010-11-08,Aweil East,44.1,0.96,2,harvest / drying,602.2,7880.9,505027.7802561831,"High flood risk in Aweil East this week: q50 44.1 km², above most November weeks since 2000. Harvest / drying: harvest window closing — move produce and equipment to higher ground before water rises. Approx. 602 ha of mapped crops in the Aweil East floodplain are at risk. Approx. 7,881 ha of rangeland at risk; plan early herd movement. (Aweil East maps ~505,028 cattle in baseline.)"
2010-11-08,Aweil North,0.51,0.749,2,harvest / drying,83.1,3193.1,463800.5038861725,"High flood risk in Aweil North this week: q50 0.5 km², above most November weeks since 2000. Harvest / drying: harvest window closing — move produce and equipment to higher ground before water rises. Approx. 83 ha of mapped crops in the Aweil North floodplain are at risk. Approx. 3,193 ha of rangeland at risk; plan early herd movement. (Aweil North maps ~463,801 cattle in baseline.)"
2010-11-08,Aweil South,28.63,0.958,2,harvest / drying,438.1,7019.5,141256.8006910938,"High flood risk in Aweil South this week: q50 28.6 km², above most November weeks since 2000. Harvest / drying: harvest window closing — move produce and equipment to higher ground before water rises. Approx. 438 ha of mapped crops in the Aweil South floodplain are at risk. Approx. 7,019 ha of rangeland at risk; plan early herd movement. (Aweil South maps ~141,257 cattle in baseline.)"
2010-11-08,Aweil West,2.87,0.899,2,harvest / drying,77.0,3306.2,318964.9515941321,"High flood risk in Aweil West this week: q50 2.9 km², above most November weeks since 2000. Harvest / drying: harvest window closing — move produce and equipment to higher ground before water rises. Approx. 77 ha of mapped crops in the Aweil West floodplain are at risk. Approx. 3,306 ha of rangeland at risk; plan early herd movement. (Aweil West maps ~318,965 cattle in baseline.)"
2010-11-15,Aweil Centre,0.25,0.799,0,harvest / drying,0.0,26.9,364961.8333817694,"SEVERE flood expected in Aweil Centre this week: q50 0.2 km², above the 95th percentile of all November weeks since 2000. Approx. 27 ha of rangeland at risk; plan early herd movement. (Aweil Centre maps ~364,962 cattle in baseline.)"
2010-11-15,Aweil East,44.07,0.955,2,harvest / drying,601.9,7875.9,505027.7802561831,"High flood risk in Aweil East this week: q50 44.1 km², above most November weeks since 2000. Harvest / drying: harvest window closing — move produce and equipment to higher ground before water rises. Approx. 602 ha of mapped crops in the Aweil East floodplain are at risk. Approx. 7,876 ha of rangeland at risk; plan early herd movement. (Aweil East maps ~505,028 cattle in baseline.)"
2010-11-15,Aweil North,0.12,0.328,0,harvest / drying,19.4,744.2,463800.5038861725,"No flood expected in Aweil North this week (q50 0.1 km²). Routine monitoring. Approx. 19 ha of mapped crops in the Aweil North floodplain are at risk. Approx. 744 ha of rangeland at risk; plan early herd movement. (Aweil North maps ~463,801 cattle in baseline.)"
2010-11-15,Aweil South,43.33,0.953,2,harvest / drying,663.0,10623.2,141256.8006910938,"High flood risk in Aweil South this week: q50 43.3 km², above most November weeks since 2000. Harvest / drying: harvest window closing — move produce and equipment to higher ground before water rises. Approx. 663 ha of mapped crops in the Aweil South floodplain are at risk. Approx. 10,623 ha of rangeland at risk; plan early herd movement. (Aweil South maps ~141,257 cattle in baseline.)"
2010-11-15,Aweil West,0.65,0.672,0,harvest / drying,17.5,752.9,318964.9515941321,"SEVERE flood expected in Aweil West this week: q50 0.7 km², above the 95th percentile of all November weeks since 2000. Approx. 18 ha of mapped crops in the Aweil West floodplain are at risk. Approx. 753 ha of rangeland at risk; plan early herd movement. (Aweil West maps ~318,965 cattle in baseline.)"
2010-11-22,Aweil Centre,0.21,0.767,0,harvest / drying,0.0,22.6,364961.8333817694,"SEVERE flood expected in Aweil Centre this week: q50 0.2 km², above the 95th percentile of all November weeks since 2000. Approx. 23 ha of rangeland at risk; plan early herd movement. (Aweil Centre maps ~364,962 cattle in baseline.)"
2010-11-22,Aweil East,42.33,0.956,2,harvest / drying,578.0,7564.2,505027.7802561831,"High flood risk in Aweil East this week: q50 42.3 km², above most November weeks since 2000. Harvest / drying: harvest window closing — move produce and equipment to higher ground before water rises. Approx. 578 ha of mapped crops in the Aweil East floodplain are at risk. Approx. 7,564 ha of rangeland at risk; plan early herd movement. (Aweil East maps ~505,028 cattle in baseline.)"
2010-11-22,Aweil North,0.02,0.231,0,harvest / drying,2.9,113.0,463800.5038861725,"No flood expected in Aweil North this week (q50 0.0 km²). Routine monitoring. Approx. 3 ha of mapped crops in the Aweil North floodplain are at risk. Approx. 113 ha of rangeland at risk; plan early herd movement. (Aweil North maps ~463,801 cattle in baseline.)"
2010-11-22,Aweil South,41.87,0.955,2,harvest / drying,640.7,10266.1,141256.8006910938,"High flood risk in Aweil South this week: q50 41.9 km², above most November weeks since 2000. Harvest / drying: harvest window closing — move produce and equipment to higher ground before water rises. Approx. 641 ha of mapped crops in the Aweil South floodplain are at risk. Approx. 10,266 ha of rangeland at risk; plan early herd movement. (Aweil South maps ~141,257 cattle in baseline.)"
2010-11-22,Aweil West,0.28,0.673,0,harvest / drying,7.4,318.1,318964.9515941321,"SEVERE flood expected in Aweil West this week: q50 0.3 km², above the 95th percentile of all November weeks since 2000. Approx. 7 ha of mapped crops in the Aweil West floodplain are at risk. Approx. 318 ha of rangeland at risk; plan early herd movement. (Aweil West maps ~318,965 cattle in baseline.)"
2010-11-29,Aweil Centre,0.04,0.482,0,harvest / drying,0.0,4.1,364961.8333817694,"No flood expected in Aweil Centre this week (q50 0.0 km²). Routine monitoring. Approx. 4 ha of rangeland at risk; plan early herd movement. (Aweil Centre maps ~364,962 cattle in baseline.)"
2010-11-29,Aweil East,40.64,0.954,2,harvest / drying,555.0,7262.4,505027.7802561831,"High flood risk in Aweil East this week: q50 40.6 km², above most November weeks since 2000. Harvest / drying: harvest window closing — move produce and equipment to higher ground before water rises. Approx. 555 ha of mapped crops in the Aweil East floodplain are at risk. Approx. 7,262 ha of rangeland at risk; plan early herd movement. (Aweil East maps ~505,028 cattle in baseline.)"
2010-11-29,Aweil North,0.0,0.078,0,harvest / drying,0.0,0.0,463800.5038861725,"No flood expected in Aweil North this week (q50 0.0 km²). Routine monitoring. (Aweil North maps ~463,801 cattle in baseline.)"
2010-11-29,Aweil South,39.46,0.951,2,harvest / drying,603.8,9674.2,141256.8006910938,"High flood risk in Aweil South this week: q50 39.5 km², above most November weeks since 2000. Harvest / drying: harvest window closing — move produce and equipment to higher ground before water rises. Approx. 604 ha of mapped crops in the Aweil South floodplain are at risk. Approx. 9,674 ha of rangeland at risk; plan early herd movement. (Aweil South maps ~141,257 cattle in baseline.)"
2010-11-29,Aweil West,0.03,0.251,0,harvest / drying,0.9,38.0,318964.9515941321,"No flood expected in Aweil West this week (q50 0.0 km²). Routine monitoring. Approx. 38 ha of rangeland at risk; plan early herd movement. (Aweil West maps ~318,965 cattle in baseline.)"
2010-12-06,Aweil Centre,0.02,0.315,0,dry season,0.0,7.0,364961.8333817694,"No flood expected in Aweil Centre this week (q50 0.0 km²). Routine monitoring. Approx. 7 ha of rangeland at risk; plan early herd movement. (Aweil Centre maps ~364,962 cattle in baseline.)"
2010-12-06,Aweil East,7.22,0.95,2,dry season,695.8,14124.3,505027.7802561831,"High flood risk in Aweil East this week: q50 7.2 km², above most December weeks since 2000. Dry season: little active cropping; floodplain grazing and residual flooding dominate. Approx. 696 ha of mapped crops in the Aweil East floodplain are at risk. Approx. 14,124 ha of rangeland at risk; plan early herd movement. (Aweil East maps ~505,028 cattle in baseline.)"
2010-12-06,Aweil North,0.0,0.033,0,dry season,0.0,0.0,463800.5038861725,"No flood expected in Aweil North this week (q50 0.0 km²). Routine monitoring. (Aweil North maps ~463,801 cattle in baseline.)"
2010-12-06,Aweil South,21.91,0.946,2,dry season,796.0,15944.4,141256.8006910938,"High flood risk in Aweil South this week: q50 21.9 km², above most December weeks since 2000. Dry season: little active cropping; floodplain grazing and residual flooding dominate. Approx. 796 ha of mapped crops in the Aweil South floodplain are at risk. Approx. 15,944 ha of rangeland at risk; plan early herd movement. (Aweil South maps ~141,257 cattle in baseline.)"
2010-12-06,Aweil West,0.0,0.071,3,dry season,0.0,0.0,318964.9515941321,"SEVERE flood expected in Aweil West this week: q50 0.0 km², above the 95th percentile of all December weeks since 2000. Dry season: little active cropping; floodplain grazing and residual flooding dominate. (Aweil West maps ~318,965 cattle in baseline.)"
2010-12-13,Aweil Centre,0.01,0.157,0,dry season,0.0,3.7,364961.8333817694,"No flood expected in Aweil Centre this week (q50 0.0 km²). Routine monitoring. Approx. 4 ha of rangeland at risk; plan early herd movement. (Aweil Centre maps ~364,962 cattle in baseline.)"
2010-12-13,Aweil East,1.8,0.949,0,dry season,174.0,3531.1,505027.7802561831,"SEVERE flood expected in Aweil East this week: q50 1.8 km², above the 95th percentile of all December weeks since 2000. Approx. 174 ha of mapped crops in the Aweil East floodplain are at risk. Approx. 3,531 ha of rangeland at risk; plan early herd movement. (Aweil East maps ~505,028 cattle in baseline.)"
2010-12-13,Aweil North,0.01,0.031,3,dry season,0.0,0.0,463800.5038861725,"SEVERE flood expected in Aweil North this week: q50 0.0 km², above the 95th percentile of all December weeks since 2000. Dry season: little active cropping; floodplain grazing and residual flooding dominate. (Aweil North maps ~463,801 cattle in baseline.)"
2010-12-13,Aweil South,8.2,0.947,2,dry season,297.8,5965.1,141256.8006910938,"High flood risk in Aweil South this week: q50 8.2 km², above most December weeks since 2000. Dry season: little active cropping; floodplain grazing and residual flooding dominate. Approx. 298 ha of mapped crops in the Aweil South floodplain are at risk. Approx. 5,965 ha of rangeland at risk; plan early herd movement. (Aweil South maps ~141,257 cattle in baseline.)"
2010-12-13,Aweil West,0.01,0.043,3,dry season,0.0,0.0,318964.9515941321,"SEVERE flood expected in Aweil West this week: q50 0.0 km², above the 95th percentile of all December weeks since 2000. Dry season: little active cropping; floodplain grazing and residual flooding dominate. (Aweil West maps ~318,965 cattle in baseline.)"
2010-12-20,Aweil Centre,0.01,0.115,0,dry season,0.0,4.1,364961.8333817694,"No flood expected in Aweil Centre this week (q50 0.0 km²). Routine monitoring. Approx. 4 ha of rangeland at risk; plan early herd movement. (Aweil Centre maps ~364,962 cattle in baseline.)"
2010-12-20,Aweil East,0.44,0.79,0,dry season,42.5,861.9,505027.7802561831,"SEVERE flood expected in Aweil East this week: q50 0.4 km², above the 95th percentile of all December weeks since 2000. Approx. 42 ha of mapped crops in the Aweil East floodplain are at risk. Approx. 862 ha of rangeland at risk; plan early herd movement. (Aweil East maps ~505,028 cattle in baseline.)"
2010-12-20,Aweil North,0.01,0.028,3,dry season,0.0,0.0,463800.5038861725,"SEVERE flood expected in Aweil North this week: q50 0.0 km², above the 95th percentile of all December weeks since 2000. Dry season: little active cropping; floodplain grazing and residual flooding dominate. (Aweil North maps ~463,801 cattle in baseline.)"
2010-12-20,Aweil South,6.45,0.943,0,dry season,234.3,4692.8,141256.8006910938,"SEVERE flood expected in Aweil South this week: q50 6.4 km², above the 95th percentile of all December weeks since 2000. Approx. 234 ha of mapped crops in the Aweil South floodplain are at risk. Approx. 4,693 ha of rangeland at risk; plan early herd movement. (Aweil South maps ~141,257 cattle in baseline.)"
2010-12-20,Aweil West,0.01,0.028,3,dry season,0.0,0.0,318964.9515941321,"SEVERE flood expected in Aweil West this week: q50 0.0 km², above the 95th percentile of all December weeks since 2000. Dry season: little active cropping; floodplain grazing and residual flooding dominate. (Aweil West maps ~318,965 cattle in baseline.)"
2010-12-27,Aweil Centre,0.0,0.087,0,dry season,0.0,1.1,364961.8333817694,"No flood expected in Aweil Centre this week (q50 0.0 km²). Routine monitoring. Approx. 1 ha of rangeland at risk; plan early herd movement. (Aweil Centre maps ~364,962 cattle in baseline.)"
2010-12-27,Aweil East,0.12,0.57,0,dry season,11.2,227.7,505027.7802561831,"SEVERE flood expected in Aweil East this week: q50 0.1 km², above the 95th percentile of all December weeks since 2000. Approx. 11 ha of mapped crops in the Aweil East floodplain are at risk. Approx. 228 ha of rangeland at risk; plan early herd movement. (Aweil East maps ~505,028 cattle in baseline.)"
2010-12-27,Aweil North,0.0,0.03,0,dry season,0.0,0.0,463800.5038861725,"No flood expected in Aweil North this week (q50 0.0 km²). Routine monitoring. (Aweil North maps ~463,801 cattle in baseline.)"
2010-12-27,Aweil South,0.28,0.754,0,dry season,10.2,203.9,141256.8006910938,"SEVERE flood expected in Aweil South this week: q50 0.3 km², above the 95th percentile of all December weeks since 2000. Approx. 10 ha of mapped crops in the Aweil South floodplain are at risk. Approx. 204 ha of rangeland at risk; plan early herd movement. (Aweil South maps ~141,257 cattle in baseline.)"
2010-12-27,Aweil West,0.0,0.033,0,dry season,0.0,0.0,318964.9515941321,"No flood expected in Aweil West this week (q50 0.0 km²). Routine monitoring. (Aweil West maps ~318,965 cattle in baseline.)"
2011-01-03,Aweil Centre,0.0,0.025,0,dry season (late phase),0.0,0.0,364961.8333817694,"No flood expected in Aweil Centre this week (q50 0.0 km²). Routine monitoring. (Aweil Centre maps ~364,962 cattle in baseline.)"
2011-01-03,Aweil East,0.06,0.293,2,dry season (late phase),0.0,465.9,505027.7802561831,"High flood risk in Aweil East this week: q50 0.1 km², above most January weeks since 2000. Dry season (late phase): little active cropping; floodplain grazing and residual flooding dominate. Approx. 466 ha of rangeland at risk; plan early herd movement. (Aweil East maps ~505,028 cattle in baseline.)"
2011-01-03,Aweil North,0.0,0.036,0,dry season (late phase),0.0,0.0,463800.5038861725,"No flood expected in Aweil North this week (q50 0.0 km²). Routine monitoring. (Aweil North maps ~463,801 cattle in baseline.)"
2011-01-03,Aweil South,0.04,0.155,0,dry season (late phase),0.2,7.8,141256.8006910938,"No flood expected in Aweil South this week (q50 0.0 km²). Routine monitoring. Approx. 8 ha of rangeland at risk; plan early herd movement. (Aweil South maps ~141,257 cattle in baseline.)"
2011-01-03,Aweil West,0.0,0.025,0,dry season (late phase),0.0,0.0,318964.9515941321,"No flood expected in Aweil West this week (q50 0.0 km²). Routine monitoring. (Aweil West maps ~318,965 cattle in baseline.)"
2011-01-10,Aweil Centre,0.0,0.035,0,dry season (late phase),0.0,0.0,364961.8333817694,"No flood expected in Aweil Centre this week (q50 0.0 km²). Routine monitoring. (Aweil Centre maps ~364,962 cattle in baseline.)"
2011-01-10,Aweil East,0.07,0.401,2,dry season (late phase),0.0,590.4,505027.7802561831,"High flood risk in Aweil East this week: q50 0.1 km², above most January weeks since 2000. Dry season (late phase): little active cropping; floodplain grazing and residual flooding dominate. Approx. 590 ha of rangeland at risk; plan early herd movement. (Aweil East maps ~505,028 cattle in baseline.)"
2011-01-10,Aweil North,0.0,0.034,0,dry season (late phase),0.0,0.0,463800.5038861725,"No flood expected in Aweil North this week (q50 0.0 km²). Routine monitoring. (Aweil North maps ~463,801 cattle in baseline.)"
2011-01-10,Aweil South,0.0,0.048,0,dry season (late phase),0.0,0.0,141256.8006910938,"No flood expected in Aweil South this week (q50 0.0 km²). Routine monitoring. (Aweil South maps ~141,257 cattle in baseline.)"
2011-01-10,Aweil West,0.0,0.017,0,dry season (late phase),0.0,0.0,318964.9515941321,"No flood expected in Aweil West this week (q50 0.0 km²). Routine monitoring. (Aweil West maps ~318,965 cattle in baseline.)"
2011-01-17,Aweil Centre,0.0,0.038,0,dry season (late phase),0.0,0.0,364961.8333817694,"No flood expected in Aweil Centre this week (q50 0.0 km²). Routine monitoring. (Aweil Centre maps ~364,962 cattle in baseline.)"
2011-01-17,Aweil East,0.06,0.141,2,dry season (late phase),0.0,500.8,505027.7802561831,"High flood risk in Aweil East this week: q50 0.1 km², above most January weeks since 2000. Dry season (late phase): little active cropping; floodplain grazing and residual flooding dominate. Approx. 501 ha of rangeland at risk; plan early herd movement. (Aweil East maps ~505,028 cattle in baseline.)"
2011-01-17,Aweil North,0.0,0.032,0,dry season (late phase),0.0,0.0,463800.5038861725,"No flood expected in Aweil North this week (q50 0.0 km²). Routine monitoring. (Aweil North maps ~463,801 cattle in baseline.)"
2011-01-17,Aweil South,0.0,0.031,0,dry season (late phase),0.0,0.0,141256.8006910938,"No flood expected in Aweil South this week (q50 0.0 km²). Routine monitoring. (Aweil South maps ~141,257 cattle in baseline.)"
2011-01-17,Aweil West,0.0,0.018,0,dry season (late phase),0.0,0.0,318964.9515941321,"No flood expected in Aweil West this week (q50 0.0 km²). Routine monitoring. (Aweil West maps ~318,965 cattle in baseline.)"
2011-01-24,Aweil Centre,0.0,0.032,0,dry season (late phase),0.0,0.0,364961.8333817694,"No flood expected in Aweil Centre this week (q50 0.0 km²). Routine monitoring. (Aweil Centre maps ~364,962 cattle in baseline.)"
2011-01-24,Aweil East,0.0,0.037,0,dry season (late phase),0.0,0.0,505027.7802561831,"No flood expected in Aweil East this week (q50 0.0 km²). Routine monitoring. (Aweil East maps ~505,028 cattle in baseline.)"
2011-01-24,Aweil North,0.0,0.02,0,dry season (late phase),0.0,0.0,463800.5038861725,"No flood expected in Aweil North this week (q50 0.0 km²). Routine monitoring. (Aweil North maps ~463,801 cattle in baseline.)"
2011-01-24,Aweil South,0.0,0.021,0,dry season (late phase),0.0,0.0,141256.8006910938,"No flood expected in Aweil South this week (q50 0.0 km²). Routine monitoring. (Aweil South maps ~141,257 cattle in baseline.)"
2011-01-24,Aweil West,0.0,0.025,0,dry season (late phase),0.0,0.0,318964.9515941321,"No flood expected in Aweil West this week (q50 0.0 km²). Routine monitoring. (Aweil West maps ~318,965 cattle in baseline.)"
2011-01-31,Aweil Centre,0.0,0.026,0,dry season (late phase),0.0,0.0,364961.8333817694,"No flood expected in Aweil Centre this week (q50 0.0 km²). Routine monitoring. (Aweil Centre maps ~364,962 cattle in baseline.)"
2011-01-31,Aweil East,0.0,0.025,0,dry season (late phase),0.0,0.0,505027.7802561831,"No flood expected in Aweil East this week (q50 0.0 km²). Routine monitoring. (Aweil East maps ~505,028 cattle in baseline.)"
2011-01-31,Aweil North,0.0,0.017,0,dry season (late phase),0.0,0.0,463800.5038861725,"No flood expected in Aweil North this week (q50 0.0 km²). Routine monitoring. (Aweil North maps ~463,801 cattle in baseline.)"
2011-01-31,Aweil South,0.0,0.017,0,dry season (late phase),0.0,0.0,141256.8006910938,"No flood expected in Aweil South this week (q50 0.0 km²). Routine monitoring. (Aweil South maps ~141,257 cattle in baseline.)"
2011-01-31,Aweil West,0.0,0.018,0,dry season (late phase),0.0,0.0,318964.9515941321,"No flood expected in Aweil West this week (q50 0.0 km²). Routine monitoring. (Aweil West maps ~318,965 cattle in baseline.)"
2011-02-07,Aweil Centre,0.0,0.024,0,dry season,0.0,0.0,364961.8333817694,"No flood expected in Aweil Centre this week (q50 0.0 km²). Routine monitoring. (Aweil Centre maps ~364,962 cattle in baseline.)"
2011-02-07,Aweil East,0.0,0.018,0,dry season,0.0,0.0,505027.7802561831,"No flood expected in Aweil East this week (q50 0.0 km²). Routine monitoring. (Aweil East maps ~505,028 cattle in baseline.)"
2011-02-07,Aweil North,0.0,0.017,0,dry season,0.0,0.0,463800.5038861725,"No flood expected in Aweil North this week (q50 0.0 km²). Routine monitoring. (Aweil North maps ~463,801 cattle in baseline.)"
2011-02-07,Aweil South,0.0,0.018,0,dry season,0.0,0.0,141256.8006910938,"No flood expected in Aweil South this week (q50 0.0 km²). Routine monitoring. (Aweil South maps ~141,257 cattle in baseline.)"
2011-02-07,Aweil West,0.0,0.023,0,dry season,0.0,0.0,318964.9515941321,"No flood expected in Aweil West this week (q50 0.0 km²). Routine monitoring. (Aweil West maps ~318,965 cattle in baseline.)"
2011-02-14,Aweil Centre,0.0,0.024,0,dry season,0.0,0.0,364961.8333817694,"No flood expected in Aweil Centre this week (q50 0.0 km²). Routine monitoring. (Aweil Centre maps ~364,962 cattle in baseline.)"
2011-02-14,Aweil East,0.0,0.016,0,dry season,0.0,0.0,505027.7802561831,"No flood expected in Aweil East this week (q50 0.0 km²). Routine monitoring. (Aweil East maps ~505,028 cattle in baseline.)"
2011-02-14,Aweil North,0.0,0.016,0,dry season,0.0,0.0,463800.5038861725,"No flood expected in Aweil North this week (q50 0.0 km²). Routine monitoring. (Aweil North maps ~463,801 cattle in baseline.)"
2011-02-14,Aweil South,0.0,0.015,0,dry season,0.0,0.0,141256.8006910938,"No flood expected in Aweil South this week (q50 0.0 km²). Routine monitoring. (Aweil South maps ~141,257 cattle in baseline.)"
2011-02-14,Aweil West,0.0,0.016,0,dry season,0.0,0.0,318964.9515941321,"No flood expected in Aweil West this week (q50 0.0 km²). Routine monitoring. (Aweil West maps ~318,965 cattle in baseline.)"
2011-02-21,Aweil Centre,0.0,0.022,0,dry season,0.0,0.0,364961.8333817694,"No flood expected in Aweil Centre this week (q50 0.0 km²). Routine monitoring. (Aweil Centre maps ~364,962 cattle in baseline.)"
2011-02-21,Aweil East,0.0,0.016,0,dry season,0.0,0.0,505027.7802561831,"No flood expected in Aweil East this week (q50 0.0 km²). Routine monitoring. (Aweil East maps ~505,028 cattle in baseline.)"
2011-02-21,Aweil North,0.0,0.015,0,dry season,0.0,0.0,463800.5038861725,"No flood expected in Aweil North this week (q50 0.0 km²). Routine monitoring. (Aweil North maps ~463,801 cattle in baseline.)"
2011-02-21,Aweil South,0.0,0.015,0,dry season,0.0,0.0,141256.8006910938,"No flood expected in Aweil South this week (q50 0.0 km²). Routine monitoring. (Aweil South maps ~141,257 cattle in baseline.)"
2011-02-21,Aweil West,0.0,0.015,0,dry season,0.0,0.0,318964.9515941321,"No flood expected in Aweil West this week (q50 0.0 km²). Routine monitoring. (Aweil West maps ~318,965 cattle in baseline.)"
2011-02-28,Aweil Centre,0.0,0.024,0,dry season,0.0,0.0,364961.8333817694,"No flood expected in Aweil Centre this week (q50 0.0 km²). Routine monitoring. (Aweil Centre maps ~364,962 cattle in baseline.)"
2011-02-28,Aweil East,0.0,0.016,0,dry season,0.0,0.0,505027.7802561831,"No flood expected in Aweil East this week (q50 0.0 km²). Routine monitoring. (Aweil East maps ~505,028 cattle in baseline.)"
2011-02-28,Aweil North,0.0,0.016,0,dry season,0.0,0.0,463800.5038861725,"No flood expected in Aweil North this week (q50 0.0 km²). Routine monitoring. (Aweil North maps ~463,801 cattle in baseline.)"
2011-02-28,Aweil South,0.0,0.016,0,dry season,0.0,0.0,141256.8006910938,"No flood expected in Aweil South this week (q50 0.0 km²). Routine monitoring. (Aweil South maps ~141,257 cattle in baseline.)"
2011-02-28,Aweil West,0.0,0.023,0,dry season,0.0,0.0,318964.9515941321,"No flood expected in Aweil West this week (q50 0.0 km²). Routine monitoring. (Aweil West maps ~318,965 cattle in baseline.)"
2011-03-07,Aweil Centre,0.0,0.028,0,early season (sowing),0.0,0.0,364961.8333817694,"No flood expected in Aweil Centre this week (q50 0.0 km²). Routine monitoring. (Aweil Centre maps ~364,962 cattle in baseline.)"
2011-03-07,Aweil East,0.0,0.017,0,early season (sowing),0.0,0.0,505027.7802561831,"No flood expected in Aweil East this week (q50 0.0 km²). Routine monitoring. (Aweil East maps ~505,028 cattle in baseline.)"
2011-03-07,Aweil North,0.0,0.017,0,early season (sowing),0.0,0.0,463800.5038861725,"No flood expected in Aweil North this week (q50 0.0 km²). Routine monitoring. (Aweil North maps ~463,801 cattle in baseline.)"
2011-03-07,Aweil South,0.0,0.017,0,early season (sowing),0.0,0.0,141256.8006910938,"No flood expected in Aweil South this week (q50 0.0 km²). Routine monitoring. (Aweil South maps ~141,257 cattle in baseline.)"
2011-03-07,Aweil West,0.0,0.023,0,early season (sowing),0.0,0.0,318964.9515941321,"No flood expected in Aweil West this week (q50 0.0 km²). Routine monitoring. (Aweil West maps ~318,965 cattle in baseline.)"
2011-03-14,Aweil Centre,0.0,0.026,0,early season (sowing),0.0,0.0,364961.8333817694,"No flood expected in Aweil Centre this week (q50 0.0 km²). Routine monitoring. (Aweil Centre maps ~364,962 cattle in baseline.)"
2011-03-14,Aweil East,0.0,0.019,0,early season (sowing),0.0,0.0,505027.7802561831,"No flood expected in Aweil East this week (q50 0.0 km²). Routine monitoring. (Aweil East maps ~505,028 cattle in baseline.)"
2011-03-14,Aweil North,0.0,0.019,0,early season (sowing),0.0,0.0,463800.5038861725,"No flood expected in Aweil North this week (q50 0.0 km²). Routine monitoring. (Aweil North maps ~463,801 cattle in baseline.)"
2011-03-14,Aweil South,0.0,0.019,0,early season (sowing),0.0,0.0,141256.8006910938,"No flood expected in Aweil South this week (q50 0.0 km²). Routine monitoring. (Aweil South maps ~141,257 cattle in baseline.)"
2011-03-14,Aweil West,0.0,0.02,0,early season (sowing),0.0,0.0,318964.9515941321,"No flood expected in Aweil West this week (q50 0.0 km²). Routine monitoring. (Aweil West maps ~318,965 cattle in baseline.)"
2011-03-21,Aweil Centre,0.0,0.032,0,early season (sowing),0.0,0.0,364961.8333817694,"No flood expected in Aweil Centre this week (q50 0.0 km²). Routine monitoring. (Aweil Centre maps ~364,962 cattle in baseline.)"
2011-03-21,Aweil East,0.0,0.02,0,early season (sowing),0.0,0.0,505027.7802561831,"No flood expected in Aweil East this week (q50 0.0 km²). Routine monitoring. (Aweil East maps ~505,028 cattle in baseline.)"
2011-03-21,Aweil North,0.0,0.02,0,early season (sowing),0.0,0.0,463800.5038861725,"No flood expected in Aweil North this week (q50 0.0 km²). Routine monitoring. (Aweil North maps ~463,801 cattle in baseline.)"
2011-03-21,Aweil South,0.0,0.02,0,early season (sowing),0.0,0.0,141256.8006910938,"No flood expected in Aweil South this week (q50 0.0 km²). Routine monitoring. (Aweil South maps ~141,257 cattle in baseline.)"
2011-03-21,Aweil West,0.0,0.021,0,early season (sowing),0.0,0.0,318964.9515941321,"No flood expected in Aweil West this week (q50 0.0 km²). Routine monitoring. (Aweil West maps ~318,965 cattle in baseline.)"
2011-03-28,Aweil Centre,0.0,0.031,0,early season (sowing),0.0,0.0,364961.8333817694,"No flood expected in Aweil Centre this week (q50 0.0 km²). Routine monitoring. (Aweil Centre maps ~364,962 cattle in baseline.)"
2011-03-28,Aweil East,0.0,0.024,0,early season (sowing),0.0,0.0,505027.7802561831,"No flood expected in Aweil East this week (q50 0.0 km²). Routine monitoring. (Aweil East maps ~505,028 cattle in baseline.)"
2011-03-28,Aweil North,0.0,0.021,0,early season (sowing),0.0,0.0,463800.5038861725,"No flood expected in Aweil North this week (q50 0.0 km²). Routine monitoring. (Aweil North maps ~463,801 cattle in baseline.)"
2011-03-28,Aweil South,0.0,0.02,0,early season (sowing),0.0,0.0,141256.8006910938,"No flood expected in Aweil South this week (q50 0.0 km²). Routine monitoring. (Aweil South maps ~141,257 cattle in baseline.)"
2011-03-28,Aweil West,0.0,0.021,0,early season (sowing),0.0,0.0,318964.9515941321,"No flood expected in Aweil West this week (q50 0.0 km²). Routine monitoring. (Aweil West maps ~318,965 cattle in baseline.)"
2011-04-04,Aweil Centre,0.0,0.026,0,crop establishment,0.0,0.0,364961.8333817694,"No flood expected in Aweil Centre this week (q50 0.0 km²). Routine monitoring. (Aweil Centre maps ~364,962 cattle in baseline.)"
2011-04-04,Aweil East,0.0,0.02,0,crop establishment,0.0,0.0,505027.7802561831,"No flood expected in Aweil East this week (q50 0.0 km²). Routine monitoring. (Aweil East maps ~505,028 cattle in baseline.)"
2011-04-04,Aweil North,0.0,0.021,0,crop establishment,0.0,0.0,463800.5038861725,"No flood expected in Aweil North this week (q50 0.0 km²). Routine monitoring. (Aweil North maps ~463,801 cattle in baseline.)"
2011-04-04,Aweil South,0.0,0.021,0,crop establishment,0.0,0.0,141256.8006910938,"No flood expected in Aweil South this week (q50 0.0 km²). Routine monitoring. (Aweil South maps ~141,257 cattle in baseline.)"
2011-04-04,Aweil West,0.0,0.031,0,crop establishment,0.0,0.0,318964.9515941321,"No flood expected in Aweil West this week (q50 0.0 km²). Routine monitoring. (Aweil West maps ~318,965 cattle in baseline.)"
2011-04-11,Aweil Centre,0.0,0.043,0,crop establishment,0.0,0.0,364961.8333817694,"No flood expected in Aweil Centre this week (q50 0.0 km²). Routine monitoring. (Aweil Centre maps ~364,962 cattle in baseline.)"
2011-04-11,Aweil East,0.0,0.03,0,crop establishment,0.0,0.0,505027.7802561831,"No flood expected in Aweil East this week (q50 0.0 km²). Routine monitoring. (Aweil East maps ~505,028 cattle in baseline.)"
2011-04-11,Aweil North,0.0,0.023,0,crop establishment,0.0,0.0,463800.5038861725,"No flood expected in Aweil North this week (q50 0.0 km²). Routine monitoring. (Aweil North maps ~463,801 cattle in baseline.)"
2011-04-11,Aweil South,0.0,0.023,0,crop establishment,0.0,0.0,141256.8006910938,"No flood expected in Aweil South this week (q50 0.0 km²). Routine monitoring. (Aweil South maps ~141,257 cattle in baseline.)"
2011-04-11,Aweil West,0.0,0.034,0,crop establishment,0.0,0.0,318964.9515941321,"No flood expected in Aweil West this week (q50 0.0 km²). Routine monitoring. (Aweil West maps ~318,965 cattle in baseline.)"
2011-04-18,Aweil Centre,0.0,0.019,0,crop establishment,0.0,0.0,364961.8333817694,"No flood expected in Aweil Centre this week (q50 0.0 km²). Routine monitoring. (Aweil Centre maps ~364,962 cattle in baseline.)"
2011-04-18,Aweil East,0.0,0.02,0,crop establishment,0.0,0.0,505027.7802561831,"No flood expected in Aweil East this week (q50 0.0 km²). Routine monitoring. (Aweil East maps ~505,028 cattle in baseline.)"
2011-04-18,Aweil North,0.0,0.017,0,crop establishment,0.0,0.0,463800.5038861725,"No flood expected in Aweil North this week (q50 0.0 km²). Routine monitoring. (Aweil North maps ~463,801 cattle in baseline.)"
2011-04-18,Aweil South,0.0,0.017,0,crop establishment,0.0,0.0,141256.8006910938,"No flood expected in Aweil South this week (q50 0.0 km²). Routine monitoring. (Aweil South maps ~141,257 cattle in baseline.)"
2011-04-18,Aweil West,0.0,0.019,0,crop establishment,0.0,0.0,318964.9515941321,"No flood expected in Aweil West this week (q50 0.0 km²). Routine monitoring. (Aweil West maps ~318,965 cattle in baseline.)"
2011-04-25,Aweil Centre,0.0,0.033,0,crop establishment,0.0,0.0,364961.8333817694,"No flood expected in Aweil Centre this week (q50 0.0 km²). Routine monitoring. (Aweil Centre maps ~364,962 cattle in baseline.)"
2011-04-25,Aweil East,0.0,0.034,0,crop establishment,0.0,0.0,505027.7802561831,"No flood expected in Aweil East this week (q50 0.0 km²). Routine monitoring. (Aweil East maps ~505,028 cattle in baseline.)"
2011-04-25,Aweil North,0.0,0.025,0,crop establishment,0.0,0.0,463800.5038861725,"No flood expected in Aweil North this week (q50 0.0 km²). Routine monitoring. (Aweil North maps ~463,801 cattle in baseline.)"
2011-04-25,Aweil South,0.0,0.027,0,crop establishment,0.0,0.0,141256.8006910938,"No flood expected in Aweil South this week (q50 0.0 km²). Routine monitoring. (Aweil South maps ~141,257 cattle in baseline.)"
2011-04-25,Aweil West,0.0,0.032,0,crop establishment,0.0,0.0,318964.9515941321,"No flood expected in Aweil West this week (q50 0.0 km²). Routine monitoring. (Aweil West maps ~318,965 cattle in baseline.)"
2011-05-02,Aweil Centre,0.0,0.046,0,vegetative growth,0.0,0.0,364961.8333817694,"No flood expected in Aweil Centre this week (q50 0.0 km²). Routine monitoring. (Aweil Centre maps ~364,962 cattle in baseline.)"
2011-05-02,Aweil East,0.0,0.049,0,vegetative growth,0.0,0.0,505027.7802561831,"No flood expected in Aweil East this week (q50 0.0 km²). Routine monitoring. (Aweil East maps ~505,028 cattle in baseline.)"
2011-05-02,Aweil North,0.0,0.027,0,vegetative growth,0.0,0.0,463800.5038861725,"No flood expected in Aweil North this week (q50 0.0 km²). Routine monitoring. (Aweil North maps ~463,801 cattle in baseline.)"
2011-05-02,Aweil South,0.0,0.029,0,vegetative growth,0.0,0.0,141256.8006910938,"No flood expected in Aweil South this week (q50 0.0 km²). Routine monitoring. (Aweil South maps ~141,257 cattle in baseline.)"
2011-05-02,Aweil West,0.0,0.029,0,vegetative growth,0.0,0.0,318964.9515941321,"No flood expected in Aweil West this week (q50 0.0 km²). Routine monitoring. (Aweil West maps ~318,965 cattle in baseline.)"
2011-05-09,Aweil Centre,0.0,0.034,0,vegetative growth,0.0,0.0,364961.8333817694,"No flood expected in Aweil Centre this week (q50 0.0 km²). Routine monitoring. (Aweil Centre maps ~364,962 cattle in baseline.)"
2011-05-09,Aweil East,0.0,0.037,0,vegetative growth,0.0,0.0,505027.7802561831,"No flood expected in Aweil East this week (q50 0.0 km²). Routine monitoring. (Aweil East maps ~505,028 cattle in baseline.)"
2011-05-09,Aweil North,0.0,0.022,0,vegetative growth,0.0,0.0,463800.5038861725,"No flood expected in Aweil North this week (q50 0.0 km²). Routine monitoring. (Aweil North maps ~463,801 cattle in baseline.)"
2011-05-09,Aweil South,0.0,0.024,0,vegetative growth,0.0,0.0,141256.8006910938,"No flood expected in Aweil South this week (q50 0.0 km²). Routine monitoring. (Aweil South maps ~141,257 cattle in baseline.)"
2011-05-09,Aweil West,0.0,0.026,0,vegetative growth,0.0,0.0,318964.9515941321,"No flood expected in Aweil West this week (q50 0.0 km²). Routine monitoring. (Aweil West maps ~318,965 cattle in baseline.)"
2011-05-16,Aweil Centre,0.0,0.031,0,vegetative growth,0.0,0.0,364961.8333817694,"No flood expected in Aweil Centre this week (q50 0.0 km²). Routine monitoring. (Aweil Centre maps ~364,962 cattle in baseline.)"
2011-05-16,Aweil East,0.0,0.031,0,vegetative growth,0.0,0.0,505027.7802561831,"No flood expected in Aweil East this week (q50 0.0 km²). Routine monitoring. (Aweil East maps ~505,028 cattle in baseline.)"
2011-05-16,Aweil North,0.0,0.019,0,vegetative growth,0.0,0.0,463800.5038861725,"No flood expected in Aweil North this week (q50 0.0 km²). Routine monitoring. (Aweil North maps ~463,801 cattle in baseline.)"
2011-05-16,Aweil South,0.0,0.019,0,vegetative growth,0.0,0.0,141256.8006910938,"No flood expected in Aweil South this week (q50 0.0 km²). Routine monitoring. (Aweil South maps ~141,257 cattle in baseline.)"
2011-05-16,Aweil West,0.0,0.022,0,vegetative growth,0.0,0.0,318964.9515941321,"No flood expected in Aweil West this week (q50 0.0 km²). Routine monitoring. (Aweil West maps ~318,965 cattle in baseline.)"
2011-05-23,Aweil Centre,0.0,0.065,0,vegetative growth,0.0,0.0,364961.8333817694,"No flood expected in Aweil Centre this week (q50 0.0 km²). Routine monitoring. (Aweil Centre maps ~364,962 cattle in baseline.)"
2011-05-23,Aweil East,0.0,0.072,0,vegetative growth,0.0,0.0,505027.7802561831,"No flood expected in Aweil East this week (q50 0.0 km²). Routine monitoring. (Aweil East maps ~505,028 cattle in baseline.)"
2011-05-23,Aweil North,0.0,0.031,0,vegetative growth,0.0,0.0,463800.5038861725,"No flood expected in Aweil North this week (q50 0.0 km²). Routine monitoring. (Aweil North maps ~463,801 cattle in baseline.)"
2011-05-23,Aweil South,0.0,0.034,0,vegetative growth,0.0,0.0,141256.8006910938,"No flood expected in Aweil South this week (q50 0.0 km²). Routine monitoring. (Aweil South maps ~141,257 cattle in baseline.)"
2011-05-23,Aweil West,0.0,0.035,0,vegetative growth,0.0,0.0,318964.9515941321,"No flood expected in Aweil West this week (q50 0.0 km²). Routine monitoring. (Aweil West maps ~318,965 cattle in baseline.)"
2011-05-30,Aweil Centre,0.0,0.023,0,vegetative growth,0.0,0.0,364961.8333817694,"No flood expected in Aweil Centre this week (q50 0.0 km²). Routine monitoring. (Aweil Centre maps ~364,962 cattle in baseline.)"
2011-05-30,Aweil East,0.0,0.025,0,vegetative growth,0.0,0.0,505027.7802561831,"No flood expected in Aweil East this week (q50 0.0 km²). Routine monitoring. (Aweil East maps ~505,028 cattle in baseline.)"
2011-05-30,Aweil North,0.0,0.021,0,vegetative growth,0.0,0.0,463800.5038861725,"No flood expected in Aweil North this week (q50 0.0 km²). Routine monitoring. (Aweil North maps ~463,801 cattle in baseline.)"
2011-05-30,Aweil South,0.0,0.021,0,vegetative growth,0.0,0.0,141256.8006910938,"No flood expected in Aweil South this week (q50 0.0 km²). Routine monitoring. (Aweil South maps ~141,257 cattle in baseline.)"
2011-05-30,Aweil West,0.0,0.022,0,vegetative growth,0.0,0.0,318964.9515941321,"No flood expected in Aweil West this week (q50 0.0 km²). Routine monitoring. (Aweil West maps ~318,965 cattle in baseline.)"
2011-06-06,Aweil Centre,0.0,0.027,0,vegetative growth (peak),0.0,0.0,364961.8333817694,"No flood expected in Aweil Centre this week (q50 0.0 km²). Routine monitoring. (Aweil Centre maps ~364,962 cattle in baseline.)"
2011-06-06,Aweil East,0.0,0.031,0,vegetative growth (peak),0.0,0.0,505027.7802561831,"No flood expected in Aweil East this week (q50 0.0 km²). Routine monitoring. (Aweil East maps ~505,028 cattle in baseline.)"
2011-06-06,Aweil North,0.0,0.026,0,vegetative growth (peak),0.0,0.0,463800.5038861725,"No flood expected in Aweil North this week (q50 0.0 km²). Routine monitoring. (Aweil North maps ~463,801 cattle in baseline.)"
2011-06-06,Aweil South,0.0,0.026,0,vegetative growth (peak),0.0,0.0,141256.8006910938,"No flood expected in Aweil South this week (q50 0.0 km²). Routine monitoring. (Aweil South maps ~141,257 cattle in baseline.)"
2011-06-06,Aweil West,0.0,0.028,0,vegetative growth (peak),0.0,0.0,318964.9515941321,"No flood expected in Aweil West this week (q50 0.0 km²). Routine monitoring. (Aweil West maps ~318,965 cattle in baseline.)"
2011-06-13,Aweil Centre,0.0,0.036,0,vegetative growth (peak),0.0,0.0,364961.8333817694,"No flood expected in Aweil Centre this week (q50 0.0 km²). Routine monitoring. (Aweil Centre maps ~364,962 cattle in baseline.)"
2011-06-13,Aweil East,0.0,0.042,0,vegetative growth (peak),0.0,0.0,505027.7802561831,"No flood expected in Aweil East this week (q50 0.0 km²). Routine monitoring. (Aweil East maps ~505,028 cattle in baseline.)"
2011-06-13,Aweil North,0.0,0.032,0,vegetative growth (peak),0.0,0.0,463800.5038861725,"No flood expected in Aweil North this week (q50 0.0 km²). Routine monitoring. (Aweil North maps ~463,801 cattle in baseline.)"
2011-06-13,Aweil South,0.0,0.03,0,vegetative growth (peak),0.0,0.0,141256.8006910938,"No flood expected in Aweil South this week (q50 0.0 km²). Routine monitoring. (Aweil South maps ~141,257 cattle in baseline.)"
2011-06-13,Aweil West,0.0,0.033,0,vegetative growth (peak),0.0,0.0,318964.9515941321,"No flood expected in Aweil West this week (q50 0.0 km²). Routine monitoring. (Aweil West maps ~318,965 cattle in baseline.)"
2011-06-20,Aweil Centre,0.0,0.029,0,vegetative growth (peak),0.0,0.0,364961.8333817694,"No flood expected in Aweil Centre this week (q50 0.0 km²). Routine monitoring. (Aweil Centre maps ~364,962 cattle in baseline.)"
2011-06-20,Aweil East,0.0,0.032,0,vegetative growth (peak),0.0,0.0,505027.7802561831,"No flood expected in Aweil East this week (q50 0.0 km²). Routine monitoring. (Aweil East maps ~505,028 cattle in baseline.)"
2011-06-20,Aweil North,0.0,0.022,0,vegetative growth (peak),0.0,0.0,463800.5038861725,"No flood expected in Aweil North this week (q50 0.0 km²). Routine monitoring. (Aweil North maps ~463,801 cattle in baseline.)"
2011-06-20,Aweil South,0.0,0.021,0,vegetative growth (peak),0.0,0.0,141256.8006910938,"No flood expected in Aweil South this week (q50 0.0 km²). Routine monitoring. (Aweil South maps ~141,257 cattle in baseline.)"
2011-06-20,Aweil West,0.0,0.025,0,vegetative growth (peak),0.0,0.0,318964.9515941321,"No flood expected in Aweil West this week (q50 0.0 km²). Routine monitoring. (Aweil West maps ~318,965 cattle in baseline.)"
2011-06-27,Aweil Centre,0.0,0.022,0,vegetative growth (peak),0.0,0.0,364961.8333817694,"No flood expected in Aweil Centre this week (q50 0.0 km²). Routine monitoring. (Aweil Centre maps ~364,962 cattle in baseline.)"
2011-06-27,Aweil East,0.0,0.027,0,vegetative growth (peak),0.0,0.0,505027.7802561831,"No flood expected in Aweil East this week (q50 0.0 km²). Routine monitoring. (Aweil East maps ~505,028 cattle in baseline.)"
2011-06-27,Aweil North,0.0,0.023,0,vegetative growth (peak),0.0,0.0,463800.5038861725,"No flood expected in Aweil North this week (q50 0.0 km²). Routine monitoring. (Aweil North maps ~463,801 cattle in baseline.)"
2011-06-27,Aweil South,0.0,0.021,0,vegetative growth (peak),0.0,0.0,141256.8006910938,"No flood expected in Aweil South this week (q50 0.0 km²). Routine monitoring. (Aweil South maps ~141,257 cattle in baseline.)"
2011-06-27,Aweil West,0.0,0.025,0,vegetative growth (peak),0.0,0.0,318964.9515941321,"No flood expected in Aweil West this week (q50 0.0 km²). Routine monitoring. (Aweil West maps ~318,965 cattle in baseline.)"
2011-07-04,Aweil Centre,0.0,0.022,0,vegetative growth (peak),0.0,0.0,364961.8333817694,"No flood expected in Aweil Centre this week (q50 0.0 km²). Routine monitoring. (Aweil Centre maps ~364,962 cattle in baseline.)"
2011-07-04,Aweil East,0.0,0.024,0,vegetative growth (peak),0.0,0.0,505027.7802561831,"No flood expected in Aweil East this week (q50 0.0 km²). Routine monitoring. (Aweil East maps ~505,028 cattle in baseline.)"
2011-07-04,Aweil North,0.0,0.018,0,vegetative growth (peak),0.0,0.0,463800.5038861725,"No flood expected in Aweil North this week (q50 0.0 km²). Routine monitoring. (Aweil North maps ~463,801 cattle in baseline.)"
2011-07-04,Aweil South,0.0,0.017,0,vegetative growth (peak),0.0,0.0,141256.8006910938,"No flood expected in Aweil South this week (q50 0.0 km²). Routine monitoring. (Aweil South maps ~141,257 cattle in baseline.)"
2011-07-04,Aweil West,0.0,0.02,0,vegetative growth (peak),0.0,0.0,318964.9515941321,"No flood expected in Aweil West this week (q50 0.0 km²). Routine monitoring. (Aweil West maps ~318,965 cattle in baseline.)"
2011-07-11,Aweil Centre,0.02,0.048,3,vegetative growth (peak),0.0,0.0,364961.8333817694,"SEVERE flood expected in Aweil Centre this week: q50 0.0 km², above the 95th percentile of all July weeks since 2000. Vegetative growth (peak): crops are at peak water demand — short flooding can be tolerated, sustained submergence is not. (Aweil Centre maps ~364,962 cattle in baseline.)"
2011-07-11,Aweil East,0.02,0.056,0,vegetative growth (peak),0.0,0.0,505027.7802561831,"No flood expected in Aweil East this week (q50 0.0 km²). Routine monitoring. (Aweil East maps ~505,028 cattle in baseline.)"
2011-07-11,Aweil North,0.02,0.028,3,vegetative growth (peak),0.0,0.0,463800.5038861725,"SEVERE flood expected in Aweil North this week: q50 0.0 km², above the 95th percentile of all July weeks since 2000. Vegetative growth (peak): crops are at peak water demand — short flooding can be tolerated, sustained submergence is not. (Aweil North maps ~463,801 cattle in baseline.)"
2011-07-11,Aweil South,0.02,0.027,0,vegetative growth (peak),0.0,0.0,141256.8006910938,"No flood expected in Aweil South this week (q50 0.0 km²). Routine monitoring. (Aweil South maps ~141,257 cattle in baseline.)"
2011-07-11,Aweil West,0.02,0.03,3,vegetative growth (peak),0.0,0.0,318964.9515941321,"SEVERE flood expected in Aweil West this week: q50 0.0 km², above the 95th percentile of all July weeks since 2000. Vegetative growth (peak): crops are at peak water demand — short flooding can be tolerated, sustained submergence is not. (Aweil West maps ~318,965 cattle in baseline.)"
2011-07-18,Aweil Centre,0.0,0.022,0,vegetative growth (peak),0.0,0.0,364961.8333817694,"No flood expected in Aweil Centre this week (q50 0.0 km²). Routine monitoring. (Aweil Centre maps ~364,962 cattle in baseline.)"
2011-07-18,Aweil East,0.0,0.032,0,vegetative growth (peak),0.0,0.0,505027.7802561831,"No flood expected in Aweil East this week (q50 0.0 km²). Routine monitoring. (Aweil East maps ~505,028 cattle in baseline.)"
2011-07-18,Aweil North,0.0,0.027,0,vegetative growth (peak),0.0,0.0,463800.5038861725,"No flood expected in Aweil North this week (q50 0.0 km²). Routine monitoring. (Aweil North maps ~463,801 cattle in baseline.)"
2011-07-18,Aweil South,0.0,0.033,0,vegetative growth (peak),0.0,0.0,141256.8006910938,"No flood expected in Aweil South this week (q50 0.0 km²). Routine monitoring. (Aweil South maps ~141,257 cattle in baseline.)"
2011-07-18,Aweil West,0.0,0.045,0,vegetative growth (peak),0.0,0.0,318964.9515941321,"No flood expected in Aweil West this week (q50 0.0 km²). Routine monitoring. (Aweil West maps ~318,965 cattle in baseline.)"
2011-07-25,Aweil Centre,0.02,0.031,3,vegetative growth (peak),0.0,0.0,364961.8333817694,"SEVERE flood expected in Aweil Centre this week: q50 0.0 km², above the 95th percentile of all July weeks since 2000. Vegetative growth (peak): crops are at peak water demand — short flooding can be tolerated, sustained submergence is not. (Aweil Centre maps ~364,962 cattle in baseline.)"
2011-07-25,Aweil East,0.02,0.043,0,vegetative growth (peak),0.0,0.0,505027.7802561831,"No flood expected in Aweil East this week (q50 0.0 km²). Routine monitoring. (Aweil East maps ~505,028 cattle in baseline.)"
2011-07-25,Aweil North,0.02,0.023,3,vegetative growth (peak),0.0,0.0,463800.5038861725,"SEVERE flood expected in Aweil North this week: q50 0.0 km², above the 95th percentile of all July weeks since 2000. Vegetative growth (peak): crops are at peak water demand — short flooding can be tolerated, sustained submergence is not. (Aweil North maps ~463,801 cattle in baseline.)"
2011-07-25,Aweil South,0.02,0.025,0,vegetative growth (peak),0.0,0.0,141256.8006910938,"No flood expected in Aweil South this week (q50 0.0 km²). Routine monitoring. (Aweil South maps ~141,257 cattle in baseline.)"
2011-07-25,Aweil West,0.02,0.032,3,vegetative growth (peak),0.0,0.0,318964.9515941321,"SEVERE flood expected in Aweil West this week: q50 0.0 km², above the 95th percentile of all July weeks since 2000. Vegetative growth (peak): crops are at peak water demand — short flooding can be tolerated, sustained submergence is not. (Aweil West maps ~318,965 cattle in baseline.)"
2011-08-01,Aweil Centre,0.03,0.071,0,maturation,0.0,0.0,364961.8333817694,"No flood expected in Aweil Centre this week (q50 0.0 km²). Routine monitoring. (Aweil Centre maps ~364,962 cattle in baseline.)"
2011-08-01,Aweil East,0.03,0.083,0,maturation,0.0,0.0,505027.7802561831,"No flood expected in Aweil East this week (q50 0.0 km²). Routine monitoring. (Aweil East maps ~505,028 cattle in baseline.)"
2011-08-01,Aweil North,0.03,0.036,3,maturation,0.0,0.0,463800.5038861725,"SEVERE flood expected in Aweil North this week: q50 0.0 km², above the 95th percentile of all August weeks since 2000. Maturation: grain is filling; flooding now damages the yield that is already banked. (Aweil North maps ~463,801 cattle in baseline.)"
2011-08-01,Aweil South,0.03,0.043,0,maturation,0.0,0.0,141256.8006910938,"No flood expected in Aweil South this week (q50 0.0 km²). Routine monitoring. (Aweil South maps ~141,257 cattle in baseline.)"
2011-08-01,Aweil West,0.03,0.055,0,maturation,0.0,0.0,318964.9515941321,"No flood expected in Aweil West this week (q50 0.0 km²). Routine monitoring. (Aweil West maps ~318,965 cattle in baseline.)"
2011-08-08,Aweil Centre,0.01,0.071,0,maturation,0.0,0.0,364961.8333817694,"No flood expected in Aweil Centre this week (q50 0.0 km²). Routine monitoring. (Aweil Centre maps ~364,962 cattle in baseline.)"
2011-08-08,Aweil East,0.01,0.081,0,maturation,0.0,0.0,505027.7802561831,"No flood expected in Aweil East this week (q50 0.0 km²). Routine monitoring. (Aweil East maps ~505,028 cattle in baseline.)"
2011-08-08,Aweil North,0.0,0.037,0,maturation,0.0,0.0,463800.5038861725,"No flood expected in Aweil North this week (q50 0.0 km²). Routine monitoring. (Aweil North maps ~463,801 cattle in baseline.)"
2011-08-08,Aweil South,0.0,0.039,0,maturation,0.0,0.0,141256.8006910938,"No flood expected in Aweil South this week (q50 0.0 km²). Routine monitoring. (Aweil South maps ~141,257 cattle in baseline.)"
2011-08-08,Aweil West,0.0,0.05,0,maturation,0.0,0.0,318964.9515941321,"No flood expected in Aweil West this week (q50 0.0 km²). Routine monitoring. (Aweil West maps ~318,965 cattle in baseline.)"
2011-08-15,Aweil Centre,0.22,0.097,0,maturation,0.0,0.0,364961.8333817694,"No flood expected in Aweil Centre this week (q50 0.2 km²). Routine monitoring. (Aweil Centre maps ~364,962 cattle in baseline.)"
2011-08-15,Aweil East,0.22,0.126,0,maturation,0.0,0.0,505027.7802561831,"No flood expected in Aweil East this week (q50 0.2 km²). Routine monitoring. (Aweil East maps ~505,028 cattle in baseline.)"
2011-08-15,Aweil North,0.21,0.082,3,maturation,0.0,0.0,463800.5038861725,"SEVERE flood expected in Aweil North this week: q50 0.2 km², above the 95th percentile of all August weeks since 2000. Maturation: grain is filling; flooding now damages the yield that is already banked. (Aweil North maps ~463,801 cattle in baseline.)"
2011-08-15,Aweil South,0.21,0.097,0,maturation,0.0,0.0,141256.8006910938,"No flood expected in Aweil South this week (q50 0.2 km²). Routine monitoring. (Aweil South maps ~141,257 cattle in baseline.)"
2011-08-15,Aweil West,0.21,0.117,0,maturation,0.0,0.0,318964.9515941321,"No flood expected in Aweil West this week (q50 0.2 km²). Routine monitoring. (Aweil West maps ~318,965 cattle in baseline.)"
2011-08-22,Aweil Centre,0.29,0.209,0,maturation,0.0,0.0,364961.8333817694,"No flood expected in Aweil Centre this week (q50 0.3 km²). Routine monitoring. (Aweil Centre maps ~364,962 cattle in baseline.)"
2011-08-22,Aweil East,0.29,0.263,0,maturation,0.0,0.0,505027.7802561831,"No flood expected in Aweil East this week (q50 0.3 km²). Routine monitoring. (Aweil East maps ~505,028 cattle in baseline.)"
2011-08-22,Aweil North,0.28,0.13,3,maturation,0.0,0.0,463800.5038861725,"SEVERE flood expected in Aweil North this week: q50 0.3 km², above the 95th percentile of all August weeks since 2000. Maturation: grain is filling; flooding now damages the yield that is already banked. (Aweil North maps ~463,801 cattle in baseline.)"
2011-08-22,Aweil South,0.28,0.145,2,maturation,0.0,0.0,141256.8006910938,"High flood risk in Aweil South this week: q50 0.3 km², above most August weeks since 2000. Maturation: grain is filling; flooding now damages the yield that is already banked. (Aweil South maps ~141,257 cattle in baseline.)"
2011-08-22,Aweil West,0.28,0.172,0,maturation,0.0,0.0,318964.9515941321,"No flood expected in Aweil West this week (q50 0.3 km²). Routine monitoring. (Aweil West maps ~318,965 cattle in baseline.)"
2011-08-29,Aweil Centre,0.16,0.151,0,maturation,0.0,0.0,364961.8333817694,"No flood expected in Aweil Centre this week (q50 0.2 km²). Routine monitoring. (Aweil Centre maps ~364,962 cattle in baseline.)"
2011-08-29,Aweil East,0.4,0.342,0,maturation,0.0,0.0,505027.7802561831,"No flood expected in Aweil East this week (q50 0.4 km²). Routine monitoring. (Aweil East maps ~505,028 cattle in baseline.)"
2011-08-29,Aweil North,0.15,0.088,3,maturation,0.0,0.0,463800.5038861725,"SEVERE flood expected in Aweil North this week: q50 0.2 km², above the 95th percentile of all August weeks since 2000. Maturation: grain is filling; flooding now damages the yield that is already banked. (Aweil North maps ~463,801 cattle in baseline.)"
2011-08-29,Aweil South,0.15,0.099,0,maturation,0.0,0.0,141256.8006910938,"No flood expected in Aweil South this week (q50 0.2 km²). Routine monitoring. (Aweil South maps ~141,257 cattle in baseline.)"
2011-08-29,Aweil West,0.15,0.11,0,maturation,0.0,0.0,318964.9515941321,"No flood expected in Aweil West this week (q50 0.2 km²). Routine monitoring. (Aweil West maps ~318,965 cattle in baseline.)"
2011-09-05,Aweil Centre,0.0,0.108,0,maturation / grain filling,0.0,0.3,364961.8333817694,"No flood expected in Aweil Centre this week (q50 0.0 km²). Routine monitoring. (Aweil Centre maps ~364,962 cattle in baseline.)"
2011-09-05,Aweil East,0.0,0.211,0,maturation / grain filling,0.0,0.5,505027.7802561831,"No flood expected in Aweil East this week (q50 0.0 km²). Routine monitoring. (Aweil East maps ~505,028 cattle in baseline.)"
2011-09-05,Aweil North,0.0,0.07,0,maturation / grain filling,0.0,0.0,463800.5038861725,"No flood expected in Aweil North this week (q50 0.0 km²). Routine monitoring. (Aweil North maps ~463,801 cattle in baseline.)"
2011-09-05,Aweil South,0.0,0.074,0,maturation / grain filling,0.0,0.0,141256.8006910938,"No flood expected in Aweil South this week (q50 0.0 km²). Routine monitoring. (Aweil South maps ~141,257 cattle in baseline.)"
2011-09-05,Aweil West,0.0,0.082,0,maturation / grain filling,0.0,0.0,318964.9515941321,"No flood expected in Aweil West this week (q50 0.0 km²). Routine monitoring. (Aweil West maps ~318,965 cattle in baseline.)"
2011-09-12,Aweil Centre,0.02,0.21,0,maturation / grain filling,0.0,1.8,364961.8333817694,"No flood expected in Aweil Centre this week (q50 0.0 km²). Routine monitoring. Approx. 2 ha of rangeland at risk; plan early herd movement. (Aweil Centre maps ~364,962 cattle in baseline.)"
2011-09-12,Aweil East,0.03,0.279,0,maturation / grain filling,0.1,3.0,505027.7802561831,"No flood expected in Aweil East this week (q50 0.0 km²). Routine monitoring. Approx. 3 ha of rangeland at risk; plan early herd movement. (Aweil East maps ~505,028 cattle in baseline.)"
2011-09-12,Aweil North,0.01,0.106,0,maturation / grain filling,0.1,3.1,463800.5038861725,"No flood expected in Aweil North this week (q50 0.0 km²). Routine monitoring. Approx. 3 ha of rangeland at risk; plan early herd movement. (Aweil North maps ~463,801 cattle in baseline.)"
2011-09-12,Aweil South,0.01,0.116,0,maturation / grain filling,0.1,2.9,141256.8006910938,"No flood expected in Aweil South this week (q50 0.0 km²). Routine monitoring. Approx. 3 ha of rangeland at risk; plan early herd movement. (Aweil South maps ~141,257 cattle in baseline.)"
2011-09-12,Aweil West,0.32,0.544,0,maturation / grain filling,1.3,83.6,318964.9515941321,"SEVERE flood expected in Aweil West this week: q50 0.3 km², above the 95th percentile of all September weeks since 2000. Approx. 1 ha of mapped crops in the Aweil West floodplain are at risk. Approx. 84 ha of rangeland at risk; plan early herd movement. (Aweil West maps ~318,965 cattle in baseline.)"
2011-09-19,Aweil Centre,0.15,0.443,0,maturation / grain filling,0.0,16.4,364961.8333817694,"No flood expected in Aweil Centre this week (q50 0.1 km²). Routine monitoring. Approx. 16 ha of rangeland at risk; plan early herd movement. (Aweil Centre maps ~364,962 cattle in baseline.)"
2011-09-19,Aweil East,1.05,0.867,0,maturation / grain filling,2.7,109.8,505027.7802561831,"SEVERE flood expected in Aweil East this week: q50 1.0 km², above the 95th percentile of all September weeks since 2000. Approx. 3 ha of mapped crops in the Aweil East floodplain are at risk. Approx. 110 ha of rangeland at risk; plan early herd movement. (Aweil East maps ~505,028 cattle in baseline.)"
2011-09-19,Aweil North,0.58,0.559,0,maturation / grain filling,4.6,238.7,463800.5038861725,"SEVERE flood expected in Aweil North this week: q50 0.6 km², above the 95th percentile of all September weeks since 2000. Approx. 5 ha of mapped crops in the Aweil North floodplain are at risk. Approx. 239 ha of rangeland at risk; plan early herd movement. (Aweil North maps ~463,801 cattle in baseline.)"
2011-09-19,Aweil South,0.13,0.332,0,maturation / grain filling,1.9,51.1,141256.8006910938,"No flood expected in Aweil South this week (q50 0.1 km²). Routine monitoring. Approx. 2 ha of mapped crops in the Aweil South floodplain are at risk. Approx. 51 ha of rangeland at risk; plan early herd movement. (Aweil South maps ~141,257 cattle in baseline.)"
2011-09-19,Aweil West,1.12,0.846,0,maturation / grain filling,4.6,292.7,318964.9515941321,"SEVERE flood expected in Aweil West this week: q50 1.1 km², above the 95th percentile of all September weeks since 2000. Approx. 5 ha of mapped crops in the Aweil West floodplain are at risk. Approx. 293 ha of rangeland at risk; plan early herd movement. (Aweil West maps ~318,965 cattle in baseline.)"
2011-09-26,Aweil Centre,0.22,0.358,0,maturation / grain filling,0.0,24.5,364961.8333817694,"No flood expected in Aweil Centre this week (q50 0.2 km²). Routine monitoring. Approx. 25 ha of rangeland at risk; plan early herd movement. (Aweil Centre maps ~364,962 cattle in baseline.)"
2011-09-26,Aweil East,0.63,0.664,0,maturation / grain filling,1.6,65.6,505027.7802561831,"SEVERE flood expected in Aweil East this week: q50 0.6 km², above the 95th percentile of all September weeks since 2000. Approx. 2 ha of mapped crops in the Aweil East floodplain are at risk. Approx. 66 ha of rangeland at risk; plan early herd movement. (Aweil East maps ~505,028 cattle in baseline.)"
2011-09-26,Aweil North,0.21,0.193,0,maturation / grain filling,1.7,88.2,463800.5038861725,"No flood expected in Aweil North this week (q50 0.2 km²). Routine monitoring. Approx. 2 ha of mapped crops in the Aweil North floodplain are at risk. Approx. 88 ha of rangeland at risk; plan early herd movement. (Aweil North maps ~463,801 cattle in baseline.)"
2011-09-26,Aweil South,0.21,0.191,0,maturation / grain filling,3.0,80.4,141256.8006910938,"No flood expected in Aweil South this week (q50 0.2 km²). Routine monitoring. Approx. 3 ha of mapped crops in the Aweil South floodplain are at risk. Approx. 80 ha of rangeland at risk; plan early herd movement. (Aweil South maps ~141,257 cattle in baseline.)"
2011-09-26,Aweil West,1.01,0.61,0,maturation / grain filling,4.2,264.9,318964.9515941321,"SEVERE flood expected in Aweil West this week: q50 1.0 km², above the 95th percentile of all September weeks since 2000. Approx. 4 ha of mapped crops in the Aweil West floodplain are at risk. Approx. 265 ha of rangeland at risk; plan early herd movement. (Aweil West maps ~318,965 cattle in baseline.)"
2011-10-03,Aweil Centre,0.12,0.312,0,harvest,0.0,4.5,364961.8333817694,"No flood expected in Aweil Centre this week (q50 0.1 km²). Routine monitoring. Approx. 5 ha of rangeland at risk; plan early herd movement. (Aweil Centre maps ~364,962 cattle in baseline.)"
2011-10-03,Aweil East,11.91,0.926,0,harvest,112.6,1294.9,505027.7802561831,"SEVERE flood expected in Aweil East this week: q50 11.9 km², above the 95th percentile of all October weeks since 2000. Approx. 113 ha of mapped crops in the Aweil East floodplain are at risk. Approx. 1,295 ha of rangeland at risk; plan early herd movement. (Aweil East maps ~505,028 cattle in baseline.)"
2011-10-03,Aweil North,0.11,0.21,0,harvest,6.2,154.8,463800.5038861725,"No flood expected in Aweil North this week (q50 0.1 km²). Routine monitoring. Approx. 6 ha of mapped crops in the Aweil North floodplain are at risk. Approx. 155 ha of rangeland at risk; plan early herd movement. (Aweil North maps ~463,801 cattle in baseline.)"
2011-10-03,Aweil South,0.11,0.198,0,harvest,1.9,30.7,141256.8006910938,"No flood expected in Aweil South this week (q50 0.1 km²). Routine monitoring. Approx. 2 ha of mapped crops in the Aweil South floodplain are at risk. Approx. 31 ha of rangeland at risk; plan early herd movement. (Aweil South maps ~141,257 cattle in baseline.)"
2011-10-03,Aweil West,1.31,0.773,0,harvest,12.4,577.4,318964.9515941321,"SEVERE flood expected in Aweil West this week: q50 1.3 km², above the 95th percentile of all October weeks since 2000. Approx. 12 ha of mapped crops in the Aweil West floodplain are at risk. Approx. 577 ha of rangeland at risk; plan early herd movement. (Aweil West maps ~318,965 cattle in baseline.)"
2011-10-10,Aweil Centre,0.1,0.193,0,harvest,0.0,3.8,364961.8333817694,"No flood expected in Aweil Centre this week (q50 0.1 km²). Routine monitoring. Approx. 4 ha of rangeland at risk; plan early herd movement. (Aweil Centre maps ~364,962 cattle in baseline.)"
2011-10-10,Aweil East,10.24,0.867,0,harvest,96.8,1113.3,505027.7802561831,"SEVERE flood expected in Aweil East this week: q50 10.2 km², above the 95th percentile of all October weeks since 2000. Approx. 97 ha of mapped crops in the Aweil East floodplain are at risk. Approx. 1,113 ha of rangeland at risk; plan early herd movement. (Aweil East maps ~505,028 cattle in baseline.)"
2011-10-10,Aweil North,0.1,0.136,0,harvest,5.5,136.0,463800.5038861725,"No flood expected in Aweil North this week (q50 0.1 km²). Routine monitoring. Approx. 5 ha of mapped crops in the Aweil North floodplain are at risk. Approx. 136 ha of rangeland at risk; plan early herd movement. (Aweil North maps ~463,801 cattle in baseline.)"
2011-10-10,Aweil South,0.1,0.085,0,harvest,1.8,28.0,141256.8006910938,"No flood expected in Aweil South this week (q50 0.1 km²). Routine monitoring. Approx. 2 ha of mapped crops in the Aweil South floodplain are at risk. Approx. 28 ha of rangeland at risk; plan early herd movement. (Aweil South maps ~141,257 cattle in baseline.)"
2011-10-10,Aweil West,0.78,0.517,0,harvest,7.3,341.6,318964.9515941321,"SEVERE flood expected in Aweil West this week: q50 0.8 km², above the 95th percentile of all October weeks since 2000. Approx. 7 ha of mapped crops in the Aweil West floodplain are at risk. Approx. 342 ha of rangeland at risk; plan early herd movement. (Aweil West maps ~318,965 cattle in baseline.)"
2011-10-17,Aweil Centre,0.17,0.172,0,harvest,0.0,6.8,364961.8333817694,"No flood expected in Aweil Centre this week (q50 0.2 km²). Routine monitoring. Approx. 7 ha of rangeland at risk; plan early herd movement. (Aweil Centre maps ~364,962 cattle in baseline.)"
2011-10-17,Aweil East,0.65,0.542,0,harvest,6.1,70.5,505027.7802561831,"SEVERE flood expected in Aweil East this week: q50 0.6 km², above the 95th percentile of all October weeks since 2000. Approx. 6 ha of mapped crops in the Aweil East floodplain are at risk. Approx. 71 ha of rangeland at risk; plan early herd movement. (Aweil East maps ~505,028 cattle in baseline.)"
2011-10-17,Aweil North,0.18,0.094,0,harvest,9.8,244.2,463800.5038861725,"No flood expected in Aweil North this week (q50 0.2 km²). Routine monitoring. Approx. 10 ha of mapped crops in the Aweil North floodplain are at risk. Approx. 244 ha of rangeland at risk; plan early herd movement. (Aweil North maps ~463,801 cattle in baseline.)"
2011-10-17,Aweil South,0.18,0.11,0,harvest,3.2,50.3,141256.8006910938,"No flood expected in Aweil South this week (q50 0.2 km²). Routine monitoring. Approx. 3 ha of mapped crops in the Aweil South floodplain are at risk. Approx. 50 ha of rangeland at risk; plan early herd movement. (Aweil South maps ~141,257 cattle in baseline.)"
2011-10-17,Aweil West,0.23,0.407,0,harvest,2.2,101.2,318964.9515941321,"No flood expected in Aweil West this week (q50 0.2 km²). Routine monitoring. Approx. 2 ha of mapped crops in the Aweil West floodplain are at risk. Approx. 101 ha of rangeland at risk; plan early herd movement. (Aweil West maps ~318,965 cattle in baseline.)"
2011-10-24,Aweil Centre,0.11,0.256,0,harvest,0.0,4.2,364961.8333817694,"No flood expected in Aweil Centre this week (q50 0.1 km²). Routine monitoring. Approx. 4 ha of rangeland at risk; plan early herd movement. (Aweil Centre maps ~364,962 cattle in baseline.)"
2011-10-24,Aweil East,4.04,0.886,0,harvest,38.2,439.0,505027.7802561831,"SEVERE flood expected in Aweil East this week: q50 4.0 km², above the 95th percentile of all October weeks since 2000. Approx. 38 ha of mapped crops in the Aweil East floodplain are at risk. Approx. 439 ha of rangeland at risk; plan early herd movement. (Aweil East maps ~505,028 cattle in baseline.)"
2011-10-24,Aweil North,0.11,0.172,0,harvest,6.0,149.4,463800.5038861725,"No flood expected in Aweil North this week (q50 0.1 km²). Routine monitoring. Approx. 6 ha of mapped crops in the Aweil North floodplain are at risk. Approx. 149 ha of rangeland at risk; plan early herd movement. (Aweil North maps ~463,801 cattle in baseline.)"
2011-10-24,Aweil South,0.2,0.565,0,harvest,3.5,56.1,141256.8006910938,"SEVERE flood expected in Aweil South this week: q50 0.2 km², above the 95th percentile of all October weeks since 2000. Approx. 4 ha of mapped crops in the Aweil South floodplain are at risk. Approx. 56 ha of rangeland at risk; plan early herd movement. (Aweil South maps ~141,257 cattle in baseline.)"
2011-10-24,Aweil West,0.5,0.698,0,harvest,4.7,220.3,318964.9515941321,"SEVERE flood expected in Aweil West this week: q50 0.5 km², above the 95th percentile of all October weeks since 2000. Approx. 5 ha of mapped crops in the Aweil West floodplain are at risk. Approx. 220 ha of rangeland at risk; plan early herd movement. (Aweil West maps ~318,965 cattle in baseline.)"
2011-10-31,Aweil Centre,0.18,0.325,0,harvest,0.0,7.2,364961.8333817694,"No flood expected in Aweil Centre this week (q50 0.2 km²). Routine monitoring. Approx. 7 ha of rangeland at risk; plan early herd movement. (Aweil Centre maps ~364,962 cattle in baseline.)"
2011-10-31,Aweil East,0.32,0.689,0,harvest,3.0,34.4,505027.7802561831,"SEVERE flood expected in Aweil East this week: q50 0.3 km², above the 95th percentile of all October weeks since 2000. Approx. 3 ha of mapped crops in the Aweil East floodplain are at risk. Approx. 34 ha of rangeland at risk; plan early herd movement. (Aweil East maps ~505,028 cattle in baseline.)"
2011-10-31,Aweil North,0.18,0.259,0,harvest,10.0,248.7,463800.5038861725,"No flood expected in Aweil North this week (q50 0.2 km²). Routine monitoring. Approx. 10 ha of mapped crops in the Aweil North floodplain are at risk. Approx. 249 ha of rangeland at risk; plan early herd movement. (Aweil North maps ~463,801 cattle in baseline.)"
2011-10-31,Aweil South,0.18,0.381,0,harvest,3.2,51.0,141256.8006910938,"No flood expected in Aweil South this week (q50 0.2 km²). Routine monitoring. Approx. 3 ha of mapped crops in the Aweil South floodplain are at risk. Approx. 51 ha of rangeland at risk; plan early herd movement. (Aweil South maps ~141,257 cattle in baseline.)"
2011-10-31,Aweil West,0.21,0.482,0,harvest,2.0,91.6,318964.9515941321,"No flood expected in Aweil West this week (q50 0.2 km²). Routine monitoring. Approx. 2 ha of mapped crops in the Aweil West floodplain are at risk. Approx. 92 ha of rangeland at risk; plan early herd movement. (Aweil West maps ~318,965 cattle in baseline.)"
2011-11-07,Aweil Centre,0.13,0.497,0,harvest / drying,0.0,14.4,364961.8333817694,"No flood expected in Aweil Centre this week (q50 0.1 km²). Routine monitoring. Approx. 14 ha of rangeland at risk; plan early herd movement. (Aweil Centre maps ~364,962 cattle in baseline.)"
2011-11-07,Aweil East,0.3,0.695,0,harvest / drying,4.1,54.3,505027.7802561831,"SEVERE flood expected in Aweil East this week: q50 0.3 km², above the 95th percentile of all November weeks since 2000. Approx. 4 ha of mapped crops in the Aweil East floodplain are at risk. Approx. 54 ha of rangeland at risk; plan early herd movement. (Aweil East maps ~505,028 cattle in baseline.)"
2011-11-07,Aweil North,0.09,0.117,0,harvest / drying,14.7,565.3,463800.5038861725,"No flood expected in Aweil North this week (q50 0.1 km²). Routine monitoring. Approx. 15 ha of mapped crops in the Aweil North floodplain are at risk. Approx. 565 ha of rangeland at risk; plan early herd movement. (Aweil North maps ~463,801 cattle in baseline.)"
2011-11-07,Aweil South,0.24,0.654,0,harvest / drying,3.7,60.0,141256.8006910938,"SEVERE flood expected in Aweil South this week: q50 0.2 km², above the 95th percentile of all November weeks since 2000. Approx. 4 ha of mapped crops in the Aweil South floodplain are at risk. Approx. 60 ha of rangeland at risk; plan early herd movement. (Aweil South maps ~141,257 cattle in baseline.)"
2011-11-07,Aweil West,0.09,0.169,0,harvest / drying,2.5,105.6,318964.9515941321,"No flood expected in Aweil West this week (q50 0.1 km²). Routine monitoring. Approx. 2 ha of mapped crops in the Aweil West floodplain are at risk. Approx. 106 ha of rangeland at risk; plan early herd movement. (Aweil West maps ~318,965 cattle in baseline.)"
2011-11-14,Aweil Centre,0.02,0.355,0,harvest / drying,0.0,2.5,364961.8333817694,"No flood expected in Aweil Centre this week (q50 0.0 km²). Routine monitoring. Approx. 2 ha of rangeland at risk; plan early herd movement. (Aweil Centre maps ~364,962 cattle in baseline.)"
2011-11-14,Aweil East,0.01,0.396,0,harvest / drying,0.2,2.4,505027.7802561831,"No flood expected in Aweil East this week (q50 0.0 km²). Routine monitoring. Approx. 2 ha of rangeland at risk; plan early herd movement. (Aweil East maps ~505,028 cattle in baseline.)"
2011-11-14,Aweil North,0.01,0.051,0,harvest / drying,1.4,55.7,463800.5038861725,"No flood expected in Aweil North this week (q50 0.0 km²). Routine monitoring. Approx. 1 ha of mapped crops in the Aweil North floodplain are at risk. Approx. 56 ha of rangeland at risk; plan early herd movement. (Aweil North maps ~463,801 cattle in baseline.)"
2011-11-14,Aweil South,1.44,0.855,0,harvest / drying,22.1,354.3,141256.8006910938,"SEVERE flood expected in Aweil South this week: q50 1.4 km², above the 95th percentile of all November weeks since 2000. Approx. 22 ha of mapped crops in the Aweil South floodplain are at risk. Approx. 354 ha of rangeland at risk; plan early herd movement. (Aweil South maps ~141,257 cattle in baseline.)"
2011-11-14,Aweil West,0.01,0.095,0,harvest / drying,0.2,9.1,318964.9515941321,"No flood expected in Aweil West this week (q50 0.0 km²). Routine monitoring. Approx. 9 ha of rangeland at risk; plan early herd movement. (Aweil West maps ~318,965 cattle in baseline.)"
2011-11-21,Aweil Centre,0.01,0.173,0,harvest / drying,0.0,0.7,364961.8333817694,"No flood expected in Aweil Centre this week (q50 0.0 km²). Routine monitoring. (Aweil Centre maps ~364,962 cattle in baseline.)"
2011-11-21,Aweil East,0.0,0.119,0,harvest / drying,0.1,0.8,505027.7802561831,"No flood expected in Aweil East this week (q50 0.0 km²). Routine monitoring. (Aweil East maps ~505,028 cattle in baseline.)"
2011-11-21,Aweil North,0.0,0.032,0,harvest / drying,0.0,0.0,463800.5038861725,"No flood expected in Aweil North this week (q50 0.0 km²). Routine monitoring. (Aweil North maps ~463,801 cattle in baseline.)"
2011-11-21,Aweil South,0.13,0.659,0,harvest / drying,2.0,32.7,141256.8006910938,"SEVERE flood expected in Aweil South this week: q50 0.1 km², above the 95th percentile of all November weeks since 2000. Approx. 2 ha of mapped crops in the Aweil South floodplain are at risk. Approx. 33 ha of rangeland at risk; plan early herd movement. (Aweil South maps ~141,257 cattle in baseline.)"
2011-11-21,Aweil West,0.0,0.034,0,harvest / drying,0.0,0.0,318964.9515941321,"No flood expected in Aweil West this week (q50 0.0 km²). Routine monitoring. (Aweil West maps ~318,965 cattle in baseline.)"
2011-11-28,Aweil Centre,0.23,0.546,0,harvest / drying,0.0,24.8,364961.8333817694,"SEVERE flood expected in Aweil Centre this week: q50 0.2 km², above the 95th percentile of all November weeks since 2000. Approx. 25 ha of rangeland at risk; plan early herd movement. (Aweil Centre maps ~364,962 cattle in baseline.)"
2011-11-28,Aweil East,0.12,0.348,0,harvest / drying,1.7,22.0,505027.7802561831,"No flood expected in Aweil East this week (q50 0.1 km²). Routine monitoring. Approx. 2 ha of mapped crops in the Aweil East floodplain are at risk. Approx. 22 ha of rangeland at risk; plan early herd movement. (Aweil East maps ~505,028 cattle in baseline.)"
2011-11-28,Aweil North,0.09,0.046,0,harvest / drying,14.6,559.7,463800.5038861725,"No flood expected in Aweil North this week (q50 0.1 km²). Routine monitoring. Approx. 15 ha of mapped crops in the Aweil North floodplain are at risk. Approx. 560 ha of rangeland at risk; plan early herd movement. (Aweil North maps ~463,801 cattle in baseline.)"
2011-11-28,Aweil South,0.64,0.777,0,harvest / drying,9.7,156.0,141256.8006910938,"SEVERE flood expected in Aweil South this week: q50 0.6 km², above the 95th percentile of all November weeks since 2000. Approx. 10 ha of mapped crops in the Aweil South floodplain are at risk. Approx. 156 ha of rangeland at risk; plan early herd movement. (Aweil South maps ~141,257 cattle in baseline.)"
2011-11-28,Aweil West,0.09,0.047,0,harvest / drying,2.4,103.5,318964.9515941321,"No flood expected in Aweil West this week (q50 0.1 km²). Routine monitoring. Approx. 2 ha of mapped crops in the Aweil West floodplain are at risk. Approx. 103 ha of rangeland at risk; plan early herd movement. (Aweil West maps ~318,965 cattle in baseline.)"
2011-12-05,Aweil Centre,0.03,0.12,0,dry season,0.0,8.8,364961.8333817694,"No flood expected in Aweil Centre this week (q50 0.0 km²). Routine monitoring. Approx. 9 ha of rangeland at risk; plan early herd movement. (Aweil Centre maps ~364,962 cattle in baseline.)"
2011-12-05,Aweil East,0.03,0.179,0,dry season,3.2,65.9,505027.7802561831,"No flood expected in Aweil East this week (q50 0.0 km²). Routine monitoring. Approx. 3 ha of mapped crops in the Aweil East floodplain are at risk. Approx. 66 ha of rangeland at risk; plan early herd movement. (Aweil East maps ~505,028 cattle in baseline.)"
2011-12-05,Aweil North,0.01,0.023,3,dry season,0.0,0.0,463800.5038861725,"SEVERE flood expected in Aweil North this week: q50 0.0 km², above the 95th percentile of all December weeks since 2000. Dry season: little active cropping; floodplain grazing and residual flooding dominate. (Aweil North maps ~463,801 cattle in baseline.)"
2011-12-05,Aweil South,0.34,0.757,0,dry season,12.4,248.0,141256.8006910938,"SEVERE flood expected in Aweil South this week: q50 0.3 km², above the 95th percentile of all December weeks since 2000. Approx. 12 ha of mapped crops in the Aweil South floodplain are at risk. Approx. 248 ha of rangeland at risk; plan early herd movement. (Aweil South maps ~141,257 cattle in baseline.)"
2011-12-05,Aweil West,0.01,0.023,3,dry season,0.0,0.0,318964.9515941321,"SEVERE flood expected in Aweil West this week: q50 0.0 km², above the 95th percentile of all December weeks since 2000. Dry season: little active cropping; floodplain grazing and residual flooding dominate. (Aweil West maps ~318,965 cattle in baseline.)"
2011-12-12,Aweil Centre,0.0,0.108,0,dry season,0.0,1.5,364961.8333817694,"No flood expected in Aweil Centre this week (q50 0.0 km²). Routine monitoring. Approx. 1 ha of rangeland at risk; plan early herd movement. (Aweil Centre maps ~364,962 cattle in baseline.)"
2011-12-12,Aweil East,0.34,0.624,0,dry season,32.6,662.6,505027.7802561831,"SEVERE flood expected in Aweil East this week: q50 0.3 km², above the 95th percentile of all December weeks since 2000. Approx. 33 ha of mapped crops in the Aweil East floodplain are at risk. Approx. 663 ha of rangeland at risk; plan early herd movement. (Aweil East maps ~505,028 cattle in baseline.)"
2011-12-12,Aweil North,0.0,0.032,0,dry season,0.0,0.0,463800.5038861725,"No flood expected in Aweil North this week (q50 0.0 km²). Routine monitoring. (Aweil North maps ~463,801 cattle in baseline.)"
2011-12-12,Aweil South,0.41,0.813,0,dry season,15.1,301.6,141256.8006910938,"SEVERE flood expected in Aweil South this week: q50 0.4 km², above the 95th percentile of all December weeks since 2000. Approx. 15 ha of mapped crops in the Aweil South floodplain are at risk. Approx. 302 ha of rangeland at risk; plan early herd movement. (Aweil South maps ~141,257 cattle in baseline.)"
2011-12-12,Aweil West,0.0,0.032,0,dry season,0.0,0.0,318964.9515941321,"No flood expected in Aweil West this week (q50 0.0 km²). Routine monitoring. (Aweil West maps ~318,965 cattle in baseline.)"
2011-12-19,Aweil Centre,0.0,0.098,0,dry season,0.0,1.4,364961.8333817694,"No flood expected in Aweil Centre this week (q50 0.0 km²). Routine monitoring. Approx. 1 ha of rangeland at risk; plan early herd movement. (Aweil Centre maps ~364,962 cattle in baseline.)"
2011-12-19,Aweil East,0.06,0.272,0,dry season,5.8,117.4,505027.7802561831,"No flood expected in Aweil East this week (q50 0.1 km²). Routine monitoring. Approx. 6 ha of mapped crops in the Aweil East floodplain are at risk. Approx. 117 ha of rangeland at risk; plan early herd movement. (Aweil East maps ~505,028 cattle in baseline.)"
2011-12-19,Aweil North,0.0,0.023,0,dry season,0.0,0.0,463800.5038861725,"No flood expected in Aweil North this week (q50 0.0 km²). Routine monitoring. (Aweil North maps ~463,801 cattle in baseline.)"
2011-12-19,Aweil South,0.16,0.551,0,dry season,5.7,114.5,141256.8006910938,"SEVERE flood expected in Aweil South this week: q50 0.2 km², above the 95th percentile of all December weeks since 2000. Approx. 6 ha of mapped crops in the Aweil South floodplain are at risk. Approx. 114 ha of rangeland at risk; plan early herd movement. (Aweil South maps ~141,257 cattle in baseline.)"
2011-12-19,Aweil West,0.0,0.024,0,dry season,0.0,0.0,318964.9515941321,"No flood expected in Aweil West this week (q50 0.0 km²). Routine monitoring. (Aweil West maps ~318,965 cattle in baseline.)"
2011-12-26,Aweil Centre,0.0,0.089,0,dry season,0.0,1.5,364961.8333817694,"No flood expected in Aweil Centre this week (q50 0.0 km²). Routine monitoring. Approx. 2 ha of rangeland at risk; plan early herd movement. (Aweil Centre maps ~364,962 cattle in baseline.)"
2011-12-26,Aweil East,0.13,0.388,0,dry season,12.1,244.9,505027.7802561831,"No flood expected in Aweil East this week (q50 0.1 km²). Routine monitoring. Approx. 12 ha of mapped crops in the Aweil East floodplain are at risk. Approx. 245 ha of rangeland at risk; plan early herd movement. (Aweil East maps ~505,028 cattle in baseline.)"
2011-12-26,Aweil North,0.0,0.03,0,dry season,0.0,0.0,463800.5038861725,"No flood expected in Aweil North this week (q50 0.0 km²). Routine monitoring. (Aweil North maps ~463,801 cattle in baseline.)"
2011-12-26,Aweil South,0.42,0.762,0,dry season,15.3,307.0,141256.8006910938,"SEVERE flood expected in Aweil South this week: q50 0.4 km², above the 95th percentile of all December weeks since 2000. Approx. 15 ha of mapped crops in the Aweil South floodplain are at risk. Approx. 307 ha of rangeland at risk; plan early herd movement. (Aweil South maps ~141,257 cattle in baseline.)"
2011-12-26,Aweil West,0.0,0.033,0,dry season,0.0,0.0,318964.9515941321,"No flood expected in Aweil West this week (q50 0.0 km²). Routine monitoring. (Aweil West maps ~318,965 cattle in baseline.)"
2016-01-11,Aweil Centre,0.0,0.11,0,dry season (late phase),0.0,0.0,364961.8333817694,"No flood expected in Aweil Centre this week (q50 0.0 km²). Routine monitoring. (Aweil Centre maps ~364,962 cattle in baseline.)"
2016-01-11,Aweil East,0.0,0.21,0,dry season (late phase),0.0,0.0,505027.7802561831,"No flood expected in Aweil East this week (q50 0.0 km²). Routine monitoring. (Aweil East maps ~505,028 cattle in baseline.)"
2016-01-11,Aweil North,0.0,0.106,0,dry season (late phase),0.0,0.0,463800.5038861725,"No flood expected in Aweil North this week (q50 0.0 km²). Routine monitoring. (Aweil North maps ~463,801 cattle in baseline.)"
2016-01-11,Aweil South,0.0,0.101,0,dry season (late phase),0.0,0.0,141256.8006910938,"No flood expected in Aweil South this week (q50 0.0 km²). Routine monitoring. (Aweil South maps ~141,257 cattle in baseline.)"
2016-01-11,Aweil West,0.0,0.108,0,dry season (late phase),0.0,0.0,318964.9515941321,"No flood expected in Aweil West this week (q50 0.0 km²). Routine monitoring. (Aweil West maps ~318,965 cattle in baseline.)"
2016-01-18,Aweil Centre,0.0,0.111,0,dry season (late phase),0.0,0.0,364961.8333817694,"No flood expected in Aweil Centre this week (q50 0.0 km²). Routine monitoring. (Aweil Centre maps ~364,962 cattle in baseline.)"
2016-01-18,Aweil East,0.0,0.118,0,dry season (late phase),0.0,0.0,505027.7802561831,"No flood expected in Aweil East this week (q50 0.0 km²). Routine monitoring. (Aweil East maps ~505,028 cattle in baseline.)"
2016-01-18,Aweil North,0.0,0.085,0,dry season (late phase),0.0,0.0,463800.5038861725,"No flood expected in Aweil North this week (q50 0.0 km²). Routine monitoring. (Aweil North maps ~463,801 cattle in baseline.)"
2016-01-18,Aweil South,0.0,0.071,0,dry season (late phase),0.0,0.0,141256.8006910938,"No flood expected in Aweil South this week (q50 0.0 km²). Routine monitoring. (Aweil South maps ~141,257 cattle in baseline.)"
2016-01-18,Aweil West,0.0,0.079,0,dry season (late phase),0.0,0.0,318964.9515941321,"No flood expected in Aweil West this week (q50 0.0 km²). Routine monitoring. (Aweil West maps ~318,965 cattle in baseline.)"
2016-01-25,Aweil Centre,0.0,0.078,0,dry season (late phase),0.0,0.0,364961.8333817694,"No flood expected in Aweil Centre this week (q50 0.0 km²). Routine monitoring. (Aweil Centre maps ~364,962 cattle in baseline.)"
2016-01-25,Aweil East,0.0,0.06,0,dry season (late phase),0.0,0.0,505027.7802561831,"No flood expected in Aweil East this week (q50 0.0 km²). Routine monitoring. (Aweil East maps ~505,028 cattle in baseline.)"
2016-01-25,Aweil North,0.0,0.042,0,dry season (late phase),0.0,0.0,463800.5038861725,"No flood expected in Aweil North this week (q50 0.0 km²). Routine monitoring. (Aweil North maps ~463,801 cattle in baseline.)"
2016-01-25,Aweil South,0.0,0.047,0,dry season (late phase),0.0,0.0,141256.8006910938,"No flood expected in Aweil South this week (q50 0.0 km²). Routine monitoring. (Aweil South maps ~141,257 cattle in baseline.)"
2016-01-25,Aweil West,0.0,0.052,0,dry season (late phase),0.0,0.0,318964.9515941321,"No flood expected in Aweil West this week (q50 0.0 km²). Routine monitoring. (Aweil West maps ~318,965 cattle in baseline.)"
2016-02-01,Aweil Centre,0.0,0.072,0,dry season,0.0,0.0,364961.8333817694,"No flood expected in Aweil Centre this week (q50 0.0 km²). Routine monitoring. (Aweil Centre maps ~364,962 cattle in baseline.)"
2016-02-01,Aweil East,0.0,0.075,0,dry season,0.0,0.0,505027.7802561831,"No flood expected in Aweil East this week (q50 0.0 km²). Routine monitoring. (Aweil East maps ~505,028 cattle in baseline.)"
2016-02-01,Aweil North,0.0,0.062,0,dry season,0.0,0.0,463800.5038861725,"No flood expected in Aweil North this week (q50 0.0 km²). Routine monitoring. (Aweil North maps ~463,801 cattle in baseline.)"
2016-02-01,Aweil South,0.0,0.067,0,dry season,0.0,0.0,141256.8006910938,"No flood expected in Aweil South this week (q50 0.0 km²). Routine monitoring. (Aweil South maps ~141,257 cattle in baseline.)"
2016-02-01,Aweil West,0.0,0.078,0,dry season,0.0,0.0,318964.9515941321,"No flood expected in Aweil West this week (q50 0.0 km²). Routine monitoring. (Aweil West maps ~318,965 cattle in baseline.)"
2016-02-08,Aweil Centre,0.0,0.039,0,dry season,0.0,0.0,364961.8333817694,"No flood expected in Aweil Centre this week (q50 0.0 km²). Routine monitoring. (Aweil Centre maps ~364,962 cattle in baseline.)"
2016-02-08,Aweil East,0.0,0.039,0,dry season,0.0,0.0,505027.7802561831,"No flood expected in Aweil East this week (q50 0.0 km²). Routine monitoring. (Aweil East maps ~505,028 cattle in baseline.)"
2016-02-08,Aweil North,0.0,0.034,0,dry season,0.0,0.0,463800.5038861725,"No flood expected in Aweil North this week (q50 0.0 km²). Routine monitoring. (Aweil North maps ~463,801 cattle in baseline.)"
2016-02-08,Aweil South,0.0,0.039,0,dry season,0.0,0.0,141256.8006910938,"No flood expected in Aweil South this week (q50 0.0 km²). Routine monitoring. (Aweil South maps ~141,257 cattle in baseline.)"
2016-02-08,Aweil West,0.0,0.045,0,dry season,0.0,0.0,318964.9515941321,"No flood expected in Aweil West this week (q50 0.0 km²). Routine monitoring. (Aweil West maps ~318,965 cattle in baseline.)"
2016-02-15,Aweil Centre,0.0,0.039,0,dry season,0.0,0.0,364961.8333817694,"No flood expected in Aweil Centre this week (q50 0.0 km²). Routine monitoring. (Aweil Centre maps ~364,962 cattle in baseline.)"
2016-02-15,Aweil East,0.0,0.039,0,dry season,0.0,0.0,505027.7802561831,"No flood expected in Aweil East this week (q50 0.0 km²). Routine monitoring. (Aweil East maps ~505,028 cattle in baseline.)"
2016-02-15,Aweil North,0.0,0.038,0,dry season,0.0,0.0,463800.5038861725,"No flood expected in Aweil North this week (q50 0.0 km²). Routine monitoring. (Aweil North maps ~463,801 cattle in baseline.)"
2016-02-15,Aweil South,0.0,0.044,0,dry season,0.0,0.0,141256.8006910938,"No flood expected in Aweil South this week (q50 0.0 km²). Routine monitoring. (Aweil South maps ~141,257 cattle in baseline.)"
2016-02-15,Aweil West,0.0,0.053,0,dry season,0.0,0.0,318964.9515941321,"No flood expected in Aweil West this week (q50 0.0 km²). Routine monitoring. (Aweil West maps ~318,965 cattle in baseline.)"
2016-02-22,Aweil Centre,0.0,0.033,0,dry season,0.0,0.0,364961.8333817694,"No flood expected in Aweil Centre this week (q50 0.0 km²). Routine monitoring. (Aweil Centre maps ~364,962 cattle in baseline.)"
2016-02-22,Aweil East,0.0,0.034,0,dry season,0.0,0.0,505027.7802561831,"No flood expected in Aweil East this week (q50 0.0 km²). Routine monitoring. (Aweil East maps ~505,028 cattle in baseline.)"
2016-02-22,Aweil North,0.0,0.033,0,dry season,0.0,0.0,463800.5038861725,"No flood expected in Aweil North this week (q50 0.0 km²). Routine monitoring. (Aweil North maps ~463,801 cattle in baseline.)"
2016-02-22,Aweil South,0.0,0.035,0,dry season,0.0,0.0,141256.8006910938,"No flood expected in Aweil South this week (q50 0.0 km²). Routine monitoring. (Aweil South maps ~141,257 cattle in baseline.)"
2016-02-22,Aweil West,0.0,0.042,0,dry season,0.0,0.0,318964.9515941321,"No flood expected in Aweil West this week (q50 0.0 km²). Routine monitoring. (Aweil West maps ~318,965 cattle in baseline.)"
2016-02-29,Aweil Centre,0.0,0.037,0,dry season,0.0,0.0,364961.8333817694,"No flood expected in Aweil Centre this week (q50 0.0 km²). Routine monitoring. (Aweil Centre maps ~364,962 cattle in baseline.)"
2016-02-29,Aweil East,0.0,0.035,0,dry season,0.0,0.0,505027.7802561831,"No flood expected in Aweil East this week (q50 0.0 km²). Routine monitoring. (Aweil East maps ~505,028 cattle in baseline.)"
2016-02-29,Aweil North,0.0,0.042,0,dry season,0.0,0.0,463800.5038861725,"No flood expected in Aweil North this week (q50 0.0 km²). Routine monitoring. (Aweil North maps ~463,801 cattle in baseline.)"
2016-02-29,Aweil South,0.0,0.047,0,dry season,0.0,0.0,141256.8006910938,"No flood expected in Aweil South this week (q50 0.0 km²). Routine monitoring. (Aweil South maps ~141,257 cattle in baseline.)"
2016-02-29,Aweil West,0.0,0.056,0,dry season,0.0,0.0,318964.9515941321,"No flood expected in Aweil West this week (q50 0.0 km²). Routine monitoring. (Aweil West maps ~318,965 cattle in baseline.)"
2016-03-07,Aweil Centre,0.0,0.032,0,early season (sowing),0.0,0.0,364961.8333817694,"No flood expected in Aweil Centre this week (q50 0.0 km²). Routine monitoring. (Aweil Centre maps ~364,962 cattle in baseline.)"
2016-03-07,Aweil East,0.0,0.027,0,early season (sowing),0.0,0.0,505027.7802561831,"No flood expected in Aweil East this week (q50 0.0 km²). Routine monitoring. (Aweil East maps ~505,028 cattle in baseline.)"
2016-03-07,Aweil North,0.0,0.022,0,early season (sowing),0.0,0.0,463800.5038861725,"No flood expected in Aweil North this week (q50 0.0 km²). Routine monitoring. (Aweil North maps ~463,801 cattle in baseline.)"
2016-03-07,Aweil South,0.0,0.026,0,early season (sowing),0.0,0.0,141256.8006910938,"No flood expected in Aweil South this week (q50 0.0 km²). Routine monitoring. (Aweil South maps ~141,257 cattle in baseline.)"
2016-03-07,Aweil West,0.0,0.029,0,early season (sowing),0.0,0.0,318964.9515941321,"No flood expected in Aweil West this week (q50 0.0 km²). Routine monitoring. (Aweil West maps ~318,965 cattle in baseline.)"
2016-03-14,Aweil Centre,0.0,0.04,0,early season (sowing),0.0,0.0,364961.8333817694,"No flood expected in Aweil Centre this week (q50 0.0 km²). Routine monitoring. (Aweil Centre maps ~364,962 cattle in baseline.)"
2016-03-14,Aweil East,0.0,0.034,0,early season (sowing),0.0,0.0,505027.7802561831,"No flood expected in Aweil East this week (q50 0.0 km²). Routine monitoring. (Aweil East maps ~505,028 cattle in baseline.)"
2016-03-14,Aweil North,0.0,0.029,0,early season (sowing),0.0,0.0,463800.5038861725,"No flood expected in Aweil North this week (q50 0.0 km²). Routine monitoring. (Aweil North maps ~463,801 cattle in baseline.)"
2016-03-14,Aweil South,0.0,0.035,0,early season (sowing),0.0,0.0,141256.8006910938,"No flood expected in Aweil South this week (q50 0.0 km²). Routine monitoring. (Aweil South maps ~141,257 cattle in baseline.)"
2016-03-14,Aweil West,0.0,0.039,0,early season (sowing),0.0,0.0,318964.9515941321,"No flood expected in Aweil West this week (q50 0.0 km²). Routine monitoring. (Aweil West maps ~318,965 cattle in baseline.)"
2016-03-21,Aweil Centre,0.0,0.021,0,early season (sowing),0.0,0.0,364961.8333817694,"No flood expected in Aweil Centre this week (q50 0.0 km²). Routine monitoring. (Aweil Centre maps ~364,962 cattle in baseline.)"
2016-03-21,Aweil East,0.0,0.023,0,early season (sowing),0.0,0.0,505027.7802561831,"No flood expected in Aweil East this week (q50 0.0 km²). Routine monitoring. (Aweil East maps ~505,028 cattle in baseline.)"
2016-03-21,Aweil North,0.0,0.017,0,early season (sowing),0.0,0.0,463800.5038861725,"No flood expected in Aweil North this week (q50 0.0 km²). Routine monitoring. (Aweil North maps ~463,801 cattle in baseline.)"
2016-03-21,Aweil South,0.0,0.018,0,early season (sowing),0.0,0.0,141256.8006910938,"No flood expected in Aweil South this week (q50 0.0 km²). Routine monitoring. (Aweil South maps ~141,257 cattle in baseline.)"
2016-03-21,Aweil West,0.0,0.02,0,early season (sowing),0.0,0.0,318964.9515941321,"No flood expected in Aweil West this week (q50 0.0 km²). Routine monitoring. (Aweil West maps ~318,965 cattle in baseline.)"
2016-03-28,Aweil Centre,0.0,0.049,0,early season (sowing),0.0,0.0,364961.8333817694,"No flood expected in Aweil Centre this week (q50 0.0 km²). Routine monitoring. (Aweil Centre maps ~364,962 cattle in baseline.)"
2016-03-28,Aweil East,0.0,0.041,0,early season (sowing),0.0,0.0,505027.7802561831,"No flood expected in Aweil East this week (q50 0.0 km²). Routine monitoring. (Aweil East maps ~505,028 cattle in baseline.)"
2016-03-28,Aweil North,0.0,0.04,0,early season (sowing),0.0,0.0,463800.5038861725,"No flood expected in Aweil North this week (q50 0.0 km²). Routine monitoring. (Aweil North maps ~463,801 cattle in baseline.)"
2016-03-28,Aweil South,0.0,0.045,0,early season (sowing),0.0,0.0,141256.8006910938,"No flood expected in Aweil South this week (q50 0.0 km²). Routine monitoring. (Aweil South maps ~141,257 cattle in baseline.)"
2016-03-28,Aweil West,0.0,0.05,0,early season (sowing),0.0,0.0,318964.9515941321,"No flood expected in Aweil West this week (q50 0.0 km²). Routine monitoring. (Aweil West maps ~318,965 cattle in baseline.)"
2016-04-04,Aweil Centre,0.0,0.04,0,crop establishment,0.0,0.0,364961.8333817694,"No flood expected in Aweil Centre this week (q50 0.0 km²). Routine monitoring. (Aweil Centre maps ~364,962 cattle in baseline.)"
2016-04-04,Aweil East,0.0,0.037,0,crop establishment,0.0,0.0,505027.7802561831,"No flood expected in Aweil East this week (q50 0.0 km²). Routine monitoring. (Aweil East maps ~505,028 cattle in baseline.)"
2016-04-04,Aweil North,0.0,0.029,0,crop establishment,0.0,0.0,463800.5038861725,"No flood expected in Aweil North this week (q50 0.0 km²). Routine monitoring. (Aweil North maps ~463,801 cattle in baseline.)"
2016-04-04,Aweil South,0.0,0.034,0,crop establishment,0.0,0.0,141256.8006910938,"No flood expected in Aweil South this week (q50 0.0 km²). Routine monitoring. (Aweil South maps ~141,257 cattle in baseline.)"
2016-04-04,Aweil West,0.0,0.033,0,crop establishment,0.0,0.0,318964.9515941321,"No flood expected in Aweil West this week (q50 0.0 km²). Routine monitoring. (Aweil West maps ~318,965 cattle in baseline.)"
2016-04-11,Aweil Centre,0.0,0.053,0,crop establishment,0.0,0.0,364961.8333817694,"No flood expected in Aweil Centre this week (q50 0.0 km²). Routine monitoring. (Aweil Centre maps ~364,962 cattle in baseline.)"
2016-04-11,Aweil East,0.0,0.053,0,crop establishment,0.0,0.0,505027.7802561831,"No flood expected in Aweil East this week (q50 0.0 km²). Routine monitoring. (Aweil East maps ~505,028 cattle in baseline.)"
2016-04-11,Aweil North,0.0,0.031,0,crop establishment,0.0,0.0,463800.5038861725,"No flood expected in Aweil North this week (q50 0.0 km²). Routine monitoring. (Aweil North maps ~463,801 cattle in baseline.)"
2016-04-11,Aweil South,0.0,0.035,0,crop establishment,0.0,0.0,141256.8006910938,"No flood expected in Aweil South this week (q50 0.0 km²). Routine monitoring. (Aweil South maps ~141,257 cattle in baseline.)"
2016-04-11,Aweil West,0.0,0.036,0,crop establishment,0.0,0.0,318964.9515941321,"No flood expected in Aweil West this week (q50 0.0 km²). Routine monitoring. (Aweil West maps ~318,965 cattle in baseline.)"
2016-04-18,Aweil Centre,0.0,0.024,0,crop establishment,0.0,0.0,364961.8333817694,"No flood expected in Aweil Centre this week (q50 0.0 km²). Routine monitoring. (Aweil Centre maps ~364,962 cattle in baseline.)"
2016-04-18,Aweil East,0.0,0.036,0,crop establishment,0.0,0.0,505027.7802561831,"No flood expected in Aweil East this week (q50 0.0 km²). Routine monitoring. (Aweil East maps ~505,028 cattle in baseline.)"
2016-04-18,Aweil North,0.0,0.024,0,crop establishment,0.0,0.0,463800.5038861725,"No flood expected in Aweil North this week (q50 0.0 km²). Routine monitoring. (Aweil North maps ~463,801 cattle in baseline.)"
2016-04-18,Aweil South,0.0,0.024,0,crop establishment,0.0,0.0,141256.8006910938,"No flood expected in Aweil South this week (q50 0.0 km²). Routine monitoring. (Aweil South maps ~141,257 cattle in baseline.)"
2016-04-18,Aweil West,0.0,0.022,0,crop establishment,0.0,0.0,318964.9515941321,"No flood expected in Aweil West this week (q50 0.0 km²). Routine monitoring. (Aweil West maps ~318,965 cattle in baseline.)"
2016-04-25,Aweil Centre,0.0,0.018,0,crop establishment,0.0,0.0,364961.8333817694,"No flood expected in Aweil Centre this week (q50 0.0 km²). Routine monitoring. (Aweil Centre maps ~364,962 cattle in baseline.)"
2016-04-25,Aweil East,0.0,0.02,0,crop establishment,0.0,0.0,505027.7802561831,"No flood expected in Aweil East this week (q50 0.0 km²). Routine monitoring. (Aweil East maps ~505,028 cattle in baseline.)"
2016-04-25,Aweil North,0.0,0.017,0,crop establishment,0.0,0.0,463800.5038861725,"No flood expected in Aweil North this week (q50 0.0 km²). Routine monitoring. (Aweil North maps ~463,801 cattle in baseline.)"
2016-04-25,Aweil South,0.0,0.017,0,crop establishment,0.0,0.0,141256.8006910938,"No flood expected in Aweil South this week (q50 0.0 km²). Routine monitoring. (Aweil South maps ~141,257 cattle in baseline.)"
2016-04-25,Aweil West,0.0,0.016,0,crop establishment,0.0,0.0,318964.9515941321,"No flood expected in Aweil West this week (q50 0.0 km²). Routine monitoring. (Aweil West maps ~318,965 cattle in baseline.)"
2016-05-02,Aweil Centre,0.0,0.069,0,vegetative growth,0.0,0.0,364961.8333817694,"No flood expected in Aweil Centre this week (q50 0.0 km²). Routine monitoring. (Aweil Centre maps ~364,962 cattle in baseline.)"
2016-05-02,Aweil East,0.0,0.088,0,vegetative growth,0.0,0.0,505027.7802561831,"No flood expected in Aweil East this week (q50 0.0 km²). Routine monitoring. (Aweil East maps ~505,028 cattle in baseline.)"
2016-05-02,Aweil North,0.0,0.04,0,vegetative growth,0.0,0.0,463800.5038861725,"No flood expected in Aweil North this week (q50 0.0 km²). Routine monitoring. (Aweil North maps ~463,801 cattle in baseline.)"
2016-05-02,Aweil South,0.0,0.041,0,vegetative growth,0.0,0.0,141256.8006910938,"No flood expected in Aweil South this week (q50 0.0 km²). Routine monitoring. (Aweil South maps ~141,257 cattle in baseline.)"
2016-05-02,Aweil West,0.0,0.039,0,vegetative growth,0.0,0.0,318964.9515941321,"No flood expected in Aweil West this week (q50 0.0 km²). Routine monitoring. (Aweil West maps ~318,965 cattle in baseline.)"
2016-05-09,Aweil Centre,0.0,0.04,0,vegetative growth,0.0,0.0,364961.8333817694,"No flood expected in Aweil Centre this week (q50 0.0 km²). Routine monitoring. (Aweil Centre maps ~364,962 cattle in baseline.)"
2016-05-09,Aweil East,0.0,0.055,0,vegetative growth,0.0,0.0,505027.7802561831,"No flood expected in Aweil East this week (q50 0.0 km²). Routine monitoring. (Aweil East maps ~505,028 cattle in baseline.)"
2016-05-09,Aweil North,0.0,0.036,0,vegetative growth,0.0,0.0,463800.5038861725,"No flood expected in Aweil North this week (q50 0.0 km²). Routine monitoring. (Aweil North maps ~463,801 cattle in baseline.)"
2016-05-09,Aweil South,0.0,0.035,0,vegetative growth,0.0,0.0,141256.8006910938,"No flood expected in Aweil South this week (q50 0.0 km²). Routine monitoring. (Aweil South maps ~141,257 cattle in baseline.)"
2016-05-09,Aweil West,0.0,0.032,0,vegetative growth,0.0,0.0,318964.9515941321,"No flood expected in Aweil West this week (q50 0.0 km²). Routine monitoring. (Aweil West maps ~318,965 cattle in baseline.)"
2016-05-16,Aweil Centre,0.0,0.02,0,vegetative growth,0.0,0.0,364961.8333817694,"No flood expected in Aweil Centre this week (q50 0.0 km²). Routine monitoring. (Aweil Centre maps ~364,962 cattle in baseline.)"
2016-05-16,Aweil East,0.0,0.018,0,vegetative growth,0.0,0.0,505027.7802561831,"No flood expected in Aweil East this week (q50 0.0 km²). Routine monitoring. (Aweil East maps ~505,028 cattle in baseline.)"
2016-05-16,Aweil North,0.0,0.016,0,vegetative growth,0.0,0.0,463800.5038861725,"No flood expected in Aweil North this week (q50 0.0 km²). Routine monitoring. (Aweil North maps ~463,801 cattle in baseline.)"
2016-05-16,Aweil South,0.0,0.016,0,vegetative growth,0.0,0.0,141256.8006910938,"No flood expected in Aweil South this week (q50 0.0 km²). Routine monitoring. (Aweil South maps ~141,257 cattle in baseline.)"
2016-05-16,Aweil West,0.0,0.079,3,vegetative growth,0.0,0.0,318964.9515941321,"SEVERE flood expected in Aweil West this week: q50 0.0 km², above the 95th percentile of all May weeks since 2000. Vegetative growth: crops are at peak water demand — short flooding can be tolerated, sustained submergence is not. (Aweil West maps ~318,965 cattle in baseline.)"
2016-05-23,Aweil Centre,0.0,0.013,0,vegetative growth,0.0,0.0,364961.8333817694,"No flood expected in Aweil Centre this week (q50 0.0 km²). Routine monitoring. (Aweil Centre maps ~364,962 cattle in baseline.)"
2016-05-23,Aweil East,0.0,0.014,0,vegetative growth,0.0,0.0,505027.7802561831,"No flood expected in Aweil East this week (q50 0.0 km²). Routine monitoring. (Aweil East maps ~505,028 cattle in baseline.)"
2016-05-23,Aweil North,0.0,0.012,0,vegetative growth,0.0,0.0,463800.5038861725,"No flood expected in Aweil North this week (q50 0.0 km²). Routine monitoring. (Aweil North maps ~463,801 cattle in baseline.)"
2016-05-23,Aweil South,0.0,0.011,0,vegetative growth,0.0,0.0,141256.8006910938,"No flood expected in Aweil South this week (q50 0.0 km²). Routine monitoring. (Aweil South maps ~141,257 cattle in baseline.)"
2016-05-23,Aweil West,0.0,0.011,0,vegetative growth,0.0,0.0,318964.9515941321,"No flood expected in Aweil West this week (q50 0.0 km²). Routine monitoring. (Aweil West maps ~318,965 cattle in baseline.)"
2016-05-30,Aweil Centre,0.0,0.017,0,vegetative growth,0.0,0.0,364961.8333817694,"No flood expected in Aweil Centre this week (q50 0.0 km²). Routine monitoring. (Aweil Centre maps ~364,962 cattle in baseline.)"
2016-05-30,Aweil East,0.0,0.017,0,vegetative growth,0.0,0.0,505027.7802561831,"No flood expected in Aweil East this week (q50 0.0 km²). Routine monitoring. (Aweil East maps ~505,028 cattle in baseline.)"
2016-05-30,Aweil North,0.0,0.015,0,vegetative growth,0.0,0.0,463800.5038861725,"No flood expected in Aweil North this week (q50 0.0 km²). Routine monitoring. (Aweil North maps ~463,801 cattle in baseline.)"
2016-05-30,Aweil South,0.0,0.015,0,vegetative growth,0.0,0.0,141256.8006910938,"No flood expected in Aweil South this week (q50 0.0 km²). Routine monitoring. (Aweil South maps ~141,257 cattle in baseline.)"
2016-05-30,Aweil West,0.0,0.022,0,vegetative growth,0.0,0.0,318964.9515941321,"No flood expected in Aweil West this week (q50 0.0 km²). Routine monitoring. (Aweil West maps ~318,965 cattle in baseline.)"
2016-06-06,Aweil Centre,0.0,0.04,0,vegetative growth (peak),0.0,0.0,364961.8333817694,"No flood expected in Aweil Centre this week (q50 0.0 km²). Routine monitoring. (Aweil Centre maps ~364,962 cattle in baseline.)"
2016-06-06,Aweil East,0.0,0.05,0,vegetative growth (peak),0.0,0.0,505027.7802561831,"No flood expected in Aweil East this week (q50 0.0 km²). Routine monitoring. (Aweil East maps ~505,028 cattle in baseline.)"
2016-06-06,Aweil North,0.0,0.035,0,vegetative growth (peak),0.0,0.0,463800.5038861725,"No flood expected in Aweil North this week (q50 0.0 km²). Routine monitoring. (Aweil North maps ~463,801 cattle in baseline.)"
2016-06-06,Aweil South,0.0,0.035,0,vegetative growth (peak),0.0,0.0,141256.8006910938,"No flood expected in Aweil South this week (q50 0.0 km²). Routine monitoring. (Aweil South maps ~141,257 cattle in baseline.)"
2016-06-06,Aweil West,0.0,0.038,0,vegetative growth (peak),0.0,0.0,318964.9515941321,"No flood expected in Aweil West this week (q50 0.0 km²). Routine monitoring. (Aweil West maps ~318,965 cattle in baseline.)"
2016-06-13,Aweil Centre,0.0,0.019,0,vegetative growth (peak),0.0,0.0,364961.8333817694,"No flood expected in Aweil Centre this week (q50 0.0 km²). Routine monitoring. (Aweil Centre maps ~364,962 cattle in baseline.)"
2016-06-13,Aweil East,0.0,0.019,0,vegetative growth (peak),0.0,0.0,505027.7802561831,"No flood expected in Aweil East this week (q50 0.0 km²). Routine monitoring. (Aweil East maps ~505,028 cattle in baseline.)"
2016-06-13,Aweil North,0.0,0.018,0,vegetative growth (peak),0.0,0.0,463800.5038861725,"No flood expected in Aweil North this week (q50 0.0 km²). Routine monitoring. (Aweil North maps ~463,801 cattle in baseline.)"
2016-06-13,Aweil South,0.0,0.019,0,vegetative growth (peak),0.0,0.0,141256.8006910938,"No flood expected in Aweil South this week (q50 0.0 km²). Routine monitoring. (Aweil South maps ~141,257 cattle in baseline.)"
2016-06-13,Aweil West,0.0,0.021,0,vegetative growth (peak),0.0,0.0,318964.9515941321,"No flood expected in Aweil West this week (q50 0.0 km²). Routine monitoring. (Aweil West maps ~318,965 cattle in baseline.)"
2016-06-20,Aweil Centre,0.0,0.018,0,vegetative growth (peak),0.0,0.0,364961.8333817694,"No flood expected in Aweil Centre this week (q50 0.0 km²). Routine monitoring. (Aweil Centre maps ~364,962 cattle in baseline.)"
2016-06-20,Aweil East,0.0,0.02,0,vegetative growth (peak),0.0,0.0,505027.7802561831,"No flood expected in Aweil East this week (q50 0.0 km²). Routine monitoring. (Aweil East maps ~505,028 cattle in baseline.)"
2016-06-20,Aweil North,0.0,0.017,0,vegetative growth (peak),0.0,0.0,463800.5038861725,"No flood expected in Aweil North this week (q50 0.0 km²). Routine monitoring. (Aweil North maps ~463,801 cattle in baseline.)"
2016-06-20,Aweil South,0.0,0.017,0,vegetative growth (peak),0.0,0.0,141256.8006910938,"No flood expected in Aweil South this week (q50 0.0 km²). Routine monitoring. (Aweil South maps ~141,257 cattle in baseline.)"
2016-06-20,Aweil West,0.0,0.017,0,vegetative growth (peak),0.0,0.0,318964.9515941321,"No flood expected in Aweil West this week (q50 0.0 km²). Routine monitoring. (Aweil West maps ~318,965 cattle in baseline.)"
2016-06-27,Aweil Centre,0.0,0.023,0,vegetative growth (peak),0.0,0.0,364961.8333817694,"No flood expected in Aweil Centre this week (q50 0.0 km²). Routine monitoring. (Aweil Centre maps ~364,962 cattle in baseline.)"
2016-06-27,Aweil East,0.0,0.022,0,vegetative growth (peak),0.0,0.0,505027.7802561831,"No flood expected in Aweil East this week (q50 0.0 km²). Routine monitoring. (Aweil East maps ~505,028 cattle in baseline.)"
2016-06-27,Aweil North,0.0,0.021,0,vegetative growth (peak),0.0,0.0,463800.5038861725,"No flood expected in Aweil North this week (q50 0.0 km²). Routine monitoring. (Aweil North maps ~463,801 cattle in baseline.)"
2016-06-27,Aweil South,0.0,0.024,0,vegetative growth (peak),0.0,0.0,141256.8006910938,"No flood expected in Aweil South this week (q50 0.0 km²). Routine monitoring. (Aweil South maps ~141,257 cattle in baseline.)"
2016-06-27,Aweil West,0.0,0.023,0,vegetative growth (peak),0.0,0.0,318964.9515941321,"No flood expected in Aweil West this week (q50 0.0 km²). Routine monitoring. (Aweil West maps ~318,965 cattle in baseline.)"
2016-07-04,Aweil Centre,0.0,0.021,0,vegetative growth (peak),0.0,0.0,364961.8333817694,"No flood expected in Aweil Centre this week (q50 0.0 km²). Routine monitoring. (Aweil Centre maps ~364,962 cattle in baseline.)"
2016-07-04,Aweil East,0.0,0.024,0,vegetative growth (peak),0.0,0.0,505027.7802561831,"No flood expected in Aweil East this week (q50 0.0 km²). Routine monitoring. (Aweil East maps ~505,028 cattle in baseline.)"
2016-07-04,Aweil North,0.0,0.017,0,vegetative growth (peak),0.0,0.0,463800.5038861725,"No flood expected in Aweil North this week (q50 0.0 km²). Routine monitoring. (Aweil North maps ~463,801 cattle in baseline.)"
2016-07-04,Aweil South,0.0,0.017,0,vegetative growth (peak),0.0,0.0,141256.8006910938,"No flood expected in Aweil South this week (q50 0.0 km²). Routine monitoring. (Aweil South maps ~141,257 cattle in baseline.)"
2016-07-04,Aweil West,0.0,0.017,0,vegetative growth (peak),0.0,0.0,318964.9515941321,"No flood expected in Aweil West this week (q50 0.0 km²). Routine monitoring. (Aweil West maps ~318,965 cattle in baseline.)"
2016-07-11,Aweil Centre,0.0,0.024,0,vegetative growth (peak),0.0,0.0,364961.8333817694,"No flood expected in Aweil Centre this week (q50 0.0 km²). Routine monitoring. (Aweil Centre maps ~364,962 cattle in baseline.)"
2016-07-11,Aweil East,0.0,0.023,0,vegetative growth (peak),0.0,0.0,505027.7802561831,"No flood expected in Aweil East this week (q50 0.0 km²). Routine monitoring. (Aweil East maps ~505,028 cattle in baseline.)"
2016-07-11,Aweil North,0.0,0.02,0,vegetative growth (peak),0.0,0.0,463800.5038861725,"No flood expected in Aweil North this week (q50 0.0 km²). Routine monitoring. (Aweil North maps ~463,801 cattle in baseline.)"
2016-07-11,Aweil South,0.0,0.018,0,vegetative growth (peak),0.0,0.0,141256.8006910938,"No flood expected in Aweil South this week (q50 0.0 km²). Routine monitoring. (Aweil South maps ~141,257 cattle in baseline.)"
2016-07-11,Aweil West,0.0,0.019,0,vegetative growth (peak),0.0,0.0,318964.9515941321,"No flood expected in Aweil West this week (q50 0.0 km²). Routine monitoring. (Aweil West maps ~318,965 cattle in baseline.)"
2016-07-18,Aweil Centre,0.0,0.015,0,vegetative growth (peak),0.0,0.0,364961.8333817694,"No flood expected in Aweil Centre this week (q50 0.0 km²). Routine monitoring. (Aweil Centre maps ~364,962 cattle in baseline.)"
2016-07-18,Aweil East,0.25,0.723,2,vegetative growth (peak),0.0,0.0,505027.7802561831,"High flood risk in Aweil East this week: q50 0.2 km², above most July weeks since 2000. Vegetative growth (peak): crops are at peak water demand — short flooding can be tolerated, sustained submergence is not. (Aweil East maps ~505,028 cattle in baseline.)"
2016-07-18,Aweil North,0.0,0.015,0,vegetative growth (peak),0.0,0.0,463800.5038861725,"No flood expected in Aweil North this week (q50 0.0 km²). Routine monitoring. (Aweil North maps ~463,801 cattle in baseline.)"
2016-07-18,Aweil South,0.0,0.014,0,vegetative growth (peak),0.0,0.0,141256.8006910938,"No flood expected in Aweil South this week (q50 0.0 km²). Routine monitoring. (Aweil South maps ~141,257 cattle in baseline.)"
2016-07-18,Aweil West,0.0,0.018,0,vegetative growth (peak),0.0,0.0,318964.9515941321,"No flood expected in Aweil West this week (q50 0.0 km²). Routine monitoring. (Aweil West maps ~318,965 cattle in baseline.)"
2016-07-25,Aweil Centre,0.0,0.022,0,vegetative growth (peak),0.0,0.0,364961.8333817694,"No flood expected in Aweil Centre this week (q50 0.0 km²). Routine monitoring. (Aweil Centre maps ~364,962 cattle in baseline.)"
2016-07-25,Aweil East,0.0,0.073,0,vegetative growth (peak),0.0,0.0,505027.7802561831,"No flood expected in Aweil East this week (q50 0.0 km²). Routine monitoring. (Aweil East maps ~505,028 cattle in baseline.)"
2016-07-25,Aweil North,0.0,0.019,0,vegetative growth (peak),0.0,0.0,463800.5038861725,"No flood expected in Aweil North this week (q50 0.0 km²). Routine monitoring. (Aweil North maps ~463,801 cattle in baseline.)"
2016-07-25,Aweil South,0.0,0.021,0,vegetative growth (peak),0.0,0.0,141256.8006910938,"No flood expected in Aweil South this week (q50 0.0 km²). Routine monitoring. (Aweil South maps ~141,257 cattle in baseline.)"
2016-07-25,Aweil West,0.0,0.023,0,vegetative growth (peak),0.0,0.0,318964.9515941321,"No flood expected in Aweil West this week (q50 0.0 km²). Routine monitoring. (Aweil West maps ~318,965 cattle in baseline.)"
2016-08-01,Aweil Centre,0.0,0.062,0,maturation,0.0,0.0,364961.8333817694,"No flood expected in Aweil Centre this week (q50 0.0 km²). Routine monitoring. (Aweil Centre maps ~364,962 cattle in baseline.)"
2016-08-01,Aweil East,4.77,0.949,1,maturation,0.0,0.0,505027.7802561831,"Elevated flood probability in Aweil East this week (q50 4.8 km², 95% detection chance). Maturation: grain is filling; flooding now damages the yield that is already banked. (Aweil East maps ~505,028 cattle in baseline.)"
2016-08-01,Aweil North,0.0,0.03,0,maturation,0.0,0.0,463800.5038861725,"No flood expected in Aweil North this week (q50 0.0 km²). Routine monitoring. (Aweil North maps ~463,801 cattle in baseline.)"
2016-08-01,Aweil South,0.0,0.036,0,maturation,0.0,0.0,141256.8006910938,"No flood expected in Aweil South this week (q50 0.0 km²). Routine monitoring. (Aweil South maps ~141,257 cattle in baseline.)"
2016-08-01,Aweil West,0.06,0.295,0,maturation,0.0,0.0,318964.9515941321,"No flood expected in Aweil West this week (q50 0.1 km²). Routine monitoring. (Aweil West maps ~318,965 cattle in baseline.)"
2016-08-08,Aweil Centre,0.0,0.128,0,maturation,0.0,0.0,364961.8333817694,"No flood expected in Aweil Centre this week (q50 0.0 km²). Routine monitoring. (Aweil Centre maps ~364,962 cattle in baseline.)"
2016-08-08,Aweil East,0.11,0.844,0,maturation,0.0,0.0,505027.7802561831,"SEVERE flood expected in Aweil East this week: q50 0.1 km², above the 95th percentile of all August weeks since 2000. (Aweil East maps ~505,028 cattle in baseline.)"
2016-08-08,Aweil North,0.0,0.053,0,maturation,0.0,0.0,463800.5038861725,"No flood expected in Aweil North this week (q50 0.0 km²). Routine monitoring. (Aweil North maps ~463,801 cattle in baseline.)"
2016-08-08,Aweil South,0.0,0.077,0,maturation,0.0,0.0,141256.8006910938,"No flood expected in Aweil South this week (q50 0.0 km²). Routine monitoring. (Aweil South maps ~141,257 cattle in baseline.)"
2016-08-08,Aweil West,0.0,0.115,0,maturation,0.0,0.0,318964.9515941321,"No flood expected in Aweil West this week (q50 0.0 km²). Routine monitoring. (Aweil West maps ~318,965 cattle in baseline.)"
2016-08-15,Aweil Centre,0.44,0.879,0,maturation,0.0,0.0,364961.8333817694,"SEVERE flood expected in Aweil Centre this week: q50 0.4 km², above the 95th percentile of all August weeks since 2000. (Aweil Centre maps ~364,962 cattle in baseline.)"
2016-08-15,Aweil East,0.1,0.724,0,maturation,0.0,0.0,505027.7802561831,"SEVERE flood expected in Aweil East this week: q50 0.1 km², above the 95th percentile of all August weeks since 2000. (Aweil East maps ~505,028 cattle in baseline.)"
2016-08-15,Aweil North,0.0,0.152,0,maturation,0.0,0.0,463800.5038861725,"No flood expected in Aweil North this week (q50 0.0 km²). Routine monitoring. (Aweil North maps ~463,801 cattle in baseline.)"
2016-08-15,Aweil South,0.0,0.223,0,maturation,0.0,0.0,141256.8006910938,"No flood expected in Aweil South this week (q50 0.0 km²). Routine monitoring. (Aweil South maps ~141,257 cattle in baseline.)"
2016-08-15,Aweil West,0.01,0.328,0,maturation,0.0,0.0,318964.9515941321,"No flood expected in Aweil West this week (q50 0.0 km²). Routine monitoring. (Aweil West maps ~318,965 cattle in baseline.)"
2016-08-22,Aweil Centre,1.66,0.939,2,maturation,0.0,0.0,364961.8333817694,"High flood risk in Aweil Centre this week: q50 1.7 km², above most August weeks since 2000. Maturation: grain is filling; flooding now damages the yield that is already banked. (Aweil Centre maps ~364,962 cattle in baseline.)"
2016-08-22,Aweil East,0.1,0.639,0,maturation,0.0,0.0,505027.7802561831,"SEVERE flood expected in Aweil East this week: q50 0.1 km², above the 95th percentile of all August weeks since 2000. (Aweil East maps ~505,028 cattle in baseline.)"
2016-08-22,Aweil North,0.0,0.084,0,maturation,0.0,0.0,463800.5038861725,"No flood expected in Aweil North this week (q50 0.0 km²). Routine monitoring. (Aweil North maps ~463,801 cattle in baseline.)"
2016-08-22,Aweil South,0.0,0.138,0,maturation,0.0,0.0,141256.8006910938,"No flood expected in Aweil South this week (q50 0.0 km²). Routine monitoring. (Aweil South maps ~141,257 cattle in baseline.)"
2016-08-22,Aweil West,0.36,0.787,0,maturation,0.0,0.0,318964.9515941321,"SEVERE flood expected in Aweil West this week: q50 0.4 km², above the 95th percentile of all August weeks since 2000. (Aweil West maps ~318,965 cattle in baseline.)"
2016-08-29,Aweil Centre,2.31,0.956,2,maturation,0.0,0.0,364961.8333817694,"High flood risk in Aweil Centre this week: q50 2.3 km², above most August weeks since 2000. Maturation: grain is filling; flooding now damages the yield that is already banked. (Aweil Centre maps ~364,962 cattle in baseline.)"
2016-08-29,Aweil East,6.48,0.946,2,maturation,0.0,0.0,505027.7802561831,"High flood risk in Aweil East this week: q50 6.5 km², above most August weeks since 2000. Maturation: grain is filling; flooding now damages the yield that is already banked. (Aweil East maps ~505,028 cattle in baseline.)"
2016-08-29,Aweil North,0.0,0.06,0,maturation,0.0,0.0,463800.5038861725,"No flood expected in Aweil North this week (q50 0.0 km²). Routine monitoring. (Aweil North maps ~463,801 cattle in baseline.)"
2016-08-29,Aweil South,0.13,0.424,0,maturation,0.0,0.0,141256.8006910938,"No flood expected in Aweil South this week (q50 0.1 km²). Routine monitoring. (Aweil South maps ~141,257 cattle in baseline.)"
2016-08-29,Aweil West,3.3,0.947,3,maturation,0.0,0.0,318964.9515941321,"SEVERE flood expected in Aweil West this week: q50 3.3 km², above the 95th percentile of all August weeks since 2000. Maturation: grain is filling; flooding now damages the yield that is already banked. (Aweil West maps ~318,965 cattle in baseline.)"
2016-09-05,Aweil Centre,0.16,0.747,0,maturation / grain filling,0.0,17.9,364961.8333817694,"SEVERE flood expected in Aweil Centre this week: q50 0.2 km², above the 95th percentile of all September weeks since 2000. Approx. 18 ha of rangeland at risk; plan early herd movement. (Aweil Centre maps ~364,962 cattle in baseline.)"
2016-09-05,Aweil East,0.7,0.668,0,maturation / grain filling,1.8,73.5,505027.7802561831,"SEVERE flood expected in Aweil East this week: q50 0.7 km², above the 95th percentile of all September weeks since 2000. Approx. 2 ha of mapped crops in the Aweil East floodplain are at risk. Approx. 74 ha of rangeland at risk; plan early herd movement. (Aweil East maps ~505,028 cattle in baseline.)"
2016-09-05,Aweil North,0.0,0.071,0,maturation / grain filling,0.0,0.0,463800.5038861725,"No flood expected in Aweil North this week (q50 0.0 km²). Routine monitoring. (Aweil North maps ~463,801 cattle in baseline.)"
2016-09-05,Aweil South,0.1,0.181,0,maturation / grain filling,2.0,54.7,141256.8006910938,"No flood expected in Aweil South this week (q50 0.1 km²). Routine monitoring. Approx. 2 ha of mapped crops in the Aweil South floodplain are at risk. Approx. 55 ha of rangeland at risk; plan early herd movement. (Aweil South maps ~141,257 cattle in baseline.)"
2016-09-05,Aweil West,0.06,0.473,0,maturation / grain filling,0.4,22.7,318964.9515941321,"No flood expected in Aweil West this week (q50 0.1 km²). Routine monitoring. Approx. 23 ha of rangeland at risk; plan early herd movement. (Aweil West maps ~318,965 cattle in baseline.)"
2016-09-12,Aweil Centre,0.04,0.435,0,maturation / grain filling,0.0,4.5,364961.8333817694,"No flood expected in Aweil Centre this week (q50 0.0 km²). Routine monitoring. Approx. 4 ha of rangeland at risk; plan early herd movement. (Aweil Centre maps ~364,962 cattle in baseline.)"
2016-09-12,Aweil East,0.08,0.673,0,maturation / grain filling,0.2,8.7,505027.7802561831,"SEVERE flood expected in Aweil East this week: q50 0.1 km², above the 95th percentile of all September weeks since 2000. Approx. 9 ha of rangeland at risk; plan early herd movement. (Aweil East maps ~505,028 cattle in baseline.)"
2016-09-12,Aweil North,0.0,0.102,0,maturation / grain filling,0.0,0.0,463800.5038861725,"No flood expected in Aweil North this week (q50 0.0 km²). Routine monitoring. (Aweil North maps ~463,801 cattle in baseline.)"
2016-09-12,Aweil South,0.04,0.317,0,maturation / grain filling,0.9,23.7,141256.8006910938,"No flood expected in Aweil South this week (q50 0.0 km²). Routine monitoring. Approx. 24 ha of rangeland at risk; plan early herd movement. (Aweil South maps ~141,257 cattle in baseline.)"
2016-09-12,Aweil West,0.06,0.509,0,maturation / grain filling,0.4,24.5,318964.9515941321,"SEVERE flood expected in Aweil West this week: q50 0.1 km², above the 95th percentile of all September weeks since 2000. Approx. 24 ha of rangeland at risk; plan early herd movement. (Aweil West maps ~318,965 cattle in baseline.)"
2016-09-19,Aweil Centre,0.05,0.558,0,maturation / grain filling,0.0,5.5,364961.8333817694,"SEVERE flood expected in Aweil Centre this week: q50 0.0 km², above the 95th percentile of all September weeks since 2000. Approx. 6 ha of rangeland at risk; plan early herd movement. (Aweil Centre maps ~364,962 cattle in baseline.)"
2016-09-19,Aweil East,0.27,0.602,0,maturation / grain filling,0.7,28.4,505027.7802561831,"SEVERE flood expected in Aweil East this week: q50 0.3 km², above the 95th percentile of all September weeks since 2000. Approx. 28 ha of rangeland at risk; plan early herd movement. (Aweil East maps ~505,028 cattle in baseline.)"
2016-09-19,Aweil North,0.0,0.096,0,maturation / grain filling,0.0,0.4,463800.5038861725,"No flood expected in Aweil North this week (q50 0.0 km²). Routine monitoring. (Aweil North maps ~463,801 cattle in baseline.)"
2016-09-19,Aweil South,0.05,0.453,0,maturation / grain filling,1.0,27.9,141256.8006910938,"No flood expected in Aweil South this week (q50 0.1 km²). Routine monitoring. Approx. 1 ha of mapped crops in the Aweil South floodplain are at risk. Approx. 28 ha of rangeland at risk; plan early herd movement. (Aweil South maps ~141,257 cattle in baseline.)"
2016-09-19,Aweil West,0.05,0.484,0,maturation / grain filling,0.3,19.0,318964.9515941321,"No flood expected in Aweil West this week (q50 0.0 km²). Routine monitoring. Approx. 19 ha of rangeland at risk; plan early herd movement. (Aweil West maps ~318,965 cattle in baseline.)"
2016-09-26,Aweil Centre,0.01,0.175,0,maturation / grain filling,0.0,1.5,364961.8333817694,"No flood expected in Aweil Centre this week (q50 0.0 km²). Routine monitoring. Approx. 2 ha of rangeland at risk; plan early herd movement. (Aweil Centre maps ~364,962 cattle in baseline.)"
2016-09-26,Aweil East,1.65,0.9,0,maturation / grain filling,4.2,174.2,505027.7802561831,"SEVERE flood expected in Aweil East this week: q50 1.7 km², above the 95th percentile of all September weeks since 2000. Approx. 4 ha of mapped crops in the Aweil East floodplain are at risk. Approx. 174 ha of rangeland at risk; plan early herd movement. (Aweil East maps ~505,028 cattle in baseline.)"
2016-09-26,Aweil North,0.0,0.089,0,maturation / grain filling,0.0,0.5,463800.5038861725,"No flood expected in Aweil North this week (q50 0.0 km²). Routine monitoring. (Aweil North maps ~463,801 cattle in baseline.)"
2016-09-26,Aweil South,0.64,0.859,0,maturation / grain filling,12.8,342.7,141256.8006910938,"SEVERE flood expected in Aweil South this week: q50 0.6 km², above the 95th percentile of all September weeks since 2000. Approx. 13 ha of mapped crops in the Aweil South floodplain are at risk. Approx. 343 ha of rangeland at risk; plan early herd movement. (Aweil South maps ~141,257 cattle in baseline.)"
2016-09-26,Aweil West,0.27,0.752,0,maturation / grain filling,1.7,109.4,318964.9515941321,"SEVERE flood expected in Aweil West this week: q50 0.3 km², above the 95th percentile of all September weeks since 2000. Approx. 2 ha of mapped crops in the Aweil West floodplain are at risk. Approx. 109 ha of rangeland at risk; plan early herd movement. (Aweil West maps ~318,965 cattle in baseline.)"
2016-10-03,Aweil Centre,0.0,0.224,0,harvest,0.0,0.0,364961.8333817694,"No flood expected in Aweil Centre this week (q50 0.0 km²). Routine monitoring. (Aweil Centre maps ~364,962 cattle in baseline.)"
2016-10-03,Aweil East,0.05,0.714,0,harvest,0.5,6.0,505027.7802561831,"SEVERE flood expected in Aweil East this week: q50 0.0 km², above the 95th percentile of all October weeks since 2000. Approx. 6 ha of rangeland at risk; plan early herd movement. (Aweil East maps ~505,028 cattle in baseline.)"
2016-10-03,Aweil North,0.0,0.138,0,harvest,0.0,0.8,463800.5038861725,"No flood expected in Aweil North this week (q50 0.0 km²). Routine monitoring. (Aweil North maps ~463,801 cattle in baseline.)"
2016-10-03,Aweil South,2.11,0.935,0,harvest,46.6,738.9,141256.8006910938,"SEVERE flood expected in Aweil South this week: q50 2.1 km², above the 95th percentile of all October weeks since 2000. Approx. 47 ha of mapped crops in the Aweil South floodplain are at risk. Approx. 739 ha of rangeland at risk; plan early herd movement. (Aweil South maps ~141,257 cattle in baseline.)"
2016-10-03,Aweil West,0.06,0.609,0,harvest,0.6,26.8,318964.9515941321,"SEVERE flood expected in Aweil West this week: q50 0.1 km², above the 95th percentile of all October weeks since 2000. Approx. 27 ha of rangeland at risk; plan early herd movement. (Aweil West maps ~318,965 cattle in baseline.)"
2016-10-10,Aweil Centre,0.0,0.236,0,harvest,0.0,0.2,364961.8333817694,"No flood expected in Aweil Centre this week (q50 0.0 km²). Routine monitoring. (Aweil Centre maps ~364,962 cattle in baseline.)"
2016-10-10,Aweil East,0.07,0.517,0,harvest,0.8,9.1,505027.7802561831,"SEVERE flood expected in Aweil East this week: q50 0.1 km², above the 95th percentile of all October weeks since 2000. Approx. 9 ha of rangeland at risk; plan early herd movement. (Aweil East maps ~505,028 cattle in baseline.)"
2016-10-10,Aweil North,0.0,0.123,0,harvest,0.2,4.4,463800.5038861725,"No flood expected in Aweil North this week (q50 0.0 km²). Routine monitoring. Approx. 4 ha of rangeland at risk; plan early herd movement. (Aweil North maps ~463,801 cattle in baseline.)"
2016-10-10,Aweil South,1.63,0.953,0,harvest,36.0,570.4,141256.8006910938,"SEVERE flood expected in Aweil South this week: q50 1.6 km², above the 95th percentile of all October weeks since 2000. Approx. 36 ha of mapped crops in the Aweil South floodplain are at risk. Approx. 570 ha of rangeland at risk; plan early herd movement. (Aweil South maps ~141,257 cattle in baseline.)"
2016-10-10,Aweil West,0.09,0.383,0,harvest,0.9,42.9,318964.9515941321,"No flood expected in Aweil West this week (q50 0.1 km²). Routine monitoring. Approx. 43 ha of rangeland at risk; plan early herd movement. (Aweil West maps ~318,965 cattle in baseline.)"
2016-10-17,Aweil Centre,0.0,0.216,0,harvest,0.0,0.1,364961.8333817694,"No flood expected in Aweil Centre this week (q50 0.0 km²). Routine monitoring. (Aweil Centre maps ~364,962 cattle in baseline.)"
2016-10-17,Aweil East,0.12,0.729,0,harvest,1.3,15.3,505027.7802561831,"SEVERE flood expected in Aweil East this week: q50 0.1 km², above the 95th percentile of all October weeks since 2000. Approx. 1 ha of mapped crops in the Aweil East floodplain are at risk. Approx. 15 ha of rangeland at risk; plan early herd movement. (Aweil East maps ~505,028 cattle in baseline.)"
2016-10-17,Aweil North,0.0,0.127,0,harvest,0.0,0.8,463800.5038861725,"No flood expected in Aweil North this week (q50 0.0 km²). Routine monitoring. (Aweil North maps ~463,801 cattle in baseline.)"
2016-10-17,Aweil South,1.58,0.94,0,harvest,34.8,551.5,141256.8006910938,"SEVERE flood expected in Aweil South this week: q50 1.6 km², above the 95th percentile of all October weeks since 2000. Approx. 35 ha of mapped crops in the Aweil South floodplain are at risk. Approx. 552 ha of rangeland at risk; plan early herd movement. (Aweil South maps ~141,257 cattle in baseline.)"
2016-10-17,Aweil West,0.15,0.757,0,harvest,1.5,71.1,318964.9515941321,"SEVERE flood expected in Aweil West this week: q50 0.2 km², above the 95th percentile of all October weeks since 2000. Approx. 2 ha of mapped crops in the Aweil West floodplain are at risk. Approx. 71 ha of rangeland at risk; plan early herd movement. (Aweil West maps ~318,965 cattle in baseline.)"
2016-10-24,Aweil Centre,0.0,0.307,0,harvest,0.0,0.1,364961.8333817694,"No flood expected in Aweil Centre this week (q50 0.0 km²). Routine monitoring. (Aweil Centre maps ~364,962 cattle in baseline.)"
2016-10-24,Aweil East,0.03,0.603,0,harvest,0.3,3.8,505027.7802561831,"SEVERE flood expected in Aweil East this week: q50 0.0 km², above the 95th percentile of all October weeks since 2000. Approx. 4 ha of rangeland at risk; plan early herd movement. (Aweil East maps ~505,028 cattle in baseline.)"
2016-10-24,Aweil North,0.0,0.169,0,harvest,0.0,0.8,463800.5038861725,"No flood expected in Aweil North this week (q50 0.0 km²). Routine monitoring. (Aweil North maps ~463,801 cattle in baseline.)"
2016-10-24,Aweil South,1.77,0.934,0,harvest,39.1,619.1,141256.8006910938,"SEVERE flood expected in Aweil South this week: q50 1.8 km², above the 95th percentile of all October weeks since 2000. Approx. 39 ha of mapped crops in the Aweil South floodplain are at risk. Approx. 619 ha of rangeland at risk; plan early herd movement. (Aweil South maps ~141,257 cattle in baseline.)"
2016-10-24,Aweil West,0.14,0.624,0,harvest,1.4,64.7,318964.9515941321,"SEVERE flood expected in Aweil West this week: q50 0.1 km², above the 95th percentile of all October weeks since 2000. Approx. 1 ha of mapped crops in the Aweil West floodplain are at risk. Approx. 65 ha of rangeland at risk; plan early herd movement. (Aweil West maps ~318,965 cattle in baseline.)"
2016-10-31,Aweil Centre,0.0,0.214,0,harvest,0.0,0.0,364961.8333817694,"No flood expected in Aweil Centre this week (q50 0.0 km²). Routine monitoring. (Aweil Centre maps ~364,962 cattle in baseline.)"
2016-10-31,Aweil East,0.01,0.365,0,harvest,0.1,1.3,505027.7802561831,"No flood expected in Aweil East this week (q50 0.0 km²). Routine monitoring. Approx. 1 ha of rangeland at risk; plan early herd movement. (Aweil East maps ~505,028 cattle in baseline.)"
2016-10-31,Aweil North,0.0,0.108,0,harvest,0.0,0.0,463800.5038861725,"No flood expected in Aweil North this week (q50 0.0 km²). Routine monitoring. (Aweil North maps ~463,801 cattle in baseline.)"
2016-10-31,Aweil South,1.63,0.942,0,harvest,36.1,571.5,141256.8006910938,"SEVERE flood expected in Aweil South this week: q50 1.6 km², above the 95th percentile of all October weeks since 2000. Approx. 36 ha of mapped crops in the Aweil South floodplain are at risk. Approx. 572 ha of rangeland at risk; plan early herd movement. (Aweil South maps ~141,257 cattle in baseline.)"
2016-10-31,Aweil West,0.26,0.654,0,harvest,2.6,119.3,318964.9515941321,"SEVERE flood expected in Aweil West this week: q50 0.3 km², above the 95th percentile of all October weeks since 2000. Approx. 3 ha of mapped crops in the Aweil West floodplain are at risk. Approx. 119 ha of rangeland at risk; plan early herd movement. (Aweil West maps ~318,965 cattle in baseline.)"
2016-11-07,Aweil Centre,0.0,0.32,0,harvest / drying,0.0,0.2,364961.8333817694,"No flood expected in Aweil Centre this week (q50 0.0 km²). Routine monitoring. (Aweil Centre maps ~364,962 cattle in baseline.)"
2016-11-07,Aweil East,0.01,0.495,0,harvest / drying,0.1,1.8,505027.7802561831,"No flood expected in Aweil East this week (q50 0.0 km²). Routine monitoring. Approx. 2 ha of rangeland at risk; plan early herd movement. (Aweil East maps ~505,028 cattle in baseline.)"
2016-11-07,Aweil North,0.0,0.173,0,harvest / drying,0.0,0.0,463800.5038861725,"No flood expected in Aweil North this week (q50 0.0 km²). Routine monitoring. (Aweil North maps ~463,801 cattle in baseline.)"
2016-11-07,Aweil South,0.18,0.884,0,harvest / drying,3.0,48.6,141256.8006910938,"SEVERE flood expected in Aweil South this week: q50 0.2 km², above the 95th percentile of all November weeks since 2000. Approx. 3 ha of mapped crops in the Aweil South floodplain are at risk. Approx. 49 ha of rangeland at risk; plan early herd movement. (Aweil South maps ~141,257 cattle in baseline.)"
2016-11-07,Aweil West,0.03,0.655,0,harvest / drying,1.4,59.2,318964.9515941321,"SEVERE flood expected in Aweil West this week: q50 0.0 km², above the 95th percentile of all November weeks since 2000. Approx. 1 ha of mapped crops in the Aweil West floodplain are at risk. Approx. 59 ha of rangeland at risk; plan early herd movement. (Aweil West maps ~318,965 cattle in baseline.)"
2016-11-14,Aweil Centre,0.0,0.268,0,harvest / drying,0.0,0.0,364961.8333817694,"No flood expected in Aweil Centre this week (q50 0.0 km²). Routine monitoring. (Aweil Centre maps ~364,962 cattle in baseline.)"
2016-11-14,Aweil East,0.0,0.363,0,harvest / drying,0.0,0.4,505027.7802561831,"No flood expected in Aweil East this week (q50 0.0 km²). Routine monitoring. (Aweil East maps ~505,028 cattle in baseline.)"
2016-11-14,Aweil North,0.0,0.174,0,harvest / drying,0.0,0.0,463800.5038861725,"No flood expected in Aweil North this week (q50 0.0 km²). Routine monitoring. (Aweil North maps ~463,801 cattle in baseline.)"
2016-11-14,Aweil South,0.13,0.711,0,harvest / drying,2.2,34.5,141256.8006910938,"SEVERE flood expected in Aweil South this week: q50 0.1 km², above the 95th percentile of all November weeks since 2000. Approx. 2 ha of mapped crops in the Aweil South floodplain are at risk. Approx. 35 ha of rangeland at risk; plan early herd movement. (Aweil South maps ~141,257 cattle in baseline.)"
2016-11-14,Aweil West,0.02,0.486,0,harvest / drying,0.9,36.9,318964.9515941321,"No flood expected in Aweil West this week (q50 0.0 km²). Routine monitoring. Approx. 37 ha of rangeland at risk; plan early herd movement. (Aweil West maps ~318,965 cattle in baseline.)"
2016-11-21,Aweil Centre,0.0,0.273,0,harvest / drying,0.0,0.0,364961.8333817694,"No flood expected in Aweil Centre this week (q50 0.0 km²). Routine monitoring. (Aweil Centre maps ~364,962 cattle in baseline.)"
2016-11-21,Aweil East,0.0,0.363,0,harvest / drying,0.0,0.1,505027.7802561831,"No flood expected in Aweil East this week (q50 0.0 km²). Routine monitoring. (Aweil East maps ~505,028 cattle in baseline.)"
2016-11-21,Aweil North,0.0,0.193,0,harvest / drying,0.0,0.0,463800.5038861725,"No flood expected in Aweil North this week (q50 0.0 km²). Routine monitoring. (Aweil North maps ~463,801 cattle in baseline.)"
2016-11-21,Aweil South,0.02,0.453,0,harvest / drying,0.4,6.2,141256.8006910938,"No flood expected in Aweil South this week (q50 0.0 km²). Routine monitoring. Approx. 6 ha of rangeland at risk; plan early herd movement. (Aweil South maps ~141,257 cattle in baseline.)"
2016-11-21,Aweil West,0.01,0.378,0,harvest / drying,0.6,25.1,318964.9515941321,"No flood expected in Aweil West this week (q50 0.0 km²). Routine monitoring. Approx. 25 ha of rangeland at risk; plan early herd movement. (Aweil West maps ~318,965 cattle in baseline.)"
2016-11-28,Aweil Centre,0.13,0.705,0,harvest / drying,0.0,19.7,364961.8333817694,"SEVERE flood expected in Aweil Centre this week: q50 0.1 km², above the 95th percentile of all November weeks since 2000. Approx. 20 ha of rangeland at risk; plan early herd movement. (Aweil Centre maps ~364,962 cattle in baseline.)"
2016-11-28,Aweil East,0.0,0.31,0,harvest / drying,0.0,0.1,505027.7802561831,"No flood expected in Aweil East this week (q50 0.0 km²). Routine monitoring. (Aweil East maps ~505,028 cattle in baseline.)"
2016-11-28,Aweil North,0.0,0.192,0,harvest / drying,0.0,0.0,463800.5038861725,"No flood expected in Aweil North this week (q50 0.0 km²). Routine monitoring. (Aweil North maps ~463,801 cattle in baseline.)"
2016-11-28,Aweil South,0.0,0.253,0,harvest / drying,0.0,0.0,141256.8006910938,"No flood expected in Aweil South this week (q50 0.0 km²). Routine monitoring. (Aweil South maps ~141,257 cattle in baseline.)"
2016-11-28,Aweil West,0.01,0.255,0,harvest / drying,0.3,12.1,318964.9515941321,"No flood expected in Aweil West this week (q50 0.0 km²). Routine monitoring. Approx. 12 ha of rangeland at risk; plan early herd movement. (Aweil West maps ~318,965 cattle in baseline.)"
2016-12-05,Aweil Centre,0.08,0.608,0,dry season,0.0,42.5,364961.8333817694,"SEVERE flood expected in Aweil Centre this week: q50 0.1 km², above the 95th percentile of all December weeks since 2000. Approx. 43 ha of rangeland at risk; plan early herd movement. (Aweil Centre maps ~364,962 cattle in baseline.)"
2016-12-05,Aweil East,0.0,0.134,0,dry season,0.0,0.0,505027.7802561831,"No flood expected in Aweil East this week (q50 0.0 km²). Routine monitoring. (Aweil East maps ~505,028 cattle in baseline.)"
2016-12-05,Aweil North,0.0,0.088,0,dry season,0.0,0.0,463800.5038861725,"No flood expected in Aweil North this week (q50 0.0 km²). Routine monitoring. (Aweil North maps ~463,801 cattle in baseline.)"
2016-12-05,Aweil South,0.0,0.09,0,dry season,0.0,0.0,141256.8006910938,"No flood expected in Aweil South this week (q50 0.0 km²). Routine monitoring. (Aweil South maps ~141,257 cattle in baseline.)"
2016-12-05,Aweil West,0.0,0.074,0,dry season,0.0,0.0,318964.9515941321,"No flood expected in Aweil West this week (q50 0.0 km²). Routine monitoring. (Aweil West maps ~318,965 cattle in baseline.)"
2016-12-12,Aweil Centre,0.0,0.183,0,dry season,0.0,2.0,364961.8333817694,"No flood expected in Aweil Centre this week (q50 0.0 km²). Routine monitoring. Approx. 2 ha of rangeland at risk; plan early herd movement. (Aweil Centre maps ~364,962 cattle in baseline.)"
2016-12-12,Aweil East,0.01,0.406,0,dry season,0.8,16.5,505027.7802561831,"No flood expected in Aweil East this week (q50 0.0 km²). Routine monitoring. Approx. 16 ha of rangeland at risk; plan early herd movement. (Aweil East maps ~505,028 cattle in baseline.)"
2016-12-12,Aweil North,0.0,0.084,0,dry season,0.0,0.0,463800.5038861725,"No flood expected in Aweil North this week (q50 0.0 km²). Routine monitoring. (Aweil North maps ~463,801 cattle in baseline.)"
2016-12-12,Aweil South,0.0,0.083,0,dry season,0.0,0.0,141256.8006910938,"No flood expected in Aweil South this week (q50 0.0 km²). Routine monitoring. (Aweil South maps ~141,257 cattle in baseline.)"
2016-12-12,Aweil West,0.0,0.07,0,dry season,0.0,0.0,318964.9515941321,"No flood expected in Aweil West this week (q50 0.0 km²). Routine monitoring. (Aweil West maps ~318,965 cattle in baseline.)"
2016-12-19,Aweil Centre,0.0,0.081,0,dry season,0.0,0.0,364961.8333817694,"No flood expected in Aweil Centre this week (q50 0.0 km²). Routine monitoring. (Aweil Centre maps ~364,962 cattle in baseline.)"
2016-12-19,Aweil East,0.0,0.22,0,dry season,0.5,9.2,505027.7802561831,"No flood expected in Aweil East this week (q50 0.0 km²). Routine monitoring. Approx. 9 ha of rangeland at risk; plan early herd movement. (Aweil East maps ~505,028 cattle in baseline.)"
2016-12-19,Aweil North,0.0,0.061,0,dry season,0.0,0.0,463800.5038861725,"No flood expected in Aweil North this week (q50 0.0 km²). Routine monitoring. (Aweil North maps ~463,801 cattle in baseline.)"
2016-12-19,Aweil South,0.0,0.061,0,dry season,0.0,0.0,141256.8006910938,"No flood expected in Aweil South this week (q50 0.0 km²). Routine monitoring. (Aweil South maps ~141,257 cattle in baseline.)"
2016-12-19,Aweil West,0.0,0.049,0,dry season,0.0,0.0,318964.9515941321,"No flood expected in Aweil West this week (q50 0.0 km²). Routine monitoring. (Aweil West maps ~318,965 cattle in baseline.)"
2016-12-26,Aweil Centre,0.0,0.068,0,dry season,0.0,0.0,364961.8333817694,"No flood expected in Aweil Centre this week (q50 0.0 km²). Routine monitoring. (Aweil Centre maps ~364,962 cattle in baseline.)"
2016-12-26,Aweil East,0.0,0.093,0,dry season,0.0,0.0,505027.7802561831,"No flood expected in Aweil East this week (q50 0.0 km²). Routine monitoring. (Aweil East maps ~505,028 cattle in baseline.)"
2016-12-26,Aweil North,0.0,0.077,0,dry season,0.0,0.0,463800.5038861725,"No flood expected in Aweil North this week (q50 0.0 km²). Routine monitoring. (Aweil North maps ~463,801 cattle in baseline.)"
2016-12-26,Aweil South,0.0,0.076,0,dry season,0.0,0.0,141256.8006910938,"No flood expected in Aweil South this week (q50 0.0 km²). Routine monitoring. (Aweil South maps ~141,257 cattle in baseline.)"
2016-12-26,Aweil West,0.0,0.065,0,dry season,0.0,0.0,318964.9515941321,"No flood expected in Aweil West this week (q50 0.0 km²). Routine monitoring. (Aweil West maps ~318,965 cattle in baseline.)"
2017-01-02,Aweil Centre,0.0,0.146,0,dry season (late phase),0.0,0.0,364961.8333817694,"No flood expected in Aweil Centre this week (q50 0.0 km²). Routine monitoring. (Aweil Centre maps ~364,962 cattle in baseline.)"
2017-01-02,Aweil East,0.0,0.114,0,dry season (late phase),0.0,0.0,505027.7802561831,"No flood expected in Aweil East this week (q50 0.0 km²). Routine monitoring. (Aweil East maps ~505,028 cattle in baseline.)"
2017-01-02,Aweil North,0.0,0.131,0,dry season (late phase),0.0,0.0,463800.5038861725,"No flood expected in Aweil North this week (q50 0.0 km²). Routine monitoring. (Aweil North maps ~463,801 cattle in baseline.)"
2017-01-02,Aweil South,0.0,0.091,0,dry season (late phase),0.0,0.0,141256.8006910938,"No flood expected in Aweil South this week (q50 0.0 km²). Routine monitoring. (Aweil South maps ~141,257 cattle in baseline.)"
2017-01-02,Aweil West,0.0,0.096,0,dry season (late phase),0.0,0.0,318964.9515941321,"No flood expected in Aweil West this week (q50 0.0 km²). Routine monitoring. (Aweil West maps ~318,965 cattle in baseline.)"
2017-01-09,Aweil Centre,0.0,0.097,0,dry season (late phase),0.0,0.0,364961.8333817694,"No flood expected in Aweil Centre this week (q50 0.0 km²). Routine monitoring. (Aweil Centre maps ~364,962 cattle in baseline.)"
2017-01-09,Aweil East,0.0,0.08,0,dry season (late phase),0.0,0.0,505027.7802561831,"No flood expected in Aweil East this week (q50 0.0 km²). Routine monitoring. (Aweil East maps ~505,028 cattle in baseline.)"
2017-01-09,Aweil North,0.0,0.094,0,dry season (late phase),0.0,0.0,463800.5038861725,"No flood expected in Aweil North this week (q50 0.0 km²). Routine monitoring. (Aweil North maps ~463,801 cattle in baseline.)"
2017-01-09,Aweil South,0.0,0.093,0,dry season (late phase),0.0,0.0,141256.8006910938,"No flood expected in Aweil South this week (q50 0.0 km²). Routine monitoring. (Aweil South maps ~141,257 cattle in baseline.)"
2017-01-09,Aweil West,0.0,0.098,0,dry season (late phase),0.0,0.0,318964.9515941321,"No flood expected in Aweil West this week (q50 0.0 km²). Routine monitoring. (Aweil West maps ~318,965 cattle in baseline.)"
2017-01-16,Aweil Centre,0.0,0.236,0,dry season (late phase),0.0,0.0,364961.8333817694,"No flood expected in Aweil Centre this week (q50 0.0 km²). Routine monitoring. (Aweil Centre maps ~364,962 cattle in baseline.)"
2017-01-16,Aweil East,0.0,0.091,0,dry season (late phase),0.0,0.0,505027.7802561831,"No flood expected in Aweil East this week (q50 0.0 km²). Routine monitoring. (Aweil East maps ~505,028 cattle in baseline.)"
2017-01-16,Aweil North,0.0,0.098,0,dry season (late phase),0.0,0.0,463800.5038861725,"No flood expected in Aweil North this week (q50 0.0 km²). Routine monitoring. (Aweil North maps ~463,801 cattle in baseline.)"
2017-01-16,Aweil South,0.0,0.103,0,dry season (late phase),0.0,0.0,141256.8006910938,"No flood expected in Aweil South this week (q50 0.0 km²). Routine monitoring. (Aweil South maps ~141,257 cattle in baseline.)"
2017-01-16,Aweil West,0.0,0.113,0,dry season (late phase),0.0,0.0,318964.9515941321,"No flood expected in Aweil West this week (q50 0.0 km²). Routine monitoring. (Aweil West maps ~318,965 cattle in baseline.)"
2017-01-23,Aweil Centre,0.0,0.2,0,dry season (late phase),0.0,0.0,364961.8333817694,"No flood expected in Aweil Centre this week (q50 0.0 km²). Routine monitoring. (Aweil Centre maps ~364,962 cattle in baseline.)"
2017-01-23,Aweil East,0.0,0.188,0,dry season (late phase),0.0,0.0,505027.7802561831,"No flood expected in Aweil East this week (q50 0.0 km²). Routine monitoring. (Aweil East maps ~505,028 cattle in baseline.)"
2017-01-23,Aweil North,0.0,0.129,0,dry season (late phase),0.0,0.0,463800.5038861725,"No flood expected in Aweil North this week (q50 0.0 km²). Routine monitoring. (Aweil North maps ~463,801 cattle in baseline.)"
2017-01-23,Aweil South,0.0,0.147,0,dry season (late phase),0.0,0.0,141256.8006910938,"No flood expected in Aweil South this week (q50 0.0 km²). Routine monitoring. (Aweil South maps ~141,257 cattle in baseline.)"
2017-01-23,Aweil West,0.0,0.155,0,dry season (late phase),0.0,0.0,318964.9515941321,"No flood expected in Aweil West this week (q50 0.0 km²). Routine monitoring. (Aweil West maps ~318,965 cattle in baseline.)"
2017-01-30,Aweil Centre,0.0,0.075,0,dry season (late phase),0.0,0.0,364961.8333817694,"No flood expected in Aweil Centre this week (q50 0.0 km²). Routine monitoring. (Aweil Centre maps ~364,962 cattle in baseline.)"
2017-01-30,Aweil East,0.0,0.078,0,dry season (late phase),0.0,0.0,505027.7802561831,"No flood expected in Aweil East this week (q50 0.0 km²). Routine monitoring. (Aweil East maps ~505,028 cattle in baseline.)"
2017-01-30,Aweil North,0.0,0.078,0,dry season (late phase),0.0,0.0,463800.5038861725,"No flood expected in Aweil North this week (q50 0.0 km²). Routine monitoring. (Aweil North maps ~463,801 cattle in baseline.)"
2017-01-30,Aweil South,0.0,0.086,0,dry season (late phase),0.0,0.0,141256.8006910938,"No flood expected in Aweil South this week (q50 0.0 km²). Routine monitoring. (Aweil South maps ~141,257 cattle in baseline.)"
2017-01-30,Aweil West,0.0,0.102,0,dry season (late phase),0.0,0.0,318964.9515941321,"No flood expected in Aweil West this week (q50 0.0 km²). Routine monitoring. (Aweil West maps ~318,965 cattle in baseline.)"
2017-02-06,Aweil Centre,0.0,0.059,0,dry season,0.0,0.0,364961.8333817694,"No flood expected in Aweil Centre this week (q50 0.0 km²). Routine monitoring. (Aweil Centre maps ~364,962 cattle in baseline.)"
2017-02-06,Aweil East,0.0,0.059,0,dry season,0.0,0.0,505027.7802561831,"No flood expected in Aweil East this week (q50 0.0 km²). Routine monitoring. (Aweil East maps ~505,028 cattle in baseline.)"
2017-02-06,Aweil North,0.0,0.059,0,dry season,0.0,0.0,463800.5038861725,"No flood expected in Aweil North this week (q50 0.0 km²). Routine monitoring. (Aweil North maps ~463,801 cattle in baseline.)"
2017-02-06,Aweil South,0.0,0.065,0,dry season,0.0,0.0,141256.8006910938,"No flood expected in Aweil South this week (q50 0.0 km²). Routine monitoring. (Aweil South maps ~141,257 cattle in baseline.)"
2017-02-06,Aweil West,0.0,0.076,0,dry season,0.0,0.0,318964.9515941321,"No flood expected in Aweil West this week (q50 0.0 km²). Routine monitoring. (Aweil West maps ~318,965 cattle in baseline.)"
2017-02-13,Aweil Centre,0.0,0.044,0,dry season,0.0,0.0,364961.8333817694,"No flood expected in Aweil Centre this week (q50 0.0 km²). Routine monitoring. (Aweil Centre maps ~364,962 cattle in baseline.)"
2017-02-13,Aweil East,0.0,0.043,0,dry season,0.0,0.0,505027.7802561831,"No flood expected in Aweil East this week (q50 0.0 km²). Routine monitoring. (Aweil East maps ~505,028 cattle in baseline.)"
2017-02-13,Aweil North,0.0,0.049,0,dry season,0.0,0.0,463800.5038861725,"No flood expected in Aweil North this week (q50 0.0 km²). Routine monitoring. (Aweil North maps ~463,801 cattle in baseline.)"
2017-02-13,Aweil South,0.0,0.055,0,dry season,0.0,0.0,141256.8006910938,"No flood expected in Aweil South this week (q50 0.0 km²). Routine monitoring. (Aweil South maps ~141,257 cattle in baseline.)"
2017-02-13,Aweil West,0.0,0.065,0,dry season,0.0,0.0,318964.9515941321,"No flood expected in Aweil West this week (q50 0.0 km²). Routine monitoring. (Aweil West maps ~318,965 cattle in baseline.)"
2017-02-20,Aweil Centre,0.0,0.069,0,dry season,0.0,0.0,364961.8333817694,"No flood expected in Aweil Centre this week (q50 0.0 km²). Routine monitoring. (Aweil Centre maps ~364,962 cattle in baseline.)"
2017-02-20,Aweil East,0.0,0.07,0,dry season,0.0,0.0,505027.7802561831,"No flood expected in Aweil East this week (q50 0.0 km²). Routine monitoring. (Aweil East maps ~505,028 cattle in baseline.)"
2017-02-20,Aweil North,0.0,0.069,0,dry season,0.0,0.0,463800.5038861725,"No flood expected in Aweil North this week (q50 0.0 km²). Routine monitoring. (Aweil North maps ~463,801 cattle in baseline.)"
2017-02-20,Aweil South,0.0,0.071,0,dry season,0.0,0.0,141256.8006910938,"No flood expected in Aweil South this week (q50 0.0 km²). Routine monitoring. (Aweil South maps ~141,257 cattle in baseline.)"
2017-02-20,Aweil West,0.0,0.084,0,dry season,0.0,0.0,318964.9515941321,"No flood expected in Aweil West this week (q50 0.0 km²). Routine monitoring. (Aweil West maps ~318,965 cattle in baseline.)"
2017-02-27,Aweil Centre,0.0,0.048,0,dry season,0.0,0.0,364961.8333817694,"No flood expected in Aweil Centre this week (q50 0.0 km²). Routine monitoring. (Aweil Centre maps ~364,962 cattle in baseline.)"
2017-02-27,Aweil East,0.0,0.046,0,dry season,0.0,0.0,505027.7802561831,"No flood expected in Aweil East this week (q50 0.0 km²). Routine monitoring. (Aweil East maps ~505,028 cattle in baseline.)"
2017-02-27,Aweil North,0.0,0.052,0,dry season,0.0,0.0,463800.5038861725,"No flood expected in Aweil North this week (q50 0.0 km²). Routine monitoring. (Aweil North maps ~463,801 cattle in baseline.)"
2017-02-27,Aweil South,0.0,0.056,0,dry season,0.0,0.0,141256.8006910938,"No flood expected in Aweil South this week (q50 0.0 km²). Routine monitoring. (Aweil South maps ~141,257 cattle in baseline.)"
2017-02-27,Aweil West,0.0,0.066,0,dry season,0.0,0.0,318964.9515941321,"No flood expected in Aweil West this week (q50 0.0 km²). Routine monitoring. (Aweil West maps ~318,965 cattle in baseline.)"
2017-03-06,Aweil Centre,0.0,0.056,0,early season (sowing),0.0,0.0,364961.8333817694,"No flood expected in Aweil Centre this week (q50 0.0 km²). Routine monitoring. (Aweil Centre maps ~364,962 cattle in baseline.)"
2017-03-06,Aweil East,0.0,0.053,0,early season (sowing),0.0,0.0,505027.7802561831,"No flood expected in Aweil East this week (q50 0.0 km²). Routine monitoring. (Aweil East maps ~505,028 cattle in baseline.)"
2017-03-06,Aweil North,0.0,0.056,0,early season (sowing),0.0,0.0,463800.5038861725,"No flood expected in Aweil North this week (q50 0.0 km²). Routine monitoring. (Aweil North maps ~463,801 cattle in baseline.)"
2017-03-06,Aweil South,0.0,0.063,0,early season (sowing),0.0,0.0,141256.8006910938,"No flood expected in Aweil South this week (q50 0.0 km²). Routine monitoring. (Aweil South maps ~141,257 cattle in baseline.)"
2017-03-06,Aweil West,0.0,0.07,0,early season (sowing),0.0,0.0,318964.9515941321,"No flood expected in Aweil West this week (q50 0.0 km²). Routine monitoring. (Aweil West maps ~318,965 cattle in baseline.)"
2017-03-13,Aweil Centre,0.0,0.058,0,early season (sowing),0.0,0.0,364961.8333817694,"No flood expected in Aweil Centre this week (q50 0.0 km²). Routine monitoring. (Aweil Centre maps ~364,962 cattle in baseline.)"
2017-03-13,Aweil East,0.0,0.052,0,early season (sowing),0.0,0.0,505027.7802561831,"No flood expected in Aweil East this week (q50 0.0 km²). Routine monitoring. (Aweil East maps ~505,028 cattle in baseline.)"
2017-03-13,Aweil North,0.0,0.055,0,early season (sowing),0.0,0.0,463800.5038861725,"No flood expected in Aweil North this week (q50 0.0 km²). Routine monitoring. (Aweil North maps ~463,801 cattle in baseline.)"
2017-03-13,Aweil South,0.0,0.062,0,early season (sowing),0.0,0.0,141256.8006910938,"No flood expected in Aweil South this week (q50 0.0 km²). Routine monitoring. (Aweil South maps ~141,257 cattle in baseline.)"
2017-03-13,Aweil West,0.0,0.069,0,early season (sowing),0.0,0.0,318964.9515941321,"No flood expected in Aweil West this week (q50 0.0 km²). Routine monitoring. (Aweil West maps ~318,965 cattle in baseline.)"
2017-03-20,Aweil Centre,0.0,0.058,0,early season (sowing),0.0,0.0,364961.8333817694,"No flood expected in Aweil Centre this week (q50 0.0 km²). Routine monitoring. (Aweil Centre maps ~364,962 cattle in baseline.)"
2017-03-20,Aweil East,0.0,0.051,0,early season (sowing),0.0,0.0,505027.7802561831,"No flood expected in Aweil East this week (q50 0.0 km²). Routine monitoring. (Aweil East maps ~505,028 cattle in baseline.)"
2017-03-20,Aweil North,0.0,0.054,0,early season (sowing),0.0,0.0,463800.5038861725,"No flood expected in Aweil North this week (q50 0.0 km²). Routine monitoring. (Aweil North maps ~463,801 cattle in baseline.)"
2017-03-20,Aweil South,0.0,0.059,0,early season (sowing),0.0,0.0,141256.8006910938,"No flood expected in Aweil South this week (q50 0.0 km²). Routine monitoring. (Aweil South maps ~141,257 cattle in baseline.)"
2017-03-20,Aweil West,0.0,0.066,0,early season (sowing),0.0,0.0,318964.9515941321,"No flood expected in Aweil West this week (q50 0.0 km²). Routine monitoring. (Aweil West maps ~318,965 cattle in baseline.)"
2017-03-27,Aweil Centre,0.0,0.043,0,early season (sowing),0.0,0.0,364961.8333817694,"No flood expected in Aweil Centre this week (q50 0.0 km²). Routine monitoring. (Aweil Centre maps ~364,962 cattle in baseline.)"
2017-03-27,Aweil East,0.0,0.035,0,early season (sowing),0.0,0.0,505027.7802561831,"No flood expected in Aweil East this week (q50 0.0 km²). Routine monitoring. (Aweil East maps ~505,028 cattle in baseline.)"
2017-03-27,Aweil North,0.0,0.033,0,early season (sowing),0.0,0.0,463800.5038861725,"No flood expected in Aweil North this week (q50 0.0 km²). Routine monitoring. (Aweil North maps ~463,801 cattle in baseline.)"
2017-03-27,Aweil South,0.0,0.039,0,early season (sowing),0.0,0.0,141256.8006910938,"No flood expected in Aweil South this week (q50 0.0 km²). Routine monitoring. (Aweil South maps ~141,257 cattle in baseline.)"
2017-03-27,Aweil West,0.0,0.041,0,early season (sowing),0.0,0.0,318964.9515941321,"No flood expected in Aweil West this week (q50 0.0 km²). Routine monitoring. (Aweil West maps ~318,965 cattle in baseline.)"
2017-04-03,Aweil Centre,0.0,0.051,0,crop establishment,0.0,0.0,364961.8333817694,"No flood expected in Aweil Centre this week (q50 0.0 km²). Routine monitoring. (Aweil Centre maps ~364,962 cattle in baseline.)"
2017-04-03,Aweil East,0.0,0.048,0,crop establishment,0.0,0.0,505027.7802561831,"No flood expected in Aweil East this week (q50 0.0 km²). Routine monitoring. (Aweil East maps ~505,028 cattle in baseline.)"
2017-04-03,Aweil North,0.0,0.033,0,crop establishment,0.0,0.0,463800.5038861725,"No flood expected in Aweil North this week (q50 0.0 km²). Routine monitoring. (Aweil North maps ~463,801 cattle in baseline.)"
2017-04-03,Aweil South,0.0,0.038,0,crop establishment,0.0,0.0,141256.8006910938,"No flood expected in Aweil South this week (q50 0.0 km²). Routine monitoring. (Aweil South maps ~141,257 cattle in baseline.)"
2017-04-03,Aweil West,0.0,0.039,0,crop establishment,0.0,0.0,318964.9515941321,"No flood expected in Aweil West this week (q50 0.0 km²). Routine monitoring. (Aweil West maps ~318,965 cattle in baseline.)"
2017-04-10,Aweil Centre,0.0,0.047,0,crop establishment,0.0,0.0,364961.8333817694,"No flood expected in Aweil Centre this week (q50 0.0 km²). Routine monitoring. (Aweil Centre maps ~364,962 cattle in baseline.)"
2017-04-10,Aweil East,0.0,0.051,0,crop establishment,0.0,0.0,505027.7802561831,"No flood expected in Aweil East this week (q50 0.0 km²). Routine monitoring. (Aweil East maps ~505,028 cattle in baseline.)"
2017-04-10,Aweil North,0.0,0.031,0,crop establishment,0.0,0.0,463800.5038861725,"No flood expected in Aweil North this week (q50 0.0 km²). Routine monitoring. (Aweil North maps ~463,801 cattle in baseline.)"
2017-04-10,Aweil South,0.0,0.035,0,crop establishment,0.0,0.0,141256.8006910938,"No flood expected in Aweil South this week (q50 0.0 km²). Routine monitoring. (Aweil South maps ~141,257 cattle in baseline.)"
2017-04-10,Aweil West,0.0,0.037,0,crop establishment,0.0,0.0,318964.9515941321,"No flood expected in Aweil West this week (q50 0.0 km²). Routine monitoring. (Aweil West maps ~318,965 cattle in baseline.)"
2017-04-17,Aweil Centre,0.0,0.028,0,crop establishment,0.0,0.0,364961.8333817694,"No flood expected in Aweil Centre this week (q50 0.0 km²). Routine monitoring. (Aweil Centre maps ~364,962 cattle in baseline.)"
2017-04-17,Aweil East,0.0,0.035,0,crop establishment,0.0,0.0,505027.7802561831,"No flood expected in Aweil East this week (q50 0.0 km²). Routine monitoring. (Aweil East maps ~505,028 cattle in baseline.)"
2017-04-17,Aweil North,0.0,0.019,0,crop establishment,0.0,0.0,463800.5038861725,"No flood expected in Aweil North this week (q50 0.0 km²). Routine monitoring. (Aweil North maps ~463,801 cattle in baseline.)"
2017-04-17,Aweil South,0.0,0.018,0,crop establishment,0.0,0.0,141256.8006910938,"No flood expected in Aweil South this week (q50 0.0 km²). Routine monitoring. (Aweil South maps ~141,257 cattle in baseline.)"
2017-04-17,Aweil West,0.0,0.018,0,crop establishment,0.0,0.0,318964.9515941321,"No flood expected in Aweil West this week (q50 0.0 km²). Routine monitoring. (Aweil West maps ~318,965 cattle in baseline.)"
2017-04-24,Aweil Centre,0.0,0.032,0,crop establishment,0.0,0.0,364961.8333817694,"No flood expected in Aweil Centre this week (q50 0.0 km²). Routine monitoring. (Aweil Centre maps ~364,962 cattle in baseline.)"
2017-04-24,Aweil East,0.0,0.039,0,crop establishment,0.0,0.0,505027.7802561831,"No flood expected in Aweil East this week (q50 0.0 km²). Routine monitoring. (Aweil East maps ~505,028 cattle in baseline.)"
2017-04-24,Aweil North,0.0,0.024,0,crop establishment,0.0,0.0,463800.5038861725,"No flood expected in Aweil North this week (q50 0.0 km²). Routine monitoring. (Aweil North maps ~463,801 cattle in baseline.)"
2017-04-24,Aweil South,0.0,0.025,0,crop establishment,0.0,0.0,141256.8006910938,"No flood expected in Aweil South this week (q50 0.0 km²). Routine monitoring. (Aweil South maps ~141,257 cattle in baseline.)"
2017-04-24,Aweil West,0.0,0.024,0,crop establishment,0.0,0.0,318964.9515941321,"No flood expected in Aweil West this week (q50 0.0 km²). Routine monitoring. (Aweil West maps ~318,965 cattle in baseline.)"
2017-05-01,Aweil Centre,0.0,0.03,0,vegetative growth,0.0,0.0,364961.8333817694,"No flood expected in Aweil Centre this week (q50 0.0 km²). Routine monitoring. (Aweil Centre maps ~364,962 cattle in baseline.)"
2017-05-01,Aweil East,0.0,0.034,0,vegetative growth,0.0,0.0,505027.7802561831,"No flood expected in Aweil East this week (q50 0.0 km²). Routine monitoring. (Aweil East maps ~505,028 cattle in baseline.)"
2017-05-01,Aweil North,0.0,0.026,0,vegetative growth,0.0,0.0,463800.5038861725,"No flood expected in Aweil North this week (q50 0.0 km²). Routine monitoring. (Aweil North maps ~463,801 cattle in baseline.)"
2017-05-01,Aweil South,0.0,0.027,0,vegetative growth,0.0,0.0,141256.8006910938,"No flood expected in Aweil South this week (q50 0.0 km²). Routine monitoring. (Aweil South maps ~141,257 cattle in baseline.)"
2017-05-01,Aweil West,0.0,0.025,0,vegetative growth,0.0,0.0,318964.9515941321,"No flood expected in Aweil West this week (q50 0.0 km²). Routine monitoring. (Aweil West maps ~318,965 cattle in baseline.)"
2017-05-08,Aweil Centre,0.0,0.024,0,vegetative growth,0.0,0.0,364961.8333817694,"No flood expected in Aweil Centre this week (q50 0.0 km²). Routine monitoring. (Aweil Centre maps ~364,962 cattle in baseline.)"
2017-05-08,Aweil East,0.0,0.023,0,vegetative growth,0.0,0.0,505027.7802561831,"No flood expected in Aweil East this week (q50 0.0 km²). Routine monitoring. (Aweil East maps ~505,028 cattle in baseline.)"
2017-05-08,Aweil North,0.0,0.019,0,vegetative growth,0.0,0.0,463800.5038861725,"No flood expected in Aweil North this week (q50 0.0 km²). Routine monitoring. (Aweil North maps ~463,801 cattle in baseline.)"
2017-05-08,Aweil South,0.0,0.019,0,vegetative growth,0.0,0.0,141256.8006910938,"No flood expected in Aweil South this week (q50 0.0 km²). Routine monitoring. (Aweil South maps ~141,257 cattle in baseline.)"
2017-05-08,Aweil West,0.0,0.019,0,vegetative growth,0.0,0.0,318964.9515941321,"No flood expected in Aweil West this week (q50 0.0 km²). Routine monitoring. (Aweil West maps ~318,965 cattle in baseline.)"
2017-05-15,Aweil Centre,0.0,0.013,0,vegetative growth,0.0,0.0,364961.8333817694,"No flood expected in Aweil Centre this week (q50 0.0 km²). Routine monitoring. (Aweil Centre maps ~364,962 cattle in baseline.)"
2017-05-15,Aweil East,0.0,0.014,0,vegetative growth,0.0,0.0,505027.7802561831,"No flood expected in Aweil East this week (q50 0.0 km²). Routine monitoring. (Aweil East maps ~505,028 cattle in baseline.)"
2017-05-15,Aweil North,0.0,0.014,0,vegetative growth,0.0,0.0,463800.5038861725,"No flood expected in Aweil North this week (q50 0.0 km²). Routine monitoring. (Aweil North maps ~463,801 cattle in baseline.)"
2017-05-15,Aweil South,0.0,0.015,0,vegetative growth,0.0,0.0,141256.8006910938,"No flood expected in Aweil South this week (q50 0.0 km²). Routine monitoring. (Aweil South maps ~141,257 cattle in baseline.)"
2017-05-15,Aweil West,0.0,0.014,0,vegetative growth,0.0,0.0,318964.9515941321,"No flood expected in Aweil West this week (q50 0.0 km²). Routine monitoring. (Aweil West maps ~318,965 cattle in baseline.)"
2017-05-22,Aweil Centre,0.0,0.015,0,vegetative growth,0.0,0.0,364961.8333817694,"No flood expected in Aweil Centre this week (q50 0.0 km²). Routine monitoring. (Aweil Centre maps ~364,962 cattle in baseline.)"
2017-05-22,Aweil East,0.0,0.016,0,vegetative growth,0.0,0.0,505027.7802561831,"No flood expected in Aweil East this week (q50 0.0 km²). Routine monitoring. (Aweil East maps ~505,028 cattle in baseline.)"
2017-05-22,Aweil North,0.0,0.013,0,vegetative growth,0.0,0.0,463800.5038861725,"No flood expected in Aweil North this week (q50 0.0 km²). Routine monitoring. (Aweil North maps ~463,801 cattle in baseline.)"
2017-05-22,Aweil South,0.0,0.014,0,vegetative growth,0.0,0.0,141256.8006910938,"No flood expected in Aweil South this week (q50 0.0 km²). Routine monitoring. (Aweil South maps ~141,257 cattle in baseline.)"
2017-05-22,Aweil West,0.0,0.013,0,vegetative growth,0.0,0.0,318964.9515941321,"No flood expected in Aweil West this week (q50 0.0 km²). Routine monitoring. (Aweil West maps ~318,965 cattle in baseline.)"
2017-05-29,Aweil Centre,0.0,0.018,0,vegetative growth,0.0,0.0,364961.8333817694,"No flood expected in Aweil Centre this week (q50 0.0 km²). Routine monitoring. (Aweil Centre maps ~364,962 cattle in baseline.)"
2017-05-29,Aweil East,0.0,0.021,0,vegetative growth,0.0,0.0,505027.7802561831,"No flood expected in Aweil East this week (q50 0.0 km²). Routine monitoring. (Aweil East maps ~505,028 cattle in baseline.)"
2017-05-29,Aweil North,0.0,0.018,0,vegetative growth,0.0,0.0,463800.5038861725,"No flood expected in Aweil North this week (q50 0.0 km²). Routine monitoring. (Aweil North maps ~463,801 cattle in baseline.)"
2017-05-29,Aweil South,0.0,0.017,0,vegetative growth,0.0,0.0,141256.8006910938,"No flood expected in Aweil South this week (q50 0.0 km²). Routine monitoring. (Aweil South maps ~141,257 cattle in baseline.)"
2017-05-29,Aweil West,0.02,0.153,3,vegetative growth,0.0,0.0,318964.9515941321,"SEVERE flood expected in Aweil West this week: q50 0.0 km², above the 95th percentile of all May weeks since 2000. Vegetative growth: crops are at peak water demand — short flooding can be tolerated, sustained submergence is not. (Aweil West maps ~318,965 cattle in baseline.)"
2017-06-05,Aweil Centre,0.0,0.013,0,vegetative growth (peak),0.0,0.0,364961.8333817694,"No flood expected in Aweil Centre this week (q50 0.0 km²). Routine monitoring. (Aweil Centre maps ~364,962 cattle in baseline.)"
2017-06-05,Aweil East,0.0,0.014,0,vegetative growth (peak),0.0,0.0,505027.7802561831,"No flood expected in Aweil East this week (q50 0.0 km²). Routine monitoring. (Aweil East maps ~505,028 cattle in baseline.)"
2017-06-05,Aweil North,0.0,0.012,0,vegetative growth (peak),0.0,0.0,463800.5038861725,"No flood expected in Aweil North this week (q50 0.0 km²). Routine monitoring. (Aweil North maps ~463,801 cattle in baseline.)"
2017-06-05,Aweil South,0.0,0.012,0,vegetative growth (peak),0.0,0.0,141256.8006910938,"No flood expected in Aweil South this week (q50 0.0 km²). Routine monitoring. (Aweil South maps ~141,257 cattle in baseline.)"
2017-06-05,Aweil West,0.0,0.088,0,vegetative growth (peak),0.0,0.0,318964.9515941321,"No flood expected in Aweil West this week (q50 0.0 km²). Routine monitoring. (Aweil West maps ~318,965 cattle in baseline.)"
2017-06-12,Aweil Centre,0.0,0.015,0,vegetative growth (peak),0.0,0.0,364961.8333817694,"No flood expected in Aweil Centre this week (q50 0.0 km²). Routine monitoring. (Aweil Centre maps ~364,962 cattle in baseline.)"
2017-06-12,Aweil East,0.0,0.016,0,vegetative growth (peak),0.0,0.0,505027.7802561831,"No flood expected in Aweil East this week (q50 0.0 km²). Routine monitoring. (Aweil East maps ~505,028 cattle in baseline.)"
2017-06-12,Aweil North,0.0,0.014,0,vegetative growth (peak),0.0,0.0,463800.5038861725,"No flood expected in Aweil North this week (q50 0.0 km²). Routine monitoring. (Aweil North maps ~463,801 cattle in baseline.)"
2017-06-12,Aweil South,0.0,0.013,0,vegetative growth (peak),0.0,0.0,141256.8006910938,"No flood expected in Aweil South this week (q50 0.0 km²). Routine monitoring. (Aweil South maps ~141,257 cattle in baseline.)"
2017-06-12,Aweil West,0.0,0.138,0,vegetative growth (peak),0.0,0.0,318964.9515941321,"No flood expected in Aweil West this week (q50 0.0 km²). Routine monitoring. (Aweil West maps ~318,965 cattle in baseline.)"
2017-06-19,Aweil Centre,0.0,0.017,0,vegetative growth (peak),0.0,0.0,364961.8333817694,"No flood expected in Aweil Centre this week (q50 0.0 km²). Routine monitoring. (Aweil Centre maps ~364,962 cattle in baseline.)"
2017-06-19,Aweil East,0.0,0.018,0,vegetative growth (peak),0.0,0.0,505027.7802561831,"No flood expected in Aweil East this week (q50 0.0 km²). Routine monitoring. (Aweil East maps ~505,028 cattle in baseline.)"
2017-06-19,Aweil North,0.0,0.016,0,vegetative growth (peak),0.0,0.0,463800.5038861725,"No flood expected in Aweil North this week (q50 0.0 km²). Routine monitoring. (Aweil North maps ~463,801 cattle in baseline.)"
2017-06-19,Aweil South,0.0,0.015,0,vegetative growth (peak),0.0,0.0,141256.8006910938,"No flood expected in Aweil South this week (q50 0.0 km²). Routine monitoring. (Aweil South maps ~141,257 cattle in baseline.)"
2017-06-19,Aweil West,0.0,0.046,0,vegetative growth (peak),0.0,0.0,318964.9515941321,"No flood expected in Aweil West this week (q50 0.0 km²). Routine monitoring. (Aweil West maps ~318,965 cattle in baseline.)"
2017-06-26,Aweil Centre,0.0,0.025,0,vegetative growth (peak),0.0,0.0,364961.8333817694,"No flood expected in Aweil Centre this week (q50 0.0 km²). Routine monitoring. (Aweil Centre maps ~364,962 cattle in baseline.)"
2017-06-26,Aweil East,0.0,0.025,0,vegetative growth (peak),0.0,0.0,505027.7802561831,"No flood expected in Aweil East this week (q50 0.0 km²). Routine monitoring. (Aweil East maps ~505,028 cattle in baseline.)"
2017-06-26,Aweil North,0.0,0.022,0,vegetative growth (peak),0.0,0.0,463800.5038861725,"No flood expected in Aweil North this week (q50 0.0 km²). Routine monitoring. (Aweil North maps ~463,801 cattle in baseline.)"
2017-06-26,Aweil South,0.0,0.02,0,vegetative growth (peak),0.0,0.0,141256.8006910938,"No flood expected in Aweil South this week (q50 0.0 km²). Routine monitoring. (Aweil South maps ~141,257 cattle in baseline.)"
2017-06-26,Aweil West,0.0,0.029,0,vegetative growth (peak),0.0,0.0,318964.9515941321,"No flood expected in Aweil West this week (q50 0.0 km²). Routine monitoring. (Aweil West maps ~318,965 cattle in baseline.)"
2017-07-03,Aweil Centre,0.0,0.014,0,vegetative growth (peak),0.0,0.0,364961.8333817694,"No flood expected in Aweil Centre this week (q50 0.0 km²). Routine monitoring. (Aweil Centre maps ~364,962 cattle in baseline.)"
2017-07-03,Aweil East,0.0,0.014,0,vegetative growth (peak),0.0,0.0,505027.7802561831,"No flood expected in Aweil East this week (q50 0.0 km²). Routine monitoring. (Aweil East maps ~505,028 cattle in baseline.)"
2017-07-03,Aweil North,0.0,0.015,0,vegetative growth (peak),0.0,0.0,463800.5038861725,"No flood expected in Aweil North this week (q50 0.0 km²). Routine monitoring. (Aweil North maps ~463,801 cattle in baseline.)"
2017-07-03,Aweil South,0.0,0.014,0,vegetative growth (peak),0.0,0.0,141256.8006910938,"No flood expected in Aweil South this week (q50 0.0 km²). Routine monitoring. (Aweil South maps ~141,257 cattle in baseline.)"
2017-07-03,Aweil West,0.0,0.015,0,vegetative growth (peak),0.0,0.0,318964.9515941321,"No flood expected in Aweil West this week (q50 0.0 km²). Routine monitoring. (Aweil West maps ~318,965 cattle in baseline.)"
2017-07-10,Aweil Centre,0.0,0.014,0,vegetative growth (peak),0.0,0.0,364961.8333817694,"No flood expected in Aweil Centre this week (q50 0.0 km²). Routine monitoring. (Aweil Centre maps ~364,962 cattle in baseline.)"
2017-07-10,Aweil East,0.0,0.013,0,vegetative growth (peak),0.0,0.0,505027.7802561831,"No flood expected in Aweil East this week (q50 0.0 km²). Routine monitoring. (Aweil East maps ~505,028 cattle in baseline.)"
2017-07-10,Aweil North,0.0,0.014,0,vegetative growth (peak),0.0,0.0,463800.5038861725,"No flood expected in Aweil North this week (q50 0.0 km²). Routine monitoring. (Aweil North maps ~463,801 cattle in baseline.)"
2017-07-10,Aweil South,0.0,0.012,0,vegetative growth (peak),0.0,0.0,141256.8006910938,"No flood expected in Aweil South this week (q50 0.0 km²). Routine monitoring. (Aweil South maps ~141,257 cattle in baseline.)"
2017-07-10,Aweil West,0.0,0.013,0,vegetative growth (peak),0.0,0.0,318964.9515941321,"No flood expected in Aweil West this week (q50 0.0 km²). Routine monitoring. (Aweil West maps ~318,965 cattle in baseline.)"
2017-07-17,Aweil Centre,0.0,0.015,0,vegetative growth (peak),0.0,0.0,364961.8333817694,"No flood expected in Aweil Centre this week (q50 0.0 km²). Routine monitoring. (Aweil Centre maps ~364,962 cattle in baseline.)"
2017-07-17,Aweil East,0.0,0.017,0,vegetative growth (peak),0.0,0.0,505027.7802561831,"No flood expected in Aweil East this week (q50 0.0 km²). Routine monitoring. (Aweil East maps ~505,028 cattle in baseline.)"
2017-07-17,Aweil North,0.0,0.013,0,vegetative growth (peak),0.0,0.0,463800.5038861725,"No flood expected in Aweil North this week (q50 0.0 km²). Routine monitoring. (Aweil North maps ~463,801 cattle in baseline.)"
2017-07-17,Aweil South,0.0,0.013,0,vegetative growth (peak),0.0,0.0,141256.8006910938,"No flood expected in Aweil South this week (q50 0.0 km²). Routine monitoring. (Aweil South maps ~141,257 cattle in baseline.)"
2017-07-17,Aweil West,0.0,0.014,0,vegetative growth (peak),0.0,0.0,318964.9515941321,"No flood expected in Aweil West this week (q50 0.0 km²). Routine monitoring. (Aweil West maps ~318,965 cattle in baseline.)"
2017-07-24,Aweil Centre,0.0,0.038,0,vegetative growth (peak),0.0,0.0,364961.8333817694,"No flood expected in Aweil Centre this week (q50 0.0 km²). Routine monitoring. (Aweil Centre maps ~364,962 cattle in baseline.)"
2017-07-24,Aweil East,0.0,0.037,0,vegetative growth (peak),0.0,0.0,505027.7802561831,"No flood expected in Aweil East this week (q50 0.0 km²). Routine monitoring. (Aweil East maps ~505,028 cattle in baseline.)"
2017-07-24,Aweil North,0.0,0.033,0,vegetative growth (peak),0.0,0.0,463800.5038861725,"No flood expected in Aweil North this week (q50 0.0 km²). Routine monitoring. (Aweil North maps ~463,801 cattle in baseline.)"
2017-07-24,Aweil South,0.0,0.034,0,vegetative growth (peak),0.0,0.0,141256.8006910938,"No flood expected in Aweil South this week (q50 0.0 km²). Routine monitoring. (Aweil South maps ~141,257 cattle in baseline.)"
2017-07-24,Aweil West,0.0,0.039,0,vegetative growth (peak),0.0,0.0,318964.9515941321,"No flood expected in Aweil West this week (q50 0.0 km²). Routine monitoring. (Aweil West maps ~318,965 cattle in baseline.)"
2017-07-31,Aweil Centre,0.0,0.033,0,vegetative growth (peak),0.0,0.0,364961.8333817694,"No flood expected in Aweil Centre this week (q50 0.0 km²). Routine monitoring. (Aweil Centre maps ~364,962 cattle in baseline.)"
2017-07-31,Aweil East,0.0,0.036,0,vegetative growth (peak),0.0,0.0,505027.7802561831,"No flood expected in Aweil East this week (q50 0.0 km²). Routine monitoring. (Aweil East maps ~505,028 cattle in baseline.)"
2017-07-31,Aweil North,0.0,0.031,0,vegetative growth (peak),0.0,0.0,463800.5038861725,"No flood expected in Aweil North this week (q50 0.0 km²). Routine monitoring. (Aweil North maps ~463,801 cattle in baseline.)"
2017-07-31,Aweil South,0.0,0.037,0,vegetative growth (peak),0.0,0.0,141256.8006910938,"No flood expected in Aweil South this week (q50 0.0 km²). Routine monitoring. (Aweil South maps ~141,257 cattle in baseline.)"
2017-07-31,Aweil West,0.0,0.045,0,vegetative growth (peak),0.0,0.0,318964.9515941321,"No flood expected in Aweil West this week (q50 0.0 km²). Routine monitoring. (Aweil West maps ~318,965 cattle in baseline.)"
2017-08-07,Aweil Centre,0.0,0.23,0,maturation,0.0,0.0,364961.8333817694,"No flood expected in Aweil Centre this week (q50 0.0 km²). Routine monitoring. (Aweil Centre maps ~364,962 cattle in baseline.)"
2017-08-07,Aweil East,0.01,0.358,0,maturation,0.0,0.0,505027.7802561831,"No flood expected in Aweil East this week (q50 0.0 km²). Routine monitoring. (Aweil East maps ~505,028 cattle in baseline.)"
2017-08-07,Aweil North,0.0,0.065,0,maturation,0.0,0.0,463800.5038861725,"No flood expected in Aweil North this week (q50 0.0 km²). Routine monitoring. (Aweil North maps ~463,801 cattle in baseline.)"
2017-08-07,Aweil South,0.0,0.09,0,maturation,0.0,0.0,141256.8006910938,"No flood expected in Aweil South this week (q50 0.0 km²). Routine monitoring. (Aweil South maps ~141,257 cattle in baseline.)"
2017-08-07,Aweil West,0.0,0.109,0,maturation,0.0,0.0,318964.9515941321,"No flood expected in Aweil West this week (q50 0.0 km²). Routine monitoring. (Aweil West maps ~318,965 cattle in baseline.)"
2017-08-14,Aweil Centre,0.0,0.172,0,maturation,0.0,0.0,364961.8333817694,"No flood expected in Aweil Centre this week (q50 0.0 km²). Routine monitoring. (Aweil Centre maps ~364,962 cattle in baseline.)"
2017-08-14,Aweil East,0.0,0.275,0,maturation,0.0,0.0,505027.7802561831,"No flood expected in Aweil East this week (q50 0.0 km²). Routine monitoring. (Aweil East maps ~505,028 cattle in baseline.)"
2017-08-14,Aweil North,0.0,0.093,0,maturation,0.0,0.0,463800.5038861725,"No flood expected in Aweil North this week (q50 0.0 km²). Routine monitoring. (Aweil North maps ~463,801 cattle in baseline.)"
2017-08-14,Aweil South,0.0,0.141,0,maturation,0.0,0.0,141256.8006910938,"No flood expected in Aweil South this week (q50 0.0 km²). Routine monitoring. (Aweil South maps ~141,257 cattle in baseline.)"
2017-08-14,Aweil West,0.0,0.161,0,maturation,0.0,0.0,318964.9515941321,"No flood expected in Aweil West this week (q50 0.0 km²). Routine monitoring. (Aweil West maps ~318,965 cattle in baseline.)"
2017-08-21,Aweil Centre,0.0,0.13,0,maturation,0.0,0.0,364961.8333817694,"No flood expected in Aweil Centre this week (q50 0.0 km²). Routine monitoring. (Aweil Centre maps ~364,962 cattle in baseline.)"
2017-08-21,Aweil East,0.0,0.181,0,maturation,0.0,0.0,505027.7802561831,"No flood expected in Aweil East this week (q50 0.0 km²). Routine monitoring. (Aweil East maps ~505,028 cattle in baseline.)"
2017-08-21,Aweil North,0.0,0.061,0,maturation,0.0,0.0,463800.5038861725,"No flood expected in Aweil North this week (q50 0.0 km²). Routine monitoring. (Aweil North maps ~463,801 cattle in baseline.)"
2017-08-21,Aweil South,0.0,0.068,0,maturation,0.0,0.0,141256.8006910938,"No flood expected in Aweil South this week (q50 0.0 km²). Routine monitoring. (Aweil South maps ~141,257 cattle in baseline.)"
2017-08-21,Aweil West,0.0,0.082,0,maturation,0.0,0.0,318964.9515941321,"No flood expected in Aweil West this week (q50 0.0 km²). Routine monitoring. (Aweil West maps ~318,965 cattle in baseline.)"
2017-08-28,Aweil Centre,0.0,0.228,0,maturation,0.0,0.0,364961.8333817694,"No flood expected in Aweil Centre this week (q50 0.0 km²). Routine monitoring. (Aweil Centre maps ~364,962 cattle in baseline.)"
2017-08-28,Aweil East,0.0,0.338,0,maturation,0.0,0.0,505027.7802561831,"No flood expected in Aweil East this week (q50 0.0 km²). Routine monitoring. (Aweil East maps ~505,028 cattle in baseline.)"
2017-08-28,Aweil North,0.0,0.08,0,maturation,0.0,0.0,463800.5038861725,"No flood expected in Aweil North this week (q50 0.0 km²). Routine monitoring. (Aweil North maps ~463,801 cattle in baseline.)"
2017-08-28,Aweil South,0.0,0.133,0,maturation,0.0,0.0,141256.8006910938,"No flood expected in Aweil South this week (q50 0.0 km²). Routine monitoring. (Aweil South maps ~141,257 cattle in baseline.)"
2017-08-28,Aweil West,0.0,0.166,0,maturation,0.0,0.0,318964.9515941321,"No flood expected in Aweil West this week (q50 0.0 km²). Routine monitoring. (Aweil West maps ~318,965 cattle in baseline.)"
2017-09-04,Aweil Centre,0.0,0.431,0,maturation / grain filling,0.0,0.0,364961.8333817694,"No flood expected in Aweil Centre this week (q50 0.0 km²). Routine monitoring. (Aweil Centre maps ~364,962 cattle in baseline.)"
2017-09-04,Aweil East,0.0,0.529,0,maturation / grain filling,0.0,0.0,505027.7802561831,"SEVERE flood expected in Aweil East this week: q50 0.0 km², above the 95th percentile of all September weeks since 2000. (Aweil East maps ~505,028 cattle in baseline.)"
2017-09-04,Aweil North,0.0,0.178,0,maturation / grain filling,0.0,0.0,463800.5038861725,"No flood expected in Aweil North this week (q50 0.0 km²). Routine monitoring. (Aweil North maps ~463,801 cattle in baseline.)"
2017-09-04,Aweil South,0.0,0.249,0,maturation / grain filling,0.0,0.4,141256.8006910938,"No flood expected in Aweil South this week (q50 0.0 km²). Routine monitoring. (Aweil South maps ~141,257 cattle in baseline.)"
2017-09-04,Aweil West,0.0,0.333,0,maturation / grain filling,0.0,0.3,318964.9515941321,"No flood expected in Aweil West this week (q50 0.0 km²). Routine monitoring. (Aweil West maps ~318,965 cattle in baseline.)"
2017-09-11,Aweil Centre,0.0,0.1,0,maturation / grain filling,0.0,0.0,364961.8333817694,"No flood expected in Aweil Centre this week (q50 0.0 km²). Routine monitoring. (Aweil Centre maps ~364,962 cattle in baseline.)"
2017-09-11,Aweil East,0.0,0.171,0,maturation / grain filling,0.0,0.0,505027.7802561831,"No flood expected in Aweil East this week (q50 0.0 km²). Routine monitoring. (Aweil East maps ~505,028 cattle in baseline.)"
2017-09-11,Aweil North,0.0,0.054,0,maturation / grain filling,0.0,0.0,463800.5038861725,"No flood expected in Aweil North this week (q50 0.0 km²). Routine monitoring. (Aweil North maps ~463,801 cattle in baseline.)"
2017-09-11,Aweil South,0.0,0.074,0,maturation / grain filling,0.0,0.0,141256.8006910938,"No flood expected in Aweil South this week (q50 0.0 km²). Routine monitoring. (Aweil South maps ~141,257 cattle in baseline.)"
2017-09-11,Aweil West,0.0,0.117,0,maturation / grain filling,0.0,0.0,318964.9515941321,"No flood expected in Aweil West this week (q50 0.0 km²). Routine monitoring. (Aweil West maps ~318,965 cattle in baseline.)"
2017-09-18,Aweil Centre,0.0,0.251,0,maturation / grain filling,0.0,0.0,364961.8333817694,"No flood expected in Aweil Centre this week (q50 0.0 km²). Routine monitoring. (Aweil Centre maps ~364,962 cattle in baseline.)"
2017-09-18,Aweil East,0.0,0.364,0,maturation / grain filling,0.0,0.0,505027.7802561831,"No flood expected in Aweil East this week (q50 0.0 km²). Routine monitoring. (Aweil East maps ~505,028 cattle in baseline.)"
2017-09-18,Aweil North,0.0,0.145,0,maturation / grain filling,0.0,0.0,463800.5038861725,"No flood expected in Aweil North this week (q50 0.0 km²). Routine monitoring. (Aweil North maps ~463,801 cattle in baseline.)"
2017-09-18,Aweil South,0.0,0.213,0,maturation / grain filling,0.0,0.0,141256.8006910938,"No flood expected in Aweil South this week (q50 0.0 km²). Routine monitoring. (Aweil South maps ~141,257 cattle in baseline.)"
2017-09-18,Aweil West,0.0,0.285,0,maturation / grain filling,0.0,0.0,318964.9515941321,"No flood expected in Aweil West this week (q50 0.0 km²). Routine monitoring. (Aweil West maps ~318,965 cattle in baseline.)"
2017-09-25,Aweil Centre,0.0,0.189,0,maturation / grain filling,0.0,0.0,364961.8333817694,"No flood expected in Aweil Centre this week (q50 0.0 km²). Routine monitoring. (Aweil Centre maps ~364,962 cattle in baseline.)"
2017-09-25,Aweil East,0.0,0.315,0,maturation / grain filling,0.0,0.0,505027.7802561831,"No flood expected in Aweil East this week (q50 0.0 km²). Routine monitoring. (Aweil East maps ~505,028 cattle in baseline.)"
2017-09-25,Aweil North,0.0,0.102,0,maturation / grain filling,0.0,0.5,463800.5038861725,"No flood expected in Aweil North this week (q50 0.0 km²). Routine monitoring. (Aweil North maps ~463,801 cattle in baseline.)"
2017-09-25,Aweil South,0.0,0.129,0,maturation / grain filling,0.0,0.4,141256.8006910938,"No flood expected in Aweil South this week (q50 0.0 km²). Routine monitoring. (Aweil South maps ~141,257 cattle in baseline.)"
2017-09-25,Aweil West,0.0,0.143,0,maturation / grain filling,0.0,0.3,318964.9515941321,"No flood expected in Aweil West this week (q50 0.0 km²). Routine monitoring. (Aweil West maps ~318,965 cattle in baseline.)"
2017-10-02,Aweil Centre,0.0,0.213,0,harvest,0.0,0.0,364961.8333817694,"No flood expected in Aweil Centre this week (q50 0.0 km²). Routine monitoring. (Aweil Centre maps ~364,962 cattle in baseline.)"
2017-10-02,Aweil East,0.23,0.817,0,harvest,2.5,29.1,505027.7802561831,"SEVERE flood expected in Aweil East this week: q50 0.2 km², above the 95th percentile of all October weeks since 2000. Approx. 3 ha of mapped crops in the Aweil East floodplain are at risk. Approx. 29 ha of rangeland at risk; plan early herd movement. (Aweil East maps ~505,028 cattle in baseline.)"
2017-10-02,Aweil North,0.0,0.121,0,harvest,0.1,1.7,463800.5038861725,"No flood expected in Aweil North this week (q50 0.0 km²). Routine monitoring. Approx. 2 ha of rangeland at risk; plan early herd movement. (Aweil North maps ~463,801 cattle in baseline.)"
2017-10-02,Aweil South,0.0,0.153,0,harvest,0.0,0.5,141256.8006910938,"No flood expected in Aweil South this week (q50 0.0 km²). Routine monitoring. (Aweil South maps ~141,257 cattle in baseline.)"
2017-10-02,Aweil West,0.0,0.163,0,harvest,0.0,0.7,318964.9515941321,"No flood expected in Aweil West this week (q50 0.0 km²). Routine monitoring. (Aweil West maps ~318,965 cattle in baseline.)"
2017-10-09,Aweil Centre,0.0,0.306,0,harvest,0.0,0.1,364961.8333817694,"No flood expected in Aweil Centre this week (q50 0.0 km²). Routine monitoring. (Aweil Centre maps ~364,962 cattle in baseline.)"
2017-10-09,Aweil East,1.12,0.869,0,harvest,12.4,143.1,505027.7802561831,"SEVERE flood expected in Aweil East this week: q50 1.1 km², above the 95th percentile of all October weeks since 2000. Approx. 12 ha of mapped crops in the Aweil East floodplain are at risk. Approx. 143 ha of rangeland at risk; plan early herd movement. (Aweil East maps ~505,028 cattle in baseline.)"
2017-10-09,Aweil North,0.0,0.168,0,harvest,0.1,2.4,463800.5038861725,"No flood expected in Aweil North this week (q50 0.0 km²). Routine monitoring. Approx. 2 ha of rangeland at risk; plan early herd movement. (Aweil North maps ~463,801 cattle in baseline.)"
2017-10-09,Aweil South,0.0,0.179,0,harvest,0.0,0.8,141256.8006910938,"No flood expected in Aweil South this week (q50 0.0 km²). Routine monitoring. (Aweil South maps ~141,257 cattle in baseline.)"
2017-10-09,Aweil West,0.0,0.194,0,harvest,0.0,1.0,318964.9515941321,"No flood expected in Aweil West this week (q50 0.0 km²). Routine monitoring. (Aweil West maps ~318,965 cattle in baseline.)"
2017-10-16,Aweil Centre,0.0,0.259,0,harvest,0.0,0.1,364961.8333817694,"No flood expected in Aweil Centre this week (q50 0.0 km²). Routine monitoring. (Aweil Centre maps ~364,962 cattle in baseline.)"
2017-10-16,Aweil East,0.13,0.689,0,harvest,1.4,16.6,505027.7802561831,"SEVERE flood expected in Aweil East this week: q50 0.1 km², above the 95th percentile of all October weeks since 2000. Approx. 1 ha of mapped crops in the Aweil East floodplain are at risk. Approx. 17 ha of rangeland at risk; plan early herd movement. (Aweil East maps ~505,028 cattle in baseline.)"
2017-10-16,Aweil North,0.0,0.131,0,harvest,0.0,0.8,463800.5038861725,"No flood expected in Aweil North this week (q50 0.0 km²). Routine monitoring. (Aweil North maps ~463,801 cattle in baseline.)"
2017-10-16,Aweil South,0.0,0.122,0,harvest,0.0,0.3,141256.8006910938,"No flood expected in Aweil South this week (q50 0.0 km²). Routine monitoring. (Aweil South maps ~141,257 cattle in baseline.)"
2017-10-16,Aweil West,0.0,0.12,0,harvest,0.0,0.3,318964.9515941321,"No flood expected in Aweil West this week (q50 0.0 km²). Routine monitoring. (Aweil West maps ~318,965 cattle in baseline.)"
2017-10-23,Aweil Centre,0.19,0.707,0,harvest,0.0,8.3,364961.8333817694,"SEVERE flood expected in Aweil Centre this week: q50 0.2 km², above the 95th percentile of all October weeks since 2000. Approx. 8 ha of rangeland at risk; plan early herd movement. (Aweil Centre maps ~364,962 cattle in baseline.)"
2017-10-23,Aweil East,1.46,0.938,0,harvest,16.3,187.5,505027.7802561831,"SEVERE flood expected in Aweil East this week: q50 1.5 km², above the 95th percentile of all October weeks since 2000. Approx. 16 ha of mapped crops in the Aweil East floodplain are at risk. Approx. 187 ha of rangeland at risk; plan early herd movement. (Aweil East maps ~505,028 cattle in baseline.)"
2017-10-23,Aweil North,0.0,0.137,0,harvest,0.0,0.0,463800.5038861725,"No flood expected in Aweil North this week (q50 0.0 km²). Routine monitoring. (Aweil North maps ~463,801 cattle in baseline.)"
2017-10-23,Aweil South,0.19,0.715,0,harvest,4.2,66.4,141256.8006910938,"SEVERE flood expected in Aweil South this week: q50 0.2 km², above the 95th percentile of all October weeks since 2000. Approx. 4 ha of mapped crops in the Aweil South floodplain are at risk. Approx. 66 ha of rangeland at risk; plan early herd movement. (Aweil South maps ~141,257 cattle in baseline.)"
2017-10-23,Aweil West,0.0,0.122,0,harvest,0.0,0.0,318964.9515941321,"No flood expected in Aweil West this week (q50 0.0 km²). Routine monitoring. (Aweil West maps ~318,965 cattle in baseline.)"
2017-10-30,Aweil Centre,0.01,0.305,0,harvest,0.0,0.5,364961.8333817694,"No flood expected in Aweil Centre this week (q50 0.0 km²). Routine monitoring. (Aweil Centre maps ~364,962 cattle in baseline.)"
2017-10-30,Aweil East,0.1,0.513,0,harvest,1.2,13.2,505027.7802561831,"SEVERE flood expected in Aweil East this week: q50 0.1 km², above the 95th percentile of all October weeks since 2000. Approx. 1 ha of mapped crops in the Aweil East floodplain are at risk. Approx. 13 ha of rangeland at risk; plan early herd movement. (Aweil East maps ~505,028 cattle in baseline.)"
2017-10-30,Aweil North,0.0,0.061,0,harvest,0.0,0.0,463800.5038861725,"No flood expected in Aweil North this week (q50 0.0 km²). Routine monitoring. (Aweil North maps ~463,801 cattle in baseline.)"
2017-10-30,Aweil South,0.32,0.742,0,harvest,7.1,111.9,141256.8006910938,"SEVERE flood expected in Aweil South this week: q50 0.3 km², above the 95th percentile of all October weeks since 2000. Approx. 7 ha of mapped crops in the Aweil South floodplain are at risk. Approx. 112 ha of rangeland at risk; plan early herd movement. (Aweil South maps ~141,257 cattle in baseline.)"
2017-10-30,Aweil West,0.1,0.265,0,harvest,0.9,44.1,318964.9515941321,"No flood expected in Aweil West this week (q50 0.1 km²). Routine monitoring. Approx. 44 ha of rangeland at risk; plan early herd movement. (Aweil West maps ~318,965 cattle in baseline.)"
2017-11-06,Aweil Centre,0.01,0.284,0,harvest / drying,0.0,1.1,364961.8333817694,"No flood expected in Aweil Centre this week (q50 0.0 km²). Routine monitoring. Approx. 1 ha of rangeland at risk; plan early herd movement. (Aweil Centre maps ~364,962 cattle in baseline.)"
2017-11-06,Aweil East,0.39,0.787,0,harvest / drying,6.6,85.9,505027.7802561831,"SEVERE flood expected in Aweil East this week: q50 0.4 km², above the 95th percentile of all November weeks since 2000. Approx. 7 ha of mapped crops in the Aweil East floodplain are at risk. Approx. 86 ha of rangeland at risk; plan early herd movement. (Aweil East maps ~505,028 cattle in baseline.)"
2017-11-06,Aweil North,0.0,0.055,0,harvest / drying,0.0,0.0,463800.5038861725,"No flood expected in Aweil North this week (q50 0.0 km²). Routine monitoring. (Aweil North maps ~463,801 cattle in baseline.)"
2017-11-06,Aweil South,1.47,0.956,0,harvest / drying,25.2,404.2,141256.8006910938,"SEVERE flood expected in Aweil South this week: q50 1.5 km², above the 95th percentile of all November weeks since 2000. Approx. 25 ha of mapped crops in the Aweil South floodplain are at risk. Approx. 404 ha of rangeland at risk; plan early herd movement. (Aweil South maps ~141,257 cattle in baseline.)"
2017-11-06,Aweil West,0.08,0.097,0,harvest / drying,3.5,149.9,318964.9515941321,"No flood expected in Aweil West this week (q50 0.1 km²). Routine monitoring. Approx. 3 ha of mapped crops in the Aweil West floodplain are at risk. Approx. 150 ha of rangeland at risk; plan early herd movement. (Aweil West maps ~318,965 cattle in baseline.)"
2017-11-13,Aweil Centre,0.14,0.725,0,harvest / drying,0.0,21.1,364961.8333817694,"SEVERE flood expected in Aweil Centre this week: q50 0.1 km², above the 95th percentile of all November weeks since 2000. Approx. 21 ha of rangeland at risk; plan early herd movement. (Aweil Centre maps ~364,962 cattle in baseline.)"
2017-11-13,Aweil East,0.34,0.901,0,harvest / drying,5.8,76.3,505027.7802561831,"SEVERE flood expected in Aweil East this week: q50 0.3 km², above the 95th percentile of all November weeks since 2000. Approx. 6 ha of mapped crops in the Aweil East floodplain are at risk. Approx. 76 ha of rangeland at risk; plan early herd movement. (Aweil East maps ~505,028 cattle in baseline.)"
2017-11-13,Aweil North,0.0,0.091,0,harvest / drying,0.0,0.0,463800.5038861725,"No flood expected in Aweil North this week (q50 0.0 km²). Routine monitoring. (Aweil North maps ~463,801 cattle in baseline.)"
2017-11-13,Aweil South,5.54,0.966,0,harvest / drying,95.3,1526.3,141256.8006910938,"SEVERE flood expected in Aweil South this week: q50 5.5 km², above the 95th percentile of all November weeks since 2000. Approx. 95 ha of mapped crops in the Aweil South floodplain are at risk. Approx. 1,526 ha of rangeland at risk; plan early herd movement. (Aweil South maps ~141,257 cattle in baseline.)"
2017-11-13,Aweil West,0.02,0.132,0,harvest / drying,0.7,31.0,318964.9515941321,"No flood expected in Aweil West this week (q50 0.0 km²). Routine monitoring. Approx. 31 ha of rangeland at risk; plan early herd movement. (Aweil West maps ~318,965 cattle in baseline.)"
2017-11-20,Aweil Centre,0.0,0.322,0,harvest / drying,0.0,0.0,364961.8333817694,"No flood expected in Aweil Centre this week (q50 0.0 km²). Routine monitoring. (Aweil Centre maps ~364,962 cattle in baseline.)"
2017-11-20,Aweil East,0.07,0.437,0,harvest / drying,1.2,15.7,505027.7802561831,"No flood expected in Aweil East this week (q50 0.1 km²). Routine monitoring. Approx. 1 ha of mapped crops in the Aweil East floodplain are at risk. Approx. 16 ha of rangeland at risk; plan early herd movement. (Aweil East maps ~505,028 cattle in baseline.)"
2017-11-20,Aweil North,0.0,0.191,0,harvest / drying,0.1,2.0,463800.5038861725,"No flood expected in Aweil North this week (q50 0.0 km²). Routine monitoring. Approx. 2 ha of rangeland at risk; plan early herd movement. (Aweil North maps ~463,801 cattle in baseline.)"
2017-11-20,Aweil South,1.43,0.963,0,harvest / drying,24.6,394.2,141256.8006910938,"SEVERE flood expected in Aweil South this week: q50 1.4 km², above the 95th percentile of all November weeks since 2000. Approx. 25 ha of mapped crops in the Aweil South floodplain are at risk. Approx. 394 ha of rangeland at risk; plan early herd movement. (Aweil South maps ~141,257 cattle in baseline.)"
2017-11-20,Aweil West,0.0,0.078,0,harvest / drying,0.0,0.0,318964.9515941321,"No flood expected in Aweil West this week (q50 0.0 km²). Routine monitoring. (Aweil West maps ~318,965 cattle in baseline.)"
2017-11-27,Aweil Centre,0.01,0.305,0,harvest / drying,0.0,0.8,364961.8333817694,"No flood expected in Aweil Centre this week (q50 0.0 km²). Routine monitoring. (Aweil Centre maps ~364,962 cattle in baseline.)"
2017-11-27,Aweil East,0.21,0.812,0,harvest / drying,3.5,45.9,505027.7802561831,"SEVERE flood expected in Aweil East this week: q50 0.2 km², above the 95th percentile of all November weeks since 2000. Approx. 4 ha of mapped crops in the Aweil East floodplain are at risk. Approx. 46 ha of rangeland at risk; plan early herd movement. (Aweil East maps ~505,028 cattle in baseline.)"
2017-11-27,Aweil North,0.0,0.082,0,harvest / drying,0.0,0.0,463800.5038861725,"No flood expected in Aweil North this week (q50 0.0 km²). Routine monitoring. (Aweil North maps ~463,801 cattle in baseline.)"
2017-11-27,Aweil South,1.33,0.943,0,harvest / drying,22.9,366.9,141256.8006910938,"SEVERE flood expected in Aweil South this week: q50 1.3 km², above the 95th percentile of all November weeks since 2000. Approx. 23 ha of mapped crops in the Aweil South floodplain are at risk. Approx. 367 ha of rangeland at risk; plan early herd movement. (Aweil South maps ~141,257 cattle in baseline.)"
2017-11-27,Aweil West,0.0,0.079,0,harvest / drying,0.0,0.0,318964.9515941321,"No flood expected in Aweil West this week (q50 0.0 km²). Routine monitoring. (Aweil West maps ~318,965 cattle in baseline.)"
2017-12-04,Aweil Centre,0.0,0.098,0,dry season,0.0,0.0,364961.8333817694,"No flood expected in Aweil Centre this week (q50 0.0 km²). Routine monitoring. (Aweil Centre maps ~364,962 cattle in baseline.)"
2017-12-04,Aweil East,0.11,0.809,0,dry season,16.5,334.9,505027.7802561831,"SEVERE flood expected in Aweil East this week: q50 0.1 km², above the 95th percentile of all December weeks since 2000. Approx. 16 ha of mapped crops in the Aweil East floodplain are at risk. Approx. 335 ha of rangeland at risk; plan early herd movement. (Aweil East maps ~505,028 cattle in baseline.)"
2017-12-04,Aweil North,0.0,0.035,0,dry season,0.0,0.0,463800.5038861725,"No flood expected in Aweil North this week (q50 0.0 km²). Routine monitoring. (Aweil North maps ~463,801 cattle in baseline.)"
2017-12-04,Aweil South,0.21,0.867,0,dry season,10.4,207.3,141256.8006910938,"SEVERE flood expected in Aweil South this week: q50 0.2 km², above the 95th percentile of all December weeks since 2000. Approx. 10 ha of mapped crops in the Aweil South floodplain are at risk. Approx. 207 ha of rangeland at risk; plan early herd movement. (Aweil South maps ~141,257 cattle in baseline.)"
2017-12-04,Aweil West,0.0,0.031,0,dry season,0.0,0.0,318964.9515941321,"No flood expected in Aweil West this week (q50 0.0 km²). Routine monitoring. (Aweil West maps ~318,965 cattle in baseline.)"
2017-12-11,Aweil Centre,0.0,0.051,0,dry season,0.0,0.0,364961.8333817694,"No flood expected in Aweil Centre this week (q50 0.0 km²). Routine monitoring. (Aweil Centre maps ~364,962 cattle in baseline.)"
2017-12-11,Aweil East,0.25,0.894,0,dry season,36.1,733.0,505027.7802561831,"SEVERE flood expected in Aweil East this week: q50 0.2 km², above the 95th percentile of all December weeks since 2000. Approx. 36 ha of mapped crops in the Aweil East floodplain are at risk. Approx. 733 ha of rangeland at risk; plan early herd movement. (Aweil East maps ~505,028 cattle in baseline.)"
2017-12-11,Aweil North,0.0,0.032,0,dry season,0.0,0.0,463800.5038861725,"No flood expected in Aweil North this week (q50 0.0 km²). Routine monitoring. (Aweil North maps ~463,801 cattle in baseline.)"
2017-12-11,Aweil South,0.29,0.898,0,dry season,14.2,284.3,141256.8006910938,"SEVERE flood expected in Aweil South this week: q50 0.3 km², above the 95th percentile of all December weeks since 2000. Approx. 14 ha of mapped crops in the Aweil South floodplain are at risk. Approx. 284 ha of rangeland at risk; plan early herd movement. (Aweil South maps ~141,257 cattle in baseline.)"
2017-12-11,Aweil West,0.0,0.03,0,dry season,0.0,0.0,318964.9515941321,"No flood expected in Aweil West this week (q50 0.0 km²). Routine monitoring. (Aweil West maps ~318,965 cattle in baseline.)"
2017-12-18,Aweil Centre,0.0,0.043,0,dry season,0.0,0.0,364961.8333817694,"No flood expected in Aweil Centre this week (q50 0.0 km²). Routine monitoring. (Aweil Centre maps ~364,962 cattle in baseline.)"
2017-12-18,Aweil East,0.0,0.286,0,dry season,0.6,11.9,505027.7802561831,"No flood expected in Aweil East this week (q50 0.0 km²). Routine monitoring. Approx. 12 ha of rangeland at risk; plan early herd movement. (Aweil East maps ~505,028 cattle in baseline.)"
2017-12-18,Aweil North,0.0,0.03,0,dry season,0.0,0.0,463800.5038861725,"No flood expected in Aweil North this week (q50 0.0 km²). Routine monitoring. (Aweil North maps ~463,801 cattle in baseline.)"
2017-12-18,Aweil South,0.02,0.522,0,dry season,1.0,20.6,141256.8006910938,"SEVERE flood expected in Aweil South this week: q50 0.0 km², above the 95th percentile of all December weeks since 2000. Approx. 1 ha of mapped crops in the Aweil South floodplain are at risk. Approx. 21 ha of rangeland at risk; plan early herd movement. (Aweil South maps ~141,257 cattle in baseline.)"
2017-12-18,Aweil West,0.0,0.028,0,dry season,0.0,0.0,318964.9515941321,"No flood expected in Aweil West this week (q50 0.0 km²). Routine monitoring. (Aweil West maps ~318,965 cattle in baseline.)"
2017-12-25,Aweil Centre,0.01,0.166,0,dry season,0.0,5.7,364961.8333817694,"No flood expected in Aweil Centre this week (q50 0.0 km²). Routine monitoring. Approx. 6 ha of rangeland at risk; plan early herd movement. (Aweil Centre maps ~364,962 cattle in baseline.)"
2017-12-25,Aweil East,0.03,0.49,0,dry season,5.1,104.0,505027.7802561831,"No flood expected in Aweil East this week (q50 0.0 km²). Routine monitoring. Approx. 5 ha of mapped crops in the Aweil East floodplain are at risk. Approx. 104 ha of rangeland at risk; plan early herd movement. (Aweil East maps ~505,028 cattle in baseline.)"
2017-12-25,Aweil North,0.0,0.052,0,dry season,0.0,0.0,463800.5038861725,"No flood expected in Aweil North this week (q50 0.0 km²). Routine monitoring. (Aweil North maps ~463,801 cattle in baseline.)"
2017-12-25,Aweil South,0.12,0.563,0,dry season,5.7,114.3,141256.8006910938,"SEVERE flood expected in Aweil South this week: q50 0.1 km², above the 95th percentile of all December weeks since 2000. Approx. 6 ha of mapped crops in the Aweil South floodplain are at risk. Approx. 114 ha of rangeland at risk; plan early herd movement. (Aweil South maps ~141,257 cattle in baseline.)"
2017-12-25,Aweil West,0.0,0.046,0,dry season,0.0,0.0,318964.9515941321,"No flood expected in Aweil West this week (q50 0.0 km²). Routine monitoring. (Aweil West maps ~318,965 cattle in baseline.)"
2022-01-10,Aweil Centre,0.0,0.095,0,dry season (late phase),0.0,0.0,364961.8333817694,"No flood expected in Aweil Centre this week (q50 0.0 km²). Routine monitoring. (Aweil Centre maps ~364,962 cattle in baseline.)"
2022-01-10,Aweil East,0.0,0.135,0,dry season (late phase),0.0,1.8,505027.7802561831,"No flood expected in Aweil East this week (q50 0.0 km²). Routine monitoring. Approx. 2 ha of rangeland at risk; plan early herd movement. (Aweil East maps ~505,028 cattle in baseline.)"
2022-01-10,Aweil North,0.0,0.055,0,dry season (late phase),0.0,0.0,463800.5038861725,"No flood expected in Aweil North this week (q50 0.0 km²). Routine monitoring. (Aweil North maps ~463,801 cattle in baseline.)"
2022-01-10,Aweil South,0.0,0.04,0,dry season (late phase),0.0,0.0,141256.8006910938,"No flood expected in Aweil South this week (q50 0.0 km²). Routine monitoring. (Aweil South maps ~141,257 cattle in baseline.)"
2022-01-10,Aweil West,0.0,0.038,0,dry season (late phase),0.0,0.0,318964.9515941321,"No flood expected in Aweil West this week (q50 0.0 km²). Routine monitoring. (Aweil West maps ~318,965 cattle in baseline.)"
2022-01-17,Aweil Centre,0.0,0.084,0,dry season (late phase),0.0,0.0,364961.8333817694,"No flood expected in Aweil Centre this week (q50 0.0 km²). Routine monitoring. (Aweil Centre maps ~364,962 cattle in baseline.)"
2022-01-17,Aweil East,0.0,0.065,0,dry season (late phase),0.0,0.0,505027.7802561831,"No flood expected in Aweil East this week (q50 0.0 km²). Routine monitoring. (Aweil East maps ~505,028 cattle in baseline.)"
2022-01-17,Aweil North,0.0,0.04,0,dry season (late phase),0.0,0.0,463800.5038861725,"No flood expected in Aweil North this week (q50 0.0 km²). Routine monitoring. (Aweil North maps ~463,801 cattle in baseline.)"
2022-01-17,Aweil South,0.0,0.031,0,dry season (late phase),0.0,0.0,141256.8006910938,"No flood expected in Aweil South this week (q50 0.0 km²). Routine monitoring. (Aweil South maps ~141,257 cattle in baseline.)"
2022-01-17,Aweil West,0.0,0.029,0,dry season (late phase),0.0,0.0,318964.9515941321,"No flood expected in Aweil West this week (q50 0.0 km²). Routine monitoring. (Aweil West maps ~318,965 cattle in baseline.)"
2022-01-24,Aweil Centre,0.0,0.1,0,dry season (late phase),0.0,0.0,364961.8333817694,"No flood expected in Aweil Centre this week (q50 0.0 km²). Routine monitoring. (Aweil Centre maps ~364,962 cattle in baseline.)"
2022-01-24,Aweil East,0.0,0.064,0,dry season (late phase),0.0,0.0,505027.7802561831,"No flood expected in Aweil East this week (q50 0.0 km²). Routine monitoring. (Aweil East maps ~505,028 cattle in baseline.)"
2022-01-24,Aweil North,0.0,0.048,0,dry season (late phase),0.0,0.0,463800.5038861725,"No flood expected in Aweil North this week (q50 0.0 km²). Routine monitoring. (Aweil North maps ~463,801 cattle in baseline.)"
2022-01-24,Aweil South,0.0,0.043,0,dry season (late phase),0.0,0.0,141256.8006910938,"No flood expected in Aweil South this week (q50 0.0 km²). Routine monitoring. (Aweil South maps ~141,257 cattle in baseline.)"
2022-01-24,Aweil West,0.0,0.038,0,dry season (late phase),0.0,0.0,318964.9515941321,"No flood expected in Aweil West this week (q50 0.0 km²). Routine monitoring. (Aweil West maps ~318,965 cattle in baseline.)"
2022-01-31,Aweil Centre,0.0,0.057,0,dry season (late phase),0.0,11.0,364961.8333817694,"No flood expected in Aweil Centre this week (q50 0.0 km²). Routine monitoring. Approx. 11 ha of rangeland at risk; plan early herd movement. (Aweil Centre maps ~364,962 cattle in baseline.)"
2022-01-31,Aweil East,0.0,0.021,0,dry season (late phase),0.0,0.0,505027.7802561831,"No flood expected in Aweil East this week (q50 0.0 km²). Routine monitoring. (Aweil East maps ~505,028 cattle in baseline.)"
2022-01-31,Aweil North,0.0,0.017,0,dry season (late phase),0.0,0.0,463800.5038861725,"No flood expected in Aweil North this week (q50 0.0 km²). Routine monitoring. (Aweil North maps ~463,801 cattle in baseline.)"
2022-01-31,Aweil South,0.0,0.015,0,dry season (late phase),0.0,0.0,141256.8006910938,"No flood expected in Aweil South this week (q50 0.0 km²). Routine monitoring. (Aweil South maps ~141,257 cattle in baseline.)"
2022-01-31,Aweil West,0.0,0.014,0,dry season (late phase),0.0,0.0,318964.9515941321,"No flood expected in Aweil West this week (q50 0.0 km²). Routine monitoring. (Aweil West maps ~318,965 cattle in baseline.)"
2022-02-07,Aweil Centre,0.0,0.039,0,dry season,0.0,0.9,364961.8333817694,"No flood expected in Aweil Centre this week (q50 0.0 km²). Routine monitoring. (Aweil Centre maps ~364,962 cattle in baseline.)"
2022-02-07,Aweil East,0.0,0.032,0,dry season,0.0,0.0,505027.7802561831,"No flood expected in Aweil East this week (q50 0.0 km²). Routine monitoring. (Aweil East maps ~505,028 cattle in baseline.)"
2022-02-07,Aweil North,0.0,0.034,0,dry season,0.0,0.0,463800.5038861725,"No flood expected in Aweil North this week (q50 0.0 km²). Routine monitoring. (Aweil North maps ~463,801 cattle in baseline.)"
2022-02-07,Aweil South,0.0,0.034,0,dry season,0.0,0.0,141256.8006910938,"No flood expected in Aweil South this week (q50 0.0 km²). Routine monitoring. (Aweil South maps ~141,257 cattle in baseline.)"
2022-02-07,Aweil West,0.0,0.031,0,dry season,0.0,0.0,318964.9515941321,"No flood expected in Aweil West this week (q50 0.0 km²). Routine monitoring. (Aweil West maps ~318,965 cattle in baseline.)"
2022-02-14,Aweil Centre,0.0,0.037,0,dry season,0.0,0.0,364961.8333817694,"No flood expected in Aweil Centre this week (q50 0.0 km²). Routine monitoring. (Aweil Centre maps ~364,962 cattle in baseline.)"
2022-02-14,Aweil East,0.0,0.027,0,dry season,0.0,0.0,505027.7802561831,"No flood expected in Aweil East this week (q50 0.0 km²). Routine monitoring. (Aweil East maps ~505,028 cattle in baseline.)"
2022-02-14,Aweil North,0.0,0.023,0,dry season,0.0,0.0,463800.5038861725,"No flood expected in Aweil North this week (q50 0.0 km²). Routine monitoring. (Aweil North maps ~463,801 cattle in baseline.)"
2022-02-14,Aweil South,0.0,0.023,0,dry season,0.0,0.0,141256.8006910938,"No flood expected in Aweil South this week (q50 0.0 km²). Routine monitoring. (Aweil South maps ~141,257 cattle in baseline.)"
2022-02-14,Aweil West,0.0,0.025,0,dry season,0.0,0.0,318964.9515941321,"No flood expected in Aweil West this week (q50 0.0 km²). Routine monitoring. (Aweil West maps ~318,965 cattle in baseline.)"
2022-02-21,Aweil Centre,0.0,0.019,0,dry season,0.0,0.0,364961.8333817694,"No flood expected in Aweil Centre this week (q50 0.0 km²). Routine monitoring. (Aweil Centre maps ~364,962 cattle in baseline.)"
2022-02-21,Aweil East,0.0,0.016,0,dry season,0.0,0.0,505027.7802561831,"No flood expected in Aweil East this week (q50 0.0 km²). Routine monitoring. (Aweil East maps ~505,028 cattle in baseline.)"
2022-02-21,Aweil North,0.0,0.012,0,dry season,0.0,0.0,463800.5038861725,"No flood expected in Aweil North this week (q50 0.0 km²). Routine monitoring. (Aweil North maps ~463,801 cattle in baseline.)"
2022-02-21,Aweil South,0.0,0.012,0,dry season,0.0,0.0,141256.8006910938,"No flood expected in Aweil South this week (q50 0.0 km²). Routine monitoring. (Aweil South maps ~141,257 cattle in baseline.)"
2022-02-21,Aweil West,0.0,0.012,0,dry season,0.0,0.0,318964.9515941321,"No flood expected in Aweil West this week (q50 0.0 km²). Routine monitoring. (Aweil West maps ~318,965 cattle in baseline.)"
2022-02-28,Aweil Centre,0.0,0.017,0,dry season,0.0,0.0,364961.8333817694,"No flood expected in Aweil Centre this week (q50 0.0 km²). Routine monitoring. (Aweil Centre maps ~364,962 cattle in baseline.)"
2022-02-28,Aweil East,0.0,0.016,0,dry season,0.0,0.0,505027.7802561831,"No flood expected in Aweil East this week (q50 0.0 km²). Routine monitoring. (Aweil East maps ~505,028 cattle in baseline.)"
2022-02-28,Aweil North,0.0,0.013,0,dry season,0.0,0.0,463800.5038861725,"No flood expected in Aweil North this week (q50 0.0 km²). Routine monitoring. (Aweil North maps ~463,801 cattle in baseline.)"
2022-02-28,Aweil South,0.0,0.013,0,dry season,0.0,0.0,141256.8006910938,"No flood expected in Aweil South this week (q50 0.0 km²). Routine monitoring. (Aweil South maps ~141,257 cattle in baseline.)"
2022-02-28,Aweil West,0.0,0.013,0,dry season,0.0,0.0,318964.9515941321,"No flood expected in Aweil West this week (q50 0.0 km²). Routine monitoring. (Aweil West maps ~318,965 cattle in baseline.)"
2022-03-07,Aweil Centre,0.0,0.016,0,early season (sowing),0.0,0.0,364961.8333817694,"No flood expected in Aweil Centre this week (q50 0.0 km²). Routine monitoring. (Aweil Centre maps ~364,962 cattle in baseline.)"
2022-03-07,Aweil East,0.0,0.015,0,early season (sowing),0.0,0.0,505027.7802561831,"No flood expected in Aweil East this week (q50 0.0 km²). Routine monitoring. (Aweil East maps ~505,028 cattle in baseline.)"
2022-03-07,Aweil North,0.0,0.009,0,early season (sowing),0.0,0.0,463800.5038861725,"No flood expected in Aweil North this week (q50 0.0 km²). Routine monitoring. (Aweil North maps ~463,801 cattle in baseline.)"
2022-03-07,Aweil South,0.0,0.009,0,early season (sowing),0.0,0.0,141256.8006910938,"No flood expected in Aweil South this week (q50 0.0 km²). Routine monitoring. (Aweil South maps ~141,257 cattle in baseline.)"
2022-03-07,Aweil West,0.0,0.009,0,early season (sowing),0.0,0.0,318964.9515941321,"No flood expected in Aweil West this week (q50 0.0 km²). Routine monitoring. (Aweil West maps ~318,965 cattle in baseline.)"
2022-03-14,Aweil Centre,0.0,0.03,0,early season (sowing),0.0,0.0,364961.8333817694,"No flood expected in Aweil Centre this week (q50 0.0 km²). Routine monitoring. (Aweil Centre maps ~364,962 cattle in baseline.)"
2022-03-14,Aweil East,0.0,0.031,0,early season (sowing),0.0,0.0,505027.7802561831,"No flood expected in Aweil East this week (q50 0.0 km²). Routine monitoring. (Aweil East maps ~505,028 cattle in baseline.)"
2022-03-14,Aweil North,0.0,0.029,0,early season (sowing),0.0,0.0,463800.5038861725,"No flood expected in Aweil North this week (q50 0.0 km²). Routine monitoring. (Aweil North maps ~463,801 cattle in baseline.)"
2022-03-14,Aweil South,0.0,0.027,0,early season (sowing),0.0,0.0,141256.8006910938,"No flood expected in Aweil South this week (q50 0.0 km²). Routine monitoring. (Aweil South maps ~141,257 cattle in baseline.)"
2022-03-14,Aweil West,0.0,0.023,0,early season (sowing),0.0,0.0,318964.9515941321,"No flood expected in Aweil West this week (q50 0.0 km²). Routine monitoring. (Aweil West maps ~318,965 cattle in baseline.)"
2022-03-21,Aweil Centre,0.0,0.041,0,early season (sowing),0.0,0.0,364961.8333817694,"No flood expected in Aweil Centre this week (q50 0.0 km²). Routine monitoring. (Aweil Centre maps ~364,962 cattle in baseline.)"
2022-03-21,Aweil East,0.0,0.039,0,early season (sowing),0.0,0.0,505027.7802561831,"No flood expected in Aweil East this week (q50 0.0 km²). Routine monitoring. (Aweil East maps ~505,028 cattle in baseline.)"
2022-03-21,Aweil North,0.0,0.035,0,early season (sowing),0.0,0.0,463800.5038861725,"No flood expected in Aweil North this week (q50 0.0 km²). Routine monitoring. (Aweil North maps ~463,801 cattle in baseline.)"
2022-03-21,Aweil South,0.0,0.034,0,early season (sowing),0.0,0.0,141256.8006910938,"No flood expected in Aweil South this week (q50 0.0 km²). Routine monitoring. (Aweil South maps ~141,257 cattle in baseline.)"
2022-03-21,Aweil West,0.0,0.036,0,early season (sowing),0.0,0.0,318964.9515941321,"No flood expected in Aweil West this week (q50 0.0 km²). Routine monitoring. (Aweil West maps ~318,965 cattle in baseline.)"
2022-03-28,Aweil Centre,0.0,0.054,0,early season (sowing),0.0,0.0,364961.8333817694,"No flood expected in Aweil Centre this week (q50 0.0 km²). Routine monitoring. (Aweil Centre maps ~364,962 cattle in baseline.)"
2022-03-28,Aweil East,0.0,0.052,0,early season (sowing),0.0,0.0,505027.7802561831,"No flood expected in Aweil East this week (q50 0.0 km²). Routine monitoring. (Aweil East maps ~505,028 cattle in baseline.)"
2022-03-28,Aweil North,0.0,0.043,0,early season (sowing),0.0,0.0,463800.5038861725,"No flood expected in Aweil North this week (q50 0.0 km²). Routine monitoring. (Aweil North maps ~463,801 cattle in baseline.)"
2022-03-28,Aweil South,0.0,0.042,0,early season (sowing),0.0,0.0,141256.8006910938,"No flood expected in Aweil South this week (q50 0.0 km²). Routine monitoring. (Aweil South maps ~141,257 cattle in baseline.)"
2022-03-28,Aweil West,0.0,0.036,0,early season (sowing),0.0,0.0,318964.9515941321,"No flood expected in Aweil West this week (q50 0.0 km²). Routine monitoring. (Aweil West maps ~318,965 cattle in baseline.)"
2022-04-04,Aweil Centre,0.0,0.034,0,crop establishment,0.0,0.0,364961.8333817694,"No flood expected in Aweil Centre this week (q50 0.0 km²). Routine monitoring. (Aweil Centre maps ~364,962 cattle in baseline.)"
2022-04-04,Aweil East,0.0,0.033,0,crop establishment,0.0,0.0,505027.7802561831,"No flood expected in Aweil East this week (q50 0.0 km²). Routine monitoring. (Aweil East maps ~505,028 cattle in baseline.)"
2022-04-04,Aweil North,0.0,0.028,0,crop establishment,0.0,0.0,463800.5038861725,"No flood expected in Aweil North this week (q50 0.0 km²). Routine monitoring. (Aweil North maps ~463,801 cattle in baseline.)"
2022-04-04,Aweil South,0.0,0.027,0,crop establishment,0.0,0.0,141256.8006910938,"No flood expected in Aweil South this week (q50 0.0 km²). Routine monitoring. (Aweil South maps ~141,257 cattle in baseline.)"
2022-04-04,Aweil West,0.0,0.023,0,crop establishment,0.0,0.0,318964.9515941321,"No flood expected in Aweil West this week (q50 0.0 km²). Routine monitoring. (Aweil West maps ~318,965 cattle in baseline.)"
2022-04-11,Aweil Centre,0.0,0.027,0,crop establishment,0.0,0.0,364961.8333817694,"No flood expected in Aweil Centre this week (q50 0.0 km²). Routine monitoring. (Aweil Centre maps ~364,962 cattle in baseline.)"
2022-04-11,Aweil East,0.0,0.027,0,crop establishment,0.0,0.0,505027.7802561831,"No flood expected in Aweil East this week (q50 0.0 km²). Routine monitoring. (Aweil East maps ~505,028 cattle in baseline.)"
2022-04-11,Aweil North,0.0,0.019,0,crop establishment,0.0,0.0,463800.5038861725,"No flood expected in Aweil North this week (q50 0.0 km²). Routine monitoring. (Aweil North maps ~463,801 cattle in baseline.)"
2022-04-11,Aweil South,0.0,0.019,0,crop establishment,0.0,0.0,141256.8006910938,"No flood expected in Aweil South this week (q50 0.0 km²). Routine monitoring. (Aweil South maps ~141,257 cattle in baseline.)"
2022-04-11,Aweil West,0.0,0.019,0,crop establishment,0.0,0.0,318964.9515941321,"No flood expected in Aweil West this week (q50 0.0 km²). Routine monitoring. (Aweil West maps ~318,965 cattle in baseline.)"
2022-04-18,Aweil Centre,0.0,0.019,0,crop establishment,0.0,0.0,364961.8333817694,"No flood expected in Aweil Centre this week (q50 0.0 km²). Routine monitoring. (Aweil Centre maps ~364,962 cattle in baseline.)"
2022-04-18,Aweil East,0.0,0.027,0,crop establishment,0.0,0.0,505027.7802561831,"No flood expected in Aweil East this week (q50 0.0 km²). Routine monitoring. (Aweil East maps ~505,028 cattle in baseline.)"
2022-04-18,Aweil North,0.0,0.022,0,crop establishment,0.0,0.0,463800.5038861725,"No flood expected in Aweil North this week (q50 0.0 km²). Routine monitoring. (Aweil North maps ~463,801 cattle in baseline.)"
2022-04-18,Aweil South,0.0,0.021,0,crop establishment,0.0,0.0,141256.8006910938,"No flood expected in Aweil South this week (q50 0.0 km²). Routine monitoring. (Aweil South maps ~141,257 cattle in baseline.)"
2022-04-18,Aweil West,0.0,0.018,0,crop establishment,0.0,0.0,318964.9515941321,"No flood expected in Aweil West this week (q50 0.0 km²). Routine monitoring. (Aweil West maps ~318,965 cattle in baseline.)"
2022-04-25,Aweil Centre,0.0,0.029,0,crop establishment,0.0,0.0,364961.8333817694,"No flood expected in Aweil Centre this week (q50 0.0 km²). Routine monitoring. (Aweil Centre maps ~364,962 cattle in baseline.)"
2022-04-25,Aweil East,0.0,0.051,0,crop establishment,0.0,0.0,505027.7802561831,"No flood expected in Aweil East this week (q50 0.0 km²). Routine monitoring. (Aweil East maps ~505,028 cattle in baseline.)"
2022-04-25,Aweil North,0.0,0.035,0,crop establishment,0.0,0.0,463800.5038861725,"No flood expected in Aweil North this week (q50 0.0 km²). Routine monitoring. (Aweil North maps ~463,801 cattle in baseline.)"
2022-04-25,Aweil South,0.0,0.034,0,crop establishment,0.0,0.0,141256.8006910938,"No flood expected in Aweil South this week (q50 0.0 km²). Routine monitoring. (Aweil South maps ~141,257 cattle in baseline.)"
2022-04-25,Aweil West,0.0,0.035,0,crop establishment,0.0,0.0,318964.9515941321,"No flood expected in Aweil West this week (q50 0.0 km²). Routine monitoring. (Aweil West maps ~318,965 cattle in baseline.)"
2022-05-02,Aweil Centre,0.0,0.048,0,vegetative growth,0.0,0.0,364961.8333817694,"No flood expected in Aweil Centre this week (q50 0.0 km²). Routine monitoring. (Aweil Centre maps ~364,962 cattle in baseline.)"
2022-05-02,Aweil East,0.0,0.08,0,vegetative growth,0.0,0.0,505027.7802561831,"No flood expected in Aweil East this week (q50 0.0 km²). Routine monitoring. (Aweil East maps ~505,028 cattle in baseline.)"
2022-05-02,Aweil North,0.0,0.047,0,vegetative growth,0.0,0.0,463800.5038861725,"No flood expected in Aweil North this week (q50 0.0 km²). Routine monitoring. (Aweil North maps ~463,801 cattle in baseline.)"
2022-05-02,Aweil South,0.0,0.046,0,vegetative growth,0.0,0.0,141256.8006910938,"No flood expected in Aweil South this week (q50 0.0 km²). Routine monitoring. (Aweil South maps ~141,257 cattle in baseline.)"
2022-05-02,Aweil West,0.0,0.048,0,vegetative growth,0.0,0.0,318964.9515941321,"No flood expected in Aweil West this week (q50 0.0 km²). Routine monitoring. (Aweil West maps ~318,965 cattle in baseline.)"
2022-05-09,Aweil Centre,0.0,0.027,0,vegetative growth,0.0,0.0,364961.8333817694,"No flood expected in Aweil Centre this week (q50 0.0 km²). Routine monitoring. (Aweil Centre maps ~364,962 cattle in baseline.)"
2022-05-09,Aweil East,0.0,0.044,0,vegetative growth,0.0,0.0,505027.7802561831,"No flood expected in Aweil East this week (q50 0.0 km²). Routine monitoring. (Aweil East maps ~505,028 cattle in baseline.)"
2022-05-09,Aweil North,0.0,0.031,0,vegetative growth,0.0,0.0,463800.5038861725,"No flood expected in Aweil North this week (q50 0.0 km²). Routine monitoring. (Aweil North maps ~463,801 cattle in baseline.)"
2022-05-09,Aweil South,0.0,0.03,0,vegetative growth,0.0,0.0,141256.8006910938,"No flood expected in Aweil South this week (q50 0.0 km²). Routine monitoring. (Aweil South maps ~141,257 cattle in baseline.)"
2022-05-09,Aweil West,0.0,0.034,0,vegetative growth,0.0,0.0,318964.9515941321,"No flood expected in Aweil West this week (q50 0.0 km²). Routine monitoring. (Aweil West maps ~318,965 cattle in baseline.)"
2022-05-16,Aweil Centre,0.0,0.03,0,vegetative growth,0.0,0.0,364961.8333817694,"No flood expected in Aweil Centre this week (q50 0.0 km²). Routine monitoring. (Aweil Centre maps ~364,962 cattle in baseline.)"
2022-05-16,Aweil East,0.0,0.052,0,vegetative growth,0.0,0.0,505027.7802561831,"No flood expected in Aweil East this week (q50 0.0 km²). Routine monitoring. (Aweil East maps ~505,028 cattle in baseline.)"
2022-05-16,Aweil North,0.0,0.032,0,vegetative growth,0.0,0.0,463800.5038861725,"No flood expected in Aweil North this week (q50 0.0 km²). Routine monitoring. (Aweil North maps ~463,801 cattle in baseline.)"
2022-05-16,Aweil South,0.0,0.031,0,vegetative growth,0.0,0.0,141256.8006910938,"No flood expected in Aweil South this week (q50 0.0 km²). Routine monitoring. (Aweil South maps ~141,257 cattle in baseline.)"
2022-05-16,Aweil West,0.0,0.034,0,vegetative growth,0.0,0.0,318964.9515941321,"No flood expected in Aweil West this week (q50 0.0 km²). Routine monitoring. (Aweil West maps ~318,965 cattle in baseline.)"
2022-05-23,Aweil Centre,0.0,0.021,0,vegetative growth,0.0,0.0,364961.8333817694,"No flood expected in Aweil Centre this week (q50 0.0 km²). Routine monitoring. (Aweil Centre maps ~364,962 cattle in baseline.)"
2022-05-23,Aweil East,0.0,0.035,0,vegetative growth,0.0,0.0,505027.7802561831,"No flood expected in Aweil East this week (q50 0.0 km²). Routine monitoring. (Aweil East maps ~505,028 cattle in baseline.)"
2022-05-23,Aweil North,0.0,0.022,0,vegetative growth,0.0,0.0,463800.5038861725,"No flood expected in Aweil North this week (q50 0.0 km²). Routine monitoring. (Aweil North maps ~463,801 cattle in baseline.)"
2022-05-23,Aweil South,0.0,0.022,0,vegetative growth,0.0,0.0,141256.8006910938,"No flood expected in Aweil South this week (q50 0.0 km²). Routine monitoring. (Aweil South maps ~141,257 cattle in baseline.)"
2022-05-23,Aweil West,0.0,0.021,0,vegetative growth,0.0,0.0,318964.9515941321,"No flood expected in Aweil West this week (q50 0.0 km²). Routine monitoring. (Aweil West maps ~318,965 cattle in baseline.)"
2022-05-30,Aweil Centre,0.0,0.03,0,vegetative growth,0.0,0.0,364961.8333817694,"No flood expected in Aweil Centre this week (q50 0.0 km²). Routine monitoring. (Aweil Centre maps ~364,962 cattle in baseline.)"
2022-05-30,Aweil East,0.0,0.055,0,vegetative growth,0.0,0.0,505027.7802561831,"No flood expected in Aweil East this week (q50 0.0 km²). Routine monitoring. (Aweil East maps ~505,028 cattle in baseline.)"
2022-05-30,Aweil North,0.0,0.037,0,vegetative growth,0.0,0.0,463800.5038861725,"No flood expected in Aweil North this week (q50 0.0 km²). Routine monitoring. (Aweil North maps ~463,801 cattle in baseline.)"
2022-05-30,Aweil South,0.0,0.036,0,vegetative growth,0.0,0.0,141256.8006910938,"No flood expected in Aweil South this week (q50 0.0 km²). Routine monitoring. (Aweil South maps ~141,257 cattle in baseline.)"
2022-05-30,Aweil West,0.0,0.04,0,vegetative growth,0.0,0.0,318964.9515941321,"No flood expected in Aweil West this week (q50 0.0 km²). Routine monitoring. (Aweil West maps ~318,965 cattle in baseline.)"
2022-06-06,Aweil Centre,0.0,0.009,0,vegetative growth (peak),0.0,0.0,364961.8333817694,"No flood expected in Aweil Centre this week (q50 0.0 km²). Routine monitoring. (Aweil Centre maps ~364,962 cattle in baseline.)"
2022-06-06,Aweil East,0.0,0.038,0,vegetative growth (peak),0.0,0.0,505027.7802561831,"No flood expected in Aweil East this week (q50 0.0 km²). Routine monitoring. (Aweil East maps ~505,028 cattle in baseline.)"
2022-06-06,Aweil North,0.0,0.009,0,vegetative growth (peak),0.0,0.0,463800.5038861725,"No flood expected in Aweil North this week (q50 0.0 km²). Routine monitoring. (Aweil North maps ~463,801 cattle in baseline.)"
2022-06-06,Aweil South,0.0,0.009,0,vegetative growth (peak),0.0,0.0,141256.8006910938,"No flood expected in Aweil South this week (q50 0.0 km²). Routine monitoring. (Aweil South maps ~141,257 cattle in baseline.)"
2022-06-06,Aweil West,0.0,0.012,0,vegetative growth (peak),0.0,0.0,318964.9515941321,"No flood expected in Aweil West this week (q50 0.0 km²). Routine monitoring. (Aweil West maps ~318,965 cattle in baseline.)"
2022-06-13,Aweil Centre,0.0,0.017,0,vegetative growth (peak),0.0,0.0,364961.8333817694,"No flood expected in Aweil Centre this week (q50 0.0 km²). Routine monitoring. (Aweil Centre maps ~364,962 cattle in baseline.)"
2022-06-13,Aweil East,0.0,0.031,0,vegetative growth (peak),0.0,0.0,505027.7802561831,"No flood expected in Aweil East this week (q50 0.0 km²). Routine monitoring. (Aweil East maps ~505,028 cattle in baseline.)"
2022-06-13,Aweil North,0.0,0.016,0,vegetative growth (peak),0.0,0.0,463800.5038861725,"No flood expected in Aweil North this week (q50 0.0 km²). Routine monitoring. (Aweil North maps ~463,801 cattle in baseline.)"
2022-06-13,Aweil South,0.0,0.016,0,vegetative growth (peak),0.0,0.0,141256.8006910938,"No flood expected in Aweil South this week (q50 0.0 km²). Routine monitoring. (Aweil South maps ~141,257 cattle in baseline.)"
2022-06-13,Aweil West,0.0,0.017,0,vegetative growth (peak),0.0,0.0,318964.9515941321,"No flood expected in Aweil West this week (q50 0.0 km²). Routine monitoring. (Aweil West maps ~318,965 cattle in baseline.)"
2022-06-20,Aweil Centre,0.0,0.022,0,vegetative growth (peak),0.0,0.0,364961.8333817694,"No flood expected in Aweil Centre this week (q50 0.0 km²). Routine monitoring. (Aweil Centre maps ~364,962 cattle in baseline.)"
2022-06-20,Aweil East,0.0,0.034,0,vegetative growth (peak),0.0,0.0,505027.7802561831,"No flood expected in Aweil East this week (q50 0.0 km²). Routine monitoring. (Aweil East maps ~505,028 cattle in baseline.)"
2022-06-20,Aweil North,0.0,0.023,0,vegetative growth (peak),0.0,0.0,463800.5038861725,"No flood expected in Aweil North this week (q50 0.0 km²). Routine monitoring. (Aweil North maps ~463,801 cattle in baseline.)"
2022-06-20,Aweil South,0.0,0.022,0,vegetative growth (peak),0.0,0.0,141256.8006910938,"No flood expected in Aweil South this week (q50 0.0 km²). Routine monitoring. (Aweil South maps ~141,257 cattle in baseline.)"
2022-06-20,Aweil West,0.0,0.029,0,vegetative growth (peak),0.0,0.0,318964.9515941321,"No flood expected in Aweil West this week (q50 0.0 km²). Routine monitoring. (Aweil West maps ~318,965 cattle in baseline.)"
2022-06-27,Aweil Centre,0.0,0.016,0,vegetative growth (peak),0.0,0.0,364961.8333817694,"No flood expected in Aweil Centre this week (q50 0.0 km²). Routine monitoring. (Aweil Centre maps ~364,962 cattle in baseline.)"
2022-06-27,Aweil East,0.0,0.026,0,vegetative growth (peak),0.0,0.0,505027.7802561831,"No flood expected in Aweil East this week (q50 0.0 km²). Routine monitoring. (Aweil East maps ~505,028 cattle in baseline.)"
2022-06-27,Aweil North,0.0,0.02,0,vegetative growth (peak),0.0,0.0,463800.5038861725,"No flood expected in Aweil North this week (q50 0.0 km²). Routine monitoring. (Aweil North maps ~463,801 cattle in baseline.)"
2022-06-27,Aweil South,0.0,0.019,0,vegetative growth (peak),0.0,0.0,141256.8006910938,"No flood expected in Aweil South this week (q50 0.0 km²). Routine monitoring. (Aweil South maps ~141,257 cattle in baseline.)"
2022-06-27,Aweil West,0.0,0.02,0,vegetative growth (peak),0.0,0.0,318964.9515941321,"No flood expected in Aweil West this week (q50 0.0 km²). Routine monitoring. (Aweil West maps ~318,965 cattle in baseline.)"
2022-07-04,Aweil Centre,0.0,0.016,0,vegetative growth (peak),0.0,0.0,364961.8333817694,"No flood expected in Aweil Centre this week (q50 0.0 km²). Routine monitoring. (Aweil Centre maps ~364,962 cattle in baseline.)"
2022-07-04,Aweil East,0.0,0.023,0,vegetative growth (peak),0.0,0.0,505027.7802561831,"No flood expected in Aweil East this week (q50 0.0 km²). Routine monitoring. (Aweil East maps ~505,028 cattle in baseline.)"
2022-07-04,Aweil North,0.0,0.015,0,vegetative growth (peak),0.0,0.0,463800.5038861725,"No flood expected in Aweil North this week (q50 0.0 km²). Routine monitoring. (Aweil North maps ~463,801 cattle in baseline.)"
2022-07-04,Aweil South,0.0,0.015,0,vegetative growth (peak),0.0,0.0,141256.8006910938,"No flood expected in Aweil South this week (q50 0.0 km²). Routine monitoring. (Aweil South maps ~141,257 cattle in baseline.)"
2022-07-04,Aweil West,0.0,0.019,0,vegetative growth (peak),0.0,0.0,318964.9515941321,"No flood expected in Aweil West this week (q50 0.0 km²). Routine monitoring. (Aweil West maps ~318,965 cattle in baseline.)"
2022-07-11,Aweil Centre,0.0,0.012,0,vegetative growth (peak),0.0,0.0,364961.8333817694,"No flood expected in Aweil Centre this week (q50 0.0 km²). Routine monitoring. (Aweil Centre maps ~364,962 cattle in baseline.)"
2022-07-11,Aweil East,0.0,0.02,0,vegetative growth (peak),0.0,0.0,505027.7802561831,"No flood expected in Aweil East this week (q50 0.0 km²). Routine monitoring. (Aweil East maps ~505,028 cattle in baseline.)"
2022-07-11,Aweil North,0.0,0.015,0,vegetative growth (peak),0.0,0.0,463800.5038861725,"No flood expected in Aweil North this week (q50 0.0 km²). Routine monitoring. (Aweil North maps ~463,801 cattle in baseline.)"
2022-07-11,Aweil South,0.0,0.016,0,vegetative growth (peak),0.0,0.0,141256.8006910938,"No flood expected in Aweil South this week (q50 0.0 km²). Routine monitoring. (Aweil South maps ~141,257 cattle in baseline.)"
2022-07-11,Aweil West,0.0,0.016,0,vegetative growth (peak),0.0,0.0,318964.9515941321,"No flood expected in Aweil West this week (q50 0.0 km²). Routine monitoring. (Aweil West maps ~318,965 cattle in baseline.)"
2022-07-18,Aweil Centre,0.0,0.017,0,vegetative growth (peak),0.0,0.0,364961.8333817694,"No flood expected in Aweil Centre this week (q50 0.0 km²). Routine monitoring. (Aweil Centre maps ~364,962 cattle in baseline.)"
2022-07-18,Aweil East,0.0,0.033,0,vegetative growth (peak),0.0,0.0,505027.7802561831,"No flood expected in Aweil East this week (q50 0.0 km²). Routine monitoring. (Aweil East maps ~505,028 cattle in baseline.)"
2022-07-18,Aweil North,0.0,0.015,0,vegetative growth (peak),0.0,0.0,463800.5038861725,"No flood expected in Aweil North this week (q50 0.0 km²). Routine monitoring. (Aweil North maps ~463,801 cattle in baseline.)"
2022-07-18,Aweil South,0.0,0.017,0,vegetative growth (peak),0.0,0.0,141256.8006910938,"No flood expected in Aweil South this week (q50 0.0 km²). Routine monitoring. (Aweil South maps ~141,257 cattle in baseline.)"
2022-07-18,Aweil West,0.0,0.017,0,vegetative growth (peak),0.0,0.0,318964.9515941321,"No flood expected in Aweil West this week (q50 0.0 km²). Routine monitoring. (Aweil West maps ~318,965 cattle in baseline.)"
2022-07-25,Aweil Centre,0.0,0.078,0,vegetative growth (peak),0.0,0.0,364961.8333817694,"No flood expected in Aweil Centre this week (q50 0.0 km²). Routine monitoring. (Aweil Centre maps ~364,962 cattle in baseline.)"
2022-07-25,Aweil East,0.0,0.117,0,vegetative growth (peak),0.0,0.0,505027.7802561831,"No flood expected in Aweil East this week (q50 0.0 km²). Routine monitoring. (Aweil East maps ~505,028 cattle in baseline.)"
2022-07-25,Aweil North,0.0,0.055,0,vegetative growth (peak),0.0,0.0,463800.5038861725,"No flood expected in Aweil North this week (q50 0.0 km²). Routine monitoring. (Aweil North maps ~463,801 cattle in baseline.)"
2022-07-25,Aweil South,0.0,0.061,0,vegetative growth (peak),0.0,0.0,141256.8006910938,"No flood expected in Aweil South this week (q50 0.0 km²). Routine monitoring. (Aweil South maps ~141,257 cattle in baseline.)"
2022-07-25,Aweil West,0.0,0.076,0,vegetative growth (peak),0.0,0.0,318964.9515941321,"No flood expected in Aweil West this week (q50 0.0 km²). Routine monitoring. (Aweil West maps ~318,965 cattle in baseline.)"
2022-08-01,Aweil Centre,0.0,0.045,0,maturation,0.0,0.0,364961.8333817694,"No flood expected in Aweil Centre this week (q50 0.0 km²). Routine monitoring. (Aweil Centre maps ~364,962 cattle in baseline.)"
2022-08-01,Aweil East,0.0,0.107,0,maturation,0.0,0.0,505027.7802561831,"No flood expected in Aweil East this week (q50 0.0 km²). Routine monitoring. (Aweil East maps ~505,028 cattle in baseline.)"
2022-08-01,Aweil North,0.0,0.028,0,maturation,0.0,0.0,463800.5038861725,"No flood expected in Aweil North this week (q50 0.0 km²). Routine monitoring. (Aweil North maps ~463,801 cattle in baseline.)"
2022-08-01,Aweil South,0.0,0.033,0,maturation,0.0,0.0,141256.8006910938,"No flood expected in Aweil South this week (q50 0.0 km²). Routine monitoring. (Aweil South maps ~141,257 cattle in baseline.)"
2022-08-01,Aweil West,0.0,0.039,0,maturation,0.0,0.0,318964.9515941321,"No flood expected in Aweil West this week (q50 0.0 km²). Routine monitoring. (Aweil West maps ~318,965 cattle in baseline.)"
2022-08-08,Aweil Centre,0.01,0.07,0,maturation,0.0,0.0,364961.8333817694,"No flood expected in Aweil Centre this week (q50 0.0 km²). Routine monitoring. (Aweil Centre maps ~364,962 cattle in baseline.)"
2022-08-08,Aweil East,4.29,0.948,2,maturation,0.0,0.0,505027.7802561831,"High flood risk in Aweil East this week: q50 4.3 km², above most August weeks since 2000. Maturation: grain is filling; flooding now damages the yield that is already banked. (Aweil East maps ~505,028 cattle in baseline.)"
2022-08-08,Aweil North,0.01,0.039,0,maturation,0.0,0.0,463800.5038861725,"No flood expected in Aweil North this week (q50 0.0 km²). Routine monitoring. (Aweil North maps ~463,801 cattle in baseline.)"
2022-08-08,Aweil South,0.01,0.047,0,maturation,0.0,0.0,141256.8006910938,"No flood expected in Aweil South this week (q50 0.0 km²). Routine monitoring. (Aweil South maps ~141,257 cattle in baseline.)"
2022-08-08,Aweil West,0.01,0.053,0,maturation,0.0,0.0,318964.9515941321,"No flood expected in Aweil West this week (q50 0.0 km²). Routine monitoring. (Aweil West maps ~318,965 cattle in baseline.)"
2022-08-15,Aweil Centre,0.01,0.111,0,maturation,0.0,0.0,364961.8333817694,"No flood expected in Aweil Centre this week (q50 0.0 km²). Routine monitoring. (Aweil Centre maps ~364,962 cattle in baseline.)"
2022-08-15,Aweil East,0.23,0.64,0,maturation,0.0,0.0,505027.7802561831,"SEVERE flood expected in Aweil East this week: q50 0.2 km², above the 95th percentile of all August weeks since 2000. (Aweil East maps ~505,028 cattle in baseline.)"
2022-08-15,Aweil North,0.01,0.068,0,maturation,0.0,0.0,463800.5038861725,"No flood expected in Aweil North this week (q50 0.0 km²). Routine monitoring. (Aweil North maps ~463,801 cattle in baseline.)"
2022-08-15,Aweil South,0.01,0.078,0,maturation,0.0,0.0,141256.8006910938,"No flood expected in Aweil South this week (q50 0.0 km²). Routine monitoring. (Aweil South maps ~141,257 cattle in baseline.)"
2022-08-15,Aweil West,0.01,0.1,0,maturation,0.0,0.0,318964.9515941321,"No flood expected in Aweil West this week (q50 0.0 km²). Routine monitoring. (Aweil West maps ~318,965 cattle in baseline.)"
2022-08-22,Aweil Centre,0.01,0.075,0,maturation,0.0,0.0,364961.8333817694,"No flood expected in Aweil Centre this week (q50 0.0 km²). Routine monitoring. (Aweil Centre maps ~364,962 cattle in baseline.)"
2022-08-22,Aweil East,4.13,0.933,2,maturation,0.0,0.0,505027.7802561831,"High flood risk in Aweil East this week: q50 4.1 km², above most August weeks since 2000. Maturation: grain is filling; flooding now damages the yield that is already banked. (Aweil East maps ~505,028 cattle in baseline.)"
2022-08-22,Aweil North,0.01,0.056,0,maturation,0.0,0.0,463800.5038861725,"No flood expected in Aweil North this week (q50 0.0 km²). Routine monitoring. (Aweil North maps ~463,801 cattle in baseline.)"
2022-08-22,Aweil South,0.01,0.08,0,maturation,0.0,0.0,141256.8006910938,"No flood expected in Aweil South this week (q50 0.0 km²). Routine monitoring. (Aweil South maps ~141,257 cattle in baseline.)"
2022-08-22,Aweil West,0.01,0.095,0,maturation,0.0,0.0,318964.9515941321,"No flood expected in Aweil West this week (q50 0.0 km²). Routine monitoring. (Aweil West maps ~318,965 cattle in baseline.)"
2022-08-29,Aweil Centre,1.26,0.64,2,maturation,0.0,0.0,364961.8333817694,"High flood risk in Aweil Centre this week: q50 1.3 km², above most August weeks since 2000. Maturation: grain is filling; flooding now damages the yield that is already banked. (Aweil Centre maps ~364,962 cattle in baseline.)"
2022-08-29,Aweil East,7.4,0.938,2,maturation,0.0,0.0,505027.7802561831,"High flood risk in Aweil East this week: q50 7.4 km², above most August weeks since 2000. Maturation: grain is filling; flooding now damages the yield that is already banked. (Aweil East maps ~505,028 cattle in baseline.)"
2022-08-29,Aweil North,2.63,0.834,3,maturation,0.0,0.0,463800.5038861725,"SEVERE flood expected in Aweil North this week: q50 2.6 km², above the 95th percentile of all August weeks since 2000. Maturation: grain is filling; flooding now damages the yield that is already banked. (Aweil North maps ~463,801 cattle in baseline.)"
2022-08-29,Aweil South,0.03,0.138,0,maturation,0.0,0.0,141256.8006910938,"No flood expected in Aweil South this week (q50 0.0 km²). Routine monitoring. (Aweil South maps ~141,257 cattle in baseline.)"
2022-08-29,Aweil West,2.44,0.841,2,maturation,0.0,0.0,318964.9515941321,"High flood risk in Aweil West this week: q50 2.4 km², above most August weeks since 2000. Maturation: grain is filling; flooding now damages the yield that is already banked. (Aweil West maps ~318,965 cattle in baseline.)"
2022-09-05,Aweil Centre,1.18,0.717,0,maturation / grain filling,0.0,156.6,364961.8333817694,"SEVERE flood expected in Aweil Centre this week: q50 1.2 km², above the 95th percentile of all September weeks since 2000. Approx. 157 ha of rangeland at risk; plan early herd movement. (Aweil Centre maps ~364,962 cattle in baseline.)"
2022-09-05,Aweil East,2.08,0.874,0,maturation / grain filling,6.1,250.4,505027.7802561831,"SEVERE flood expected in Aweil East this week: q50 2.1 km², above the 95th percentile of all September weeks since 2000. Approx. 6 ha of mapped crops in the Aweil East floodplain are at risk. Approx. 250 ha of rangeland at risk; plan early herd movement. (Aweil East maps ~505,028 cattle in baseline.)"
2022-09-05,Aweil North,2.38,0.877,2,maturation / grain filling,32.3,1691.6,463800.5038861725,"High flood risk in Aweil North this week: q50 2.4 km², above most September weeks since 2000. Maturation / grain filling: grain is filling; flooding now damages the yield that is already banked. Approx. 32 ha of mapped crops in the Aweil North floodplain are at risk. Approx. 1,692 ha of rangeland at risk; plan early herd movement. (Aweil North maps ~463,801 cattle in baseline.)"
2022-09-05,Aweil South,0.02,0.151,0,maturation / grain filling,0.5,14.1,141256.8006910938,"No flood expected in Aweil South this week (q50 0.0 km²). Routine monitoring. Approx. 14 ha of rangeland at risk; plan early herd movement. (Aweil South maps ~141,257 cattle in baseline.)"
2022-09-05,Aweil West,17.65,0.976,2,maturation / grain filling,127.5,8081.2,318964.9515941321,"High flood risk in Aweil West this week: q50 17.6 km², above most September weeks since 2000. Maturation / grain filling: grain is filling; flooding now damages the yield that is already banked. Approx. 128 ha of mapped crops in the Aweil West floodplain are at risk. Approx. 8,081 ha of rangeland at risk; plan early herd movement. (Aweil West maps ~318,965 cattle in baseline.)"
2022-09-12,Aweil Centre,1.46,0.603,0,maturation / grain filling,0.0,194.0,364961.8333817694,"SEVERE flood expected in Aweil Centre this week: q50 1.5 km², above the 95th percentile of all September weeks since 2000. Approx. 194 ha of rangeland at risk; plan early herd movement. (Aweil Centre maps ~364,962 cattle in baseline.)"
2022-09-12,Aweil East,3.16,0.666,0,maturation / grain filling,9.2,381.7,505027.7802561831,"SEVERE flood expected in Aweil East this week: q50 3.2 km², above the 95th percentile of all September weeks since 2000. Approx. 9 ha of mapped crops in the Aweil East floodplain are at risk. Approx. 382 ha of rangeland at risk; plan early herd movement. (Aweil East maps ~505,028 cattle in baseline.)"
2022-09-12,Aweil North,5.01,0.938,2,maturation / grain filling,67.8,3554.3,463800.5038861725,"High flood risk in Aweil North this week: q50 5.0 km², above most September weeks since 2000. Maturation / grain filling: grain is filling; flooding now damages the yield that is already banked. Approx. 68 ha of mapped crops in the Aweil North floodplain are at risk. Approx. 3,554 ha of rangeland at risk; plan early herd movement. (Aweil North maps ~463,801 cattle in baseline.)"
2022-09-12,Aweil South,0.02,0.095,0,maturation / grain filling,0.6,15.5,141256.8006910938,"No flood expected in Aweil South this week (q50 0.0 km²). Routine monitoring. Approx. 16 ha of rangeland at risk; plan early herd movement. (Aweil South maps ~141,257 cattle in baseline.)"
2022-09-12,Aweil West,10.64,0.983,2,maturation / grain filling,76.9,4873.0,318964.9515941321,"High flood risk in Aweil West this week: q50 10.6 km², above most September weeks since 2000. Maturation / grain filling: grain is filling; flooding now damages the yield that is already banked. Approx. 77 ha of mapped crops in the Aweil West floodplain are at risk. Approx. 4,873 ha of rangeland at risk; plan early herd movement. (Aweil West maps ~318,965 cattle in baseline.)"
2022-09-19,Aweil Centre,1.49,0.884,0,maturation / grain filling,0.0,197.5,364961.8333817694,"SEVERE flood expected in Aweil Centre this week: q50 1.5 km², above the 95th percentile of all September weeks since 2000. Approx. 197 ha of rangeland at risk; plan early herd movement. (Aweil Centre maps ~364,962 cattle in baseline.)"
2022-09-19,Aweil East,16.41,0.975,0,maturation / grain filling,47.9,1979.6,505027.7802561831,"SEVERE flood expected in Aweil East this week: q50 16.4 km², above the 95th percentile of all September weeks since 2000. Approx. 48 ha of mapped crops in the Aweil East floodplain are at risk. Approx. 1,980 ha of rangeland at risk; plan early herd movement. (Aweil East maps ~505,028 cattle in baseline.)"
2022-09-19,Aweil North,9.7,0.952,3,maturation / grain filling,79.0,4140.5,463800.5038861725,"SEVERE flood expected in Aweil North this week: q50 9.7 km², above the 95th percentile of all September weeks since 2000. Maturation / grain filling: grain is filling; flooding now damages the yield that is already banked. Approx. 79 ha of mapped crops in the Aweil North floodplain are at risk. Approx. 4,141 ha of rangeland at risk; plan early herd movement. (Aweil North maps ~463,801 cattle in baseline.)"
2022-09-19,Aweil South,8.54,0.951,2,maturation / grain filling,235.1,6317.7,141256.8006910938,"High flood risk in Aweil South this week: q50 8.5 km², above most September weeks since 2000. Maturation / grain filling: grain is filling; flooding now damages the yield that is already banked. Approx. 235 ha of mapped crops in the Aweil South floodplain are at risk. Approx. 6,318 ha of rangeland at risk; plan early herd movement. (Aweil South maps ~141,257 cattle in baseline.)"
2022-09-19,Aweil West,22.28,0.983,2,maturation / grain filling,161.0,10203.0,318964.9515941321,"High flood risk in Aweil West this week: q50 22.3 km², above most September weeks since 2000. Maturation / grain filling: grain is filling; flooding now damages the yield that is already banked. Approx. 161 ha of mapped crops in the Aweil West floodplain are at risk. Approx. 10,203 ha of rangeland at risk; plan early herd movement. (Aweil West maps ~318,965 cattle in baseline.)"
2022-09-26,Aweil Centre,7.12,0.956,2,maturation / grain filling,0.0,943.9,364961.8333817694,"High flood risk in Aweil Centre this week: q50 7.1 km², above most September weeks since 2000. Maturation / grain filling: grain is filling; flooding now damages the yield that is already banked. Approx. 944 ha of rangeland at risk; plan early herd movement. (Aweil Centre maps ~364,962 cattle in baseline.)"
2022-09-26,Aweil East,23.56,0.983,1,maturation / grain filling,68.8,2841.7,505027.7802561831,"Elevated flood probability in Aweil East this week (q50 23.6 km², 98% detection chance). Maturation / grain filling: grain is filling; flooding now damages the yield that is already banked. Approx. 69 ha of mapped crops in the Aweil East floodplain are at risk. Approx. 2,842 ha of rangeland at risk; plan early herd movement. (Aweil East maps ~505,028 cattle in baseline.)"
2022-09-26,Aweil North,12.99,0.966,3,maturation / grain filling,79.0,4140.5,463800.5038861725,"SEVERE flood expected in Aweil North this week: q50 13.0 km², above the 95th percentile of all September weeks since 2000. Maturation / grain filling: grain is filling; flooding now damages the yield that is already banked. Approx. 79 ha of mapped crops in the Aweil North floodplain are at risk. Approx. 4,141 ha of rangeland at risk; plan early herd movement. (Aweil North maps ~463,801 cattle in baseline.)"
2022-09-26,Aweil South,21.71,0.953,3,maturation / grain filling,496.4,13340.3,141256.8006910938,"SEVERE flood expected in Aweil South this week: q50 21.7 km², above the 95th percentile of all September weeks since 2000. Maturation / grain filling: grain is filling; flooding now damages the yield that is already banked. Approx. 496 ha of mapped crops in the Aweil South floodplain are at risk. Approx. 13,340 ha of rangeland at risk; plan early herd movement. (Aweil South maps ~141,257 cattle in baseline.)"
2022-09-26,Aweil West,26.78,0.986,2,maturation / grain filling,175.4,11111.3,318964.9515941321,"High flood risk in Aweil West this week: q50 26.8 km², above most September weeks since 2000. Maturation / grain filling: grain is filling; flooding now damages the yield that is already banked. Approx. 175 ha of mapped crops in the Aweil West floodplain are at risk. Approx. 11,111 ha of rangeland at risk; plan early herd movement. (Aweil West maps ~318,965 cattle in baseline.)"
2022-10-03,Aweil Centre,3.96,0.948,0,harvest,0.0,185.5,364961.8333817694,"SEVERE flood expected in Aweil Centre this week: q50 4.0 km², above the 95th percentile of all October weeks since 2000. Approx. 185 ha of rangeland at risk; plan early herd movement. (Aweil Centre maps ~364,962 cattle in baseline.)"
2022-10-03,Aweil East,67.98,0.984,1,harvest,1010.2,11613.2,505027.7802561831,"Elevated flood probability in Aweil East this week (q50 68.0 km², 98% detection chance). Harvest: harvest window — move produce and equipment to higher ground before water rises. Approx. 1,010 ha of mapped crops in the Aweil East floodplain are at risk. Approx. 11,613 ha of rangeland at risk; plan early herd movement. (Aweil East maps ~505,028 cattle in baseline.)"
2022-10-03,Aweil North,15.39,0.978,3,harvest,380.3,9471.4,463800.5038861725,"SEVERE flood expected in Aweil North this week: q50 15.4 km², above the 95th percentile of all October weeks since 2000. Harvest: harvest window — move produce and equipment to higher ground before water rises. Approx. 380 ha of mapped crops in the Aweil North floodplain are at risk. Approx. 9,471 ha of rangeland at risk; plan early herd movement. (Aweil North maps ~463,801 cattle in baseline.)"
2022-10-03,Aweil South,53.95,0.982,3,harvest,1660.9,26316.2,141256.8006910938,"SEVERE flood expected in Aweil South this week: q50 54.0 km², above the 95th percentile of all October weeks since 2000. Harvest: harvest window — move produce and equipment to higher ground before water rises. Approx. 1,661 ha of mapped crops in the Aweil South floodplain are at risk. Approx. 26,316 ha of rangeland at risk; plan early herd movement. (Aweil South maps ~141,257 cattle in baseline.)"
2022-10-03,Aweil West,44.03,0.985,2,harvest,476.7,22227.5,318964.9515941321,"High flood risk in Aweil West this week: q50 44.0 km², above most October weeks since 2000. Harvest: harvest window — move produce and equipment to higher ground before water rises. Approx. 477 ha of mapped crops in the Aweil West floodplain are at risk. Approx. 22,227 ha of rangeland at risk; plan early herd movement. (Aweil West maps ~318,965 cattle in baseline.)"
2022-10-10,Aweil Centre,1.7,0.785,0,harvest,0.0,79.6,364961.8333817694,"SEVERE flood expected in Aweil Centre this week: q50 1.7 km², above the 95th percentile of all October weeks since 2000. Approx. 80 ha of rangeland at risk; plan early herd movement. (Aweil Centre maps ~364,962 cattle in baseline.)"
2022-10-10,Aweil East,39.83,0.981,0,harvest,591.9,6804.3,505027.7802561831,"SEVERE flood expected in Aweil East this week: q50 39.8 km², above the 95th percentile of all October weeks since 2000. Approx. 592 ha of mapped crops in the Aweil East floodplain are at risk. Approx. 6,804 ha of rangeland at risk; plan early herd movement. (Aweil East maps ~505,028 cattle in baseline.)"
2022-10-10,Aweil North,7.58,0.949,2,harvest,296.6,7387.2,463800.5038861725,"High flood risk in Aweil North this week: q50 7.6 km², above most October weeks since 2000. Harvest: harvest window — move produce and equipment to higher ground before water rises. Approx. 297 ha of mapped crops in the Aweil North floodplain are at risk. Approx. 7,387 ha of rangeland at risk; plan early herd movement. (Aweil North maps ~463,801 cattle in baseline.)"
2022-10-10,Aweil South,76.6,0.98,3,harvest,2187.0,34651.6,141256.8006910938,"SEVERE flood expected in Aweil South this week: q50 76.6 km², above the 95th percentile of all October weeks since 2000. Harvest: harvest window — move produce and equipment to higher ground before water rises. Approx. 2,187 ha of mapped crops in the Aweil South floodplain are at risk. Approx. 34,652 ha of rangeland at risk; plan early herd movement. (Aweil South maps ~141,257 cattle in baseline.)"
2022-10-10,Aweil West,18.74,0.953,2,harvest,202.9,9461.4,318964.9515941321,"High flood risk in Aweil West this week: q50 18.7 km², above most October weeks since 2000. Harvest: harvest window — move produce and equipment to higher ground before water rises. Approx. 203 ha of mapped crops in the Aweil West floodplain are at risk. Approx. 9,461 ha of rangeland at risk; plan early herd movement. (Aweil West maps ~318,965 cattle in baseline.)"
2022-10-17,Aweil Centre,0.49,0.715,0,harvest,0.0,23.1,364961.8333817694,"SEVERE flood expected in Aweil Centre this week: q50 0.5 km², above the 95th percentile of all October weeks since 2000. Approx. 23 ha of rangeland at risk; plan early herd movement. (Aweil Centre maps ~364,962 cattle in baseline.)"
2022-10-17,Aweil East,5.69,0.979,0,harvest,84.5,971.4,505027.7802561831,"SEVERE flood expected in Aweil East this week: q50 5.7 km², above the 95th percentile of all October weeks since 2000. Approx. 85 ha of mapped crops in the Aweil East floodplain are at risk. Approx. 971 ha of rangeland at risk; plan early herd movement. (Aweil East maps ~505,028 cattle in baseline.)"
2022-10-17,Aweil North,5.23,0.972,2,harvest,204.5,5093.1,463800.5038861725,"High flood risk in Aweil North this week: q50 5.2 km², above most October weeks since 2000. Harvest: harvest window — move produce and equipment to higher ground before water rises. Approx. 205 ha of mapped crops in the Aweil North floodplain are at risk. Approx. 5,093 ha of rangeland at risk; plan early herd movement. (Aweil North maps ~463,801 cattle in baseline.)"
2022-10-17,Aweil South,45.65,0.987,2,harvest,1405.4,22268.7,141256.8006910938,"High flood risk in Aweil South this week: q50 45.7 km², above most October weeks since 2000. Harvest: harvest window — move produce and equipment to higher ground before water rises. Approx. 1,405 ha of mapped crops in the Aweil South floodplain are at risk. Approx. 22,269 ha of rangeland at risk; plan early herd movement. (Aweil South maps ~141,257 cattle in baseline.)"
2022-10-17,Aweil West,13.66,0.987,1,harvest,147.9,6896.6,318964.9515941321,"Elevated flood probability in Aweil West this week (q50 13.7 km², 99% detection chance). Harvest: harvest window — move produce and equipment to higher ground before water rises. Approx. 148 ha of mapped crops in the Aweil West floodplain are at risk. Approx. 6,897 ha of rangeland at risk; plan early herd movement. (Aweil West maps ~318,965 cattle in baseline.)"
2022-10-24,Aweil Centre,0.14,0.488,0,harvest,0.0,6.7,364961.8333817694,"No flood expected in Aweil Centre this week (q50 0.1 km²). Routine monitoring. Approx. 7 ha of rangeland at risk; plan early herd movement. (Aweil Centre maps ~364,962 cattle in baseline.)"
2022-10-24,Aweil East,0.23,0.82,0,harvest,3.4,39.3,505027.7802561831,"SEVERE flood expected in Aweil East this week: q50 0.2 km², above the 95th percentile of all October weeks since 2000. Approx. 3 ha of mapped crops in the Aweil East floodplain are at risk. Approx. 39 ha of rangeland at risk; plan early herd movement. (Aweil East maps ~505,028 cattle in baseline.)"
2022-10-24,Aweil North,0.42,0.533,0,harvest,16.3,405.6,463800.5038861725,"SEVERE flood expected in Aweil North this week: q50 0.4 km², above the 95th percentile of all October weeks since 2000. Approx. 16 ha of mapped crops in the Aweil North floodplain are at risk. Approx. 406 ha of rangeland at risk; plan early herd movement. (Aweil North maps ~463,801 cattle in baseline.)"
2022-10-24,Aweil South,0.23,0.753,0,harvest,7.0,110.9,141256.8006910938,"SEVERE flood expected in Aweil South this week: q50 0.2 km², above the 95th percentile of all October weeks since 2000. Approx. 7 ha of mapped crops in the Aweil South floodplain are at risk. Approx. 111 ha of rangeland at risk; plan early herd movement. (Aweil South maps ~141,257 cattle in baseline.)"
2022-10-24,Aweil West,0.7,0.89,0,harvest,7.5,352.0,318964.9515941321,"SEVERE flood expected in Aweil West this week: q50 0.7 km², above the 95th percentile of all October weeks since 2000. Approx. 8 ha of mapped crops in the Aweil West floodplain are at risk. Approx. 352 ha of rangeland at risk; plan early herd movement. (Aweil West maps ~318,965 cattle in baseline.)"
2022-10-31,Aweil Centre,1.69,0.948,0,harvest,0.0,79.1,364961.8333817694,"SEVERE flood expected in Aweil Centre this week: q50 1.7 km², above the 95th percentile of all October weeks since 2000. Approx. 79 ha of rangeland at risk; plan early herd movement. (Aweil Centre maps ~364,962 cattle in baseline.)"
2022-10-31,Aweil East,43.3,0.974,0,harvest,643.5,7397.7,505027.7802561831,"SEVERE flood expected in Aweil East this week: q50 43.3 km², above the 95th percentile of all October weeks since 2000. Approx. 643 ha of mapped crops in the Aweil East floodplain are at risk. Approx. 7,398 ha of rangeland at risk; plan early herd movement. (Aweil East maps ~505,028 cattle in baseline.)"
2022-10-31,Aweil North,19.31,0.977,3,harvest,380.3,9471.4,463800.5038861725,"SEVERE flood expected in Aweil North this week: q50 19.3 km², above the 95th percentile of all October weeks since 2000. Harvest: harvest window — move produce and equipment to higher ground before water rises. Approx. 380 ha of mapped crops in the Aweil North floodplain are at risk. Approx. 9,471 ha of rangeland at risk; plan early herd movement. (Aweil North maps ~463,801 cattle in baseline.)"
2022-10-31,Aweil South,62.57,0.977,3,harvest,1926.1,30518.9,141256.8006910938,"SEVERE flood expected in Aweil South this week: q50 62.6 km², above the 95th percentile of all October weeks since 2000. Harvest: harvest window — move produce and equipment to higher ground before water rises. Approx. 1,926 ha of mapped crops in the Aweil South floodplain are at risk. Approx. 30,519 ha of rangeland at risk; plan early herd movement. (Aweil South maps ~141,257 cattle in baseline.)"
2022-10-31,Aweil West,22.66,0.982,2,harvest,245.4,11440.7,318964.9515941321,"High flood risk in Aweil West this week: q50 22.7 km², above most October weeks since 2000. Harvest: harvest window — move produce and equipment to higher ground before water rises. Approx. 245 ha of mapped crops in the Aweil West floodplain are at risk. Approx. 11,441 ha of rangeland at risk; plan early herd movement. (Aweil West maps ~318,965 cattle in baseline.)"
2022-11-07,Aweil Centre,0.95,0.858,0,harvest / drying,0.0,137.2,364961.8333817694,"SEVERE flood expected in Aweil Centre this week: q50 1.0 km², above the 95th percentile of all November weeks since 2000. Approx. 137 ha of rangeland at risk; plan early herd movement. (Aweil Centre maps ~364,962 cattle in baseline.)"
2022-11-07,Aweil East,19.37,0.978,0,harvest / drying,350.1,4581.3,505027.7802561831,"SEVERE flood expected in Aweil East this week: q50 19.4 km², above the 95th percentile of all November weeks since 2000. Approx. 350 ha of mapped crops in the Aweil East floodplain are at risk. Approx. 4,581 ha of rangeland at risk; plan early herd movement. (Aweil East maps ~505,028 cattle in baseline.)"
2022-11-07,Aweil North,2.14,0.962,3,harvest / drying,214.9,8258.8,463800.5038861725,"SEVERE flood expected in Aweil North this week: q50 2.1 km², above the 95th percentile of all November weeks since 2000. Harvest / drying: harvest window closing — move produce and equipment to higher ground before water rises. Approx. 215 ha of mapped crops in the Aweil North floodplain are at risk. Approx. 8,259 ha of rangeland at risk; plan early herd movement. (Aweil North maps ~463,801 cattle in baseline.)"
2022-11-07,Aweil South,63.63,0.98,2,harvest / drying,1330.6,21319.1,141256.8006910938,"High flood risk in Aweil South this week: q50 63.6 km², above most November weeks since 2000. Harvest / drying: harvest window closing — move produce and equipment to higher ground before water rises. Approx. 1,331 ha of mapped crops in the Aweil South floodplain are at risk. Approx. 21,319 ha of rangeland at risk; plan early herd movement. (Aweil South maps ~141,257 cattle in baseline.)"
2022-11-07,Aweil West,5.88,0.965,3,harvest / drying,223.3,9581.0,318964.9515941321,"SEVERE flood expected in Aweil West this week: q50 5.9 km², above the 95th percentile of all November weeks since 2000. Harvest / drying: harvest window closing — move produce and equipment to higher ground before water rises. Approx. 223 ha of mapped crops in the Aweil West floodplain are at risk. Approx. 9,581 ha of rangeland at risk; plan early herd movement. (Aweil West maps ~318,965 cattle in baseline.)"
2022-11-14,Aweil Centre,0.9,0.846,0,harvest / drying,0.0,129.3,364961.8333817694,"SEVERE flood expected in Aweil Centre this week: q50 0.9 km², above the 95th percentile of all November weeks since 2000. Approx. 129 ha of rangeland at risk; plan early herd movement. (Aweil Centre maps ~364,962 cattle in baseline.)"
2022-11-14,Aweil East,36.12,0.984,2,harvest / drying,652.9,8543.5,505027.7802561831,"High flood risk in Aweil East this week: q50 36.1 km², above most November weeks since 2000. Harvest / drying: harvest window closing — move produce and equipment to higher ground before water rises. Approx. 653 ha of mapped crops in the Aweil East floodplain are at risk. Approx. 8,544 ha of rangeland at risk; plan early herd movement. (Aweil East maps ~505,028 cattle in baseline.)"
2022-11-14,Aweil North,0.35,0.67,2,harvest / drying,93.5,3592.8,463800.5038861725,"High flood risk in Aweil North this week: q50 0.3 km², above most November weeks since 2000. Harvest / drying: harvest window closing — move produce and equipment to higher ground before water rises. Approx. 93 ha of mapped crops in the Aweil North floodplain are at risk. Approx. 3,593 ha of rangeland at risk; plan early herd movement. (Aweil North maps ~463,801 cattle in baseline.)"
2022-11-14,Aweil South,46.63,0.985,2,harvest / drying,975.1,15623.2,141256.8006910938,"High flood risk in Aweil South this week: q50 46.6 km², above most November weeks since 2000. Harvest / drying: harvest window closing — move produce and equipment to higher ground before water rises. Approx. 975 ha of mapped crops in the Aweil South floodplain are at risk. Approx. 15,623 ha of rangeland at risk; plan early herd movement. (Aweil South maps ~141,257 cattle in baseline.)"
2022-11-14,Aweil West,1.93,0.966,2,harvest / drying,73.4,3151.0,318964.9515941321,"High flood risk in Aweil West this week: q50 1.9 km², above most November weeks since 2000. Harvest / drying: harvest window closing — move produce and equipment to higher ground before water rises. Approx. 73 ha of mapped crops in the Aweil West floodplain are at risk. Approx. 3,151 ha of rangeland at risk; plan early herd movement. (Aweil West maps ~318,965 cattle in baseline.)"
2022-11-21,Aweil Centre,0.32,0.582,0,harvest / drying,0.0,46.3,364961.8333817694,"SEVERE flood expected in Aweil Centre this week: q50 0.3 km², above the 95th percentile of all November weeks since 2000. Approx. 46 ha of rangeland at risk; plan early herd movement. (Aweil Centre maps ~364,962 cattle in baseline.)"
2022-11-21,Aweil East,47.02,0.985,2,harvest / drying,850.0,11122.4,505027.7802561831,"High flood risk in Aweil East this week: q50 47.0 km², above most November weeks since 2000. Harvest / drying: harvest window closing — move produce and equipment to higher ground before water rises. Approx. 850 ha of mapped crops in the Aweil East floodplain are at risk. Approx. 11,122 ha of rangeland at risk; plan early herd movement. (Aweil East maps ~505,028 cattle in baseline.)"
2022-11-21,Aweil North,0.15,0.243,0,harvest / drying,39.9,1533.5,463800.5038861725,"No flood expected in Aweil North this week (q50 0.1 km²). Routine monitoring. Approx. 40 ha of mapped crops in the Aweil North floodplain are at risk. Approx. 1,534 ha of rangeland at risk; plan early herd movement. (Aweil North maps ~463,801 cattle in baseline.)"
2022-11-21,Aweil South,47.01,0.986,2,harvest / drying,983.2,15752.6,141256.8006910938,"High flood risk in Aweil South this week: q50 47.0 km², above most November weeks since 2000. Harvest / drying: harvest window closing — move produce and equipment to higher ground before water rises. Approx. 983 ha of mapped crops in the Aweil South floodplain are at risk. Approx. 15,753 ha of rangeland at risk; plan early herd movement. (Aweil South maps ~141,257 cattle in baseline.)"
2022-11-21,Aweil West,0.29,0.766,0,harvest / drying,11.0,472.6,318964.9515941321,"SEVERE flood expected in Aweil West this week: q50 0.3 km², above the 95th percentile of all November weeks since 2000. Approx. 11 ha of mapped crops in the Aweil West floodplain are at risk. Approx. 473 ha of rangeland at risk; plan early herd movement. (Aweil West maps ~318,965 cattle in baseline.)"
2022-11-28,Aweil Centre,0.13,0.567,0,harvest / drying,0.0,18.7,364961.8333817694,"SEVERE flood expected in Aweil Centre this week: q50 0.1 km², above the 95th percentile of all November weeks since 2000. Approx. 19 ha of rangeland at risk; plan early herd movement. (Aweil Centre maps ~364,962 cattle in baseline.)"
2022-11-28,Aweil East,39.09,0.985,2,harvest / drying,706.5,9245.5,505027.7802561831,"High flood risk in Aweil East this week: q50 39.1 km², above most November weeks since 2000. Harvest / drying: harvest window closing — move produce and equipment to higher ground before water rises. Approx. 707 ha of mapped crops in the Aweil East floodplain are at risk. Approx. 9,245 ha of rangeland at risk; plan early herd movement. (Aweil East maps ~505,028 cattle in baseline.)"
2022-11-28,Aweil North,0.02,0.054,0,harvest / drying,5.0,191.8,463800.5038861725,"No flood expected in Aweil North this week (q50 0.0 km²). Routine monitoring. Approx. 5 ha of mapped crops in the Aweil North floodplain are at risk. Approx. 192 ha of rangeland at risk; plan early herd movement. (Aweil North maps ~463,801 cattle in baseline.)"
2022-11-28,Aweil South,46.28,0.985,2,harvest / drying,967.8,15506.1,141256.8006910938,"High flood risk in Aweil South this week: q50 46.3 km², above most November weeks since 2000. Harvest / drying: harvest window closing — move produce and equipment to higher ground before water rises. Approx. 968 ha of mapped crops in the Aweil South floodplain are at risk. Approx. 15,506 ha of rangeland at risk; plan early herd movement. (Aweil South maps ~141,257 cattle in baseline.)"
2022-11-28,Aweil West,0.11,0.144,0,harvest / drying,4.2,178.5,318964.9515941321,"No flood expected in Aweil West this week (q50 0.1 km²). Routine monitoring. Approx. 4 ha of mapped crops in the Aweil West floodplain are at risk. Approx. 179 ha of rangeland at risk; plan early herd movement. (Aweil West maps ~318,965 cattle in baseline.)"
2022-12-05,Aweil Centre,0.0,0.101,0,dry season,0.0,0.0,364961.8333817694,"No flood expected in Aweil Centre this week (q50 0.0 km²). Routine monitoring. (Aweil Centre maps ~364,962 cattle in baseline.)"
2022-12-05,Aweil East,3.79,0.977,2,dry season,705.5,14321.4,505027.7802561831,"High flood risk in Aweil East this week: q50 3.8 km², above most December weeks since 2000. Dry season: little active cropping; floodplain grazing and residual flooding dominate. Approx. 706 ha of mapped crops in the Aweil East floodplain are at risk. Approx. 14,321 ha of rangeland at risk; plan early herd movement. (Aweil East maps ~505,028 cattle in baseline.)"
2022-12-05,Aweil North,0.0,0.034,0,dry season,0.0,0.0,463800.5038861725,"No flood expected in Aweil North this week (q50 0.0 km²). Routine monitoring. (Aweil North maps ~463,801 cattle in baseline.)"
2022-12-05,Aweil South,45.86,0.986,3,dry season,1302.8,26094.0,141256.8006910938,"SEVERE flood expected in Aweil South this week: q50 45.9 km², above the 95th percentile of all December weeks since 2000. Dry season: little active cropping; floodplain grazing and residual flooding dominate. Approx. 1,303 ha of mapped crops in the Aweil South floodplain are at risk. Approx. 26,094 ha of rangeland at risk; plan early herd movement. (Aweil South maps ~141,257 cattle in baseline.)"
2022-12-05,Aweil West,0.0,0.03,0,dry season,0.0,0.0,318964.9515941321,"No flood expected in Aweil West this week (q50 0.0 km²). Routine monitoring. (Aweil West maps ~318,965 cattle in baseline.)"
2022-12-12,Aweil Centre,0.0,0.04,0,dry season,0.0,0.0,364961.8333817694,"No flood expected in Aweil Centre this week (q50 0.0 km²). Routine monitoring. (Aweil Centre maps ~364,962 cattle in baseline.)"
2022-12-12,Aweil East,4.9,0.959,3,dry season,911.4,18501.1,505027.7802561831,"SEVERE flood expected in Aweil East this week: q50 4.9 km², above the 95th percentile of all December weeks since 2000. Dry season: little active cropping; floodplain grazing and residual flooding dominate. Approx. 911 ha of mapped crops in the Aweil East floodplain are at risk. Approx. 18,501 ha of rangeland at risk; plan early herd movement. (Aweil East maps ~505,028 cattle in baseline.)"
2022-12-12,Aweil North,0.0,0.028,0,dry season,0.0,0.0,463800.5038861725,"No flood expected in Aweil North this week (q50 0.0 km²). Routine monitoring. (Aweil North maps ~463,801 cattle in baseline.)"
2022-12-12,Aweil South,41.57,0.984,3,dry season,1302.8,26094.0,141256.8006910938,"SEVERE flood expected in Aweil South this week: q50 41.6 km², above the 95th percentile of all December weeks since 2000. Dry season: little active cropping; floodplain grazing and residual flooding dominate. Approx. 1,303 ha of mapped crops in the Aweil South floodplain are at risk. Approx. 26,094 ha of rangeland at risk; plan early herd movement. (Aweil South maps ~141,257 cattle in baseline.)"
2022-12-12,Aweil West,0.0,0.021,0,dry season,0.0,0.0,318964.9515941321,"No flood expected in Aweil West this week (q50 0.0 km²). Routine monitoring. (Aweil West maps ~318,965 cattle in baseline.)"
2022-12-19,Aweil Centre,0.0,0.031,0,dry season,0.0,0.0,364961.8333817694,"No flood expected in Aweil Centre this week (q50 0.0 km²). Routine monitoring. (Aweil Centre maps ~364,962 cattle in baseline.)"
2022-12-19,Aweil East,1.57,0.938,2,dry season,292.8,5944.0,505027.7802561831,"High flood risk in Aweil East this week: q50 1.6 km², above most December weeks since 2000. Dry season: little active cropping; floodplain grazing and residual flooding dominate. Approx. 293 ha of mapped crops in the Aweil East floodplain are at risk. Approx. 5,944 ha of rangeland at risk; plan early herd movement. (Aweil East maps ~505,028 cattle in baseline.)"
2022-12-19,Aweil North,0.0,0.023,0,dry season,0.0,0.0,463800.5038861725,"No flood expected in Aweil North this week (q50 0.0 km²). Routine monitoring. (Aweil North maps ~463,801 cattle in baseline.)"
2022-12-19,Aweil South,27.16,0.984,3,dry season,1302.8,26094.0,141256.8006910938,"SEVERE flood expected in Aweil South this week: q50 27.2 km², above the 95th percentile of all December weeks since 2000. Dry season: little active cropping; floodplain grazing and residual flooding dominate. Approx. 1,303 ha of mapped crops in the Aweil South floodplain are at risk. Approx. 26,094 ha of rangeland at risk; plan early herd movement. (Aweil South maps ~141,257 cattle in baseline.)"
2022-12-19,Aweil West,0.0,0.015,0,dry season,0.0,0.0,318964.9515941321,"No flood expected in Aweil West this week (q50 0.0 km²). Routine monitoring. (Aweil West maps ~318,965 cattle in baseline.)"
2022-12-26,Aweil Centre,0.0,0.021,0,dry season,0.0,0.0,364961.8333817694,"No flood expected in Aweil Centre this week (q50 0.0 km²). Routine monitoring. (Aweil Centre maps ~364,962 cattle in baseline.)"
2022-12-26,Aweil East,0.24,0.731,0,dry season,44.0,892.6,505027.7802561831,"SEVERE flood expected in Aweil East this week: q50 0.2 km², above the 95th percentile of all December weeks since 2000. Approx. 44 ha of mapped crops in the Aweil East floodplain are at risk. Approx. 893 ha of rangeland at risk; plan early herd movement. (Aweil East maps ~505,028 cattle in baseline.)"
2022-12-26,Aweil North,0.0,0.017,0,dry season,0.0,0.0,463800.5038861725,"No flood expected in Aweil North this week (q50 0.0 km²). Routine monitoring. (Aweil North maps ~463,801 cattle in baseline.)"
2022-12-26,Aweil South,8.05,0.973,2,dry season,507.3,10160.9,141256.8006910938,"High flood risk in Aweil South this week: q50 8.0 km², above most December weeks since 2000. Dry season: little active cropping; floodplain grazing and residual flooding dominate. Approx. 507 ha of mapped crops in the Aweil South floodplain are at risk. Approx. 10,161 ha of rangeland at risk; plan early herd movement. (Aweil South maps ~141,257 cattle in baseline.)"
2022-12-26,Aweil West,0.0,0.012,0,dry season,0.0,0.0,318964.9515941321,"No flood expected in Aweil West this week (q50 0.0 km²). Routine monitoring. (Aweil West maps ~318,965 cattle in baseline.)"
2023-01-02,Aweil Centre,0.0,0.032,0,dry season (late phase),0.0,0.0,364961.8333817694,"No flood expected in Aweil Centre this week (q50 0.0 km²). Routine monitoring. (Aweil Centre maps ~364,962 cattle in baseline.)"
2023-01-02,Aweil East,0.14,0.639,2,dry season (late phase),0.0,765.3,505027.7802561831,"High flood risk in Aweil East this week: q50 0.1 km², above most January weeks since 2000. Dry season (late phase): little active cropping; floodplain grazing and residual flooding dominate. Approx. 765 ha of rangeland at risk; plan early herd movement. (Aweil East maps ~505,028 cattle in baseline.)"
2023-01-02,Aweil North,0.0,0.024,0,dry season (late phase),0.0,0.0,463800.5038861725,"No flood expected in Aweil North this week (q50 0.0 km²). Routine monitoring. (Aweil North maps ~463,801 cattle in baseline.)"
2023-01-02,Aweil South,0.36,0.86,2,dry season (late phase),0.8,26.6,141256.8006910938,"High flood risk in Aweil South this week: q50 0.4 km², above most January weeks since 2000. Dry season (late phase): little active cropping; floodplain grazing and residual flooding dominate. Approx. 27 ha of rangeland at risk; plan early herd movement. (Aweil South maps ~141,257 cattle in baseline.)"
2023-01-02,Aweil West,0.0,0.014,0,dry season (late phase),0.0,0.0,318964.9515941321,"No flood expected in Aweil West this week (q50 0.0 km²). Routine monitoring. (Aweil West maps ~318,965 cattle in baseline.)"
2023-01-09,Aweil Centre,0.0,0.04,0,dry season (late phase),0.0,0.0,364961.8333817694,"No flood expected in Aweil Centre this week (q50 0.0 km²). Routine monitoring. (Aweil Centre maps ~364,962 cattle in baseline.)"
2023-01-09,Aweil East,0.04,0.503,2,dry season (late phase),0.0,242.4,505027.7802561831,"High flood risk in Aweil East this week: q50 0.0 km², above most January weeks since 2000. Dry season (late phase): little active cropping; floodplain grazing and residual flooding dominate. Approx. 242 ha of rangeland at risk; plan early herd movement. (Aweil East maps ~505,028 cattle in baseline.)"
2023-01-09,Aweil North,0.0,0.024,0,dry season (late phase),0.0,0.0,463800.5038861725,"No flood expected in Aweil North this week (q50 0.0 km²). Routine monitoring. (Aweil North maps ~463,801 cattle in baseline.)"
2023-01-09,Aweil South,0.07,0.52,0,dry season (late phase),0.2,5.4,141256.8006910938,"SEVERE flood expected in Aweil South this week: q50 0.1 km², above the 95th percentile of all January weeks since 2000. Approx. 5 ha of rangeland at risk; plan early herd movement. (Aweil South maps ~141,257 cattle in baseline.)"
2023-01-09,Aweil West,0.0,0.016,0,dry season (late phase),0.0,0.0,318964.9515941321,"No flood expected in Aweil West this week (q50 0.0 km²). Routine monitoring. (Aweil West maps ~318,965 cattle in baseline.)"
2023-01-16,Aweil Centre,0.0,0.04,0,dry season (late phase),0.0,0.0,364961.8333817694,"No flood expected in Aweil Centre this week (q50 0.0 km²). Routine monitoring. (Aweil Centre maps ~364,962 cattle in baseline.)"
2023-01-16,Aweil East,0.02,0.357,0,dry season (late phase),0.0,108.0,505027.7802561831,"No flood expected in Aweil East this week (q50 0.0 km²). Routine monitoring. Approx. 108 ha of rangeland at risk; plan early herd movement. (Aweil East maps ~505,028 cattle in baseline.)"
2023-01-16,Aweil North,0.0,0.028,0,dry season (late phase),0.0,0.0,463800.5038861725,"No flood expected in Aweil North this week (q50 0.0 km²). Routine monitoring. (Aweil North maps ~463,801 cattle in baseline.)"
2023-01-16,Aweil South,0.0,0.148,0,dry season (late phase),0.0,0.0,141256.8006910938,"No flood expected in Aweil South this week (q50 0.0 km²). Routine monitoring. (Aweil South maps ~141,257 cattle in baseline.)"
2023-01-16,Aweil West,0.0,0.019,0,dry season (late phase),0.0,0.0,318964.9515941321,"No flood expected in Aweil West this week (q50 0.0 km²). Routine monitoring. (Aweil West maps ~318,965 cattle in baseline.)"
2023-01-23,Aweil Centre,0.0,0.035,0,dry season (late phase),0.0,0.0,364961.8333817694,"No flood expected in Aweil Centre this week (q50 0.0 km²). Routine monitoring. (Aweil Centre maps ~364,962 cattle in baseline.)"
2023-01-23,Aweil East,0.01,0.201,0,dry season (late phase),0.0,43.5,505027.7802561831,"No flood expected in Aweil East this week (q50 0.0 km²). Routine monitoring. Approx. 44 ha of rangeland at risk; plan early herd movement. (Aweil East maps ~505,028 cattle in baseline.)"
2023-01-23,Aweil North,0.0,0.02,0,dry season (late phase),0.0,0.0,463800.5038861725,"No flood expected in Aweil North this week (q50 0.0 km²). Routine monitoring. (Aweil North maps ~463,801 cattle in baseline.)"
2023-01-23,Aweil South,0.0,0.028,0,dry season (late phase),0.0,0.0,141256.8006910938,"No flood expected in Aweil South this week (q50 0.0 km²). Routine monitoring. (Aweil South maps ~141,257 cattle in baseline.)"
2023-01-23,Aweil West,0.0,0.017,0,dry season (late phase),0.0,0.0,318964.9515941321,"No flood expected in Aweil West this week (q50 0.0 km²). Routine monitoring. (Aweil West maps ~318,965 cattle in baseline.)"
2023-01-30,Aweil Centre,0.0,0.013,0,dry season (late phase),0.0,0.0,364961.8333817694,"No flood expected in Aweil Centre this week (q50 0.0 km²). Routine monitoring. (Aweil Centre maps ~364,962 cattle in baseline.)"
2023-01-30,Aweil East,0.0,0.088,0,dry season (late phase),0.0,0.7,505027.7802561831,"No flood expected in Aweil East this week (q50 0.0 km²). Routine monitoring. (Aweil East maps ~505,028 cattle in baseline.)"
2023-01-30,Aweil North,0.0,0.01,0,dry season (late phase),0.0,0.0,463800.5038861725,"No flood expected in Aweil North this week (q50 0.0 km²). Routine monitoring. (Aweil North maps ~463,801 cattle in baseline.)"
2023-01-30,Aweil South,0.0,0.01,0,dry season (late phase),0.0,0.0,141256.8006910938,"No flood expected in Aweil South this week (q50 0.0 km²). Routine monitoring. (Aweil South maps ~141,257 cattle in baseline.)"
2023-01-30,Aweil West,0.0,0.009,0,dry season (late phase),0.0,0.0,318964.9515941321,"No flood expected in Aweil West this week (q50 0.0 km²). Routine monitoring. (Aweil West maps ~318,965 cattle in baseline.)"
2023-02-06,Aweil Centre,0.0,0.012,0,dry season,0.0,0.0,364961.8333817694,"No flood expected in Aweil Centre this week (q50 0.0 km²). Routine monitoring. (Aweil Centre maps ~364,962 cattle in baseline.)"
2023-02-06,Aweil East,0.0,0.02,0,dry season,0.0,0.0,505027.7802561831,"No flood expected in Aweil East this week (q50 0.0 km²). Routine monitoring. (Aweil East maps ~505,028 cattle in baseline.)"
2023-02-06,Aweil North,0.0,0.009,0,dry season,0.0,0.0,463800.5038861725,"No flood expected in Aweil North this week (q50 0.0 km²). Routine monitoring. (Aweil North maps ~463,801 cattle in baseline.)"
2023-02-06,Aweil South,0.0,0.009,0,dry season,0.0,0.0,141256.8006910938,"No flood expected in Aweil South this week (q50 0.0 km²). Routine monitoring. (Aweil South maps ~141,257 cattle in baseline.)"
2023-02-06,Aweil West,0.0,0.01,0,dry season,0.0,0.0,318964.9515941321,"No flood expected in Aweil West this week (q50 0.0 km²). Routine monitoring. (Aweil West maps ~318,965 cattle in baseline.)"
2023-02-13,Aweil Centre,0.0,0.011,0,dry season,0.0,0.0,364961.8333817694,"No flood expected in Aweil Centre this week (q50 0.0 km²). Routine monitoring. (Aweil Centre maps ~364,962 cattle in baseline.)"
2023-02-13,Aweil East,0.0,0.011,0,dry season,0.0,0.0,505027.7802561831,"No flood expected in Aweil East this week (q50 0.0 km²). Routine monitoring. (Aweil East maps ~505,028 cattle in baseline.)"
2023-02-13,Aweil North,0.0,0.008,0,dry season,0.0,0.0,463800.5038861725,"No flood expected in Aweil North this week (q50 0.0 km²). Routine monitoring. (Aweil North maps ~463,801 cattle in baseline.)"
2023-02-13,Aweil South,0.0,0.008,0,dry season,0.0,0.0,141256.8006910938,"No flood expected in Aweil South this week (q50 0.0 km²). Routine monitoring. (Aweil South maps ~141,257 cattle in baseline.)"
2023-02-13,Aweil West,0.0,0.008,0,dry season,0.0,0.0,318964.9515941321,"No flood expected in Aweil West this week (q50 0.0 km²). Routine monitoring. (Aweil West maps ~318,965 cattle in baseline.)"
2023-02-20,Aweil Centre,0.0,0.012,0,dry season,0.0,0.0,364961.8333817694,"No flood expected in Aweil Centre this week (q50 0.0 km²). Routine monitoring. (Aweil Centre maps ~364,962 cattle in baseline.)"
2023-02-20,Aweil East,0.0,0.01,0,dry season,0.0,0.0,505027.7802561831,"No flood expected in Aweil East this week (q50 0.0 km²). Routine monitoring. (Aweil East maps ~505,028 cattle in baseline.)"
2023-02-20,Aweil North,0.0,0.009,0,dry season,0.0,0.0,463800.5038861725,"No flood expected in Aweil North this week (q50 0.0 km²). Routine monitoring. (Aweil North maps ~463,801 cattle in baseline.)"
2023-02-20,Aweil South,0.0,0.009,0,dry season,0.0,0.0,141256.8006910938,"No flood expected in Aweil South this week (q50 0.0 km²). Routine monitoring. (Aweil South maps ~141,257 cattle in baseline.)"
2023-02-20,Aweil West,0.0,0.009,0,dry season,0.0,0.0,318964.9515941321,"No flood expected in Aweil West this week (q50 0.0 km²). Routine monitoring. (Aweil West maps ~318,965 cattle in baseline.)"
2023-02-27,Aweil Centre,0.0,0.012,0,dry season,0.0,0.0,364961.8333817694,"No flood expected in Aweil Centre this week (q50 0.0 km²). Routine monitoring. (Aweil Centre maps ~364,962 cattle in baseline.)"
2023-02-27,Aweil East,0.0,0.01,0,dry season,0.0,0.0,505027.7802561831,"No flood expected in Aweil East this week (q50 0.0 km²). Routine monitoring. (Aweil East maps ~505,028 cattle in baseline.)"
2023-02-27,Aweil North,0.0,0.01,0,dry season,0.0,0.0,463800.5038861725,"No flood expected in Aweil North this week (q50 0.0 km²). Routine monitoring. (Aweil North maps ~463,801 cattle in baseline.)"
2023-02-27,Aweil South,0.0,0.01,0,dry season,0.0,0.0,141256.8006910938,"No flood expected in Aweil South this week (q50 0.0 km²). Routine monitoring. (Aweil South maps ~141,257 cattle in baseline.)"
2023-02-27,Aweil West,0.0,0.01,0,dry season,0.0,0.0,318964.9515941321,"No flood expected in Aweil West this week (q50 0.0 km²). Routine monitoring. (Aweil West maps ~318,965 cattle in baseline.)"
2023-03-06,Aweil Centre,0.0,0.012,0,early season (sowing),0.0,0.0,364961.8333817694,"No flood expected in Aweil Centre this week (q50 0.0 km²). Routine monitoring. (Aweil Centre maps ~364,962 cattle in baseline.)"
2023-03-06,Aweil East,0.0,0.012,0,early season (sowing),0.0,0.0,505027.7802561831,"No flood expected in Aweil East this week (q50 0.0 km²). Routine monitoring. (Aweil East maps ~505,028 cattle in baseline.)"
2023-03-06,Aweil North,0.0,0.01,0,early season (sowing),0.0,0.0,463800.5038861725,"No flood expected in Aweil North this week (q50 0.0 km²). Routine monitoring. (Aweil North maps ~463,801 cattle in baseline.)"
2023-03-06,Aweil South,0.0,0.01,0,early season (sowing),0.0,0.0,141256.8006910938,"No flood expected in Aweil South this week (q50 0.0 km²). Routine monitoring. (Aweil South maps ~141,257 cattle in baseline.)"
2023-03-06,Aweil West,0.0,0.01,0,early season (sowing),0.0,0.0,318964.9515941321,"No flood expected in Aweil West this week (q50 0.0 km²). Routine monitoring. (Aweil West maps ~318,965 cattle in baseline.)"
2023-03-13,Aweil Centre,0.0,0.012,0,early season (sowing),0.0,0.0,364961.8333817694,"No flood expected in Aweil Centre this week (q50 0.0 km²). Routine monitoring. (Aweil Centre maps ~364,962 cattle in baseline.)"
2023-03-13,Aweil East,0.0,0.016,0,early season (sowing),0.0,0.0,505027.7802561831,"No flood expected in Aweil East this week (q50 0.0 km²). Routine monitoring. (Aweil East maps ~505,028 cattle in baseline.)"
2023-03-13,Aweil North,0.0,0.012,0,early season (sowing),0.0,0.0,463800.5038861725,"No flood expected in Aweil North this week (q50 0.0 km²). Routine monitoring. (Aweil North maps ~463,801 cattle in baseline.)"
2023-03-13,Aweil South,0.0,0.011,0,early season (sowing),0.0,0.0,141256.8006910938,"No flood expected in Aweil South this week (q50 0.0 km²). Routine monitoring. (Aweil South maps ~141,257 cattle in baseline.)"
2023-03-13,Aweil West,0.0,0.011,0,early season (sowing),0.0,0.0,318964.9515941321,"No flood expected in Aweil West this week (q50 0.0 km²). Routine monitoring. (Aweil West maps ~318,965 cattle in baseline.)"
2023-03-20,Aweil Centre,0.0,0.011,0,early season (sowing),0.0,0.0,364961.8333817694,"No flood expected in Aweil Centre this week (q50 0.0 km²). Routine monitoring. (Aweil Centre maps ~364,962 cattle in baseline.)"
2023-03-20,Aweil East,0.0,0.012,0,early season (sowing),0.0,0.0,505027.7802561831,"No flood expected in Aweil East this week (q50 0.0 km²). Routine monitoring. (Aweil East maps ~505,028 cattle in baseline.)"
2023-03-20,Aweil North,0.0,0.01,0,early season (sowing),0.0,0.0,463800.5038861725,"No flood expected in Aweil North this week (q50 0.0 km²). Routine monitoring. (Aweil North maps ~463,801 cattle in baseline.)"
2023-03-20,Aweil South,0.0,0.01,0,early season (sowing),0.0,0.0,141256.8006910938,"No flood expected in Aweil South this week (q50 0.0 km²). Routine monitoring. (Aweil South maps ~141,257 cattle in baseline.)"
2023-03-20,Aweil West,0.0,0.01,0,early season (sowing),0.0,0.0,318964.9515941321,"No flood expected in Aweil West this week (q50 0.0 km²). Routine monitoring. (Aweil West maps ~318,965 cattle in baseline.)"
2023-03-27,Aweil Centre,0.0,0.021,0,early season (sowing),0.0,0.0,364961.8333817694,"No flood expected in Aweil Centre this week (q50 0.0 km²). Routine monitoring. (Aweil Centre maps ~364,962 cattle in baseline.)"
2023-03-27,Aweil East,0.0,0.028,0,early season (sowing),0.0,0.0,505027.7802561831,"No flood expected in Aweil East this week (q50 0.0 km²). Routine monitoring. (Aweil East maps ~505,028 cattle in baseline.)"
2023-03-27,Aweil North,0.0,0.026,0,early season (sowing),0.0,0.0,463800.5038861725,"No flood expected in Aweil North this week (q50 0.0 km²). Routine monitoring. (Aweil North maps ~463,801 cattle in baseline.)"
2023-03-27,Aweil South,0.0,0.024,0,early season (sowing),0.0,0.0,141256.8006910938,"No flood expected in Aweil South this week (q50 0.0 km²). Routine monitoring. (Aweil South maps ~141,257 cattle in baseline.)"
2023-03-27,Aweil West,0.0,0.024,0,early season (sowing),0.0,0.0,318964.9515941321,"No flood expected in Aweil West this week (q50 0.0 km²). Routine monitoring. (Aweil West maps ~318,965 cattle in baseline.)"
2023-04-03,Aweil Centre,0.0,0.013,0,crop establishment,0.0,0.0,364961.8333817694,"No flood expected in Aweil Centre this week (q50 0.0 km²). Routine monitoring. (Aweil Centre maps ~364,962 cattle in baseline.)"
2023-04-03,Aweil East,0.0,0.014,0,crop establishment,0.0,0.0,505027.7802561831,"No flood expected in Aweil East this week (q50 0.0 km²). Routine monitoring. (Aweil East maps ~505,028 cattle in baseline.)"
2023-04-03,Aweil North,0.0,0.014,0,crop establishment,0.0,0.0,463800.5038861725,"No flood expected in Aweil North this week (q50 0.0 km²). Routine monitoring. (Aweil North maps ~463,801 cattle in baseline.)"
2023-04-03,Aweil South,0.0,0.013,0,crop establishment,0.0,0.0,141256.8006910938,"No flood expected in Aweil South this week (q50 0.0 km²). Routine monitoring. (Aweil South maps ~141,257 cattle in baseline.)"
2023-04-03,Aweil West,0.0,0.012,0,crop establishment,0.0,0.0,318964.9515941321,"No flood expected in Aweil West this week (q50 0.0 km²). Routine monitoring. (Aweil West maps ~318,965 cattle in baseline.)"
2023-04-10,Aweil Centre,0.0,0.016,0,crop establishment,0.0,0.0,364961.8333817694,"No flood expected in Aweil Centre this week (q50 0.0 km²). Routine monitoring. (Aweil Centre maps ~364,962 cattle in baseline.)"
2023-04-10,Aweil East,0.0,0.018,0,crop establishment,0.0,0.0,505027.7802561831,"No flood expected in Aweil East this week (q50 0.0 km²). Routine monitoring. (Aweil East maps ~505,028 cattle in baseline.)"
2023-04-10,Aweil North,0.0,0.019,0,crop establishment,0.0,0.0,463800.5038861725,"No flood expected in Aweil North this week (q50 0.0 km²). Routine monitoring. (Aweil North maps ~463,801 cattle in baseline.)"
2023-04-10,Aweil South,0.0,0.019,0,crop establishment,0.0,0.0,141256.8006910938,"No flood expected in Aweil South this week (q50 0.0 km²). Routine monitoring. (Aweil South maps ~141,257 cattle in baseline.)"
2023-04-10,Aweil West,0.0,0.016,0,crop establishment,0.0,0.0,318964.9515941321,"No flood expected in Aweil West this week (q50 0.0 km²). Routine monitoring. (Aweil West maps ~318,965 cattle in baseline.)"
2023-04-17,Aweil Centre,0.0,0.023,0,crop establishment,0.0,0.0,364961.8333817694,"No flood expected in Aweil Centre this week (q50 0.0 km²). Routine monitoring. (Aweil Centre maps ~364,962 cattle in baseline.)"
2023-04-17,Aweil East,0.0,0.035,0,crop establishment,0.0,0.0,505027.7802561831,"No flood expected in Aweil East this week (q50 0.0 km²). Routine monitoring. (Aweil East maps ~505,028 cattle in baseline.)"
2023-04-17,Aweil North,0.0,0.029,0,crop establishment,0.0,0.0,463800.5038861725,"No flood expected in Aweil North this week (q50 0.0 km²). Routine monitoring. (Aweil North maps ~463,801 cattle in baseline.)"
2023-04-17,Aweil South,0.0,0.029,0,crop establishment,0.0,0.0,141256.8006910938,"No flood expected in Aweil South this week (q50 0.0 km²). Routine monitoring. (Aweil South maps ~141,257 cattle in baseline.)"
2023-04-17,Aweil West,0.0,0.025,0,crop establishment,0.0,0.0,318964.9515941321,"No flood expected in Aweil West this week (q50 0.0 km²). Routine monitoring. (Aweil West maps ~318,965 cattle in baseline.)"
2023-04-24,Aweil Centre,0.0,0.023,0,crop establishment,0.0,0.0,364961.8333817694,"No flood expected in Aweil Centre this week (q50 0.0 km²). Routine monitoring. (Aweil Centre maps ~364,962 cattle in baseline.)"
2023-04-24,Aweil East,0.0,0.043,0,crop establishment,0.0,0.0,505027.7802561831,"No flood expected in Aweil East this week (q50 0.0 km²). Routine monitoring. (Aweil East maps ~505,028 cattle in baseline.)"
2023-04-24,Aweil North,0.0,0.033,0,crop establishment,0.0,0.0,463800.5038861725,"No flood expected in Aweil North this week (q50 0.0 km²). Routine monitoring. (Aweil North maps ~463,801 cattle in baseline.)"
2023-04-24,Aweil South,0.0,0.027,0,crop establishment,0.0,0.0,141256.8006910938,"No flood expected in Aweil South this week (q50 0.0 km²). Routine monitoring. (Aweil South maps ~141,257 cattle in baseline.)"
2023-04-24,Aweil West,0.0,0.026,0,crop establishment,0.0,0.0,318964.9515941321,"No flood expected in Aweil West this week (q50 0.0 km²). Routine monitoring. (Aweil West maps ~318,965 cattle in baseline.)"
2023-05-01,Aweil Centre,0.0,0.012,0,vegetative growth,0.0,0.0,364961.8333817694,"No flood expected in Aweil Centre this week (q50 0.0 km²). Routine monitoring. (Aweil Centre maps ~364,962 cattle in baseline.)"
2023-05-01,Aweil East,0.0,0.02,0,vegetative growth,0.0,0.0,505027.7802561831,"No flood expected in Aweil East this week (q50 0.0 km²). Routine monitoring. (Aweil East maps ~505,028 cattle in baseline.)"
2023-05-01,Aweil North,0.0,0.014,0,vegetative growth,0.0,0.0,463800.5038861725,"No flood expected in Aweil North this week (q50 0.0 km²). Routine monitoring. (Aweil North maps ~463,801 cattle in baseline.)"
2023-05-01,Aweil South,0.0,0.013,0,vegetative growth,0.0,0.0,141256.8006910938,"No flood expected in Aweil South this week (q50 0.0 km²). Routine monitoring. (Aweil South maps ~141,257 cattle in baseline.)"
2023-05-01,Aweil West,0.0,0.012,0,vegetative growth,0.0,0.0,318964.9515941321,"No flood expected in Aweil West this week (q50 0.0 km²). Routine monitoring. (Aweil West maps ~318,965 cattle in baseline.)"
2023-05-08,Aweil Centre,0.0,0.017,0,vegetative growth,0.0,0.0,364961.8333817694,"No flood expected in Aweil Centre this week (q50 0.0 km²). Routine monitoring. (Aweil Centre maps ~364,962 cattle in baseline.)"
2023-05-08,Aweil East,0.0,0.029,0,vegetative growth,0.0,0.0,505027.7802561831,"No flood expected in Aweil East this week (q50 0.0 km²). Routine monitoring. (Aweil East maps ~505,028 cattle in baseline.)"
2023-05-08,Aweil North,0.0,0.018,0,vegetative growth,0.0,0.0,463800.5038861725,"No flood expected in Aweil North this week (q50 0.0 km²). Routine monitoring. (Aweil North maps ~463,801 cattle in baseline.)"
2023-05-08,Aweil South,0.0,0.017,0,vegetative growth,0.0,0.0,141256.8006910938,"No flood expected in Aweil South this week (q50 0.0 km²). Routine monitoring. (Aweil South maps ~141,257 cattle in baseline.)"
2023-05-08,Aweil West,0.0,0.017,0,vegetative growth,0.0,0.0,318964.9515941321,"No flood expected in Aweil West this week (q50 0.0 km²). Routine monitoring. (Aweil West maps ~318,965 cattle in baseline.)"
2023-05-15,Aweil Centre,0.0,0.019,0,vegetative growth,0.0,0.0,364961.8333817694,"No flood expected in Aweil Centre this week (q50 0.0 km²). Routine monitoring. (Aweil Centre maps ~364,962 cattle in baseline.)"
2023-05-15,Aweil East,0.0,0.026,0,vegetative growth,0.0,0.0,505027.7802561831,"No flood expected in Aweil East this week (q50 0.0 km²). Routine monitoring. (Aweil East maps ~505,028 cattle in baseline.)"
2023-05-15,Aweil North,0.0,0.023,0,vegetative growth,0.0,0.0,463800.5038861725,"No flood expected in Aweil North this week (q50 0.0 km²). Routine monitoring. (Aweil North maps ~463,801 cattle in baseline.)"
2023-05-15,Aweil South,0.0,0.025,0,vegetative growth,0.0,0.0,141256.8006910938,"No flood expected in Aweil South this week (q50 0.0 km²). Routine monitoring. (Aweil South maps ~141,257 cattle in baseline.)"
2023-05-15,Aweil West,0.0,0.028,0,vegetative growth,0.0,0.0,318964.9515941321,"No flood expected in Aweil West this week (q50 0.0 km²). Routine monitoring. (Aweil West maps ~318,965 cattle in baseline.)"
2023-05-22,Aweil Centre,0.0,0.025,0,vegetative growth,0.0,0.0,364961.8333817694,"No flood expected in Aweil Centre this week (q50 0.0 km²). Routine monitoring. (Aweil Centre maps ~364,962 cattle in baseline.)"
2023-05-22,Aweil East,0.0,0.035,0,vegetative growth,0.0,0.0,505027.7802561831,"No flood expected in Aweil East this week (q50 0.0 km²). Routine monitoring. (Aweil East maps ~505,028 cattle in baseline.)"
2023-05-22,Aweil North,0.0,0.029,0,vegetative growth,0.0,0.0,463800.5038861725,"No flood expected in Aweil North this week (q50 0.0 km²). Routine monitoring. (Aweil North maps ~463,801 cattle in baseline.)"
2023-05-22,Aweil South,0.0,0.029,0,vegetative growth,0.0,0.0,141256.8006910938,"No flood expected in Aweil South this week (q50 0.0 km²). Routine monitoring. (Aweil South maps ~141,257 cattle in baseline.)"
2023-05-22,Aweil West,0.0,0.027,0,vegetative growth,0.0,0.0,318964.9515941321,"No flood expected in Aweil West this week (q50 0.0 km²). Routine monitoring. (Aweil West maps ~318,965 cattle in baseline.)"
2023-05-29,Aweil Centre,0.0,0.029,0,vegetative growth,0.0,0.0,364961.8333817694,"No flood expected in Aweil Centre this week (q50 0.0 km²). Routine monitoring. (Aweil Centre maps ~364,962 cattle in baseline.)"
2023-05-29,Aweil East,0.0,0.054,0,vegetative growth,0.0,0.0,505027.7802561831,"No flood expected in Aweil East this week (q50 0.0 km²). Routine monitoring. (Aweil East maps ~505,028 cattle in baseline.)"
2023-05-29,Aweil North,0.0,0.033,0,vegetative growth,0.0,0.0,463800.5038861725,"No flood expected in Aweil North this week (q50 0.0 km²). Routine monitoring. (Aweil North maps ~463,801 cattle in baseline.)"
2023-05-29,Aweil South,0.0,0.033,0,vegetative growth,0.0,0.0,141256.8006910938,"No flood expected in Aweil South this week (q50 0.0 km²). Routine monitoring. (Aweil South maps ~141,257 cattle in baseline.)"
2023-05-29,Aweil West,0.0,0.037,0,vegetative growth,0.0,0.0,318964.9515941321,"No flood expected in Aweil West this week (q50 0.0 km²). Routine monitoring. (Aweil West maps ~318,965 cattle in baseline.)"
2023-06-05,Aweil Centre,0.01,0.062,3,vegetative growth (peak),0.0,0.0,364961.8333817694,"SEVERE flood expected in Aweil Centre this week: q50 0.0 km², above the 95th percentile of all June weeks since 2000. Vegetative growth (peak): crops are at peak water demand — short flooding can be tolerated, sustained submergence is not. (Aweil Centre maps ~364,962 cattle in baseline.)"
2023-06-05,Aweil East,0.0,0.048,0,vegetative growth (peak),0.0,0.0,505027.7802561831,"No flood expected in Aweil East this week (q50 0.0 km²). Routine monitoring. (Aweil East maps ~505,028 cattle in baseline.)"
2023-06-05,Aweil North,0.0,0.033,0,vegetative growth (peak),0.0,0.0,463800.5038861725,"No flood expected in Aweil North this week (q50 0.0 km²). Routine monitoring. (Aweil North maps ~463,801 cattle in baseline.)"
2023-06-05,Aweil South,0.0,0.031,0,vegetative growth (peak),0.0,0.0,141256.8006910938,"No flood expected in Aweil South this week (q50 0.0 km²). Routine monitoring. (Aweil South maps ~141,257 cattle in baseline.)"
2023-06-05,Aweil West,0.0,0.033,0,vegetative growth (peak),0.0,0.0,318964.9515941321,"No flood expected in Aweil West this week (q50 0.0 km²). Routine monitoring. (Aweil West maps ~318,965 cattle in baseline.)"
2023-06-12,Aweil Centre,0.05,0.083,3,vegetative growth (peak),0.0,0.0,364961.8333817694,"SEVERE flood expected in Aweil Centre this week: q50 0.1 km², above the 95th percentile of all June weeks since 2000. Vegetative growth (peak): crops are at peak water demand — short flooding can be tolerated, sustained submergence is not. (Aweil Centre maps ~364,962 cattle in baseline.)"
2023-06-12,Aweil East,0.0,0.067,0,vegetative growth (peak),0.0,0.0,505027.7802561831,"No flood expected in Aweil East this week (q50 0.0 km²). Routine monitoring. (Aweil East maps ~505,028 cattle in baseline.)"
2023-06-12,Aweil North,0.0,0.041,0,vegetative growth (peak),0.0,0.0,463800.5038861725,"No flood expected in Aweil North this week (q50 0.0 km²). Routine monitoring. (Aweil North maps ~463,801 cattle in baseline.)"
2023-06-12,Aweil South,0.0,0.04,0,vegetative growth (peak),0.0,0.0,141256.8006910938,"No flood expected in Aweil South this week (q50 0.0 km²). Routine monitoring. (Aweil South maps ~141,257 cattle in baseline.)"
2023-06-12,Aweil West,0.0,0.05,0,vegetative growth (peak),0.0,0.0,318964.9515941321,"No flood expected in Aweil West this week (q50 0.0 km²). Routine monitoring. (Aweil West maps ~318,965 cattle in baseline.)"
2023-06-19,Aweil Centre,0.0,0.037,0,vegetative growth (peak),0.0,0.0,364961.8333817694,"No flood expected in Aweil Centre this week (q50 0.0 km²). Routine monitoring. (Aweil Centre maps ~364,962 cattle in baseline.)"
2023-06-19,Aweil East,0.0,0.038,0,vegetative growth (peak),0.0,0.0,505027.7802561831,"No flood expected in Aweil East this week (q50 0.0 km²). Routine monitoring. (Aweil East maps ~505,028 cattle in baseline.)"
2023-06-19,Aweil North,0.0,0.022,0,vegetative growth (peak),0.0,0.0,463800.5038861725,"No flood expected in Aweil North this week (q50 0.0 km²). Routine monitoring. (Aweil North maps ~463,801 cattle in baseline.)"
2023-06-19,Aweil South,0.0,0.021,0,vegetative growth (peak),0.0,0.0,141256.8006910938,"No flood expected in Aweil South this week (q50 0.0 km²). Routine monitoring. (Aweil South maps ~141,257 cattle in baseline.)"
2023-06-19,Aweil West,0.0,0.022,0,vegetative growth (peak),0.0,0.0,318964.9515941321,"No flood expected in Aweil West this week (q50 0.0 km²). Routine monitoring. (Aweil West maps ~318,965 cattle in baseline.)"
2023-06-26,Aweil Centre,0.0,0.024,0,vegetative growth (peak),0.0,0.0,364961.8333817694,"No flood expected in Aweil Centre this week (q50 0.0 km²). Routine monitoring. (Aweil Centre maps ~364,962 cattle in baseline.)"
2023-06-26,Aweil East,0.0,0.04,0,vegetative growth (peak),0.0,0.0,505027.7802561831,"No flood expected in Aweil East this week (q50 0.0 km²). Routine monitoring. (Aweil East maps ~505,028 cattle in baseline.)"
2023-06-26,Aweil North,0.0,0.028,0,vegetative growth (peak),0.0,0.0,463800.5038861725,"No flood expected in Aweil North this week (q50 0.0 km²). Routine monitoring. (Aweil North maps ~463,801 cattle in baseline.)"
2023-06-26,Aweil South,0.0,0.027,0,vegetative growth (peak),0.0,0.0,141256.8006910938,"No flood expected in Aweil South this week (q50 0.0 km²). Routine monitoring. (Aweil South maps ~141,257 cattle in baseline.)"
2023-06-26,Aweil West,0.0,0.027,0,vegetative growth (peak),0.0,0.0,318964.9515941321,"No flood expected in Aweil West this week (q50 0.0 km²). Routine monitoring. (Aweil West maps ~318,965 cattle in baseline.)"
2023-07-03,Aweil Centre,0.0,0.017,3,vegetative growth (peak),0.0,0.0,364961.8333817694,"SEVERE flood expected in Aweil Centre this week: q50 0.0 km², above the 95th percentile of all July weeks since 2000. Vegetative growth (peak): crops are at peak water demand — short flooding can be tolerated, sustained submergence is not. (Aweil Centre maps ~364,962 cattle in baseline.)"
2023-07-03,Aweil East,0.0,0.025,0,vegetative growth (peak),0.0,0.0,505027.7802561831,"No flood expected in Aweil East this week (q50 0.0 km²). Routine monitoring. (Aweil East maps ~505,028 cattle in baseline.)"
2023-07-03,Aweil North,0.0,0.014,0,vegetative growth (peak),0.0,0.0,463800.5038861725,"No flood expected in Aweil North this week (q50 0.0 km²). Routine monitoring. (Aweil North maps ~463,801 cattle in baseline.)"
2023-07-03,Aweil South,0.0,0.018,0,vegetative growth (peak),0.0,0.0,141256.8006910938,"No flood expected in Aweil South this week (q50 0.0 km²). Routine monitoring. (Aweil South maps ~141,257 cattle in baseline.)"
2023-07-03,Aweil West,0.0,0.018,0,vegetative growth (peak),0.0,0.0,318964.9515941321,"No flood expected in Aweil West this week (q50 0.0 km²). Routine monitoring. (Aweil West maps ~318,965 cattle in baseline.)"
2023-07-10,Aweil Centre,0.0,0.021,0,vegetative growth (peak),0.0,0.0,364961.8333817694,"No flood expected in Aweil Centre this week (q50 0.0 km²). Routine monitoring. (Aweil Centre maps ~364,962 cattle in baseline.)"
2023-07-10,Aweil East,0.0,0.04,0,vegetative growth (peak),0.0,0.0,505027.7802561831,"No flood expected in Aweil East this week (q50 0.0 km²). Routine monitoring. (Aweil East maps ~505,028 cattle in baseline.)"
2023-07-10,Aweil North,0.0,0.023,0,vegetative growth (peak),0.0,0.0,463800.5038861725,"No flood expected in Aweil North this week (q50 0.0 km²). Routine monitoring. (Aweil North maps ~463,801 cattle in baseline.)"
2023-07-10,Aweil South,0.0,0.024,0,vegetative growth (peak),0.0,0.0,141256.8006910938,"No flood expected in Aweil South this week (q50 0.0 km²). Routine monitoring. (Aweil South maps ~141,257 cattle in baseline.)"
2023-07-10,Aweil West,0.0,0.03,0,vegetative growth (peak),0.0,0.0,318964.9515941321,"No flood expected in Aweil West this week (q50 0.0 km²). Routine monitoring. (Aweil West maps ~318,965 cattle in baseline.)"
2023-07-17,Aweil Centre,0.0,0.01,0,vegetative growth (peak),0.0,0.0,364961.8333817694,"No flood expected in Aweil Centre this week (q50 0.0 km²). Routine monitoring. (Aweil Centre maps ~364,962 cattle in baseline.)"
2023-07-17,Aweil East,0.49,0.467,2,vegetative growth (peak),0.0,0.0,505027.7802561831,"High flood risk in Aweil East this week: q50 0.5 km², above most July weeks since 2000. Vegetative growth (peak): crops are at peak water demand — short flooding can be tolerated, sustained submergence is not. (Aweil East maps ~505,028 cattle in baseline.)"
2023-07-17,Aweil North,0.0,0.01,0,vegetative growth (peak),0.0,0.0,463800.5038861725,"No flood expected in Aweil North this week (q50 0.0 km²). Routine monitoring. (Aweil North maps ~463,801 cattle in baseline.)"
2023-07-17,Aweil South,0.0,0.011,0,vegetative growth (peak),0.0,0.0,141256.8006910938,"No flood expected in Aweil South this week (q50 0.0 km²). Routine monitoring. (Aweil South maps ~141,257 cattle in baseline.)"
2023-07-17,Aweil West,0.0,0.013,0,vegetative growth (peak),0.0,0.0,318964.9515941321,"No flood expected in Aweil West this week (q50 0.0 km²). Routine monitoring. (Aweil West maps ~318,965 cattle in baseline.)"
2023-07-24,Aweil Centre,0.0,0.011,0,vegetative growth (peak),0.0,0.0,364961.8333817694,"No flood expected in Aweil Centre this week (q50 0.0 km²). Routine monitoring. (Aweil Centre maps ~364,962 cattle in baseline.)"
2023-07-24,Aweil East,0.4,0.529,2,vegetative growth (peak),0.0,0.0,505027.7802561831,"High flood risk in Aweil East this week: q50 0.4 km², above most July weeks since 2000. Vegetative growth (peak): crops are at peak water demand — short flooding can be tolerated, sustained submergence is not. (Aweil East maps ~505,028 cattle in baseline.)"
2023-07-24,Aweil North,0.0,0.009,0,vegetative growth (peak),0.0,0.0,463800.5038861725,"No flood expected in Aweil North this week (q50 0.0 km²). Routine monitoring. (Aweil North maps ~463,801 cattle in baseline.)"
2023-07-24,Aweil South,0.0,0.01,0,vegetative growth (peak),0.0,0.0,141256.8006910938,"No flood expected in Aweil South this week (q50 0.0 km²). Routine monitoring. (Aweil South maps ~141,257 cattle in baseline.)"
2023-07-24,Aweil West,0.0,0.012,0,vegetative growth (peak),0.0,0.0,318964.9515941321,"No flood expected in Aweil West this week (q50 0.0 km²). Routine monitoring. (Aweil West maps ~318,965 cattle in baseline.)"
2023-07-31,Aweil Centre,0.0,0.016,3,vegetative growth (peak),0.0,0.0,364961.8333817694,"SEVERE flood expected in Aweil Centre this week: q50 0.0 km², above the 95th percentile of all July weeks since 2000. Vegetative growth (peak): crops are at peak water demand — short flooding can be tolerated, sustained submergence is not. (Aweil Centre maps ~364,962 cattle in baseline.)"
2023-07-31,Aweil East,0.39,0.328,2,vegetative growth (peak),0.0,0.0,505027.7802561831,"High flood risk in Aweil East this week: q50 0.4 km², above most July weeks since 2000. Vegetative growth (peak): crops are at peak water demand — short flooding can be tolerated, sustained submergence is not. (Aweil East maps ~505,028 cattle in baseline.)"
2023-07-31,Aweil North,0.0,0.013,0,vegetative growth (peak),0.0,0.0,463800.5038861725,"No flood expected in Aweil North this week (q50 0.0 km²). Routine monitoring. (Aweil North maps ~463,801 cattle in baseline.)"
2023-07-31,Aweil South,0.0,0.013,0,vegetative growth (peak),0.0,0.0,141256.8006910938,"No flood expected in Aweil South this week (q50 0.0 km²). Routine monitoring. (Aweil South maps ~141,257 cattle in baseline.)"
2023-07-31,Aweil West,0.0,0.019,0,vegetative growth (peak),0.0,0.0,318964.9515941321,"No flood expected in Aweil West this week (q50 0.0 km²). Routine monitoring. (Aweil West maps ~318,965 cattle in baseline.)"
2023-08-07,Aweil Centre,0.0,0.041,0,maturation,0.0,0.0,364961.8333817694,"No flood expected in Aweil Centre this week (q50 0.0 km²). Routine monitoring. (Aweil Centre maps ~364,962 cattle in baseline.)"
2023-08-07,Aweil East,0.07,0.326,0,maturation,0.0,0.0,505027.7802561831,"No flood expected in Aweil East this week (q50 0.1 km²). Routine monitoring. (Aweil East maps ~505,028 cattle in baseline.)"
2023-08-07,Aweil North,0.0,0.034,0,maturation,0.0,0.0,463800.5038861725,"No flood expected in Aweil North this week (q50 0.0 km²). Routine monitoring. (Aweil North maps ~463,801 cattle in baseline.)"
2023-08-07,Aweil South,0.0,0.042,0,maturation,0.0,0.0,141256.8006910938,"No flood expected in Aweil South this week (q50 0.0 km²). Routine monitoring. (Aweil South maps ~141,257 cattle in baseline.)"
2023-08-07,Aweil West,0.0,0.05,0,maturation,0.0,0.0,318964.9515941321,"No flood expected in Aweil West this week (q50 0.0 km²). Routine monitoring. (Aweil West maps ~318,965 cattle in baseline.)"
2023-08-14,Aweil Centre,0.0,0.068,0,maturation,0.0,0.0,364961.8333817694,"No flood expected in Aweil Centre this week (q50 0.0 km²). Routine monitoring. (Aweil Centre maps ~364,962 cattle in baseline.)"
2023-08-14,Aweil East,0.02,0.31,0,maturation,0.0,0.0,505027.7802561831,"No flood expected in Aweil East this week (q50 0.0 km²). Routine monitoring. (Aweil East maps ~505,028 cattle in baseline.)"
2023-08-14,Aweil North,0.0,0.04,0,maturation,0.0,0.0,463800.5038861725,"No flood expected in Aweil North this week (q50 0.0 km²). Routine monitoring. (Aweil North maps ~463,801 cattle in baseline.)"
2023-08-14,Aweil South,0.0,0.051,0,maturation,0.0,0.0,141256.8006910938,"No flood expected in Aweil South this week (q50 0.0 km²). Routine monitoring. (Aweil South maps ~141,257 cattle in baseline.)"
2023-08-14,Aweil West,0.0,0.066,0,maturation,0.0,0.0,318964.9515941321,"No flood expected in Aweil West this week (q50 0.0 km²). Routine monitoring. (Aweil West maps ~318,965 cattle in baseline.)"
2023-08-21,Aweil Centre,0.0,0.12,0,maturation,0.0,0.0,364961.8333817694,"No flood expected in Aweil Centre this week (q50 0.0 km²). Routine monitoring. (Aweil Centre maps ~364,962 cattle in baseline.)"
2023-08-21,Aweil East,0.0,0.304,0,maturation,0.0,0.0,505027.7802561831,"No flood expected in Aweil East this week (q50 0.0 km²). Routine monitoring. (Aweil East maps ~505,028 cattle in baseline.)"
2023-08-21,Aweil North,0.0,0.065,0,maturation,0.0,0.0,463800.5038861725,"No flood expected in Aweil North this week (q50 0.0 km²). Routine monitoring. (Aweil North maps ~463,801 cattle in baseline.)"
2023-08-21,Aweil South,0.0,0.072,0,maturation,0.0,0.0,141256.8006910938,"No flood expected in Aweil South this week (q50 0.0 km²). Routine monitoring. (Aweil South maps ~141,257 cattle in baseline.)"
2023-08-21,Aweil West,0.0,0.089,0,maturation,0.0,0.0,318964.9515941321,"No flood expected in Aweil West this week (q50 0.0 km²). Routine monitoring. (Aweil West maps ~318,965 cattle in baseline.)"
2023-08-28,Aweil Centre,0.0,0.073,0,maturation,0.0,0.0,364961.8333817694,"No flood expected in Aweil Centre this week (q50 0.0 km²). Routine monitoring. (Aweil Centre maps ~364,962 cattle in baseline.)"
2023-08-28,Aweil East,0.8,0.664,0,maturation,0.0,0.0,505027.7802561831,"SEVERE flood expected in Aweil East this week: q50 0.8 km², above the 95th percentile of all August weeks since 2000. (Aweil East maps ~505,028 cattle in baseline.)"
2023-08-28,Aweil North,0.0,0.043,0,maturation,0.0,0.0,463800.5038861725,"No flood expected in Aweil North this week (q50 0.0 km²). Routine monitoring. (Aweil North maps ~463,801 cattle in baseline.)"
2023-08-28,Aweil South,0.0,0.058,0,maturation,0.0,0.0,141256.8006910938,"No flood expected in Aweil South this week (q50 0.0 km²). Routine monitoring. (Aweil South maps ~141,257 cattle in baseline.)"
2023-08-28,Aweil West,0.16,0.306,0,maturation,0.0,0.0,318964.9515941321,"No flood expected in Aweil West this week (q50 0.2 km²). Routine monitoring. (Aweil West maps ~318,965 cattle in baseline.)"
2023-09-04,Aweil Centre,0.0,0.042,0,maturation / grain filling,0.0,0.0,364961.8333817694,"No flood expected in Aweil Centre this week (q50 0.0 km²). Routine monitoring. (Aweil Centre maps ~364,962 cattle in baseline.)"
2023-09-04,Aweil East,1.04,0.624,0,maturation / grain filling,3.0,125.0,505027.7802561831,"SEVERE flood expected in Aweil East this week: q50 1.0 km², above the 95th percentile of all September weeks since 2000. Approx. 3 ha of mapped crops in the Aweil East floodplain are at risk. Approx. 125 ha of rangeland at risk; plan early herd movement. (Aweil East maps ~505,028 cattle in baseline.)"
2023-09-04,Aweil North,0.0,0.024,0,maturation / grain filling,0.0,0.0,463800.5038861725,"No flood expected in Aweil North this week (q50 0.0 km²). Routine monitoring. (Aweil North maps ~463,801 cattle in baseline.)"
2023-09-04,Aweil South,0.0,0.031,0,maturation / grain filling,0.0,0.0,141256.8006910938,"No flood expected in Aweil South this week (q50 0.0 km²). Routine monitoring. (Aweil South maps ~141,257 cattle in baseline.)"
2023-09-04,Aweil West,0.01,0.082,0,maturation / grain filling,0.1,4.4,318964.9515941321,"No flood expected in Aweil West this week (q50 0.0 km²). Routine monitoring. Approx. 4 ha of rangeland at risk; plan early herd movement. (Aweil West maps ~318,965 cattle in baseline.)"
2023-09-11,Aweil Centre,0.0,0.042,0,maturation / grain filling,0.0,0.0,364961.8333817694,"No flood expected in Aweil Centre this week (q50 0.0 km²). Routine monitoring. (Aweil Centre maps ~364,962 cattle in baseline.)"
2023-09-11,Aweil East,1.12,0.639,0,maturation / grain filling,3.3,135.1,505027.7802561831,"SEVERE flood expected in Aweil East this week: q50 1.1 km², above the 95th percentile of all September weeks since 2000. Approx. 3 ha of mapped crops in the Aweil East floodplain are at risk. Approx. 135 ha of rangeland at risk; plan early herd movement. (Aweil East maps ~505,028 cattle in baseline.)"
2023-09-11,Aweil North,0.0,0.025,0,maturation / grain filling,0.0,0.0,463800.5038861725,"No flood expected in Aweil North this week (q50 0.0 km²). Routine monitoring. (Aweil North maps ~463,801 cattle in baseline.)"
2023-09-11,Aweil South,0.0,0.024,0,maturation / grain filling,0.0,0.0,141256.8006910938,"No flood expected in Aweil South this week (q50 0.0 km²). Routine monitoring. (Aweil South maps ~141,257 cattle in baseline.)"
2023-09-11,Aweil West,0.0,0.039,0,maturation / grain filling,0.0,0.0,318964.9515941321,"No flood expected in Aweil West this week (q50 0.0 km²). Routine monitoring. (Aweil West maps ~318,965 cattle in baseline.)"
2023-09-18,Aweil Centre,0.0,0.018,0,maturation / grain filling,0.0,0.1,364961.8333817694,"No flood expected in Aweil Centre this week (q50 0.0 km²). Routine monitoring. (Aweil Centre maps ~364,962 cattle in baseline.)"
2023-09-18,Aweil East,0.31,0.431,0,maturation / grain filling,0.9,37.2,505027.7802561831,"No flood expected in Aweil East this week (q50 0.3 km²). Routine monitoring. Approx. 37 ha of rangeland at risk; plan early herd movement. (Aweil East maps ~505,028 cattle in baseline.)"
2023-09-18,Aweil North,0.0,0.013,0,maturation / grain filling,0.0,0.5,463800.5038861725,"No flood expected in Aweil North this week (q50 0.0 km²). Routine monitoring. (Aweil North maps ~463,801 cattle in baseline.)"
2023-09-18,Aweil South,0.0,0.012,0,maturation / grain filling,0.0,0.5,141256.8006910938,"No flood expected in Aweil South this week (q50 0.0 km²). Routine monitoring. (Aweil South maps ~141,257 cattle in baseline.)"
2023-09-18,Aweil West,0.0,0.016,0,maturation / grain filling,0.0,0.3,318964.9515941321,"No flood expected in Aweil West this week (q50 0.0 km²). Routine monitoring. (Aweil West maps ~318,965 cattle in baseline.)"
2023-09-25,Aweil Centre,0.0,0.029,0,maturation / grain filling,0.0,0.1,364961.8333817694,"No flood expected in Aweil Centre this week (q50 0.0 km²). Routine monitoring. (Aweil Centre maps ~364,962 cattle in baseline.)"
2023-09-25,Aweil East,0.07,0.181,0,maturation / grain filling,0.2,8.1,505027.7802561831,"No flood expected in Aweil East this week (q50 0.1 km²). Routine monitoring. Approx. 8 ha of rangeland at risk; plan early herd movement. (Aweil East maps ~505,028 cattle in baseline.)"
2023-09-25,Aweil North,0.0,0.022,0,maturation / grain filling,0.0,0.4,463800.5038861725,"No flood expected in Aweil North this week (q50 0.0 km²). Routine monitoring. (Aweil North maps ~463,801 cattle in baseline.)"
2023-09-25,Aweil South,0.0,0.019,0,maturation / grain filling,0.0,0.5,141256.8006910938,"No flood expected in Aweil South this week (q50 0.0 km²). Routine monitoring. (Aweil South maps ~141,257 cattle in baseline.)"
2023-09-25,Aweil West,0.0,0.02,0,maturation / grain filling,0.0,0.3,318964.9515941321,"No flood expected in Aweil West this week (q50 0.0 km²). Routine monitoring. (Aweil West maps ~318,965 cattle in baseline.)"
2023-10-02,Aweil Centre,0.0,0.031,0,harvest,0.0,0.0,364961.8333817694,"No flood expected in Aweil Centre this week (q50 0.0 km²). Routine monitoring. (Aweil Centre maps ~364,962 cattle in baseline.)"
2023-10-02,Aweil East,0.03,0.206,0,harvest,0.5,5.6,505027.7802561831,"No flood expected in Aweil East this week (q50 0.0 km²). Routine monitoring. Approx. 6 ha of rangeland at risk; plan early herd movement. (Aweil East maps ~505,028 cattle in baseline.)"
2023-10-02,Aweil North,0.0,0.018,0,harvest,0.0,0.6,463800.5038861725,"No flood expected in Aweil North this week (q50 0.0 km²). Routine monitoring. (Aweil North maps ~463,801 cattle in baseline.)"
2023-10-02,Aweil South,0.0,0.017,0,harvest,0.0,0.3,141256.8006910938,"No flood expected in Aweil South this week (q50 0.0 km²). Routine monitoring. (Aweil South maps ~141,257 cattle in baseline.)"
2023-10-02,Aweil West,0.0,0.02,0,harvest,0.0,0.3,318964.9515941321,"No flood expected in Aweil West this week (q50 0.0 km²). Routine monitoring. (Aweil West maps ~318,965 cattle in baseline.)"
2023-10-09,Aweil Centre,0.0,0.031,0,harvest,0.0,0.0,364961.8333817694,"No flood expected in Aweil Centre this week (q50 0.0 km²). Routine monitoring. (Aweil Centre maps ~364,962 cattle in baseline.)"
2023-10-09,Aweil East,0.19,0.406,0,harvest,2.8,32.1,505027.7802561831,"No flood expected in Aweil East this week (q50 0.2 km²). Routine monitoring. Approx. 3 ha of mapped crops in the Aweil East floodplain are at risk. Approx. 32 ha of rangeland at risk; plan early herd movement. (Aweil East maps ~505,028 cattle in baseline.)"
2023-10-09,Aweil North,0.0,0.019,0,harvest,0.0,0.6,463800.5038861725,"No flood expected in Aweil North this week (q50 0.0 km²). Routine monitoring. (Aweil North maps ~463,801 cattle in baseline.)"
2023-10-09,Aweil South,0.0,0.019,0,harvest,0.0,0.3,141256.8006910938,"No flood expected in Aweil South this week (q50 0.0 km²). Routine monitoring. (Aweil South maps ~141,257 cattle in baseline.)"
2023-10-09,Aweil West,0.0,0.023,0,harvest,0.0,0.3,318964.9515941321,"No flood expected in Aweil West this week (q50 0.0 km²). Routine monitoring. (Aweil West maps ~318,965 cattle in baseline.)"
2023-10-16,Aweil Centre,0.0,0.03,0,harvest,0.0,0.0,364961.8333817694,"No flood expected in Aweil Centre this week (q50 0.0 km²). Routine monitoring. (Aweil Centre maps ~364,962 cattle in baseline.)"
2023-10-16,Aweil East,0.0,0.163,0,harvest,0.0,0.2,505027.7802561831,"No flood expected in Aweil East this week (q50 0.0 km²). Routine monitoring. (Aweil East maps ~505,028 cattle in baseline.)"
2023-10-16,Aweil North,0.0,0.018,0,harvest,0.0,0.6,463800.5038861725,"No flood expected in Aweil North this week (q50 0.0 km²). Routine monitoring. (Aweil North maps ~463,801 cattle in baseline.)"
2023-10-16,Aweil South,0.0,0.018,0,harvest,0.0,0.3,141256.8006910938,"No flood expected in Aweil South this week (q50 0.0 km²). Routine monitoring. (Aweil South maps ~141,257 cattle in baseline.)"
2023-10-16,Aweil West,0.0,0.018,0,harvest,0.0,0.3,318964.9515941321,"No flood expected in Aweil West this week (q50 0.0 km²). Routine monitoring. (Aweil West maps ~318,965 cattle in baseline.)"
2023-10-23,Aweil Centre,0.0,0.06,0,harvest,0.0,0.0,364961.8333817694,"No flood expected in Aweil Centre this week (q50 0.0 km²). Routine monitoring. (Aweil Centre maps ~364,962 cattle in baseline.)"
2023-10-23,Aweil East,0.0,0.154,0,harvest,0.0,0.6,505027.7802561831,"No flood expected in Aweil East this week (q50 0.0 km²). Routine monitoring. (Aweil East maps ~505,028 cattle in baseline.)"
2023-10-23,Aweil North,0.0,0.029,0,harvest,0.0,0.6,463800.5038861725,"No flood expected in Aweil North this week (q50 0.0 km²). Routine monitoring. (Aweil North maps ~463,801 cattle in baseline.)"
2023-10-23,Aweil South,0.0,0.031,0,harvest,0.0,0.3,141256.8006910938,"No flood expected in Aweil South this week (q50 0.0 km²). Routine monitoring. (Aweil South maps ~141,257 cattle in baseline.)"
2023-10-23,Aweil West,0.0,0.036,0,harvest,0.0,0.3,318964.9515941321,"No flood expected in Aweil West this week (q50 0.0 km²). Routine monitoring. (Aweil West maps ~318,965 cattle in baseline.)"
2023-10-30,Aweil Centre,0.0,0.024,0,harvest,0.0,0.0,364961.8333817694,"No flood expected in Aweil Centre this week (q50 0.0 km²). Routine monitoring. (Aweil Centre maps ~364,962 cattle in baseline.)"
2023-10-30,Aweil East,0.0,0.051,0,harvest,0.0,0.6,505027.7802561831,"No flood expected in Aweil East this week (q50 0.0 km²). Routine monitoring. (Aweil East maps ~505,028 cattle in baseline.)"
2023-10-30,Aweil North,0.0,0.016,0,harvest,0.0,0.6,463800.5038861725,"No flood expected in Aweil North this week (q50 0.0 km²). Routine monitoring. (Aweil North maps ~463,801 cattle in baseline.)"
2023-10-30,Aweil South,0.0,0.016,0,harvest,0.0,0.3,141256.8006910938,"No flood expected in Aweil South this week (q50 0.0 km²). Routine monitoring. (Aweil South maps ~141,257 cattle in baseline.)"
2023-10-30,Aweil West,0.0,0.019,0,harvest,0.0,0.3,318964.9515941321,"No flood expected in Aweil West this week (q50 0.0 km²). Routine monitoring. (Aweil West maps ~318,965 cattle in baseline.)"
2023-11-06,Aweil Centre,0.0,0.036,0,harvest / drying,0.0,0.1,364961.8333817694,"No flood expected in Aweil Centre this week (q50 0.0 km²). Routine monitoring. (Aweil Centre maps ~364,962 cattle in baseline.)"
2023-11-06,Aweil East,0.0,0.071,0,harvest / drying,0.1,0.8,505027.7802561831,"No flood expected in Aweil East this week (q50 0.0 km²). Routine monitoring. (Aweil East maps ~505,028 cattle in baseline.)"
2023-11-06,Aweil North,0.0,0.022,0,harvest / drying,0.2,6.4,463800.5038861725,"No flood expected in Aweil North this week (q50 0.0 km²). Routine monitoring. Approx. 6 ha of rangeland at risk; plan early herd movement. (Aweil North maps ~463,801 cattle in baseline.)"
2023-11-06,Aweil South,0.0,0.024,0,harvest / drying,0.0,0.2,141256.8006910938,"No flood expected in Aweil South this week (q50 0.0 km²). Routine monitoring. (Aweil South maps ~141,257 cattle in baseline.)"
2023-11-06,Aweil West,0.0,0.029,0,harvest / drying,0.0,1.0,318964.9515941321,"No flood expected in Aweil West this week (q50 0.0 km²). Routine monitoring. Approx. 1 ha of rangeland at risk; plan early herd movement. (Aweil West maps ~318,965 cattle in baseline.)"
2023-11-13,Aweil Centre,0.07,0.383,0,harvest / drying,0.0,9.7,364961.8333817694,"No flood expected in Aweil Centre this week (q50 0.1 km²). Routine monitoring. Approx. 10 ha of rangeland at risk; plan early herd movement. (Aweil Centre maps ~364,962 cattle in baseline.)"
2023-11-13,Aweil East,0.04,0.229,0,harvest / drying,0.7,9.5,505027.7802561831,"No flood expected in Aweil East this week (q50 0.0 km²). Routine monitoring. Approx. 9 ha of rangeland at risk; plan early herd movement. (Aweil East maps ~505,028 cattle in baseline.)"
2023-11-13,Aweil North,0.0,0.032,0,harvest / drying,0.2,6.4,463800.5038861725,"No flood expected in Aweil North this week (q50 0.0 km²). Routine monitoring. Approx. 6 ha of rangeland at risk; plan early herd movement. (Aweil North maps ~463,801 cattle in baseline.)"
2023-11-13,Aweil South,0.05,0.167,0,harvest / drying,1.1,17.8,141256.8006910938,"No flood expected in Aweil South this week (q50 0.1 km²). Routine monitoring. Approx. 1 ha of mapped crops in the Aweil South floodplain are at risk. Approx. 18 ha of rangeland at risk; plan early herd movement. (Aweil South maps ~141,257 cattle in baseline.)"
2023-11-13,Aweil West,0.04,0.162,0,harvest / drying,1.4,58.3,318964.9515941321,"No flood expected in Aweil West this week (q50 0.0 km²). Routine monitoring. Approx. 1 ha of mapped crops in the Aweil West floodplain are at risk. Approx. 58 ha of rangeland at risk; plan early herd movement. (Aweil West maps ~318,965 cattle in baseline.)"
2023-11-20,Aweil Centre,0.07,0.225,0,harvest / drying,0.0,10.7,364961.8333817694,"No flood expected in Aweil Centre this week (q50 0.1 km²). Routine monitoring. Approx. 11 ha of rangeland at risk; plan early herd movement. (Aweil Centre maps ~364,962 cattle in baseline.)"
2023-11-20,Aweil East,0.35,0.489,0,harvest / drying,6.3,82.3,505027.7802561831,"No flood expected in Aweil East this week (q50 0.3 km²). Routine monitoring. Approx. 6 ha of mapped crops in the Aweil East floodplain are at risk. Approx. 82 ha of rangeland at risk; plan early herd movement. (Aweil East maps ~505,028 cattle in baseline.)"
2023-11-20,Aweil North,0.0,0.023,0,harvest / drying,0.2,6.4,463800.5038861725,"No flood expected in Aweil North this week (q50 0.0 km²). Routine monitoring. Approx. 6 ha of rangeland at risk; plan early herd movement. (Aweil North maps ~463,801 cattle in baseline.)"
2023-11-20,Aweil South,0.02,0.045,0,harvest / drying,0.3,5.4,141256.8006910938,"No flood expected in Aweil South this week (q50 0.0 km²). Routine monitoring. Approx. 5 ha of rangeland at risk; plan early herd movement. (Aweil South maps ~141,257 cattle in baseline.)"
2023-11-20,Aweil West,0.06,0.165,0,harvest / drying,2.2,93.9,318964.9515941321,"No flood expected in Aweil West this week (q50 0.1 km²). Routine monitoring. Approx. 2 ha of mapped crops in the Aweil West floodplain are at risk. Approx. 94 ha of rangeland at risk; plan early herd movement. (Aweil West maps ~318,965 cattle in baseline.)"
2023-11-27,Aweil Centre,0.0,0.122,0,harvest / drying,0.0,0.2,364961.8333817694,"No flood expected in Aweil Centre this week (q50 0.0 km²). Routine monitoring. (Aweil Centre maps ~364,962 cattle in baseline.)"
2023-11-27,Aweil East,0.14,0.386,0,harvest / drying,2.5,32.9,505027.7802561831,"No flood expected in Aweil East this week (q50 0.1 km²). Routine monitoring. Approx. 3 ha of mapped crops in the Aweil East floodplain are at risk. Approx. 33 ha of rangeland at risk; plan early herd movement. (Aweil East maps ~505,028 cattle in baseline.)"
2023-11-27,Aweil North,0.0,0.02,0,harvest / drying,0.2,6.4,463800.5038861725,"No flood expected in Aweil North this week (q50 0.0 km²). Routine monitoring. Approx. 6 ha of rangeland at risk; plan early herd movement. (Aweil North maps ~463,801 cattle in baseline.)"
2023-11-27,Aweil South,0.0,0.023,0,harvest / drying,0.0,0.2,141256.8006910938,"No flood expected in Aweil South this week (q50 0.0 km²). Routine monitoring. (Aweil South maps ~141,257 cattle in baseline.)"
2023-11-27,Aweil West,0.02,0.052,0,harvest / drying,0.7,31.6,318964.9515941321,"No flood expected in Aweil West this week (q50 0.0 km²). Routine monitoring. Approx. 32 ha of rangeland at risk; plan early herd movement. (Aweil West maps ~318,965 cattle in baseline.)"
2023-12-04,Aweil Centre,0.0,0.037,0,dry season,0.0,0.0,364961.8333817694,"No flood expected in Aweil Centre this week (q50 0.0 km²). Routine monitoring. (Aweil Centre maps ~364,962 cattle in baseline.)"
2023-12-04,Aweil East,0.07,0.249,0,dry season,13.8,279.2,505027.7802561831,"No flood expected in Aweil East this week (q50 0.1 km²). Routine monitoring. Approx. 14 ha of mapped crops in the Aweil East floodplain are at risk. Approx. 279 ha of rangeland at risk; plan early herd movement. (Aweil East maps ~505,028 cattle in baseline.)"
2023-12-04,Aweil North,0.0,0.017,0,dry season,0.0,0.0,463800.5038861725,"No flood expected in Aweil North this week (q50 0.0 km²). Routine monitoring. (Aweil North maps ~463,801 cattle in baseline.)"
2023-12-04,Aweil South,0.0,0.016,0,dry season,0.0,0.0,141256.8006910938,"No flood expected in Aweil South this week (q50 0.0 km²). Routine monitoring. (Aweil South maps ~141,257 cattle in baseline.)"
2023-12-04,Aweil West,0.03,0.067,3,dry season,0.0,255.6,318964.9515941321,"SEVERE flood expected in Aweil West this week: q50 0.0 km², above the 95th percentile of all December weeks since 2000. Dry season: little active cropping; floodplain grazing and residual flooding dominate. Approx. 256 ha of rangeland at risk; plan early herd movement. (Aweil West maps ~318,965 cattle in baseline.)"
2023-12-11,Aweil Centre,0.21,0.355,0,dry season,0.0,128.8,364961.8333817694,"No flood expected in Aweil Centre this week (q50 0.2 km²). Routine monitoring. Approx. 129 ha of rangeland at risk; plan early herd movement. (Aweil Centre maps ~364,962 cattle in baseline.)"
2023-12-11,Aweil East,0.0,0.082,0,dry season,0.3,6.3,505027.7802561831,"No flood expected in Aweil East this week (q50 0.0 km²). Routine monitoring. Approx. 6 ha of rangeland at risk; plan early herd movement. (Aweil East maps ~505,028 cattle in baseline.)"
2023-12-11,Aweil North,0.0,0.028,0,dry season,0.0,0.0,463800.5038861725,"No flood expected in Aweil North this week (q50 0.0 km²). Routine monitoring. (Aweil North maps ~463,801 cattle in baseline.)"
2023-12-11,Aweil South,0.23,0.272,0,dry season,14.8,295.6,141256.8006910938,"No flood expected in Aweil South this week (q50 0.2 km²). Routine monitoring. Approx. 15 ha of mapped crops in the Aweil South floodplain are at risk. Approx. 296 ha of rangeland at risk; plan early herd movement. (Aweil South maps ~141,257 cattle in baseline.)"
2023-12-11,Aweil West,0.0,0.025,0,dry season,0.0,33.9,318964.9515941321,"No flood expected in Aweil West this week (q50 0.0 km²). Routine monitoring. Approx. 34 ha of rangeland at risk; plan early herd movement. (Aweil West maps ~318,965 cattle in baseline.)"
2023-12-18,Aweil Centre,0.02,0.158,0,dry season,0.0,9.5,364961.8333817694,"No flood expected in Aweil Centre this week (q50 0.0 km²). Routine monitoring. Approx. 9 ha of rangeland at risk; plan early herd movement. (Aweil Centre maps ~364,962 cattle in baseline.)"
2023-12-18,Aweil East,0.0,0.064,0,dry season,0.0,0.0,505027.7802561831,"No flood expected in Aweil East this week (q50 0.0 km²). Routine monitoring. (Aweil East maps ~505,028 cattle in baseline.)"
2023-12-18,Aweil North,0.0,0.029,0,dry season,0.0,0.0,463800.5038861725,"No flood expected in Aweil North this week (q50 0.0 km²). Routine monitoring. (Aweil North maps ~463,801 cattle in baseline.)"
2023-12-18,Aweil South,0.84,0.576,0,dry season,53.3,1067.1,141256.8006910938,"SEVERE flood expected in Aweil South this week: q50 0.8 km², above the 95th percentile of all December weeks since 2000. Approx. 53 ha of mapped crops in the Aweil South floodplain are at risk. Approx. 1,067 ha of rangeland at risk; plan early herd movement. (Aweil South maps ~141,257 cattle in baseline.)"
2023-12-18,Aweil West,0.0,0.021,0,dry season,0.0,0.0,318964.9515941321,"No flood expected in Aweil West this week (q50 0.0 km²). Routine monitoring. (Aweil West maps ~318,965 cattle in baseline.)"
2023-12-25,Aweil Centre,0.0,0.039,0,dry season,0.0,0.0,364961.8333817694,"No flood expected in Aweil Centre this week (q50 0.0 km²). Routine monitoring. (Aweil Centre maps ~364,962 cattle in baseline.)"
2023-12-25,Aweil East,0.0,0.045,0,dry season,0.0,0.0,505027.7802561831,"No flood expected in Aweil East this week (q50 0.0 km²). Routine monitoring. (Aweil East maps ~505,028 cattle in baseline.)"
2023-12-25,Aweil North,0.0,0.017,0,dry season,0.0,0.0,463800.5038861725,"No flood expected in Aweil North this week (q50 0.0 km²). Routine monitoring. (Aweil North maps ~463,801 cattle in baseline.)"
2023-12-25,Aweil South,0.92,0.689,0,dry season,58.0,1161.6,141256.8006910938,"SEVERE flood expected in Aweil South this week: q50 0.9 km², above the 95th percentile of all December weeks since 2000. Approx. 58 ha of mapped crops in the Aweil South floodplain are at risk. Approx. 1,162 ha of rangeland at risk; plan early herd movement. (Aweil South maps ~141,257 cattle in baseline.)"
2023-12-25,Aweil West,0.0,0.013,0,dry season,0.0,0.0,318964.9515941321,"No flood expected in Aweil West this week (q50 0.0 km²). Routine monitoring. (Aweil West maps ~318,965 cattle in baseline.)"
2024-01-01,Aweil Centre,0.0,0.116,0,dry season (late phase),0.0,0.0,364961.8333817694,"No flood expected in Aweil Centre this week (q50 0.0 km²). Routine monitoring. (Aweil Centre maps ~364,962 cattle in baseline.)"
2024-01-01,Aweil East,0.02,0.139,0,dry season (late phase),0.0,114.3,505027.7802561831,"No flood expected in Aweil East this week (q50 0.0 km²). Routine monitoring. Approx. 114 ha of rangeland at risk; plan early herd movement. (Aweil East maps ~505,028 cattle in baseline.)"
2024-01-01,Aweil North,0.0,0.068,0,dry season (late phase),0.0,0.0,463800.5038861725,"No flood expected in Aweil North this week (q50 0.0 km²). Routine monitoring. (Aweil North maps ~463,801 cattle in baseline.)"
2024-01-01,Aweil South,0.08,0.582,0,dry season (late phase),0.2,6.3,141256.8006910938,"SEVERE flood expected in Aweil South this week: q50 0.1 km², above the 95th percentile of all January weeks since 2000. Approx. 6 ha of rangeland at risk; plan early herd movement. (Aweil South maps ~141,257 cattle in baseline.)"
2024-01-01,Aweil West,0.0,0.053,0,dry season (late phase),0.0,0.0,318964.9515941321,"No flood expected in Aweil West this week (q50 0.0 km²). Routine monitoring. (Aweil West maps ~318,965 cattle in baseline.)"
2024-01-08,Aweil Centre,0.0,0.082,0,dry season (late phase),0.0,0.0,364961.8333817694,"No flood expected in Aweil Centre this week (q50 0.0 km²). Routine monitoring. (Aweil Centre maps ~364,962 cattle in baseline.)"
2024-01-08,Aweil East,0.0,0.086,0,dry season (late phase),0.0,0.0,505027.7802561831,"No flood expected in Aweil East this week (q50 0.0 km²). Routine monitoring. (Aweil East maps ~505,028 cattle in baseline.)"
2024-01-08,Aweil North,0.0,0.027,0,dry season (late phase),0.0,0.0,463800.5038861725,"No flood expected in Aweil North this week (q50 0.0 km²). Routine monitoring. (Aweil North maps ~463,801 cattle in baseline.)"
2024-01-08,Aweil South,0.0,0.205,0,dry season (late phase),0.0,0.3,141256.8006910938,"No flood expected in Aweil South this week (q50 0.0 km²). Routine monitoring. (Aweil South maps ~141,257 cattle in baseline.)"
2024-01-08,Aweil West,0.0,0.021,0,dry season (late phase),0.0,0.0,318964.9515941321,"No flood expected in Aweil West this week (q50 0.0 km²). Routine monitoring. (Aweil West maps ~318,965 cattle in baseline.)"
2024-01-15,Aweil Centre,0.0,0.123,0,dry season (late phase),0.0,11.1,364961.8333817694,"No flood expected in Aweil Centre this week (q50 0.0 km²). Routine monitoring. Approx. 11 ha of rangeland at risk; plan early herd movement. (Aweil Centre maps ~364,962 cattle in baseline.)"
2024-01-15,Aweil East,0.21,0.455,3,dry season (late phase),0.0,778.0,505027.7802561831,"SEVERE flood expected in Aweil East this week: q50 0.2 km², above the 95th percentile of all January weeks since 2000. Dry season (late phase): little active cropping; floodplain grazing and residual flooding dominate. Approx. 778 ha of rangeland at risk; plan early herd movement. (Aweil East maps ~505,028 cattle in baseline.)"
2024-01-15,Aweil North,0.0,0.035,0,dry season (late phase),0.0,0.0,463800.5038861725,"No flood expected in Aweil North this week (q50 0.0 km²). Routine monitoring. (Aweil North maps ~463,801 cattle in baseline.)"
2024-01-15,Aweil South,0.0,0.243,0,dry season (late phase),0.0,0.2,141256.8006910938,"No flood expected in Aweil South this week (q50 0.0 km²). Routine monitoring. (Aweil South maps ~141,257 cattle in baseline.)"
2024-01-15,Aweil West,0.0,0.026,0,dry season (late phase),0.0,0.0,318964.9515941321,"No flood expected in Aweil West this week (q50 0.0 km²). Routine monitoring. (Aweil West maps ~318,965 cattle in baseline.)"
2024-01-22,Aweil Centre,0.0,0.076,0,dry season (late phase),0.0,0.0,364961.8333817694,"No flood expected in Aweil Centre this week (q50 0.0 km²). Routine monitoring. (Aweil Centre maps ~364,962 cattle in baseline.)"
2024-01-22,Aweil East,0.11,0.394,2,dry season (late phase),0.0,624.3,505027.7802561831,"High flood risk in Aweil East this week: q50 0.1 km², above most January weeks since 2000. Dry season (late phase): little active cropping; floodplain grazing and residual flooding dominate. Approx. 624 ha of rangeland at risk; plan early herd movement. (Aweil East maps ~505,028 cattle in baseline.)"
2024-01-22,Aweil North,0.0,0.029,0,dry season (late phase),0.0,0.0,463800.5038861725,"No flood expected in Aweil North this week (q50 0.0 km²). Routine monitoring. (Aweil North maps ~463,801 cattle in baseline.)"
2024-01-22,Aweil South,0.0,0.03,0,dry season (late phase),0.0,0.0,141256.8006910938,"No flood expected in Aweil South this week (q50 0.0 km²). Routine monitoring. (Aweil South maps ~141,257 cattle in baseline.)"
2024-01-22,Aweil West,0.0,0.024,0,dry season (late phase),0.0,0.0,318964.9515941321,"No flood expected in Aweil West this week (q50 0.0 km²). Routine monitoring. (Aweil West maps ~318,965 cattle in baseline.)"
2024-01-29,Aweil Centre,0.0,0.047,0,dry season (late phase),0.0,0.0,364961.8333817694,"No flood expected in Aweil Centre this week (q50 0.0 km²). Routine monitoring. (Aweil Centre maps ~364,962 cattle in baseline.)"
2024-01-29,Aweil East,0.15,0.537,2,dry season (late phase),0.0,778.0,505027.7802561831,"High flood risk in Aweil East this week: q50 0.1 km², above most January weeks since 2000. Dry season (late phase): little active cropping; floodplain grazing and residual flooding dominate. Approx. 778 ha of rangeland at risk; plan early herd movement. (Aweil East maps ~505,028 cattle in baseline.)"
2024-01-29,Aweil North,0.0,0.036,0,dry season (late phase),0.0,0.0,463800.5038861725,"No flood expected in Aweil North this week (q50 0.0 km²). Routine monitoring. (Aweil North maps ~463,801 cattle in baseline.)"
2024-01-29,Aweil South,0.0,0.031,0,dry season (late phase),0.0,0.0,141256.8006910938,"No flood expected in Aweil South this week (q50 0.0 km²). Routine monitoring. (Aweil South maps ~141,257 cattle in baseline.)"
2024-01-29,Aweil West,0.0,0.027,0,dry season (late phase),0.0,0.0,318964.9515941321,"No flood expected in Aweil West this week (q50 0.0 km²). Routine monitoring. (Aweil West maps ~318,965 cattle in baseline.)"
2024-02-05,Aweil Centre,0.0,0.026,0,dry season,0.0,0.0,364961.8333817694,"No flood expected in Aweil Centre this week (q50 0.0 km²). Routine monitoring. (Aweil Centre maps ~364,962 cattle in baseline.)"
2024-02-05,Aweil East,0.0,0.142,0,dry season,0.0,0.0,505027.7802561831,"No flood expected in Aweil East this week (q50 0.0 km²). Routine monitoring. (Aweil East maps ~505,028 cattle in baseline.)"
2024-02-05,Aweil North,0.0,0.015,0,dry season,0.0,0.0,463800.5038861725,"No flood expected in Aweil North this week (q50 0.0 km²). Routine monitoring. (Aweil North maps ~463,801 cattle in baseline.)"
2024-02-05,Aweil South,0.0,0.015,0,dry season,0.0,0.0,141256.8006910938,"No flood expected in Aweil South this week (q50 0.0 km²). Routine monitoring. (Aweil South maps ~141,257 cattle in baseline.)"
2024-02-05,Aweil West,0.0,0.015,0,dry season,0.0,0.0,318964.9515941321,"No flood expected in Aweil West this week (q50 0.0 km²). Routine monitoring. (Aweil West maps ~318,965 cattle in baseline.)"
2024-02-12,Aweil Centre,0.0,0.028,0,dry season,0.0,0.0,364961.8333817694,"No flood expected in Aweil Centre this week (q50 0.0 km²). Routine monitoring. (Aweil Centre maps ~364,962 cattle in baseline.)"
2024-02-12,Aweil East,0.0,0.032,0,dry season,0.0,0.0,505027.7802561831,"No flood expected in Aweil East this week (q50 0.0 km²). Routine monitoring. (Aweil East maps ~505,028 cattle in baseline.)"
2024-02-12,Aweil North,0.0,0.017,0,dry season,0.0,0.0,463800.5038861725,"No flood expected in Aweil North this week (q50 0.0 km²). Routine monitoring. (Aweil North maps ~463,801 cattle in baseline.)"
2024-02-12,Aweil South,0.0,0.016,0,dry season,0.0,0.0,141256.8006910938,"No flood expected in Aweil South this week (q50 0.0 km²). Routine monitoring. (Aweil South maps ~141,257 cattle in baseline.)"
2024-02-12,Aweil West,0.0,0.015,0,dry season,0.0,0.0,318964.9515941321,"No flood expected in Aweil West this week (q50 0.0 km²). Routine monitoring. (Aweil West maps ~318,965 cattle in baseline.)"
2024-02-19,Aweil Centre,0.0,0.066,0,dry season,0.0,0.0,364961.8333817694,"No flood expected in Aweil Centre this week (q50 0.0 km²). Routine monitoring. (Aweil Centre maps ~364,962 cattle in baseline.)"
2024-02-19,Aweil East,0.0,0.041,0,dry season,0.0,0.0,505027.7802561831,"No flood expected in Aweil East this week (q50 0.0 km²). Routine monitoring. (Aweil East maps ~505,028 cattle in baseline.)"
2024-02-19,Aweil North,0.0,0.031,0,dry season,0.0,0.0,463800.5038861725,"No flood expected in Aweil North this week (q50 0.0 km²). Routine monitoring. (Aweil North maps ~463,801 cattle in baseline.)"
2024-02-19,Aweil South,0.0,0.029,0,dry season,0.0,0.0,141256.8006910938,"No flood expected in Aweil South this week (q50 0.0 km²). Routine monitoring. (Aweil South maps ~141,257 cattle in baseline.)"
2024-02-19,Aweil West,0.0,0.032,0,dry season,0.0,0.0,318964.9515941321,"No flood expected in Aweil West this week (q50 0.0 km²). Routine monitoring. (Aweil West maps ~318,965 cattle in baseline.)"
2024-02-26,Aweil Centre,0.0,0.075,0,dry season,0.0,0.0,364961.8333817694,"No flood expected in Aweil Centre this week (q50 0.0 km²). Routine monitoring. (Aweil Centre maps ~364,962 cattle in baseline.)"
2024-02-26,Aweil East,0.0,0.04,0,dry season,0.0,0.0,505027.7802561831,"No flood expected in Aweil East this week (q50 0.0 km²). Routine monitoring. (Aweil East maps ~505,028 cattle in baseline.)"
2024-02-26,Aweil North,0.0,0.035,0,dry season,0.0,0.0,463800.5038861725,"No flood expected in Aweil North this week (q50 0.0 km²). Routine monitoring. (Aweil North maps ~463,801 cattle in baseline.)"
2024-02-26,Aweil South,0.0,0.034,0,dry season,0.0,0.0,141256.8006910938,"No flood expected in Aweil South this week (q50 0.0 km²). Routine monitoring. (Aweil South maps ~141,257 cattle in baseline.)"
2024-02-26,Aweil West,0.0,0.03,0,dry season,0.0,0.0,318964.9515941321,"No flood expected in Aweil West this week (q50 0.0 km²). Routine monitoring. (Aweil West maps ~318,965 cattle in baseline.)"
2024-03-04,Aweil Centre,0.0,0.047,0,early season (sowing),0.0,0.0,364961.8333817694,"No flood expected in Aweil Centre this week (q50 0.0 km²). Routine monitoring. (Aweil Centre maps ~364,962 cattle in baseline.)"
2024-03-04,Aweil East,0.0,0.042,0,early season (sowing),0.0,0.0,505027.7802561831,"No flood expected in Aweil East this week (q50 0.0 km²). Routine monitoring. (Aweil East maps ~505,028 cattle in baseline.)"
2024-03-04,Aweil North,0.0,0.043,0,early season (sowing),0.0,0.0,463800.5038861725,"No flood expected in Aweil North this week (q50 0.0 km²). Routine monitoring. (Aweil North maps ~463,801 cattle in baseline.)"
2024-03-04,Aweil South,0.0,0.041,0,early season (sowing),0.0,0.0,141256.8006910938,"No flood expected in Aweil South this week (q50 0.0 km²). Routine monitoring. (Aweil South maps ~141,257 cattle in baseline.)"
2024-03-04,Aweil West,0.0,0.036,0,early season (sowing),0.0,0.0,318964.9515941321,"No flood expected in Aweil West this week (q50 0.0 km²). Routine monitoring. (Aweil West maps ~318,965 cattle in baseline.)"
2024-03-11,Aweil Centre,0.0,0.026,0,early season (sowing),0.0,0.0,364961.8333817694,"No flood expected in Aweil Centre this week (q50 0.0 km²). Routine monitoring. (Aweil Centre maps ~364,962 cattle in baseline.)"
2024-03-11,Aweil East,0.0,0.025,0,early season (sowing),0.0,0.0,505027.7802561831,"No flood expected in Aweil East this week (q50 0.0 km²). Routine monitoring. (Aweil East maps ~505,028 cattle in baseline.)"
2024-03-11,Aweil North,0.0,0.017,0,early season (sowing),0.0,0.0,463800.5038861725,"No flood expected in Aweil North this week (q50 0.0 km²). Routine monitoring. (Aweil North maps ~463,801 cattle in baseline.)"
2024-03-11,Aweil South,0.0,0.017,0,early season (sowing),0.0,0.0,141256.8006910938,"No flood expected in Aweil South this week (q50 0.0 km²). Routine monitoring. (Aweil South maps ~141,257 cattle in baseline.)"
2024-03-11,Aweil West,0.0,0.017,0,early season (sowing),0.0,0.0,318964.9515941321,"No flood expected in Aweil West this week (q50 0.0 km²). Routine monitoring. (Aweil West maps ~318,965 cattle in baseline.)"
2024-03-18,Aweil Centre,0.0,0.029,0,early season (sowing),0.0,0.0,364961.8333817694,"No flood expected in Aweil Centre this week (q50 0.0 km²). Routine monitoring. (Aweil Centre maps ~364,962 cattle in baseline.)"
2024-03-18,Aweil East,0.0,0.027,0,early season (sowing),0.0,0.0,505027.7802561831,"No flood expected in Aweil East this week (q50 0.0 km²). Routine monitoring. (Aweil East maps ~505,028 cattle in baseline.)"
2024-03-18,Aweil North,0.0,0.02,0,early season (sowing),0.0,0.0,463800.5038861725,"No flood expected in Aweil North this week (q50 0.0 km²). Routine monitoring. (Aweil North maps ~463,801 cattle in baseline.)"
2024-03-18,Aweil South,0.0,0.02,0,early season (sowing),0.0,0.0,141256.8006910938,"No flood expected in Aweil South this week (q50 0.0 km²). Routine monitoring. (Aweil South maps ~141,257 cattle in baseline.)"
2024-03-18,Aweil West,0.0,0.022,0,early season (sowing),0.0,0.0,318964.9515941321,"No flood expected in Aweil West this week (q50 0.0 km²). Routine monitoring. (Aweil West maps ~318,965 cattle in baseline.)"
2024-03-25,Aweil Centre,0.0,0.032,0,early season (sowing),0.0,0.0,364961.8333817694,"No flood expected in Aweil Centre this week (q50 0.0 km²). Routine monitoring. (Aweil Centre maps ~364,962 cattle in baseline.)"
2024-03-25,Aweil East,0.0,0.036,0,early season (sowing),0.0,0.0,505027.7802561831,"No flood expected in Aweil East this week (q50 0.0 km²). Routine monitoring. (Aweil East maps ~505,028 cattle in baseline.)"
2024-03-25,Aweil North,0.0,0.029,0,early season (sowing),0.0,0.0,463800.5038861725,"No flood expected in Aweil North this week (q50 0.0 km²). Routine monitoring. (Aweil North maps ~463,801 cattle in baseline.)"
2024-03-25,Aweil South,0.0,0.029,0,early season (sowing),0.0,0.0,141256.8006910938,"No flood expected in Aweil South this week (q50 0.0 km²). Routine monitoring. (Aweil South maps ~141,257 cattle in baseline.)"
2024-03-25,Aweil West,0.01,0.054,3,early season (sowing),0.0,23.6,318964.9515941321,"SEVERE flood expected in Aweil West this week: q50 0.0 km², above the 95th percentile of all March weeks since 2000. Early season (sowing): sowing windows are opening — delayed or drowned seedlings are the main crop risk. Approx. 24 ha of rangeland at risk; plan early herd movement. (Aweil West maps ~318,965 cattle in baseline.)"
2024-04-01,Aweil Centre,0.0,0.026,0,crop establishment,0.0,0.0,364961.8333817694,"No flood expected in Aweil Centre this week (q50 0.0 km²). Routine monitoring. (Aweil Centre maps ~364,962 cattle in baseline.)"
2024-04-01,Aweil East,0.0,0.024,0,crop establishment,0.0,0.0,505027.7802561831,"No flood expected in Aweil East this week (q50 0.0 km²). Routine monitoring. (Aweil East maps ~505,028 cattle in baseline.)"
2024-04-01,Aweil North,0.0,0.02,0,crop establishment,0.0,0.0,463800.5038861725,"No flood expected in Aweil North this week (q50 0.0 km²). Routine monitoring. (Aweil North maps ~463,801 cattle in baseline.)"
2024-04-01,Aweil South,0.0,0.021,0,crop establishment,0.0,0.0,141256.8006910938,"No flood expected in Aweil South this week (q50 0.0 km²). Routine monitoring. (Aweil South maps ~141,257 cattle in baseline.)"
2024-04-01,Aweil West,0.0,0.038,0,crop establishment,0.0,0.0,318964.9515941321,"No flood expected in Aweil West this week (q50 0.0 km²). Routine monitoring. (Aweil West maps ~318,965 cattle in baseline.)"
2024-04-08,Aweil Centre,0.0,0.032,0,crop establishment,0.0,0.0,364961.8333817694,"No flood expected in Aweil Centre this week (q50 0.0 km²). Routine monitoring. (Aweil Centre maps ~364,962 cattle in baseline.)"
2024-04-08,Aweil East,0.0,0.042,0,crop establishment,0.0,0.0,505027.7802561831,"No flood expected in Aweil East this week (q50 0.0 km²). Routine monitoring. (Aweil East maps ~505,028 cattle in baseline.)"
2024-04-08,Aweil North,0.0,0.033,0,crop establishment,0.0,0.0,463800.5038861725,"No flood expected in Aweil North this week (q50 0.0 km²). Routine monitoring. (Aweil North maps ~463,801 cattle in baseline.)"
2024-04-08,Aweil South,0.0,0.032,0,crop establishment,0.0,0.0,141256.8006910938,"No flood expected in Aweil South this week (q50 0.0 km²). Routine monitoring. (Aweil South maps ~141,257 cattle in baseline.)"
2024-04-08,Aweil West,0.0,0.027,0,crop establishment,0.0,0.0,318964.9515941321,"No flood expected in Aweil West this week (q50 0.0 km²). Routine monitoring. (Aweil West maps ~318,965 cattle in baseline.)"
2024-04-15,Aweil Centre,0.0,0.016,0,crop establishment,0.0,0.0,364961.8333817694,"No flood expected in Aweil Centre this week (q50 0.0 km²). Routine monitoring. (Aweil Centre maps ~364,962 cattle in baseline.)"
2024-04-15,Aweil East,0.0,0.027,0,crop establishment,0.0,0.0,505027.7802561831,"No flood expected in Aweil East this week (q50 0.0 km²). Routine monitoring. (Aweil East maps ~505,028 cattle in baseline.)"
2024-04-15,Aweil North,0.0,0.021,0,crop establishment,0.0,0.0,463800.5038861725,"No flood expected in Aweil North this week (q50 0.0 km²). Routine monitoring. (Aweil North maps ~463,801 cattle in baseline.)"
2024-04-15,Aweil South,0.0,0.019,0,crop establishment,0.0,0.0,141256.8006910938,"No flood expected in Aweil South this week (q50 0.0 km²). Routine monitoring. (Aweil South maps ~141,257 cattle in baseline.)"
2024-04-15,Aweil West,0.0,0.018,0,crop establishment,0.0,0.0,318964.9515941321,"No flood expected in Aweil West this week (q50 0.0 km²). Routine monitoring. (Aweil West maps ~318,965 cattle in baseline.)"
2024-04-22,Aweil Centre,0.0,0.029,0,crop establishment,0.0,0.0,364961.8333817694,"No flood expected in Aweil Centre this week (q50 0.0 km²). Routine monitoring. (Aweil Centre maps ~364,962 cattle in baseline.)"
2024-04-22,Aweil East,0.0,0.046,0,crop establishment,0.0,0.0,505027.7802561831,"No flood expected in Aweil East this week (q50 0.0 km²). Routine monitoring. (Aweil East maps ~505,028 cattle in baseline.)"
2024-04-22,Aweil North,0.0,0.032,0,crop establishment,0.0,0.0,463800.5038861725,"No flood expected in Aweil North this week (q50 0.0 km²). Routine monitoring. (Aweil North maps ~463,801 cattle in baseline.)"
2024-04-22,Aweil South,0.0,0.029,0,crop establishment,0.0,0.0,141256.8006910938,"No flood expected in Aweil South this week (q50 0.0 km²). Routine monitoring. (Aweil South maps ~141,257 cattle in baseline.)"
2024-04-22,Aweil West,0.0,0.029,0,crop establishment,0.0,0.0,318964.9515941321,"No flood expected in Aweil West this week (q50 0.0 km²). Routine monitoring. (Aweil West maps ~318,965 cattle in baseline.)"
2024-04-29,Aweil Centre,0.0,0.017,0,crop establishment,0.0,0.0,364961.8333817694,"No flood expected in Aweil Centre this week (q50 0.0 km²). Routine monitoring. (Aweil Centre maps ~364,962 cattle in baseline.)"
2024-04-29,Aweil East,0.0,0.021,0,crop establishment,0.0,0.0,505027.7802561831,"No flood expected in Aweil East this week (q50 0.0 km²). Routine monitoring. (Aweil East maps ~505,028 cattle in baseline.)"
2024-04-29,Aweil North,0.0,0.014,0,crop establishment,0.0,0.0,463800.5038861725,"No flood expected in Aweil North this week (q50 0.0 km²). Routine monitoring. (Aweil North maps ~463,801 cattle in baseline.)"
2024-04-29,Aweil South,0.0,0.014,0,crop establishment,0.0,0.0,141256.8006910938,"No flood expected in Aweil South this week (q50 0.0 km²). Routine monitoring. (Aweil South maps ~141,257 cattle in baseline.)"
2024-04-29,Aweil West,0.0,0.015,0,crop establishment,0.0,0.0,318964.9515941321,"No flood expected in Aweil West this week (q50 0.0 km²). Routine monitoring. (Aweil West maps ~318,965 cattle in baseline.)"
2024-05-06,Aweil Centre,0.0,0.03,0,vegetative growth,0.0,0.0,364961.8333817694,"No flood expected in Aweil Centre this week (q50 0.0 km²). Routine monitoring. (Aweil Centre maps ~364,962 cattle in baseline.)"
2024-05-06,Aweil East,0.0,0.048,0,vegetative growth,0.0,0.0,505027.7802561831,"No flood expected in Aweil East this week (q50 0.0 km²). Routine monitoring. (Aweil East maps ~505,028 cattle in baseline.)"
2024-05-06,Aweil North,0.0,0.029,0,vegetative growth,0.0,0.0,463800.5038861725,"No flood expected in Aweil North this week (q50 0.0 km²). Routine monitoring. (Aweil North maps ~463,801 cattle in baseline.)"
2024-05-06,Aweil South,0.0,0.026,0,vegetative growth,0.0,0.0,141256.8006910938,"No flood expected in Aweil South this week (q50 0.0 km²). Routine monitoring. (Aweil South maps ~141,257 cattle in baseline.)"
2024-05-06,Aweil West,0.0,0.023,0,vegetative growth,0.0,0.0,318964.9515941321,"No flood expected in Aweil West this week (q50 0.0 km²). Routine monitoring. (Aweil West maps ~318,965 cattle in baseline.)"
2024-05-13,Aweil Centre,0.0,0.035,0,vegetative growth,0.0,0.0,364961.8333817694,"No flood expected in Aweil Centre this week (q50 0.0 km²). Routine monitoring. (Aweil Centre maps ~364,962 cattle in baseline.)"
2024-05-13,Aweil East,0.0,0.044,0,vegetative growth,0.0,0.0,505027.7802561831,"No flood expected in Aweil East this week (q50 0.0 km²). Routine monitoring. (Aweil East maps ~505,028 cattle in baseline.)"
2024-05-13,Aweil North,0.0,0.032,0,vegetative growth,0.0,0.0,463800.5038861725,"No flood expected in Aweil North this week (q50 0.0 km²). Routine monitoring. (Aweil North maps ~463,801 cattle in baseline.)"
2024-05-13,Aweil South,0.0,0.03,0,vegetative growth,0.0,0.0,141256.8006910938,"No flood expected in Aweil South this week (q50 0.0 km²). Routine monitoring. (Aweil South maps ~141,257 cattle in baseline.)"
2024-05-13,Aweil West,0.0,0.032,0,vegetative growth,0.0,0.0,318964.9515941321,"No flood expected in Aweil West this week (q50 0.0 km²). Routine monitoring. (Aweil West maps ~318,965 cattle in baseline.)"
2024-05-20,Aweil Centre,0.0,0.031,0,vegetative growth,0.0,0.0,364961.8333817694,"No flood expected in Aweil Centre this week (q50 0.0 km²). Routine monitoring. (Aweil Centre maps ~364,962 cattle in baseline.)"
2024-05-20,Aweil East,0.0,0.046,0,vegetative growth,0.0,0.0,505027.7802561831,"No flood expected in Aweil East this week (q50 0.0 km²). Routine monitoring. (Aweil East maps ~505,028 cattle in baseline.)"
2024-05-20,Aweil North,0.0,0.023,0,vegetative growth,0.0,0.0,463800.5038861725,"No flood expected in Aweil North this week (q50 0.0 km²). Routine monitoring. (Aweil North maps ~463,801 cattle in baseline.)"
2024-05-20,Aweil South,0.0,0.022,0,vegetative growth,0.0,0.0,141256.8006910938,"No flood expected in Aweil South this week (q50 0.0 km²). Routine monitoring. (Aweil South maps ~141,257 cattle in baseline.)"
2024-05-20,Aweil West,0.0,0.023,0,vegetative growth,0.0,0.0,318964.9515941321,"No flood expected in Aweil West this week (q50 0.0 km²). Routine monitoring. (Aweil West maps ~318,965 cattle in baseline.)"
2024-05-27,Aweil Centre,0.0,0.033,0,vegetative growth,0.0,0.0,364961.8333817694,"No flood expected in Aweil Centre this week (q50 0.0 km²). Routine monitoring. (Aweil Centre maps ~364,962 cattle in baseline.)"
2024-05-27,Aweil East,0.0,0.061,0,vegetative growth,0.0,0.0,505027.7802561831,"No flood expected in Aweil East this week (q50 0.0 km²). Routine monitoring. (Aweil East maps ~505,028 cattle in baseline.)"
2024-05-27,Aweil North,0.0,0.037,0,vegetative growth,0.0,0.0,463800.5038861725,"No flood expected in Aweil North this week (q50 0.0 km²). Routine monitoring. (Aweil North maps ~463,801 cattle in baseline.)"
2024-05-27,Aweil South,0.0,0.038,0,vegetative growth,0.0,0.0,141256.8006910938,"No flood expected in Aweil South this week (q50 0.0 km²). Routine monitoring. (Aweil South maps ~141,257 cattle in baseline.)"
2024-05-27,Aweil West,0.0,0.041,0,vegetative growth,0.0,0.0,318964.9515941321,"No flood expected in Aweil West this week (q50 0.0 km²). Routine monitoring. (Aweil West maps ~318,965 cattle in baseline.)"
2024-06-03,Aweil Centre,0.0,0.022,0,vegetative growth (peak),0.0,0.0,364961.8333817694,"No flood expected in Aweil Centre this week (q50 0.0 km²). Routine monitoring. (Aweil Centre maps ~364,962 cattle in baseline.)"
2024-06-03,Aweil East,0.0,0.037,0,vegetative growth (peak),0.0,0.0,505027.7802561831,"No flood expected in Aweil East this week (q50 0.0 km²). Routine monitoring. (Aweil East maps ~505,028 cattle in baseline.)"
2024-06-03,Aweil North,0.0,0.022,0,vegetative growth (peak),0.0,0.0,463800.5038861725,"No flood expected in Aweil North this week (q50 0.0 km²). Routine monitoring. (Aweil North maps ~463,801 cattle in baseline.)"
2024-06-03,Aweil South,0.0,0.022,0,vegetative growth (peak),0.0,0.0,141256.8006910938,"No flood expected in Aweil South this week (q50 0.0 km²). Routine monitoring. (Aweil South maps ~141,257 cattle in baseline.)"
2024-06-03,Aweil West,0.0,0.023,0,vegetative growth (peak),0.0,0.0,318964.9515941321,"No flood expected in Aweil West this week (q50 0.0 km²). Routine monitoring. (Aweil West maps ~318,965 cattle in baseline.)"
2024-06-10,Aweil Centre,0.0,0.023,0,vegetative growth (peak),0.0,0.0,364961.8333817694,"No flood expected in Aweil Centre this week (q50 0.0 km²). Routine monitoring. (Aweil Centre maps ~364,962 cattle in baseline.)"
2024-06-10,Aweil East,0.0,0.039,0,vegetative growth (peak),0.0,0.0,505027.7802561831,"No flood expected in Aweil East this week (q50 0.0 km²). Routine monitoring. (Aweil East maps ~505,028 cattle in baseline.)"
2024-06-10,Aweil North,0.0,0.027,0,vegetative growth (peak),0.0,0.0,463800.5038861725,"No flood expected in Aweil North this week (q50 0.0 km²). Routine monitoring. (Aweil North maps ~463,801 cattle in baseline.)"
2024-06-10,Aweil South,0.0,0.029,0,vegetative growth (peak),0.0,0.0,141256.8006910938,"No flood expected in Aweil South this week (q50 0.0 km²). Routine monitoring. (Aweil South maps ~141,257 cattle in baseline.)"
2024-06-10,Aweil West,0.0,0.033,0,vegetative growth (peak),0.0,0.0,318964.9515941321,"No flood expected in Aweil West this week (q50 0.0 km²). Routine monitoring. (Aweil West maps ~318,965 cattle in baseline.)"
2024-06-17,Aweil Centre,0.0,0.016,0,vegetative growth (peak),0.0,0.0,364961.8333817694,"No flood expected in Aweil Centre this week (q50 0.0 km²). Routine monitoring. (Aweil Centre maps ~364,962 cattle in baseline.)"
2024-06-17,Aweil East,0.0,0.024,0,vegetative growth (peak),0.0,0.0,505027.7802561831,"No flood expected in Aweil East this week (q50 0.0 km²). Routine monitoring. (Aweil East maps ~505,028 cattle in baseline.)"
2024-06-17,Aweil North,0.0,0.016,0,vegetative growth (peak),0.0,0.0,463800.5038861725,"No flood expected in Aweil North this week (q50 0.0 km²). Routine monitoring. (Aweil North maps ~463,801 cattle in baseline.)"
2024-06-17,Aweil South,0.0,0.016,0,vegetative growth (peak),0.0,0.0,141256.8006910938,"No flood expected in Aweil South this week (q50 0.0 km²). Routine monitoring. (Aweil South maps ~141,257 cattle in baseline.)"
2024-06-17,Aweil West,0.0,0.018,0,vegetative growth (peak),0.0,0.0,318964.9515941321,"No flood expected in Aweil West this week (q50 0.0 km²). Routine monitoring. (Aweil West maps ~318,965 cattle in baseline.)"
2024-06-24,Aweil Centre,0.0,0.026,0,vegetative growth (peak),0.0,0.0,364961.8333817694,"No flood expected in Aweil Centre this week (q50 0.0 km²). Routine monitoring. (Aweil Centre maps ~364,962 cattle in baseline.)"
2024-06-24,Aweil East,0.0,0.033,0,vegetative growth (peak),0.0,0.0,505027.7802561831,"No flood expected in Aweil East this week (q50 0.0 km²). Routine monitoring. (Aweil East maps ~505,028 cattle in baseline.)"
2024-06-24,Aweil North,0.0,0.021,0,vegetative growth (peak),0.0,0.0,463800.5038861725,"No flood expected in Aweil North this week (q50 0.0 km²). Routine monitoring. (Aweil North maps ~463,801 cattle in baseline.)"
2024-06-24,Aweil South,0.0,0.022,0,vegetative growth (peak),0.0,0.0,141256.8006910938,"No flood expected in Aweil South this week (q50 0.0 km²). Routine monitoring. (Aweil South maps ~141,257 cattle in baseline.)"
2024-06-24,Aweil West,0.0,0.024,0,vegetative growth (peak),0.0,0.0,318964.9515941321,"No flood expected in Aweil West this week (q50 0.0 km²). Routine monitoring. (Aweil West maps ~318,965 cattle in baseline.)"
2024-07-01,Aweil Centre,0.0,0.024,0,vegetative growth (peak),0.0,0.0,364961.8333817694,"No flood expected in Aweil Centre this week (q50 0.0 km²). Routine monitoring. (Aweil Centre maps ~364,962 cattle in baseline.)"
2024-07-01,Aweil East,0.0,0.036,0,vegetative growth (peak),0.0,0.0,505027.7802561831,"No flood expected in Aweil East this week (q50 0.0 km²). Routine monitoring. (Aweil East maps ~505,028 cattle in baseline.)"
2024-07-01,Aweil North,0.0,0.025,0,vegetative growth (peak),0.0,0.0,463800.5038861725,"No flood expected in Aweil North this week (q50 0.0 km²). Routine monitoring. (Aweil North maps ~463,801 cattle in baseline.)"
2024-07-01,Aweil South,0.0,0.025,0,vegetative growth (peak),0.0,0.0,141256.8006910938,"No flood expected in Aweil South this week (q50 0.0 km²). Routine monitoring. (Aweil South maps ~141,257 cattle in baseline.)"
2024-07-01,Aweil West,0.0,0.027,0,vegetative growth (peak),0.0,0.0,318964.9515941321,"No flood expected in Aweil West this week (q50 0.0 km²). Routine monitoring. (Aweil West maps ~318,965 cattle in baseline.)"
2024-07-08,Aweil Centre,0.0,0.015,0,vegetative growth (peak),0.0,0.0,364961.8333817694,"No flood expected in Aweil Centre this week (q50 0.0 km²). Routine monitoring. (Aweil Centre maps ~364,962 cattle in baseline.)"
2024-07-08,Aweil East,0.02,0.105,0,vegetative growth (peak),0.0,0.0,505027.7802561831,"No flood expected in Aweil East this week (q50 0.0 km²). Routine monitoring. (Aweil East maps ~505,028 cattle in baseline.)"
2024-07-08,Aweil North,0.0,0.016,0,vegetative growth (peak),0.0,0.0,463800.5038861725,"No flood expected in Aweil North this week (q50 0.0 km²). Routine monitoring. (Aweil North maps ~463,801 cattle in baseline.)"
2024-07-08,Aweil South,0.0,0.017,0,vegetative growth (peak),0.0,0.0,141256.8006910938,"No flood expected in Aweil South this week (q50 0.0 km²). Routine monitoring. (Aweil South maps ~141,257 cattle in baseline.)"
2024-07-08,Aweil West,0.0,0.021,0,vegetative growth (peak),0.0,0.0,318964.9515941321,"No flood expected in Aweil West this week (q50 0.0 km²). Routine monitoring. (Aweil West maps ~318,965 cattle in baseline.)"
2024-07-15,Aweil Centre,0.0,0.013,3,vegetative growth (peak),0.0,0.0,364961.8333817694,"SEVERE flood expected in Aweil Centre this week: q50 0.0 km², above the 95th percentile of all July weeks since 2000. Vegetative growth (peak): crops are at peak water demand — short flooding can be tolerated, sustained submergence is not. (Aweil Centre maps ~364,962 cattle in baseline.)"
2024-07-15,Aweil East,0.02,0.037,0,vegetative growth (peak),0.0,0.0,505027.7802561831,"No flood expected in Aweil East this week (q50 0.0 km²). Routine monitoring. (Aweil East maps ~505,028 cattle in baseline.)"
2024-07-15,Aweil North,0.0,0.017,0,vegetative growth (peak),0.0,0.0,463800.5038861725,"No flood expected in Aweil North this week (q50 0.0 km²). Routine monitoring. (Aweil North maps ~463,801 cattle in baseline.)"
2024-07-15,Aweil South,0.0,0.017,0,vegetative growth (peak),0.0,0.0,141256.8006910938,"No flood expected in Aweil South this week (q50 0.0 km²). Routine monitoring. (Aweil South maps ~141,257 cattle in baseline.)"
2024-07-15,Aweil West,0.0,0.022,0,vegetative growth (peak),0.0,0.0,318964.9515941321,"No flood expected in Aweil West this week (q50 0.0 km²). Routine monitoring. (Aweil West maps ~318,965 cattle in baseline.)"
2024-07-22,Aweil Centre,0.0,0.013,3,vegetative growth (peak),0.0,0.0,364961.8333817694,"SEVERE flood expected in Aweil Centre this week: q50 0.0 km², above the 95th percentile of all July weeks since 2000. Vegetative growth (peak): crops are at peak water demand — short flooding can be tolerated, sustained submergence is not. (Aweil Centre maps ~364,962 cattle in baseline.)"
2024-07-22,Aweil East,0.0,0.038,0,vegetative growth (peak),0.0,0.0,505027.7802561831,"No flood expected in Aweil East this week (q50 0.0 km²). Routine monitoring. (Aweil East maps ~505,028 cattle in baseline.)"
2024-07-22,Aweil North,0.0,0.018,0,vegetative growth (peak),0.0,0.0,463800.5038861725,"No flood expected in Aweil North this week (q50 0.0 km²). Routine monitoring. (Aweil North maps ~463,801 cattle in baseline.)"
2024-07-22,Aweil South,0.0,0.018,0,vegetative growth (peak),0.0,0.0,141256.8006910938,"No flood expected in Aweil South this week (q50 0.0 km²). Routine monitoring. (Aweil South maps ~141,257 cattle in baseline.)"
2024-07-22,Aweil West,0.0,0.018,0,vegetative growth (peak),0.0,0.0,318964.9515941321,"No flood expected in Aweil West this week (q50 0.0 km²). Routine monitoring. (Aweil West maps ~318,965 cattle in baseline.)"
2024-07-29,Aweil Centre,0.0,0.044,3,vegetative growth (peak),0.0,0.0,364961.8333817694,"SEVERE flood expected in Aweil Centre this week: q50 0.0 km², above the 95th percentile of all July weeks since 2000. Vegetative growth (peak): crops are at peak water demand — short flooding can be tolerated, sustained submergence is not. (Aweil Centre maps ~364,962 cattle in baseline.)"
2024-07-29,Aweil East,0.99,0.737,3,vegetative growth (peak),0.0,0.0,505027.7802561831,"SEVERE flood expected in Aweil East this week: q50 1.0 km², above the 95th percentile of all July weeks since 2000. Vegetative growth (peak): crops are at peak water demand — short flooding can be tolerated, sustained submergence is not. (Aweil East maps ~505,028 cattle in baseline.)"
2024-07-29,Aweil North,0.0,0.034,0,vegetative growth (peak),0.0,0.0,463800.5038861725,"No flood expected in Aweil North this week (q50 0.0 km²). Routine monitoring. (Aweil North maps ~463,801 cattle in baseline.)"
2024-07-29,Aweil South,0.0,0.046,0,vegetative growth (peak),0.0,0.0,141256.8006910938,"No flood expected in Aweil South this week (q50 0.0 km²). Routine monitoring. (Aweil South maps ~141,257 cattle in baseline.)"
2024-07-29,Aweil West,0.0,0.061,0,vegetative growth (peak),0.0,0.0,318964.9515941321,"No flood expected in Aweil West this week (q50 0.0 km²). Routine monitoring. (Aweil West maps ~318,965 cattle in baseline.)"
2024-08-05,Aweil Centre,0.0,0.066,0,maturation,0.0,0.0,364961.8333817694,"No flood expected in Aweil Centre this week (q50 0.0 km²). Routine monitoring. (Aweil Centre maps ~364,962 cattle in baseline.)"
2024-08-05,Aweil East,0.03,0.237,0,maturation,0.0,0.0,505027.7802561831,"No flood expected in Aweil East this week (q50 0.0 km²). Routine monitoring. (Aweil East maps ~505,028 cattle in baseline.)"
2024-08-05,Aweil North,0.0,0.04,0,maturation,0.0,0.0,463800.5038861725,"No flood expected in Aweil North this week (q50 0.0 km²). Routine monitoring. (Aweil North maps ~463,801 cattle in baseline.)"
2024-08-05,Aweil South,0.0,0.05,0,maturation,0.0,0.0,141256.8006910938,"No flood expected in Aweil South this week (q50 0.0 km²). Routine monitoring. (Aweil South maps ~141,257 cattle in baseline.)"
2024-08-05,Aweil West,0.0,0.077,0,maturation,0.0,0.0,318964.9515941321,"No flood expected in Aweil West this week (q50 0.0 km²). Routine monitoring. (Aweil West maps ~318,965 cattle in baseline.)"
2024-08-12,Aweil Centre,0.02,0.088,0,maturation,0.0,0.0,364961.8333817694,"No flood expected in Aweil Centre this week (q50 0.0 km²). Routine monitoring. (Aweil Centre maps ~364,962 cattle in baseline.)"
2024-08-12,Aweil East,0.07,0.22,0,maturation,0.0,0.0,505027.7802561831,"No flood expected in Aweil East this week (q50 0.1 km²). Routine monitoring. (Aweil East maps ~505,028 cattle in baseline.)"
2024-08-12,Aweil North,0.02,0.045,3,maturation,0.0,0.0,463800.5038861725,"SEVERE flood expected in Aweil North this week: q50 0.0 km², above the 95th percentile of all August weeks since 2000. Maturation: grain is filling; flooding now damages the yield that is already banked. (Aweil North maps ~463,801 cattle in baseline.)"
2024-08-12,Aweil South,0.02,0.069,0,maturation,0.0,0.0,141256.8006910938,"No flood expected in Aweil South this week (q50 0.0 km²). Routine monitoring. (Aweil South maps ~141,257 cattle in baseline.)"
2024-08-12,Aweil West,0.03,0.099,0,maturation,0.0,0.0,318964.9515941321,"No flood expected in Aweil West this week (q50 0.0 km²). Routine monitoring. (Aweil West maps ~318,965 cattle in baseline.)"
2024-08-19,Aweil Centre,0.06,0.275,0,maturation,0.0,0.0,364961.8333817694,"No flood expected in Aweil Centre this week (q50 0.1 km²). Routine monitoring. (Aweil Centre maps ~364,962 cattle in baseline.)"
2024-08-19,Aweil East,0.07,0.493,0,maturation,0.0,0.0,505027.7802561831,"No flood expected in Aweil East this week (q50 0.1 km²). Routine monitoring. (Aweil East maps ~505,028 cattle in baseline.)"
2024-08-19,Aweil North,0.06,0.139,3,maturation,0.0,0.0,463800.5038861725,"SEVERE flood expected in Aweil North this week: q50 0.1 km², above the 95th percentile of all August weeks since 2000. Maturation: grain is filling; flooding now damages the yield that is already banked. (Aweil North maps ~463,801 cattle in baseline.)"
2024-08-19,Aweil South,0.06,0.194,0,maturation,0.0,0.0,141256.8006910938,"No flood expected in Aweil South this week (q50 0.1 km²). Routine monitoring. (Aweil South maps ~141,257 cattle in baseline.)"
2024-08-19,Aweil West,0.06,0.329,0,maturation,0.0,0.0,318964.9515941321,"No flood expected in Aweil West this week (q50 0.1 km²). Routine monitoring. (Aweil West maps ~318,965 cattle in baseline.)"
2024-08-26,Aweil Centre,0.05,0.407,0,maturation,0.0,0.0,364961.8333817694,"No flood expected in Aweil Centre this week (q50 0.1 km²). Routine monitoring. (Aweil Centre maps ~364,962 cattle in baseline.)"
2024-08-26,Aweil East,0.07,0.639,0,maturation,0.0,0.0,505027.7802561831,"SEVERE flood expected in Aweil East this week: q50 0.1 km², above the 95th percentile of all August weeks since 2000. (Aweil East maps ~505,028 cattle in baseline.)"
2024-08-26,Aweil North,0.05,0.256,3,maturation,0.0,0.0,463800.5038861725,"SEVERE flood expected in Aweil North this week: q50 0.1 km², above the 95th percentile of all August weeks since 2000. Maturation: grain is filling; flooding now damages the yield that is already banked. (Aweil North maps ~463,801 cattle in baseline.)"
2024-08-26,Aweil South,0.05,0.323,0,maturation,0.0,0.0,141256.8006910938,"No flood expected in Aweil South this week (q50 0.1 km²). Routine monitoring. (Aweil South maps ~141,257 cattle in baseline.)"
2024-08-26,Aweil West,0.06,0.447,0,maturation,0.0,0.0,318964.9515941321,"No flood expected in Aweil West this week (q50 0.1 km²). Routine monitoring. (Aweil West maps ~318,965 cattle in baseline.)"
2024-09-02,Aweil Centre,0.0,0.447,0,maturation / grain filling,0.0,0.0,364961.8333817694,"No flood expected in Aweil Centre this week (q50 0.0 km²). Routine monitoring. (Aweil Centre maps ~364,962 cattle in baseline.)"
2024-09-02,Aweil East,0.04,0.632,0,maturation / grain filling,0.1,5.2,505027.7802561831,"SEVERE flood expected in Aweil East this week: q50 0.0 km², above the 95th percentile of all September weeks since 2000. Approx. 5 ha of rangeland at risk; plan early herd movement. (Aweil East maps ~505,028 cattle in baseline.)"
2024-09-02,Aweil North,0.0,0.203,0,maturation / grain filling,0.0,0.0,463800.5038861725,"No flood expected in Aweil North this week (q50 0.0 km²). Routine monitoring. (Aweil North maps ~463,801 cattle in baseline.)"
2024-09-02,Aweil South,0.0,0.254,0,maturation / grain filling,0.0,1.0,141256.8006910938,"No flood expected in Aweil South this week (q50 0.0 km²). Routine monitoring. (Aweil South maps ~141,257 cattle in baseline.)"
2024-09-02,Aweil West,0.01,0.364,0,maturation / grain filling,0.0,2.4,318964.9515941321,"No flood expected in Aweil West this week (q50 0.0 km²). Routine monitoring. Approx. 2 ha of rangeland at risk; plan early herd movement. (Aweil West maps ~318,965 cattle in baseline.)"
2024-09-09,Aweil Centre,3.32,0.962,0,maturation / grain filling,0.0,440.7,364961.8333817694,"SEVERE flood expected in Aweil Centre this week: q50 3.3 km², above the 95th percentile of all September weeks since 2000. Approx. 441 ha of rangeland at risk; plan early herd movement. (Aweil Centre maps ~364,962 cattle in baseline.)"
2024-09-09,Aweil East,16.1,0.952,0,maturation / grain filling,47.0,1941.9,505027.7802561831,"SEVERE flood expected in Aweil East this week: q50 16.1 km², above the 95th percentile of all September weeks since 2000. Approx. 47 ha of mapped crops in the Aweil East floodplain are at risk. Approx. 1,942 ha of rangeland at risk; plan early herd movement. (Aweil East maps ~505,028 cattle in baseline.)"
2024-09-09,Aweil North,2.24,0.935,2,maturation / grain filling,30.3,1586.1,463800.5038861725,"High flood risk in Aweil North this week: q50 2.2 km², above most September weeks since 2000. Maturation / grain filling: grain is filling; flooding now damages the yield that is already banked. Approx. 30 ha of mapped crops in the Aweil North floodplain are at risk. Approx. 1,586 ha of rangeland at risk; plan early herd movement. (Aweil North maps ~463,801 cattle in baseline.)"
2024-09-09,Aweil South,4.67,0.962,1,maturation / grain filling,128.5,3454.2,141256.8006910938,"Elevated flood probability in Aweil South this week (q50 4.7 km², 96% detection chance). Maturation / grain filling: grain is filling; flooding now damages the yield that is already banked. Approx. 129 ha of mapped crops in the Aweil South floodplain are at risk. Approx. 3,454 ha of rangeland at risk; plan early herd movement. (Aweil South maps ~141,257 cattle in baseline.)"
2024-09-09,Aweil West,2.27,0.942,0,maturation / grain filling,16.4,1038.7,318964.9515941321,"SEVERE flood expected in Aweil West this week: q50 2.3 km², above the 95th percentile of all September weeks since 2000. Approx. 16 ha of mapped crops in the Aweil West floodplain are at risk. Approx. 1,039 ha of rangeland at risk; plan early herd movement. (Aweil West maps ~318,965 cattle in baseline.)"
2024-09-16,Aweil Centre,1.31,0.85,0,maturation / grain filling,0.0,173.4,364961.8333817694,"SEVERE flood expected in Aweil Centre this week: q50 1.3 km², above the 95th percentile of all September weeks since 2000. Approx. 173 ha of rangeland at risk; plan early herd movement. (Aweil Centre maps ~364,962 cattle in baseline.)"
2024-09-16,Aweil East,12.38,0.974,0,maturation / grain filling,36.2,1493.2,505027.7802561831,"SEVERE flood expected in Aweil East this week: q50 12.4 km², above the 95th percentile of all September weeks since 2000. Approx. 36 ha of mapped crops in the Aweil East floodplain are at risk. Approx. 1,493 ha of rangeland at risk; plan early herd movement. (Aweil East maps ~505,028 cattle in baseline.)"
2024-09-16,Aweil North,1.5,0.809,2,maturation / grain filling,20.3,1061.4,463800.5038861725,"High flood risk in Aweil North this week: q50 1.5 km², above most September weeks since 2000. Maturation / grain filling: grain is filling; flooding now damages the yield that is already banked. Approx. 20 ha of mapped crops in the Aweil North floodplain are at risk. Approx. 1,061 ha of rangeland at risk; plan early herd movement. (Aweil North maps ~463,801 cattle in baseline.)"
2024-09-16,Aweil South,1.95,0.89,0,maturation / grain filling,53.7,1444.1,141256.8006910938,"SEVERE flood expected in Aweil South this week: q50 2.0 km², above the 95th percentile of all September weeks since 2000. Approx. 54 ha of mapped crops in the Aweil South floodplain are at risk. Approx. 1,444 ha of rangeland at risk; plan early herd movement. (Aweil South maps ~141,257 cattle in baseline.)"
2024-09-16,Aweil West,2.81,0.937,0,maturation / grain filling,20.3,1288.0,318964.9515941321,"SEVERE flood expected in Aweil West this week: q50 2.8 km², above the 95th percentile of all September weeks since 2000. Approx. 20 ha of mapped crops in the Aweil West floodplain are at risk. Approx. 1,288 ha of rangeland at risk; plan early herd movement. (Aweil West maps ~318,965 cattle in baseline.)"
2024-09-23,Aweil Centre,1.43,0.855,0,maturation / grain filling,0.0,189.7,364961.8333817694,"SEVERE flood expected in Aweil Centre this week: q50 1.4 km², above the 95th percentile of all September weeks since 2000. Approx. 190 ha of rangeland at risk; plan early herd movement. (Aweil Centre maps ~364,962 cattle in baseline.)"
2024-09-23,Aweil East,15.24,0.937,0,maturation / grain filling,44.5,1838.1,505027.7802561831,"SEVERE flood expected in Aweil East this week: q50 15.2 km², above the 95th percentile of all September weeks since 2000. Approx. 45 ha of mapped crops in the Aweil East floodplain are at risk. Approx. 1,838 ha of rangeland at risk; plan early herd movement. (Aweil East maps ~505,028 cattle in baseline.)"
2024-09-23,Aweil North,2.74,0.885,2,maturation / grain filling,37.1,1943.8,463800.5038861725,"High flood risk in Aweil North this week: q50 2.7 km², above most September weeks since 2000. Maturation / grain filling: grain is filling; flooding now damages the yield that is already banked. Approx. 37 ha of mapped crops in the Aweil North floodplain are at risk. Approx. 1,944 ha of rangeland at risk; plan early herd movement. (Aweil North maps ~463,801 cattle in baseline.)"
2024-09-23,Aweil South,4.53,0.933,1,maturation / grain filling,124.6,3349.1,141256.8006910938,"Elevated flood probability in Aweil South this week (q50 4.5 km², 93% detection chance). Maturation / grain filling: grain is filling; flooding now damages the yield that is already banked. Approx. 125 ha of mapped crops in the Aweil South floodplain are at risk. Approx. 3,349 ha of rangeland at risk; plan early herd movement. (Aweil South maps ~141,257 cattle in baseline.)"
2024-09-23,Aweil West,8.08,0.965,2,maturation / grain filling,58.4,3701.7,318964.9515941321,"High flood risk in Aweil West this week: q50 8.1 km², above most September weeks since 2000. Maturation / grain filling: grain is filling; flooding now damages the yield that is already banked. Approx. 58 ha of mapped crops in the Aweil West floodplain are at risk. Approx. 3,702 ha of rangeland at risk; plan early herd movement. (Aweil West maps ~318,965 cattle in baseline.)"
2024-09-30,Aweil Centre,2.55,0.627,0,maturation / grain filling,0.0,338.1,364961.8333817694,"SEVERE flood expected in Aweil Centre this week: q50 2.6 km², above the 95th percentile of all September weeks since 2000. Approx. 338 ha of rangeland at risk; plan early herd movement. (Aweil Centre maps ~364,962 cattle in baseline.)"
2024-09-30,Aweil East,27.93,0.98,1,maturation / grain filling,81.6,3368.2,505027.7802561831,"Elevated flood probability in Aweil East this week (q50 27.9 km², 98% detection chance). Maturation / grain filling: grain is filling; flooding now damages the yield that is already banked. Approx. 82 ha of mapped crops in the Aweil East floodplain are at risk. Approx. 3,368 ha of rangeland at risk; plan early herd movement. (Aweil East maps ~505,028 cattle in baseline.)"
2024-09-30,Aweil North,1.84,0.831,2,maturation / grain filling,24.9,1303.2,463800.5038861725,"High flood risk in Aweil North this week: q50 1.8 km², above most September weeks since 2000. Maturation / grain filling: grain is filling; flooding now damages the yield that is already banked. Approx. 25 ha of mapped crops in the Aweil North floodplain are at risk. Approx. 1,303 ha of rangeland at risk; plan early herd movement. (Aweil North maps ~463,801 cattle in baseline.)"
2024-09-30,Aweil South,12.81,0.962,2,maturation / grain filling,352.8,9482.0,141256.8006910938,"High flood risk in Aweil South this week: q50 12.8 km², above most September weeks since 2000. Maturation / grain filling: grain is filling; flooding now damages the yield that is already banked. Approx. 353 ha of mapped crops in the Aweil South floodplain are at risk. Approx. 9,482 ha of rangeland at risk; plan early herd movement. (Aweil South maps ~141,257 cattle in baseline.)"
2024-09-30,Aweil West,3.68,0.97,0,maturation / grain filling,26.6,1684.1,318964.9515941321,"SEVERE flood expected in Aweil West this week: q50 3.7 km², above the 95th percentile of all September weeks since 2000. Approx. 27 ha of mapped crops in the Aweil West floodplain are at risk. Approx. 1,684 ha of rangeland at risk; plan early herd movement. (Aweil West maps ~318,965 cattle in baseline.)"
2024-10-07,Aweil Centre,0.16,0.484,0,harvest,0.0,7.4,364961.8333817694,"No flood expected in Aweil Centre this week (q50 0.2 km²). Routine monitoring. Approx. 7 ha of rangeland at risk; plan early herd movement. (Aweil Centre maps ~364,962 cattle in baseline.)"
2024-10-07,Aweil East,34.34,0.981,0,harvest,510.4,5867.3,505027.7802561831,"SEVERE flood expected in Aweil East this week: q50 34.3 km², above the 95th percentile of all October weeks since 2000. Approx. 510 ha of mapped crops in the Aweil East floodplain are at risk. Approx. 5,867 ha of rangeland at risk; plan early herd movement. (Aweil East maps ~505,028 cattle in baseline.)"
2024-10-07,Aweil North,2.09,0.827,2,harvest,81.9,2039.0,463800.5038861725,"High flood risk in Aweil North this week: q50 2.1 km², above most October weeks since 2000. Harvest: harvest window — move produce and equipment to higher ground before water rises. Approx. 82 ha of mapped crops in the Aweil North floodplain are at risk. Approx. 2,039 ha of rangeland at risk; plan early herd movement. (Aweil North maps ~463,801 cattle in baseline.)"
2024-10-07,Aweil South,21.22,0.977,1,harvest,653.2,10350.5,141256.8006910938,"Elevated flood probability in Aweil South this week (q50 21.2 km², 98% detection chance). Harvest: harvest window — move produce and equipment to higher ground before water rises. Approx. 653 ha of mapped crops in the Aweil South floodplain are at risk. Approx. 10,351 ha of rangeland at risk; plan early herd movement. (Aweil South maps ~141,257 cattle in baseline.)"
2024-10-07,Aweil West,6.97,0.957,0,harvest,75.5,3518.4,318964.9515941321,"SEVERE flood expected in Aweil West this week: q50 7.0 km², above the 95th percentile of all October weeks since 2000. Approx. 75 ha of mapped crops in the Aweil West floodplain are at risk. Approx. 3,518 ha of rangeland at risk; plan early herd movement. (Aweil West maps ~318,965 cattle in baseline.)"
2024-10-14,Aweil Centre,0.03,0.455,0,harvest,0.0,1.5,364961.8333817694,"No flood expected in Aweil Centre this week (q50 0.0 km²). Routine monitoring. Approx. 1 ha of rangeland at risk; plan early herd movement. (Aweil Centre maps ~364,962 cattle in baseline.)"
2024-10-14,Aweil East,19.1,0.988,0,harvest,283.9,3263.6,505027.7802561831,"SEVERE flood expected in Aweil East this week: q50 19.1 km², above the 95th percentile of all October weeks since 2000. Approx. 284 ha of mapped crops in the Aweil East floodplain are at risk. Approx. 3,264 ha of rangeland at risk; plan early herd movement. (Aweil East maps ~505,028 cattle in baseline.)"
2024-10-14,Aweil North,1.57,0.797,0,harvest,61.5,1532.4,463800.5038861725,"SEVERE flood expected in Aweil North this week: q50 1.6 km², above the 95th percentile of all October weeks since 2000. Approx. 62 ha of mapped crops in the Aweil North floodplain are at risk. Approx. 1,532 ha of rangeland at risk; plan early herd movement. (Aweil North maps ~463,801 cattle in baseline.)"
2024-10-14,Aweil South,15.34,0.988,1,harvest,472.2,7482.2,141256.8006910938,"Elevated flood probability in Aweil South this week (q50 15.3 km², 99% detection chance). Harvest: harvest window — move produce and equipment to higher ground before water rises. Approx. 472 ha of mapped crops in the Aweil South floodplain are at risk. Approx. 7,482 ha of rangeland at risk; plan early herd movement. (Aweil South maps ~141,257 cattle in baseline.)"
2024-10-14,Aweil West,2.65,0.947,0,harvest,28.7,1339.1,318964.9515941321,"SEVERE flood expected in Aweil West this week: q50 2.7 km², above the 95th percentile of all October weeks since 2000. Approx. 29 ha of mapped crops in the Aweil West floodplain are at risk. Approx. 1,339 ha of rangeland at risk; plan early herd movement. (Aweil West maps ~318,965 cattle in baseline.)"
2024-10-21,Aweil Centre,0.0,0.284,0,harvest,0.0,0.0,364961.8333817694,"No flood expected in Aweil Centre this week (q50 0.0 km²). Routine monitoring. (Aweil Centre maps ~364,962 cattle in baseline.)"
2024-10-21,Aweil East,78.96,0.986,2,harvest,1173.4,13490.2,505027.7802561831,"High flood risk in Aweil East this week: q50 79.0 km², above most October weeks since 2000. Harvest: harvest window — move produce and equipment to higher ground before water rises. Approx. 1,173 ha of mapped crops in the Aweil East floodplain are at risk. Approx. 13,490 ha of rangeland at risk; plan early herd movement. (Aweil East maps ~505,028 cattle in baseline.)"
2024-10-21,Aweil North,1.42,0.842,0,harvest,55.4,1379.8,463800.5038861725,"SEVERE flood expected in Aweil North this week: q50 1.4 km², above the 95th percentile of all October weeks since 2000. Approx. 55 ha of mapped crops in the Aweil North floodplain are at risk. Approx. 1,380 ha of rangeland at risk; plan early herd movement. (Aweil North maps ~463,801 cattle in baseline.)"
2024-10-21,Aweil South,69.89,0.987,3,harvest,2151.6,34092.1,141256.8006910938,"SEVERE flood expected in Aweil South this week: q50 69.9 km², above the 95th percentile of all October weeks since 2000. Harvest: harvest window — move produce and equipment to higher ground before water rises. Approx. 2,152 ha of mapped crops in the Aweil South floodplain are at risk. Approx. 34,092 ha of rangeland at risk; plan early herd movement. (Aweil South maps ~141,257 cattle in baseline.)"
2024-10-21,Aweil West,6.07,0.97,0,harvest,65.7,3062.7,318964.9515941321,"SEVERE flood expected in Aweil West this week: q50 6.1 km², above the 95th percentile of all October weeks since 2000. Approx. 66 ha of mapped crops in the Aweil West floodplain are at risk. Approx. 3,063 ha of rangeland at risk; plan early herd movement. (Aweil West maps ~318,965 cattle in baseline.)"
2024-10-28,Aweil Centre,0.88,0.754,0,harvest,0.0,41.1,364961.8333817694,"SEVERE flood expected in Aweil Centre this week: q50 0.9 km², above the 95th percentile of all October weeks since 2000. Approx. 41 ha of rangeland at risk; plan early herd movement. (Aweil Centre maps ~364,962 cattle in baseline.)"
2024-10-28,Aweil East,63.33,0.988,1,harvest,941.1,10819.1,505027.7802561831,"Elevated flood probability in Aweil East this week (q50 63.3 km², 99% detection chance). Harvest: harvest window — move produce and equipment to higher ground before water rises. Approx. 941 ha of mapped crops in the Aweil East floodplain are at risk. Approx. 10,819 ha of rangeland at risk; plan early herd movement. (Aweil East maps ~505,028 cattle in baseline.)"
2024-10-28,Aweil North,3.19,0.957,2,harvest,124.8,3108.1,463800.5038861725,"High flood risk in Aweil North this week: q50 3.2 km², above most October weeks since 2000. Harvest: harvest window — move produce and equipment to higher ground before water rises. Approx. 125 ha of mapped crops in the Aweil North floodplain are at risk. Approx. 3,108 ha of rangeland at risk; plan early herd movement. (Aweil North maps ~463,801 cattle in baseline.)"
2024-10-28,Aweil South,51.0,0.988,2,harvest,1569.9,24874.7,141256.8006910938,"High flood risk in Aweil South this week: q50 51.0 km², above most October weeks since 2000. Harvest: harvest window — move produce and equipment to higher ground before water rises. Approx. 1,570 ha of mapped crops in the Aweil South floodplain are at risk. Approx. 24,875 ha of rangeland at risk; plan early herd movement. (Aweil South maps ~141,257 cattle in baseline.)"
2024-10-28,Aweil West,6.97,0.963,0,harvest,75.4,3516.7,318964.9515941321,"SEVERE flood expected in Aweil West this week: q50 7.0 km², above the 95th percentile of all October weeks since 2000. Approx. 75 ha of mapped crops in the Aweil West floodplain are at risk. Approx. 3,517 ha of rangeland at risk; plan early herd movement. (Aweil West maps ~318,965 cattle in baseline.)"
2024-11-04,Aweil Centre,0.94,0.751,0,harvest / drying,0.0,134.9,364961.8333817694,"SEVERE flood expected in Aweil Centre this week: q50 0.9 km², above the 95th percentile of all November weeks since 2000. Approx. 135 ha of rangeland at risk; plan early herd movement. (Aweil Centre maps ~364,962 cattle in baseline.)"
2024-11-04,Aweil East,62.77,0.984,2,harvest / drying,1134.7,14848.2,505027.7802561831,"High flood risk in Aweil East this week: q50 62.8 km², above most November weeks since 2000. Harvest / drying: harvest window closing — move produce and equipment to higher ground before water rises. Approx. 1,135 ha of mapped crops in the Aweil East floodplain are at risk. Approx. 14,848 ha of rangeland at risk; plan early herd movement. (Aweil East maps ~505,028 cattle in baseline.)"
2024-11-04,Aweil North,5.45,0.955,3,harvest / drying,214.9,8258.8,463800.5038861725,"SEVERE flood expected in Aweil North this week: q50 5.4 km², above the 95th percentile of all November weeks since 2000. Harvest / drying: harvest window closing — move produce and equipment to higher ground before water rises. Approx. 215 ha of mapped crops in the Aweil North floodplain are at risk. Approx. 8,259 ha of rangeland at risk; plan early herd movement. (Aweil North maps ~463,801 cattle in baseline.)"
2024-11-04,Aweil South,45.01,0.984,2,harvest / drying,941.2,15080.7,141256.8006910938,"High flood risk in Aweil South this week: q50 45.0 km², above most November weeks since 2000. Harvest / drying: harvest window closing — move produce and equipment to higher ground before water rises. Approx. 941 ha of mapped crops in the Aweil South floodplain are at risk. Approx. 15,081 ha of rangeland at risk; plan early herd movement. (Aweil South maps ~141,257 cattle in baseline.)"
2024-11-04,Aweil West,13.25,0.976,3,harvest / drying,366.8,15738.4,318964.9515941321,"SEVERE flood expected in Aweil West this week: q50 13.3 km², above the 95th percentile of all November weeks since 2000. Harvest / drying: harvest window closing — move produce and equipment to higher ground before water rises. Approx. 367 ha of mapped crops in the Aweil West floodplain are at risk. Approx. 15,738 ha of rangeland at risk; plan early herd movement. (Aweil West maps ~318,965 cattle in baseline.)"
2024-11-11,Aweil Centre,0.4,0.711,0,harvest / drying,0.0,58.1,364961.8333817694,"SEVERE flood expected in Aweil Centre this week: q50 0.4 km², above the 95th percentile of all November weeks since 2000. Approx. 58 ha of rangeland at risk; plan early herd movement. (Aweil Centre maps ~364,962 cattle in baseline.)"
2024-11-11,Aweil East,47.2,0.984,2,harvest / drying,853.2,11164.3,505027.7802561831,"High flood risk in Aweil East this week: q50 47.2 km², above most November weeks since 2000. Harvest / drying: harvest window closing — move produce and equipment to higher ground before water rises. Approx. 853 ha of mapped crops in the Aweil East floodplain are at risk. Approx. 11,164 ha of rangeland at risk; plan early herd movement. (Aweil East maps ~505,028 cattle in baseline.)"
2024-11-11,Aweil North,1.73,0.946,3,harvest / drying,214.9,8258.8,463800.5038861725,"SEVERE flood expected in Aweil North this week: q50 1.7 km², above the 95th percentile of all November weeks since 2000. Harvest / drying: harvest window closing — move produce and equipment to higher ground before water rises. Approx. 215 ha of mapped crops in the Aweil North floodplain are at risk. Approx. 8,259 ha of rangeland at risk; plan early herd movement. (Aweil North maps ~463,801 cattle in baseline.)"
2024-11-11,Aweil South,42.57,0.984,2,harvest / drying,890.2,14263.0,141256.8006910938,"High flood risk in Aweil South this week: q50 42.6 km², above most November weeks since 2000. Harvest / drying: harvest window closing — move produce and equipment to higher ground before water rises. Approx. 890 ha of mapped crops in the Aweil South floodplain are at risk. Approx. 14,263 ha of rangeland at risk; plan early herd movement. (Aweil South maps ~141,257 cattle in baseline.)"
2024-11-11,Aweil West,9.62,0.958,3,harvest / drying,365.2,15670.2,318964.9515941321,"SEVERE flood expected in Aweil West this week: q50 9.6 km², above the 95th percentile of all November weeks since 2000. Harvest / drying: harvest window closing — move produce and equipment to higher ground before water rises. Approx. 365 ha of mapped crops in the Aweil West floodplain are at risk. Approx. 15,670 ha of rangeland at risk; plan early herd movement. (Aweil West maps ~318,965 cattle in baseline.)"
2024-11-18,Aweil Centre,0.2,0.585,0,harvest / drying,0.0,28.9,364961.8333817694,"SEVERE flood expected in Aweil Centre this week: q50 0.2 km², above the 95th percentile of all November weeks since 2000. Approx. 29 ha of rangeland at risk; plan early herd movement. (Aweil Centre maps ~364,962 cattle in baseline.)"
2024-11-18,Aweil East,46.35,0.985,2,harvest / drying,837.8,10963.8,505027.7802561831,"High flood risk in Aweil East this week: q50 46.4 km², above most November weeks since 2000. Harvest / drying: harvest window closing — move produce and equipment to higher ground before water rises. Approx. 838 ha of mapped crops in the Aweil East floodplain are at risk. Approx. 10,964 ha of rangeland at risk; plan early herd movement. (Aweil East maps ~505,028 cattle in baseline.)"
2024-11-18,Aweil North,0.28,0.496,2,harvest / drying,74.8,2873.6,463800.5038861725,"High flood risk in Aweil North this week: q50 0.3 km², above most November weeks since 2000. Harvest / drying: harvest window closing — move produce and equipment to higher ground before water rises. Approx. 75 ha of mapped crops in the Aweil North floodplain are at risk. Approx. 2,874 ha of rangeland at risk; plan early herd movement. (Aweil North maps ~463,801 cattle in baseline.)"
2024-11-18,Aweil South,40.51,0.985,2,harvest / drying,847.2,13573.4,141256.8006910938,"High flood risk in Aweil South this week: q50 40.5 km², above most November weeks since 2000. Harvest / drying: harvest window closing — move produce and equipment to higher ground before water rises. Approx. 847 ha of mapped crops in the Aweil South floodplain are at risk. Approx. 13,573 ha of rangeland at risk; plan early herd movement. (Aweil South maps ~141,257 cattle in baseline.)"
2024-11-18,Aweil West,1.55,0.958,0,harvest / drying,58.8,2521.5,318964.9515941321,"SEVERE flood expected in Aweil West this week: q50 1.5 km², above the 95th percentile of all November weeks since 2000. Approx. 59 ha of mapped crops in the Aweil West floodplain are at risk. Approx. 2,521 ha of rangeland at risk; plan early herd movement. (Aweil West maps ~318,965 cattle in baseline.)"
2024-11-25,Aweil Centre,0.02,0.133,0,harvest / drying,0.0,2.6,364961.8333817694,"No flood expected in Aweil Centre this week (q50 0.0 km²). Routine monitoring. Approx. 3 ha of rangeland at risk; plan early herd movement. (Aweil Centre maps ~364,962 cattle in baseline.)"
2024-11-25,Aweil East,41.71,0.985,2,harvest / drying,754.0,9866.3,505027.7802561831,"High flood risk in Aweil East this week: q50 41.7 km², above most November weeks since 2000. Harvest / drying: harvest window closing — move produce and equipment to higher ground before water rises. Approx. 754 ha of mapped crops in the Aweil East floodplain are at risk. Approx. 9,866 ha of rangeland at risk; plan early herd movement. (Aweil East maps ~505,028 cattle in baseline.)"
2024-11-25,Aweil North,0.12,0.202,0,harvest / drying,33.0,1267.5,463800.5038861725,"No flood expected in Aweil North this week (q50 0.1 km²). Routine monitoring. Approx. 33 ha of mapped crops in the Aweil North floodplain are at risk. Approx. 1,268 ha of rangeland at risk; plan early herd movement. (Aweil North maps ~463,801 cattle in baseline.)"
2024-11-25,Aweil South,40.5,0.986,2,harvest / drying,847.0,13570.3,141256.8006910938,"High flood risk in Aweil South this week: q50 40.5 km², above most November weeks since 2000. Harvest / drying: harvest window closing — move produce and equipment to higher ground before water rises. Approx. 847 ha of mapped crops in the Aweil South floodplain are at risk. Approx. 13,570 ha of rangeland at risk; plan early herd movement. (Aweil South maps ~141,257 cattle in baseline.)"
2024-11-25,Aweil West,0.16,0.287,0,harvest / drying,6.1,261.8,318964.9515941321,"No flood expected in Aweil West this week (q50 0.2 km²). Routine monitoring. Approx. 6 ha of mapped crops in the Aweil West floodplain are at risk. Approx. 262 ha of rangeland at risk; plan early herd movement. (Aweil West maps ~318,965 cattle in baseline.)"
2024-12-02,Aweil Centre,0.03,0.171,0,dry season,0.0,20.3,364961.8333817694,"No flood expected in Aweil Centre this week (q50 0.0 km²). Routine monitoring. Approx. 20 ha of rangeland at risk; plan early herd movement. (Aweil Centre maps ~364,962 cattle in baseline.)"
2024-12-02,Aweil East,40.38,0.983,3,dry season,1286.7,26119.9,505027.7802561831,"SEVERE flood expected in Aweil East this week: q50 40.4 km², above the 95th percentile of all December weeks since 2000. Dry season: little active cropping; floodplain grazing and residual flooding dominate. Approx. 1,287 ha of mapped crops in the Aweil East floodplain are at risk. Approx. 26,120 ha of rangeland at risk; plan early herd movement. (Aweil East maps ~505,028 cattle in baseline.)"
2024-12-02,Aweil North,0.0,0.037,0,dry season,0.0,0.0,463800.5038861725,"No flood expected in Aweil North this week (q50 0.0 km²). Routine monitoring. (Aweil North maps ~463,801 cattle in baseline.)"
2024-12-02,Aweil South,40.38,0.984,3,dry season,1302.8,26094.0,141256.8006910938,"SEVERE flood expected in Aweil South this week: q50 40.4 km², above the 95th percentile of all December weeks since 2000. Dry season: little active cropping; floodplain grazing and residual flooding dominate. Approx. 1,303 ha of mapped crops in the Aweil South floodplain are at risk. Approx. 26,094 ha of rangeland at risk; plan early herd movement. (Aweil South maps ~141,257 cattle in baseline.)"
2024-12-02,Aweil West,0.0,0.03,0,dry season,0.0,0.0,318964.9515941321,"No flood expected in Aweil West this week (q50 0.0 km²). Routine monitoring. (Aweil West maps ~318,965 cattle in baseline.)"
2024-12-09,Aweil Centre,0.09,0.227,0,dry season,0.0,57.9,364961.8333817694,"No flood expected in Aweil Centre this week (q50 0.1 km²). Routine monitoring. Approx. 58 ha of rangeland at risk; plan early herd movement. (Aweil Centre maps ~364,962 cattle in baseline.)"
2024-12-09,Aweil East,27.59,0.985,3,dry season,1286.7,26119.9,505027.7802561831,"SEVERE flood expected in Aweil East this week: q50 27.6 km², above the 95th percentile of all December weeks since 2000. Dry season: little active cropping; floodplain grazing and residual flooding dominate. Approx. 1,287 ha of mapped crops in the Aweil East floodplain are at risk. Approx. 26,120 ha of rangeland at risk; plan early herd movement. (Aweil East maps ~505,028 cattle in baseline.)"
2024-12-09,Aweil North,0.0,0.028,0,dry season,0.0,0.0,463800.5038861725,"No flood expected in Aweil North this week (q50 0.0 km²). Routine monitoring. (Aweil North maps ~463,801 cattle in baseline.)"
2024-12-09,Aweil South,41.15,0.986,3,dry season,1302.8,26094.0,141256.8006910938,"SEVERE flood expected in Aweil South this week: q50 41.2 km², above the 95th percentile of all December weeks since 2000. Dry season: little active cropping; floodplain grazing and residual flooding dominate. Approx. 1,303 ha of mapped crops in the Aweil South floodplain are at risk. Approx. 26,094 ha of rangeland at risk; plan early herd movement. (Aweil South maps ~141,257 cattle in baseline.)"
2024-12-09,Aweil West,0.03,0.184,3,dry season,0.0,255.6,318964.9515941321,"SEVERE flood expected in Aweil West this week: q50 0.0 km², above the 95th percentile of all December weeks since 2000. Dry season: little active cropping; floodplain grazing and residual flooding dominate. Approx. 256 ha of rangeland at risk; plan early herd movement. (Aweil West maps ~318,965 cattle in baseline.)"
2024-12-16,Aweil Centre,0.0,0.063,0,dry season,0.0,0.0,364961.8333817694,"No flood expected in Aweil Centre this week (q50 0.0 km²). Routine monitoring. (Aweil Centre maps ~364,962 cattle in baseline.)"
2024-12-16,Aweil East,5.29,0.968,3,dry season,983.4,19962.0,505027.7802561831,"SEVERE flood expected in Aweil East this week: q50 5.3 km², above the 95th percentile of all December weeks since 2000. Dry season: little active cropping; floodplain grazing and residual flooding dominate. Approx. 983 ha of mapped crops in the Aweil East floodplain are at risk. Approx. 19,962 ha of rangeland at risk; plan early herd movement. (Aweil East maps ~505,028 cattle in baseline.)"
2024-12-16,Aweil North,0.0,0.017,0,dry season,0.0,0.0,463800.5038861725,"No flood expected in Aweil North this week (q50 0.0 km²). Routine monitoring. (Aweil North maps ~463,801 cattle in baseline.)"
2024-12-16,Aweil South,26.72,0.986,3,dry season,1302.8,26094.0,141256.8006910938,"SEVERE flood expected in Aweil South this week: q50 26.7 km², above the 95th percentile of all December weeks since 2000. Dry season: little active cropping; floodplain grazing and residual flooding dominate. Approx. 1,303 ha of mapped crops in the Aweil South floodplain are at risk. Approx. 26,094 ha of rangeland at risk; plan early herd movement. (Aweil South maps ~141,257 cattle in baseline.)"
2024-12-16,Aweil West,0.0,0.021,0,dry season,0.0,0.0,318964.9515941321,"No flood expected in Aweil West this week (q50 0.0 km²). Routine monitoring. (Aweil West maps ~318,965 cattle in baseline.)"
2024-12-23,Aweil Centre,0.01,0.198,0,dry season,0.0,8.1,364961.8333817694,"No flood expected in Aweil Centre this week (q50 0.0 km²). Routine monitoring. Approx. 8 ha of rangeland at risk; plan early herd movement. (Aweil Centre maps ~364,962 cattle in baseline.)"
2024-12-23,Aweil East,1.54,0.972,2,dry season,285.5,5795.9,505027.7802561831,"High flood risk in Aweil East this week: q50 1.5 km², above most December weeks since 2000. Dry season: little active cropping; floodplain grazing and residual flooding dominate. Approx. 286 ha of mapped crops in the Aweil East floodplain are at risk. Approx. 5,796 ha of rangeland at risk; plan early herd movement. (Aweil East maps ~505,028 cattle in baseline.)"
2024-12-23,Aweil North,0.0,0.031,0,dry season,0.0,0.0,463800.5038861725,"No flood expected in Aweil North this week (q50 0.0 km²). Routine monitoring. (Aweil North maps ~463,801 cattle in baseline.)"
2024-12-23,Aweil South,9.04,0.975,2,dry season,569.7,11410.6,141256.8006910938,"High flood risk in Aweil South this week: q50 9.0 km², above most December weeks since 2000. Dry season: little active cropping; floodplain grazing and residual flooding dominate. Approx. 570 ha of mapped crops in the Aweil South floodplain are at risk. Approx. 11,411 ha of rangeland at risk; plan early herd movement. (Aweil South maps ~141,257 cattle in baseline.)"
2024-12-23,Aweil West,0.0,0.023,0,dry season,0.0,0.0,318964.9515941321,"No flood expected in Aweil West this week (q50 0.0 km²). Routine monitoring. (Aweil West maps ~318,965 cattle in baseline.)"
2024-12-30,Aweil Centre,0.0,0.062,0,dry season,0.0,0.0,364961.8333817694,"No flood expected in Aweil Centre this week (q50 0.0 km²). Routine monitoring. (Aweil Centre maps ~364,962 cattle in baseline.)"
2024-12-30,Aweil East,1.53,0.956,2,dry season,284.6,5778.0,505027.7802561831,"High flood risk in Aweil East this week: q50 1.5 km², above most December weeks since 2000. Dry season: little active cropping; floodplain grazing and residual flooding dominate. Approx. 285 ha of mapped crops in the Aweil East floodplain are at risk. Approx. 5,778 ha of rangeland at risk; plan early herd movement. (Aweil East maps ~505,028 cattle in baseline.)"
2024-12-30,Aweil North,0.0,0.035,0,dry season,0.0,0.0,463800.5038861725,"No flood expected in Aweil North this week (q50 0.0 km²). Routine monitoring. (Aweil North maps ~463,801 cattle in baseline.)"
2024-12-30,Aweil South,5.01,0.964,2,dry season,315.7,6322.6,141256.8006910938,"High flood risk in Aweil South this week: q50 5.0 km², above most December weeks since 2000. Dry season: little active cropping; floodplain grazing and residual flooding dominate. Approx. 316 ha of mapped crops in the Aweil South floodplain are at risk. Approx. 6,323 ha of rangeland at risk; plan early herd movement. (Aweil South maps ~141,257 cattle in baseline.)"
2024-12-30,Aweil West,0.0,0.024,0,dry season,0.0,0.0,318964.9515941321,"No flood expected in Aweil West this week (q50 0.0 km²). Routine monitoring. (Aweil West maps ~318,965 cattle in baseline.)"
