county,week,flood_type,detected_pixel_days,mean_cloud_fraction,unique_grid_cells,detected_area_km2,year,month
Aweil Centre,2000-10-16,recurring,18,0.0,9,0.47740704311982285,2000,10
Aweil Centre,2000-10-16,unusual,35,0.0,18,0.9550880594337247,2000,10
Aweil Centre,2000-10-23,recurring,14,0.0,14,0.7425444066080542,2000,10
Aweil Centre,2000-10-23,unusual,24,0.0,24,1.2733825864168529,2000,10
Aweil Centre,2000-10-30,recurring,78,0.0,41,2.1745602674845,2000,10
Aweil Centre,2000-10-30,unusual,74,0.0,42,2.2280628815003154,2000,10
Aweil Centre,2001-10-15,recurring,16,0.0,8,0.4242689584892502,2001,10
Aweil Centre,2001-10-15,unusual,3,0.0,3,0.1591013816607138,2001,10
Aweil Centre,2001-10-29,recurring,30,0.0,15,0.7954912039858928,2001,10
Aweil Centre,2001-10-29,unusual,8,0.0,4,0.21213083646922704,2001,10
Aweil Centre,2002-09-02,recurring,2,0.0,2,0.10615790364545964,2002,9
Aweil Centre,2002-09-02,unusual,1,0.0,1,0.05306288698107143,2002,9
Aweil Centre,2002-09-16,recurring,3,0.0,3,0.15910048653205472,2002,9
Aweil Centre,2002-09-23,recurring,2,0.0,2,0.10606105888673403,2002,9
Aweil Centre,2002-09-23,unusual,3,0.0,3,0.15907653716775078,2002,9
Aweil Centre,2002-09-30,recurring,2,0.0,2,0.10606768718664208,2002,9
Aweil Centre,2002-10-28,unusual,1,0.0,1,0.053087688165767664,2002,10
Aweil Centre,2002-11-25,unusual,6,0.0,6,0.3184662306511984,2002,11
Aweil Centre,2002-12-02,unusual,4,0.0,4,0.2123169530882414,2002,12
Aweil Centre,2002-12-23,unusual,2,0.0,2,0.10618363729858324,2002,12
Aweil Centre,2003-01-27,unusual,3,0.0,3,0.1590983969880506,2003,1
Aweil Centre,2003-03-31,unusual,2,0.0,2,0.10606888013314034,2003,3
Aweil Centre,2003-06-09,unusual,1,0.0,1,0.053058508046205335,2003,6
Aweil Centre,2003-09-22,unusual,6,0.0,6,0.31837353155728265,2003,9
Aweil Centre,2003-09-29,recurring,37,0.0,21,1.113706675576994,2003,9
Aweil Centre,2003-09-29,unusual,5,0.0,5,0.26517287819515367,2003,9
Aweil Centre,2003-10-13,recurring,1,0.0,1,0.05309196078970587,2003,10
Aweil Centre,2003-10-13,unusual,1,0.0,1,0.053091676508877375,2003,10
Aweil Centre,2003-10-20,recurring,50,0.0,34,1.8032865995202108,2003,10
Aweil Centre,2003-10-20,unusual,55,0.0,52,2.7590003739141897,2003,10
Aweil Centre,2003-10-27,recurring,35,0.0,21,1.1137263460624818,2003,10
Aweil Centre,2003-10-27,unusual,12,0.0,9,0.47736415889983436,2003,10
Aweil Centre,2003-11-03,unusual,1,0.0,1,0.0530825402499146,2003,11
Aweil Centre,2003-11-24,unusual,3,0.0,3,0.15939981141911128,2003,11
Aweil Centre,2003-12-01,unusual,2,0.0,2,0.10607572877490125,2003,12
Aweil Centre,2003-12-15,unusual,62,0.0,62,3.2914633307644774,2003,12
Aweil Centre,2004-10-18,unusual,6,0.0,4,0.21223361401719348,2004,10
Aweil Centre,2004-11-15,unusual,4,0.0,4,0.21221483011068246,2004,11
Aweil Centre,2004-12-20,unusual,1,0.0,1,0.05309053842340049,2004,12
Aweil Centre,2005-01-24,unusual,2,0.0,2,0.10620204584912639,2005,1
Aweil Centre,2005-08-29,recurring,54,0.0,29,1.5386316369421278,2005,8
Aweil Centre,2005-08-29,unusual,34,0.0,21,1.1148689319187024,2005,8
Aweil Centre,2005-09-05,recurring,7,0.0,5,0.26518515279911825,2005,9
Aweil Centre,2005-09-05,unusual,12,0.0,12,0.6370784750293106,2005,9
Aweil Centre,2005-09-19,recurring,3,0.0,3,0.15906631783131137,2005,9
Aweil Centre,2005-09-19,unusual,12,0.0,6,0.31844703341982583,2005,9
Aweil Centre,2005-09-26,recurring,105,0.0,78,4.137131144648458,2005,9
Aweil Centre,2005-09-26,unusual,57,0.0,54,2.86426874022587,2005,9
Aweil Centre,2005-10-03,recurring,17,0.0,8,0.42423978450970273,2005,10
Aweil Centre,2005-10-03,unusual,12,0.0,6,0.3184503204386957,2005,10
Aweil Centre,2005-10-10,unusual,6,0.0,4,0.2123390379131235,2005,10
Aweil Centre,2005-10-31,unusual,5,0.0,4,0.2123938421167264,2005,10
Aweil Centre,2005-11-07,unusual,4,0.0,3,0.15930926728816436,2005,11
Aweil Centre,2005-11-14,unusual,1,0.0,1,0.053086546149629314,2005,11
Aweil Centre,2005-11-21,unusual,9,0.0,9,0.4779106056748943,2005,11
Aweil Centre,2005-11-28,unusual,2,0.0,2,0.10620768037512626,2005,11
Aweil Centre,2006-08-14,unusual,1,0.0,1,0.05306288698107143,2006,8
Aweil Centre,2006-08-21,unusual,11,0.0,11,0.5838483018386635,2006,8
Aweil Centre,2006-08-28,recurring,24,0.0,10,0.5306294527971132,2006,8
Aweil Centre,2006-08-28,unusual,32,0.0,22,1.1673937087211312,2006,8
Aweil Centre,2006-09-04,recurring,46,0.0,46,2.4402409774792955,2006,9
Aweil Centre,2006-09-04,unusual,94,0.0,94,4.987566231801748,2006,9
Aweil Centre,2006-09-11,recurring,50,0.0,29,1.537998147352234,2006,9
Aweil Centre,2006-09-11,unusual,4,0.0,3,0.15910555052217767,2006,9
Aweil Centre,2006-09-18,recurring,2,0.0,1,0.05302200561973393,2006,9
Aweil Centre,2006-09-25,recurring,21,0.0,11,0.5834359962713791,2006,9
Aweil Centre,2006-09-25,unusual,2,0.0,1,0.05303756692419602,2006,9
Aweil Centre,2006-10-02,recurring,158,0.0,64,3.394596547813298,2006,10
Aweil Centre,2006-10-02,unusual,385,0.0,287,15.224819356758026,2006,10
Aweil Centre,2006-10-09,recurring,22,0.0,17,0.9016331459256033,2006,10
Aweil Centre,2006-10-09,unusual,7,0.0,7,0.37126320912253735,2006,10
Aweil Centre,2006-10-16,recurring,29,0.0,21,1.1136798970476354,2006,10
Aweil Centre,2006-10-16,unusual,4,0.0,4,0.21215606586109484,2006,10
Aweil Centre,2006-10-23,recurring,3,0.0,3,0.15911359316235188,2006,10
Aweil Centre,2006-10-30,recurring,1,0.0,1,0.05307909554193833,2006,10
Aweil Centre,2006-10-30,unusual,14,0.0,14,0.7430443810040709,2006,10
Aweil Centre,2006-11-06,recurring,17,0.0,17,0.9016697846129438,2006,11
Aweil Centre,2006-11-06,unusual,33,0.0,31,1.6446273089766827,2006,11
Aweil Centre,2006-11-13,recurring,47,0.0,28,1.4850002261162585,2006,11
Aweil Centre,2006-11-13,unusual,46,0.0,38,2.01566611512888,2006,11
Aweil Centre,2006-11-20,recurring,35,0.0,24,1.2727878176854768,2006,11
Aweil Centre,2006-11-20,unusual,213,0.0,198,10.509681904520642,2006,11
Aweil Centre,2006-11-27,unusual,40,0.0,40,2.1234351474177426,2006,11
Aweil Centre,2006-12-04,unusual,13,0.0,13,0.6900338796777045,2006,12
Aweil Centre,2007-04-09,unusual,4,0.0,4,0.21244648406080843,2007,4
Aweil Centre,2007-08-20,recurring,8,0.0,5,0.2653144349685646,2007,8
Aweil Centre,2007-08-20,unusual,162,0.0,112,5.943768722199196,2007,8
Aweil Centre,2007-08-27,unusual,6,0.0,6,0.3183892580685269,2007,8
Aweil Centre,2007-09-03,recurring,9,0.0,7,0.3713214833379187,2007,9
Aweil Centre,2007-09-03,unusual,74,0.0,63,3.3433384954581173,2007,9
Aweil Centre,2007-09-10,unusual,2,0.0,2,0.10615243468410362,2007,9
Aweil Centre,2007-09-17,recurring,113,0.0,105,5.569719730738286,2007,9
Aweil Centre,2007-09-17,unusual,353,0.0,338,17.933915207451015,2007,9
Aweil Centre,2007-09-24,recurring,232,0.0,94,4.985948432342619,2007,9
Aweil Centre,2007-09-24,unusual,357,0.0,284,15.065349001068583,2007,9
Aweil Centre,2007-10-01,recurring,82,0.0,31,1.6442151217689913,2007,10
Aweil Centre,2007-10-01,unusual,186,0.0,127,6.73841042529207,2007,10
Aweil Centre,2007-10-08,recurring,165,0.0,47,2.4928723068167877,2007,10
Aweil Centre,2007-10-08,unusual,191,0.0,120,6.367105992896318,2007,10
Aweil Centre,2007-10-15,recurring,75,0.0,28,1.4849438737732121,2007,10
Aweil Centre,2007-10-15,unusual,57,0.0,36,1.9100050440150935,2007,10
Aweil Centre,2007-10-22,recurring,22,0.0,22,1.1667712648124229,2007,10
Aweil Centre,2007-10-22,unusual,51,0.0,46,2.440994004588455,2007,10
Aweil Centre,2007-10-29,recurring,52,0.0,23,1.2199801392069247,2007,10
Aweil Centre,2007-10-29,unusual,240,0.0,159,8.437880835137195,2007,10
Aweil Centre,2007-11-05,recurring,15,0.0,8,0.4242391734483677,2007,11
Aweil Centre,2007-11-05,unusual,8,0.0,6,0.3182234614074357,2007,11
Aweil Centre,2007-11-12,recurring,11,0.0,9,0.47745379867632876,2007,11
Aweil Centre,2007-11-12,unusual,60,0.0,60,3.18489983377008,2007,11
Aweil Centre,2007-11-26,unusual,29,0.0,26,1.3802018250895194,2007,11
Aweil Centre,2007-12-03,unusual,12,0.0,12,0.6370225471388786,2007,12
Aweil Centre,2007-12-10,unusual,14,0.0,14,0.7431936382826063,2007,12
Aweil Centre,2007-12-17,unusual,3,0.0,3,0.15925649415423104,2007,12
Aweil Centre,2007-12-24,unusual,4,0.0,4,0.21234018197422666,2007,12
Aweil Centre,2008-04-14,unusual,2,0.0,2,0.10612139908939178,2008,4
Aweil Centre,2008-06-23,unusual,2,0.0,2,0.10616937587354494,2008,6
Aweil Centre,2008-08-04,unusual,9,0.0,5,0.2654247270289928,2008,8
Aweil Centre,2008-08-11,recurring,33,0.0,24,1.2729471157102739,2008,8
Aweil Centre,2008-08-11,unusual,1,0.0,1,0.05307852046331555,2008,8
Aweil Centre,2008-08-18,recurring,4,0.0,4,0.2121463952466598,2008,8
Aweil Centre,2008-08-25,recurring,61,0.0,54,2.864092479407331,2008,8
Aweil Centre,2008-08-25,unusual,65,0.0,58,3.0770020500164885,2008,8
Aweil Centre,2008-09-01,recurring,145,0.0,78,4.137551982147691,2008,9
Aweil Centre,2008-09-01,unusual,538,0.0,156,8.279907730104373,2008,9
Aweil Centre,2008-09-08,recurring,206,0.0,82,4.349394310692175,2008,9
Aweil Centre,2008-09-08,unusual,445,0.0,255,13.532557467443242,2008,9
Aweil Centre,2008-09-15,recurring,82,0.0,41,2.1748162206623745,2008,9
Aweil Centre,2008-09-15,unusual,125,0.0,72,3.821715348816449,2008,9
Aweil Centre,2008-09-22,recurring,144,0.0,77,4.084587557549227,2008,9
Aweil Centre,2008-09-22,unusual,563,0.0,356,18.89372421264303,2008,9
Aweil Centre,2008-09-29,recurring,109,0.0,59,3.1295499478928073,2008,9
Aweil Centre,2008-09-29,unusual,159,0.0,132,7.0057001619645,2008,9
Aweil Centre,2008-10-06,recurring,50,0.0,29,1.538464259617309,2008,10
Aweil Centre,2008-10-06,unusual,227,0.0,150,7.960350680624557,2008,10
Aweil Centre,2008-10-13,recurring,103,0.0,46,2.440263308231133,2008,10
Aweil Centre,2008-10-13,unusual,702,0.0,382,20.275397754793666,2008,10
Aweil Centre,2008-10-20,recurring,339,0.0,69,3.6600912150051763,2008,10
Aweil Centre,2008-10-20,unusual,2060,0.0,877,46.53884308078731,2008,10
Aweil Centre,2008-10-27,recurring,335,0.0,70,3.713118685935471,2008,10
Aweil Centre,2008-10-27,unusual,1891,0.0,722,38.309589261514525,2008,10
Aweil Centre,2008-11-03,recurring,213,0.0,36,1.909523314544909,2008,11
Aweil Centre,2008-11-03,unusual,1036,0.0,426,22.605465867461703,2008,11
Aweil Centre,2008-11-10,recurring,155,0.0,35,1.8564442190029709,2008,11
Aweil Centre,2008-11-10,unusual,646,0.0,172,9.1278222422355,2008,11
Aweil Centre,2008-11-17,recurring,45,0.0,16,0.8487442652823602,2008,11
Aweil Centre,2008-11-17,unusual,323,0.0,93,4.93686218241846,2008,11
Aweil Centre,2008-11-24,recurring,9,0.0,4,0.21228905770198456,2008,11
Aweil Centre,2008-11-24,unusual,233,0.0,58,3.0789742250333423,2008,11
Aweil Centre,2008-12-01,unusual,133,0.0,50,2.6542855709477733,2008,12
Aweil Centre,2008-12-08,unusual,130,0.0,44,2.3357708705977482,2008,12
Aweil Centre,2008-12-15,unusual,105,0.0,34,1.8049091274321187,2008,12
Aweil Centre,2009-08-17,recurring,10,0.0,4,0.21231638222911742,2009,8
Aweil Centre,2009-08-17,unusual,20,0.0,18,0.9552972692634358,2009,8
Aweil Centre,2009-08-24,recurring,18,0.0,11,0.5836998703089705,2009,8
Aweil Centre,2009-08-24,unusual,85,0.0,68,3.6081502971254684,2009,8
Aweil Centre,2009-08-31,recurring,23,0.0,20,1.0608215210339371,2009,8
Aweil Centre,2009-08-31,unusual,40,0.0,32,1.697402874806109,2009,8
Aweil Centre,2009-09-07,recurring,10,0.0,10,0.5305715675862145,2009,9
Aweil Centre,2009-09-07,unusual,12,0.0,9,0.47762357839506525,2009,9
Aweil Centre,2009-09-14,recurring,6,0.0,4,0.21222966735489107,2009,9
Aweil Centre,2009-09-14,unusual,3,0.0,3,0.1592016480236271,2009,9
Aweil Centre,2009-09-21,recurring,14,0.0,12,0.6365834547241638,2009,9
Aweil Centre,2009-09-21,unusual,7,0.0,7,0.37139754282826665,2009,9
Aweil Centre,2009-09-28,recurring,40,0.0,39,2.068536570284187,2009,9
Aweil Centre,2009-09-28,unusual,32,0.0,26,1.3792501495026872,2009,9
Aweil Centre,2009-10-12,recurring,14,0.0,13,0.6896072318216301,2009,10
Aweil Centre,2009-10-12,unusual,3,0.0,3,0.15915057314526648,2009,10
Aweil Centre,2009-10-19,unusual,1,0.0,1,0.05307188681895483,2009,10
Aweil Centre,2009-10-26,unusual,1,0.0,1,0.0530933815313373,2009,10
Aweil Centre,2010-01-25,unusual,2,0.0,2,0.10619724559903912,2010,1
Aweil Centre,2010-08-16,recurring,4,0.0,4,0.21231638222911742,2010,8
Aweil Centre,2010-08-16,unusual,9,0.0,9,0.4776612852940399,2010,8
Aweil Centre,2010-08-23,recurring,2,0.0,2,0.10611637502771734,2010,8
Aweil Centre,2010-08-23,unusual,2,0.0,2,0.10615732856683686,2010,8
Aweil Centre,2010-08-30,recurring,6,0.0,5,0.26537869040498735,2010,8
Aweil Centre,2010-08-30,unusual,9,0.0,7,0.37154532400914003,2010,8
Aweil Centre,2010-09-06,recurring,2,0.0,2,0.10618420592021158,2010,9
Aweil Centre,2010-09-13,recurring,15,0.0,8,0.42441424260000155,2010,9
Aweil Centre,2010-09-13,unusual,7,0.0,4,0.2122626644622455,2010,9
Aweil Centre,2010-09-20,recurring,55,0.0,41,2.1746196037522885,2010,9
Aweil Centre,2010-09-20,unusual,46,0.0,44,2.3342740563928794,2010,9
Aweil Centre,2010-09-27,recurring,280,0.0,106,5.622538414902844,2010,9
Aweil Centre,2010-09-27,unusual,3776,0.0,1699,90.15085828232291,2010,9
Aweil Centre,2010-10-04,recurring,222,0.0,69,3.6599843974140263,2010,10
Aweil Centre,2010-10-04,unusual,2465,0.0,1392,73.84904421911237,2010,10
Aweil Centre,2010-10-11,recurring,246,0.0,69,3.660031364046365,2010,10
Aweil Centre,2010-10-11,unusual,663,0.0,327,17.34685151510847,2010,10
Aweil Centre,2010-10-18,recurring,50,0.0,26,1.3789545039922977,2010,10
Aweil Centre,2010-10-18,unusual,56,0.0,31,1.643861594657821,2010,10
Aweil Centre,2010-10-25,recurring,6,0.0,6,0.31821565560024523,2010,10
Aweil Centre,2010-10-25,unusual,8,0.0,8,0.4242879616596459,2010,10
Aweil Centre,2010-11-01,recurring,8,0.0,5,0.26516741899298363,2010,11
Aweil Centre,2010-11-01,unusual,10,0.0,10,0.530536243917575,2010,11
Aweil Centre,2010-11-08,recurring,13,0.0,4,0.21208832345104528,2010,11
Aweil Centre,2010-11-08,unusual,14,0.0,8,0.42420917548900894,2010,11
Aweil Centre,2010-11-15,recurring,8,0.0,4,0.21208832345104528,2010,11
Aweil Centre,2010-11-15,unusual,21,0.0,12,0.6363448524478525,2010,11
Aweil Centre,2010-11-29,unusual,1,0.0,1,0.0530825402499146,2010,11
Aweil Centre,2011-10-31,unusual,5,0.0,3,0.1592885727643464,2011,10
Aweil Centre,2011-11-07,unusual,2,0.0,2,0.10618698585130831,2011,11
Aweil Centre,2011-11-21,unusual,9,0.0,9,0.4777216290380781,2011,11
Aweil Centre,2012-08-20,unusual,9,0.0,9,0.47737462804407793,2012,8
Aweil Centre,2012-09-10,unusual,13,0.0,13,0.6895421173010753,2012,9
Aweil Centre,2012-09-17,recurring,8,0.0,5,0.26533064346622404,2012,9
Aweil Centre,2012-09-17,unusual,15,0.0,9,0.47741666242215436,2012,9
Aweil Centre,2012-09-24,recurring,4,0.0,4,0.21226717375158363,2012,9
Aweil Centre,2012-09-24,unusual,8,0.0,8,0.42441843374900495,2012,9
Aweil Centre,2012-10-01,recurring,14,0.0,11,0.5833736216586408,2012,10
Aweil Centre,2012-10-01,unusual,1,0.0,1,0.0530390532670001,2012,10
Aweil Centre,2012-10-08,recurring,21,0.0,21,1.113751898350648,2012,10
Aweil Centre,2012-10-08,unusual,3,0.0,3,0.15912160120161206,2012,10
Aweil Centre,2012-10-15,recurring,11,0.0,10,0.5303387339576312,2012,10
Aweil Centre,2012-10-15,unusual,2,0.0,2,0.10620373773299172,2012,10
Aweil Centre,2012-10-22,unusual,2,0.0,2,0.10620373773299172,2012,10
Aweil Centre,2012-10-29,recurring,2,0.0,2,0.10617707777451832,2012,10
Aweil Centre,2012-10-29,unusual,19,0.0,19,1.0087680439546762,2012,10
Aweil Centre,2012-11-12,recurring,3,0.0,2,0.10616880346176173,2012,11
Aweil Centre,2012-11-12,unusual,10,0.0,8,0.4246888985088172,2012,11
Aweil Centre,2012-11-19,unusual,5,0.0,4,0.21230288947402626,2012,11
Aweil Centre,2013-03-11,unusual,2,0.0,2,0.10607424145035349,2013,3
Aweil Centre,2013-03-18,unusual,2,0.0,2,0.10607424145035349,2013,3
Aweil Centre,2013-08-19,unusual,1,0.0,1,0.0531021506207456,2013,8
Aweil Centre,2013-10-07,recurring,2,0.0,2,0.10605570262083501,2013,10
Aweil Centre,2013-10-14,recurring,6,0.0,6,0.3183402260582926,2013,10
Aweil Centre,2013-10-14,unusual,1,0.0,1,0.05309224513050571,2013,10
Aweil Centre,2013-11-04,unusual,5,0.0,5,0.2653435044797867,2013,11
Aweil Centre,2013-11-11,unusual,28,0.0,28,1.485857371397833,2013,11
Aweil Centre,2013-11-18,unusual,32,0.0,29,1.5389563103681783,2013,11
Aweil Centre,2013-11-25,unusual,282,0.0,246,13.061913705286608,2013,11
Aweil Centre,2013-12-02,unusual,56,0.0,47,2.495984914749041,2013,12
Aweil Centre,2014-01-06,unusual,2,0.0,2,0.1060542277014211,2014,1
Aweil Centre,2014-08-18,recurring,5,0.0,5,0.26531472633534914,2014,8
Aweil Centre,2014-08-18,unusual,13,0.0,13,0.6898198610712863,2014,8
Aweil Centre,2014-08-25,recurring,6,0.0,3,0.15910048653205472,2014,8
Aweil Centre,2014-09-08,recurring,26,0.0,13,0.689438623669533,2014,9
Aweil Centre,2014-09-15,recurring,45,0.0,21,1.1137171152086283,2014,9
Aweil Centre,2014-09-15,unusual,1,0.0,1,0.0530390532670001,2014,9
Aweil Centre,2014-09-22,recurring,26,0.0,18,0.954608805957388,2014,9
Aweil Centre,2014-09-22,unusual,1,0.0,1,0.053039350379520775,2014,9
Aweil Centre,2014-09-29,recurring,3,0.0,3,0.15910078497713495,2014,9
Aweil Centre,2014-10-06,recurring,30,0.0,17,0.9015667809155736,2014,10
Aweil Centre,2014-10-06,unusual,1,0.0,1,0.05303369447407172,2014,10
Aweil Centre,2014-10-13,recurring,51,0.0,24,1.27323185286705,2014,10
Aweil Centre,2014-10-13,unusual,48,0.0,48,2.5484204453862715,2014,10
Aweil Centre,2014-10-20,recurring,3,0.0,3,0.15914618604500155,2014,10
Aweil Centre,2014-10-20,unusual,4,0.0,4,0.21232362462583526,2014,10
Aweil Centre,2014-10-27,recurring,12,0.0,12,0.6364518222121399,2014,10
Aweil Centre,2014-10-27,unusual,2,0.0,2,0.10615819108387665,2014,10
Aweil Centre,2014-11-03,recurring,66,0.0,25,1.3259516188380613,2014,11
Aweil Centre,2014-11-03,unusual,11,0.0,11,0.5836165197422309,2014,11
Aweil Centre,2014-11-10,recurring,15,0.0,15,0.795500499930958,2014,11
Aweil Centre,2014-11-10,unusual,36,0.0,36,1.9107967651927116,2014,11
Aweil Centre,2014-11-17,recurring,11,0.0,11,0.5834262797696235,2014,11
Aweil Centre,2014-11-17,unusual,10,0.0,9,0.4777672838245018,2014,11
Aweil Centre,2014-11-24,recurring,2,0.0,1,0.05308397244197245,2014,11
Aweil Centre,2014-11-24,unusual,11,0.0,11,0.584186039431873,2014,11
Aweil Centre,2014-12-01,unusual,21,0.0,15,0.7966000795216139,2014,12
Aweil Centre,2015-11-02,unusual,21,0.0,21,1.114325868700777,2015,11
Aweil Centre,2015-11-09,recurring,29,0.0,24,1.2729128866295496,2015,11
Aweil Centre,2015-11-09,unusual,228,0.0,141,7.480523280391644,2015,11
Aweil Centre,2015-11-16,recurring,32,0.0,18,0.9545621333368804,2015,11
Aweil Centre,2015-11-16,unusual,20,0.0,15,0.7956510025130873,2015,11
Aweil Centre,2015-11-23,recurring,38,0.0,19,1.0076352741118084,2015,11
Aweil Centre,2015-11-23,unusual,14,0.0,13,0.6894391050260443,2015,11
Aweil Centre,2016-08-08,recurring,21,0.0,15,0.7955562892795214,2016,8
Aweil Centre,2016-08-08,unusual,18,0.0,16,0.8486316895322376,2016,8
Aweil Centre,2016-08-15,recurring,117,0.0,42,2.2276056944968983,2016,8
Aweil Centre,2016-08-15,unusual,128,0.0,89,4.719919955241014,2016,8
Aweil Centre,2016-08-22,recurring,54,0.0,46,2.4395717783812416,2016,8
Aweil Centre,2016-08-22,unusual,202,0.0,137,7.264542291873118,2016,8
Aweil Centre,2016-09-12,recurring,1,0.0,1,0.05303369447407172,2016,9
Aweil Centre,2016-11-21,unusual,32,0.0,18,0.9559209551280357,2016,11
Aweil Centre,2016-11-28,unusual,13,0.0,13,0.6901717806253183,2016,11
Aweil Centre,2017-01-09,unusual,1,0.0,1,0.053077657385027746,2017,1
Aweil Centre,2017-10-16,recurring,4,0.0,4,0.21233989600920347,2017,10
Aweil Centre,2017-10-16,unusual,20,0.0,15,0.7963872433324257,2017,10
Aweil Centre,2017-10-23,unusual,4,0.0,4,0.2123438965655306,2017,10
Aweil Centre,2017-10-30,unusual,4,0.0,2,0.10617309229925863,2017,10
Aweil Centre,2017-11-06,unusual,12,0.0,7,0.3716489355368902,2017,11
Aweil Centre,2017-11-20,unusual,6,0.0,3,0.1591904089125155,2017,11
Aweil Centre,2017-12-18,unusual,5,0.0,5,0.26555230331811075,2017,12
Aweil Centre,2018-01-22,unusual,3,0.0,3,0.15909002463074126,2018,1
Aweil Centre,2018-01-29,unusual,2,0.0,2,0.10605722465411405,2018,1
Aweil Centre,2018-05-21,unusual,1,0.0,1,0.05307909554193833,2018,5
Aweil Centre,2018-10-22,unusual,2,0.0,2,0.10603979260250174,2018,10
Aweil Centre,2019-02-25,unusual,1,0.0,1,0.05304763929115732,2019,2
Aweil Centre,2019-06-10,unusual,3,0.0,3,0.1591248760833347,2019,6
Aweil Centre,2019-09-09,unusual,3,0.0,3,0.15912428298037973,2019,9
Aweil Centre,2019-09-23,unusual,3,0.0,3,0.15912369000883736,2019,9
Aweil Centre,2019-10-28,unusual,3,0.0,3,0.1591248760833347,2019,10
Aweil Centre,2019-11-04,unusual,19,0.0,10,0.530437223518145,2019,11
Aweil Centre,2019-11-11,unusual,7,0.0,7,0.37135525611666753,2019,11
Aweil Centre,2019-11-25,unusual,18,0.0,12,0.6373054747220812,2019,11
Aweil Centre,2019-12-02,unusual,5,0.0,5,0.26545743210361067,2019,12
Aweil Centre,2019-12-09,unusual,49,0.0,43,2.2838790118485854,2019,12
Aweil Centre,2019-12-23,unusual,1,0.0,1,0.053091676508877375,2019,12
Aweil Centre,2020-08-31,recurring,105,0.0,74,3.9253047455158616,2020,8
Aweil Centre,2020-08-31,unusual,282,0.0,248,13.153782126561545,2020,8
Aweil Centre,2020-09-07,recurring,98,0.0,58,3.076184258612259,2020,9
Aweil Centre,2020-09-07,unusual,374,0.0,262,13.893590596415304,2020,9
Aweil Centre,2020-09-14,recurring,72,0.0,45,2.3867746691982656,2020,9
Aweil Centre,2020-09-14,unusual,51,0.0,47,2.493053288925424,2020,9
Aweil Centre,2020-09-21,recurring,30,0.0,15,0.7955917865447837,2020,9
Aweil Centre,2020-09-21,unusual,18,0.0,9,0.47763106945611766,2020,9
Aweil Centre,2020-09-28,recurring,142,0.0,66,3.5009272593700853,2020,9
Aweil Centre,2020-09-28,unusual,947,0.0,589,31.24435507690525,2020,9
Aweil Centre,2020-10-05,recurring,161,0.0,60,3.182422293653187,2020,10
Aweil Centre,2020-10-05,unusual,1341,0.0,1084,57.50274876052825,2020,10
Aweil Centre,2020-10-12,recurring,272,0.0,63,3.3415315019109046,2020,10
Aweil Centre,2020-10-12,unusual,1967,0.0,870,46.144607572515824,2020,10
Aweil Centre,2020-10-19,recurring,75,0.0,34,1.8032902283993437,2020,10
Aweil Centre,2020-10-19,unusual,84,0.0,46,2.440214080303965,2020,10
Aweil Centre,2020-10-26,recurring,78,0.0,36,1.9095534977708843,2020,10
Aweil Centre,2020-10-26,unusual,127,0.0,64,3.39505275418644,2020,10
Aweil Centre,2020-11-02,recurring,140,0.0,35,1.8564442190029709,2020,11
Aweil Centre,2020-11-02,unusual,614,0.0,236,12.517752614947693,2020,11
Aweil Centre,2020-11-09,recurring,126,0.0,33,1.7503759352729698,2020,11
Aweil Centre,2020-11-09,unusual,660,0.0,298,15.807677807112807,2020,11
Aweil Centre,2020-11-16,recurring,50,0.0,20,1.0608958719615917,2020,11
Aweil Centre,2020-11-16,unusual,144,0.0,80,4.243712280368963,2020,11
Aweil Centre,2020-11-23,recurring,1,0.0,1,0.05308397244197245,2020,11
Aweil Centre,2020-11-23,unusual,2,0.0,2,0.10617594691845343,2020,11
Aweil Centre,2020-11-30,unusual,2,0.0,2,0.10625885746932373,2020,11
Aweil Centre,2020-12-07,unusual,1,0.0,1,0.05312750263959195,2020,12
Aweil Centre,2021-07-26,unusual,2,0.0,2,0.10610822665523202,2021,7
Aweil Centre,2021-08-02,recurring,62,0.0,25,1.3262755222481688,2021,8
Aweil Centre,2021-08-02,unusual,297,0.0,105,5.5701490034313395,2021,8
Aweil Centre,2021-08-09,recurring,9,0.0,5,0.26519080820996777,2021,8
Aweil Centre,2021-08-09,unusual,78,0.0,44,2.333955745724571,2021,8
Aweil Centre,2021-08-16,recurring,5,0.0,5,0.26520901169659855,2021,8
Aweil Centre,2021-08-16,unusual,12,0.0,12,0.6366508270451532,2021,8
Aweil Centre,2021-08-23,recurring,11,0.0,11,0.5834429316730476,2021,8
Aweil Centre,2021-08-23,unusual,52,0.0,42,2.2278739140722923,2021,8
Aweil Centre,2021-09-20,recurring,13,0.0,8,0.4244437920001581,2021,9
Aweil Centre,2021-09-20,unusual,18,0.0,10,0.5307773902870153,2021,9
Aweil Centre,2021-09-27,recurring,11,0.0,9,0.4775788530882112,2021,9
Aweil Centre,2021-09-27,unusual,18,0.0,17,0.9021559898080239,2021,9
Aweil Centre,2021-10-04,recurring,143,0.0,54,2.86426220012129,2021,10
Aweil Centre,2021-10-04,unusual,236,0.0,104,5.516563635176795,2021,10
Aweil Centre,2021-10-11,recurring,21,0.0,10,0.5304942877923267,2021,10
Aweil Centre,2021-10-11,unusual,26,0.0,13,0.6896598291972282,2021,10
Aweil Centre,2021-10-18,recurring,23,0.0,10,0.5306634018874983,2021,10
Aweil Centre,2021-10-18,unusual,38,0.0,20,1.0612871007158071,2021,10
Aweil Centre,2021-10-25,recurring,2,0.0,2,0.10610683663952321,2021,10
Aweil Centre,2021-10-25,unusual,28,0.0,28,1.4854261629324519,2021,10
Aweil Centre,2021-11-01,recurring,7,0.0,6,0.31828335932281027,2021,11
Aweil Centre,2021-11-01,unusual,61,0.0,52,2.7584184363626907,2021,11
Aweil Centre,2021-11-08,recurring,14,0.0,5,0.2652377752870528,2021,11
Aweil Centre,2021-11-08,unusual,58,0.0,33,1.7505349086982256,2021,11
Aweil Centre,2021-11-15,recurring,1,0.0,1,0.05305411332761601,2021,11
Aweil Centre,2021-11-15,unusual,8,0.0,7,0.37132335983260756,2021,11
Aweil Centre,2021-11-22,unusual,1,0.0,1,0.053091676508877375,2021,11
Aweil Centre,2021-11-29,unusual,3,0.0,3,0.15927502932631807,2021,11
Aweil Centre,2021-12-06,unusual,2,0.0,1,0.053091676508877375,2021,12
Aweil Centre,2022-01-24,unusual,1,0.0,1,0.053091676508877375,2022,1
Aweil Centre,2022-08-22,recurring,3,0.0,3,0.15923728668717907,2022,8
Aweil Centre,2022-08-22,unusual,9,0.0,5,0.26538482531290947,2022,8
Aweil Centre,2022-08-29,recurring,12,0.0,6,0.31820216622468567,2022,8
Aweil Centre,2022-08-29,unusual,4,0.0,2,0.10610734589826644,2022,8
Aweil Centre,2022-09-05,recurring,8,0.0,8,0.42429176400325186,2022,9
Aweil Centre,2022-09-05,unusual,5,0.0,5,0.2653278036392184,2022,9
Aweil Centre,2022-09-12,recurring,62,0.0,25,1.326172176587716,2022,9
Aweil Centre,2022-09-12,unusual,48,0.0,22,1.1671266229758717,2022,9
Aweil Centre,2022-09-19,recurring,231,0.0,76,4.031119970059832,2022,9
Aweil Centre,2022-09-19,unusual,54,0.0,39,2.068758510320746,2022,9
Aweil Centre,2022-09-26,recurring,124,0.0,44,2.3338736950904675,2022,9
Aweil Centre,2022-09-26,unusual,50,0.0,29,1.5389169506907376,2022,9
Aweil Centre,2022-10-03,recurring,3,0.0,3,0.1592550649894142,2022,10
Aweil Centre,2022-10-03,unusual,11,0.0,11,0.5839471460454578,2022,10
Aweil Centre,2022-10-10,recurring,9,0.0,9,0.4773041444951202,2022,10
Aweil Centre,2022-10-10,unusual,1,0.0,1,0.053023810814008095,2022,10
Aweil Centre,2022-10-24,recurring,133,0.0,46,2.4397678383682857,2022,10
Aweil Centre,2022-10-24,unusual,71,0.0,43,2.2806476129147786,2022,10
Aweil Centre,2022-10-31,recurring,89,0.0,34,1.8034505616189396,2022,10
Aweil Centre,2022-10-31,unusual,21,0.0,11,0.5835704899347202,2022,10
Aweil Centre,2022-11-07,recurring,54,0.0,30,1.591286614601151,2022,11
Aweil Centre,2022-11-07,unusual,73,0.0,64,3.396552695181426,2022,11
Aweil Centre,2022-11-14,recurring,7,0.0,5,0.26536104305112057,2022,11
Aweil Centre,2022-11-14,unusual,15,0.0,12,0.6370402449107273,2022,11
Aweil Centre,2022-11-21,unusual,3,0.0,3,0.15926791234094406,2022,11
Aweil Centre,2023-05-29,unusual,7,0.0,7,0.37127367011317974,2023,5
Aweil Centre,2023-11-06,unusual,11,0.0,11,0.5836376988483539,2023,11
Aweil Centre,2023-11-13,unusual,2,0.0,2,0.10607840364652088,2023,11
Aweil Centre,2023-12-04,unusual,24,0.0,20,1.0621833763617674,2023,12
Aweil Centre,2024-01-01,unusual,9,0.0,6,0.31861479850099444,2024,1
Aweil Centre,2024-02-12,unusual,3,0.0,3,0.1592707476373702,2024,2
Aweil Centre,2024-09-02,recurring,93,0.0,48,2.5457350503192266,2024,9
Aweil Centre,2024-09-02,unusual,36,0.0,22,1.1668530219841866,2024,9
Aweil Centre,2024-09-09,recurring,2,0.0,2,0.10607096295318752,2024,9
Aweil Centre,2024-09-16,recurring,14,0.0,7,0.3711498160072683,2024,9
Aweil Centre,2024-09-16,unusual,22,0.0,16,0.8490542356404532,2024,9
Aweil Centre,2024-09-23,recurring,2,0.0,2,0.10616994800460174,2024,9
Aweil Centre,2024-09-23,unusual,1,0.0,1,0.053085403010503344,2024,9
Aweil Centre,2024-10-21,recurring,2,0.0,2,0.10615790364545964,2024,10
Aweil Centre,2024-10-21,unusual,19,0.0,10,0.5308190811530364,2024,10
Aweil Centre,2024-10-28,recurring,33,0.0,29,1.538152896185789,2024,10
Aweil Centre,2024-10-28,unusual,19,0.0,15,0.7956812696226406,2024,10
Aweil Centre,2024-11-04,recurring,15,0.0,6,0.31815898788894026,2024,11
Aweil Centre,2024-11-04,unusual,46,0.0,21,1.1134376290631214,2024,11
Aweil Centre,2024-11-11,recurring,2,0.0,1,0.05302200561973393,2024,11
Aweil Centre,2024-11-11,unusual,3,0.0,1,0.053017481524565625,2024,11
Aweil Centre,2024-11-25,unusual,1,0.0,1,0.05307794510404829,2024,11
Aweil Centre,2024-12-02,unusual,13,0.0,13,0.6903102504260482,2024,12
Aweil Centre,2024-12-16,unusual,1,0.0,1,0.05310636954105984,2024,12
Aweil Centre,2025-10-13,recurring,21,0.0,17,0.9019811785494265,2025,10
Aweil Centre,2025-10-13,unusual,134,0.0,122,6.473394972018927,2025,10
Aweil Centre,2025-10-20,recurring,36,0.0,27,1.4321312324691962,2025,10
Aweil Centre,2025-10-20,unusual,135,0.0,123,6.525454256406446,2025,10
Aweil Centre,2025-10-27,recurring,6,0.0,6,0.3182171551184706,2025,10
Aweil Centre,2025-10-27,unusual,8,0.0,8,0.42429642145805363,2025,10
Aweil Centre,2025-11-03,unusual,1,0.0,1,0.053037864387450624,2025,11
Aweil Centre,2025-11-10,unusual,4,0.0,2,0.10609114093150064,2025,11
Aweil Centre,2025-11-24,unusual,13,0.0,7,0.37159574410793095,2025,11
Aweil Centre,2025-12-01,unusual,1,0.0,1,0.053079383041719434,2025,12
Aweil Centre,2025-12-15,unusual,2,0.0,2,0.10621563895750234,2025,12
Aweil East,2000-10-30,recurring,28,0.0,14,0.7422111723705037,2000,10
Aweil East,2001-08-20,recurring,22,0.0,22,1.1663274308811755,2001,8
Aweil East,2001-08-20,unusual,6,0.0,6,0.3180706605409101,2001,8
Aweil East,2001-09-03,recurring,349,0.0,349,18.506020580999394,2001,9
Aweil East,2001-09-03,unusual,8,0.0,8,0.4242003180180913,2001,9
Aweil East,2001-10-01,recurring,509,0.0,417,22.112332058516486,2001,10
Aweil East,2001-10-01,unusual,18,0.0,17,0.9014403718776176,2001,10
Aweil East,2001-10-08,recurring,184,0.0,93,4.931175604512074,2001,10
Aweil East,2001-10-08,unusual,1,0.0,1,0.053010210140233265,2001,10
Aweil East,2001-10-15,recurring,10,0.0,5,0.26513166932554283,2001,10
Aweil East,2001-10-22,recurring,406,0.0,387,20.51958140573784,2001,10
Aweil East,2001-10-22,unusual,4,0.0,4,0.21205721992709364,2001,10
Aweil East,2001-10-29,recurring,166,0.0,104,5.514550665009144,2001,10
Aweil East,2001-10-29,unusual,4,0.0,4,0.2121029700714859,2001,10
Aweil East,2001-11-05,recurring,235,0.0,111,5.885890869820107,2001,11
Aweil East,2001-11-05,unusual,6,0.0,4,0.2121198384516439,2001,11
Aweil East,2001-11-12,recurring,150,0.0,114,6.044896296150898,2001,11
Aweil East,2001-11-12,unusual,3,0.0,3,0.15908972926386128,2001,11
Aweil East,2001-11-19,recurring,121,0.0,48,2.545184006778993,2001,11
Aweil East,2001-11-26,recurring,84,0.0,34,1.8029140194929643,2001,11
Aweil East,2001-12-03,recurring,4,0.0,2,0.1060340555811675,2001,12
Aweil East,2002-08-05,unusual,14,0.0,11,0.5830450127413808,2002,8
Aweil East,2002-08-12,recurring,59,0.0,59,3.127905610157103,2002,8
Aweil East,2002-08-12,unusual,123,0.0,101,5.353754361618451,2002,8
Aweil East,2002-08-19,recurring,38,0.0,23,1.2193485469021472,2002,8
Aweil East,2002-08-19,unusual,55,0.0,46,2.437994578852489,2002,8
Aweil East,2002-08-26,recurring,26,0.0,26,1.3783934305480767,2002,8
Aweil East,2002-08-26,unusual,30,0.0,30,1.5899269974773882,2002,8
Aweil East,2002-09-23,recurring,11,0.0,11,0.5831668942414294,2002,9
Aweil East,2002-09-30,recurring,21,0.0,16,0.8482415987086139,2002,9
Aweil East,2002-10-07,recurring,14,0.0,14,0.7420917000145059,2002,10
Aweil East,2002-10-07,unusual,6,0.0,6,0.317984328696851,2002,10
Aweil East,2002-11-04,unusual,2,0.0,1,0.05298320314798697,2002,11
Aweil East,2002-11-18,unusual,1,0.0,1,0.05298815393166777,2002,11
Aweil East,2003-01-27,unusual,1,0.0,1,0.05304024102458606,2003,1
Aweil East,2003-04-21,unusual,2,0.0,1,0.052917861466258154,2003,4
Aweil East,2003-05-12,unusual,5,0.0,5,0.2647844801220711,2003,5
Aweil East,2003-05-19,unusual,4,0.0,4,0.21178168086258237,2003,5
Aweil East,2003-06-02,unusual,16,0.0,16,0.8479582095076582,2003,6
Aweil East,2003-06-09,unusual,96,0.0,92,4.8784441226188475,2003,6
Aweil East,2003-06-16,unusual,614,0.0,330,17.50039227327519,2003,6
Aweil East,2003-06-23,unusual,958,0.0,347,18.399608294698652,2003,6
Aweil East,2003-06-30,unusual,120,0.0,90,4.772721350932273,2003,6
Aweil East,2003-07-07,unusual,16,0.0,16,0.8484919143099799,2003,7
Aweil East,2003-07-14,unusual,14,0.0,13,0.6893033630139671,2003,7
Aweil East,2003-07-21,recurring,33,0.0,33,1.7495031035270672,2003,7
Aweil East,2003-07-21,unusual,14,0.0,13,0.689268433654364,2003,7
Aweil East,2003-07-28,unusual,3,0.0,3,0.15908733467686625,2003,7
Aweil East,2003-08-04,recurring,50,0.0,21,1.1133208412874613,2003,8
Aweil East,2003-08-04,unusual,266,0.0,131,6.946967315322748,2003,8
Aweil East,2003-08-11,recurring,334,0.0,147,7.795032494457423,2003,8
Aweil East,2003-08-11,unusual,108,0.0,49,2.5984301438279664,2003,8
Aweil East,2003-08-18,recurring,548,0.0,336,17.816720428006935,2003,8
Aweil East,2003-08-18,unusual,261,0.0,204,10.816681905713551,2003,8
Aweil East,2003-08-25,recurring,40,0.0,40,2.121095010133818,2003,8
Aweil East,2003-08-25,unusual,14,0.0,12,0.6363328546576722,2003,8
Aweil East,2003-09-01,recurring,410,0.0,346,18.346738883483226,2003,9
Aweil East,2003-09-01,unusual,60,0.0,60,3.1813543271317695,2003,9
Aweil East,2003-09-08,recurring,1223,0.0,701,37.168646912882195,2003,9
Aweil East,2003-09-08,unusual,112,0.0,95,5.0374090822832045,2003,9
Aweil East,2003-09-15,recurring,2243,0.0,922,48.88603510190542,2003,9
Aweil East,2003-09-15,unusual,299,0.0,188,9.967783553994343,2003,9
Aweil East,2003-09-22,recurring,2380,0.0,712,37.75265520303546,2003,9
Aweil East,2003-09-22,unusual,320,0.0,192,10.181706096590482,2003,9
Aweil East,2003-09-29,recurring,1546,0.0,550,29.160937352231944,2003,9
Aweil East,2003-09-29,unusual,76,0.0,64,3.392945274081619,2003,9
Aweil East,2003-10-06,recurring,21,0.0,12,0.6361952598535476,2003,10
Aweil East,2003-10-13,recurring,1341,0.0,485,25.71580433622163,2003,10
Aweil East,2003-10-13,unusual,28,0.0,23,1.2194604608217685,2003,10
Aweil East,2003-10-20,recurring,2390,0.0,704,37.32724725258847,2003,10
Aweil East,2003-10-20,unusual,134,0.0,97,5.142826474986404,2003,10
Aweil East,2003-10-27,recurring,1699,0.0,568,30.11619258439803,2003,10
Aweil East,2003-10-27,unusual,88,0.0,60,3.1808084322360153,2003,10
Aweil East,2003-11-03,recurring,454,0.0,257,13.627325351267533,2003,11
Aweil East,2003-11-03,unusual,42,0.0,32,1.6962120017088986,2003,11
Aweil East,2003-11-10,recurring,1010,0.0,367,19.45896449661354,2003,11
Aweil East,2003-11-10,unusual,103,0.0,55,2.9158839573553093,2003,11
Aweil East,2003-11-17,recurring,615,0.0,265,14.050786726631534,2003,11
Aweil East,2003-11-17,unusual,64,0.0,39,2.0676561883958517,2003,11
Aweil East,2003-11-24,recurring,123,0.0,66,3.49907288613923,2003,11
Aweil East,2003-11-24,unusual,67,0.0,36,1.9083058819656071,2003,11
Aweil East,2003-12-01,recurring,19,0.0,17,0.901285631133678,2003,12
Aweil East,2003-12-01,unusual,79,0.0,47,2.4913194651105925,2003,12
Aweil East,2003-12-08,recurring,4,0.0,3,0.15905873657379777,2003,12
Aweil East,2003-12-08,unusual,65,0.0,34,1.8022983567654054,2003,12
Aweil East,2003-12-15,recurring,3,0.0,2,0.1060436744504274,2003,12
Aweil East,2003-12-15,unusual,44,0.0,27,1.431483862856685,2003,12
Aweil East,2003-12-22,unusual,1,0.0,1,0.05303100649015638,2003,12
Aweil East,2003-12-29,unusual,16,0.0,10,0.530309765063666,2003,12
Aweil East,2004-01-05,unusual,1,0.0,1,0.05303100649015638,2004,1
Aweil East,2004-01-12,unusual,3,0.0,3,0.15909272039409245,2004,1
Aweil East,2004-05-03,unusual,3,0.0,3,0.15882119432782782,2004,5
Aweil East,2004-08-16,unusual,36,0.0,22,1.1667287279852159,2004,8
Aweil East,2004-08-23,recurring,14,0.0,7,0.3712325781417704,2004,8
Aweil East,2004-08-23,unusual,210,0.0,105,5.568474014402327,2004,8
Aweil East,2004-08-30,recurring,13,0.0,13,0.6894344457773054,2004,8
Aweil East,2004-08-30,unusual,18,0.0,18,0.954558007093153,2004,8
Aweil East,2004-09-27,recurring,3,0.0,3,0.15905215643499995,2004,9
Aweil East,2004-09-27,unusual,3,0.0,3,0.15898785943844998,2004,9
Aweil East,2004-10-04,unusual,1,0.0,1,0.05299922744208715,2004,10
Aweil East,2004-10-18,recurring,1,0.0,1,0.052994931780885914,2004,10
Aweil East,2004-10-25,unusual,1,0.0,1,0.05299523912957756,2004,10
Aweil East,2004-11-01,unusual,1,0.0,1,0.052949316772695626,2004,11
Aweil East,2004-11-08,unusual,1,0.0,1,0.052999533669429735,2004,11
Aweil East,2004-12-20,unusual,5,0.0,3,0.1588301314069499,2004,12
Aweil East,2005-08-15,unusual,1,0.0,1,0.053036376642161424,2005,8
Aweil East,2005-08-22,recurring,6,0.0,6,0.3182048511900034,2005,8
Aweil East,2005-08-22,unusual,23,0.0,23,1.2195652999347406,2005,8
Aweil East,2005-08-29,recurring,101,0.0,76,4.029874434982201,2005,8
Aweil East,2005-08-29,unusual,28,0.0,24,1.2728426424755883,2005,8
Aweil East,2005-09-12,recurring,16,0.0,16,0.848450294105089,2005,9
Aweil East,2005-09-19,recurring,371,0.0,166,8.802702895803153,2005,9
Aweil East,2005-09-26,recurring,1193,0.0,397,21.050820381988068,2005,9
Aweil East,2005-09-26,unusual,15,0.0,15,0.7954733044618679,2005,9
Aweil East,2005-10-03,recurring,644,0.0,268,14.211748470230647,2005,10
Aweil East,2005-10-03,unusual,9,0.0,9,0.47731573618247747,2005,10
Aweil East,2005-10-10,recurring,1409,0.0,984,52.174754390564516,2005,10
Aweil East,2005-10-10,unusual,422,0.0,406,21.529162033207804,2005,10
Aweil East,2005-10-17,recurring,1548,0.0,455,24.126344314937118,2005,10
Aweil East,2005-10-17,unusual,6,0.0,4,0.2121032890578505,2005,10
Aweil East,2005-10-24,recurring,1505,0.0,802,42.52317705128239,2005,10
Aweil East,2005-10-24,unusual,160,0.0,134,7.103576839379158,2005,10
Aweil East,2005-10-31,recurring,625,0.0,373,19.775954561099397,2005,10
Aweil East,2005-10-31,unusual,287,0.0,215,11.395925958988267,2005,10
Aweil East,2005-11-07,recurring,133,0.0,78,4.1344819715737415,2005,11
Aweil East,2005-11-07,unusual,115,0.0,62,3.2855684291537615,2005,11
Aweil East,2005-11-14,recurring,21,0.0,17,0.9008744686126541,2005,11
Aweil East,2005-11-14,unusual,52,0.0,37,1.960587188794503,2005,11
Aweil East,2005-11-21,recurring,15,0.0,9,0.47689369357108796,2005,11
Aweil East,2005-11-21,unusual,44,0.0,32,1.6950346613321363,2005,11
Aweil East,2005-11-28,recurring,1,0.0,1,0.05298815393166777,2005,11
Aweil East,2005-11-28,unusual,22,0.0,21,1.1127478319636204,2005,11
Aweil East,2005-12-05,unusual,10,0.0,10,0.5298404949677836,2005,12
Aweil East,2005-12-12,unusual,3,0.0,2,0.10589609219300086,2005,12
Aweil East,2005-12-19,unusual,3,0.0,3,0.1588428661378231,2005,12
Aweil East,2006-01-02,unusual,2,0.0,1,0.053022607631543706,2006,1
Aweil East,2006-07-10,unusual,1,0.0,1,0.05303160429549395,2006,7
Aweil East,2006-08-14,recurring,1,0.0,1,0.05301536484574957,2006,8
Aweil East,2006-08-14,unusual,7,0.0,7,0.3712337661657453,2006,8
Aweil East,2006-09-04,recurring,377,0.0,191,10.127807890148695,2006,9
Aweil East,2006-09-11,recurring,243,0.0,113,5.991774570430775,2006,9
Aweil East,2006-09-11,unusual,1,0.0,1,0.05301566749808031,2006,9
Aweil East,2006-09-25,recurring,124,0.0,49,2.597779797726952,2006,9
Aweil East,2006-09-25,unusual,3,0.0,3,0.15905093334348985,2006,9
Aweil East,2006-10-02,recurring,2069,0.0,974,51.64265463791014,2006,10
Aweil East,2006-10-02,unusual,704,0.0,602,31.918933127519832,2006,10
Aweil East,2006-10-09,recurring,2133,0.0,652,34.57032100765713,2006,10
Aweil East,2006-10-09,unusual,184,0.0,102,5.407853373425614,2006,10
Aweil East,2006-10-16,recurring,547,0.0,300,15.906932008314667,2006,10
Aweil East,2006-10-16,unusual,29,0.0,20,1.060301137306954,2006,10
Aweil East,2006-10-23,recurring,998,0.0,816,43.26457700727495,2006,10
Aweil East,2006-10-23,unusual,294,0.0,293,15.532983834517852,2006,10
Aweil East,2006-10-30,recurring,881,0.0,532,28.205644114334447,2006,10
Aweil East,2006-10-30,unusual,101,0.0,79,4.18757409955682,2006,10
Aweil East,2006-11-06,recurring,359,0.0,262,13.891560180691268,2006,11
Aweil East,2006-11-06,unusual,164,0.0,122,6.468723849163472,2006,11
Aweil East,2006-11-13,recurring,156,0.0,146,7.7407086831934,2006,11
Aweil East,2006-11-13,unusual,55,0.0,52,2.7569224967769026,2006,11
Aweil East,2006-11-20,recurring,84,0.0,82,4.3465355772760885,2006,11
Aweil East,2006-11-20,unusual,87,0.0,84,4.45120399784138,2006,11
Aweil East,2006-11-27,recurring,14,0.0,12,0.636002797722479,2006,11
Aweil East,2006-11-27,unusual,62,0.0,35,1.8546957400160913,2006,11
Aweil East,2006-12-04,recurring,1,0.0,1,0.05302861232705702,2006,12
Aweil East,2006-12-04,unusual,34,0.0,19,1.0067721427230043,2006,12
Aweil East,2006-12-11,unusual,6,0.0,4,0.21186984658130004,2006,12
Aweil East,2006-12-18,recurring,1,0.0,1,0.05302861232705702,2006,12
Aweil East,2006-12-18,unusual,45,0.0,36,1.9073363458670791,2006,12
Aweil East,2006-12-25,recurring,1,0.0,1,0.05302861232705702,2006,12
Aweil East,2006-12-25,unusual,44,0.0,38,2.0128350386925153,2006,12
Aweil East,2007-01-01,unusual,1,0.0,1,0.05302861232705702,2007,1
Aweil East,2007-01-08,unusual,3,0.0,3,0.159086734350562,2007,1
Aweil East,2007-08-20,recurring,24,0.0,17,0.9013960906385069,2007,8
Aweil East,2007-08-20,unusual,122,0.0,84,4.454317919329837,2007,8
Aweil East,2007-08-27,recurring,14,0.0,14,0.7423340804036324,2007,8
Aweil East,2007-08-27,unusual,36,0.0,36,1.9088142140819975,2007,8
Aweil East,2007-09-10,recurring,77,0.0,62,3.2870145935759374,2007,9
Aweil East,2007-09-10,unusual,59,0.0,47,2.491697909573453,2007,9
Aweil East,2007-09-17,recurring,962,0.0,656,34.78228929046469,2007,9
Aweil East,2007-09-17,unusual,297,0.0,164,8.694872426661178,2007,9
Aweil East,2007-09-24,recurring,2620,0.0,1081,57.315133508888295,2007,9
Aweil East,2007-09-24,unusual,969,0.0,514,27.251249442303006,2007,9
Aweil East,2007-10-01,recurring,1013,0.0,815,43.21270602836198,2007,10
Aweil East,2007-10-01,unusual,636,0.0,419,22.215857105725025,2007,10
Aweil East,2007-10-08,recurring,3228,0.0,1073,56.891275552945125,2007,10
Aweil East,2007-10-08,unusual,1895,0.0,918,48.674443436485596,2007,10
Aweil East,2007-10-15,recurring,1677,0.0,844,44.749680045022586,2007,10
Aweil East,2007-10-15,unusual,970,0.0,613,32.502992150883394,2007,10
Aweil East,2007-10-22,recurring,2843,0.0,1434,76.03124235547627,2007,10
Aweil East,2007-10-22,unusual,2254,0.0,1620,85.8964926817616,2007,10
Aweil East,2007-10-29,recurring,4227,0.0,1344,71.26037034555011,2007,10
Aweil East,2007-10-29,unusual,2418,0.0,1219,64.63451134116694,2007,10
Aweil East,2007-11-05,recurring,1248,0.0,431,22.852263974913953,2007,11
Aweil East,2007-11-05,unusual,442,0.0,125,6.6269749186810065,2007,11
Aweil East,2007-11-12,recurring,597,0.0,310,16.435941479340137,2007,11
Aweil East,2007-11-12,unusual,156,0.0,71,3.764078536259182,2007,11
Aweil East,2007-11-26,recurring,2,0.0,2,0.10603254490794825,2007,11
Aweil East,2007-11-26,unusual,8,0.0,8,0.4241802506336991,2007,11
Aweil East,2007-12-03,recurring,2,0.0,2,0.10603254490794825,2007,12
Aweil East,2007-12-03,unusual,9,0.0,9,0.47720948488173454,2007,12
Aweil East,2007-12-10,recurring,1,0.0,1,0.05302861232705702,2007,12
Aweil East,2007-12-10,unusual,5,0.0,3,0.1589082105979365,2007,12
Aweil East,2007-12-24,recurring,1,0.0,1,0.05302861232705702,2007,12
Aweil East,2008-07-21,unusual,2,0.0,2,0.10605332780479598,2008,7
Aweil East,2008-08-04,recurring,43,0.0,43,2.2796546303290284,2008,8
Aweil East,2008-08-04,unusual,65,0.0,64,3.3927103391745197,2008,8
Aweil East,2008-08-11,recurring,46,0.0,46,2.4386964869560677,2008,8
Aweil East,2008-08-11,unusual,67,0.0,67,3.55139526937161,2008,8
Aweil East,2008-08-25,recurring,596,0.0,371,19.67106367501095,2008,8
Aweil East,2008-08-25,unusual,298,0.0,206,10.921365092197526,2008,8
Aweil East,2008-09-01,recurring,506,0.0,496,26.29889575511671,2008,9
Aweil East,2008-09-01,unusual,277,0.0,276,14.63405127664393,2008,9
Aweil East,2008-09-08,recurring,981,0.0,708,37.54074482247892,2008,9
Aweil East,2008-09-08,unusual,159,0.0,156,8.272448900788957,2008,9
Aweil East,2008-09-15,recurring,641,0.0,319,16.914536538692534,2008,9
Aweil East,2008-09-15,unusual,3,0.0,3,0.15896353491374038,2008,9
Aweil East,2008-09-22,recurring,1483,0.0,976,51.74932473025917,2008,9
Aweil East,2008-09-22,unusual,255,0.0,226,11.983252270151764,2008,9
Aweil East,2008-09-29,recurring,2852,0.0,1043,55.302382811735555,2008,9
Aweil East,2008-09-29,unusual,639,0.0,368,19.51186794350537,2008,9
Aweil East,2008-10-06,recurring,2349,0.0,1557,82.5551910151218,2008,10
Aweil East,2008-10-06,unusual,4011,0.0,2877,152.55238442839152,2008,10
Aweil East,2008-10-13,recurring,5536,0.0,1508,79.9564272890467,2008,10
Aweil East,2008-10-13,unusual,6325,0.0,2331,123.5867757476435,2008,10
Aweil East,2008-10-20,recurring,8627,0.0,1748,92.6795687506878,2008,10
Aweil East,2008-10-20,unusual,12170,0.0,4523,239.8060684573723,2008,10
Aweil East,2008-10-27,recurring,8606,0.0,1776,94.16349500324534,2008,10
Aweil East,2008-10-27,unusual,14431,0.0,5585,296.1052257142631,2008,10
Aweil East,2008-11-03,recurring,6208,0.0,1412,74.86485820958399,2008,11
Aweil East,2008-11-03,unusual,11761,0.0,4932,261.4871377856179,2008,11
Aweil East,2008-11-10,recurring,7254,0.0,1400,74.22872802671775,2008,11
Aweil East,2008-11-10,unusual,12766,0.0,4777,253.27543500080986,2008,11
Aweil East,2008-11-17,recurring,4615,0.0,1324,70.19995218350338,2008,11
Aweil East,2008-11-17,unusual,5524,0.0,2724,144.42303509492996,2008,11
Aweil East,2008-11-24,recurring,3110,0.0,776,41.14395311888055,2008,11
Aweil East,2008-11-24,unusual,2518,0.0,877,46.49212418140278,2008,11
Aweil East,2008-12-01,recurring,536,0.0,144,7.635060926661992,2008,12
Aweil East,2008-12-01,unusual,1961,0.0,702,37.215604580085305,2008,12
Aweil East,2008-12-08,recurring,280,0.0,67,3.5521675960628323,2008,12
Aweil East,2008-12-08,unusual,842,0.0,291,15.426096449862332,2008,12
Aweil East,2008-12-15,recurring,95,0.0,35,1.8555716061264698,2008,12
Aweil East,2008-12-15,unusual,138,0.0,64,3.39247889502686,2008,12
Aweil East,2008-12-22,unusual,27,0.0,18,0.9538449448114976,2008,12
Aweil East,2008-12-29,unusual,19,0.0,15,0.7948613790721544,2008,12
Aweil East,2009-01-05,unusual,15,0.0,10,0.5299218761527745,2009,1
Aweil East,2009-01-12,unusual,9,0.0,5,0.26497527360181283,2009,1
Aweil East,2009-01-26,unusual,2,0.0,2,0.10599017091046348,2009,1
Aweil East,2009-02-02,unusual,1,0.0,1,0.052994931780885914,2009,2
Aweil East,2009-02-09,unusual,1,0.0,1,0.05299523912957756,2009,2
Aweil East,2009-08-17,recurring,2,0.0,2,0.10603103234382988,2009,8
Aweil East,2009-08-17,unusual,7,0.0,7,0.3712307869691522,2009,8
Aweil East,2009-08-24,recurring,75,0.0,27,1.431409702790103,2009,8
Aweil East,2009-08-24,unusual,3,0.0,3,0.1590559571730212,2009,8
Aweil East,2009-08-31,recurring,371,0.0,105,5.56671695075322,2009,8
Aweil East,2009-08-31,unusual,216,0.0,108,5.726133113445736,2009,8
Aweil East,2009-09-07,recurring,105,0.0,55,2.9158438459473626,2009,9
Aweil East,2009-09-14,recurring,104,0.0,60,3.1809155276030716,2009,9
Aweil East,2009-09-21,recurring,219,0.0,92,4.877700037866164,2009,9
Aweil East,2009-09-28,recurring,389,0.0,374,19.82960706251765,2009,9
Aweil East,2009-09-28,unusual,13,0.0,13,0.6892227989580878,2009,9
Aweil East,2009-10-05,recurring,362,0.0,362,19.193414642488527,2009,10
Aweil East,2009-10-05,unusual,15,0.0,15,0.7952796714029938,2009,10
Aweil East,2009-10-12,recurring,159,0.0,133,7.052006734388897,2009,10
Aweil East,2009-10-12,unusual,12,0.0,9,0.4770468735900038,2009,10
Aweil East,2009-10-19,recurring,799,0.0,447,23.699569276363384,2009,10
Aweil East,2009-10-19,unusual,26,0.0,18,0.9541751032679008,2009,10
Aweil East,2009-10-26,recurring,120,0.0,92,4.876785175415388,2009,10
Aweil East,2009-10-26,unusual,34,0.0,25,1.3247065932538562,2009,10
Aweil East,2009-11-09,recurring,20,0.0,8,0.4239055398508355,2009,11
Aweil East,2009-11-09,unusual,12,0.0,6,0.31792768746681793,2009,11
Aweil East,2009-11-23,recurring,5,0.0,5,0.2649407694469235,2009,11
Aweil East,2009-11-23,unusual,6,0.0,6,0.31792428876696505,2009,11
Aweil East,2010-02-22,unusual,1,0.0,1,0.05294995170966331,2010,2
Aweil East,2010-04-26,unusual,6,0.0,3,0.1588422308453287,2010,4
Aweil East,2010-08-16,recurring,17,0.0,17,0.9012630168951818,2010,8
Aweil East,2010-08-16,unusual,10,0.0,5,0.2651602855936959,2010,8
Aweil East,2010-08-30,recurring,122,0.0,88,4.666130037238256,2010,8
Aweil East,2010-09-06,recurring,336,0.0,336,17.814696000359103,2010,9
Aweil East,2010-09-06,unusual,18,0.0,18,0.9542123578933428,2010,9
Aweil East,2010-09-13,recurring,137,0.0,69,3.6582158005671364,2010,9
Aweil East,2010-09-20,recurring,677,0.0,321,17.0187242132498,2010,9
Aweil East,2010-09-20,unusual,4,0.0,2,0.10603375313742555,2010,9
Aweil East,2010-09-27,recurring,2329,0.0,1063,56.36013434976756,2010,9
Aweil East,2010-09-27,unusual,212,0.0,191,10.126285068047288,2010,9
Aweil East,2010-10-04,recurring,881,0.0,640,33.9312354132843,2010,10
Aweil East,2010-10-04,unusual,100,0.0,95,5.0363858812238655,2010,10
Aweil East,2010-10-11,recurring,4227,0.0,1543,81.81028712404438,2010,10
Aweil East,2010-10-11,unusual,1890,0.0,1080,57.26135629401189,2010,10
Aweil East,2010-10-18,recurring,2059,0.0,1224,64.89689820388008,2010,10
Aweil East,2010-10-18,unusual,530,0.0,416,22.05609223392429,2010,10
Aweil East,2010-10-25,recurring,2768,0.0,1375,72.90331347238416,2010,10
Aweil East,2010-10-25,unusual,1215,0.0,1023,54.237705771191564,2010,10
Aweil East,2010-11-01,recurring,5170,0.0,1213,64.31423091721557,2010,11
Aweil East,2010-11-01,unusual,1903,0.0,994,52.70057690034941,2010,11
Aweil East,2010-11-08,recurring,4768,0.0,1305,69.19204708065075,2010,11
Aweil East,2010-11-08,unusual,2288,0.0,1351,71.62594138962751,2010,11
Aweil East,2010-11-15,recurring,2854,0.0,1176,62.351754722413624,2010,11
Aweil East,2010-11-15,unusual,1598,0.0,1204,63.83067587089837,2010,11
Aweil East,2010-11-22,recurring,1858,0.0,704,37.32504119363394,2010,11
Aweil East,2010-11-22,unusual,333,0.0,222,11.768093091654421,2010,11
Aweil East,2010-11-29,recurring,408,0.0,188,9.967456352095398,2010,11
Aweil East,2010-11-29,unusual,306,0.0,188,9.966585842670883,2010,11
Aweil East,2010-12-06,recurring,90,0.0,37,1.9615890427715228,2010,12
Aweil East,2010-12-06,unusual,45,0.0,41,2.173325726902775,2010,12
Aweil East,2010-12-13,recurring,21,0.0,13,0.689197920909039,2010,12
Aweil East,2010-12-13,unusual,17,0.0,9,0.47695254116791186,2010,12
Aweil East,2010-12-20,unusual,3,0.0,2,0.10598986356177183,2010,12
Aweil East,2010-12-27,unusual,5,0.0,4,0.2119800344722353,2010,12
Aweil East,2011-01-03,unusual,2,0.0,2,0.10599047825915511,2011,1
Aweil East,2011-01-10,unusual,3,0.0,2,0.10598986356177183,2011,1
Aweil East,2011-08-22,unusual,3,0.0,3,0.1590596889037526,2011,8
Aweil East,2011-09-12,recurring,5,0.0,5,0.26507318769475063,2011,9
Aweil East,2011-09-12,unusual,16,0.0,16,0.8481900288717623,2011,9
Aweil East,2011-09-19,recurring,1,0.0,1,0.05301596994182226,2011,9
Aweil East,2011-09-19,unusual,2,0.0,1,0.053016877129469224,2011,9
Aweil East,2011-09-26,recurring,378,0.0,277,14.685963401607738,2011,9
Aweil East,2011-09-26,unusual,221,0.0,206,10.921173828577304,2011,9
Aweil East,2011-10-03,recurring,199,0.0,198,10.497513155829399,2011,10
Aweil East,2011-10-03,unusual,68,0.0,68,3.6051172263845745,2011,10
Aweil East,2011-10-10,unusual,2,0.0,2,0.10603133499616062,2011,10
Aweil East,2011-10-17,recurring,84,0.0,72,3.816855854900266,2011,10
Aweil East,2011-10-17,unusual,35,0.0,31,1.6431643400640448,2011,10
Aweil East,2011-10-31,recurring,6,0.0,3,0.1589644617950033,2011,10
Aweil East,2011-10-31,unusual,5,0.0,3,0.15896384387416135,2011,10
Aweil East,2011-11-21,unusual,2,0.0,2,0.10605782203563788,2011,11
Aweil East,2011-11-28,recurring,1,0.0,1,0.05302771347898792,2011,11
Aweil East,2011-12-05,recurring,2,0.0,1,0.05302861232705702,2011,12
Aweil East,2011-12-05,unusual,23,0.0,15,0.7954186900261717,2011,12
Aweil East,2011-12-12,unusual,2,0.0,2,0.10605512711028763,2011,12
Aweil East,2011-12-19,recurring,1,0.0,1,0.05302861232705702,2011,12
Aweil East,2011-12-19,unusual,4,0.0,4,0.21211115313566148,2011,12
Aweil East,2012-08-13,unusual,1,0.0,1,0.05302771347898792,2012,8
Aweil East,2012-08-20,recurring,44,0.0,44,2.3326660610382075,2012,8
Aweil East,2012-08-27,unusual,4,0.0,4,0.21178614250163152,2012,8
Aweil East,2012-09-10,unusual,4,0.0,4,0.21195107050673323,2012,9
Aweil East,2012-09-17,recurring,337,0.0,307,16.278174488088073,2012,9
Aweil East,2012-09-17,unusual,45,0.0,43,2.279440772646727,2012,9
Aweil East,2012-09-24,recurring,694,0.0,334,17.709296822913995,2012,9
Aweil East,2012-09-24,unusual,103,0.0,53,2.809656628672533,2012,9
Aweil East,2012-10-01,recurring,703,0.0,447,23.699984274915717,2012,10
Aweil East,2012-10-01,unusual,120,0.0,104,5.512234441974633,2012,10
Aweil East,2012-10-08,recurring,727,0.0,624,33.08391099811643,2012,10
Aweil East,2012-10-08,unusual,148,0.0,148,7.844391388154626,2012,10
Aweil East,2012-10-15,recurring,304,0.0,265,14.049097588293586,2012,10
Aweil East,2012-10-15,unusual,71,0.0,67,3.5510320057709057,2012,10
Aweil East,2012-10-22,recurring,94,0.0,94,4.983325631605997,2012,10
Aweil East,2012-10-22,unusual,8,0.0,8,0.42404957903137996,2012,10
Aweil East,2012-10-29,recurring,117,0.0,117,6.201948728750267,2012,10
Aweil East,2012-10-29,unusual,64,0.0,63,3.338665124633141,2012,10
Aweil East,2012-11-05,recurring,28,0.0,20,1.0598900847002168,2012,11
Aweil East,2012-11-05,unusual,24,0.0,17,0.9008762110000342,2012,11
Aweil East,2012-11-12,unusual,7,0.0,5,0.2649830632114616,2012,11
Aweil East,2012-11-19,recurring,8,0.0,6,0.31793015865734764,2012,11
Aweil East,2012-11-19,unusual,6,0.0,5,0.26495882921747954,2012,11
Aweil East,2012-11-26,unusual,5,0.0,4,0.21203682545545632,2012,11
Aweil East,2012-12-03,recurring,1,0.0,1,0.05302861232705702,2012,12
Aweil East,2012-12-03,unusual,1,0.0,1,0.05303040840433818,2012,12
Aweil East,2012-12-17,unusual,4,0.0,4,0.2121108412263637,2012,12
Aweil East,2012-12-24,unusual,2,0.0,2,0.10606141482755936,2012,12
Aweil East,2012-12-31,unusual,1,0.0,1,0.05303070741377968,2012,12
Aweil East,2013-05-06,unusual,52,0.0,31,1.6439892886128062,2013,5
Aweil East,2013-08-12,unusual,41,0.0,41,2.173502196363925,2013,8
Aweil East,2013-08-19,recurring,33,0.0,23,1.2193602277679279,2013,8
Aweil East,2013-08-19,unusual,122,0.0,108,5.726114855106482,2013,8
Aweil East,2013-08-26,recurring,42,0.0,32,1.6964582091310139,2013,8
Aweil East,2013-08-26,unusual,275,0.0,188,9.967423317785752,2013,8
Aweil East,2013-09-02,recurring,337,0.0,199,10.551094914277614,2013,9
Aweil East,2013-09-02,unusual,65,0.0,44,2.3323447144202385,2013,9
Aweil East,2013-09-09,recurring,655,0.0,489,25.92738045533847,2013,9
Aweil East,2013-09-09,unusual,98,0.0,63,3.3399111579009557,2013,9
Aweil East,2013-09-16,recurring,2580,0.0,1308,69.34998903834611,2013,9
Aweil East,2013-09-16,unusual,466,0.0,433,22.95479829850977,2013,9
Aweil East,2013-09-23,recurring,1640,0.0,624,33.086571209614036,2013,9
Aweil East,2013-09-23,unusual,67,0.0,56,2.9688109604884363,2013,9
Aweil East,2013-09-30,recurring,2250,0.0,818,43.371750567337145,2013,9
Aweil East,2013-09-30,unusual,162,0.0,88,4.664993373584985,2013,9
Aweil East,2013-10-07,recurring,2225,0.0,1123,59.54342680457581,2013,10
Aweil East,2013-10-07,unusual,299,0.0,268,14.208419127249169,2013,10
Aweil East,2013-10-14,recurring,4145,0.0,1433,75.97769019299209,2013,10
Aweil East,2013-10-14,unusual,942,0.0,721,38.22539104437486,2013,10
Aweil East,2013-10-21,recurring,1345,0.0,510,27.040911867494998,2013,10
Aweil East,2013-10-21,unusual,89,0.0,45,2.3854796550345867,2013,10
Aweil East,2013-10-28,recurring,1370,0.0,551,29.213417911864912,2013,10
Aweil East,2013-10-28,unusual,196,0.0,134,7.103431533321196,2013,10
Aweil East,2013-11-04,recurring,65,0.0,49,2.597896234769215,2013,11
Aweil East,2013-11-11,recurring,3,0.0,3,0.15901671957282204,2013,11
Aweil East,2013-11-11,unusual,6,0.0,6,0.31767838953232064,2013,11
Aweil East,2013-11-18,recurring,5,0.0,3,0.15901793004532516,2013,11
Aweil East,2013-11-18,unusual,86,0.0,34,1.8020308837424606,2013,11
Aweil East,2013-11-25,recurring,1,0.0,1,0.052985990161680645,2013,11
Aweil East,2013-11-25,unusual,29,0.0,20,1.0598765443292055,2013,11
Aweil East,2013-12-02,unusual,28,0.0,20,1.0600870299739866,2013,12
Aweil East,2013-12-09,unusual,22,0.0,13,0.6890921308608959,2013,12
Aweil East,2013-12-16,unusual,20,0.0,9,0.47707790705065417,2013,12
Aweil East,2013-12-23,unusual,7,0.0,5,0.26504466730136816,2013,12
Aweil East,2013-12-30,unusual,7,0.0,7,0.371061743468831,2013,12
Aweil East,2014-01-06,unusual,2,0.0,2,0.1060176844874857,2014,1
Aweil East,2014-01-13,unusual,1,0.0,1,0.05300869014642983,2014,1
Aweil East,2014-02-03,unusual,2,0.0,1,0.05294868155569791,2014,2
Aweil East,2014-08-11,recurring,4,0.0,4,0.21206115637854084,2014,8
Aweil East,2014-08-18,recurring,48,0.0,27,1.4314133345582642,2014,8
Aweil East,2014-08-18,unusual,15,0.0,11,0.5831913876961818,2014,8
Aweil East,2014-08-25,recurring,68,0.0,24,1.2723633070689198,2014,8
Aweil East,2014-09-08,recurring,137,0.0,53,2.809829440051342,2014,9
Aweil East,2014-09-08,unusual,12,0.0,6,0.3180172047464355,2014,9
Aweil East,2014-09-15,recurring,1751,0.0,713,37.80389792360634,2014,9
Aweil East,2014-09-15,unusual,127,0.0,116,6.149280620429732,2014,9
Aweil East,2014-09-22,recurring,970,0.0,459,24.337385883125442,2014,9
Aweil East,2014-09-22,unusual,18,0.0,18,0.9542937973528048,2014,9
Aweil East,2014-09-29,recurring,1213,0.0,523,27.72944289203395,2014,9
Aweil East,2014-09-29,unusual,43,0.0,33,1.7493699410285182,2014,9
Aweil East,2014-10-06,recurring,2535,0.0,1232,65.3219262361403,2014,10
Aweil East,2014-10-06,unusual,430,0.0,335,17.759771459381387,2014,10
Aweil East,2014-10-13,recurring,3731,0.0,1739,92.20185748956393,2014,10
Aweil East,2014-10-13,unusual,1823,0.0,1757,93.14820371646364,2014,10
Aweil East,2014-10-20,recurring,2760,0.0,1374,72.84891079447338,2014,10
Aweil East,2014-10-20,unusual,603,0.0,554,29.370272430483304,2014,10
Aweil East,2014-10-27,recurring,1212,0.0,751,39.81732232039939,2014,10
Aweil East,2014-10-27,unusual,77,0.0,75,3.9761336007102734,2014,10
Aweil East,2014-11-03,recurring,2206,0.0,751,39.81681676242293,2014,11
Aweil East,2014-11-03,unusual,551,0.0,424,22.47811746667852,2014,11
Aweil East,2014-11-10,recurring,1258,0.0,531,28.152918519091703,2014,11
Aweil East,2014-11-10,unusual,79,0.0,62,3.2866206805827782,2014,11
Aweil East,2014-11-17,recurring,809,0.0,424,22.48023963893582,2014,11
Aweil East,2014-11-17,unusual,36,0.0,30,1.5900608000853087,2014,11
Aweil East,2014-11-24,recurring,862,0.0,328,17.390057533101533,2014,11
Aweil East,2014-11-24,unusual,89,0.0,66,3.4983406235708188,2014,11
Aweil East,2014-12-01,recurring,197,0.0,81,4.294545638703276,2014,12
Aweil East,2014-12-01,unusual,73,0.0,47,2.4908243645889256,2014,12
Aweil East,2014-12-08,recurring,8,0.0,8,0.42412079823349047,2014,12
Aweil East,2014-12-15,recurring,4,0.0,4,0.21205722083833825,2014,12
Aweil East,2014-12-15,unusual,1,0.0,1,0.05293110315115693,2014,12
Aweil East,2014-12-22,recurring,1,0.0,1,0.05301415381253096,2014,12
Aweil East,2014-12-29,unusual,5,0.0,2,0.10586798806864595,2014,12
Aweil East,2015-08-24,unusual,1,0.0,1,0.052986917810977946,2015,8
Aweil East,2015-09-14,recurring,139,0.0,87,4.612636983012655,2015,9
Aweil East,2015-09-14,unusual,145,0.0,106,5.620207042054202,2015,9
Aweil East,2015-09-21,recurring,89,0.0,70,3.7110758304284612,2015,9
Aweil East,2015-09-21,unusual,50,0.0,48,2.544824100038066,2015,9
Aweil East,2015-09-28,recurring,236,0.0,154,8.164293354045098,2015,9
Aweil East,2015-09-28,unusual,162,0.0,136,7.210171787569745,2015,9
Aweil East,2015-10-05,recurring,8,0.0,8,0.42415687903722377,2015,10
Aweil East,2015-11-09,recurring,74,0.0,73,3.870075718166028,2015,11
Aweil East,2015-11-09,unusual,155,0.0,150,7.954017547095493,2015,11
Aweil East,2015-11-16,recurring,54,0.0,52,2.7567913997700884,2015,11
Aweil East,2015-11-16,unusual,35,0.0,31,1.6436161667498528,2015,11
Aweil East,2015-11-23,recurring,109,0.0,71,3.7640848415296997,2015,11
Aweil East,2015-11-23,unusual,63,0.0,57,3.0220984099319446,2015,11
Aweil East,2015-11-30,recurring,55,0.0,55,2.915805223141181,2015,11
Aweil East,2015-11-30,unusual,34,0.0,34,1.8026638801143837,2015,11
Aweil East,2016-01-04,unusual,6,0.0,3,0.15883554815495296,2016,1
Aweil East,2016-07-11,recurring,15,0.0,15,0.7952298670278988,2016,7
Aweil East,2016-07-11,unusual,16,0.0,16,0.8482118988184496,2016,7
Aweil East,2016-07-25,recurring,30,0.0,30,1.5904557979581155,2016,7
Aweil East,2016-07-25,unusual,403,0.0,276,14.629199225360113,2016,7
Aweil East,2016-08-01,unusual,1,0.0,1,0.05299983996682081,2016,8
Aweil East,2016-08-08,unusual,1,0.0,1,0.05299983996682081,2016,8
Aweil East,2016-08-15,recurring,3,0.0,3,0.15903700548005986,2016,8
Aweil East,2016-08-22,recurring,493,0.0,252,13.360451186425813,2016,8
Aweil East,2016-08-22,unusual,271,0.0,188,9.965191429776835,2016,8
Aweil East,2016-08-29,recurring,73,0.0,40,2.1208436699788766,2016,8
Aweil East,2016-09-05,recurring,6,0.0,6,0.3180949123197077,2016,9
Aweil East,2016-09-12,recurring,34,0.0,26,1.3785972671374236,2016,9
Aweil East,2016-09-19,recurring,139,0.0,103,5.460887477094678,2016,9
Aweil East,2016-09-26,recurring,3,0.0,3,0.15904427539398874,2016,9
Aweil East,2016-10-10,recurring,2,0.0,2,0.10603193988364452,2016,10
Aweil East,2016-10-17,recurring,2,0.0,2,0.10603193988364452,2016,10
Aweil East,2016-10-24,recurring,3,0.0,3,0.15904760738172483,2016,10
Aweil East,2016-11-07,unusual,1,0.0,1,0.05301172838180079,2016,11
Aweil East,2016-12-05,unusual,4,0.0,4,0.21183682343410187,2016,12
Aweil East,2016-12-12,unusual,1,0.0,1,0.052947410281776235,2016,12
Aweil East,2017-09-25,recurring,42,0.0,42,2.2266416885296163,2017,9
Aweil East,2017-09-25,unusual,1,0.0,1,0.05301536484574957,2017,9
Aweil East,2017-10-02,recurring,34,0.0,34,1.802107973245536,2017,10
Aweil East,2017-10-02,unusual,54,0.0,54,2.8619460896527906,2017,10
Aweil East,2017-10-16,recurring,105,0.0,68,3.604728023061618,2017,10
Aweil East,2017-10-16,unusual,60,0.0,37,1.9609254123069602,2017,10
Aweil East,2017-10-30,recurring,18,0.0,11,0.5829586299468893,2017,10
Aweil East,2017-10-30,unusual,61,0.0,48,2.5438131289919648,2017,10
Aweil East,2017-11-06,recurring,19,0.0,15,0.7950472338256875,2017,11
Aweil East,2017-11-06,unusual,44,0.0,27,1.4312646932665776,2017,11
Aweil East,2017-11-13,unusual,7,0.0,7,0.37060321439714705,2017,11
Aweil East,2017-11-20,recurring,4,0.0,4,0.21203383208465718,2017,11
Aweil East,2017-11-20,unusual,17,0.0,12,0.6357063473564534,2017,11
Aweil East,2017-11-27,recurring,3,0.0,3,0.15908613654837866,2017,11
Aweil East,2017-11-27,unusual,21,0.0,19,1.0067870925641924,2017,11
Aweil East,2017-12-04,recurring,2,0.0,1,0.05302861232705702,2017,12
Aweil East,2017-12-04,unusual,52,0.0,43,2.2799170375891733,2017,12
Aweil East,2017-12-18,unusual,3,0.0,2,0.10606080966029122,2017,12
Aweil East,2017-12-25,unusual,1,0.0,1,0.05303339602899151,2017,12
Aweil East,2018-03-19,unusual,4,0.0,4,0.21210305419445777,2018,3
Aweil East,2018-05-28,unusual,1,0.0,1,0.052941994799602335,2018,5
Aweil East,2018-07-16,unusual,6,0.0,4,0.21208204838383127,2018,7
Aweil East,2018-07-30,recurring,3,0.0,3,0.15904367268259548,2018,7
Aweil East,2018-07-30,unusual,11,0.0,11,0.5831546134988836,2018,7
Aweil East,2018-08-06,recurring,100,0.0,100,5.301610123421138,2018,8
Aweil East,2018-08-06,unusual,239,0.0,234,12.408699311660007,2018,8
Aweil East,2018-08-13,recurring,124,0.0,114,6.043993220258888,2018,8
Aweil East,2018-08-13,unusual,416,0.0,289,15.325267974955882,2018,8
Aweil East,2018-08-27,recurring,18,0.0,18,0.9543360509623634,2018,8
Aweil East,2018-08-27,unusual,5,0.0,5,0.2649847916643162,2018,8
Aweil East,2018-09-10,recurring,327,0.0,161,8.536175569739802,2018,9
Aweil East,2018-09-10,unusual,18,0.0,13,0.6889845296875441,2018,9
Aweil East,2018-09-17,recurring,1298,0.0,545,28.89471658266814,2018,9
Aweil East,2018-09-17,unusual,160,0.0,95,5.03548321688658,2018,9
Aweil East,2018-09-24,recurring,1046,0.0,757,40.136903203609826,2018,9
Aweil East,2018-09-24,unusual,78,0.0,74,3.923190238089391,2018,9
Aweil East,2018-10-01,recurring,582,0.0,304,16.116859831743405,2018,10
Aweil East,2018-10-01,unusual,22,0.0,19,1.0071338697216583,2018,10
Aweil East,2018-10-08,recurring,169,0.0,160,8.483608872374097,2018,10
Aweil East,2018-10-08,unusual,10,0.0,8,0.4241877359343912,2018,10
Aweil East,2018-10-15,recurring,665,0.0,296,15.692853491449748,2018,10
Aweil East,2018-10-15,unusual,42,0.0,39,2.067142766683918,2018,10
Aweil East,2018-10-22,recurring,417,0.0,266,14.102138373371917,2018,10
Aweil East,2018-10-22,unusual,63,0.0,49,2.59686513673292,2018,10
Aweil East,2018-10-29,recurring,4,0.0,2,0.10602891321327633,2018,10
Aweil East,2018-11-05,recurring,41,0.0,41,2.1739569502692127,2018,11
Aweil East,2018-11-05,unusual,21,0.0,13,0.6887698528262919,2018,11
Aweil East,2018-11-12,unusual,5,0.0,3,0.15896415283458232,2018,11
Aweil East,2018-11-19,unusual,5,0.0,4,0.2118519441533358,2018,11
Aweil East,2018-11-26,unusual,15,0.0,15,0.7938330324157312,2018,11
Aweil East,2018-12-03,unusual,1,0.0,1,0.05292142567324145,2018,12
Aweil East,2018-12-10,unusual,33,0.0,20,1.0589017422389075,2018,12
Aweil East,2018-12-17,unusual,6,0.0,5,0.2647268684015048,2018,12
Aweil East,2019-06-03,unusual,49,0.0,38,2.0152257482388647,2019,6
Aweil East,2019-06-10,unusual,786,0.0,309,16.387004128860127,2019,6
Aweil East,2019-06-24,unusual,7,0.0,7,0.3712209305715853,2019,6
Aweil East,2019-07-15,unusual,20,0.0,15,0.7954550036492343,2019,7
Aweil East,2019-08-26,recurring,4,0.0,4,0.21213447875739905,2019,8
Aweil East,2019-08-26,unusual,14,0.0,14,0.7423156443336251,2019,8
Aweil East,2019-09-02,recurring,22,0.0,22,1.1661162314009241,2019,9
Aweil East,2019-09-02,unusual,13,0.0,13,0.689133654779164,2019,9
Aweil East,2019-09-09,recurring,366,0.0,315,16.703942751395523,2019,9
Aweil East,2019-09-09,unusual,116,0.0,115,6.098672698036949,2019,9
Aweil East,2019-09-16,recurring,6,0.0,3,0.15910555571498153,2019,9
Aweil East,2019-09-16,unusual,16,0.0,8,0.4242859508185414,2019,9
Aweil East,2019-09-23,recurring,1508,0.0,653,34.62438183990018,2019,9
Aweil East,2019-09-23,unusual,196,0.0,126,6.68152474340332,2019,9
Aweil East,2019-09-30,recurring,417,0.0,319,16.91397509543838,2019,9
Aweil East,2019-09-30,unusual,50,0.0,50,2.6512811995889782,2019,9
Aweil East,2019-10-07,unusual,3,0.0,3,0.1590034981230016,2019,10
Aweil East,2019-10-14,recurring,8,0.0,8,0.4241826582604016,2019,10
Aweil East,2019-10-21,recurring,117,0.0,117,6.202511195190861,2019,10
Aweil East,2019-10-21,unusual,190,0.0,190,10.067537136797641,2019,10
Aweil East,2019-10-28,recurring,11,0.0,11,0.5831138648265577,2019,10
Aweil East,2019-10-28,unusual,16,0.0,15,0.7941960332729315,2019,10
Aweil East,2019-11-04,recurring,132,0.0,76,4.029653188072654,2019,11
Aweil East,2019-11-04,unusual,94,0.0,52,2.753710877467012,2019,11
Aweil East,2019-11-11,recurring,113,0.0,73,3.870664021074272,2019,11
Aweil East,2019-11-11,unusual,22,0.0,16,0.8478502743116481,2019,11
Aweil East,2019-11-18,recurring,8,0.0,7,0.37114749633908073,2019,11
Aweil East,2019-11-18,unusual,5,0.0,3,0.15901343068074955,2019,11
Aweil East,2019-11-25,recurring,26,0.0,16,0.8480294777826971,2019,11
Aweil East,2019-11-25,unusual,18,0.0,11,0.5829274920488006,2019,11
Aweil East,2019-12-02,recurring,3,0.0,2,0.10599814844660435,2019,12
Aweil East,2019-12-02,unusual,26,0.0,18,0.9537621759197349,2019,12
Aweil East,2019-12-16,unusual,7,0.0,5,0.26512025583793536,2019,12
Aweil East,2019-12-23,unusual,23,0.0,13,0.6893284321778604,2019,12
Aweil East,2019-12-30,unusual,3,0.0,2,0.10597630786333553,2019,12
Aweil East,2020-01-06,unusual,2,0.0,2,0.1060629075517383,2020,1
Aweil East,2020-01-13,unusual,3,0.0,3,0.15909062103072624,2020,1
Aweil East,2020-05-04,unusual,3,0.0,3,0.158831966922668,2020,5
Aweil East,2020-08-31,unusual,6,0.0,3,0.1590494219692124,2020,8
Aweil East,2020-09-07,recurring,56,0.0,56,2.968784145869367,2020,9
Aweil East,2020-09-07,unusual,7,0.0,7,0.3711349388904861,2020,9
Aweil East,2020-09-14,recurring,119,0.0,83,4.400079227449059,2020,9
Aweil East,2020-09-14,unusual,19,0.0,18,0.9541484113280395,2020,9
Aweil East,2020-09-21,recurring,481,0.0,271,14.368328593154365,2020,9
Aweil East,2020-09-21,unusual,86,0.0,61,3.233758063150261,2020,9
Aweil East,2020-09-28,recurring,1032,0.0,654,34.67552454208368,2020,9
Aweil East,2020-09-28,unusual,454,0.0,435,23.061642158713198,2020,9
Aweil East,2020-10-05,recurring,2408,0.0,956,50.6883765180063,2020,10
Aweil East,2020-10-05,unusual,1117,0.0,928,49.20293423110528,2020,10
Aweil East,2020-10-12,recurring,2537,0.0,949,50.31596191567119,2020,10
Aweil East,2020-10-12,unusual,724,0.0,486,25.76501378875396,2020,10
Aweil East,2020-10-19,recurring,956,0.0,446,23.64654301734605,2020,10
Aweil East,2020-10-19,unusual,78,0.0,77,4.081955510218614,2020,10
Aweil East,2020-10-26,recurring,3332,0.0,887,47.027240356656066,2020,10
Aweil East,2020-10-26,unusual,769,0.0,367,19.45610506418227,2020,10
Aweil East,2020-11-02,recurring,4182,0.0,1065,56.46627934116269,2020,11
Aweil East,2020-11-02,unusual,2473,0.0,1422,75.39235324876753,2020,11
Aweil East,2020-11-09,recurring,5672,0.0,1341,71.10056019824708,2020,11
Aweil East,2020-11-09,unusual,6345,0.0,3627,192.30558802316708,2020,11
Aweil East,2020-11-16,recurring,4648,0.0,1096,58.10926284414809,2020,11
Aweil East,2020-11-16,unusual,2443,0.0,1156,61.28623167613768,2020,11
Aweil East,2020-11-23,recurring,2664,0.0,767,40.665009697500494,2020,11
Aweil East,2020-11-23,unusual,722,0.0,462,24.49222672570715,2020,11
Aweil East,2020-11-30,recurring,611,0.0,264,13.997050433452632,2020,11
Aweil East,2020-11-30,unusual,1002,0.0,397,21.047630886498553,2020,11
Aweil East,2020-12-07,recurring,17,0.0,13,0.689208174317424,2020,12
Aweil East,2020-12-07,unusual,63,0.0,48,2.5447655307482058,2020,12
Aweil East,2020-12-14,recurring,1,0.0,1,0.05302861232705702,2020,12
Aweil East,2020-12-14,unusual,7,0.0,7,0.3712089680871459,2020,12
Aweil East,2020-12-21,recurring,1,0.0,1,0.05302861232705702,2020,12
Aweil East,2020-12-21,unusual,27,0.0,22,1.1665642879946714,2020,12
Aweil East,2020-12-28,recurring,2,0.0,1,0.05302861232705702,2020,12
Aweil East,2020-12-28,unusual,97,0.0,61,3.2348007182809466,2020,12
Aweil East,2021-01-04,unusual,65,0.0,34,1.8030344691420215,2021,1
Aweil East,2021-01-11,unusual,8,0.0,5,0.2651484486084272,2021,1
Aweil East,2021-05-10,unusual,2,0.0,1,0.05292207278782882,2021,5
Aweil East,2021-06-28,recurring,18,0.0,9,0.4771388885660014,2021,6
Aweil East,2021-06-28,unusual,26,0.0,13,0.6892072723140195,2021,6
Aweil East,2021-07-12,unusual,1,0.0,1,0.05301959463045899,2021,7
Aweil East,2021-07-19,recurring,58,0.0,29,1.5374452765395534,2021,7
Aweil East,2021-07-19,unusual,172,0.0,82,4.347272191271904,2021,7
Aweil East,2021-07-26,unusual,25,0.0,25,1.325343127196073,2021,7
Aweil East,2021-08-02,recurring,963,0.0,356,18.874939358343173,2021,8
Aweil East,2021-08-02,unusual,590,0.0,257,13.62484570164155,2021,8
Aweil East,2021-08-09,recurring,88,0.0,46,2.438745614213504,2021,8
Aweil East,2021-08-09,unusual,19,0.0,9,0.4771173694773241,2021,8
Aweil East,2021-08-16,recurring,595,0.0,379,20.094698167317894,2021,8
Aweil East,2021-08-16,unusual,169,0.0,147,7.7929747864002445,2021,8
Aweil East,2021-08-23,recurring,2058,0.0,605,32.07851768930019,2021,8
Aweil East,2021-08-23,unusual,1341,0.0,705,37.3801769805148,2021,8
Aweil East,2021-09-06,recurring,266,0.0,166,8.80137131649795,2021,9
Aweil East,2021-09-20,recurring,910,0.0,872,46.2355891460083,2021,9
Aweil East,2021-09-20,unusual,453,0.0,421,22.32358752868073,2021,9
Aweil East,2021-09-27,recurring,2091,0.0,1049,55.62013377055941,2021,9
Aweil East,2021-09-27,unusual,1097,0.0,656,34.781100044398215,2021,9
Aweil East,2021-10-04,recurring,2811,0.0,1187,62.93778544073654,2021,10
Aweil East,2021-10-04,unusual,1976,0.0,1226,65.00768081389278,2021,10
Aweil East,2021-10-11,recurring,2301,0.0,905,47.985752225890614,2021,10
Aweil East,2021-10-11,unusual,1729,0.0,897,47.562129214128674,2021,10
Aweil East,2021-10-18,recurring,2640,0.0,880,46.66054080323974,2021,10
Aweil East,2021-10-18,unusual,1942,0.0,841,44.592523580757884,2021,10
Aweil East,2021-10-25,recurring,1927,0.0,1053,55.8329292522418,2021,10
Aweil East,2021-10-25,unusual,2547,0.0,1712,90.77461326175299,2021,10
Aweil East,2021-11-01,recurring,730,0.0,511,27.093694844736106,2021,11
Aweil East,2021-11-01,unusual,710,0.0,491,26.02997129686979,2021,11
Aweil East,2021-11-08,recurring,1075,0.0,334,17.708540706512732,2021,11
Aweil East,2021-11-08,unusual,1006,0.0,374,19.825902835457242,2021,11
Aweil East,2021-11-15,recurring,692,0.0,186,9.86149648703961,2021,11
Aweil East,2021-11-15,unusual,443,0.0,174,9.2233984635057,2021,11
Aweil East,2021-11-22,recurring,382,0.0,106,5.619789061062605,2021,11
Aweil East,2021-11-22,unusual,163,0.0,69,3.657250173751366,2021,11
Aweil East,2021-11-29,recurring,113,0.0,65,3.446086688492172,2021,11
Aweil East,2021-11-29,unusual,82,0.0,52,2.7563559293293656,2021,11
Aweil East,2021-12-06,recurring,8,0.0,5,0.2650719803076574,2021,12
Aweil East,2021-12-06,unusual,34,0.0,16,0.8479344284023245,2021,12
Aweil East,2021-12-13,unusual,4,0.0,2,0.10598986356177183,2021,12
Aweil East,2021-12-20,unusual,14,0.0,11,0.582941790593958,2021,12
Aweil East,2021-12-27,unusual,3,0.0,3,0.15898479541332067,2021,12
Aweil East,2022-05-30,unusual,2,0.0,2,0.10588526591317536,2022,5
Aweil East,2022-08-01,recurring,68,0.0,32,1.696454722511603,2022,8
Aweil East,2022-08-01,unusual,195,0.0,166,8.79796403102262,2022,8
Aweil East,2022-08-15,recurring,60,0.0,60,3.180894620973872,2022,8
Aweil East,2022-08-15,unusual,100,0.0,100,5.299843999231659,2022,8
Aweil East,2022-08-22,recurring,23,0.0,19,1.007378481396234,2022,8
Aweil East,2022-08-22,unusual,288,0.0,169,8.955803046075179,2022,8
Aweil East,2022-08-29,recurring,65,0.0,28,1.484728243731469,2022,8
Aweil East,2022-09-05,recurring,11,0.0,11,0.583280191806281,2022,9
Aweil East,2022-09-12,recurring,553,0.0,515,27.30813913638768,2022,9
Aweil East,2022-09-12,unusual,48,0.0,46,2.437484101568405,2022,9
Aweil East,2022-09-19,recurring,1025,0.0,419,22.216743871296792,2022,9
Aweil East,2022-09-19,unusual,71,0.0,43,2.2792162531256017,2022,9
Aweil East,2022-09-26,recurring,4293,0.0,1224,64.90045016245944,2022,9
Aweil East,2022-09-26,unusual,1562,0.0,733,38.862040898116476,2022,9
Aweil East,2022-10-03,recurring,1309,0.0,650,34.464669589586755,2022,10
Aweil East,2022-10-03,unusual,359,0.0,184,9.753828754972213,2022,10
Aweil East,2022-10-10,recurring,292,0.0,154,8.165078796205833,2022,10
Aweil East,2022-10-10,unusual,106,0.0,60,3.18100376599839,2022,10
Aweil East,2022-10-24,recurring,1574,0.0,582,30.858273039622745,2022,10
Aweil East,2022-10-24,unusual,1393,0.0,719,38.11673344335615,2022,10
Aweil East,2022-10-31,recurring,1158,0.0,372,19.723750814127317,2022,10
Aweil East,2022-10-31,unusual,702,0.0,367,19.45547144416081,2022,10
Aweil East,2022-11-07,recurring,1091,0.0,679,36.00224534856297,2022,11
Aweil East,2022-11-07,unusual,1062,0.0,831,44.057934405661186,2022,11
Aweil East,2022-11-14,recurring,1903,0.0,781,41.410677107465496,2022,11
Aweil East,2022-11-14,unusual,2440,0.0,1192,63.19649688147841,2022,11
Aweil East,2022-11-21,recurring,1312,0.0,468,24.814254437623607,2022,11
Aweil East,2022-11-21,unusual,1432,0.0,576,30.535934870111586,2022,11
Aweil East,2022-11-28,recurring,228,0.0,93,4.930660534280171,2022,11
Aweil East,2022-11-28,unusual,249,0.0,148,7.846015758054812,2022,11
Aweil East,2022-12-05,recurring,200,0.0,46,2.438762386686038,2022,12
Aweil East,2022-12-05,unusual,355,0.0,128,6.785294191992808,2022,12
Aweil East,2022-12-12,recurring,48,0.0,20,1.0603124246383278,2022,12
Aweil East,2022-12-12,unusual,98,0.0,49,2.5971120814528526,2022,12
Aweil East,2022-12-19,recurring,18,0.0,5,0.2650716774449764,2022,12
Aweil East,2022-12-19,unusual,24,0.0,10,0.5299487031832858,2022,12
Aweil East,2022-12-26,unusual,3,0.0,3,0.15897678803030407,2022,12
Aweil East,2023-01-02,unusual,8,0.0,7,0.3709623713091586,2023,1
Aweil East,2023-01-09,unusual,7,0.0,6,0.3179680540843301,2023,1
Aweil East,2023-01-16,unusual,6,0.0,5,0.26497373707034344,2023,1
Aweil East,2023-07-10,recurring,18,0.0,16,0.8482479552606761,2023,7
Aweil East,2023-07-10,unusual,33,0.0,33,1.7495356434334912,2023,7
Aweil East,2023-07-17,recurring,18,0.0,18,0.9542753551407346,2023,7
Aweil East,2023-07-17,unusual,22,0.0,22,1.1662215783513927,2023,7
Aweil East,2023-07-24,recurring,5,0.0,5,0.2650753102645203,2023,7
Aweil East,2023-07-24,unusual,4,0.0,4,0.21202802147629674,2023,7
Aweil East,2023-08-21,recurring,34,0.0,13,0.6892154721218691,2023,8
Aweil East,2023-08-28,recurring,24,0.0,19,1.0073064526864905,2023,8
Aweil East,2023-08-28,unusual,14,0.0,13,0.689249596646359,2023,8
Aweil East,2023-09-04,recurring,63,0.0,25,1.3253998499924315,2023,9
Aweil East,2023-09-04,unusual,12,0.0,9,0.4770711776536366,2023,9
Aweil East,2023-09-11,recurring,8,0.0,4,0.2119433417448743,2023,9
Aweil East,2023-09-11,unusual,5,0.0,3,0.15896074930093423,2023,9
Aweil East,2023-09-25,recurring,6,0.0,3,0.1589576610341178,2023,9
Aweil East,2023-09-25,unusual,5,0.0,5,0.2649596140587924,2023,9
Aweil East,2023-10-02,recurring,12,0.0,4,0.21194365119579844,2023,10
Aweil East,2023-10-02,unusual,5,0.0,2,0.10597105204215303,2023,10
Aweil East,2023-11-06,recurring,5,0.0,5,0.2650395473412459,2023,11
Aweil East,2023-11-06,unusual,3,0.0,3,0.1588491609467858,2023,11
Aweil East,2023-11-13,recurring,21,0.0,9,0.4771340119129803,2023,11
Aweil East,2023-11-13,unusual,11,0.0,9,0.4770044699617285,2023,11
Aweil East,2023-11-20,recurring,2,0.0,2,0.10602467032003991,2023,11
Aweil East,2023-11-27,recurring,2,0.0,2,0.10601159483968395,2023,11
Aweil East,2023-11-27,unusual,1,0.0,1,0.05300594979784046,2023,11
Aweil East,2023-12-25,unusual,1,0.0,1,0.05303667438601956,2023,12
Aweil East,2024-01-01,unusual,7,0.0,7,0.3712564223312016,2024,1
Aweil East,2024-01-08,unusual,42,0.0,14,0.7425095702982609,2024,1
Aweil East,2024-01-15,unusual,15,0.0,14,0.7425107591116126,2024,1
Aweil East,2024-01-22,unusual,18,0.0,11,0.5834013334042659,2024,1
Aweil East,2024-07-01,unusual,4,0.0,4,0.21201708972854189,2024,7
Aweil East,2024-07-22,unusual,3,0.0,3,0.1589866371920276,2024,7
Aweil East,2024-09-02,recurring,717,0.0,372,19.72481055353181,2024,9
Aweil East,2024-09-02,unusual,9,0.0,4,0.2121225175347743,2024,9
Aweil East,2024-09-09,recurring,370,0.0,216,11.453334323425887,2024,9
Aweil East,2024-09-09,unusual,23,0.0,21,1.113547732952502,2024,9
Aweil East,2024-09-16,recurring,597,0.0,245,12.991298942347287,2024,9
Aweil East,2024-09-16,unusual,16,0.0,16,0.8484200401428965,2024,9
Aweil East,2024-09-23,recurring,1370,0.0,720,38.17647380371817,2024,9
Aweil East,2024-09-23,unusual,142,0.0,88,4.665824143088103,2024,9
Aweil East,2024-09-30,recurring,1055,0.0,620,32.8744398096851,2024,9
Aweil East,2024-09-30,unusual,391,0.0,307,16.278084111829806,2024,9
Aweil East,2024-10-07,recurring,733,0.0,373,19.777316244887817,2024,10
Aweil East,2024-10-07,unusual,317,0.0,184,9.75427670995,2024,10
Aweil East,2024-10-14,recurring,4628,0.0,1043,55.30192859030082,2024,10
Aweil East,2024-10-14,unusual,3687,0.0,1062,56.30098976128876,2024,10
Aweil East,2024-10-21,recurring,2460,0.0,803,42.577356967525176,2024,10
Aweil East,2024-10-21,unusual,1379,0.0,616,32.65701762179879,2024,10
Aweil East,2024-10-28,recurring,2326,0.0,995,52.75825106283618,2024,10
Aweil East,2024-10-28,unusual,1630,0.0,860,45.59304544743135,2024,10
Aweil East,2024-11-04,recurring,4257,0.0,920,48.78075476014988,2024,11
Aweil East,2024-11-04,unusual,3854,0.0,967,51.26573012459439,2024,11
Aweil East,2024-11-11,recurring,3906,0.0,869,46.0767238537345,2024,11
Aweil East,2024-11-11,unusual,2467,0.0,715,37.906524468487376,2024,11
Aweil East,2024-11-18,recurring,3593,0.0,762,40.402806085525874,2024,11
Aweil East,2024-11-18,unusual,2262,0.0,555,29.423262618022815,2024,11
Aweil East,2024-11-25,recurring,3047,0.0,792,41.99338334737127,2024,11
Aweil East,2024-11-25,unusual,2265,0.0,1058,56.09329941786487,2024,11
Aweil East,2024-12-02,recurring,645,0.0,135,7.157840861643308,2024,12
Aweil East,2024-12-02,unusual,2538,0.0,679,35.99881367085019,2024,12
Aweil East,2024-12-09,recurring,203,0.0,68,3.605211744693478,2024,12
Aweil East,2024-12-09,unusual,549,0.0,208,11.027460220560851,2024,12
Aweil East,2024-12-16,recurring,29,0.0,12,0.6362009839088686,2024,12
Aweil East,2024-12-16,unusual,210,0.0,59,3.128298248753817,2024,12
Aweil East,2024-12-23,recurring,10,0.0,4,0.21206869572195705,2024,12
Aweil East,2024-12-23,unusual,261,0.0,67,3.5525252975415222,2024,12
Aweil East,2024-12-30,recurring,2,0.0,1,0.053023510054706596,2024,12
Aweil East,2024-12-30,unusual,252,0.0,65,3.446448252088099,2024,12
Aweil East,2025-01-06,unusual,339,0.0,67,3.552580871370927,2025,1
Aweil East,2025-01-13,unusual,220,0.0,71,3.764668896446244,2025,1
Aweil East,2025-01-20,unusual,202,0.0,66,3.499555858633934,2025,1
Aweil East,2025-01-27,unusual,159,0.0,55,2.916293343554278,2025,1
Aweil East,2025-02-03,unusual,37,0.0,37,1.9618725733014981,2025,2
Aweil East,2025-02-17,unusual,1,0.0,1,0.05302411136549912,2025,2
Aweil East,2025-02-24,unusual,1,0.0,1,0.053022908463474405,2025,2
Aweil East,2025-03-24,unusual,2,0.0,2,0.10585737935441884,2025,3
Aweil East,2025-09-15,recurring,68,0.0,64,3.3934042453259687,2025,9
Aweil East,2025-09-29,recurring,4,0.0,2,0.10603918926091797,2025,9
Aweil East,2025-10-06,recurring,53,0.0,51,2.7041743084687364,2025,10
Aweil East,2025-10-06,unusual,2,0.0,2,0.10605182750600128,2025,10
Aweil East,2025-10-13,recurring,282,0.0,225,11.929277952895035,2025,10
Aweil East,2025-10-13,unusual,11,0.0,11,0.5832406697224405,2025,10
Aweil East,2025-10-20,recurring,100,0.0,100,5.302209813619067,2025,10
Aweil East,2025-10-20,unusual,11,0.0,11,0.5832850506599443,2025,10
Aweil East,2025-10-27,recurring,27,0.0,27,1.4314653561702395,2025,10
Aweil East,2025-10-27,unusual,14,0.0,12,0.6359151924313571,2025,10
Aweil East,2025-11-03,recurring,324,0.0,214,11.346366035975029,2025,11
Aweil East,2025-11-03,unusual,12,0.0,12,0.6361367886387174,2025,11
Aweil East,2025-11-10,recurring,181,0.0,94,4.983860624242436,2025,11
Aweil East,2025-11-10,unusual,5,0.0,4,0.21201696141563464,2025,11
Aweil East,2025-11-17,recurring,25,0.0,17,0.9012986157111073,2025,11
Aweil East,2025-11-17,unusual,8,0.0,8,0.423732024656519,2025,11
Aweil East,2025-11-24,recurring,57,0.0,28,1.4844821087719586,2025,11
Aweil East,2025-11-24,unusual,6,0.0,4,0.21202367066474528,2025,11
Aweil East,2025-12-01,recurring,2,0.0,2,0.10603405123709715,2025,12
Aweil East,2025-12-08,recurring,2,0.0,2,0.10602891321327633,2025,12
Aweil East,2025-12-15,unusual,5,0.0,4,0.21177531370747554,2025,12
Aweil North,2001-08-20,unusual,6,0.0,6,0.31805761407569644,2001,8
Aweil North,2001-10-01,recurring,15,0.0,15,0.7951130060652671,2001,10
Aweil North,2001-10-01,unusual,54,0.0,54,2.862426050679857,2001,10
Aweil North,2003-06-23,unusual,7,0.0,6,0.31804026991021556,2003,6
Aweil North,2003-06-30,unusual,2,0.0,2,0.10601342330340519,2003,6
Aweil North,2003-09-01,recurring,25,0.0,25,1.3252002136833367,2003,9
Aweil North,2003-09-01,unusual,24,0.0,24,1.272232567586231,2003,9
Aweil North,2003-09-08,recurring,6,0.0,6,0.3180484902555809,2003,9
Aweil North,2003-09-08,unusual,2,0.0,2,0.10602193866352377,2003,9
Aweil North,2003-09-15,recurring,75,0.0,44,2.332340676779513,2003,9
Aweil North,2003-09-15,unusual,40,0.0,34,1.80207902370113,2003,9
Aweil North,2003-09-22,recurring,62,0.0,56,2.968433392742424,2003,9
Aweil North,2003-09-22,unusual,49,0.0,47,2.491284347776037,2003,9
Aweil North,2003-10-06,recurring,3,0.0,2,0.10601646770722006,2003,10
Aweil North,2003-10-06,unusual,9,0.0,8,0.424065261947978,2003,10
Aweil North,2003-10-13,unusual,2,0.0,2,0.1060155548411408,2003,10
Aweil North,2003-10-20,recurring,4,0.0,4,0.2120317180733361,2003,10
Aweil North,2003-10-20,unusual,19,0.0,18,0.9541482022858245,2003,10
Aweil North,2003-11-03,unusual,4,0.0,4,0.2118793627194367,2003,11
Aweil North,2003-12-15,unusual,1,0.0,1,0.052948046058711125,2003,12
Aweil North,2004-10-18,unusual,1,0.0,1,0.052956285822209355,2004,10
Aweil North,2004-11-08,unusual,2,0.0,2,0.10586541998022837,2004,11
Aweil North,2005-10-31,unusual,1,0.0,1,0.052965106470980045,2005,10
Aweil North,2005-11-07,unusual,2,0.0,2,0.10588079621855188,2005,11
Aweil North,2005-11-14,unusual,8,0.0,8,0.4236534451039283,2005,11
Aweil North,2006-01-16,unusual,1,0.0,1,0.05297106061926995,2006,1
Aweil North,2006-10-02,recurring,8,0.0,3,0.15894092081030262,2006,10
Aweil North,2006-10-02,unusual,30,0.0,28,1.4839163989560105,2006,10
Aweil North,2006-10-09,recurring,2,0.0,1,0.053008081686187085,2006,10
Aweil North,2006-10-09,unusual,26,0.0,13,0.6890953215776177,2006,10
Aweil North,2006-10-30,unusual,24,0.0,24,1.2710253535820928,2006,10
Aweil North,2006-11-20,unusual,2,0.0,2,0.10594305925656775,2006,11
Aweil North,2006-11-27,unusual,2,0.0,2,0.10594305925656775,2006,11
Aweil North,2007-09-17,recurring,13,0.0,11,0.5829917684183284,2007,9
Aweil North,2007-09-17,unusual,127,0.0,93,4.9282458654889965,2007,9
Aweil North,2007-09-24,recurring,185,0.0,85,4.505307418361875,2007,9
Aweil North,2007-09-24,unusual,373,0.0,202,10.705939696444394,2007,9
Aweil North,2007-10-01,recurring,67,0.0,23,1.2190359175531607,2007,10
Aweil North,2007-10-01,unusual,283,0.0,198,10.49506319576098,2007,10
Aweil North,2007-10-08,recurring,87,0.0,23,1.2190359175531607,2007,10
Aweil North,2007-10-08,unusual,389,0.0,183,9.700182334177759,2007,10
Aweil North,2007-10-15,recurring,15,0.0,15,0.7950859435798018,2007,10
Aweil North,2007-10-15,unusual,56,0.0,55,2.915367646117798,2007,10
Aweil North,2007-10-29,unusual,2,0.0,2,0.10595117521819841,2007,10
Aweil North,2008-08-25,recurring,2,0.0,1,0.053007168539872966,2008,8
Aweil North,2008-08-25,unusual,12,0.0,9,0.4770423657787704,2008,8
Aweil North,2008-09-08,recurring,172,0.0,56,2.968152841124711,2008,9
Aweil North,2008-09-08,unusual,134,0.0,79,4.185919154130211,2008,9
Aweil North,2008-09-15,recurring,60,0.0,34,1.802194701039855,2008,9
Aweil North,2008-09-15,unusual,6,0.0,3,0.15902120044374074,2008,9
Aweil North,2008-09-22,recurring,186,0.0,75,3.9754580511011213,2008,9
Aweil North,2008-09-22,unusual,205,0.0,152,8.056634500446489,2008,9
Aweil North,2008-09-29,recurring,137,0.0,56,2.9682528113720856,2008,9
Aweil North,2008-09-29,unusual,207,0.0,108,5.724198003290351,2008,9
Aweil North,2008-10-06,recurring,3,0.0,3,0.1590205917738851,2008,10
Aweil North,2008-10-06,unusual,9,0.0,9,0.477031026481671,2008,10
Aweil North,2008-10-13,recurring,24,0.0,12,0.6360887610083035,2008,10
Aweil North,2008-10-13,unusual,11,0.0,8,0.4240293390592267,2008,10
Aweil North,2008-10-20,recurring,49,0.0,20,1.0600396542214152,2008,10
Aweil North,2008-10-20,unusual,82,0.0,48,2.54393733266257,2008,10
Aweil North,2008-10-27,recurring,22,0.0,9,0.4769562541693203,2008,10
Aweil North,2008-10-27,unusual,155,0.0,92,4.875237271694936,2008,10
Aweil North,2008-11-03,recurring,2,0.0,1,0.052980410460080285,2008,11
Aweil North,2008-11-03,unusual,177,0.0,112,5.935107158704094,2008,11
Aweil North,2008-11-10,unusual,13,0.0,12,0.6360349101728066,2008,11
Aweil North,2009-01-19,unusual,8,0.0,7,0.37087280757257485,2009,1
Aweil North,2009-09-28,recurring,1,0.0,1,0.052980410460080285,2009,9
Aweil North,2009-10-19,unusual,1,0.0,1,0.053008081686187085,2009,10
Aweil North,2009-10-26,unusual,6,0.0,6,0.31759593843720446,2009,10
Aweil North,2010-04-26,unusual,2,0.0,1,0.05292239631419467,2010,4
Aweil North,2010-09-27,recurring,95,0.0,71,3.763361934897627,2010,9
Aweil North,2010-09-27,unusual,81,0.0,65,3.4450935390523534,2010,9
Aweil North,2010-10-04,recurring,34,0.0,22,1.1660555070930805,2010,10
Aweil North,2010-10-04,unusual,197,0.0,154,8.161393433496713,2010,10
Aweil North,2010-10-11,recurring,90,0.0,23,1.2190359175531607,2010,10
Aweil North,2010-10-11,unusual,681,0.0,295,15.635630324686618,2010,10
Aweil North,2010-10-18,recurring,81,0.0,18,0.9541357293769288,2010,10
Aweil North,2010-10-18,unusual,648,0.0,281,14.894731401082746,2010,10
Aweil North,2010-10-25,recurring,61,0.0,18,0.9541357293769288,2010,10
Aweil North,2010-10-25,unusual,210,0.0,133,7.049966582959337,2010,10
Aweil North,2010-11-01,unusual,8,0.0,8,0.42405491153581304,2010,11
Aweil North,2010-11-15,unusual,2,0.0,1,0.05299983996682081,2010,11
Aweil North,2011-09-12,unusual,4,0.0,3,0.15897746844421468,2011,9
Aweil North,2012-09-17,unusual,2,0.0,2,0.10602467032003991,2012,9
Aweil North,2012-12-24,unusual,1,0.0,1,0.052954388572403956,2012,12
Aweil North,2012-12-31,unusual,1,0.0,1,0.052954388572403956,2012,12
Aweil North,2013-03-11,unusual,3,0.0,3,0.15879170142495938,2013,3
Aweil North,2013-09-16,unusual,8,0.0,8,0.42385942307552466,2013,9
Aweil North,2013-10-07,recurring,1,0.0,1,0.0530077774205704,2013,10
Aweil North,2013-10-07,unusual,1,0.0,1,0.053008081686187085,2013,10
Aweil North,2013-10-14,recurring,1,0.0,1,0.0530077774205704,2013,10
Aweil North,2013-10-14,unusual,15,0.0,15,0.7951175730566042,2013,10
Aweil North,2013-11-04,unusual,2,0.0,1,0.05296133297669404,2013,11
Aweil North,2013-11-25,unusual,2,0.0,2,0.10589926869766582,2013,11
Aweil North,2014-09-29,unusual,2,0.0,2,0.10596361458874586,2014,9
Aweil North,2014-10-06,recurring,8,0.0,5,0.26501273685360316,2014,10
Aweil North,2014-10-06,unusual,42,0.0,24,1.271888819288783,2014,10
Aweil North,2014-10-13,recurring,7,0.0,7,0.37105139656085107,2014,10
Aweil North,2014-10-13,unusual,20,0.0,16,0.8480503583242887,2014,10
Aweil North,2014-10-20,unusual,1,0.0,1,0.05298258305683034,2014,10
Aweil North,2014-11-17,unusual,35,0.0,35,1.8514180497399129,2014,11
Aweil North,2014-11-24,unusual,2,0.0,2,0.10584188021564099,2014,11
Aweil North,2014-12-01,unusual,5,0.0,5,0.26458573832283283,2014,12
Aweil North,2015-11-09,unusual,4,0.0,4,0.21188048186757535,2015,11
Aweil North,2017-11-13,unusual,3,0.0,2,0.10583101495658523,2017,11
Aweil North,2018-08-27,recurring,15,0.0,15,0.7951157469735479,2018,8
Aweil North,2018-08-27,unusual,5,0.0,5,0.26504709918028546,2018,8
Aweil North,2018-09-10,recurring,21,0.0,21,1.1131335215314526,2018,9
Aweil North,2018-09-10,unusual,13,0.0,12,0.6360269887206678,2018,9
Aweil North,2018-09-17,recurring,15,0.0,7,0.371027725274481,2018,9
Aweil North,2018-09-17,unusual,10,0.0,9,0.4768218267984196,2018,9
Aweil North,2018-09-24,recurring,56,0.0,56,2.9684358302278,2018,9
Aweil North,2018-09-24,unusual,33,0.0,29,1.5370932021589399,2018,9
Aweil North,2018-10-22,unusual,1,0.0,1,0.052999533669429735,2018,10
Aweil North,2019-06-03,unusual,4,0.0,4,0.21203871336849675,2019,6
Aweil North,2019-06-10,unusual,138,0.0,138,7.315054714138193,2019,6
Aweil North,2019-06-17,unusual,4,0.0,4,0.2120176721899869,2019,6
Aweil North,2019-07-15,unusual,3,0.0,3,0.15885175903491586,2019,7
Aweil North,2019-11-18,unusual,1,0.0,1,0.052927884371993146,2019,11
Aweil North,2019-12-23,unusual,1,0.0,1,0.05292142567324145,2019,12
Aweil North,2020-02-03,unusual,2,0.0,2,0.10596578613284352,2020,2
Aweil North,2020-04-20,unusual,4,0.0,2,0.10583182765142378,2020,4
Aweil North,2020-05-04,unusual,4,0.0,2,0.10587695971771323,2020,5
Aweil North,2020-09-14,recurring,3,0.0,3,0.15894557657374098,2020,9
Aweil North,2020-09-14,unusual,1,0.0,1,0.05300534007615172,2020,9
Aweil North,2020-09-21,recurring,7,0.0,5,0.2649060869239633,2020,9
Aweil North,2020-09-21,unusual,13,0.0,11,0.5827906979056375,2020,9
Aweil North,2020-09-28,recurring,58,0.0,50,2.65016278866154,2020,9
Aweil North,2020-09-28,unusual,364,0.0,325,17.223296861547166,2020,9
Aweil North,2020-10-05,recurring,99,0.0,22,1.1660558176630187,2020,10
Aweil North,2020-10-05,unusual,976,0.0,442,23.42480869968448,2020,10
Aweil North,2020-10-12,recurring,102,0.0,23,1.2190359175531607,2020,10
Aweil North,2020-10-12,unusual,1163,0.0,415,21.994199305812298,2020,10
Aweil North,2020-10-19,recurring,54,0.0,20,1.0600965502970894,2020,10
Aweil North,2020-10-19,unusual,312,0.0,230,12.191536938300944,2020,10
Aweil North,2020-10-26,recurring,48,0.0,20,1.060068872766661,2020,10
Aweil North,2020-10-26,unusual,184,0.0,88,4.664525235583469,2020,10
Aweil North,2020-11-02,unusual,27,0.0,24,1.2721750836895844,2020,11
Aweil North,2020-11-09,unusual,5,0.0,5,0.26501416285784113,2020,11
Aweil North,2020-11-30,unusual,14,0.0,14,0.7409944205757137,2020,11
Aweil North,2021-08-02,unusual,19,0.0,10,0.529841918754926,2021,8
Aweil North,2021-08-09,unusual,23,0.0,15,0.794839928908593,2021,8
Aweil North,2021-08-23,unusual,65,0.0,46,2.437391179057754,2021,8
Aweil North,2021-09-06,recurring,4,0.0,2,0.10601372784925674,2021,9
Aweil North,2021-09-06,unusual,2,0.0,1,0.053006254623435285,2021,9
Aweil North,2021-09-20,recurring,5,0.0,5,0.2649032892647862,2021,9
Aweil North,2021-09-20,unusual,10,0.0,10,0.5298239649670532,2021,9
Aweil North,2021-09-27,recurring,2,0.0,2,0.10595957793586747,2021,9
Aweil North,2021-09-27,unusual,3,0.0,3,0.1589489721903141,2021,9
Aweil North,2021-10-04,recurring,10,0.0,7,0.3709151340673231,2021,10
Aweil North,2021-10-04,unusual,40,0.0,33,1.748611368136622,2021,10
Aweil North,2021-10-11,unusual,4,0.0,2,0.1059654761232521,2021,10
Aweil North,2021-11-08,unusual,8,0.0,8,0.4236244749162375,2021,11
Aweil North,2021-11-15,unusual,20,0.0,15,0.794071984992532,2021,11
Aweil North,2021-11-22,unusual,10,0.0,9,0.4765510933403278,2021,11
Aweil North,2022-08-22,recurring,2,0.0,2,0.1060155548411408,2022,8
Aweil North,2022-08-22,unusual,118,0.0,109,5.777583250676762,2022,8
Aweil North,2022-08-29,unusual,80,0.0,40,2.11956370280354,2022,8
Aweil North,2022-09-05,recurring,33,0.0,30,1.590123447953328,2022,9
Aweil North,2022-09-05,unusual,103,0.0,101,5.3521288807671485,2022,9
Aweil North,2022-09-12,recurring,154,0.0,50,2.6502537640486925,2022,9
Aweil North,2022-09-12,unusual,279,0.0,154,8.162448317300989,2022,9
Aweil North,2022-09-19,recurring,16,0.0,12,0.6359294032604247,2022,9
Aweil North,2022-09-19,unusual,455,0.0,220,11.65733836297172,2022,9
Aweil North,2022-09-26,recurring,90,0.0,32,1.6960210244300764,2022,9
Aweil North,2022-09-26,unusual,910,0.0,429,22.730817668992273,2022,9
Aweil North,2022-10-03,recurring,7,0.0,4,0.21200036827058955,2022,10
Aweil North,2022-10-03,unusual,211,0.0,137,7.2591912587860765,2022,10
Aweil North,2022-10-10,recurring,1,0.0,1,0.052979167475787174,2022,10
Aweil North,2022-10-10,unusual,336,0.0,145,7.683309182591688,2022,10
Aweil North,2022-10-17,unusual,6,0.0,6,0.3179047967700233,2022,10
Aweil North,2022-10-24,recurring,14,0.0,5,0.26490018817623184,2022,10
Aweil North,2022-10-24,unusual,1151,0.0,804,42.58174314828627,2022,10
Aweil North,2022-10-31,recurring,4,0.0,4,0.2119200882860898,2022,10
Aweil North,2022-10-31,unusual,238,0.0,139,7.359203370923449,2022,10
Aweil North,2022-11-07,unusual,41,0.0,31,1.6409322382196727,2022,11
Aweil North,2022-11-14,unusual,1,0.0,1,0.052932709990114186,2022,11
Aweil North,2024-09-02,recurring,46,0.0,29,1.537172824438916,2024,9
Aweil North,2024-09-02,unusual,15,0.0,7,0.37103172962878717,2024,9
Aweil North,2024-09-09,recurring,6,0.0,3,0.15895704213226952,2024,9
Aweil North,2024-09-09,unusual,10,0.0,5,0.26492685665698257,2024,9
Aweil North,2024-09-16,recurring,6,0.0,4,0.21192876171906572,2024,9
Aweil North,2024-09-16,unusual,89,0.0,68,3.602674513636177,2024,9
Aweil North,2024-09-23,recurring,30,0.0,16,0.8480225137950662,2024,9
Aweil North,2024-09-23,unusual,28,0.0,17,0.9008905288698038,2024,9
Aweil North,2024-09-30,recurring,14,0.0,14,0.7421018798351683,2024,9
Aweil North,2024-09-30,unusual,18,0.0,18,0.9537529208764234,2024,9
Aweil North,2024-10-07,unusual,8,0.0,3,0.15891724512660893,2024,10
Aweil North,2024-10-14,unusual,36,0.0,27,1.4306476457610922,2024,10
Aweil North,2024-10-21,recurring,7,0.0,6,0.31798948870581495,2024,10
Aweil North,2024-10-21,unusual,158,0.0,81,4.291791767210361,2024,10
Aweil North,2024-10-28,recurring,2,0.0,1,0.05300747294554564,2024,10
Aweil North,2024-10-28,unusual,327,0.0,149,7.8954845476342586,2024,10
Aweil North,2024-11-04,recurring,3,0.0,1,0.052980410460080285,2024,11
Aweil North,2024-11-04,unusual,187,0.0,92,4.874852202904613,2024,11
Aweil North,2024-11-11,unusual,24,0.0,14,0.7421088788458063,2024,11
Aweil North,2025-09-29,recurring,2,0.0,1,0.05298258305683034,2025,9
Aweil North,2025-10-06,unusual,10,0.0,6,0.3179326283027964,2025,10
Aweil North,2025-10-13,unusual,364,0.0,276,14.625245861111175,2025,10
Aweil North,2025-10-20,unusual,117,0.0,106,5.617046023822956,2025,10
Aweil North,2025-10-27,recurring,10,0.0,10,0.5300744239270828,2025,10
Aweil North,2025-10-27,unusual,30,0.0,30,1.5899224948315536,2025,10
Aweil North,2025-11-03,unusual,38,0.0,37,1.9611548326052275,2025,11
Aweil North,2025-11-10,unusual,9,0.0,9,0.4763882852277924,2025,11
Aweil South,2000-11-20,unusual,5,0.0,5,0.26521069560812843,2000,11
Aweil South,2001-10-01,recurring,4,0.0,4,0.21226435280468947,2001,10
Aweil South,2001-10-01,unusual,3,0.0,3,0.15919797402410202,2001,10
Aweil South,2001-10-08,recurring,375,0.0,121,6.415372730065611,2001,10
Aweil South,2001-10-22,recurring,276,0.0,222,11.770528367450034,2001,10
Aweil South,2001-10-22,unusual,3,0.0,3,0.15906149641142875,2001,10
Aweil South,2001-10-29,recurring,59,0.0,59,3.1281575863846984,2001,10
Aweil South,2001-11-05,recurring,339,0.0,159,8.4304310143315,2001,11
Aweil South,2001-11-05,unusual,4,0.0,4,0.21221908669356146,2001,11
Aweil South,2001-11-12,recurring,386,0.0,168,8.9076079672381,2001,11
Aweil South,2001-11-12,unusual,3,0.0,3,0.159197683366036,2001,11
Aweil South,2001-11-19,recurring,330,0.0,112,5.938239122514648,2001,11
Aweil South,2001-11-26,recurring,306,0.0,102,5.408086520531106,2001,11
Aweil South,2001-12-03,recurring,260,0.0,93,4.930826503903966,2001,12
Aweil South,2001-12-10,recurring,33,0.0,17,0.9013291871127811,2001,12
Aweil South,2002-07-22,unusual,4,0.0,4,0.21213537199294696,2002,7
Aweil South,2002-11-04,unusual,1,0.0,1,0.053029211391300825,2002,11
Aweil South,2002-11-11,unusual,1,0.0,1,0.053029211391300825,2002,11
Aweil South,2002-11-18,unusual,2,0.0,2,0.10605872207252379,2002,11
Aweil South,2002-11-25,unusual,2,0.0,2,0.10605902136244591,2002,11
Aweil South,2003-08-25,unusual,12,0.0,12,0.6363241646473771,2003,8
Aweil South,2003-09-01,recurring,7,0.0,7,0.3711921944925662,2003,9
Aweil South,2003-09-01,unusual,21,0.0,21,1.1135480836421499,2003,9
Aweil South,2003-09-08,recurring,225,0.0,109,5.779143326694935,2003,9
Aweil South,2003-09-15,recurring,808,0.0,334,17.708842222610752,2003,9
Aweil South,2003-09-15,unusual,35,0.0,33,1.7497086634141927,2003,9
Aweil South,2003-09-22,recurring,665,0.0,273,14.474546909302951,2003,9
Aweil South,2003-09-22,unusual,3,0.0,3,0.1590672194131962,2003,9
Aweil South,2003-09-29,recurring,1201,0.0,345,18.29257799109865,2003,9
Aweil South,2003-09-29,unusual,16,0.0,15,0.7953792919268984,2003,9
Aweil South,2003-10-13,recurring,1044,0.0,287,15.217768496472871,2003,10
Aweil South,2003-10-13,unusual,7,0.0,6,0.3182641660314799,2003,10
Aweil South,2003-10-20,recurring,1686,0.0,403,21.369699166009905,2003,10
Aweil South,2003-10-20,unusual,40,0.0,33,1.750692379135194,2003,10
Aweil South,2003-10-27,recurring,1251,0.0,333,17.6577748468417,2003,10
Aweil South,2003-10-27,unusual,23,0.0,13,0.6897306291947476,2003,10
Aweil South,2003-11-03,recurring,358,0.0,148,7.846985223811115,2003,11
Aweil South,2003-11-10,recurring,911,0.0,321,17.02194367459636,2003,11
Aweil South,2003-11-10,unusual,118,0.0,66,3.5012537623426176,2003,11
Aweil South,2003-11-17,recurring,875,0.0,278,14.7418777055413,2003,11
Aweil South,2003-11-17,unusual,83,0.0,45,2.3872159400045003,2003,11
Aweil South,2003-11-24,recurring,793,0.0,211,11.188798468507613,2003,11
Aweil South,2003-11-24,unusual,63,0.0,39,2.0687287912040375,2003,11
Aweil South,2003-12-01,recurring,371,0.0,132,6.999649027899361,2003,12
Aweil South,2003-12-01,unusual,53,0.0,28,1.485199198819676,2003,12
Aweil South,2003-12-08,recurring,77,0.0,53,2.810375142646548,2003,12
Aweil South,2003-12-08,unusual,17,0.0,13,0.6896439186105191,2003,12
Aweil South,2003-12-15,recurring,22,0.0,16,0.8484085617025359,2003,12
Aweil South,2003-12-15,unusual,13,0.0,9,0.47739584883719377,2003,12
Aweil South,2003-12-29,recurring,2,0.0,2,0.10605542695797585,2003,12
Aweil South,2004-09-27,recurring,11,0.0,6,0.3181629825372318,2004,9
Aweil South,2004-09-27,unusual,28,0.0,18,0.9544439097485578,2004,9
Aweil South,2005-09-19,recurring,166,0.0,72,3.820460842675249,2005,9
Aweil South,2005-09-19,unusual,222,0.0,129,6.8446433332712715,2005,9
Aweil South,2005-09-26,recurring,263,0.0,114,6.049061515027063,2005,9
Aweil South,2005-09-26,unusual,403,0.0,195,10.345698158974292,2005,9
Aweil South,2005-10-03,recurring,295,0.0,126,6.6858041623816655,2005,10
Aweil South,2005-10-03,unusual,509,0.0,246,13.052037728316478,2005,10
Aweil South,2005-10-10,recurring,232,0.0,144,7.640691452139668,2005,10
Aweil South,2005-10-10,unusual,653,0.0,526,27.90687687397805,2005,10
Aweil South,2005-10-17,recurring,165,0.0,65,3.4488668988109676,2005,10
Aweil South,2005-10-17,unusual,94,0.0,49,2.5996360644822634,2005,10
Aweil South,2005-10-24,recurring,244,0.0,149,7.9029335175849615,2005,10
Aweil South,2005-10-24,unusual,139,0.0,109,5.782805926876467,2005,10
Aweil South,2005-10-31,recurring,396,0.0,186,9.864503888195598,2005,10
Aweil South,2005-10-31,unusual,118,0.0,92,4.880994892692726,2005,10
Aweil South,2005-11-07,recurring,449,0.0,158,8.381189456623966,2005,11
Aweil South,2005-11-07,unusual,226,0.0,128,6.7911325769598605,2005,11
Aweil South,2005-11-14,recurring,291,0.0,104,5.518024160585829,2005,11
Aweil South,2005-11-14,unusual,237,0.0,133,7.056335740098499,2005,11
Aweil South,2005-11-21,recurring,197,0.0,61,3.2365678838123677,2005,11
Aweil South,2005-11-21,unusual,95,0.0,48,2.5465157739895092,2005,11
Aweil South,2005-11-28,recurring,111,0.0,46,2.440654170264022,2005,11
Aweil South,2005-11-28,unusual,49,0.0,37,1.9629618364179824,2005,11
Aweil South,2005-12-05,recurring,26,0.0,23,1.220385574114288,2005,12
Aweil South,2005-12-05,unusual,27,0.0,13,0.6896759559523349,2005,12
Aweil South,2005-12-12,recurring,9,0.0,6,0.3183676993803831,2005,12
Aweil South,2005-12-12,unusual,2,0.0,2,0.10611818561449494,2005,12
Aweil South,2006-06-26,unusual,4,0.0,4,0.21215324149612197,2006,6
Aweil South,2006-10-02,recurring,80,0.0,64,3.3943076896225572,2006,10
Aweil South,2006-10-02,unusual,15,0.0,15,0.795514070386764,2006,10
Aweil South,2006-10-09,recurring,73,0.0,44,2.3330812776529917,2006,10
Aweil South,2006-10-23,recurring,253,0.0,232,12.302778790957838,2006,10
Aweil South,2006-10-23,unusual,13,0.0,13,0.6894153911645815,2006,10
Aweil South,2006-10-30,recurring,676,0.0,201,10.657011672845313,2006,10
Aweil South,2006-10-30,unusual,4,0.0,3,0.159124491698938,2006,10
Aweil South,2006-11-06,recurring,416,0.0,150,7.953350416606331,2006,11
Aweil South,2006-11-13,recurring,339,0.0,131,6.9457384941364415,2006,11
Aweil South,2006-11-20,recurring,237,0.0,116,6.150473174162293,2006,11
Aweil South,2006-11-20,unusual,12,0.0,12,0.6363753655039007,2006,11
Aweil South,2006-11-27,recurring,18,0.0,16,0.8484666414749098,2006,11
Aweil South,2006-12-04,recurring,4,0.0,4,0.21211145263585193,2006,12
Aweil South,2006-12-04,unusual,1,0.0,1,0.05307967033987564,2006,12
Aweil South,2006-12-18,recurring,12,0.0,10,0.5303741731511943,2006,12
Aweil South,2006-12-18,unusual,19,0.0,19,1.0075412201809362,2006,12
Aweil South,2006-12-25,recurring,9,0.0,9,0.4773246854291011,2006,12
Aweil South,2006-12-25,unusual,20,0.0,20,1.0605677344035331,2006,12
Aweil South,2007-01-01,unusual,7,0.0,7,0.3711966882996763,2007,1
Aweil South,2007-01-08,unusual,12,0.0,12,0.63632986051847,2007,1
Aweil South,2007-03-26,unusual,2,0.0,1,0.053036971923419045,2007,3
Aweil South,2007-09-17,recurring,44,0.0,44,2.3349308173396386,2007,9
Aweil South,2007-09-17,unusual,20,0.0,20,1.0614590789058886,2007,9
Aweil South,2007-09-24,recurring,237,0.0,113,5.993716962598608,2007,9
Aweil South,2007-09-24,unusual,28,0.0,28,1.485983032030578,2007,9
Aweil South,2007-10-01,recurring,144,0.0,125,6.629642720409012,2007,10
Aweil South,2007-10-01,unusual,17,0.0,17,0.9023402417337966,2007,10
Aweil South,2007-10-08,recurring,519,0.0,231,12.252266715390386,2007,10
Aweil South,2007-10-08,unusual,55,0.0,55,2.918288317236769,2007,10
Aweil South,2007-10-15,recurring,500,0.0,137,7.263987904394387,2007,10
Aweil South,2007-10-15,unusual,5,0.0,3,0.15919081204831473,2007,10
Aweil South,2007-10-22,recurring,926,0.0,362,19.19522218846048,2007,10
Aweil South,2007-10-22,unusual,204,0.0,155,8.219180688229295,2007,10
Aweil South,2007-10-29,recurring,1186,0.0,393,20.83941435959896,2007,10
Aweil South,2007-10-29,unusual,124,0.0,113,5.993112498630841,2007,10
Aweil South,2007-11-05,recurring,827,0.0,193,10.233097628677315,2007,11
Aweil South,2007-11-12,recurring,777,0.0,244,12.937367232818902,2007,11
Aweil South,2007-11-12,unusual,4,0.0,3,0.15917471916656012,2007,11
Aweil South,2007-11-26,recurring,114,0.0,73,3.8710206855994143,2007,11
Aweil South,2007-11-26,unusual,4,0.0,4,0.2123244246888041,2007,11
Aweil South,2007-12-03,recurring,52,0.0,41,2.1741566217916746,2007,12
Aweil South,2007-12-03,unusual,2,0.0,2,0.10616221234440205,2007,12
Aweil South,2007-12-10,recurring,10,0.0,10,0.5304759274861737,2007,12
Aweil South,2007-12-10,unusual,3,0.0,3,0.15909002581927129,2007,12
Aweil South,2007-12-17,recurring,5,0.0,3,0.15915465275399826,2007,12
Aweil South,2007-12-24,recurring,3,0.0,3,0.15908284058927555,2007,12
Aweil South,2007-12-31,unusual,1,0.0,1,0.05302771347898792,2007,12
Aweil South,2008-01-07,unusual,1,0.0,1,0.05302771347898792,2008,1
Aweil South,2008-07-21,unusual,13,0.0,13,0.6893497778514265,2008,7
Aweil South,2008-08-04,unusual,42,0.0,34,1.8030122930759729,2008,8
Aweil South,2008-08-11,recurring,1,0.0,1,0.05301989630125087,2008,8
Aweil South,2008-08-11,unusual,1,0.0,1,0.05302891189426461,2008,8
Aweil South,2008-08-18,recurring,28,0.0,28,1.484552871772292,2008,8
Aweil South,2008-08-18,unusual,4,0.0,4,0.21208260009895358,2008,8
Aweil South,2008-08-25,recurring,56,0.0,33,1.7496375708045009,2008,8
Aweil South,2008-08-25,unusual,40,0.0,34,1.8031935145489646,2008,8
Aweil South,2008-09-01,recurring,584,0.0,178,9.4381136744418,2008,9
Aweil South,2008-09-01,unusual,43,0.0,29,1.5386926102214542,2008,9
Aweil South,2008-09-08,recurring,318,0.0,258,13.682788230239014,2008,9
Aweil South,2008-09-08,unusual,139,0.0,135,7.163229637396566,2008,9
Aweil South,2008-09-15,recurring,361,0.0,183,9.704074398998857,2008,9
Aweil South,2008-09-15,unusual,60,0.0,43,2.2810428229845217,2008,9
Aweil South,2008-09-22,recurring,474,0.0,391,20.734990969367562,2008,9
Aweil South,2008-09-22,unusual,436,0.0,378,20.054503741993667,2008,9
Aweil South,2008-09-29,recurring,1452,0.0,473,25.08076142925694,2008,9
Aweil South,2008-09-29,unusual,403,0.0,205,10.87064249615322,2008,9
Aweil South,2008-10-06,recurring,755,0.0,646,34.25774525242073,2008,10
Aweil South,2008-10-06,unusual,786,0.0,714,37.86586759208889,2008,10
Aweil South,2008-10-13,recurring,2563,0.0,649,34.414557691047165,2008,10
Aweil South,2008-10-13,unusual,4260,0.0,1297,68.7780200287303,2008,10
Aweil South,2008-10-20,recurring,3674,0.0,735,38.977021355423695,2008,10
Aweil South,2008-10-20,unusual,7271,0.0,2001,106.11224789251015,2008,10
Aweil South,2008-10-27,recurring,4386,0.0,766,40.62185391106203,2008,10
Aweil South,2008-10-27,unusual,10212,0.0,2497,132.4246805849927,2008,10
Aweil South,2008-11-03,recurring,3547,0.0,694,36.80255367459937,2008,11
Aweil South,2008-11-03,unusual,8331,0.0,2200,116.67405743317002,2008,11
Aweil South,2008-11-10,recurring,4102,0.0,694,36.802523196065955,2008,11
Aweil South,2008-11-10,unusual,10692,0.0,2273,120.53959753882087,2008,11
Aweil South,2008-11-17,recurring,3265,0.0,662,35.10468914849895,2008,11
Aweil South,2008-11-17,unusual,7966,0.0,1820,96.51366270891057,2008,11
Aweil South,2008-11-24,recurring,3293,0.0,550,29.16278258731961,2008,11
Aweil South,2008-11-24,unusual,6876,0.0,1382,73.28286175273837,2008,11
Aweil South,2008-12-01,recurring,1491,0.0,234,12.407022341964641,2008,12
Aweil South,2008-12-01,unusual,7279,0.0,1459,77.36449190629395,2008,12
Aweil South,2008-12-08,recurring,1384,0.0,223,11.823572604039317,2008,12
Aweil South,2008-12-08,unusual,4848,0.0,1085,57.53244864357881,2008,12
Aweil South,2008-12-15,recurring,980,0.0,188,9.96777293771099,2008,12
Aweil South,2008-12-15,unusual,1315,0.0,424,22.482459642426665,2008,12
Aweil South,2008-12-22,recurring,283,0.0,111,5.8851804107009995,2008,12
Aweil South,2008-12-22,unusual,100,0.0,50,2.651111051824221,2008,12
Aweil South,2008-12-29,recurring,378,0.0,94,4.983846401819937,2008,12
Aweil South,2008-12-29,unusual,266,0.0,83,4.400718567392776,2008,12
Aweil South,2009-01-05,recurring,154,0.0,35,1.8556876201056995,2009,1
Aweil South,2009-01-05,unusual,115,0.0,52,2.757055681366815,2009,1
Aweil South,2009-01-12,recurring,52,0.0,24,1.2724750965982252,2009,1
Aweil South,2009-01-12,unusual,16,0.0,9,0.47718449182358097,2009,1
Aweil South,2009-01-19,recurring,1,0.0,1,0.05301989630125087,2009,1
Aweil South,2009-04-06,unusual,7,0.0,7,0.3712480846079461,2009,4
Aweil South,2009-05-18,unusual,1,0.0,1,0.053052057156465535,2009,5
Aweil South,2009-08-31,unusual,13,0.0,7,0.37120956750843204,2009,8
Aweil South,2009-09-28,unusual,2,0.0,2,0.10610028921020777,2009,9
Aweil South,2009-10-05,unusual,2,0.0,2,0.10609999482781605,2009,10
Aweil South,2009-10-12,unusual,1,0.0,1,0.05304999741390803,2009,10
Aweil South,2010-09-20,recurring,5,0.0,4,0.21228146751374136,2010,9
Aweil South,2010-09-20,unusual,1,0.0,1,0.05308196685565036,2010,9
Aweil South,2010-09-27,recurring,118,0.0,68,3.607688877259961,2010,9
Aweil South,2010-09-27,unusual,34,0.0,32,1.6974349289921655,2010,9
Aweil South,2010-10-04,recurring,58,0.0,48,2.5460083426633333,2010,10
Aweil South,2010-10-04,unusual,12,0.0,12,0.6367310351824506,2010,10
Aweil South,2010-10-11,recurring,1165,0.0,445,23.5995562208868,2010,10
Aweil South,2010-10-11,unusual,416,0.0,289,15.330990545775038,2010,10
Aweil South,2010-10-18,recurring,581,0.0,324,17.180430842519073,2010,10
Aweil South,2010-10-18,unusual,97,0.0,94,4.986244531338462,2010,10
Aweil South,2010-10-25,recurring,819,0.0,349,18.507308694180438,2010,10
Aweil South,2010-10-25,unusual,61,0.0,56,2.9698326348661443,2010,10
Aweil South,2010-11-01,recurring,2309,0.0,517,27.412755795410902,2010,11
Aweil South,2010-11-01,unusual,448,0.0,234,12.40810940823855,2010,11
Aweil South,2010-11-08,recurring,2741,0.0,569,30.170427779638327,2010,11
Aweil South,2010-11-08,unusual,1620,0.0,558,29.58885087851121,2010,11
Aweil South,2010-11-15,recurring,2086,0.0,597,31.655732118567457,2010,11
Aweil South,2010-11-15,unusual,1335,0.0,693,36.74803016692008,2010,11
Aweil South,2010-11-22,recurring,2537,0.0,545,28.898036327942943,2010,11
Aweil South,2010-11-22,unusual,1236,0.0,450,23.86254107016171,2010,11
Aweil South,2010-11-29,recurring,1510,0.0,395,20.944258043365515,2010,11
Aweil South,2010-11-29,unusual,1306,0.0,486,25.77091452546137,2010,11
Aweil South,2010-12-06,recurring,835,0.0,205,10.86947796457298,2010,12
Aweil South,2010-12-06,unusual,267,0.0,177,9.38580852032782,2010,12
Aweil South,2010-12-13,recurring,516,0.0,147,7.794052710798165,2010,12
Aweil South,2010-12-13,unusual,101,0.0,78,4.136208682476743,2010,12
Aweil South,2010-12-20,recurring,15,0.0,13,0.6892565402146964,2010,12
Aweil South,2011-10-17,recurring,9,0.0,7,0.3714864121002812,2011,10
Aweil South,2011-10-31,recurring,35,0.0,23,1.2200938391032061,2011,10
Aweil South,2011-10-31,unusual,9,0.0,8,0.42427499447357275,2011,10
Aweil South,2011-11-07,recurring,103,0.0,64,3.395826246875161,2011,11
Aweil South,2011-11-07,unusual,28,0.0,24,1.2734357687845712,2011,11
Aweil South,2011-11-14,recurring,37,0.0,34,1.8038958426837886,2011,11
Aweil South,2011-11-14,unusual,3,0.0,3,0.15913970561881133,2011,11
Aweil South,2011-11-21,recurring,59,0.0,46,2.440320091809534,2011,11
Aweil South,2011-11-21,unusual,21,0.0,14,0.7425826864428238,2011,11
Aweil South,2011-11-28,recurring,27,0.0,26,1.3792910688017856,2011,11
Aweil South,2011-11-28,unusual,12,0.0,12,0.6364790467375411,2011,11
Aweil South,2011-12-05,recurring,16,0.0,8,0.42422230571052555,2011,12
Aweil South,2011-12-05,unusual,65,0.0,40,2.1212063082108252,2011,12
Aweil South,2011-12-12,recurring,3,0.0,3,0.15908284058927555,2011,12
Aweil South,2011-12-12,unusual,13,0.0,9,0.47731404578499154,2011,12
Aweil South,2011-12-19,recurring,14,0.0,8,0.42422230571052555,2011,12
Aweil South,2011-12-19,unusual,52,0.0,40,2.1215775922340487,2011,12
Aweil South,2011-12-26,recurring,2,0.0,2,0.10605512711028763,2011,12
Aweil South,2011-12-26,unusual,1,0.0,1,0.0530274136312997,2011,12
Aweil South,2012-01-02,unusual,1,0.0,1,0.05305499358764708,2012,1
Aweil South,2012-08-13,unusual,2,0.0,2,0.10607424145035349,2012,8
Aweil South,2012-08-20,unusual,37,0.0,37,1.9625710912184076,2012,8
Aweil South,2012-08-27,unusual,33,0.0,15,0.7956454187987336,2012,8
Aweil South,2012-09-10,unusual,45,0.0,42,2.2278562037843384,2012,9
Aweil South,2012-09-17,recurring,16,0.0,12,0.6362372471910025,2012,9
Aweil South,2012-09-17,unusual,63,0.0,44,2.3337656054121783,2012,9
Aweil South,2012-09-24,recurring,5,0.0,5,0.2650979732203362,2012,9
Aweil South,2012-09-24,unusual,158,0.0,59,3.129536685490602,2012,9
Aweil South,2012-10-01,recurring,1,0.0,1,0.05303309751369897,2012,10
Aweil South,2012-10-01,unusual,415,0.0,187,9.919038137996148,2012,10
Aweil South,2012-10-08,recurring,1,0.0,1,0.05303309751369897,2012,10
Aweil South,2012-10-08,unusual,211,0.0,153,8.115773334167638,2012,10
Aweil South,2012-10-15,unusual,227,0.0,112,5.940966103991759,2012,10
Aweil South,2012-10-22,unusual,27,0.0,15,0.7957038354655486,2012,10
Aweil South,2012-10-29,unusual,142,0.0,115,6.100102452160747,2012,10
Aweil South,2012-11-05,recurring,80,0.0,33,1.751112714407895,2012,11
Aweil South,2012-11-05,unusual,61,0.0,30,1.5916806285212555,2012,11
Aweil South,2012-11-12,recurring,343,0.0,119,6.314604764978501,2012,11
Aweil South,2012-11-12,unusual,343,0.0,176,9.3382312234502,2012,11
Aweil South,2012-11-19,recurring,267,0.0,108,5.730879578518574,2012,11
Aweil South,2012-11-19,unusual,214,0.0,115,6.101607761011336,2012,11
Aweil South,2012-11-26,recurring,112,0.0,64,3.395950919683858,2012,11
Aweil South,2012-11-26,unusual,72,0.0,46,2.440407042199136,2012,11
Aweil South,2012-12-03,recurring,5,0.0,5,0.2652554197614767,2012,12
Aweil South,2012-12-03,unusual,6,0.0,5,0.26519043936211745,2012,12
Aweil South,2012-12-17,recurring,3,0.0,3,0.1590825408086864,2012,12
Aweil South,2012-12-24,recurring,1,0.0,1,0.05302771347898792,2012,12
Aweil South,2013-03-11,unusual,3,0.0,3,0.15911091577025713,2013,3
Aweil South,2013-08-19,unusual,15,0.0,15,0.7954090909352414,2013,8
Aweil South,2013-08-26,recurring,3,0.0,3,0.15906029210523942,2013,8
Aweil South,2013-08-26,unusual,116,0.0,70,3.71179764269661,2013,8
Aweil South,2013-09-02,recurring,25,0.0,20,1.0603946077103334,2013,9
Aweil South,2013-09-09,recurring,13,0.0,9,0.47717936817190426,2013,9
Aweil South,2013-09-16,recurring,293,0.0,159,8.43073160150276,2013,9
Aweil South,2013-09-16,unusual,14,0.0,14,0.7424404303850582,2013,9
Aweil South,2013-09-23,recurring,623,0.0,213,11.294143370873405,2013,9
Aweil South,2013-09-23,unusual,29,0.0,25,1.3263434957689384,2013,9
Aweil South,2013-09-30,recurring,951,0.0,315,16.702286191203992,2013,9
Aweil South,2013-09-30,unusual,36,0.0,32,1.6973600726698626,2013,9
Aweil South,2013-10-07,recurring,914,0.0,403,21.368456014106613,2013,10
Aweil South,2013-10-07,unusual,22,0.0,21,1.1137635007419033,2013,10
Aweil South,2013-10-14,recurring,2133,0.0,647,34.310193337620355,2013,10
Aweil South,2013-10-14,unusual,184,0.0,153,8.115089576542635,2013,10
Aweil South,2013-10-21,recurring,833,0.0,318,16.861319205539086,2013,10
Aweil South,2013-10-21,unusual,6,0.0,3,0.15909073443744148,2013,10
Aweil South,2013-10-28,recurring,1771,0.0,471,24.974839248142985,2013,10
Aweil South,2013-10-28,unusual,46,0.0,34,1.8030027078715172,2013,10
Aweil South,2013-11-04,recurring,200,0.0,141,7.475809201804739,2013,11
Aweil South,2013-11-11,recurring,311,0.0,79,4.188558522889957,2013,11
Aweil South,2013-11-11,unusual,2,0.0,1,0.05301989630125087,2013,11
Aweil South,2013-11-18,recurring,110,0.0,63,3.340259141755599,2013,11
Aweil South,2013-11-18,unusual,4,0.0,4,0.2121123176189666,2013,11
Aweil South,2013-11-25,recurring,6,0.0,3,0.15905908556216886,2013,11
Aweil South,2013-11-25,unusual,5,0.0,5,0.2652662364438832,2013,11
Aweil South,2014-09-08,recurring,28,0.0,14,0.7428824344316244,2014,9
Aweil South,2014-09-08,unusual,2,0.0,1,0.05306172082627048,2014,9
Aweil South,2014-09-15,recurring,88,0.0,42,2.2284477591309386,2014,9
Aweil South,2014-09-15,unusual,31,0.0,29,1.5387429180712549,2014,9
Aweil South,2014-09-22,recurring,40,0.0,18,0.9549805029270475,2014,9
Aweil South,2014-09-22,unusual,4,0.0,3,0.15917167089520934,2014,9
Aweil South,2014-09-29,recurring,164,0.0,91,4.826233894533897,2014,9
Aweil South,2014-09-29,unusual,54,0.0,29,1.538478154916638,2014,9
Aweil South,2014-10-06,recurring,524,0.0,269,14.268182288492156,2014,10
Aweil South,2014-10-06,unusual,331,0.0,221,11.725688797815636,2014,10
Aweil South,2014-10-13,recurring,1437,0.0,671,35.58389022202396,2014,10
Aweil South,2014-10-13,unusual,597,0.0,363,19.25744741654012,2014,10
Aweil South,2014-10-20,recurring,1056,0.0,559,29.641550966362676,2014,10
Aweil South,2014-10-20,unusual,123,0.0,99,5.25073960318467,2014,10
Aweil South,2014-10-27,recurring,1338,0.0,541,28.6864021059973,2014,10
Aweil South,2014-10-27,unusual,132,0.0,105,5.568219835518092,2014,10
Aweil South,2014-11-03,recurring,2324,0.0,596,31.60385642072322,2014,11
Aweil South,2014-11-03,unusual,470,0.0,254,13.470354102365292,2014,11
Aweil South,2014-11-10,recurring,1615,0.0,503,26.67321841268002,2014,11
Aweil South,2014-11-10,unusual,191,0.0,125,6.630129303130007,2014,11
Aweil South,2014-11-17,recurring,1514,0.0,440,23.33339384600692,2014,11
Aweil South,2014-11-17,unusual,252,0.0,141,7.479813310583114,2014,11
Aweil South,2014-11-24,recurring,2015,0.0,503,26.674327054669668,2014,11
Aweil South,2014-11-24,unusual,575,0.0,279,14.799659124165505,2014,11
Aweil South,2014-12-01,recurring,1171,0.0,251,13.310849869760624,2014,12
Aweil South,2014-12-01,unusual,579,0.0,235,12.46449664934837,2014,12
Aweil South,2014-12-08,recurring,313,0.0,135,7.159086756496939,2014,12
Aweil South,2014-12-08,unusual,80,0.0,65,3.447738178078751,2014,12
Aweil South,2014-12-15,recurring,240,0.0,95,5.037917895515279,2014,12
Aweil South,2014-12-15,unusual,98,0.0,56,2.97041294537388,2014,12
Aweil South,2014-12-22,recurring,50,0.0,35,1.8563028765010776,2014,12
Aweil South,2014-12-22,unusual,87,0.0,48,2.5460570328164995,2014,12
Aweil South,2014-12-29,recurring,2,0.0,1,0.05301959463045899,2014,12
Aweil South,2014-12-29,unusual,53,0.0,22,1.1669759074247574,2014,12
Aweil South,2015-01-05,unusual,22,0.0,11,0.5834726256788126,2015,1
Aweil South,2015-01-12,unusual,14,0.0,10,0.5304438575972159,2015,1
Aweil South,2015-09-28,recurring,8,0.0,8,0.42422470015725977,2015,9
Aweil South,2015-09-28,unusual,8,0.0,8,0.42422140265881075,2015,9
Aweil South,2015-12-14,unusual,1,0.0,1,0.053041131174355396,2015,12
Aweil South,2015-12-21,unusual,14,0.0,10,0.5304136837611361,2015,12
Aweil South,2016-08-22,unusual,13,0.0,13,0.6894188834217065,2016,8
Aweil South,2016-09-05,recurring,4,0.0,4,0.21232585913543964,2016,9
Aweil South,2016-09-12,recurring,7,0.0,7,0.3713234479495713,2016,9
Aweil South,2016-09-19,recurring,123,0.0,64,3.393431444751118,2016,9
Aweil South,2016-09-26,recurring,216,0.0,87,4.6130230791966715,2016,9
Aweil South,2016-10-03,recurring,169,0.0,68,3.605455206522258,2016,10
Aweil South,2016-10-10,recurring,132,0.0,48,2.5450702565870893,2016,10
Aweil South,2016-10-17,recurring,188,0.0,66,3.499510459211551,2016,10
Aweil South,2016-10-24,recurring,206,0.0,82,4.347978432240575,2016,10
Aweil South,2016-10-24,unusual,2,0.0,2,0.10605752127654121,2016,10
Aweil South,2016-10-31,recurring,41,0.0,32,1.6966423625865767,2016,10
Aweil South,2017-10-16,recurring,8,0.0,6,0.31848864192658094,2017,10
Aweil South,2017-10-16,unusual,43,0.0,24,1.2739646106357219,2017,10
Aweil South,2017-10-23,recurring,29,0.0,21,1.1145493100279928,2017,10
Aweil South,2017-10-23,unusual,38,0.0,25,1.3270388235137838,2017,10
Aweil South,2017-10-30,recurring,188,0.0,83,4.404344270733687,2017,10
Aweil South,2017-10-30,unusual,84,0.0,56,2.971510932523981,2017,10
Aweil South,2017-11-06,recurring,518,0.0,133,7.057038298167433,2017,11
Aweil South,2017-11-06,unusual,421,0.0,211,11.19559715015872,2017,11
Aweil South,2017-11-13,recurring,176,0.0,84,4.457003202509317,2017,11
Aweil South,2017-11-13,unusual,81,0.0,65,3.448699250171457,2017,11
Aweil South,2017-11-20,recurring,94,0.0,69,3.66082988672218,2017,11
Aweil South,2017-11-20,unusual,58,0.0,47,2.493489098314278,2017,11
Aweil South,2017-11-27,recurring,49,0.0,43,2.2811211916273066,2017,11
Aweil South,2017-11-27,unusual,33,0.0,30,1.5912060070440235,2017,11
Aweil South,2017-12-04,recurring,24,0.0,15,0.7956773012510059,2017,12
Aweil South,2017-12-04,unusual,94,0.0,81,4.295447544365712,2017,12
Aweil South,2017-12-11,recurring,1,0.0,1,0.05302771347898792,2017,12
Aweil South,2017-12-11,unusual,1,0.0,1,0.053028013119439166,2017,12
Aweil South,2017-12-18,recurring,8,0.0,7,0.371193393816261,2017,12
Aweil South,2017-12-18,unusual,9,0.0,9,0.477244623309278,2017,12
Aweil South,2018-09-24,unusual,2,0.0,2,0.10604671941770233,2018,9
Aweil South,2018-10-01,recurring,229,0.0,76,4.029506072634387,2018,10
Aweil South,2018-10-08,recurring,138,0.0,91,4.824786109430202,2018,10
Aweil South,2018-10-15,recurring,499,0.0,126,6.680476136737807,2018,10
Aweil South,2018-10-22,recurring,325,0.0,103,5.461031488996217,2018,10
Aweil South,2018-10-22,unusual,2,0.0,2,0.10609114436809508,2018,10
Aweil South,2018-10-29,recurring,66,0.0,21,1.1134148056083133,2018,10
Aweil South,2018-11-05,recurring,3,0.0,2,0.10603979260250174,2018,11
Aweil South,2019-09-02,recurring,1,0.0,1,0.05301989630125087,2019,9
Aweil South,2019-09-09,unusual,3,0.0,3,0.15915705320835163,2019,9
Aweil South,2019-10-07,recurring,99,0.0,45,2.3858847729450443,2019,10
Aweil South,2019-10-07,unusual,8,0.0,5,0.2652614614128026,2019,10
Aweil South,2019-10-14,recurring,37,0.0,35,1.8556809833930519,2019,10
Aweil South,2019-10-21,recurring,45,0.0,41,2.1738115214456504,2019,10
Aweil South,2019-10-28,recurring,23,0.0,14,0.7422788492577859,2019,10
Aweil South,2019-11-04,recurring,15,0.0,15,0.7952978409650266,2019,11
Aweil South,2019-11-04,unusual,12,0.0,6,0.31831440030822317,2019,11
Aweil South,2019-11-11,unusual,7,0.0,7,0.3713658694769927,2019,11
Aweil South,2019-11-18,unusual,8,0.0,4,0.21220852231272574,2019,11
Aweil South,2019-11-25,recurring,8,0.0,4,0.21232614607372696,2019,11
Aweil South,2019-11-25,unusual,16,0.0,12,0.6368010231079074,2019,11
Aweil South,2019-12-02,recurring,66,0.0,26,1.3798227581846183,2019,12
Aweil South,2019-12-02,unusual,73,0.0,40,2.1230491732953194,2019,12
Aweil South,2019-12-09,recurring,53,0.0,21,1.114406892146991,2019,12
Aweil South,2019-12-09,unusual,21,0.0,11,0.5838225570286616,2019,12
Aweil South,2019-12-16,recurring,69,0.0,35,1.8572550892220943,2019,12
Aweil South,2019-12-16,unusual,13,0.0,11,0.5837038898926338,2019,12
Aweil South,2019-12-23,recurring,31,0.0,18,0.9551481065912201,2019,12
Aweil South,2019-12-23,unusual,6,0.0,3,0.15909182323189755,2019,12
Aweil South,2020-01-06,unusual,3,0.0,3,0.15908493714832697,2020,1
Aweil South,2020-01-13,unusual,3,0.0,3,0.15908493714832697,2020,1
Aweil South,2020-04-20,unusual,2,0.0,2,0.1061356613652118,2020,4
Aweil South,2020-10-05,recurring,2,0.0,2,0.10605752422132164,2020,10
Aweil South,2020-10-05,unusual,2,0.0,2,0.10605062656689042,2020,10
Aweil South,2020-10-12,unusual,3,0.0,3,0.15907143195119341,2020,10
Aweil South,2020-10-19,recurring,10,0.0,10,0.5301995660738985,2020,10
Aweil South,2020-10-19,unusual,4,0.0,4,0.2120958439357742,2020,10
Aweil South,2020-10-26,recurring,137,0.0,48,2.546103626858761,2020,10
Aweil South,2020-10-26,unusual,133,0.0,75,3.981079592802006,2020,10
Aweil South,2020-11-02,recurring,562,0.0,200,10.609040269256791,2020,11
Aweil South,2020-11-02,unusual,336,0.0,179,9.499425420920796,2020,11
Aweil South,2020-11-09,recurring,1506,0.0,405,21.478719183390748,2020,11
Aweil South,2020-11-09,unusual,1079,0.0,481,25.52189355568983,2020,11
Aweil South,2020-11-16,recurring,2343,0.0,534,28.31917204887963,2020,11
Aweil South,2020-11-16,unusual,1442,0.0,587,31.142603798101348,2020,11
Aweil South,2020-11-23,recurring,2009,0.0,500,26.516171839768287,2020,11
Aweil South,2020-11-23,unusual,723,0.0,425,22.54588253105261,2020,11
Aweil South,2020-11-30,recurring,1515,0.0,350,18.561327283316494,2020,11
Aweil South,2020-11-30,unusual,745,0.0,316,16.762863474205382,2020,11
Aweil South,2020-12-07,recurring,459,0.0,157,8.325809446211917,2020,12
Aweil South,2020-12-07,unusual,54,0.0,42,2.2283160198562357,2020,12
Aweil South,2020-12-14,recurring,74,0.0,34,1.8035241216617777,2020,12
Aweil South,2020-12-14,unusual,16,0.0,14,0.7425398447149351,2020,12
Aweil South,2020-12-21,recurring,4,0.0,4,0.21219547706025188,2020,12
Aweil South,2020-12-21,unusual,22,0.0,20,1.0606367313515725,2020,12
Aweil South,2020-12-28,recurring,16,0.0,8,0.42422230571052555,2020,12
Aweil South,2020-12-28,unusual,68,0.0,39,2.068145776210728,2020,12
Aweil South,2021-01-04,unusual,25,0.0,24,1.2727608504617145,2021,1
Aweil South,2021-01-11,unusual,14,0.0,8,0.4242303278059334,2021,1
Aweil South,2021-08-16,unusual,13,0.0,10,0.5302974316370498,2021,8
Aweil South,2021-08-23,recurring,167,0.0,54,2.863055391939699,2021,8
Aweil South,2021-08-23,unusual,428,0.0,208,11.028571805056073,2021,8
Aweil South,2021-08-30,recurring,30,0.0,30,1.5905947761446455,2021,8
Aweil South,2021-08-30,unusual,25,0.0,25,1.3255022159095624,2021,8
Aweil South,2021-09-06,recurring,308,0.0,140,7.4228570079392915,2021,9
Aweil South,2021-09-06,unusual,78,0.0,37,1.9621071645547659,2021,9
Aweil South,2021-09-13,recurring,3,0.0,3,0.1590669197755305,2021,9
Aweil South,2021-09-20,recurring,374,0.0,322,17.073261712756775,2021,9
Aweil South,2021-09-20,unusual,409,0.0,398,21.104688832700244,2021,9
Aweil South,2021-09-27,recurring,2150,0.0,582,30.85923122648499,2021,9
Aweil South,2021-09-27,unusual,2666,0.0,955,50.63955036731824,2021,9
Aweil South,2021-10-04,recurring,2630,0.0,732,38.818758809792186,2021,10
Aweil South,2021-10-04,unusual,2644,0.0,1133,60.09155077065816,2021,10
Aweil South,2021-10-11,recurring,2870,0.0,663,35.157234706347886,2021,10
Aweil South,2021-10-11,unusual,2607,0.0,1110,58.86248763857308,2021,10
Aweil South,2021-10-18,recurring,2524,0.0,639,33.88381874447672,2021,10
Aweil South,2021-10-18,unusual,2722,0.0,919,48.731465968411804,2021,10
Aweil South,2021-10-25,recurring,3144,0.0,700,37.120104874592805,2021,10
Aweil South,2021-10-25,unusual,4416,0.0,1571,83.30935979378387,2021,10
Aweil South,2021-11-01,recurring,1261,0.0,583,30.913942542934823,2021,11
Aweil South,2021-11-01,unusual,1621,0.0,1014,53.76975311817768,2021,11
Aweil South,2021-11-08,recurring,3343,0.0,563,29.852481052251964,2021,11
Aweil South,2021-11-08,unusual,3606,0.0,986,52.28462663658819,2021,11
Aweil South,2021-11-15,recurring,2937,0.0,531,28.155581692765562,2021,11
Aweil South,2021-11-15,unusual,1725,0.0,557,29.536763179102177,2021,11
Aweil South,2021-11-22,recurring,2131,0.0,441,23.382781833353516,2021,11
Aweil South,2021-11-22,unusual,592,0.0,222,11.772312528442445,2021,11
Aweil South,2021-11-29,recurring,963,0.0,268,14.20982823645846,2021,11
Aweil South,2021-11-29,unusual,227,0.0,116,6.151191973891226,2021,11
Aweil South,2021-12-06,recurring,483,0.0,116,6.150420256282163,2021,12
Aweil South,2021-12-06,unusual,20,0.0,14,0.7423365762706412,2021,12
Aweil South,2021-12-13,recurring,54,0.0,38,2.014751230177511,2021,12
Aweil South,2022-09-12,recurring,391,0.0,196,10.392078876615612,2022,9
Aweil South,2022-09-12,unusual,38,0.0,29,1.5381691932991082,2022,9
Aweil South,2022-09-19,recurring,1235,0.0,307,16.27841897255589,2022,9
Aweil South,2022-09-19,unusual,116,0.0,88,4.666758781417864,2022,9
Aweil South,2022-09-26,recurring,1751,0.0,668,35.42430228791389,2022,9
Aweil South,2022-09-26,unusual,1351,0.0,1006,53.354644231622004,2022,9
Aweil South,2022-10-03,recurring,1830,0.0,554,29.376976645855258,2022,10
Aweil South,2022-10-03,unusual,2135,0.0,777,41.20829814154581,2022,10
Aweil South,2022-10-10,recurring,1324,0.0,452,23.96585724833639,2022,10
Aweil South,2022-10-10,unusual,1335,0.0,607,32.18774607542444,2022,10
Aweil South,2022-10-24,recurring,2888,0.0,643,34.096570265536066,2022,10
Aweil South,2022-10-24,unusual,5946,0.0,1693,89.77886341846346,2022,10
Aweil South,2022-10-31,recurring,2949,0.0,596,31.603642350115397,2022,10
Aweil South,2022-10-31,unusual,5969,0.0,1443,76.52214539594164,2022,10
Aweil South,2022-11-07,recurring,1903,0.0,592,31.39229795438376,2022,11
Aweil South,2022-11-07,unusual,4302,0.0,1619,85.86096576616283,2022,11
Aweil South,2022-11-14,recurring,3636,0.0,665,35.26490591001212,2022,11
Aweil South,2022-11-14,unusual,8040,0.0,1879,99.64957802292204,2022,11
Aweil South,2022-11-21,recurring,3477,0.0,635,33.67328258845097,2022,11
Aweil South,2022-11-21,unusual,7637,0.0,1606,85.16612530819069,2022,11
Aweil South,2022-11-28,recurring,1798,0.0,451,23.91378759140139,2022,11
Aweil South,2022-11-28,unusual,5523,0.0,1389,73.6568401554306,2022,11
Aweil South,2022-12-05,recurring,1277,0.0,212,11.240508472421679,2022,12
Aweil South,2022-12-05,unusual,5805,0.0,1222,64.80117823449041,2022,12
Aweil South,2022-12-12,recurring,840,0.0,169,8.960425374088018,2022,12
Aweil South,2022-12-12,unusual,2149,0.0,636,33.72598410138646,2022,12
Aweil South,2022-12-19,recurring,395,0.0,88,4.665760487843622,2022,12
Aweil South,2022-12-19,unusual,745,0.0,202,10.711936144300083,2022,12
Aweil South,2022-12-26,recurring,34,0.0,17,0.901341252085673,2022,12
Aweil South,2022-12-26,unusual,36,0.0,19,1.0075442024010837,2022,12
Aweil South,2023-01-02,unusual,6,0.0,4,0.21210575563992803,2023,1
Aweil South,2023-11-06,recurring,2,0.0,2,0.10615067394971775,2023,11
Aweil South,2023-11-06,unusual,1,0.0,1,0.05302411136549912,2023,11
Aweil South,2023-12-04,recurring,20,0.0,10,0.5307741453822702,2023,12
Aweil South,2023-12-04,unusual,8,0.0,6,0.318485774595186,2023,12
Aweil South,2023-12-11,recurring,63,0.0,30,1.592025212719003,2023,12
Aweil South,2023-12-11,unusual,14,0.0,8,0.42455918041416846,2023,12
Aweil South,2023-12-18,recurring,84,0.0,29,1.5388615073661431,2023,12
Aweil South,2023-12-18,unusual,11,0.0,7,0.371400058148064,2023,12
Aweil South,2023-12-25,recurring,16,0.0,9,0.477567105318725,2023,12
Aweil South,2023-12-25,unusual,1,0.0,1,0.053061429178964385,2023,12
Aweil South,2024-01-01,unusual,3,0.0,3,0.1591435049545523,2024,1
Aweil South,2024-01-08,unusual,1,0.0,1,0.05304645841130724,2024,1
Aweil South,2024-09-02,recurring,107,0.0,63,3.340240182487858,2024,9
Aweil South,2024-09-02,unusual,26,0.0,19,1.0075325493783418,2024,9
Aweil South,2024-09-09,recurring,61,0.0,52,2.7571990577928323,2024,9
Aweil South,2024-09-16,recurring,143,0.0,60,3.1821428066828696,2024,9
Aweil South,2024-09-16,unusual,82,0.0,51,2.7070150813686924,2024,9
Aweil South,2024-09-23,recurring,578,0.0,238,12.619329276320357,2024,9
Aweil South,2024-09-23,unusual,44,0.0,26,1.378684729312184,2024,9
Aweil South,2024-09-30,recurring,389,0.0,347,18.398318904373134,2024,9
Aweil South,2024-09-30,unusual,263,0.0,261,13.839521928169868,2024,9
Aweil South,2024-10-07,recurring,633,0.0,328,17.39087508501921,2024,10
Aweil South,2024-10-07,unusual,189,0.0,112,5.938647824396244,2024,10
Aweil South,2024-10-14,recurring,3126,0.0,557,29.53301168253868,2024,10
Aweil South,2024-10-14,unusual,2795,0.0,781,41.41203410627867,2024,10
Aweil South,2024-10-21,recurring,1832,0.0,536,28.419589034309592,2024,10
Aweil South,2024-10-21,unusual,1602,0.0,629,33.35245274615314,2024,10
Aweil South,2024-10-28,recurring,1462,0.0,554,29.37403549003083,2024,10
Aweil South,2024-10-28,unusual,1558,0.0,855,45.33662947243916,2024,10
Aweil South,2024-11-04,recurring,3018,0.0,509,26.988062889038556,2024,11
Aweil South,2024-11-04,unusual,3787,0.0,853,45.230143076985115,2024,11
Aweil South,2024-11-11,recurring,2705,0.0,502,26.616912793262195,2024,11
Aweil South,2024-11-11,unusual,2170,0.0,614,32.557222071163345,2024,11
Aweil South,2024-11-18,recurring,2792,0.0,467,24.76096108806495,2024,11
Aweil South,2024-11-18,unusual,2188,0.0,491,26.035327424997927,2024,11
Aweil South,2024-11-25,recurring,2538,0.0,481,25.503270662953692,2024,11
Aweil South,2024-11-25,unusual,3124,0.0,927,49.153455182063745,2024,11
Aweil South,2024-12-02,recurring,1470,0.0,225,11.929607584057752,2024,12
Aweil South,2024-12-02,unusual,3848,0.0,811,43.00265539445621,2024,12
Aweil South,2024-12-09,recurring,1261,0.0,213,11.2933486627887,2024,12
Aweil South,2024-12-09,unusual,2170,0.0,565,29.958957033541623,2024,12
Aweil South,2024-12-16,recurring,791,0.0,138,7.316768510688423,2024,12
Aweil South,2024-12-16,unusual,392,0.0,140,7.423674152786249,2024,12
Aweil South,2024-12-23,recurring,447,0.0,103,5.461037228260495,2024,12
Aweil South,2024-12-23,unusual,159,0.0,69,3.6588934388605394,2024,12
Aweil South,2024-12-30,recurring,83,0.0,37,1.9617310319930694,2024,12
Aweil South,2024-12-30,unusual,23,0.0,11,0.5832943049775782,2024,12
Aweil South,2025-10-06,recurring,178,0.0,76,4.029487968542278,2025,10
Aweil South,2025-10-13,recurring,212,0.0,115,6.097267527883802,2025,10
Aweil South,2025-10-20,recurring,144,0.0,90,4.77179783798571,2025,10
Aweil South,2025-10-20,unusual,2,0.0,2,0.10604521505531792,2025,10
Aweil South,2025-10-27,recurring,89,0.0,81,4.2945922712604,2025,10
Aweil South,2025-11-03,recurring,287,0.0,132,6.9986815480228195,2025,11
Aweil South,2025-11-10,recurring,309,0.0,111,5.885199652564063,2025,11
Aweil South,2025-11-17,recurring,411,0.0,97,5.142906078870792,2025,11
Aweil South,2025-11-24,recurring,434,0.0,96,5.089891610349113,2025,11
Aweil South,2025-12-01,recurring,139,0.0,58,3.0751407017546764,2025,12
Aweil South,2025-12-08,recurring,1,0.0,1,0.053020197901994276,2025,12
Aweil South,2025-12-08,unusual,3,0.0,3,0.15908823275374673,2025,12
Aweil West,2000-10-30,recurring,6,0.0,3,0.1590333585741369,2000,10
Aweil West,2001-08-20,unusual,27,0.0,27,1.4315106458020879,2001,8
Aweil West,2001-10-01,recurring,13,0.0,13,0.6892520004815549,2001,10
Aweil West,2001-10-01,unusual,8,0.0,8,0.4241483034262431,2001,10
Aweil West,2002-11-11,unusual,1,0.0,1,0.053032799064931996,2002,11
Aweil West,2002-11-18,unusual,3,0.0,3,0.1590529154312531,2002,11
Aweil West,2003-03-31,unusual,3,0.0,3,0.15906451109486477,2003,3
Aweil West,2003-04-21,unusual,8,0.0,4,0.21214372015657904,2003,4
Aweil West,2003-05-26,unusual,1,0.0,1,0.05299554626750933,2003,5
Aweil West,2003-06-16,unusual,32,0.0,25,1.325489558529981,2003,6
Aweil West,2003-06-23,unusual,12,0.0,12,0.6362944004300211,2003,6
Aweil West,2003-06-30,unusual,20,0.0,17,0.9014941694278971,2003,6
Aweil West,2003-09-01,recurring,9,0.0,9,0.4771801110200182,2003,9
Aweil West,2003-09-01,unusual,17,0.0,17,0.9014293295405299,2003,9
Aweil West,2003-09-08,recurring,7,0.0,4,0.21200366287755235,2003,9
Aweil West,2003-09-08,unusual,314,0.0,173,9.174255692843358,2003,9
Aweil West,2003-09-15,recurring,20,0.0,10,0.5299714138919235,2003,9
Aweil West,2003-09-15,unusual,247,0.0,133,7.0526566284565915,2003,9
Aweil West,2003-09-22,recurring,18,0.0,18,0.9542754459533765,2003,9
Aweil West,2003-09-22,unusual,26,0.0,26,1.3786091891243013,2003,9
Aweil West,2003-09-29,recurring,7,0.0,7,0.3711489189116809,2003,9
Aweil West,2003-09-29,unusual,15,0.0,13,0.6893435918533848,2003,9
Aweil West,2003-10-13,unusual,20,0.0,16,0.8485031865760166,2003,10
Aweil West,2003-10-20,recurring,12,0.0,12,0.6362802841835139,2003,10
Aweil West,2003-10-20,unusual,78,0.0,65,3.4470177013283947,2003,10
Aweil West,2003-10-27,recurring,5,0.0,5,0.26503714171178516,2003,10
Aweil West,2003-10-27,unusual,11,0.0,9,0.47719985353376937,2003,10
Aweil West,2003-11-03,unusual,3,0.0,3,0.1590208963891297,2003,11
Aweil West,2004-11-01,unusual,2,0.0,2,0.10604581692694881,2004,11
Aweil West,2005-08-22,unusual,19,0.0,19,1.0074190060559625,2005,8
Aweil West,2005-08-29,recurring,27,0.0,12,0.6362444843589092,2005,8
Aweil West,2005-08-29,unusual,19,0.0,9,0.47721219053355407,2005,8
Aweil West,2005-09-19,recurring,9,0.0,5,0.26511568541045444,2005,9
Aweil West,2005-09-19,unusual,1,0.0,1,0.05300564504184349,2005,9
Aweil West,2005-09-26,recurring,10,0.0,6,0.3180869960965031,2005,9
Aweil West,2005-09-26,unusual,9,0.0,9,0.47705259284409607,2005,9
Aweil West,2005-10-03,recurring,37,0.0,16,0.8482085097068398,2005,10
Aweil West,2005-10-03,unusual,27,0.0,17,0.9014078747044897,2005,10
Aweil West,2005-10-10,recurring,8,0.0,7,0.3711144714457093,2005,10
Aweil West,2005-10-10,unusual,24,0.0,23,1.2196786879301218,2005,10
Aweil West,2005-10-24,recurring,14,0.0,14,0.7423439710394997,2005,10
Aweil West,2005-10-24,unusual,41,0.0,41,2.1743141864326962,2005,10
Aweil West,2005-10-31,unusual,19,0.0,13,0.6893510288360334,2005,10
Aweil West,2005-11-07,unusual,2,0.0,2,0.10604099858903514,2005,11
Aweil West,2006-08-14,unusual,1,0.0,1,0.053004425037750526,2006,8
Aweil West,2006-09-11,recurring,1,0.0,1,0.05300960238080296,2006,9
Aweil West,2006-09-11,unusual,1,0.0,1,0.053011121323264854,2006,9
Aweil West,2006-09-18,recurring,1,0.0,1,0.05301415381253096,2006,9
Aweil West,2006-10-02,recurring,80,0.0,51,2.703528860396506,2006,10
Aweil West,2006-10-02,unusual,301,0.0,244,12.934028771002751,2006,10
Aweil West,2006-10-09,recurring,35,0.0,22,1.1664211399697269,2006,10
Aweil West,2006-10-09,unusual,27,0.0,22,1.16650535455664,2006,10
Aweil West,2006-10-16,recurring,13,0.0,8,0.4241119943777145,2006,10
Aweil West,2006-10-16,unusual,11,0.0,5,0.265081361921062,2006,10
Aweil West,2006-10-23,recurring,1,0.0,1,0.05302621381382464,2006,10
Aweil West,2006-10-30,unusual,1,0.0,1,0.05300473007410523,2006,10
Aweil West,2006-11-06,unusual,3,0.0,3,0.1590491196655674,2006,11
Aweil West,2006-11-13,unusual,4,0.0,4,0.21208341068299813,2006,11
Aweil West,2006-11-20,unusual,10,0.0,8,0.4242468613543117,2006,11
Aweil West,2007-08-20,unusual,4,0.0,4,0.21201739490499355,2007,8
Aweil West,2007-09-03,unusual,2,0.0,2,0.10605182750600128,2007,9
Aweil West,2007-09-10,recurring,1,0.0,1,0.053034291017430756,2007,9
Aweil West,2007-09-10,unusual,5,0.0,5,0.26506166592006997,2007,9
Aweil West,2007-09-17,recurring,172,0.0,91,4.823395398723144,2007,9
Aweil West,2007-09-17,unusual,652,0.0,352,18.658471494262248,2007,9
Aweil West,2007-09-24,recurring,881,0.0,292,15.478414543485657,2007,9
Aweil West,2007-09-24,unusual,1730,0.0,951,50.412758222202754,2007,9
Aweil West,2007-10-01,recurring,327,0.0,147,7.7927605542487655,2007,10
Aweil West,2007-10-01,unusual,1412,0.0,991,52.53822749116622,2007,10
Aweil West,2007-10-08,recurring,654,0.0,142,7.528306585901897,2007,10
Aweil West,2007-10-08,unusual,3448,0.0,1382,73.27411003352921,2007,10
Aweil West,2007-10-15,recurring,207,0.0,109,5.778780810205305,2007,10
Aweil West,2007-10-15,unusual,1514,0.0,718,38.07163412971804,2007,10
Aweil West,2007-10-22,recurring,109,0.0,72,3.8174846027127276,2007,10
Aweil West,2007-10-22,unusual,931,0.0,658,34.89201392993088,2007,10
Aweil West,2007-10-29,recurring,84,0.0,58,3.075193873667312,2007,10
Aweil West,2007-10-29,unusual,662,0.0,372,19.726215353167987,2007,10
Aweil West,2007-11-05,recurring,8,0.0,8,0.42410104839750284,2007,11
Aweil West,2007-11-05,unusual,26,0.0,24,1.2724789875531488,2007,11
Aweil West,2007-11-12,unusual,6,0.0,5,0.26512204681339374,2007,11
Aweil West,2008-07-28,unusual,3,0.0,3,0.15912072313946446,2008,7
Aweil West,2008-08-04,unusual,3,0.0,3,0.15912072313946446,2008,8
Aweil West,2008-08-11,unusual,42,0.0,32,1.696496149044962,2008,8
Aweil West,2008-08-25,recurring,46,0.0,28,1.4841873003216832,2008,8
Aweil West,2008-08-25,unusual,438,0.0,290,15.374999981202908,2008,8
Aweil West,2008-09-01,recurring,133,0.0,124,6.574285785714794,2008,9
Aweil West,2008-09-01,unusual,115,0.0,105,5.567354907467245,2008,9
Aweil West,2008-09-08,recurring,620,0.0,210,11.130683974301144,2008,9
Aweil West,2008-09-08,unusual,772,0.0,471,24.962520227492778,2008,9
Aweil West,2008-09-15,recurring,428,0.0,164,8.693207265077552,2008,9
Aweil West,2008-09-15,unusual,242,0.0,112,5.937023678709993,2008,9
Aweil West,2008-09-22,recurring,690,0.0,278,14.736520362611952,2008,9
Aweil West,2008-09-22,unusual,782,0.0,541,28.679356605747138,2008,9
Aweil West,2008-09-29,recurring,614,0.0,245,12.986871098879488,2008,9
Aweil West,2008-09-29,unusual,1110,0.0,681,36.105148829407206,2008,9
Aweil West,2008-10-06,recurring,27,0.0,25,1.325549055398148,2008,10
Aweil West,2008-10-06,unusual,357,0.0,349,18.507829898040303,2008,10
Aweil West,2008-10-13,recurring,72,0.0,47,2.4914576405381887,2008,10
Aweil West,2008-10-13,unusual,209,0.0,116,6.150598808898159,2008,10
Aweil West,2008-10-20,recurring,312,0.0,90,4.770877039731888,2008,10
Aweil West,2008-10-20,unusual,719,0.0,332,17.601179903956805,2008,10
Aweil West,2008-10-27,recurring,424,0.0,105,5.565753963535855,2008,10
Aweil West,2008-10-27,unusual,1643,0.0,749,39.70281138928027,2008,10
Aweil West,2008-11-03,recurring,173,0.0,33,1.749427630566383,2008,11
Aweil West,2008-11-03,unusual,1595,0.0,790,41.87624776512053,2008,11
Aweil West,2008-11-10,recurring,98,0.0,31,1.6433984144904257,2008,11
Aweil West,2008-11-10,unusual,776,0.0,474,25.132444510373208,2008,11
Aweil West,2008-11-17,recurring,7,0.0,5,0.26508468115358574,2008,11
Aweil West,2008-11-17,unusual,107,0.0,94,4.984649189028641,2008,11
Aweil West,2008-11-24,recurring,1,0.0,1,0.05301657475761914,2008,11
Aweil West,2008-11-24,unusual,3,0.0,3,0.15905546157262407,2008,11
Aweil West,2009-07-13,unusual,4,0.0,4,0.2120347606549485,2009,7
Aweil West,2009-08-17,unusual,13,0.0,13,0.6892429619724906,2009,8
Aweil West,2009-08-24,unusual,136,0.0,62,3.287190119789511,2009,8
Aweil West,2009-08-31,recurring,53,0.0,30,1.590640401342226,2009,8
Aweil West,2009-08-31,unusual,216,0.0,90,4.771785759337758,2009,8
Aweil West,2009-09-07,recurring,2,0.0,2,0.10597414479256324,2009,9
Aweil West,2009-09-07,unusual,7,0.0,7,0.3709371315318879,2009,9
Aweil West,2009-09-21,recurring,1,0.0,1,0.053013244732264396,2009,9
Aweil West,2009-09-21,unusual,33,0.0,15,0.7949146945175508,2009,9
Aweil West,2009-09-28,recurring,15,0.0,15,0.795186772480777,2009,9
Aweil West,2009-09-28,unusual,46,0.0,34,1.802323313659458,2009,9
Aweil West,2009-10-05,recurring,10,0.0,10,0.5301051683641316,2009,10
Aweil West,2009-10-05,unusual,8,0.0,8,0.42416348859670766,2009,10
Aweil West,2009-10-12,unusual,10,0.0,8,0.42405051202947214,2009,10
Aweil West,2009-10-19,recurring,12,0.0,9,0.47719983979111935,2009,10
Aweil West,2009-10-19,unusual,19,0.0,14,0.742324010574433,2009,10
Aweil West,2010-03-08,unusual,3,0.0,3,0.15909152422245604,2010,3
Aweil West,2010-08-16,unusual,8,0.0,6,0.3182093207443251,2010,8
Aweil West,2010-09-20,recurring,31,0.0,14,0.7422005112537928,2010,9
Aweil West,2010-09-20,unusual,14,0.0,9,0.47716975536294326,2010,9
Aweil West,2010-09-27,recurring,196,0.0,123,6.519082212198647,2010,9
Aweil West,2010-09-27,unusual,702,0.0,390,20.672104651880442,2010,9
Aweil West,2010-10-04,recurring,210,0.0,110,5.830720094722632,2010,10
Aweil West,2010-10-04,unusual,1281,0.0,827,43.832031706397274,2010,10
Aweil West,2010-10-11,recurring,528,0.0,141,7.474395659956916,2010,10
Aweil West,2010-10-11,unusual,3450,0.0,1385,73.41454639429122,2010,10
Aweil West,2010-10-18,recurring,298,0.0,120,6.361588797220741,2010,10
Aweil West,2010-10-18,unusual,1929,0.0,1046,55.45263723378373,2010,10
Aweil West,2010-10-25,recurring,189,0.0,65,3.4463044912928003,2010,10
Aweil West,2010-10-25,unusual,927,0.0,675,35.791835896650596,2010,10
Aweil West,2010-11-01,unusual,88,0.0,86,4.560445881983902,2010,11
Aweil West,2010-11-08,unusual,24,0.0,24,1.2726906165568277,2010,11
Aweil West,2010-11-15,recurring,1,0.0,1,0.05301415381253096,2010,11
Aweil West,2010-11-15,unusual,20,0.0,20,1.0604320779925325,2010,11
Aweil West,2011-09-05,unusual,2,0.0,2,0.10600885007550105,2011,9
Aweil West,2011-09-12,recurring,3,0.0,3,0.15906029210523942,2011,9
Aweil West,2011-09-12,unusual,30,0.0,30,1.5905989957631914,2011,9
Aweil West,2011-09-19,recurring,4,0.0,4,0.2120804900072337,2011,9
Aweil West,2011-09-19,unusual,18,0.0,18,0.9543644641827302,2011,9
Aweil West,2011-09-26,recurring,4,0.0,4,0.21208169585346534,2011,9
Aweil West,2011-09-26,unusual,75,0.0,69,3.6584960218904086,2011,9
Aweil West,2011-10-03,recurring,1,0.0,1,0.053020197901994276,2011,10
Aweil West,2011-10-03,unusual,15,0.0,15,0.7953748597571186,2011,10
Aweil West,2011-10-17,recurring,3,0.0,2,0.1060512269689781,2011,10
Aweil West,2011-10-17,unusual,21,0.0,15,0.7953781940559627,2011,10
Aweil West,2012-08-13,unusual,2,0.0,2,0.10604972540824582,2012,8
Aweil West,2012-08-20,unusual,3,0.0,3,0.1591153726247908,2012,8
Aweil West,2012-09-10,unusual,5,0.0,5,0.26518217512687814,2012,9
Aweil West,2012-09-17,unusual,28,0.0,28,1.4849039599687697,2012,9
Aweil West,2012-09-24,unusual,4,0.0,4,0.21214163502644792,2012,9
Aweil West,2012-10-08,recurring,4,0.0,4,0.21204174782026708,2012,10
Aweil West,2012-10-08,unusual,4,0.0,4,0.21212815422793463,2012,10
Aweil West,2012-11-12,unusual,2,0.0,2,0.10602497353456085,2012,11
Aweil West,2012-11-19,unusual,2,0.0,1,0.053029211391300825,2012,11
Aweil West,2012-12-24,unusual,1,0.0,1,0.05303100649015638,2012,12
Aweil West,2013-03-11,unusual,1,0.0,1,0.05300686392462837,2013,3
Aweil West,2013-09-09,unusual,1,0.0,1,0.053016272453974125,2013,9
Aweil West,2013-09-16,recurring,34,0.0,34,1.8024942944966869,2013,9
Aweil West,2013-09-16,unusual,33,0.0,33,1.7492050388655678,2013,9
Aweil West,2013-09-23,recurring,34,0.0,28,1.484542409839559,2013,9
Aweil West,2013-09-23,unusual,32,0.0,24,1.272276016705693,2013,9
Aweil West,2013-09-30,recurring,33,0.0,24,1.2724820236957908,2013,9
Aweil West,2013-09-30,unusual,10,0.0,8,0.42406621786547966,2013,9
Aweil West,2013-10-07,recurring,26,0.0,17,0.9013228267617569,2013,10
Aweil West,2013-10-07,unusual,3,0.0,3,0.15906119621058976,2013,10
Aweil West,2013-10-14,recurring,66,0.0,64,3.3933688127388777,2013,10
Aweil West,2013-10-14,unusual,162,0.0,157,8.32419789242115,2013,10
Aweil West,2013-10-21,recurring,1,0.0,1,0.05302080075495921,2013,10
Aweil West,2013-10-21,unusual,6,0.0,4,0.21196557200025729,2013,10
Aweil West,2013-10-28,unusual,4,0.0,4,0.21206177649677468,2013,10
Aweil West,2013-11-04,unusual,2,0.0,2,0.10606738894814344,2013,11
Aweil West,2013-11-11,unusual,4,0.0,4,0.2121291055237528,2013,11
Aweil West,2013-11-25,unusual,2,0.0,2,0.10606422835201908,2013,11
Aweil West,2014-01-13,unusual,1,0.0,1,0.053011424818143534,2014,1
Aweil West,2014-01-20,unusual,13,0.0,7,0.37108240181851176,2014,1
Aweil West,2014-09-08,recurring,7,0.0,7,0.3710942282121647,2014,9
Aweil West,2014-09-08,unusual,3,0.0,3,0.15904094656052312,2014,9
Aweil West,2014-09-15,recurring,5,0.0,5,0.26506348941026775,2014,9
Aweil West,2014-09-15,unusual,4,0.0,4,0.21205449443594912,2014,9
Aweil West,2014-09-22,recurring,6,0.0,5,0.2650689505531902,2014,9
Aweil West,2014-09-22,unusual,4,0.0,4,0.21205449443594912,2014,9
Aweil West,2014-09-29,recurring,21,0.0,12,0.636070200047687,2014,9
Aweil West,2014-09-29,unusual,33,0.0,23,1.2188980196658457,2014,9
Aweil West,2014-10-06,recurring,99,0.0,52,2.7566977930090006,2014,10
Aweil West,2014-10-06,unusual,123,0.0,87,4.611280726409214,2014,10
Aweil West,2014-10-13,recurring,156,0.0,74,3.9233341522341494,2014,10
Aweil West,2014-10-13,unusual,339,0.0,264,13.997667754142734,2014,10
Aweil West,2014-10-20,recurring,53,0.0,37,1.9616402306026763,2014,10
Aweil West,2014-10-20,unusual,43,0.0,36,1.9087965008958392,2014,10
Aweil West,2014-11-03,recurring,9,0.0,6,0.31805973741333665,2014,11
Aweil West,2014-11-03,unusual,32,0.0,28,1.4846427115916159,2014,11
Aweil West,2014-11-10,recurring,2,0.0,2,0.1060234521389277,2014,11
Aweil West,2014-11-10,unusual,8,0.0,8,0.42410017653730775,2014,11
Aweil West,2014-11-17,recurring,7,0.0,6,0.31805973741333665,2014,11
Aweil West,2014-11-17,unusual,4,0.0,4,0.21205237264011267,2014,11
Aweil West,2015-09-21,recurring,1,0.0,1,0.053042909444618494,2015,9
Aweil West,2015-09-21,unusual,1,0.0,1,0.05304320564532108,2015,9
Aweil West,2015-09-28,unusual,3,0.0,3,0.15910432427217786,2015,9
Aweil West,2015-11-02,unusual,56,0.0,48,2.5457565898548484,2015,11
Aweil West,2015-11-09,unusual,144,0.0,74,3.9245462866913075,2015,11
Aweil West,2015-11-16,unusual,1,0.0,1,0.053032799064931996,2015,11
Aweil West,2015-11-23,recurring,4,0.0,2,0.1060234521389277,2015,11
Aweil West,2015-11-23,unusual,2,0.0,2,0.1060466498746031,2015,11
Aweil West,2016-05-09,unusual,1,0.0,1,0.05300259292941955,2016,5
Aweil West,2016-07-25,unusual,2,0.0,2,0.10604940466849833,2016,7
Aweil West,2016-08-15,recurring,8,0.0,7,0.3710954405757308,2016,8
Aweil West,2016-08-15,unusual,30,0.0,26,1.3783146672168056,2016,8
Aweil West,2016-08-22,recurring,19,0.0,11,0.5831486913871192,2016,8
Aweil West,2016-08-22,unusual,263,0.0,190,10.072172562555807,2016,8
Aweil West,2016-08-29,recurring,3,0.0,2,0.10601859665279349,2016,8
Aweil West,2016-08-29,unusual,1,0.0,1,0.053009298326396746,2016,8
Aweil West,2016-09-05,recurring,5,0.0,3,0.1590611964910294,2016,9
Aweil West,2016-09-05,unusual,2,0.0,2,0.10601372784925674,2016,9
Aweil West,2016-09-12,unusual,2,0.0,2,0.10599967993364162,2016,9
Aweil West,2016-09-19,recurring,43,0.0,23,1.2194874528100006,2016,9
Aweil West,2016-09-19,unusual,4,0.0,3,0.15907203200008932,2016,9
Aweil West,2016-09-26,recurring,5,0.0,5,0.26510520857177533,2016,9
Aweil West,2016-09-26,unusual,3,0.0,3,0.15906240205682137,2016,9
Aweil West,2016-10-10,recurring,4,0.0,4,0.21208501052964315,2016,10
Aweil West,2016-10-10,unusual,26,0.0,23,1.2196630548611636,2016,10
Aweil West,2016-10-17,recurring,21,0.0,11,0.5832318205388306,2016,10
Aweil West,2016-10-17,unusual,15,0.0,9,0.47719142403865855,2016,10
Aweil West,2016-10-24,recurring,12,0.0,12,0.6362538261585645,2016,10
Aweil West,2016-10-24,unusual,7,0.0,7,0.3711495212763547,2016,10
Aweil West,2016-10-31,recurring,4,0.0,4,0.21208470913699695,2016,10
Aweil West,2016-10-31,unusual,6,0.0,5,0.2651052085039799,2016,10
Aweil West,2016-11-07,unusual,3,0.0,2,0.10604130004947679,2016,11
Aweil West,2016-11-14,unusual,1,0.0,1,0.05302080075495921,2016,11
Aweil West,2017-05-22,unusual,3,0.0,3,0.15905184017860047,2017,5
Aweil West,2017-05-29,unusual,3,0.0,3,0.15900410994704572,2017,5
Aweil West,2017-06-05,unusual,3,0.0,3,0.15900441582390018,2017,6
Aweil West,2017-10-23,unusual,9,0.0,9,0.47714221725769057,2017,10
Aweil West,2018-08-06,unusual,14,0.0,14,0.7422722127617559,2018,8
Aweil West,2018-08-13,unusual,21,0.0,21,1.1133740963196141,2018,8
Aweil West,2018-08-27,unusual,2,0.0,2,0.10604545090008564,2018,8
Aweil West,2018-09-10,recurring,5,0.0,4,0.21197823495749946,2018,9
Aweil West,2018-09-10,unusual,4,0.0,4,0.21207081499268948,2018,9
Aweil West,2018-09-17,recurring,13,0.0,11,0.5829494450727711,2018,9
Aweil West,2018-09-17,unusual,20,0.0,16,0.8480300634415476,2018,9
Aweil West,2018-09-24,recurring,30,0.0,29,1.5375631155697511,2018,9
Aweil West,2018-09-24,unusual,73,0.0,70,3.7112470599800007,2018,9
Aweil West,2018-10-01,recurring,1,0.0,1,0.05302561348448905,2018,10
Aweil West,2018-10-01,unusual,3,0.0,3,0.15908254074158734,2018,10
Aweil West,2018-10-08,recurring,1,0.0,1,0.05301566749808031,2018,10
Aweil West,2018-10-08,unusual,23,0.0,23,1.2197121113489149,2018,10
Aweil West,2018-10-22,unusual,3,0.0,3,0.15905998440782107,2018,10
Aweil West,2019-06-03,unusual,570,0.0,408,21.634680135029093,2019,6
Aweil West,2019-06-10,unusual,1149,0.0,907,48.09021310266766,2019,6
Aweil West,2019-06-17,unusual,670,0.0,268,14.208813860075065,2019,6
Aweil West,2019-06-24,unusual,118,0.0,109,5.779036759239997,2019,6
Aweil West,2019-07-01,unusual,7,0.0,7,0.3711449858943293,2019,7
Aweil West,2019-07-08,unusual,8,0.0,8,0.4241501187867627,2019,7
Aweil West,2019-07-15,unusual,63,0.0,39,2.06781146596904,2019,7
Aweil West,2019-07-29,unusual,3,0.0,2,0.1060373789474523,2019,7
Aweil West,2019-08-05,recurring,5,0.0,5,0.26511362411867867,2019,8
Aweil West,2019-08-05,unusual,235,0.0,100,5.3020758065183955,2019,8
Aweil West,2019-08-12,unusual,28,0.0,14,0.7424702299282275,2019,8
Aweil West,2019-08-19,unusual,26,0.0,22,1.1664513460318728,2019,8
Aweil West,2019-08-26,recurring,2,0.0,2,0.10603677069678147,2019,8
Aweil West,2019-08-26,unusual,63,0.0,56,2.969429322342656,2019,8
Aweil West,2019-09-02,recurring,4,0.0,3,0.15905606330206887,2019,9
Aweil West,2019-09-02,unusual,15,0.0,15,0.795386867118419,2019,9
Aweil West,2019-09-09,recurring,14,0.0,14,0.7424546967518729,2019,9
Aweil West,2019-09-09,unusual,172,0.0,128,6.788310001147382,2019,9
Aweil West,2019-09-16,recurring,12,0.0,6,0.3181088092021731,2019,9
Aweil West,2019-09-16,unusual,32,0.0,16,0.8485352310977188,2019,9
Aweil West,2019-09-23,recurring,28,0.0,24,1.2725106037875946,2019,9
Aweil West,2019-09-23,unusual,44,0.0,30,1.5909560479820901,2019,9
Aweil West,2019-09-30,recurring,3,0.0,3,0.1590798415393477,2019,9
Aweil West,2019-09-30,unusual,4,0.0,4,0.21212041985072802,2019,9
Aweil West,2019-10-07,unusual,2,0.0,1,0.05303369447407172,2019,10
Aweil West,2019-10-14,unusual,2,0.0,2,0.10606738894814344,2019,10
Aweil West,2019-10-28,recurring,2,0.0,1,0.05301959463045899,2019,10
Aweil West,2019-10-28,unusual,16,0.0,8,0.42425486207793073,2019,10
Aweil West,2019-11-04,unusual,19,0.0,16,0.8483972548278429,2019,11
Aweil West,2019-11-11,unusual,9,0.0,4,0.21210688310556497,2019,11
Aweil West,2019-11-25,unusual,2,0.0,1,0.05303369447407172,2019,11
Aweil West,2019-12-02,unusual,6,0.0,3,0.15910048653205472,2019,12
Aweil West,2019-12-09,unusual,1,0.0,1,0.05303339602899151,2019,12
Aweil West,2020-09-07,recurring,53,0.0,23,1.2192721733680714,2020,9
Aweil West,2020-09-07,unusual,169,0.0,109,5.778039266608098,2020,9
Aweil West,2020-09-14,recurring,48,0.0,29,1.5370861704488965,2020,9
Aweil West,2020-09-14,unusual,134,0.0,78,4.134364893948727,2020,9
Aweil West,2020-09-21,recurring,2,0.0,2,0.10602300933476054,2020,9
Aweil West,2020-09-21,unusual,80,0.0,63,3.339268174885016,2020,9
Aweil West,2020-09-28,recurring,115,0.0,72,3.8157824513790537,2020,9
Aweil West,2020-09-28,unusual,986,0.0,785,41.602566338918976,2020,9
Aweil West,2020-10-05,recurring,390,0.0,122,6.467129596681506,2020,10
Aweil West,2020-10-05,unusual,2547,0.0,1247,66.08790030093975,2020,10
Aweil West,2020-10-12,recurring,547,0.0,140,7.421269669451362,2020,10
Aweil West,2020-10-12,unusual,3835,0.0,1578,83.63705275673948,2020,10
Aweil West,2020-10-19,recurring,284,0.0,87,4.612263892995663,2020,10
Aweil West,2020-10-19,unusual,655,0.0,381,20.19683715613184,2020,10
Aweil West,2020-10-26,recurring,366,0.0,108,5.725655831691177,2020,10
Aweil West,2020-10-26,unusual,1036,0.0,381,20.19846818620321,2020,10
Aweil West,2020-11-02,recurring,93,0.0,31,1.6434528866335878,2020,11
Aweil West,2020-11-02,unusual,1026,0.0,534,28.311739195915262,2020,11
Aweil West,2020-11-09,recurring,61,0.0,18,0.9541950521328176,2020,11
Aweil West,2020-11-09,unusual,849,0.0,435,23.063088713175347,2020,11
Aweil West,2020-11-16,recurring,25,0.0,10,0.5301193664388472,2020,11
Aweil West,2020-11-16,unusual,180,0.0,80,4.241090513479382,2020,11
Aweil West,2020-11-23,unusual,2,0.0,2,0.10601281358171646,2020,11
Aweil West,2020-11-30,unusual,1,0.0,1,0.05298072110207423,2020,11
Aweil West,2021-08-02,recurring,21,0.0,9,0.47687483539025644,2021,8
Aweil West,2021-08-02,unusual,55,0.0,33,1.7488019717698469,2021,8
Aweil West,2021-08-09,recurring,22,0.0,15,0.794793867286377,2021,8
Aweil West,2021-08-09,unusual,70,0.0,54,2.861513620441855,2021,8
Aweil West,2021-08-16,recurring,3,0.0,3,0.15898397380168028,2021,8
Aweil West,2021-08-16,unusual,2,0.0,2,0.10599737756259292,2021,8
Aweil West,2021-08-23,recurring,11,0.0,9,0.47708762703390073,2021,8
Aweil West,2021-08-23,unusual,483,0.0,259,13.728654197219965,2021,8
Aweil West,2021-09-06,recurring,7,0.0,5,0.26513496794284214,2021,9
Aweil West,2021-09-06,unusual,57,0.0,30,1.5907728785519413,2021,9
Aweil West,2021-09-13,recurring,7,0.0,7,0.37110452690143886,2021,9
Aweil West,2021-09-20,recurring,27,0.0,27,1.4310395470426207,2021,9
Aweil West,2021-09-20,unusual,12,0.0,12,0.6361580598403115,2021,9
Aweil West,2021-09-27,recurring,25,0.0,13,0.6891575468690105,2021,9
Aweil West,2021-09-27,unusual,15,0.0,9,0.47703476616876184,2021,9
Aweil West,2021-10-04,recurring,180,0.0,105,5.565874341252996,2021,10
Aweil West,2021-10-04,unusual,301,0.0,211,11.184388997260108,2021,10
Aweil West,2021-10-11,recurring,44,0.0,15,0.7951906747352153,2021,10
Aweil West,2021-10-11,unusual,58,0.0,24,1.2724518905470998,2021,10
Aweil West,2021-10-18,recurring,19,0.0,9,0.4771467159162104,2021,10
Aweil West,2021-10-18,unusual,43,0.0,21,1.1134624561863162,2021,10
Aweil West,2021-10-25,recurring,4,0.0,4,0.2121093532023553,2021,10
Aweil West,2021-10-25,unusual,22,0.0,22,1.1665479376904342,2021,10
Aweil West,2021-11-08,unusual,10,0.0,8,0.4241497000401493,2021,11
Aweil West,2021-11-15,unusual,1,0.0,1,0.053013244732264396,2021,11
Aweil West,2022-08-22,recurring,4,0.0,3,0.15898950319139551,2022,8
Aweil West,2022-08-22,unusual,71,0.0,65,3.445596574716375,2022,8
Aweil West,2022-08-29,recurring,15,0.0,8,0.42392100026784196,2022,8
Aweil West,2022-08-29,unusual,850,0.0,422,22.367156821910655,2022,8
Aweil West,2022-09-05,recurring,117,0.0,99,5.2465171249161875,2022,9
Aweil West,2022-09-05,unusual,345,0.0,325,17.22392037920568,2022,9
Aweil West,2022-09-12,recurring,477,0.0,201,10.65559702104815,2022,9
Aweil West,2022-09-12,unusual,701,0.0,439,23.271463128917496,2022,9
Aweil West,2022-09-19,recurring,410,0.0,168,8.904712853097061,2022,9
Aweil West,2022-09-19,unusual,947,0.0,510,27.029915143249717,2022,9
Aweil West,2022-09-26,recurring,968,0.0,269,14.258765316746764,2022,9
Aweil West,2022-09-26,unusual,2046,0.0,805,42.661932594548965,2022,9
Aweil West,2022-10-03,recurring,117,0.0,64,3.3925600161714393,2022,10
Aweil West,2022-10-03,unusual,520,0.0,336,17.807559771675184,2022,10
Aweil West,2022-10-10,recurring,59,0.0,30,1.5899263933811651,2022,10
Aweil West,2022-10-10,unusual,1049,0.0,484,25.6517331458613,2022,10
Aweil West,2022-10-17,recurring,2,0.0,2,0.10597383464242427,2022,10
Aweil West,2022-10-17,unusual,48,0.0,40,2.1194961798675207,2022,10
Aweil West,2022-10-24,recurring,342,0.0,94,4.98242097632465,2022,10
Aweil West,2022-10-24,unusual,1717,0.0,740,39.213452854872024,2022,10
Aweil West,2022-10-31,recurring,166,0.0,66,3.4984459591292345,2022,10
Aweil West,2022-10-31,unusual,553,0.0,257,13.620687431591538,2022,10
Aweil West,2022-11-07,recurring,58,0.0,29,1.537353181143977,2022,11
Aweil West,2022-11-07,unusual,175,0.0,129,6.838034923898349,2022,11
Aweil West,2022-11-14,recurring,15,0.0,11,0.583142018862907,2022,11
Aweil West,2022-11-14,unusual,29,0.0,23,1.2190881739571282,2022,11
Aweil West,2023-08-21,unusual,3,0.0,3,0.15894433639134575,2023,8
Aweil West,2023-11-06,unusual,6,0.0,6,0.31809067559925736,2023,11
Aweil West,2023-11-13,unusual,6,0.0,3,0.15905425670965176,2023,11
Aweil West,2023-11-27,unusual,2,0.0,2,0.10596237342571303,2023,11
Aweil West,2024-03-18,unusual,6,0.0,3,0.15908853204366885,2024,3
Aweil West,2024-09-02,recurring,23,0.0,15,0.7948272409064003,2024,9
Aweil West,2024-09-02,unusual,31,0.0,15,0.7950221439616102,2024,9
Aweil West,2024-09-09,recurring,74,0.0,35,1.85466290629176,2024,9
Aweil West,2024-09-09,unusual,46,0.0,24,1.2718138617242352,2024,9
Aweil West,2024-09-16,recurring,118,0.0,85,4.504092577906095,2024,9
Aweil West,2024-09-16,unusual,188,0.0,157,8.3193999275585,2024,9
Aweil West,2024-09-23,recurring,136,0.0,84,4.452505537458243,2024,9
Aweil West,2024-09-23,unusual,48,0.0,32,1.6963990859687843,2024,9
Aweil West,2024-09-30,recurring,62,0.0,62,3.286807876285236,2024,9
Aweil West,2024-09-30,unusual,113,0.0,113,5.989889541193209,2024,9
Aweil West,2024-10-07,recurring,35,0.0,26,1.3783819245423312,2024,10
Aweil West,2024-10-07,unusual,86,0.0,71,3.7637550691148105,2024,10
Aweil West,2024-10-14,recurring,107,0.0,51,2.703360470344424,2024,10
Aweil West,2024-10-14,unusual,198,0.0,131,6.943090389477032,2024,10
Aweil West,2024-10-21,recurring,130,0.0,47,2.490914825101168,2024,10
Aweil West,2024-10-21,unusual,450,0.0,209,11.075874428850467,2024,10
Aweil West,2024-10-28,recurring,69,0.0,39,2.067311436561541,2024,10
Aweil West,2024-10-28,unusual,1097,0.0,535,28.356668087870208,2024,10
Aweil West,2024-11-04,recurring,129,0.0,30,1.590365529761947,2024,11
Aweil West,2024-11-04,unusual,967,0.0,347,18.389559989664264,2024,11
Aweil West,2024-11-11,recurring,90,0.0,27,1.4313251751199452,2024,11
Aweil West,2024-11-11,unusual,166,0.0,73,3.8698325930465725,2024,11
Aweil West,2024-12-02,unusual,3,0.0,3,0.159124277996943,2024,12
Aweil West,2025-01-27,unusual,1,0.0,1,0.053012335160019956,2025,1
Aweil West,2025-03-24,unusual,1,0.0,1,0.05303190302465964,2025,3
Aweil West,2025-05-19,unusual,6,0.0,6,0.3179054159487474,2025,5
Aweil West,2025-10-06,recurring,8,0.0,6,0.31790881212579025,2025,10
Aweil West,2025-10-06,unusual,16,0.0,11,0.5829686335151086,2025,10
Aweil West,2025-10-13,recurring,10,0.0,10,0.5298592757082266,2025,10
Aweil West,2025-10-13,unusual,857,0.0,496,26.28826811846766,2025,10
Aweil West,2025-10-20,recurring,18,0.0,18,0.9537282955982291,2025,10
Aweil West,2025-10-20,unusual,318,0.0,314,16.641129556579312,2025,10
Aweil West,2025-10-27,recurring,38,0.0,38,2.014223776626946,2025,10
Aweil West,2025-10-27,unusual,54,0.0,54,2.8619603421055206,2025,10
Aweil West,2025-11-03,recurring,3,0.0,3,0.15905817626753757,2025,11
Aweil West,2025-11-03,unusual,11,0.0,11,0.5830519750294144,2025,11
Aweil West,2025-11-10,unusual,3,0.0,3,0.15894092081030262,2025,11
