week,county,q50_km2,det_prob,tier,phase,crop_exposed_ha,rangeland_exposed_ha,cattle_mapped,advisory
2010-01-11,Aweil Centre,0.0,0.083,0,dry season (late phase),0.0,0.0,364961.8333817694,"No flood expected in Aweil Centre this week (q50 0.0 km²). Routine monitoring. (Aweil Centre maps ~364,962 cattle in baseline.)"
2010-01-11,Aweil East,0.0,0.069,0,dry season (late phase),0.0,0.0,505027.7802561831,"No flood expected in Aweil East this week (q50 0.0 km²). Routine monitoring. (Aweil East maps ~505,028 cattle in baseline.)"
2010-01-11,Aweil North,0.0,0.069,0,dry season (late phase),0.0,0.0,463800.5038861725,"No flood expected in Aweil North this week (q50 0.0 km²). Routine monitoring. (Aweil North maps ~463,801 cattle in baseline.)"
2010-01-11,Aweil South,0.0,0.045,0,dry season (late phase),0.0,0.0,141256.8006910938,"No flood expected in Aweil South this week (q50 0.0 km²). Routine monitoring. (Aweil South maps ~141,257 cattle in baseline.)"
2010-01-11,Aweil West,0.0,0.051,0,dry season (late phase),0.0,0.0,318964.9515941321,"No flood expected in Aweil West this week (q50 0.0 km²). Routine monitoring. (Aweil West maps ~318,965 cattle in baseline.)"
2010-01-18,Aweil Centre,0.0,0.059,0,dry season (late phase),0.0,0.0,364961.8333817694,"No flood expected in Aweil Centre this week (q50 0.0 km²). Routine monitoring. (Aweil Centre maps ~364,962 cattle in baseline.)"
2010-01-18,Aweil East,0.0,0.051,0,dry season (late phase),0.0,0.0,505027.7802561831,"No flood expected in Aweil East this week (q50 0.0 km²). Routine monitoring. (Aweil East maps ~505,028 cattle in baseline.)"
2010-01-18,Aweil North,0.0,0.056,0,dry season (late phase),0.0,0.0,463800.5038861725,"No flood expected in Aweil North this week (q50 0.0 km²). Routine monitoring. (Aweil North maps ~463,801 cattle in baseline.)"
2010-01-18,Aweil South,0.0,0.035,0,dry season (late phase),0.0,0.0,141256.8006910938,"No flood expected in Aweil South this week (q50 0.0 km²). Routine monitoring. (Aweil South maps ~141,257 cattle in baseline.)"
2010-01-18,Aweil West,0.0,0.037,0,dry season (late phase),0.0,0.0,318964.9515941321,"No flood expected in Aweil West this week (q50 0.0 km²). Routine monitoring. (Aweil West maps ~318,965 cattle in baseline.)"
2010-01-25,Aweil Centre,0.0,0.044,0,dry season (late phase),0.0,0.0,364961.8333817694,"No flood expected in Aweil Centre this week (q50 0.0 km²). Routine monitoring. (Aweil Centre maps ~364,962 cattle in baseline.)"
2010-01-25,Aweil East,0.0,0.04,0,dry season (late phase),0.0,0.0,505027.7802561831,"No flood expected in Aweil East this week (q50 0.0 km²). Routine monitoring. (Aweil East maps ~505,028 cattle in baseline.)"
2010-01-25,Aweil North,0.0,0.032,0,dry season (late phase),0.0,0.0,463800.5038861725,"No flood expected in Aweil North this week (q50 0.0 km²). Routine monitoring. (Aweil North maps ~463,801 cattle in baseline.)"
2010-01-25,Aweil South,0.0,0.032,0,dry season (late phase),0.0,0.0,141256.8006910938,"No flood expected in Aweil South this week (q50 0.0 km²). Routine monitoring. (Aweil South maps ~141,257 cattle in baseline.)"
2010-01-25,Aweil West,0.0,0.033,0,dry season (late phase),0.0,0.0,318964.9515941321,"No flood expected in Aweil West this week (q50 0.0 km²). Routine monitoring. (Aweil West maps ~318,965 cattle in baseline.)"
2010-02-01,Aweil Centre,0.01,0.134,3,dry season,0.0,0.0,364961.8333817694,"SEVERE flood expected in Aweil Centre this week: q50 0.0 km², above the 95th percentile of all February weeks since 2000. Dry season: little active cropping; floodplain grazing and residual flooding dominate. (Aweil Centre maps ~364,962 cattle in baseline.)"
2010-02-01,Aweil East,0.0,0.032,0,dry season,0.0,0.0,505027.7802561831,"No flood expected in Aweil East this week (q50 0.0 km²). Routine monitoring. (Aweil East maps ~505,028 cattle in baseline.)"
2010-02-01,Aweil North,0.0,0.028,0,dry season,0.0,0.0,463800.5038861725,"No flood expected in Aweil North this week (q50 0.0 km²). Routine monitoring. (Aweil North maps ~463,801 cattle in baseline.)"
2010-02-01,Aweil South,0.0,0.028,0,dry season,0.0,0.0,141256.8006910938,"No flood expected in Aweil South this week (q50 0.0 km²). Routine monitoring. (Aweil South maps ~141,257 cattle in baseline.)"
2010-02-01,Aweil West,0.0,0.029,0,dry season,0.0,0.0,318964.9515941321,"No flood expected in Aweil West this week (q50 0.0 km²). Routine monitoring. (Aweil West maps ~318,965 cattle in baseline.)"
2010-02-08,Aweil Centre,0.0,0.109,3,dry season,0.0,0.0,364961.8333817694,"SEVERE flood expected in Aweil Centre this week: q50 0.0 km², above the 95th percentile of all February weeks since 2000. Dry season: little active cropping; floodplain grazing and residual flooding dominate. (Aweil Centre maps ~364,962 cattle in baseline.)"
2010-02-08,Aweil East,0.0,0.078,0,dry season,0.0,0.0,505027.7802561831,"No flood expected in Aweil East this week (q50 0.0 km²). Routine monitoring. (Aweil East maps ~505,028 cattle in baseline.)"
2010-02-08,Aweil North,0.0,0.066,0,dry season,0.0,0.0,463800.5038861725,"No flood expected in Aweil North this week (q50 0.0 km²). Routine monitoring. (Aweil North maps ~463,801 cattle in baseline.)"
2010-02-08,Aweil South,0.0,0.064,0,dry season,0.0,0.0,141256.8006910938,"No flood expected in Aweil South this week (q50 0.0 km²). Routine monitoring. (Aweil South maps ~141,257 cattle in baseline.)"
2010-02-08,Aweil West,0.0,0.073,0,dry season,0.0,0.0,318964.9515941321,"No flood expected in Aweil West this week (q50 0.0 km²). Routine monitoring. (Aweil West maps ~318,965 cattle in baseline.)"
2010-02-15,Aweil Centre,0.0,0.05,0,dry season,0.0,0.0,364961.8333817694,"No flood expected in Aweil Centre this week (q50 0.0 km²). Routine monitoring. (Aweil Centre maps ~364,962 cattle in baseline.)"
2010-02-15,Aweil East,0.0,0.032,0,dry season,0.0,0.0,505027.7802561831,"No flood expected in Aweil East this week (q50 0.0 km²). Routine monitoring. (Aweil East maps ~505,028 cattle in baseline.)"
2010-02-15,Aweil North,0.0,0.026,0,dry season,0.0,0.0,463800.5038861725,"No flood expected in Aweil North this week (q50 0.0 km²). Routine monitoring. (Aweil North maps ~463,801 cattle in baseline.)"
2010-02-15,Aweil South,0.0,0.026,0,dry season,0.0,0.0,141256.8006910938,"No flood expected in Aweil South this week (q50 0.0 km²). Routine monitoring. (Aweil South maps ~141,257 cattle in baseline.)"
2010-02-15,Aweil West,0.0,0.027,0,dry season,0.0,0.0,318964.9515941321,"No flood expected in Aweil West this week (q50 0.0 km²). Routine monitoring. (Aweil West maps ~318,965 cattle in baseline.)"
2010-02-22,Aweil Centre,0.0,0.037,0,dry season,0.0,0.0,364961.8333817694,"No flood expected in Aweil Centre this week (q50 0.0 km²). Routine monitoring. (Aweil Centre maps ~364,962 cattle in baseline.)"
2010-02-22,Aweil East,0.0,0.032,0,dry season,0.0,0.0,505027.7802561831,"No flood expected in Aweil East this week (q50 0.0 km²). Routine monitoring. (Aweil East maps ~505,028 cattle in baseline.)"
2010-02-22,Aweil North,0.0,0.026,0,dry season,0.0,0.0,463800.5038861725,"No flood expected in Aweil North this week (q50 0.0 km²). Routine monitoring. (Aweil North maps ~463,801 cattle in baseline.)"
2010-02-22,Aweil South,0.0,0.026,0,dry season,0.0,0.0,141256.8006910938,"No flood expected in Aweil South this week (q50 0.0 km²). Routine monitoring. (Aweil South maps ~141,257 cattle in baseline.)"
2010-02-22,Aweil West,0.0,0.027,0,dry season,0.0,0.0,318964.9515941321,"No flood expected in Aweil West this week (q50 0.0 km²). Routine monitoring. (Aweil West maps ~318,965 cattle in baseline.)"
2010-03-01,Aweil Centre,0.0,0.056,0,early season (sowing),0.0,0.0,364961.8333817694,"No flood expected in Aweil Centre this week (q50 0.0 km²). Routine monitoring. (Aweil Centre maps ~364,962 cattle in baseline.)"
2010-03-01,Aweil East,0.0,0.061,0,early season (sowing),0.0,0.0,505027.7802561831,"No flood expected in Aweil East this week (q50 0.0 km²). Routine monitoring. (Aweil East maps ~505,028 cattle in baseline.)"
2010-03-01,Aweil North,0.0,0.037,0,early season (sowing),0.0,0.0,463800.5038861725,"No flood expected in Aweil North this week (q50 0.0 km²). Routine monitoring. (Aweil North maps ~463,801 cattle in baseline.)"
2010-03-01,Aweil South,0.0,0.036,0,early season (sowing),0.0,0.0,141256.8006910938,"No flood expected in Aweil South this week (q50 0.0 km²). Routine monitoring. (Aweil South maps ~141,257 cattle in baseline.)"
2010-03-01,Aweil West,0.0,0.038,0,early season (sowing),0.0,0.0,318964.9515941321,"No flood expected in Aweil West this week (q50 0.0 km²). Routine monitoring. (Aweil West maps ~318,965 cattle in baseline.)"
2010-03-08,Aweil Centre,0.0,0.049,0,early season (sowing),0.0,0.0,364961.8333817694,"No flood expected in Aweil Centre this week (q50 0.0 km²). Routine monitoring. (Aweil Centre maps ~364,962 cattle in baseline.)"
2010-03-08,Aweil East,0.0,0.042,0,early season (sowing),0.0,0.0,505027.7802561831,"No flood expected in Aweil East this week (q50 0.0 km²). Routine monitoring. (Aweil East maps ~505,028 cattle in baseline.)"
2010-03-08,Aweil North,0.0,0.033,0,early season (sowing),0.0,0.0,463800.5038861725,"No flood expected in Aweil North this week (q50 0.0 km²). Routine monitoring. (Aweil North maps ~463,801 cattle in baseline.)"
2010-03-08,Aweil South,0.0,0.032,0,early season (sowing),0.0,0.0,141256.8006910938,"No flood expected in Aweil South this week (q50 0.0 km²). Routine monitoring. (Aweil South maps ~141,257 cattle in baseline.)"
2010-03-08,Aweil West,0.0,0.033,0,early season (sowing),0.0,0.0,318964.9515941321,"No flood expected in Aweil West this week (q50 0.0 km²). Routine monitoring. (Aweil West maps ~318,965 cattle in baseline.)"
2010-03-15,Aweil Centre,0.0,0.11,0,early season (sowing),0.0,0.0,364961.8333817694,"No flood expected in Aweil Centre this week (q50 0.0 km²). Routine monitoring. (Aweil Centre maps ~364,962 cattle in baseline.)"
2010-03-15,Aweil East,0.0,0.113,0,early season (sowing),0.0,0.0,505027.7802561831,"No flood expected in Aweil East this week (q50 0.0 km²). Routine monitoring. (Aweil East maps ~505,028 cattle in baseline.)"
2010-03-15,Aweil North,0.0,0.081,0,early season (sowing),0.0,0.0,463800.5038861725,"No flood expected in Aweil North this week (q50 0.0 km²). Routine monitoring. (Aweil North maps ~463,801 cattle in baseline.)"
2010-03-15,Aweil South,0.0,0.086,0,early season (sowing),0.0,0.0,141256.8006910938,"No flood expected in Aweil South this week (q50 0.0 km²). Routine monitoring. (Aweil South maps ~141,257 cattle in baseline.)"
2010-03-15,Aweil West,0.0,0.159,0,early season (sowing),0.0,0.0,318964.9515941321,"No flood expected in Aweil West this week (q50 0.0 km²). Routine monitoring. (Aweil West maps ~318,965 cattle in baseline.)"
2010-03-22,Aweil Centre,0.0,0.078,0,early season (sowing),0.0,0.0,364961.8333817694,"No flood expected in Aweil Centre this week (q50 0.0 km²). Routine monitoring. (Aweil Centre maps ~364,962 cattle in baseline.)"
2010-03-22,Aweil East,0.0,0.077,0,early season (sowing),0.0,0.0,505027.7802561831,"No flood expected in Aweil East this week (q50 0.0 km²). Routine monitoring. (Aweil East maps ~505,028 cattle in baseline.)"
2010-03-22,Aweil North,0.0,0.052,0,early season (sowing),0.0,0.0,463800.5038861725,"No flood expected in Aweil North this week (q50 0.0 km²). Routine monitoring. (Aweil North maps ~463,801 cattle in baseline.)"
2010-03-22,Aweil South,0.0,0.052,0,early season (sowing),0.0,0.0,141256.8006910938,"No flood expected in Aweil South this week (q50 0.0 km²). Routine monitoring. (Aweil South maps ~141,257 cattle in baseline.)"
2010-03-22,Aweil West,0.0,0.096,0,early season (sowing),0.0,0.0,318964.9515941321,"No flood expected in Aweil West this week (q50 0.0 km²). Routine monitoring. (Aweil West maps ~318,965 cattle in baseline.)"
2010-03-29,Aweil Centre,0.0,0.098,0,early season (sowing),0.0,0.0,364961.8333817694,"No flood expected in Aweil Centre this week (q50 0.0 km²). Routine monitoring. (Aweil Centre maps ~364,962 cattle in baseline.)"
2010-03-29,Aweil East,0.0,0.077,0,early season (sowing),0.0,0.0,505027.7802561831,"No flood expected in Aweil East this week (q50 0.0 km²). Routine monitoring. (Aweil East maps ~505,028 cattle in baseline.)"
2010-03-29,Aweil North,0.0,0.048,0,early season (sowing),0.0,0.0,463800.5038861725,"No flood expected in Aweil North this week (q50 0.0 km²). Routine monitoring. (Aweil North maps ~463,801 cattle in baseline.)"
2010-03-29,Aweil South,0.0,0.048,0,early season (sowing),0.0,0.0,141256.8006910938,"No flood expected in Aweil South this week (q50 0.0 km²). Routine monitoring. (Aweil South maps ~141,257 cattle in baseline.)"
2010-03-29,Aweil West,0.0,0.082,0,early season (sowing),0.0,0.0,318964.9515941321,"No flood expected in Aweil West this week (q50 0.0 km²). Routine monitoring. (Aweil West maps ~318,965 cattle in baseline.)"
2010-04-05,Aweil Centre,0.0,0.082,0,crop establishment,0.0,0.0,364961.8333817694,"No flood expected in Aweil Centre this week (q50 0.0 km²). Routine monitoring. (Aweil Centre maps ~364,962 cattle in baseline.)"
2010-04-05,Aweil East,0.0,0.064,0,crop establishment,0.0,0.0,505027.7802561831,"No flood expected in Aweil East this week (q50 0.0 km²). Routine monitoring. (Aweil East maps ~505,028 cattle in baseline.)"
2010-04-05,Aweil North,0.0,0.04,0,crop establishment,0.0,0.0,463800.5038861725,"No flood expected in Aweil North this week (q50 0.0 km²). Routine monitoring. (Aweil North maps ~463,801 cattle in baseline.)"
2010-04-05,Aweil South,0.0,0.04,0,crop establishment,0.0,0.0,141256.8006910938,"No flood expected in Aweil South this week (q50 0.0 km²). Routine monitoring. (Aweil South maps ~141,257 cattle in baseline.)"
2010-04-05,Aweil West,0.0,0.041,0,crop establishment,0.0,0.0,318964.9515941321,"No flood expected in Aweil West this week (q50 0.0 km²). Routine monitoring. (Aweil West maps ~318,965 cattle in baseline.)"
2010-04-12,Aweil Centre,0.0,0.052,0,crop establishment,0.0,0.0,364961.8333817694,"No flood expected in Aweil Centre this week (q50 0.0 km²). Routine monitoring. (Aweil Centre maps ~364,962 cattle in baseline.)"
2010-04-12,Aweil East,0.0,0.045,0,crop establishment,0.0,0.0,505027.7802561831,"No flood expected in Aweil East this week (q50 0.0 km²). Routine monitoring. (Aweil East maps ~505,028 cattle in baseline.)"
2010-04-12,Aweil North,0.0,0.032,0,crop establishment,0.0,0.0,463800.5038861725,"No flood expected in Aweil North this week (q50 0.0 km²). Routine monitoring. (Aweil North maps ~463,801 cattle in baseline.)"
2010-04-12,Aweil South,0.0,0.032,0,crop establishment,0.0,0.0,141256.8006910938,"No flood expected in Aweil South this week (q50 0.0 km²). Routine monitoring. (Aweil South maps ~141,257 cattle in baseline.)"
2010-04-12,Aweil West,0.0,0.035,0,crop establishment,0.0,0.0,318964.9515941321,"No flood expected in Aweil West this week (q50 0.0 km²). Routine monitoring. (Aweil West maps ~318,965 cattle in baseline.)"
2010-04-19,Aweil Centre,0.0,0.05,0,crop establishment,0.0,0.0,364961.8333817694,"No flood expected in Aweil Centre this week (q50 0.0 km²). Routine monitoring. (Aweil Centre maps ~364,962 cattle in baseline.)"
2010-04-19,Aweil East,0.0,0.049,0,crop establishment,0.0,0.0,505027.7802561831,"No flood expected in Aweil East this week (q50 0.0 km²). Routine monitoring. (Aweil East maps ~505,028 cattle in baseline.)"
2010-04-19,Aweil North,0.0,0.037,0,crop establishment,0.0,0.0,463800.5038861725,"No flood expected in Aweil North this week (q50 0.0 km²). Routine monitoring. (Aweil North maps ~463,801 cattle in baseline.)"
2010-04-19,Aweil South,0.0,0.039,0,crop establishment,0.0,0.0,141256.8006910938,"No flood expected in Aweil South this week (q50 0.0 km²). Routine monitoring. (Aweil South maps ~141,257 cattle in baseline.)"
2010-04-19,Aweil West,0.0,0.043,0,crop establishment,0.0,0.0,318964.9515941321,"No flood expected in Aweil West this week (q50 0.0 km²). Routine monitoring. (Aweil West maps ~318,965 cattle in baseline.)"
2010-04-26,Aweil Centre,0.0,0.033,0,crop establishment,0.0,0.0,364961.8333817694,"No flood expected in Aweil Centre this week (q50 0.0 km²). Routine monitoring. (Aweil Centre maps ~364,962 cattle in baseline.)"
2010-04-26,Aweil East,0.0,0.036,0,crop establishment,0.0,0.0,505027.7802561831,"No flood expected in Aweil East this week (q50 0.0 km²). Routine monitoring. (Aweil East maps ~505,028 cattle in baseline.)"
2010-04-26,Aweil North,0.0,0.028,0,crop establishment,0.0,0.0,463800.5038861725,"No flood expected in Aweil North this week (q50 0.0 km²). Routine monitoring. (Aweil North maps ~463,801 cattle in baseline.)"
2010-04-26,Aweil South,0.0,0.028,0,crop establishment,0.0,0.0,141256.8006910938,"No flood expected in Aweil South this week (q50 0.0 km²). Routine monitoring. (Aweil South maps ~141,257 cattle in baseline.)"
2010-04-26,Aweil West,0.0,0.031,0,crop establishment,0.0,0.0,318964.9515941321,"No flood expected in Aweil West this week (q50 0.0 km²). Routine monitoring. (Aweil West maps ~318,965 cattle in baseline.)"
2010-05-03,Aweil Centre,0.0,0.035,0,vegetative growth,0.0,0.0,364961.8333817694,"No flood expected in Aweil Centre this week (q50 0.0 km²). Routine monitoring. (Aweil Centre maps ~364,962 cattle in baseline.)"
2010-05-03,Aweil East,0.03,0.132,2,vegetative growth,0.0,0.0,505027.7802561831,"High flood risk in Aweil East this week: q50 0.0 km², above most May weeks since 2000. Vegetative growth: crops are at peak water demand — short flooding can be tolerated, sustained submergence is not. (Aweil East maps ~505,028 cattle in baseline.)"
2010-05-03,Aweil North,0.01,0.037,3,vegetative growth,0.0,0.0,463800.5038861725,"SEVERE flood expected in Aweil North this week: q50 0.0 km², above the 95th percentile of all May weeks since 2000. Vegetative growth: crops are at peak water demand — short flooding can be tolerated, sustained submergence is not. (Aweil North maps ~463,801 cattle in baseline.)"
2010-05-03,Aweil South,0.0,0.029,0,vegetative growth,0.0,0.0,141256.8006910938,"No flood expected in Aweil South this week (q50 0.0 km²). Routine monitoring. (Aweil South maps ~141,257 cattle in baseline.)"
2010-05-03,Aweil West,0.0,0.03,0,vegetative growth,0.0,0.0,318964.9515941321,"No flood expected in Aweil West this week (q50 0.0 km²). Routine monitoring. (Aweil West maps ~318,965 cattle in baseline.)"
2010-05-10,Aweil Centre,0.0,0.029,0,vegetative growth,0.0,0.0,364961.8333817694,"No flood expected in Aweil Centre this week (q50 0.0 km²). Routine monitoring. (Aweil Centre maps ~364,962 cattle in baseline.)"
2010-05-10,Aweil East,0.0,0.06,0,vegetative growth,0.0,0.0,505027.7802561831,"No flood expected in Aweil East this week (q50 0.0 km²). Routine monitoring. (Aweil East maps ~505,028 cattle in baseline.)"
2010-05-10,Aweil North,0.0,0.026,0,vegetative growth,0.0,0.0,463800.5038861725,"No flood expected in Aweil North this week (q50 0.0 km²). Routine monitoring. (Aweil North maps ~463,801 cattle in baseline.)"
2010-05-10,Aweil South,0.0,0.026,0,vegetative growth,0.0,0.0,141256.8006910938,"No flood expected in Aweil South this week (q50 0.0 km²). Routine monitoring. (Aweil South maps ~141,257 cattle in baseline.)"
2010-05-10,Aweil West,0.0,0.026,0,vegetative growth,0.0,0.0,318964.9515941321,"No flood expected in Aweil West this week (q50 0.0 km²). Routine monitoring. (Aweil West maps ~318,965 cattle in baseline.)"
2010-05-17,Aweil Centre,0.0,0.035,0,vegetative growth,0.0,0.0,364961.8333817694,"No flood expected in Aweil Centre this week (q50 0.0 km²). Routine monitoring. (Aweil Centre maps ~364,962 cattle in baseline.)"
2010-05-17,Aweil East,0.0,0.052,0,vegetative growth,0.0,0.0,505027.7802561831,"No flood expected in Aweil East this week (q50 0.0 km²). Routine monitoring. (Aweil East maps ~505,028 cattle in baseline.)"
2010-05-17,Aweil North,0.0,0.042,0,vegetative growth,0.0,0.0,463800.5038861725,"No flood expected in Aweil North this week (q50 0.0 km²). Routine monitoring. (Aweil North maps ~463,801 cattle in baseline.)"
2010-05-17,Aweil South,0.0,0.03,0,vegetative growth,0.0,0.0,141256.8006910938,"No flood expected in Aweil South this week (q50 0.0 km²). Routine monitoring. (Aweil South maps ~141,257 cattle in baseline.)"
2010-05-17,Aweil West,0.0,0.029,0,vegetative growth,0.0,0.0,318964.9515941321,"No flood expected in Aweil West this week (q50 0.0 km²). Routine monitoring. (Aweil West maps ~318,965 cattle in baseline.)"
2010-05-24,Aweil Centre,0.0,0.043,0,vegetative growth,0.0,0.0,364961.8333817694,"No flood expected in Aweil Centre this week (q50 0.0 km²). Routine monitoring. (Aweil Centre maps ~364,962 cattle in baseline.)"
2010-05-24,Aweil East,0.0,0.044,0,vegetative growth,0.0,0.0,505027.7802561831,"No flood expected in Aweil East this week (q50 0.0 km²). Routine monitoring. (Aweil East maps ~505,028 cattle in baseline.)"
2010-05-24,Aweil North,0.0,0.036,0,vegetative growth,0.0,0.0,463800.5038861725,"No flood expected in Aweil North this week (q50 0.0 km²). Routine monitoring. (Aweil North maps ~463,801 cattle in baseline.)"
2010-05-24,Aweil South,0.0,0.039,0,vegetative growth,0.0,0.0,141256.8006910938,"No flood expected in Aweil South this week (q50 0.0 km²). Routine monitoring. (Aweil South maps ~141,257 cattle in baseline.)"
2010-05-24,Aweil West,0.0,0.043,0,vegetative growth,0.0,0.0,318964.9515941321,"No flood expected in Aweil West this week (q50 0.0 km²). Routine monitoring. (Aweil West maps ~318,965 cattle in baseline.)"
2010-05-31,Aweil Centre,0.0,0.027,0,vegetative growth,0.0,0.0,364961.8333817694,"No flood expected in Aweil Centre this week (q50 0.0 km²). Routine monitoring. (Aweil Centre maps ~364,962 cattle in baseline.)"
2010-05-31,Aweil East,0.0,0.028,0,vegetative growth,0.0,0.0,505027.7802561831,"No flood expected in Aweil East this week (q50 0.0 km²). Routine monitoring. (Aweil East maps ~505,028 cattle in baseline.)"
2010-05-31,Aweil North,0.0,0.024,0,vegetative growth,0.0,0.0,463800.5038861725,"No flood expected in Aweil North this week (q50 0.0 km²). Routine monitoring. (Aweil North maps ~463,801 cattle in baseline.)"
2010-05-31,Aweil South,0.0,0.024,0,vegetative growth,0.0,0.0,141256.8006910938,"No flood expected in Aweil South this week (q50 0.0 km²). Routine monitoring. (Aweil South maps ~141,257 cattle in baseline.)"
2010-05-31,Aweil West,0.0,0.025,0,vegetative growth,0.0,0.0,318964.9515941321,"No flood expected in Aweil West this week (q50 0.0 km²). Routine monitoring. (Aweil West maps ~318,965 cattle in baseline.)"
2010-06-07,Aweil Centre,0.0,0.029,0,vegetative growth (peak),0.0,0.0,364961.8333817694,"No flood expected in Aweil Centre this week (q50 0.0 km²). Routine monitoring. (Aweil Centre maps ~364,962 cattle in baseline.)"
2010-06-07,Aweil East,0.0,0.031,0,vegetative growth (peak),0.0,0.0,505027.7802561831,"No flood expected in Aweil East this week (q50 0.0 km²). Routine monitoring. (Aweil East maps ~505,028 cattle in baseline.)"
2010-06-07,Aweil North,0.0,0.027,0,vegetative growth (peak),0.0,0.0,463800.5038861725,"No flood expected in Aweil North this week (q50 0.0 km²). Routine monitoring. (Aweil North maps ~463,801 cattle in baseline.)"
2010-06-07,Aweil South,0.0,0.027,0,vegetative growth (peak),0.0,0.0,141256.8006910938,"No flood expected in Aweil South this week (q50 0.0 km²). Routine monitoring. (Aweil South maps ~141,257 cattle in baseline.)"
2010-06-07,Aweil West,0.0,0.028,0,vegetative growth (peak),0.0,0.0,318964.9515941321,"No flood expected in Aweil West this week (q50 0.0 km²). Routine monitoring. (Aweil West maps ~318,965 cattle in baseline.)"
2010-06-14,Aweil Centre,0.0,0.034,0,vegetative growth (peak),0.0,0.0,364961.8333817694,"No flood expected in Aweil Centre this week (q50 0.0 km²). Routine monitoring. (Aweil Centre maps ~364,962 cattle in baseline.)"
2010-06-14,Aweil East,0.0,0.036,0,vegetative growth (peak),0.0,0.0,505027.7802561831,"No flood expected in Aweil East this week (q50 0.0 km²). Routine monitoring. (Aweil East maps ~505,028 cattle in baseline.)"
2010-06-14,Aweil North,0.0,0.031,0,vegetative growth (peak),0.0,0.0,463800.5038861725,"No flood expected in Aweil North this week (q50 0.0 km²). Routine monitoring. (Aweil North maps ~463,801 cattle in baseline.)"
2010-06-14,Aweil South,0.0,0.031,0,vegetative growth (peak),0.0,0.0,141256.8006910938,"No flood expected in Aweil South this week (q50 0.0 km²). Routine monitoring. (Aweil South maps ~141,257 cattle in baseline.)"
2010-06-14,Aweil West,0.0,0.036,0,vegetative growth (peak),0.0,0.0,318964.9515941321,"No flood expected in Aweil West this week (q50 0.0 km²). Routine monitoring. (Aweil West maps ~318,965 cattle in baseline.)"
2010-06-21,Aweil Centre,0.0,0.038,0,vegetative growth (peak),0.0,0.0,364961.8333817694,"No flood expected in Aweil Centre this week (q50 0.0 km²). Routine monitoring. (Aweil Centre maps ~364,962 cattle in baseline.)"
2010-06-21,Aweil East,0.0,0.038,0,vegetative growth (peak),0.0,0.0,505027.7802561831,"No flood expected in Aweil East this week (q50 0.0 km²). Routine monitoring. (Aweil East maps ~505,028 cattle in baseline.)"
2010-06-21,Aweil North,0.0,0.032,0,vegetative growth (peak),0.0,0.0,463800.5038861725,"No flood expected in Aweil North this week (q50 0.0 km²). Routine monitoring. (Aweil North maps ~463,801 cattle in baseline.)"
2010-06-21,Aweil South,0.0,0.031,0,vegetative growth (peak),0.0,0.0,141256.8006910938,"No flood expected in Aweil South this week (q50 0.0 km²). Routine monitoring. (Aweil South maps ~141,257 cattle in baseline.)"
2010-06-21,Aweil West,0.0,0.033,0,vegetative growth (peak),0.0,0.0,318964.9515941321,"No flood expected in Aweil West this week (q50 0.0 km²). Routine monitoring. (Aweil West maps ~318,965 cattle in baseline.)"
2010-06-28,Aweil Centre,0.0,0.043,0,vegetative growth (peak),0.0,0.0,364961.8333817694,"No flood expected in Aweil Centre this week (q50 0.0 km²). Routine monitoring. (Aweil Centre maps ~364,962 cattle in baseline.)"
2010-06-28,Aweil East,0.0,0.044,0,vegetative growth (peak),0.0,0.0,505027.7802561831,"No flood expected in Aweil East this week (q50 0.0 km²). Routine monitoring. (Aweil East maps ~505,028 cattle in baseline.)"
2010-06-28,Aweil North,0.0,0.037,0,vegetative growth (peak),0.0,0.0,463800.5038861725,"No flood expected in Aweil North this week (q50 0.0 km²). Routine monitoring. (Aweil North maps ~463,801 cattle in baseline.)"
2010-06-28,Aweil South,0.0,0.036,0,vegetative growth (peak),0.0,0.0,141256.8006910938,"No flood expected in Aweil South this week (q50 0.0 km²). Routine monitoring. (Aweil South maps ~141,257 cattle in baseline.)"
2010-06-28,Aweil West,0.0,0.036,0,vegetative growth (peak),0.0,0.0,318964.9515941321,"No flood expected in Aweil West this week (q50 0.0 km²). Routine monitoring. (Aweil West maps ~318,965 cattle in baseline.)"
2010-07-05,Aweil Centre,0.0,0.057,0,vegetative growth (peak),0.0,0.0,364961.8333817694,"No flood expected in Aweil Centre this week (q50 0.0 km²). Routine monitoring. (Aweil Centre maps ~364,962 cattle in baseline.)"
2010-07-05,Aweil East,0.0,0.06,0,vegetative growth (peak),0.0,0.0,505027.7802561831,"No flood expected in Aweil East this week (q50 0.0 km²). Routine monitoring. (Aweil East maps ~505,028 cattle in baseline.)"
2010-07-05,Aweil North,0.0,0.056,0,vegetative growth (peak),0.0,0.0,463800.5038861725,"No flood expected in Aweil North this week (q50 0.0 km²). Routine monitoring. (Aweil North maps ~463,801 cattle in baseline.)"
2010-07-05,Aweil South,0.0,0.061,0,vegetative growth (peak),0.0,0.0,141256.8006910938,"No flood expected in Aweil South this week (q50 0.0 km²). Routine monitoring. (Aweil South maps ~141,257 cattle in baseline.)"
2010-07-05,Aweil West,0.0,0.062,0,vegetative growth (peak),0.0,0.0,318964.9515941321,"No flood expected in Aweil West this week (q50 0.0 km²). Routine monitoring. (Aweil West maps ~318,965 cattle in baseline.)"
2010-07-12,Aweil Centre,0.0,0.062,3,vegetative growth (peak),0.0,0.0,364961.8333817694,"SEVERE flood expected in Aweil Centre this week: q50 0.0 km², above the 95th percentile of all July weeks since 2000. Vegetative growth (peak): crops are at peak water demand — short flooding can be tolerated, sustained submergence is not. (Aweil Centre maps ~364,962 cattle in baseline.)"
2010-07-12,Aweil East,0.0,0.071,0,vegetative growth (peak),0.0,0.0,505027.7802561831,"No flood expected in Aweil East this week (q50 0.0 km²). Routine monitoring. (Aweil East maps ~505,028 cattle in baseline.)"
2010-07-12,Aweil North,0.0,0.047,3,vegetative growth (peak),0.0,0.0,463800.5038861725,"SEVERE flood expected in Aweil North this week: q50 0.0 km², above the 95th percentile of all July weeks since 2000. Vegetative growth (peak): crops are at peak water demand — short flooding can be tolerated, sustained submergence is not. (Aweil North maps ~463,801 cattle in baseline.)"
2010-07-12,Aweil South,0.0,0.046,0,vegetative growth (peak),0.0,0.0,141256.8006910938,"No flood expected in Aweil South this week (q50 0.0 km²). Routine monitoring. (Aweil South maps ~141,257 cattle in baseline.)"
2010-07-12,Aweil West,0.0,0.049,0,vegetative growth (peak),0.0,0.0,318964.9515941321,"No flood expected in Aweil West this week (q50 0.0 km²). Routine monitoring. (Aweil West maps ~318,965 cattle in baseline.)"
2010-07-19,Aweil Centre,0.0,0.062,0,vegetative growth (peak),0.0,0.0,364961.8333817694,"No flood expected in Aweil Centre this week (q50 0.0 km²). Routine monitoring. (Aweil Centre maps ~364,962 cattle in baseline.)"
2010-07-19,Aweil East,0.0,0.075,0,vegetative growth (peak),0.0,0.0,505027.7802561831,"No flood expected in Aweil East this week (q50 0.0 km²). Routine monitoring. (Aweil East maps ~505,028 cattle in baseline.)"
2010-07-19,Aweil North,0.0,0.052,0,vegetative growth (peak),0.0,0.0,463800.5038861725,"No flood expected in Aweil North this week (q50 0.0 km²). Routine monitoring. (Aweil North maps ~463,801 cattle in baseline.)"
2010-07-19,Aweil South,0.0,0.055,0,vegetative growth (peak),0.0,0.0,141256.8006910938,"No flood expected in Aweil South this week (q50 0.0 km²). Routine monitoring. (Aweil South maps ~141,257 cattle in baseline.)"
2010-07-19,Aweil West,0.0,0.058,0,vegetative growth (peak),0.0,0.0,318964.9515941321,"No flood expected in Aweil West this week (q50 0.0 km²). Routine monitoring. (Aweil West maps ~318,965 cattle in baseline.)"
2010-07-26,Aweil Centre,0.0,0.044,0,vegetative growth (peak),0.0,0.0,364961.8333817694,"No flood expected in Aweil Centre this week (q50 0.0 km²). Routine monitoring. (Aweil Centre maps ~364,962 cattle in baseline.)"
2010-07-26,Aweil East,0.0,0.052,0,vegetative growth (peak),0.0,0.0,505027.7802561831,"No flood expected in Aweil East this week (q50 0.0 km²). Routine monitoring. (Aweil East maps ~505,028 cattle in baseline.)"
2010-07-26,Aweil North,0.0,0.039,0,vegetative growth (peak),0.0,0.0,463800.5038861725,"No flood expected in Aweil North this week (q50 0.0 km²). Routine monitoring. (Aweil North maps ~463,801 cattle in baseline.)"
2010-07-26,Aweil South,0.0,0.041,0,vegetative growth (peak),0.0,0.0,141256.8006910938,"No flood expected in Aweil South this week (q50 0.0 km²). Routine monitoring. (Aweil South maps ~141,257 cattle in baseline.)"
2010-07-26,Aweil West,0.0,0.042,0,vegetative growth (peak),0.0,0.0,318964.9515941321,"No flood expected in Aweil West this week (q50 0.0 km²). Routine monitoring. (Aweil West maps ~318,965 cattle in baseline.)"
2010-08-02,Aweil Centre,0.0,0.094,0,maturation,0.0,0.0,364961.8333817694,"No flood expected in Aweil Centre this week (q50 0.0 km²). Routine monitoring. (Aweil Centre maps ~364,962 cattle in baseline.)"
2010-08-02,Aweil East,0.0,0.113,0,maturation,0.0,0.0,505027.7802561831,"No flood expected in Aweil East this week (q50 0.0 km²). Routine monitoring. (Aweil East maps ~505,028 cattle in baseline.)"
2010-08-02,Aweil North,0.0,0.048,0,maturation,0.0,0.0,463800.5038861725,"No flood expected in Aweil North this week (q50 0.0 km²). Routine monitoring. (Aweil North maps ~463,801 cattle in baseline.)"
2010-08-02,Aweil South,0.0,0.05,0,maturation,0.0,0.0,141256.8006910938,"No flood expected in Aweil South this week (q50 0.0 km²). Routine monitoring. (Aweil South maps ~141,257 cattle in baseline.)"
2010-08-02,Aweil West,0.0,0.053,0,maturation,0.0,0.0,318964.9515941321,"No flood expected in Aweil West this week (q50 0.0 km²). Routine monitoring. (Aweil West maps ~318,965 cattle in baseline.)"
2010-08-09,Aweil Centre,0.0,0.14,0,maturation,0.0,0.0,364961.8333817694,"No flood expected in Aweil Centre this week (q50 0.0 km²). Routine monitoring. (Aweil Centre maps ~364,962 cattle in baseline.)"
2010-08-09,Aweil East,0.0,0.176,0,maturation,0.0,0.0,505027.7802561831,"No flood expected in Aweil East this week (q50 0.0 km²). Routine monitoring. (Aweil East maps ~505,028 cattle in baseline.)"
2010-08-09,Aweil North,0.0,0.063,0,maturation,0.0,0.0,463800.5038861725,"No flood expected in Aweil North this week (q50 0.0 km²). Routine monitoring. (Aweil North maps ~463,801 cattle in baseline.)"
2010-08-09,Aweil South,0.0,0.069,0,maturation,0.0,0.0,141256.8006910938,"No flood expected in Aweil South this week (q50 0.0 km²). Routine monitoring. (Aweil South maps ~141,257 cattle in baseline.)"
2010-08-09,Aweil West,0.0,0.072,0,maturation,0.0,0.0,318964.9515941321,"No flood expected in Aweil West this week (q50 0.0 km²). Routine monitoring. (Aweil West maps ~318,965 cattle in baseline.)"
2010-08-16,Aweil Centre,0.02,0.42,0,maturation,0.0,0.0,364961.8333817694,"No flood expected in Aweil Centre this week (q50 0.0 km²). Routine monitoring. (Aweil Centre maps ~364,962 cattle in baseline.)"
2010-08-16,Aweil East,0.02,0.471,0,maturation,0.0,0.0,505027.7802561831,"No flood expected in Aweil East this week (q50 0.0 km²). Routine monitoring. (Aweil East maps ~505,028 cattle in baseline.)"
2010-08-16,Aweil North,0.02,0.28,3,maturation,0.0,0.0,463800.5038861725,"SEVERE flood expected in Aweil North this week: q50 0.0 km², above the 95th percentile of all August weeks since 2000. Maturation: grain is filling; flooding now damages the yield that is already banked. (Aweil North maps ~463,801 cattle in baseline.)"
2010-08-16,Aweil South,0.02,0.294,0,maturation,0.0,0.0,141256.8006910938,"No flood expected in Aweil South this week (q50 0.0 km²). Routine monitoring. (Aweil South maps ~141,257 cattle in baseline.)"
2010-08-16,Aweil West,0.02,0.325,0,maturation,0.0,0.0,318964.9515941321,"No flood expected in Aweil West this week (q50 0.0 km²). Routine monitoring. (Aweil West maps ~318,965 cattle in baseline.)"
2010-08-23,Aweil Centre,0.39,0.791,0,maturation,0.0,0.0,364961.8333817694,"SEVERE flood expected in Aweil Centre this week: q50 0.4 km², above the 95th percentile of all August weeks since 2000. (Aweil Centre maps ~364,962 cattle in baseline.)"
2010-08-23,Aweil East,0.39,0.787,0,maturation,0.0,0.0,505027.7802561831,"SEVERE flood expected in Aweil East this week: q50 0.4 km², above the 95th percentile of all August weeks since 2000. (Aweil East maps ~505,028 cattle in baseline.)"
2010-08-23,Aweil North,0.01,0.182,0,maturation,0.0,0.0,463800.5038861725,"No flood expected in Aweil North this week (q50 0.0 km²). Routine monitoring. (Aweil North maps ~463,801 cattle in baseline.)"
2010-08-23,Aweil South,0.01,0.187,0,maturation,0.0,0.0,141256.8006910938,"No flood expected in Aweil South this week (q50 0.0 km²). Routine monitoring. (Aweil South maps ~141,257 cattle in baseline.)"
2010-08-23,Aweil West,0.31,0.702,0,maturation,0.0,0.0,318964.9515941321,"SEVERE flood expected in Aweil West this week: q50 0.3 km², above the 95th percentile of all August weeks since 2000. (Aweil West maps ~318,965 cattle in baseline.)"
2010-08-30,Aweil Centre,0.26,0.697,0,maturation,0.0,0.0,364961.8333817694,"SEVERE flood expected in Aweil Centre this week: q50 0.3 km², above the 95th percentile of all August weeks since 2000. (Aweil Centre maps ~364,962 cattle in baseline.)"
2010-08-30,Aweil East,0.05,0.548,0,maturation,0.0,0.0,505027.7802561831,"SEVERE flood expected in Aweil East this week: q50 0.1 km², above the 95th percentile of all August weeks since 2000. (Aweil East maps ~505,028 cattle in baseline.)"
2010-08-30,Aweil North,0.02,0.249,3,maturation,0.0,0.0,463800.5038861725,"SEVERE flood expected in Aweil North this week: q50 0.0 km², above the 95th percentile of all August weeks since 2000. Maturation: grain is filling; flooding now damages the yield that is already banked. (Aweil North maps ~463,801 cattle in baseline.)"
2010-08-30,Aweil South,0.02,0.297,0,maturation,0.0,0.0,141256.8006910938,"No flood expected in Aweil South this week (q50 0.0 km²). Routine monitoring. (Aweil South maps ~141,257 cattle in baseline.)"
2010-08-30,Aweil West,0.02,0.363,0,maturation,0.0,0.0,318964.9515941321,"No flood expected in Aweil West this week (q50 0.0 km²). Routine monitoring. (Aweil West maps ~318,965 cattle in baseline.)"
2010-09-06,Aweil Centre,0.35,0.666,0,maturation / grain filling,0.0,38.6,364961.8333817694,"SEVERE flood expected in Aweil Centre this week: q50 0.3 km², above the 95th percentile of all September weeks since 2000. Approx. 39 ha of rangeland at risk; plan early herd movement. (Aweil Centre maps ~364,962 cattle in baseline.)"
2010-09-06,Aweil East,1.72,0.736,0,maturation / grain filling,4.4,180.2,505027.7802561831,"SEVERE flood expected in Aweil East this week: q50 1.7 km², above the 95th percentile of all September weeks since 2000. Approx. 4 ha of mapped crops in the Aweil East floodplain are at risk. Approx. 180 ha of rangeland at risk; plan early herd movement. (Aweil East maps ~505,028 cattle in baseline.)"
2010-09-06,Aweil North,0.0,0.178,0,maturation / grain filling,0.0,1.8,463800.5038861725,"No flood expected in Aweil North this week (q50 0.0 km²). Routine monitoring. Approx. 2 ha of rangeland at risk; plan early herd movement. (Aweil North maps ~463,801 cattle in baseline.)"
2010-09-06,Aweil South,0.0,0.188,0,maturation / grain filling,0.1,1.6,141256.8006910938,"No flood expected in Aweil South this week (q50 0.0 km²). Routine monitoring. Approx. 2 ha of rangeland at risk; plan early herd movement. (Aweil South maps ~141,257 cattle in baseline.)"
2010-09-06,Aweil West,0.02,0.304,0,maturation / grain filling,0.1,5.9,318964.9515941321,"No flood expected in Aweil West this week (q50 0.0 km²). Routine monitoring. Approx. 6 ha of rangeland at risk; plan early herd movement. (Aweil West maps ~318,965 cattle in baseline.)"
2010-09-13,Aweil Centre,0.27,0.761,0,maturation / grain filling,0.0,30.4,364961.8333817694,"SEVERE flood expected in Aweil Centre this week: q50 0.3 km², above the 95th percentile of all September weeks since 2000. Approx. 30 ha of rangeland at risk; plan early herd movement. (Aweil Centre maps ~364,962 cattle in baseline.)"
2010-09-13,Aweil East,7.92,0.921,0,maturation / grain filling,20.1,830.2,505027.7802561831,"SEVERE flood expected in Aweil East this week: q50 7.9 km², above the 95th percentile of all September weeks since 2000. Approx. 20 ha of mapped crops in the Aweil East floodplain are at risk. Approx. 830 ha of rangeland at risk; plan early herd movement. (Aweil East maps ~505,028 cattle in baseline.)"
2010-09-13,Aweil North,0.02,0.242,0,maturation / grain filling,0.1,6.6,463800.5038861725,"No flood expected in Aweil North this week (q50 0.0 km²). Routine monitoring. Approx. 7 ha of rangeland at risk; plan early herd movement. (Aweil North maps ~463,801 cattle in baseline.)"
2010-09-13,Aweil South,0.02,0.257,0,maturation / grain filling,0.2,6.0,141256.8006910938,"No flood expected in Aweil South this week (q50 0.0 km²). Routine monitoring. Approx. 6 ha of rangeland at risk; plan early herd movement. (Aweil South maps ~141,257 cattle in baseline.)"
2010-09-13,Aweil West,0.02,0.398,0,maturation / grain filling,0.1,5.3,318964.9515941321,"No flood expected in Aweil West this week (q50 0.0 km²). Routine monitoring. Approx. 5 ha of rangeland at risk; plan early herd movement. (Aweil West maps ~318,965 cattle in baseline.)"
2010-09-20,Aweil Centre,0.34,0.683,0,maturation / grain filling,0.0,37.6,364961.8333817694,"SEVERE flood expected in Aweil Centre this week: q50 0.3 km², above the 95th percentile of all September weeks since 2000. Approx. 38 ha of rangeland at risk; plan early herd movement. (Aweil Centre maps ~364,962 cattle in baseline.)"
2010-09-20,Aweil East,2.96,0.8,0,maturation / grain filling,7.5,310.3,505027.7802561831,"SEVERE flood expected in Aweil East this week: q50 3.0 km², above the 95th percentile of all September weeks since 2000. Approx. 8 ha of mapped crops in the Aweil East floodplain are at risk. Approx. 310 ha of rangeland at risk; plan early herd movement. (Aweil East maps ~505,028 cattle in baseline.)"
2010-09-20,Aweil North,0.01,0.296,0,maturation / grain filling,0.1,5.3,463800.5038861725,"No flood expected in Aweil North this week (q50 0.0 km²). Routine monitoring. Approx. 5 ha of rangeland at risk; plan early herd movement. (Aweil North maps ~463,801 cattle in baseline.)"
2010-09-20,Aweil South,0.01,0.323,0,maturation / grain filling,0.2,4.8,141256.8006910938,"No flood expected in Aweil South this week (q50 0.0 km²). Routine monitoring. Approx. 5 ha of rangeland at risk; plan early herd movement. (Aweil South maps ~141,257 cattle in baseline.)"
2010-09-20,Aweil West,0.01,0.348,0,maturation / grain filling,0.1,3.3,318964.9515941321,"No flood expected in Aweil West this week (q50 0.0 km²). Routine monitoring. Approx. 3 ha of rangeland at risk; plan early herd movement. (Aweil West maps ~318,965 cattle in baseline.)"
2010-09-27,Aweil Centre,1.9,0.81,0,maturation / grain filling,0.0,211.7,364961.8333817694,"SEVERE flood expected in Aweil Centre this week: q50 1.9 km², above the 95th percentile of all September weeks since 2000. Approx. 212 ha of rangeland at risk; plan early herd movement. (Aweil Centre maps ~364,962 cattle in baseline.)"
2010-09-27,Aweil East,11.11,0.916,0,maturation / grain filling,28.2,1164.5,505027.7802561831,"SEVERE flood expected in Aweil East this week: q50 11.1 km², above the 95th percentile of all September weeks since 2000. Approx. 28 ha of mapped crops in the Aweil East floodplain are at risk. Approx. 1,164 ha of rangeland at risk; plan early herd movement. (Aweil East maps ~505,028 cattle in baseline.)"
2010-09-27,Aweil North,0.01,0.195,0,maturation / grain filling,0.1,6.0,463800.5038861725,"No flood expected in Aweil North this week (q50 0.0 km²). Routine monitoring. Approx. 6 ha of rangeland at risk; plan early herd movement. (Aweil North maps ~463,801 cattle in baseline.)"
2010-09-27,Aweil South,0.35,0.582,0,maturation / grain filling,5.0,133.2,141256.8006910938,"SEVERE flood expected in Aweil South this week: q50 0.4 km², above the 95th percentile of all September weeks since 2000. Approx. 5 ha of mapped crops in the Aweil South floodplain are at risk. Approx. 133 ha of rangeland at risk; plan early herd movement. (Aweil South maps ~141,257 cattle in baseline.)"
2010-09-27,Aweil West,0.54,0.681,0,maturation / grain filling,2.2,140.3,318964.9515941321,"SEVERE flood expected in Aweil West this week: q50 0.5 km², above the 95th percentile of all September weeks since 2000. Approx. 2 ha of mapped crops in the Aweil West floodplain are at risk. Approx. 140 ha of rangeland at risk; plan early herd movement. (Aweil West maps ~318,965 cattle in baseline.)"
2010-10-04,Aweil Centre,28.98,0.836,2,harvest,0.0,1134.3,364961.8333817694,"High flood risk in Aweil Centre this week: q50 29.0 km², above most October weeks since 2000. Harvest: harvest window — move produce and equipment to higher ground before water rises. Approx. 1,134 ha of rangeland at risk; plan early herd movement. (Aweil Centre maps ~364,962 cattle in baseline.)"
2010-10-04,Aweil East,31.3,0.841,0,harvest,296.0,3403.4,505027.7802561831,"SEVERE flood expected in Aweil East this week: q50 31.3 km², above the 95th percentile of all October weeks since 2000. Approx. 296 ha of mapped crops in the Aweil East floodplain are at risk. Approx. 3,403 ha of rangeland at risk; plan early herd movement. (Aweil East maps ~505,028 cattle in baseline.)"
2010-10-04,Aweil North,2.16,0.816,2,harvest,120.3,2995.6,463800.5038861725,"High flood risk in Aweil North this week: q50 2.2 km², above most October weeks since 2000. Harvest: harvest window — move produce and equipment to higher ground before water rises. Approx. 120 ha of mapped crops in the Aweil North floodplain are at risk. Approx. 2,996 ha of rangeland at risk; plan early herd movement. (Aweil North maps ~463,801 cattle in baseline.)"
2010-10-04,Aweil South,2.15,0.791,0,harvest,38.9,616.0,141256.8006910938,"SEVERE flood expected in Aweil South this week: q50 2.2 km², above the 95th percentile of all October weeks since 2000. Approx. 39 ha of mapped crops in the Aweil South floodplain are at risk. Approx. 616 ha of rangeland at risk; plan early herd movement. (Aweil South maps ~141,257 cattle in baseline.)"
2010-10-04,Aweil West,10.78,0.829,0,harvest,101.6,4736.1,318964.9515941321,"SEVERE flood expected in Aweil West this week: q50 10.8 km², above the 95th percentile of all October weeks since 2000. Approx. 102 ha of mapped crops in the Aweil West floodplain are at risk. Approx. 4,736 ha of rangeland at risk; plan early herd movement. (Aweil West maps ~318,965 cattle in baseline.)"
2010-10-11,Aweil Centre,28.15,0.931,2,harvest,0.0,1101.8,364961.8333817694,"High flood risk in Aweil Centre this week: q50 28.2 km², above most October weeks since 2000. Harvest: harvest window — move produce and equipment to higher ground before water rises. Approx. 1,102 ha of rangeland at risk; plan early herd movement. (Aweil Centre maps ~364,962 cattle in baseline.)"
2010-10-11,Aweil East,18.78,0.931,0,harvest,177.6,2041.8,505027.7802561831,"SEVERE flood expected in Aweil East this week: q50 18.8 km², above the 95th percentile of all October weeks since 2000. Approx. 178 ha of mapped crops in the Aweil East floodplain are at risk. Approx. 2,042 ha of rangeland at risk; plan early herd movement. (Aweil East maps ~505,028 cattle in baseline.)"
2010-10-11,Aweil North,6.28,0.92,2,harvest,350.1,8717.6,463800.5038861725,"High flood risk in Aweil North this week: q50 6.3 km², above most October weeks since 2000. Harvest: harvest window — move produce and equipment to higher ground before water rises. Approx. 350 ha of mapped crops in the Aweil North floodplain are at risk. Approx. 8,718 ha of rangeland at risk; plan early herd movement. (Aweil North maps ~463,801 cattle in baseline.)"
2010-10-11,Aweil South,1.39,0.709,0,harvest,25.0,396.6,141256.8006910938,"SEVERE flood expected in Aweil South this week: q50 1.4 km², above the 95th percentile of all October weeks since 2000. Approx. 25 ha of mapped crops in the Aweil South floodplain are at risk. Approx. 397 ha of rangeland at risk; plan early herd movement. (Aweil South maps ~141,257 cattle in baseline.)"
2010-10-11,Aweil West,27.17,0.931,2,harvest,256.0,11933.6,318964.9515941321,"High flood risk in Aweil West this week: q50 27.2 km², above most October weeks since 2000. Harvest: harvest window — move produce and equipment to higher ground before water rises. Approx. 256 ha of mapped crops in the Aweil West floodplain are at risk. Approx. 11,934 ha of rangeland at risk; plan early herd movement. (Aweil West maps ~318,965 cattle in baseline.)"
2010-10-18,Aweil Centre,13.31,0.843,2,harvest,0.0,520.8,364961.8333817694,"High flood risk in Aweil Centre this week: q50 13.3 km², above most October weeks since 2000. Harvest: harvest window — move produce and equipment to higher ground before water rises. Approx. 521 ha of rangeland at risk; plan early herd movement. (Aweil Centre maps ~364,962 cattle in baseline.)"
2010-10-18,Aweil East,30.89,0.841,0,harvest,292.1,3358.3,505027.7802561831,"SEVERE flood expected in Aweil East this week: q50 30.9 km², above the 95th percentile of all October weeks since 2000. Approx. 292 ha of mapped crops in the Aweil East floodplain are at risk. Approx. 3,358 ha of rangeland at risk; plan early herd movement. (Aweil East maps ~505,028 cattle in baseline.)"
2010-10-18,Aweil North,9.52,0.832,3,harvest,380.3,9471.4,463800.5038861725,"SEVERE flood expected in Aweil North this week: q50 9.5 km², above the 95th percentile of all October weeks since 2000. Harvest: harvest window — move produce and equipment to higher ground before water rises. Approx. 380 ha of mapped crops in the Aweil North floodplain are at risk. Approx. 9,471 ha of rangeland at risk; plan early herd movement. (Aweil North maps ~463,801 cattle in baseline.)"
2010-10-18,Aweil South,23.05,0.841,0,harvest,415.8,6588.9,141256.8006910938,"SEVERE flood expected in Aweil South this week: q50 23.0 km², above the 95th percentile of all October weeks since 2000. Approx. 416 ha of mapped crops in the Aweil South floodplain are at risk. Approx. 6,589 ha of rangeland at risk; plan early herd movement. (Aweil South maps ~141,257 cattle in baseline.)"
2010-10-18,Aweil West,29.14,0.838,2,harvest,274.4,12796.1,318964.9515941321,"High flood risk in Aweil West this week: q50 29.1 km², above most October weeks since 2000. Harvest: harvest window — move produce and equipment to higher ground before water rises. Approx. 274 ha of mapped crops in the Aweil West floodplain are at risk. Approx. 12,796 ha of rangeland at risk; plan early herd movement. (Aweil West maps ~318,965 cattle in baseline.)"
2010-10-25,Aweil Centre,3.74,0.824,0,harvest,0.0,146.6,364961.8333817694,"SEVERE flood expected in Aweil Centre this week: q50 3.7 km², above the 95th percentile of all October weeks since 2000. Approx. 147 ha of rangeland at risk; plan early herd movement. (Aweil Centre maps ~364,962 cattle in baseline.)"
2010-10-25,Aweil East,30.89,0.924,0,harvest,292.2,3359.2,505027.7802561831,"SEVERE flood expected in Aweil East this week: q50 30.9 km², above the 95th percentile of all October weeks since 2000. Approx. 292 ha of mapped crops in the Aweil East floodplain are at risk. Approx. 3,359 ha of rangeland at risk; plan early herd movement. (Aweil East maps ~505,028 cattle in baseline.)"
2010-10-25,Aweil North,10.92,0.926,3,harvest,380.3,9471.4,463800.5038861725,"SEVERE flood expected in Aweil North this week: q50 10.9 km², above the 95th percentile of all October weeks since 2000. Harvest: harvest window — move produce and equipment to higher ground before water rises. Approx. 380 ha of mapped crops in the Aweil North floodplain are at risk. Approx. 9,471 ha of rangeland at risk; plan early herd movement. (Aweil North maps ~463,801 cattle in baseline.)"
2010-10-25,Aweil South,12.42,0.925,0,harvest,224.1,3550.6,141256.8006910938,"SEVERE flood expected in Aweil South this week: q50 12.4 km², above the 95th percentile of all October weeks since 2000. Approx. 224 ha of mapped crops in the Aweil South floodplain are at risk. Approx. 3,551 ha of rangeland at risk; plan early herd movement. (Aweil South maps ~141,257 cattle in baseline.)"
2010-10-25,Aweil West,30.43,0.921,2,harvest,286.7,13365.4,318964.9515941321,"High flood risk in Aweil West this week: q50 30.4 km², above most October weeks since 2000. Harvest: harvest window — move produce and equipment to higher ground before water rises. Approx. 287 ha of mapped crops in the Aweil West floodplain are at risk. Approx. 13,365 ha of rangeland at risk; plan early herd movement. (Aweil West maps ~318,965 cattle in baseline.)"
2010-11-01,Aweil Centre,1.61,0.757,0,harvest / drying,0.0,176.1,364961.8333817694,"SEVERE flood expected in Aweil Centre this week: q50 1.6 km², above the 95th percentile of all November weeks since 2000. Approx. 176 ha of rangeland at risk; plan early herd movement. (Aweil Centre maps ~364,962 cattle in baseline.)"
2010-11-01,Aweil East,31.62,0.867,0,harvest / drying,431.8,5650.8,505027.7802561831,"SEVERE flood expected in Aweil East this week: q50 31.6 km², above the 95th percentile of all November weeks since 2000. Approx. 432 ha of mapped crops in the Aweil East floodplain are at risk. Approx. 5,651 ha of rangeland at risk; plan early herd movement. (Aweil East maps ~505,028 cattle in baseline.)"
2010-11-01,Aweil North,9.28,0.869,3,harvest / drying,214.9,8258.8,463800.5038861725,"SEVERE flood expected in Aweil North this week: q50 9.3 km², above the 95th percentile of all November weeks since 2000. Harvest / drying: harvest window closing — move produce and equipment to higher ground before water rises. Approx. 215 ha of mapped crops in the Aweil North floodplain are at risk. Approx. 8,259 ha of rangeland at risk; plan early herd movement. (Aweil North maps ~463,801 cattle in baseline.)"
2010-11-01,Aweil South,13.95,0.865,0,harvest / drying,213.5,3420.1,141256.8006910938,"SEVERE flood expected in Aweil South this week: q50 13.9 km², above the 95th percentile of all November weeks since 2000. Approx. 213 ha of mapped crops in the Aweil South floodplain are at risk. Approx. 3,420 ha of rangeland at risk; plan early herd movement. (Aweil South maps ~141,257 cattle in baseline.)"
2010-11-01,Aweil West,21.65,0.864,3,harvest / drying,366.8,15738.4,318964.9515941321,"SEVERE flood expected in Aweil West this week: q50 21.7 km², above the 95th percentile of all November weeks since 2000. Harvest / drying: harvest window closing — move produce and equipment to higher ground before water rises. Approx. 367 ha of mapped crops in the Aweil West floodplain are at risk. Approx. 15,738 ha of rangeland at risk; plan early herd movement. (Aweil West maps ~318,965 cattle in baseline.)"
2010-11-08,Aweil Centre,1.61,0.799,0,harvest / drying,0.0,176.6,364961.8333817694,"SEVERE flood expected in Aweil Centre this week: q50 1.6 km², above the 95th percentile of all November weeks since 2000. Approx. 177 ha of rangeland at risk; plan early herd movement. (Aweil Centre maps ~364,962 cattle in baseline.)"
2010-11-08,Aweil East,31.59,0.936,0,harvest / drying,431.4,5644.9,505027.7802561831,"SEVERE flood expected in Aweil East this week: q50 31.6 km², above the 95th percentile of all November weeks since 2000. Approx. 431 ha of mapped crops in the Aweil East floodplain are at risk. Approx. 5,645 ha of rangeland at risk; plan early herd movement. (Aweil East maps ~505,028 cattle in baseline.)"
2010-11-08,Aweil North,1.38,0.662,3,harvest / drying,214.9,8258.8,463800.5038861725,"SEVERE flood expected in Aweil North this week: q50 1.4 km², above the 95th percentile of all November weeks since 2000. Harvest / drying: harvest window closing — move produce and equipment to higher ground before water rises. Approx. 215 ha of mapped crops in the Aweil North floodplain are at risk. Approx. 8,259 ha of rangeland at risk; plan early herd movement. (Aweil North maps ~463,801 cattle in baseline.)"
2010-11-08,Aweil South,25.49,0.933,2,harvest / drying,390.0,6249.2,141256.8006910938,"High flood risk in Aweil South this week: q50 25.5 km², above most November weeks since 2000. Harvest / drying: harvest window closing — move produce and equipment to higher ground before water rises. Approx. 390 ha of mapped crops in the Aweil South floodplain are at risk. Approx. 6,249 ha of rangeland at risk; plan early herd movement. (Aweil South maps ~141,257 cattle in baseline.)"
2010-11-08,Aweil West,2.82,0.846,2,harvest / drying,75.7,3249.6,318964.9515941321,"High flood risk in Aweil West this week: q50 2.8 km², above most November weeks since 2000. Harvest / drying: harvest window closing — move produce and equipment to higher ground before water rises. Approx. 76 ha of mapped crops in the Aweil West floodplain are at risk. Approx. 3,250 ha of rangeland at risk; plan early herd movement. (Aweil West maps ~318,965 cattle in baseline.)"
2010-11-15,Aweil Centre,1.43,0.775,0,harvest / drying,0.0,156.9,364961.8333817694,"SEVERE flood expected in Aweil Centre this week: q50 1.4 km², above the 95th percentile of all November weeks since 2000. Approx. 157 ha of rangeland at risk; plan early herd movement. (Aweil Centre maps ~364,962 cattle in baseline.)"
2010-11-15,Aweil East,31.3,0.93,0,harvest / drying,427.4,5593.4,505027.7802561831,"SEVERE flood expected in Aweil East this week: q50 31.3 km², above the 95th percentile of all November weeks since 2000. Approx. 427 ha of mapped crops in the Aweil East floodplain are at risk. Approx. 5,593 ha of rangeland at risk; plan early herd movement. (Aweil East maps ~505,028 cattle in baseline.)"
2010-11-15,Aweil North,1.12,0.37,3,harvest / drying,182.2,7002.0,463800.5038861725,"SEVERE flood expected in Aweil North this week: q50 1.1 km², above the 95th percentile of all November weeks since 2000. Harvest / drying: harvest window closing — move produce and equipment to higher ground before water rises. Approx. 182 ha of mapped crops in the Aweil North floodplain are at risk. Approx. 7,002 ha of rangeland at risk; plan early herd movement. (Aweil North maps ~463,801 cattle in baseline.)"
2010-11-15,Aweil South,30.84,0.925,2,harvest / drying,472.0,7562.0,141256.8006910938,"High flood risk in Aweil South this week: q50 30.8 km², above most November weeks since 2000. Harvest / drying: harvest window closing — move produce and equipment to higher ground before water rises. Approx. 472 ha of mapped crops in the Aweil South floodplain are at risk. Approx. 7,562 ha of rangeland at risk; plan early herd movement. (Aweil South maps ~141,257 cattle in baseline.)"
2010-11-15,Aweil West,1.42,0.67,0,harvest / drying,38.1,1636.8,318964.9515941321,"SEVERE flood expected in Aweil West this week: q50 1.4 km², above the 95th percentile of all November weeks since 2000. Approx. 38 ha of mapped crops in the Aweil West floodplain are at risk. Approx. 1,637 ha of rangeland at risk; plan early herd movement. (Aweil West maps ~318,965 cattle in baseline.)"
2010-11-22,Aweil Centre,0.59,0.755,0,harvest / drying,0.0,64.4,364961.8333817694,"SEVERE flood expected in Aweil Centre this week: q50 0.6 km², above the 95th percentile of all November weeks since 2000. Approx. 64 ha of rangeland at risk; plan early herd movement. (Aweil Centre maps ~364,962 cattle in baseline.)"
2010-11-22,Aweil East,29.2,0.933,0,harvest / drying,398.8,5218.6,505027.7802561831,"SEVERE flood expected in Aweil East this week: q50 29.2 km², above the 95th percentile of all November weeks since 2000. Approx. 399 ha of mapped crops in the Aweil East floodplain are at risk. Approx. 5,219 ha of rangeland at risk; plan early herd movement. (Aweil East maps ~505,028 cattle in baseline.)"
2010-11-22,Aweil North,0.9,0.27,3,harvest / drying,146.6,5636.3,463800.5038861725,"SEVERE flood expected in Aweil North this week: q50 0.9 km², above the 95th percentile of all November weeks since 2000. Harvest / drying: harvest window closing — move produce and equipment to higher ground before water rises. Approx. 147 ha of mapped crops in the Aweil North floodplain are at risk. Approx. 5,636 ha of rangeland at risk; plan early herd movement. (Aweil North maps ~463,801 cattle in baseline.)"
2010-11-22,Aweil South,28.74,0.929,2,harvest / drying,439.9,7047.6,141256.8006910938,"High flood risk in Aweil South this week: q50 28.7 km², above most November weeks since 2000. Harvest / drying: harvest window closing — move produce and equipment to higher ground before water rises. Approx. 440 ha of mapped crops in the Aweil South floodplain are at risk. Approx. 7,048 ha of rangeland at risk; plan early herd movement. (Aweil South maps ~141,257 cattle in baseline.)"
2010-11-22,Aweil West,1.47,0.632,0,harvest / drying,39.5,1693.3,318964.9515941321,"SEVERE flood expected in Aweil West this week: q50 1.5 km², above the 95th percentile of all November weeks since 2000. Approx. 39 ha of mapped crops in the Aweil West floodplain are at risk. Approx. 1,693 ha of rangeland at risk; plan early herd movement. (Aweil West maps ~318,965 cattle in baseline.)"
2010-11-29,Aweil Centre,0.04,0.497,0,harvest / drying,0.0,4.7,364961.8333817694,"No flood expected in Aweil Centre this week (q50 0.0 km²). Routine monitoring. Approx. 5 ha of rangeland at risk; plan early herd movement. (Aweil Centre maps ~364,962 cattle in baseline.)"
2010-11-29,Aweil East,27.58,0.927,0,harvest / drying,376.6,4927.9,505027.7802561831,"SEVERE flood expected in Aweil East this week: q50 27.6 km², above the 95th percentile of all November weeks since 2000. Approx. 377 ha of mapped crops in the Aweil East floodplain are at risk. Approx. 4,928 ha of rangeland at risk; plan early herd movement. (Aweil East maps ~505,028 cattle in baseline.)"
2010-11-29,Aweil North,0.01,0.107,0,harvest / drying,1.3,50.5,463800.5038861725,"No flood expected in Aweil North this week (q50 0.0 km²). Routine monitoring. Approx. 1 ha of mapped crops in the Aweil North floodplain are at risk. Approx. 51 ha of rangeland at risk; plan early herd movement. (Aweil North maps ~463,801 cattle in baseline.)"
2010-11-29,Aweil South,27.12,0.924,2,harvest / drying,415.0,6648.7,141256.8006910938,"High flood risk in Aweil South this week: q50 27.1 km², above most November weeks since 2000. Harvest / drying: harvest window closing — move produce and equipment to higher ground before water rises. Approx. 415 ha of mapped crops in the Aweil South floodplain are at risk. Approx. 6,649 ha of rangeland at risk; plan early herd movement. (Aweil South maps ~141,257 cattle in baseline.)"
2010-11-29,Aweil West,0.04,0.303,0,harvest / drying,1.1,48.9,318964.9515941321,"No flood expected in Aweil West this week (q50 0.0 km²). Routine monitoring. Approx. 1 ha of mapped crops in the Aweil West floodplain are at risk. Approx. 49 ha of rangeland at risk; plan early herd movement. (Aweil West maps ~318,965 cattle in baseline.)"
2010-12-06,Aweil Centre,0.04,0.298,0,dry season,0.0,14.1,364961.8333817694,"No flood expected in Aweil Centre this week (q50 0.0 km²). Routine monitoring. Approx. 14 ha of rangeland at risk; plan early herd movement. (Aweil Centre maps ~364,962 cattle in baseline.)"
2010-12-06,Aweil East,5.83,0.924,2,dry season,562.0,11408.6,505027.7802561831,"High flood risk in Aweil East this week: q50 5.8 km², above most December weeks since 2000. Dry season: little active cropping; floodplain grazing and residual flooding dominate. Approx. 562 ha of mapped crops in the Aweil East floodplain are at risk. Approx. 11,409 ha of rangeland at risk; plan early herd movement. (Aweil East maps ~505,028 cattle in baseline.)"
2010-12-06,Aweil North,0.0,0.035,0,dry season,0.0,0.0,463800.5038861725,"No flood expected in Aweil North this week (q50 0.0 km²). Routine monitoring. (Aweil North maps ~463,801 cattle in baseline.)"
2010-12-06,Aweil South,20.19,0.921,2,dry season,733.5,14691.9,141256.8006910938,"High flood risk in Aweil South this week: q50 20.2 km², above most December weeks since 2000. Dry season: little active cropping; floodplain grazing and residual flooding dominate. Approx. 734 ha of mapped crops in the Aweil South floodplain are at risk. Approx. 14,692 ha of rangeland at risk; plan early herd movement. (Aweil South maps ~141,257 cattle in baseline.)"
2010-12-06,Aweil West,0.01,0.08,3,dry season,0.0,0.0,318964.9515941321,"SEVERE flood expected in Aweil West this week: q50 0.0 km², above the 95th percentile of all December weeks since 2000. Dry season: little active cropping; floodplain grazing and residual flooding dominate. (Aweil West maps ~318,965 cattle in baseline.)"
2010-12-13,Aweil Centre,0.01,0.125,0,dry season,0.0,2.0,364961.8333817694,"No flood expected in Aweil Centre this week (q50 0.0 km²). Routine monitoring. Approx. 2 ha of rangeland at risk; plan early herd movement. (Aweil Centre maps ~364,962 cattle in baseline.)"
2010-12-13,Aweil East,1.71,0.923,0,dry season,164.8,3344.8,505027.7802561831,"SEVERE flood expected in Aweil East this week: q50 1.7 km², above the 95th percentile of all December weeks since 2000. Approx. 165 ha of mapped crops in the Aweil East floodplain are at risk. Approx. 3,345 ha of rangeland at risk; plan early herd movement. (Aweil East maps ~505,028 cattle in baseline.)"
2010-12-13,Aweil North,0.0,0.046,0,dry season,0.0,0.0,463800.5038861725,"No flood expected in Aweil North this week (q50 0.0 km²). Routine monitoring. (Aweil North maps ~463,801 cattle in baseline.)"
2010-12-13,Aweil South,6.89,0.921,0,dry season,250.4,5015.7,141256.8006910938,"SEVERE flood expected in Aweil South this week: q50 6.9 km², above the 95th percentile of all December weeks since 2000. Approx. 250 ha of mapped crops in the Aweil South floodplain are at risk. Approx. 5,016 ha of rangeland at risk; plan early herd movement. (Aweil South maps ~141,257 cattle in baseline.)"
2010-12-13,Aweil West,0.01,0.052,3,dry season,0.0,0.0,318964.9515941321,"SEVERE flood expected in Aweil West this week: q50 0.0 km², above the 95th percentile of all December weeks since 2000. Dry season: little active cropping; floodplain grazing and residual flooding dominate. (Aweil West maps ~318,965 cattle in baseline.)"
2010-12-20,Aweil Centre,0.0,0.119,0,dry season,0.0,0.0,364961.8333817694,"No flood expected in Aweil Centre this week (q50 0.0 km²). Routine monitoring. (Aweil Centre maps ~364,962 cattle in baseline.)"
2010-12-20,Aweil East,0.32,0.752,0,dry season,30.7,623.1,505027.7802561831,"SEVERE flood expected in Aweil East this week: q50 0.3 km², above the 95th percentile of all December weeks since 2000. Approx. 31 ha of mapped crops in the Aweil East floodplain are at risk. Approx. 623 ha of rangeland at risk; plan early herd movement. (Aweil East maps ~505,028 cattle in baseline.)"
2010-12-20,Aweil North,0.0,0.043,0,dry season,0.0,0.0,463800.5038861725,"No flood expected in Aweil North this week (q50 0.0 km²). Routine monitoring. (Aweil North maps ~463,801 cattle in baseline.)"
2010-12-20,Aweil South,5.58,0.915,0,dry season,202.9,4063.3,141256.8006910938,"SEVERE flood expected in Aweil South this week: q50 5.6 km², above the 95th percentile of all December weeks since 2000. Approx. 203 ha of mapped crops in the Aweil South floodplain are at risk. Approx. 4,063 ha of rangeland at risk; plan early herd movement. (Aweil South maps ~141,257 cattle in baseline.)"
2010-12-20,Aweil West,0.0,0.04,3,dry season,0.0,0.0,318964.9515941321,"SEVERE flood expected in Aweil West this week: q50 0.0 km², above the 95th percentile of all December weeks since 2000. Dry season: little active cropping; floodplain grazing and residual flooding dominate. (Aweil West maps ~318,965 cattle in baseline.)"
2010-12-27,Aweil Centre,0.0,0.076,0,dry season,0.0,0.0,364961.8333817694,"No flood expected in Aweil Centre this week (q50 0.0 km²). Routine monitoring. (Aweil Centre maps ~364,962 cattle in baseline.)"
2010-12-27,Aweil East,0.1,0.508,0,dry season,9.9,200.1,505027.7802561831,"SEVERE flood expected in Aweil East this week: q50 0.1 km², above the 95th percentile of all December weeks since 2000. Approx. 10 ha of mapped crops in the Aweil East floodplain are at risk. Approx. 200 ha of rangeland at risk; plan early herd movement. (Aweil East maps ~505,028 cattle in baseline.)"
2010-12-27,Aweil North,0.0,0.034,0,dry season,0.0,0.0,463800.5038861725,"No flood expected in Aweil North this week (q50 0.0 km²). Routine monitoring. (Aweil North maps ~463,801 cattle in baseline.)"
2010-12-27,Aweil South,0.23,0.691,0,dry season,8.3,167.1,141256.8006910938,"SEVERE flood expected in Aweil South this week: q50 0.2 km², above the 95th percentile of all December weeks since 2000. Approx. 8 ha of mapped crops in the Aweil South floodplain are at risk. Approx. 167 ha of rangeland at risk; plan early herd movement. (Aweil South maps ~141,257 cattle in baseline.)"
2010-12-27,Aweil West,0.0,0.037,0,dry season,0.0,0.0,318964.9515941321,"No flood expected in Aweil West this week (q50 0.0 km²). Routine monitoring. (Aweil West maps ~318,965 cattle in baseline.)"
2011-01-03,Aweil Centre,0.0,0.039,0,dry season (late phase),0.0,0.0,364961.8333817694,"No flood expected in Aweil Centre this week (q50 0.0 km²). Routine monitoring. (Aweil Centre maps ~364,962 cattle in baseline.)"
2011-01-03,Aweil East,0.06,0.35,2,dry season (late phase),0.0,436.0,505027.7802561831,"High flood risk in Aweil East this week: q50 0.1 km², above most January weeks since 2000. Dry season (late phase): little active cropping; floodplain grazing and residual flooding dominate. Approx. 436 ha of rangeland at risk; plan early herd movement. (Aweil East maps ~505,028 cattle in baseline.)"
2011-01-03,Aweil North,0.0,0.05,0,dry season (late phase),0.0,0.0,463800.5038861725,"No flood expected in Aweil North this week (q50 0.0 km²). Routine monitoring. (Aweil North maps ~463,801 cattle in baseline.)"
2011-01-03,Aweil South,0.04,0.222,0,dry season (late phase),0.2,7.9,141256.8006910938,"No flood expected in Aweil South this week (q50 0.0 km²). Routine monitoring. Approx. 8 ha of rangeland at risk; plan early herd movement. (Aweil South maps ~141,257 cattle in baseline.)"
2011-01-03,Aweil West,0.0,0.034,0,dry season (late phase),0.0,0.0,318964.9515941321,"No flood expected in Aweil West this week (q50 0.0 km²). Routine monitoring. (Aweil West maps ~318,965 cattle in baseline.)"
2011-01-10,Aweil Centre,0.0,0.045,0,dry season (late phase),0.0,0.0,364961.8333817694,"No flood expected in Aweil Centre this week (q50 0.0 km²). Routine monitoring. (Aweil Centre maps ~364,962 cattle in baseline.)"
2011-01-10,Aweil East,0.04,0.432,1,dry season (late phase),0.0,290.3,505027.7802561831,"Elevated flood probability in Aweil East this week (q50 0.0 km², 43% detection chance). Dry season (late phase): little active cropping; floodplain grazing and residual flooding dominate. Approx. 290 ha of rangeland at risk; plan early herd movement. (Aweil East maps ~505,028 cattle in baseline.)"
2011-01-10,Aweil North,0.0,0.054,0,dry season (late phase),0.0,0.0,463800.5038861725,"No flood expected in Aweil North this week (q50 0.0 km²). Routine monitoring. (Aweil North maps ~463,801 cattle in baseline.)"
2011-01-10,Aweil South,0.0,0.084,0,dry season (late phase),0.0,0.0,141256.8006910938,"No flood expected in Aweil South this week (q50 0.0 km²). Routine monitoring. (Aweil South maps ~141,257 cattle in baseline.)"
2011-01-10,Aweil West,0.0,0.033,0,dry season (late phase),0.0,0.0,318964.9515941321,"No flood expected in Aweil West this week (q50 0.0 km²). Routine monitoring. (Aweil West maps ~318,965 cattle in baseline.)"
2011-01-17,Aweil Centre,0.0,0.044,0,dry season (late phase),0.0,0.0,364961.8333817694,"No flood expected in Aweil Centre this week (q50 0.0 km²). Routine monitoring. (Aweil Centre maps ~364,962 cattle in baseline.)"
2011-01-17,Aweil East,0.02,0.169,0,dry season (late phase),0.0,124.7,505027.7802561831,"No flood expected in Aweil East this week (q50 0.0 km²). Routine monitoring. Approx. 125 ha of rangeland at risk; plan early herd movement. (Aweil East maps ~505,028 cattle in baseline.)"
2011-01-17,Aweil North,0.0,0.049,0,dry season (late phase),0.0,0.0,463800.5038861725,"No flood expected in Aweil North this week (q50 0.0 km²). Routine monitoring. (Aweil North maps ~463,801 cattle in baseline.)"
2011-01-17,Aweil South,0.0,0.04,0,dry season (late phase),0.0,0.0,141256.8006910938,"No flood expected in Aweil South this week (q50 0.0 km²). Routine monitoring. (Aweil South maps ~141,257 cattle in baseline.)"
2011-01-17,Aweil West,0.0,0.03,0,dry season (late phase),0.0,0.0,318964.9515941321,"No flood expected in Aweil West this week (q50 0.0 km²). Routine monitoring. (Aweil West maps ~318,965 cattle in baseline.)"
2011-01-24,Aweil Centre,0.0,0.044,0,dry season (late phase),0.0,0.0,364961.8333817694,"No flood expected in Aweil Centre this week (q50 0.0 km²). Routine monitoring. (Aweil Centre maps ~364,962 cattle in baseline.)"
2011-01-24,Aweil East,0.0,0.059,0,dry season (late phase),0.0,0.0,505027.7802561831,"No flood expected in Aweil East this week (q50 0.0 km²). Routine monitoring. (Aweil East maps ~505,028 cattle in baseline.)"
2011-01-24,Aweil North,0.0,0.034,0,dry season (late phase),0.0,0.0,463800.5038861725,"No flood expected in Aweil North this week (q50 0.0 km²). Routine monitoring. (Aweil North maps ~463,801 cattle in baseline.)"
2011-01-24,Aweil South,0.0,0.032,0,dry season (late phase),0.0,0.0,141256.8006910938,"No flood expected in Aweil South this week (q50 0.0 km²). Routine monitoring. (Aweil South maps ~141,257 cattle in baseline.)"
2011-01-24,Aweil West,0.0,0.037,0,dry season (late phase),0.0,0.0,318964.9515941321,"No flood expected in Aweil West this week (q50 0.0 km²). Routine monitoring. (Aweil West maps ~318,965 cattle in baseline.)"
2011-01-31,Aweil Centre,0.0,0.025,0,dry season (late phase),0.0,0.0,364961.8333817694,"No flood expected in Aweil Centre this week (q50 0.0 km²). Routine monitoring. (Aweil Centre maps ~364,962 cattle in baseline.)"
2011-01-31,Aweil East,0.0,0.031,0,dry season (late phase),0.0,0.0,505027.7802561831,"No flood expected in Aweil East this week (q50 0.0 km²). Routine monitoring. (Aweil East maps ~505,028 cattle in baseline.)"
2011-01-31,Aweil North,0.0,0.023,0,dry season (late phase),0.0,0.0,463800.5038861725,"No flood expected in Aweil North this week (q50 0.0 km²). Routine monitoring. (Aweil North maps ~463,801 cattle in baseline.)"
2011-01-31,Aweil South,0.0,0.023,0,dry season (late phase),0.0,0.0,141256.8006910938,"No flood expected in Aweil South this week (q50 0.0 km²). Routine monitoring. (Aweil South maps ~141,257 cattle in baseline.)"
2011-01-31,Aweil West,0.0,0.023,0,dry season (late phase),0.0,0.0,318964.9515941321,"No flood expected in Aweil West this week (q50 0.0 km²). Routine monitoring. (Aweil West maps ~318,965 cattle in baseline.)"
2011-02-07,Aweil Centre,0.0,0.029,0,dry season,0.0,0.0,364961.8333817694,"No flood expected in Aweil Centre this week (q50 0.0 km²). Routine monitoring. (Aweil Centre maps ~364,962 cattle in baseline.)"
2011-02-07,Aweil East,0.0,0.027,0,dry season,0.0,0.0,505027.7802561831,"No flood expected in Aweil East this week (q50 0.0 km²). Routine monitoring. (Aweil East maps ~505,028 cattle in baseline.)"
2011-02-07,Aweil North,0.0,0.023,0,dry season,0.0,0.0,463800.5038861725,"No flood expected in Aweil North this week (q50 0.0 km²). Routine monitoring. (Aweil North maps ~463,801 cattle in baseline.)"
2011-02-07,Aweil South,0.0,0.023,0,dry season,0.0,0.0,141256.8006910938,"No flood expected in Aweil South this week (q50 0.0 km²). Routine monitoring. (Aweil South maps ~141,257 cattle in baseline.)"
2011-02-07,Aweil West,0.0,0.027,0,dry season,0.0,0.0,318964.9515941321,"No flood expected in Aweil West this week (q50 0.0 km²). Routine monitoring. (Aweil West maps ~318,965 cattle in baseline.)"
2011-02-14,Aweil Centre,0.0,0.03,0,dry season,0.0,0.0,364961.8333817694,"No flood expected in Aweil Centre this week (q50 0.0 km²). Routine monitoring. (Aweil Centre maps ~364,962 cattle in baseline.)"
2011-02-14,Aweil East,0.0,0.024,0,dry season,0.0,0.0,505027.7802561831,"No flood expected in Aweil East this week (q50 0.0 km²). Routine monitoring. (Aweil East maps ~505,028 cattle in baseline.)"
2011-02-14,Aweil North,0.0,0.023,0,dry season,0.0,0.0,463800.5038861725,"No flood expected in Aweil North this week (q50 0.0 km²). Routine monitoring. (Aweil North maps ~463,801 cattle in baseline.)"
2011-02-14,Aweil South,0.0,0.023,0,dry season,0.0,0.0,141256.8006910938,"No flood expected in Aweil South this week (q50 0.0 km²). Routine monitoring. (Aweil South maps ~141,257 cattle in baseline.)"
2011-02-14,Aweil West,0.0,0.023,0,dry season,0.0,0.0,318964.9515941321,"No flood expected in Aweil West this week (q50 0.0 km²). Routine monitoring. (Aweil West maps ~318,965 cattle in baseline.)"
2011-02-21,Aweil Centre,0.0,0.031,0,dry season,0.0,0.0,364961.8333817694,"No flood expected in Aweil Centre this week (q50 0.0 km²). Routine monitoring. (Aweil Centre maps ~364,962 cattle in baseline.)"
2011-02-21,Aweil East,0.0,0.025,0,dry season,0.0,0.0,505027.7802561831,"No flood expected in Aweil East this week (q50 0.0 km²). Routine monitoring. (Aweil East maps ~505,028 cattle in baseline.)"
2011-02-21,Aweil North,0.0,0.022,0,dry season,0.0,0.0,463800.5038861725,"No flood expected in Aweil North this week (q50 0.0 km²). Routine monitoring. (Aweil North maps ~463,801 cattle in baseline.)"
2011-02-21,Aweil South,0.0,0.022,0,dry season,0.0,0.0,141256.8006910938,"No flood expected in Aweil South this week (q50 0.0 km²). Routine monitoring. (Aweil South maps ~141,257 cattle in baseline.)"
2011-02-21,Aweil West,0.0,0.022,0,dry season,0.0,0.0,318964.9515941321,"No flood expected in Aweil West this week (q50 0.0 km²). Routine monitoring. (Aweil West maps ~318,965 cattle in baseline.)"
2011-02-28,Aweil Centre,0.0,0.032,0,dry season,0.0,0.0,364961.8333817694,"No flood expected in Aweil Centre this week (q50 0.0 km²). Routine monitoring. (Aweil Centre maps ~364,962 cattle in baseline.)"
2011-02-28,Aweil East,0.0,0.027,0,dry season,0.0,0.0,505027.7802561831,"No flood expected in Aweil East this week (q50 0.0 km²). Routine monitoring. (Aweil East maps ~505,028 cattle in baseline.)"
2011-02-28,Aweil North,0.0,0.025,0,dry season,0.0,0.0,463800.5038861725,"No flood expected in Aweil North this week (q50 0.0 km²). Routine monitoring. (Aweil North maps ~463,801 cattle in baseline.)"
2011-02-28,Aweil South,0.0,0.025,0,dry season,0.0,0.0,141256.8006910938,"No flood expected in Aweil South this week (q50 0.0 km²). Routine monitoring. (Aweil South maps ~141,257 cattle in baseline.)"
2011-02-28,Aweil West,0.0,0.029,0,dry season,0.0,0.0,318964.9515941321,"No flood expected in Aweil West this week (q50 0.0 km²). Routine monitoring. (Aweil West maps ~318,965 cattle in baseline.)"
2011-03-07,Aweil Centre,0.0,0.033,0,early season (sowing),0.0,0.0,364961.8333817694,"No flood expected in Aweil Centre this week (q50 0.0 km²). Routine monitoring. (Aweil Centre maps ~364,962 cattle in baseline.)"
2011-03-07,Aweil East,0.0,0.027,0,early season (sowing),0.0,0.0,505027.7802561831,"No flood expected in Aweil East this week (q50 0.0 km²). Routine monitoring. (Aweil East maps ~505,028 cattle in baseline.)"
2011-03-07,Aweil North,0.0,0.023,0,early season (sowing),0.0,0.0,463800.5038861725,"No flood expected in Aweil North this week (q50 0.0 km²). Routine monitoring. (Aweil North maps ~463,801 cattle in baseline.)"
2011-03-07,Aweil South,0.0,0.023,0,early season (sowing),0.0,0.0,141256.8006910938,"No flood expected in Aweil South this week (q50 0.0 km²). Routine monitoring. (Aweil South maps ~141,257 cattle in baseline.)"
2011-03-07,Aweil West,0.0,0.027,0,early season (sowing),0.0,0.0,318964.9515941321,"No flood expected in Aweil West this week (q50 0.0 km²). Routine monitoring. (Aweil West maps ~318,965 cattle in baseline.)"
2011-03-14,Aweil Centre,0.0,0.034,0,early season (sowing),0.0,0.0,364961.8333817694,"No flood expected in Aweil Centre this week (q50 0.0 km²). Routine monitoring. (Aweil Centre maps ~364,962 cattle in baseline.)"
2011-03-14,Aweil East,0.0,0.027,0,early season (sowing),0.0,0.0,505027.7802561831,"No flood expected in Aweil East this week (q50 0.0 km²). Routine monitoring. (Aweil East maps ~505,028 cattle in baseline.)"
2011-03-14,Aweil North,0.0,0.023,0,early season (sowing),0.0,0.0,463800.5038861725,"No flood expected in Aweil North this week (q50 0.0 km²). Routine monitoring. (Aweil North maps ~463,801 cattle in baseline.)"
2011-03-14,Aweil South,0.0,0.023,0,early season (sowing),0.0,0.0,141256.8006910938,"No flood expected in Aweil South this week (q50 0.0 km²). Routine monitoring. (Aweil South maps ~141,257 cattle in baseline.)"
2011-03-14,Aweil West,0.0,0.024,0,early season (sowing),0.0,0.0,318964.9515941321,"No flood expected in Aweil West this week (q50 0.0 km²). Routine monitoring. (Aweil West maps ~318,965 cattle in baseline.)"
2011-03-21,Aweil Centre,0.0,0.036,0,early season (sowing),0.0,0.0,364961.8333817694,"No flood expected in Aweil Centre this week (q50 0.0 km²). Routine monitoring. (Aweil Centre maps ~364,962 cattle in baseline.)"
2011-03-21,Aweil East,0.0,0.029,0,early season (sowing),0.0,0.0,505027.7802561831,"No flood expected in Aweil East this week (q50 0.0 km²). Routine monitoring. (Aweil East maps ~505,028 cattle in baseline.)"
2011-03-21,Aweil North,0.0,0.024,0,early season (sowing),0.0,0.0,463800.5038861725,"No flood expected in Aweil North this week (q50 0.0 km²). Routine monitoring. (Aweil North maps ~463,801 cattle in baseline.)"
2011-03-21,Aweil South,0.0,0.024,0,early season (sowing),0.0,0.0,141256.8006910938,"No flood expected in Aweil South this week (q50 0.0 km²). Routine monitoring. (Aweil South maps ~141,257 cattle in baseline.)"
2011-03-21,Aweil West,0.0,0.025,0,early season (sowing),0.0,0.0,318964.9515941321,"No flood expected in Aweil West this week (q50 0.0 km²). Routine monitoring. (Aweil West maps ~318,965 cattle in baseline.)"
2011-03-28,Aweil Centre,0.0,0.034,0,early season (sowing),0.0,0.0,364961.8333817694,"No flood expected in Aweil Centre this week (q50 0.0 km²). Routine monitoring. (Aweil Centre maps ~364,962 cattle in baseline.)"
2011-03-28,Aweil East,0.0,0.029,0,early season (sowing),0.0,0.0,505027.7802561831,"No flood expected in Aweil East this week (q50 0.0 km²). Routine monitoring. (Aweil East maps ~505,028 cattle in baseline.)"
2011-03-28,Aweil North,0.0,0.025,0,early season (sowing),0.0,0.0,463800.5038861725,"No flood expected in Aweil North this week (q50 0.0 km²). Routine monitoring. (Aweil North maps ~463,801 cattle in baseline.)"
2011-03-28,Aweil South,0.0,0.025,0,early season (sowing),0.0,0.0,141256.8006910938,"No flood expected in Aweil South this week (q50 0.0 km²). Routine monitoring. (Aweil South maps ~141,257 cattle in baseline.)"
2011-03-28,Aweil West,0.0,0.025,0,early season (sowing),0.0,0.0,318964.9515941321,"No flood expected in Aweil West this week (q50 0.0 km²). Routine monitoring. (Aweil West maps ~318,965 cattle in baseline.)"
2011-04-04,Aweil Centre,0.0,0.037,0,crop establishment,0.0,0.0,364961.8333817694,"No flood expected in Aweil Centre this week (q50 0.0 km²). Routine monitoring. (Aweil Centre maps ~364,962 cattle in baseline.)"
2011-04-04,Aweil East,0.0,0.03,0,crop establishment,0.0,0.0,505027.7802561831,"No flood expected in Aweil East this week (q50 0.0 km²). Routine monitoring. (Aweil East maps ~505,028 cattle in baseline.)"
2011-04-04,Aweil North,0.0,0.027,0,crop establishment,0.0,0.0,463800.5038861725,"No flood expected in Aweil North this week (q50 0.0 km²). Routine monitoring. (Aweil North maps ~463,801 cattle in baseline.)"
2011-04-04,Aweil South,0.0,0.027,0,crop establishment,0.0,0.0,141256.8006910938,"No flood expected in Aweil South this week (q50 0.0 km²). Routine monitoring. (Aweil South maps ~141,257 cattle in baseline.)"
2011-04-04,Aweil West,0.0,0.031,0,crop establishment,0.0,0.0,318964.9515941321,"No flood expected in Aweil West this week (q50 0.0 km²). Routine monitoring. (Aweil West maps ~318,965 cattle in baseline.)"
2011-04-11,Aweil Centre,0.0,0.054,0,crop establishment,0.0,0.0,364961.8333817694,"No flood expected in Aweil Centre this week (q50 0.0 km²). Routine monitoring. (Aweil Centre maps ~364,962 cattle in baseline.)"
2011-04-11,Aweil East,0.0,0.045,0,crop establishment,0.0,0.0,505027.7802561831,"No flood expected in Aweil East this week (q50 0.0 km²). Routine monitoring. (Aweil East maps ~505,028 cattle in baseline.)"
2011-04-11,Aweil North,0.0,0.04,0,crop establishment,0.0,0.0,463800.5038861725,"No flood expected in Aweil North this week (q50 0.0 km²). Routine monitoring. (Aweil North maps ~463,801 cattle in baseline.)"
2011-04-11,Aweil South,0.0,0.042,0,crop establishment,0.0,0.0,141256.8006910938,"No flood expected in Aweil South this week (q50 0.0 km²). Routine monitoring. (Aweil South maps ~141,257 cattle in baseline.)"
2011-04-11,Aweil West,0.0,0.052,0,crop establishment,0.0,0.0,318964.9515941321,"No flood expected in Aweil West this week (q50 0.0 km²). Routine monitoring. (Aweil West maps ~318,965 cattle in baseline.)"
2011-04-18,Aweil Centre,0.0,0.024,0,crop establishment,0.0,0.0,364961.8333817694,"No flood expected in Aweil Centre this week (q50 0.0 km²). Routine monitoring. (Aweil Centre maps ~364,962 cattle in baseline.)"
2011-04-18,Aweil East,0.0,0.028,0,crop establishment,0.0,0.0,505027.7802561831,"No flood expected in Aweil East this week (q50 0.0 km²). Routine monitoring. (Aweil East maps ~505,028 cattle in baseline.)"
2011-04-18,Aweil North,0.0,0.024,0,crop establishment,0.0,0.0,463800.5038861725,"No flood expected in Aweil North this week (q50 0.0 km²). Routine monitoring. (Aweil North maps ~463,801 cattle in baseline.)"
2011-04-18,Aweil South,0.0,0.024,0,crop establishment,0.0,0.0,141256.8006910938,"No flood expected in Aweil South this week (q50 0.0 km²). Routine monitoring. (Aweil South maps ~141,257 cattle in baseline.)"
2011-04-18,Aweil West,0.0,0.025,0,crop establishment,0.0,0.0,318964.9515941321,"No flood expected in Aweil West this week (q50 0.0 km²). Routine monitoring. (Aweil West maps ~318,965 cattle in baseline.)"
2011-04-25,Aweil Centre,0.0,0.045,0,crop establishment,0.0,0.0,364961.8333817694,"No flood expected in Aweil Centre this week (q50 0.0 km²). Routine monitoring. (Aweil Centre maps ~364,962 cattle in baseline.)"
2011-04-25,Aweil East,0.0,0.048,0,crop establishment,0.0,0.0,505027.7802561831,"No flood expected in Aweil East this week (q50 0.0 km²). Routine monitoring. (Aweil East maps ~505,028 cattle in baseline.)"
2011-04-25,Aweil North,0.0,0.034,0,crop establishment,0.0,0.0,463800.5038861725,"No flood expected in Aweil North this week (q50 0.0 km²). Routine monitoring. (Aweil North maps ~463,801 cattle in baseline.)"
2011-04-25,Aweil South,0.0,0.037,0,crop establishment,0.0,0.0,141256.8006910938,"No flood expected in Aweil South this week (q50 0.0 km²). Routine monitoring. (Aweil South maps ~141,257 cattle in baseline.)"
2011-04-25,Aweil West,0.0,0.044,0,crop establishment,0.0,0.0,318964.9515941321,"No flood expected in Aweil West this week (q50 0.0 km²). Routine monitoring. (Aweil West maps ~318,965 cattle in baseline.)"
2011-05-02,Aweil Centre,0.0,0.041,0,vegetative growth,0.0,0.0,364961.8333817694,"No flood expected in Aweil Centre this week (q50 0.0 km²). Routine monitoring. (Aweil Centre maps ~364,962 cattle in baseline.)"
2011-05-02,Aweil East,0.0,0.039,0,vegetative growth,0.0,0.0,505027.7802561831,"No flood expected in Aweil East this week (q50 0.0 km²). Routine monitoring. (Aweil East maps ~505,028 cattle in baseline.)"
2011-05-02,Aweil North,0.0,0.03,0,vegetative growth,0.0,0.0,463800.5038861725,"No flood expected in Aweil North this week (q50 0.0 km²). Routine monitoring. (Aweil North maps ~463,801 cattle in baseline.)"
2011-05-02,Aweil South,0.0,0.03,0,vegetative growth,0.0,0.0,141256.8006910938,"No flood expected in Aweil South this week (q50 0.0 km²). Routine monitoring. (Aweil South maps ~141,257 cattle in baseline.)"
2011-05-02,Aweil West,0.0,0.03,0,vegetative growth,0.0,0.0,318964.9515941321,"No flood expected in Aweil West this week (q50 0.0 km²). Routine monitoring. (Aweil West maps ~318,965 cattle in baseline.)"
2011-05-09,Aweil Centre,0.0,0.038,0,vegetative growth,0.0,0.0,364961.8333817694,"No flood expected in Aweil Centre this week (q50 0.0 km²). Routine monitoring. (Aweil Centre maps ~364,962 cattle in baseline.)"
2011-05-09,Aweil East,0.0,0.039,0,vegetative growth,0.0,0.0,505027.7802561831,"No flood expected in Aweil East this week (q50 0.0 km²). Routine monitoring. (Aweil East maps ~505,028 cattle in baseline.)"
2011-05-09,Aweil North,0.0,0.029,0,vegetative growth,0.0,0.0,463800.5038861725,"No flood expected in Aweil North this week (q50 0.0 km²). Routine monitoring. (Aweil North maps ~463,801 cattle in baseline.)"
2011-05-09,Aweil South,0.0,0.029,0,vegetative growth,0.0,0.0,141256.8006910938,"No flood expected in Aweil South this week (q50 0.0 km²). Routine monitoring. (Aweil South maps ~141,257 cattle in baseline.)"
2011-05-09,Aweil West,0.0,0.03,0,vegetative growth,0.0,0.0,318964.9515941321,"No flood expected in Aweil West this week (q50 0.0 km²). Routine monitoring. (Aweil West maps ~318,965 cattle in baseline.)"
2011-05-16,Aweil Centre,0.0,0.032,0,vegetative growth,0.0,0.0,364961.8333817694,"No flood expected in Aweil Centre this week (q50 0.0 km²). Routine monitoring. (Aweil Centre maps ~364,962 cattle in baseline.)"
2011-05-16,Aweil East,0.0,0.031,0,vegetative growth,0.0,0.0,505027.7802561831,"No flood expected in Aweil East this week (q50 0.0 km²). Routine monitoring. (Aweil East maps ~505,028 cattle in baseline.)"
2011-05-16,Aweil North,0.0,0.025,0,vegetative growth,0.0,0.0,463800.5038861725,"No flood expected in Aweil North this week (q50 0.0 km²). Routine monitoring. (Aweil North maps ~463,801 cattle in baseline.)"
2011-05-16,Aweil South,0.0,0.025,0,vegetative growth,0.0,0.0,141256.8006910938,"No flood expected in Aweil South this week (q50 0.0 km²). Routine monitoring. (Aweil South maps ~141,257 cattle in baseline.)"
2011-05-16,Aweil West,0.0,0.027,0,vegetative growth,0.0,0.0,318964.9515941321,"No flood expected in Aweil West this week (q50 0.0 km²). Routine monitoring. (Aweil West maps ~318,965 cattle in baseline.)"
2011-05-23,Aweil Centre,0.0,0.049,0,vegetative growth,0.0,0.0,364961.8333817694,"No flood expected in Aweil Centre this week (q50 0.0 km²). Routine monitoring. (Aweil Centre maps ~364,962 cattle in baseline.)"
2011-05-23,Aweil East,0.0,0.045,0,vegetative growth,0.0,0.0,505027.7802561831,"No flood expected in Aweil East this week (q50 0.0 km²). Routine monitoring. (Aweil East maps ~505,028 cattle in baseline.)"
2011-05-23,Aweil North,0.0,0.032,0,vegetative growth,0.0,0.0,463800.5038861725,"No flood expected in Aweil North this week (q50 0.0 km²). Routine monitoring. (Aweil North maps ~463,801 cattle in baseline.)"
2011-05-23,Aweil South,0.0,0.032,0,vegetative growth,0.0,0.0,141256.8006910938,"No flood expected in Aweil South this week (q50 0.0 km²). Routine monitoring. (Aweil South maps ~141,257 cattle in baseline.)"
2011-05-23,Aweil West,0.0,0.033,0,vegetative growth,0.0,0.0,318964.9515941321,"No flood expected in Aweil West this week (q50 0.0 km²). Routine monitoring. (Aweil West maps ~318,965 cattle in baseline.)"
2011-05-30,Aweil Centre,0.0,0.034,0,vegetative growth,0.0,0.0,364961.8333817694,"No flood expected in Aweil Centre this week (q50 0.0 km²). Routine monitoring. (Aweil Centre maps ~364,962 cattle in baseline.)"
2011-05-30,Aweil East,0.0,0.034,0,vegetative growth,0.0,0.0,505027.7802561831,"No flood expected in Aweil East this week (q50 0.0 km²). Routine monitoring. (Aweil East maps ~505,028 cattle in baseline.)"
2011-05-30,Aweil North,0.0,0.028,0,vegetative growth,0.0,0.0,463800.5038861725,"No flood expected in Aweil North this week (q50 0.0 km²). Routine monitoring. (Aweil North maps ~463,801 cattle in baseline.)"
2011-05-30,Aweil South,0.0,0.028,0,vegetative growth,0.0,0.0,141256.8006910938,"No flood expected in Aweil South this week (q50 0.0 km²). Routine monitoring. (Aweil South maps ~141,257 cattle in baseline.)"
2011-05-30,Aweil West,0.0,0.029,0,vegetative growth,0.0,0.0,318964.9515941321,"No flood expected in Aweil West this week (q50 0.0 km²). Routine monitoring. (Aweil West maps ~318,965 cattle in baseline.)"
2011-06-06,Aweil Centre,0.0,0.042,0,vegetative growth (peak),0.0,0.0,364961.8333817694,"No flood expected in Aweil Centre this week (q50 0.0 km²). Routine monitoring. (Aweil Centre maps ~364,962 cattle in baseline.)"
2011-06-06,Aweil East,0.0,0.042,0,vegetative growth (peak),0.0,0.0,505027.7802561831,"No flood expected in Aweil East this week (q50 0.0 km²). Routine monitoring. (Aweil East maps ~505,028 cattle in baseline.)"
2011-06-06,Aweil North,0.0,0.035,0,vegetative growth (peak),0.0,0.0,463800.5038861725,"No flood expected in Aweil North this week (q50 0.0 km²). Routine monitoring. (Aweil North maps ~463,801 cattle in baseline.)"
2011-06-06,Aweil South,0.0,0.034,0,vegetative growth (peak),0.0,0.0,141256.8006910938,"No flood expected in Aweil South this week (q50 0.0 km²). Routine monitoring. (Aweil South maps ~141,257 cattle in baseline.)"
2011-06-06,Aweil West,0.0,0.036,0,vegetative growth (peak),0.0,0.0,318964.9515941321,"No flood expected in Aweil West this week (q50 0.0 km²). Routine monitoring. (Aweil West maps ~318,965 cattle in baseline.)"
2011-06-13,Aweil Centre,0.0,0.05,0,vegetative growth (peak),0.0,0.0,364961.8333817694,"No flood expected in Aweil Centre this week (q50 0.0 km²). Routine monitoring. (Aweil Centre maps ~364,962 cattle in baseline.)"
2011-06-13,Aweil East,0.0,0.053,0,vegetative growth (peak),0.0,0.0,505027.7802561831,"No flood expected in Aweil East this week (q50 0.0 km²). Routine monitoring. (Aweil East maps ~505,028 cattle in baseline.)"
2011-06-13,Aweil North,0.0,0.039,0,vegetative growth (peak),0.0,0.0,463800.5038861725,"No flood expected in Aweil North this week (q50 0.0 km²). Routine monitoring. (Aweil North maps ~463,801 cattle in baseline.)"
2011-06-13,Aweil South,0.0,0.04,0,vegetative growth (peak),0.0,0.0,141256.8006910938,"No flood expected in Aweil South this week (q50 0.0 km²). Routine monitoring. (Aweil South maps ~141,257 cattle in baseline.)"
2011-06-13,Aweil West,0.0,0.042,0,vegetative growth (peak),0.0,0.0,318964.9515941321,"No flood expected in Aweil West this week (q50 0.0 km²). Routine monitoring. (Aweil West maps ~318,965 cattle in baseline.)"
2011-06-20,Aweil Centre,0.0,0.03,0,vegetative growth (peak),0.0,0.0,364961.8333817694,"No flood expected in Aweil Centre this week (q50 0.0 km²). Routine monitoring. (Aweil Centre maps ~364,962 cattle in baseline.)"
2011-06-20,Aweil East,0.0,0.032,0,vegetative growth (peak),0.0,0.0,505027.7802561831,"No flood expected in Aweil East this week (q50 0.0 km²). Routine monitoring. (Aweil East maps ~505,028 cattle in baseline.)"
2011-06-20,Aweil North,0.0,0.027,0,vegetative growth (peak),0.0,0.0,463800.5038861725,"No flood expected in Aweil North this week (q50 0.0 km²). Routine monitoring. (Aweil North maps ~463,801 cattle in baseline.)"
2011-06-20,Aweil South,0.0,0.026,0,vegetative growth (peak),0.0,0.0,141256.8006910938,"No flood expected in Aweil South this week (q50 0.0 km²). Routine monitoring. (Aweil South maps ~141,257 cattle in baseline.)"
2011-06-20,Aweil West,0.0,0.026,0,vegetative growth (peak),0.0,0.0,318964.9515941321,"No flood expected in Aweil West this week (q50 0.0 km²). Routine monitoring. (Aweil West maps ~318,965 cattle in baseline.)"
2011-06-27,Aweil Centre,0.0,0.041,0,vegetative growth (peak),0.0,0.0,364961.8333817694,"No flood expected in Aweil Centre this week (q50 0.0 km²). Routine monitoring. (Aweil Centre maps ~364,962 cattle in baseline.)"
2011-06-27,Aweil East,0.0,0.048,0,vegetative growth (peak),0.0,0.0,505027.7802561831,"No flood expected in Aweil East this week (q50 0.0 km²). Routine monitoring. (Aweil East maps ~505,028 cattle in baseline.)"
2011-06-27,Aweil North,0.0,0.04,0,vegetative growth (peak),0.0,0.0,463800.5038861725,"No flood expected in Aweil North this week (q50 0.0 km²). Routine monitoring. (Aweil North maps ~463,801 cattle in baseline.)"
2011-06-27,Aweil South,0.0,0.04,0,vegetative growth (peak),0.0,0.0,141256.8006910938,"No flood expected in Aweil South this week (q50 0.0 km²). Routine monitoring. (Aweil South maps ~141,257 cattle in baseline.)"
2011-06-27,Aweil West,0.0,0.041,0,vegetative growth (peak),0.0,0.0,318964.9515941321,"No flood expected in Aweil West this week (q50 0.0 km²). Routine monitoring. (Aweil West maps ~318,965 cattle in baseline.)"
2011-07-04,Aweil Centre,0.0,0.038,0,vegetative growth (peak),0.0,0.0,364961.8333817694,"No flood expected in Aweil Centre this week (q50 0.0 km²). Routine monitoring. (Aweil Centre maps ~364,962 cattle in baseline.)"
2011-07-04,Aweil East,0.0,0.043,0,vegetative growth (peak),0.0,0.0,505027.7802561831,"No flood expected in Aweil East this week (q50 0.0 km²). Routine monitoring. (Aweil East maps ~505,028 cattle in baseline.)"
2011-07-04,Aweil North,0.0,0.032,0,vegetative growth (peak),0.0,0.0,463800.5038861725,"No flood expected in Aweil North this week (q50 0.0 km²). Routine monitoring. (Aweil North maps ~463,801 cattle in baseline.)"
2011-07-04,Aweil South,0.0,0.032,0,vegetative growth (peak),0.0,0.0,141256.8006910938,"No flood expected in Aweil South this week (q50 0.0 km²). Routine monitoring. (Aweil South maps ~141,257 cattle in baseline.)"
2011-07-04,Aweil West,0.0,0.035,0,vegetative growth (peak),0.0,0.0,318964.9515941321,"No flood expected in Aweil West this week (q50 0.0 km²). Routine monitoring. (Aweil West maps ~318,965 cattle in baseline.)"
2011-07-11,Aweil Centre,0.0,0.059,0,vegetative growth (peak),0.0,0.0,364961.8333817694,"No flood expected in Aweil Centre this week (q50 0.0 km²). Routine monitoring. (Aweil Centre maps ~364,962 cattle in baseline.)"
2011-07-11,Aweil East,0.0,0.066,0,vegetative growth (peak),0.0,0.0,505027.7802561831,"No flood expected in Aweil East this week (q50 0.0 km²). Routine monitoring. (Aweil East maps ~505,028 cattle in baseline.)"
2011-07-11,Aweil North,0.0,0.044,0,vegetative growth (peak),0.0,0.0,463800.5038861725,"No flood expected in Aweil North this week (q50 0.0 km²). Routine monitoring. (Aweil North maps ~463,801 cattle in baseline.)"
2011-07-11,Aweil South,0.0,0.043,0,vegetative growth (peak),0.0,0.0,141256.8006910938,"No flood expected in Aweil South this week (q50 0.0 km²). Routine monitoring. (Aweil South maps ~141,257 cattle in baseline.)"
2011-07-11,Aweil West,0.0,0.045,0,vegetative growth (peak),0.0,0.0,318964.9515941321,"No flood expected in Aweil West this week (q50 0.0 km²). Routine monitoring. (Aweil West maps ~318,965 cattle in baseline.)"
2011-07-18,Aweil Centre,0.0,0.046,0,vegetative growth (peak),0.0,0.0,364961.8333817694,"No flood expected in Aweil Centre this week (q50 0.0 km²). Routine monitoring. (Aweil Centre maps ~364,962 cattle in baseline.)"
2011-07-18,Aweil East,0.0,0.055,0,vegetative growth (peak),0.0,0.0,505027.7802561831,"No flood expected in Aweil East this week (q50 0.0 km²). Routine monitoring. (Aweil East maps ~505,028 cattle in baseline.)"
2011-07-18,Aweil North,0.0,0.047,0,vegetative growth (peak),0.0,0.0,463800.5038861725,"No flood expected in Aweil North this week (q50 0.0 km²). Routine monitoring. (Aweil North maps ~463,801 cattle in baseline.)"
2011-07-18,Aweil South,0.0,0.052,0,vegetative growth (peak),0.0,0.0,141256.8006910938,"No flood expected in Aweil South this week (q50 0.0 km²). Routine monitoring. (Aweil South maps ~141,257 cattle in baseline.)"
2011-07-18,Aweil West,0.0,0.057,0,vegetative growth (peak),0.0,0.0,318964.9515941321,"No flood expected in Aweil West this week (q50 0.0 km²). Routine monitoring. (Aweil West maps ~318,965 cattle in baseline.)"
2011-07-25,Aweil Centre,0.0,0.04,0,vegetative growth (peak),0.0,0.0,364961.8333817694,"No flood expected in Aweil Centre this week (q50 0.0 km²). Routine monitoring. (Aweil Centre maps ~364,962 cattle in baseline.)"
2011-07-25,Aweil East,0.0,0.048,0,vegetative growth (peak),0.0,0.0,505027.7802561831,"No flood expected in Aweil East this week (q50 0.0 km²). Routine monitoring. (Aweil East maps ~505,028 cattle in baseline.)"
2011-07-25,Aweil North,0.0,0.035,0,vegetative growth (peak),0.0,0.0,463800.5038861725,"No flood expected in Aweil North this week (q50 0.0 km²). Routine monitoring. (Aweil North maps ~463,801 cattle in baseline.)"
2011-07-25,Aweil South,0.0,0.035,0,vegetative growth (peak),0.0,0.0,141256.8006910938,"No flood expected in Aweil South this week (q50 0.0 km²). Routine monitoring. (Aweil South maps ~141,257 cattle in baseline.)"
2011-07-25,Aweil West,0.0,0.036,0,vegetative growth (peak),0.0,0.0,318964.9515941321,"No flood expected in Aweil West this week (q50 0.0 km²). Routine monitoring. (Aweil West maps ~318,965 cattle in baseline.)"
2011-08-01,Aweil Centre,0.0,0.077,0,maturation,0.0,0.0,364961.8333817694,"No flood expected in Aweil Centre this week (q50 0.0 km²). Routine monitoring. (Aweil Centre maps ~364,962 cattle in baseline.)"
2011-08-01,Aweil East,0.0,0.103,0,maturation,0.0,0.0,505027.7802561831,"No flood expected in Aweil East this week (q50 0.0 km²). Routine monitoring. (Aweil East maps ~505,028 cattle in baseline.)"
2011-08-01,Aweil North,0.0,0.051,0,maturation,0.0,0.0,463800.5038861725,"No flood expected in Aweil North this week (q50 0.0 km²). Routine monitoring. (Aweil North maps ~463,801 cattle in baseline.)"
2011-08-01,Aweil South,0.0,0.056,0,maturation,0.0,0.0,141256.8006910938,"No flood expected in Aweil South this week (q50 0.0 km²). Routine monitoring. (Aweil South maps ~141,257 cattle in baseline.)"
2011-08-01,Aweil West,0.0,0.062,0,maturation,0.0,0.0,318964.9515941321,"No flood expected in Aweil West this week (q50 0.0 km²). Routine monitoring. (Aweil West maps ~318,965 cattle in baseline.)"
2011-08-08,Aweil Centre,0.0,0.077,0,maturation,0.0,0.0,364961.8333817694,"No flood expected in Aweil Centre this week (q50 0.0 km²). Routine monitoring. (Aweil Centre maps ~364,962 cattle in baseline.)"
2011-08-08,Aweil East,0.0,0.095,0,maturation,0.0,0.0,505027.7802561831,"No flood expected in Aweil East this week (q50 0.0 km²). Routine monitoring. (Aweil East maps ~505,028 cattle in baseline.)"
2011-08-08,Aweil North,0.0,0.047,0,maturation,0.0,0.0,463800.5038861725,"No flood expected in Aweil North this week (q50 0.0 km²). Routine monitoring. (Aweil North maps ~463,801 cattle in baseline.)"
2011-08-08,Aweil South,0.0,0.054,0,maturation,0.0,0.0,141256.8006910938,"No flood expected in Aweil South this week (q50 0.0 km²). Routine monitoring. (Aweil South maps ~141,257 cattle in baseline.)"
2011-08-08,Aweil West,0.0,0.058,0,maturation,0.0,0.0,318964.9515941321,"No flood expected in Aweil West this week (q50 0.0 km²). Routine monitoring. (Aweil West maps ~318,965 cattle in baseline.)"
2011-08-15,Aweil Centre,0.0,0.089,0,maturation,0.0,0.0,364961.8333817694,"No flood expected in Aweil Centre this week (q50 0.0 km²). Routine monitoring. (Aweil Centre maps ~364,962 cattle in baseline.)"
2011-08-15,Aweil East,0.0,0.116,0,maturation,0.0,0.0,505027.7802561831,"No flood expected in Aweil East this week (q50 0.0 km²). Routine monitoring. (Aweil East maps ~505,028 cattle in baseline.)"
2011-08-15,Aweil North,0.0,0.073,0,maturation,0.0,0.0,463800.5038861725,"No flood expected in Aweil North this week (q50 0.0 km²). Routine monitoring. (Aweil North maps ~463,801 cattle in baseline.)"
2011-08-15,Aweil South,0.0,0.092,0,maturation,0.0,0.0,141256.8006910938,"No flood expected in Aweil South this week (q50 0.0 km²). Routine monitoring. (Aweil South maps ~141,257 cattle in baseline.)"
2011-08-15,Aweil West,0.0,0.098,0,maturation,0.0,0.0,318964.9515941321,"No flood expected in Aweil West this week (q50 0.0 km²). Routine monitoring. (Aweil West maps ~318,965 cattle in baseline.)"
2011-08-22,Aweil Centre,0.0,0.177,0,maturation,0.0,0.0,364961.8333817694,"No flood expected in Aweil Centre this week (q50 0.0 km²). Routine monitoring. (Aweil Centre maps ~364,962 cattle in baseline.)"
2011-08-22,Aweil East,0.0,0.218,0,maturation,0.0,0.0,505027.7802561831,"No flood expected in Aweil East this week (q50 0.0 km²). Routine monitoring. (Aweil East maps ~505,028 cattle in baseline.)"
2011-08-22,Aweil North,0.0,0.12,0,maturation,0.0,0.0,463800.5038861725,"No flood expected in Aweil North this week (q50 0.0 km²). Routine monitoring. (Aweil North maps ~463,801 cattle in baseline.)"
2011-08-22,Aweil South,0.0,0.126,0,maturation,0.0,0.0,141256.8006910938,"No flood expected in Aweil South this week (q50 0.0 km²). Routine monitoring. (Aweil South maps ~141,257 cattle in baseline.)"
2011-08-22,Aweil West,0.0,0.145,0,maturation,0.0,0.0,318964.9515941321,"No flood expected in Aweil West this week (q50 0.0 km²). Routine monitoring. (Aweil West maps ~318,965 cattle in baseline.)"
2011-08-29,Aweil Centre,0.0,0.131,0,maturation,0.0,0.0,364961.8333817694,"No flood expected in Aweil Centre this week (q50 0.0 km²). Routine monitoring. (Aweil Centre maps ~364,962 cattle in baseline.)"
2011-08-29,Aweil East,0.07,0.321,0,maturation,0.0,0.0,505027.7802561831,"No flood expected in Aweil East this week (q50 0.1 km²). Routine monitoring. (Aweil East maps ~505,028 cattle in baseline.)"
2011-08-29,Aweil North,0.0,0.085,0,maturation,0.0,0.0,463800.5038861725,"No flood expected in Aweil North this week (q50 0.0 km²). Routine monitoring. (Aweil North maps ~463,801 cattle in baseline.)"
2011-08-29,Aweil South,0.0,0.089,0,maturation,0.0,0.0,141256.8006910938,"No flood expected in Aweil South this week (q50 0.0 km²). Routine monitoring. (Aweil South maps ~141,257 cattle in baseline.)"
2011-08-29,Aweil West,0.0,0.101,0,maturation,0.0,0.0,318964.9515941321,"No flood expected in Aweil West this week (q50 0.0 km²). Routine monitoring. (Aweil West maps ~318,965 cattle in baseline.)"
2011-09-05,Aweil Centre,0.0,0.095,0,maturation / grain filling,0.0,0.5,364961.8333817694,"No flood expected in Aweil Centre this week (q50 0.0 km²). Routine monitoring. (Aweil Centre maps ~364,962 cattle in baseline.)"
2011-09-05,Aweil East,0.01,0.222,0,maturation / grain filling,0.0,0.8,505027.7802561831,"No flood expected in Aweil East this week (q50 0.0 km²). Routine monitoring. (Aweil East maps ~505,028 cattle in baseline.)"
2011-09-05,Aweil North,0.0,0.063,0,maturation / grain filling,0.0,2.0,463800.5038861725,"No flood expected in Aweil North this week (q50 0.0 km²). Routine monitoring. Approx. 2 ha of rangeland at risk; plan early herd movement. (Aweil North maps ~463,801 cattle in baseline.)"
2011-09-05,Aweil South,0.0,0.073,0,maturation / grain filling,0.1,1.9,141256.8006910938,"No flood expected in Aweil South this week (q50 0.0 km²). Routine monitoring. Approx. 2 ha of rangeland at risk; plan early herd movement. (Aweil South maps ~141,257 cattle in baseline.)"
2011-09-05,Aweil West,0.0,0.082,0,maturation / grain filling,0.0,1.3,318964.9515941321,"No flood expected in Aweil West this week (q50 0.0 km²). Routine monitoring. Approx. 1 ha of rangeland at risk; plan early herd movement. (Aweil West maps ~318,965 cattle in baseline.)"
2011-09-12,Aweil Centre,0.01,0.208,0,maturation / grain filling,0.0,1.1,364961.8333817694,"No flood expected in Aweil Centre this week (q50 0.0 km²). Routine monitoring. Approx. 1 ha of rangeland at risk; plan early herd movement. (Aweil Centre maps ~364,962 cattle in baseline.)"
2011-09-12,Aweil East,0.01,0.286,0,maturation / grain filling,0.0,1.0,505027.7802561831,"No flood expected in Aweil East this week (q50 0.0 km²). Routine monitoring. Approx. 1 ha of rangeland at risk; plan early herd movement. (Aweil East maps ~505,028 cattle in baseline.)"
2011-09-12,Aweil North,0.01,0.125,0,maturation / grain filling,0.1,4.1,463800.5038861725,"No flood expected in Aweil North this week (q50 0.0 km²). Routine monitoring. Approx. 4 ha of rangeland at risk; plan early herd movement. (Aweil North maps ~463,801 cattle in baseline.)"
2011-09-12,Aweil South,0.01,0.137,0,maturation / grain filling,0.1,3.8,141256.8006910938,"No flood expected in Aweil South this week (q50 0.0 km²). Routine monitoring. Approx. 4 ha of rangeland at risk; plan early herd movement. (Aweil South maps ~141,257 cattle in baseline.)"
2011-09-12,Aweil West,0.13,0.472,0,maturation / grain filling,0.5,33.2,318964.9515941321,"No flood expected in Aweil West this week (q50 0.1 km²). Routine monitoring. Approx. 33 ha of rangeland at risk; plan early herd movement. (Aweil West maps ~318,965 cattle in baseline.)"
2011-09-19,Aweil Centre,0.02,0.508,0,maturation / grain filling,0.0,2.4,364961.8333817694,"SEVERE flood expected in Aweil Centre this week: q50 0.0 km², above the 95th percentile of all September weeks since 2000. Approx. 2 ha of rangeland at risk; plan early herd movement. (Aweil Centre maps ~364,962 cattle in baseline.)"
2011-09-19,Aweil East,0.39,0.79,0,maturation / grain filling,1.0,40.6,505027.7802561831,"SEVERE flood expected in Aweil East this week: q50 0.4 km², above the 95th percentile of all September weeks since 2000. Approx. 41 ha of rangeland at risk; plan early herd movement. (Aweil East maps ~505,028 cattle in baseline.)"
2011-09-19,Aweil North,0.22,0.529,0,maturation / grain filling,1.8,92.0,463800.5038861725,"SEVERE flood expected in Aweil North this week: q50 0.2 km², above the 95th percentile of all September weeks since 2000. Approx. 2 ha of mapped crops in the Aweil North floodplain are at risk. Approx. 92 ha of rangeland at risk; plan early herd movement. (Aweil North maps ~463,801 cattle in baseline.)"
2011-09-19,Aweil South,0.02,0.361,0,maturation / grain filling,0.3,8.0,141256.8006910938,"No flood expected in Aweil South this week (q50 0.0 km²). Routine monitoring. Approx. 8 ha of rangeland at risk; plan early herd movement. (Aweil South maps ~141,257 cattle in baseline.)"
2011-09-19,Aweil West,0.31,0.741,0,maturation / grain filling,1.3,80.1,318964.9515941321,"SEVERE flood expected in Aweil West this week: q50 0.3 km², above the 95th percentile of all September weeks since 2000. Approx. 1 ha of mapped crops in the Aweil West floodplain are at risk. Approx. 80 ha of rangeland at risk; plan early herd movement. (Aweil West maps ~318,965 cattle in baseline.)"
2011-09-26,Aweil Centre,0.0,0.376,0,maturation / grain filling,0.0,0.3,364961.8333817694,"No flood expected in Aweil Centre this week (q50 0.0 km²). Routine monitoring. (Aweil Centre maps ~364,962 cattle in baseline.)"
2011-09-26,Aweil East,0.2,0.635,0,maturation / grain filling,0.5,21.3,505027.7802561831,"SEVERE flood expected in Aweil East this week: q50 0.2 km², above the 95th percentile of all September weeks since 2000. Approx. 21 ha of rangeland at risk; plan early herd movement. (Aweil East maps ~505,028 cattle in baseline.)"
2011-09-26,Aweil North,0.0,0.245,0,maturation / grain filling,0.0,0.5,463800.5038861725,"No flood expected in Aweil North this week (q50 0.0 km²). Routine monitoring. (Aweil North maps ~463,801 cattle in baseline.)"
2011-09-26,Aweil South,0.0,0.208,0,maturation / grain filling,0.0,0.8,141256.8006910938,"No flood expected in Aweil South this week (q50 0.0 km²). Routine monitoring. (Aweil South maps ~141,257 cattle in baseline.)"
2011-09-26,Aweil West,0.27,0.637,0,maturation / grain filling,1.1,70.4,318964.9515941321,"SEVERE flood expected in Aweil West this week: q50 0.3 km², above the 95th percentile of all September weeks since 2000. Approx. 1 ha of mapped crops in the Aweil West floodplain are at risk. Approx. 70 ha of rangeland at risk; plan early herd movement. (Aweil West maps ~318,965 cattle in baseline.)"
2011-10-03,Aweil Centre,0.0,0.372,0,harvest,0.0,0.1,364961.8333817694,"No flood expected in Aweil Centre this week (q50 0.0 km²). Routine monitoring. (Aweil Centre maps ~364,962 cattle in baseline.)"
2011-10-03,Aweil East,10.3,0.918,0,harvest,97.5,1120.4,505027.7802561831,"SEVERE flood expected in Aweil East this week: q50 10.3 km², above the 95th percentile of all October weeks since 2000. Approx. 97 ha of mapped crops in the Aweil East floodplain are at risk. Approx. 1,120 ha of rangeland at risk; plan early herd movement. (Aweil East maps ~505,028 cattle in baseline.)"
2011-10-03,Aweil North,0.0,0.271,0,harvest,0.3,6.9,463800.5038861725,"No flood expected in Aweil North this week (q50 0.0 km²). Routine monitoring. Approx. 7 ha of rangeland at risk; plan early herd movement. (Aweil North maps ~463,801 cattle in baseline.)"
2011-10-03,Aweil South,0.0,0.223,0,harvest,0.0,0.3,141256.8006910938,"No flood expected in Aweil South this week (q50 0.0 km²). Routine monitoring. (Aweil South maps ~141,257 cattle in baseline.)"
2011-10-03,Aweil West,1.17,0.789,0,harvest,11.0,513.7,318964.9515941321,"SEVERE flood expected in Aweil West this week: q50 1.2 km², above the 95th percentile of all October weeks since 2000. Approx. 11 ha of mapped crops in the Aweil West floodplain are at risk. Approx. 514 ha of rangeland at risk; plan early herd movement. (Aweil West maps ~318,965 cattle in baseline.)"
2011-10-10,Aweil Centre,0.0,0.262,0,harvest,0.0,0.1,364961.8333817694,"No flood expected in Aweil Centre this week (q50 0.0 km²). Routine monitoring. (Aweil Centre maps ~364,962 cattle in baseline.)"
2011-10-10,Aweil East,7.98,0.823,0,harvest,75.5,868.1,505027.7802561831,"SEVERE flood expected in Aweil East this week: q50 8.0 km², above the 95th percentile of all October weeks since 2000. Approx. 76 ha of mapped crops in the Aweil East floodplain are at risk. Approx. 868 ha of rangeland at risk; plan early herd movement. (Aweil East maps ~505,028 cattle in baseline.)"
2011-10-10,Aweil North,0.01,0.174,0,harvest,0.3,8.1,463800.5038861725,"No flood expected in Aweil North this week (q50 0.0 km²). Routine monitoring. Approx. 8 ha of rangeland at risk; plan early herd movement. (Aweil North maps ~463,801 cattle in baseline.)"
2011-10-10,Aweil South,0.0,0.12,0,harvest,0.0,0.2,141256.8006910938,"No flood expected in Aweil South this week (q50 0.0 km²). Routine monitoring. (Aweil South maps ~141,257 cattle in baseline.)"
2011-10-10,Aweil West,0.97,0.513,0,harvest,9.1,424.6,318964.9515941321,"SEVERE flood expected in Aweil West this week: q50 1.0 km², above the 95th percentile of all October weeks since 2000. Approx. 9 ha of mapped crops in the Aweil West floodplain are at risk. Approx. 425 ha of rangeland at risk; plan early herd movement. (Aweil West maps ~318,965 cattle in baseline.)"
2011-10-17,Aweil Centre,0.22,0.161,0,harvest,0.0,8.6,364961.8333817694,"No flood expected in Aweil Centre this week (q50 0.2 km²). Routine monitoring. Approx. 9 ha of rangeland at risk; plan early herd movement. (Aweil Centre maps ~364,962 cattle in baseline.)"
2011-10-17,Aweil East,0.25,0.474,0,harvest,2.4,27.5,505027.7802561831,"No flood expected in Aweil East this week (q50 0.3 km²). Routine monitoring. Approx. 2 ha of mapped crops in the Aweil East floodplain are at risk. Approx. 28 ha of rangeland at risk; plan early herd movement. (Aweil East maps ~505,028 cattle in baseline.)"
2011-10-17,Aweil North,0.22,0.086,0,harvest,12.2,303.2,463800.5038861725,"No flood expected in Aweil North this week (q50 0.2 km²). Routine monitoring. Approx. 12 ha of mapped crops in the Aweil North floodplain are at risk. Approx. 303 ha of rangeland at risk; plan early herd movement. (Aweil North maps ~463,801 cattle in baseline.)"
2011-10-17,Aweil South,0.22,0.094,0,harvest,3.9,62.4,141256.8006910938,"No flood expected in Aweil South this week (q50 0.2 km²). Routine monitoring. Approx. 4 ha of mapped crops in the Aweil South floodplain are at risk. Approx. 62 ha of rangeland at risk; plan early herd movement. (Aweil South maps ~141,257 cattle in baseline.)"
2011-10-17,Aweil West,0.27,0.384,0,harvest,2.5,117.3,318964.9515941321,"No flood expected in Aweil West this week (q50 0.3 km²). Routine monitoring. Approx. 3 ha of mapped crops in the Aweil West floodplain are at risk. Approx. 117 ha of rangeland at risk; plan early herd movement. (Aweil West maps ~318,965 cattle in baseline.)"
2011-10-24,Aweil Centre,0.01,0.23,0,harvest,0.0,0.4,364961.8333817694,"No flood expected in Aweil Centre this week (q50 0.0 km²). Routine monitoring. (Aweil Centre maps ~364,962 cattle in baseline.)"
2011-10-24,Aweil East,3.64,0.845,0,harvest,34.4,395.8,505027.7802561831,"SEVERE flood expected in Aweil East this week: q50 3.6 km², above the 95th percentile of all October weeks since 2000. Approx. 34 ha of mapped crops in the Aweil East floodplain are at risk. Approx. 396 ha of rangeland at risk; plan early herd movement. (Aweil East maps ~505,028 cattle in baseline.)"
2011-10-24,Aweil North,0.01,0.206,0,harvest,0.5,12.2,463800.5038861725,"No flood expected in Aweil North this week (q50 0.0 km²). Routine monitoring. Approx. 12 ha of rangeland at risk; plan early herd movement. (Aweil North maps ~463,801 cattle in baseline.)"
2011-10-24,Aweil South,0.19,0.584,0,harvest,3.5,55.7,141256.8006910938,"SEVERE flood expected in Aweil South this week: q50 0.2 km², above the 95th percentile of all October weeks since 2000. Approx. 4 ha of mapped crops in the Aweil South floodplain are at risk. Approx. 56 ha of rangeland at risk; plan early herd movement. (Aweil South maps ~141,257 cattle in baseline.)"
2011-10-24,Aweil West,1.19,0.691,0,harvest,11.2,520.7,318964.9515941321,"SEVERE flood expected in Aweil West this week: q50 1.2 km², above the 95th percentile of all October weeks since 2000. Approx. 11 ha of mapped crops in the Aweil West floodplain are at risk. Approx. 521 ha of rangeland at risk; plan early herd movement. (Aweil West maps ~318,965 cattle in baseline.)"
2011-10-31,Aweil Centre,0.23,0.295,0,harvest,0.0,9.0,364961.8333817694,"No flood expected in Aweil Centre this week (q50 0.2 km²). Routine monitoring. Approx. 9 ha of rangeland at risk; plan early herd movement. (Aweil Centre maps ~364,962 cattle in baseline.)"
2011-10-31,Aweil East,1.1,0.647,0,harvest,10.4,119.6,505027.7802561831,"SEVERE flood expected in Aweil East this week: q50 1.1 km², above the 95th percentile of all October weeks since 2000. Approx. 10 ha of mapped crops in the Aweil East floodplain are at risk. Approx. 120 ha of rangeland at risk; plan early herd movement. (Aweil East maps ~505,028 cattle in baseline.)"
2011-10-31,Aweil North,0.23,0.261,0,harvest,12.8,318.1,463800.5038861725,"No flood expected in Aweil North this week (q50 0.2 km²). Routine monitoring. Approx. 13 ha of mapped crops in the Aweil North floodplain are at risk. Approx. 318 ha of rangeland at risk; plan early herd movement. (Aweil North maps ~463,801 cattle in baseline.)"
2011-10-31,Aweil South,0.23,0.397,0,harvest,4.2,65.8,141256.8006910938,"No flood expected in Aweil South this week (q50 0.2 km²). Routine monitoring. Approx. 4 ha of mapped crops in the Aweil South floodplain are at risk. Approx. 66 ha of rangeland at risk; plan early herd movement. (Aweil South maps ~141,257 cattle in baseline.)"
2011-10-31,Aweil West,0.27,0.485,0,harvest,2.5,118.0,318964.9515941321,"No flood expected in Aweil West this week (q50 0.3 km²). Routine monitoring. Approx. 3 ha of mapped crops in the Aweil West floodplain are at risk. Approx. 118 ha of rangeland at risk; plan early herd movement. (Aweil West maps ~318,965 cattle in baseline.)"
2011-11-07,Aweil Centre,0.05,0.472,0,harvest / drying,0.0,5.8,364961.8333817694,"No flood expected in Aweil Centre this week (q50 0.1 km²). Routine monitoring. Approx. 6 ha of rangeland at risk; plan early herd movement. (Aweil Centre maps ~364,962 cattle in baseline.)"
2011-11-07,Aweil East,0.17,0.628,0,harvest / drying,2.3,29.7,505027.7802561831,"SEVERE flood expected in Aweil East this week: q50 0.2 km², above the 95th percentile of all November weeks since 2000. Approx. 2 ha of mapped crops in the Aweil East floodplain are at risk. Approx. 30 ha of rangeland at risk; plan early herd movement. (Aweil East maps ~505,028 cattle in baseline.)"
2011-11-07,Aweil North,0.01,0.121,0,harvest / drying,1.7,64.3,463800.5038861725,"No flood expected in Aweil North this week (q50 0.0 km²). Routine monitoring. Approx. 2 ha of mapped crops in the Aweil North floodplain are at risk. Approx. 64 ha of rangeland at risk; plan early herd movement. (Aweil North maps ~463,801 cattle in baseline.)"
2011-11-07,Aweil South,0.21,0.631,0,harvest / drying,3.2,50.8,141256.8006910938,"SEVERE flood expected in Aweil South this week: q50 0.2 km², above the 95th percentile of all November weeks since 2000. Approx. 3 ha of mapped crops in the Aweil South floodplain are at risk. Approx. 51 ha of rangeland at risk; plan early herd movement. (Aweil South maps ~141,257 cattle in baseline.)"
2011-11-07,Aweil West,0.01,0.188,0,harvest / drying,0.3,11.9,318964.9515941321,"No flood expected in Aweil West this week (q50 0.0 km²). Routine monitoring. Approx. 12 ha of rangeland at risk; plan early herd movement. (Aweil West maps ~318,965 cattle in baseline.)"
2011-11-14,Aweil Centre,0.01,0.389,0,harvest / drying,0.0,1.4,364961.8333817694,"No flood expected in Aweil Centre this week (q50 0.0 km²). Routine monitoring. Approx. 1 ha of rangeland at risk; plan early herd movement. (Aweil Centre maps ~364,962 cattle in baseline.)"
2011-11-14,Aweil East,0.01,0.386,0,harvest / drying,0.1,1.3,505027.7802561831,"No flood expected in Aweil East this week (q50 0.0 km²). Routine monitoring. Approx. 1 ha of rangeland at risk; plan early herd movement. (Aweil East maps ~505,028 cattle in baseline.)"
2011-11-14,Aweil North,0.0,0.072,0,harvest / drying,0.2,6.0,463800.5038861725,"No flood expected in Aweil North this week (q50 0.0 km²). Routine monitoring. Approx. 6 ha of rangeland at risk; plan early herd movement. (Aweil North maps ~463,801 cattle in baseline.)"
2011-11-14,Aweil South,1.51,0.861,0,harvest / drying,23.1,369.7,141256.8006910938,"SEVERE flood expected in Aweil South this week: q50 1.5 km², above the 95th percentile of all November weeks since 2000. Approx. 23 ha of mapped crops in the Aweil South floodplain are at risk. Approx. 370 ha of rangeland at risk; plan early herd movement. (Aweil South maps ~141,257 cattle in baseline.)"
2011-11-14,Aweil West,0.01,0.115,0,harvest / drying,0.2,7.1,318964.9515941321,"No flood expected in Aweil West this week (q50 0.0 km²). Routine monitoring. Approx. 7 ha of rangeland at risk; plan early herd movement. (Aweil West maps ~318,965 cattle in baseline.)"
2011-11-21,Aweil Centre,0.0,0.202,0,harvest / drying,0.0,0.3,364961.8333817694,"No flood expected in Aweil Centre this week (q50 0.0 km²). Routine monitoring. (Aweil Centre maps ~364,962 cattle in baseline.)"
2011-11-21,Aweil East,0.0,0.114,0,harvest / drying,0.0,0.1,505027.7802561831,"No flood expected in Aweil East this week (q50 0.0 km²). Routine monitoring. (Aweil East maps ~505,028 cattle in baseline.)"
2011-11-21,Aweil North,0.0,0.05,0,harvest / drying,0.1,3.2,463800.5038861725,"No flood expected in Aweil North this week (q50 0.0 km²). Routine monitoring. Approx. 3 ha of rangeland at risk; plan early herd movement. (Aweil North maps ~463,801 cattle in baseline.)"
2011-11-21,Aweil South,0.26,0.654,0,harvest / drying,4.0,64.9,141256.8006910938,"SEVERE flood expected in Aweil South this week: q50 0.3 km², above the 95th percentile of all November weeks since 2000. Approx. 4 ha of mapped crops in the Aweil South floodplain are at risk. Approx. 65 ha of rangeland at risk; plan early herd movement. (Aweil South maps ~141,257 cattle in baseline.)"
2011-11-21,Aweil West,0.0,0.051,0,harvest / drying,0.0,0.6,318964.9515941321,"No flood expected in Aweil West this week (q50 0.0 km²). Routine monitoring. (Aweil West maps ~318,965 cattle in baseline.)"
2011-11-28,Aweil Centre,0.14,0.507,0,harvest / drying,0.0,15.1,364961.8333817694,"SEVERE flood expected in Aweil Centre this week: q50 0.1 km², above the 95th percentile of all November weeks since 2000. Approx. 15 ha of rangeland at risk; plan early herd movement. (Aweil Centre maps ~364,962 cattle in baseline.)"
2011-11-28,Aweil East,0.04,0.324,0,harvest / drying,0.5,6.5,505027.7802561831,"No flood expected in Aweil East this week (q50 0.0 km²). Routine monitoring. Approx. 7 ha of rangeland at risk; plan early herd movement. (Aweil East maps ~505,028 cattle in baseline.)"
2011-11-28,Aweil North,0.01,0.057,0,harvest / drying,1.1,41.9,463800.5038861725,"No flood expected in Aweil North this week (q50 0.0 km²). Routine monitoring. Approx. 1 ha of mapped crops in the Aweil North floodplain are at risk. Approx. 42 ha of rangeland at risk; plan early herd movement. (Aweil North maps ~463,801 cattle in baseline.)"
2011-11-28,Aweil South,0.48,0.749,0,harvest / drying,7.3,116.5,141256.8006910938,"SEVERE flood expected in Aweil South this week: q50 0.5 km², above the 95th percentile of all November weeks since 2000. Approx. 7 ha of mapped crops in the Aweil South floodplain are at risk. Approx. 116 ha of rangeland at risk; plan early herd movement. (Aweil South maps ~141,257 cattle in baseline.)"
2011-11-28,Aweil West,0.01,0.06,0,harvest / drying,0.2,7.7,318964.9515941321,"No flood expected in Aweil West this week (q50 0.0 km²). Routine monitoring. Approx. 8 ha of rangeland at risk; plan early herd movement. (Aweil West maps ~318,965 cattle in baseline.)"
2011-12-05,Aweil Centre,0.01,0.098,0,dry season,0.0,2.4,364961.8333817694,"No flood expected in Aweil Centre this week (q50 0.0 km²). Routine monitoring. Approx. 2 ha of rangeland at risk; plan early herd movement. (Aweil Centre maps ~364,962 cattle in baseline.)"
2011-12-05,Aweil East,0.01,0.176,0,dry season,1.1,21.9,505027.7802561831,"No flood expected in Aweil East this week (q50 0.0 km²). Routine monitoring. Approx. 1 ha of mapped crops in the Aweil East floodplain are at risk. Approx. 22 ha of rangeland at risk; plan early herd movement. (Aweil East maps ~505,028 cattle in baseline.)"
2011-12-05,Aweil North,0.01,0.031,3,dry season,0.0,0.0,463800.5038861725,"SEVERE flood expected in Aweil North this week: q50 0.0 km², above the 95th percentile of all December weeks since 2000. Dry season: little active cropping; floodplain grazing and residual flooding dominate. (Aweil North maps ~463,801 cattle in baseline.)"
2011-12-05,Aweil South,0.26,0.731,0,dry season,9.4,189.2,141256.8006910938,"SEVERE flood expected in Aweil South this week: q50 0.3 km², above the 95th percentile of all December weeks since 2000. Approx. 9 ha of mapped crops in the Aweil South floodplain are at risk. Approx. 189 ha of rangeland at risk; plan early herd movement. (Aweil South maps ~141,257 cattle in baseline.)"
2011-12-05,Aweil West,0.01,0.03,3,dry season,0.0,0.0,318964.9515941321,"SEVERE flood expected in Aweil West this week: q50 0.0 km², above the 95th percentile of all December weeks since 2000. Dry season: little active cropping; floodplain grazing and residual flooding dominate. (Aweil West maps ~318,965 cattle in baseline.)"
2011-12-12,Aweil Centre,0.0,0.096,0,dry season,0.0,0.0,364961.8333817694,"No flood expected in Aweil Centre this week (q50 0.0 km²). Routine monitoring. (Aweil Centre maps ~364,962 cattle in baseline.)"
2011-12-12,Aweil East,0.28,0.6,0,dry season,26.7,542.0,505027.7802561831,"SEVERE flood expected in Aweil East this week: q50 0.3 km², above the 95th percentile of all December weeks since 2000. Approx. 27 ha of mapped crops in the Aweil East floodplain are at risk. Approx. 542 ha of rangeland at risk; plan early herd movement. (Aweil East maps ~505,028 cattle in baseline.)"
2011-12-12,Aweil North,0.0,0.036,0,dry season,0.0,0.0,463800.5038861725,"No flood expected in Aweil North this week (q50 0.0 km²). Routine monitoring. (Aweil North maps ~463,801 cattle in baseline.)"
2011-12-12,Aweil South,0.43,0.772,0,dry season,15.5,310.5,141256.8006910938,"SEVERE flood expected in Aweil South this week: q50 0.4 km², above the 95th percentile of all December weeks since 2000. Approx. 16 ha of mapped crops in the Aweil South floodplain are at risk. Approx. 311 ha of rangeland at risk; plan early herd movement. (Aweil South maps ~141,257 cattle in baseline.)"
2011-12-12,Aweil West,0.0,0.036,0,dry season,0.0,0.0,318964.9515941321,"No flood expected in Aweil West this week (q50 0.0 km²). Routine monitoring. (Aweil West maps ~318,965 cattle in baseline.)"
2011-12-19,Aweil Centre,0.0,0.125,0,dry season,0.0,0.4,364961.8333817694,"No flood expected in Aweil Centre this week (q50 0.0 km²). Routine monitoring. (Aweil Centre maps ~364,962 cattle in baseline.)"
2011-12-19,Aweil East,0.06,0.283,0,dry season,5.4,109.7,505027.7802561831,"No flood expected in Aweil East this week (q50 0.1 km²). Routine monitoring. Approx. 5 ha of mapped crops in the Aweil East floodplain are at risk. Approx. 110 ha of rangeland at risk; plan early herd movement. (Aweil East maps ~505,028 cattle in baseline.)"
2011-12-19,Aweil North,0.0,0.041,0,dry season,0.0,0.0,463800.5038861725,"No flood expected in Aweil North this week (q50 0.0 km²). Routine monitoring. (Aweil North maps ~463,801 cattle in baseline.)"
2011-12-19,Aweil South,0.13,0.565,0,dry season,4.9,97.5,141256.8006910938,"SEVERE flood expected in Aweil South this week: q50 0.1 km², above the 95th percentile of all December weeks since 2000. Approx. 5 ha of mapped crops in the Aweil South floodplain are at risk. Approx. 97 ha of rangeland at risk; plan early herd movement. (Aweil South maps ~141,257 cattle in baseline.)"
2011-12-19,Aweil West,0.0,0.04,0,dry season,0.0,0.0,318964.9515941321,"No flood expected in Aweil West this week (q50 0.0 km²). Routine monitoring. (Aweil West maps ~318,965 cattle in baseline.)"
2011-12-26,Aweil Centre,0.0,0.092,0,dry season,0.0,0.0,364961.8333817694,"No flood expected in Aweil Centre this week (q50 0.0 km²). Routine monitoring. (Aweil Centre maps ~364,962 cattle in baseline.)"
2011-12-26,Aweil East,0.12,0.392,0,dry season,11.1,225.9,505027.7802561831,"No flood expected in Aweil East this week (q50 0.1 km²). Routine monitoring. Approx. 11 ha of mapped crops in the Aweil East floodplain are at risk. Approx. 226 ha of rangeland at risk; plan early herd movement. (Aweil East maps ~505,028 cattle in baseline.)"
2011-12-26,Aweil North,0.0,0.049,0,dry season,0.0,0.0,463800.5038861725,"No flood expected in Aweil North this week (q50 0.0 km²). Routine monitoring. (Aweil North maps ~463,801 cattle in baseline.)"
2011-12-26,Aweil South,0.61,0.734,0,dry season,22.0,441.4,141256.8006910938,"SEVERE flood expected in Aweil South this week: q50 0.6 km², above the 95th percentile of all December weeks since 2000. Approx. 22 ha of mapped crops in the Aweil South floodplain are at risk. Approx. 441 ha of rangeland at risk; plan early herd movement. (Aweil South maps ~141,257 cattle in baseline.)"
2011-12-26,Aweil West,0.0,0.05,0,dry season,0.0,0.0,318964.9515941321,"No flood expected in Aweil West this week (q50 0.0 km²). Routine monitoring. (Aweil West maps ~318,965 cattle in baseline.)"
2016-01-11,Aweil Centre,0.0,0.142,0,dry season (late phase),0.0,0.0,364961.8333817694,"No flood expected in Aweil Centre this week (q50 0.0 km²). Routine monitoring. (Aweil Centre maps ~364,962 cattle in baseline.)"
2016-01-11,Aweil East,0.0,0.204,0,dry season (late phase),0.0,0.0,505027.7802561831,"No flood expected in Aweil East this week (q50 0.0 km²). Routine monitoring. (Aweil East maps ~505,028 cattle in baseline.)"
2016-01-11,Aweil North,0.0,0.134,0,dry season (late phase),0.0,0.0,463800.5038861725,"No flood expected in Aweil North this week (q50 0.0 km²). Routine monitoring. (Aweil North maps ~463,801 cattle in baseline.)"
2016-01-11,Aweil South,0.0,0.086,0,dry season (late phase),0.0,0.0,141256.8006910938,"No flood expected in Aweil South this week (q50 0.0 km²). Routine monitoring. (Aweil South maps ~141,257 cattle in baseline.)"
2016-01-11,Aweil West,0.0,0.097,0,dry season (late phase),0.0,0.0,318964.9515941321,"No flood expected in Aweil West this week (q50 0.0 km²). Routine monitoring. (Aweil West maps ~318,965 cattle in baseline.)"
2016-01-18,Aweil Centre,0.0,0.09,0,dry season (late phase),0.0,0.0,364961.8333817694,"No flood expected in Aweil Centre this week (q50 0.0 km²). Routine monitoring. (Aweil Centre maps ~364,962 cattle in baseline.)"
2016-01-18,Aweil East,0.0,0.093,0,dry season (late phase),0.0,0.0,505027.7802561831,"No flood expected in Aweil East this week (q50 0.0 km²). Routine monitoring. (Aweil East maps ~505,028 cattle in baseline.)"
2016-01-18,Aweil North,0.0,0.08,0,dry season (late phase),0.0,0.0,463800.5038861725,"No flood expected in Aweil North this week (q50 0.0 km²). Routine monitoring. (Aweil North maps ~463,801 cattle in baseline.)"
2016-01-18,Aweil South,0.0,0.041,0,dry season (late phase),0.0,0.0,141256.8006910938,"No flood expected in Aweil South this week (q50 0.0 km²). Routine monitoring. (Aweil South maps ~141,257 cattle in baseline.)"
2016-01-18,Aweil West,0.0,0.047,0,dry season (late phase),0.0,0.0,318964.9515941321,"No flood expected in Aweil West this week (q50 0.0 km²). Routine monitoring. (Aweil West maps ~318,965 cattle in baseline.)"
2016-01-25,Aweil Centre,0.0,0.104,0,dry season (late phase),0.0,0.0,364961.8333817694,"No flood expected in Aweil Centre this week (q50 0.0 km²). Routine monitoring. (Aweil Centre maps ~364,962 cattle in baseline.)"
2016-01-25,Aweil East,0.0,0.072,0,dry season (late phase),0.0,0.0,505027.7802561831,"No flood expected in Aweil East this week (q50 0.0 km²). Routine monitoring. (Aweil East maps ~505,028 cattle in baseline.)"
2016-01-25,Aweil North,0.0,0.027,0,dry season (late phase),0.0,0.0,463800.5038861725,"No flood expected in Aweil North this week (q50 0.0 km²). Routine monitoring. (Aweil North maps ~463,801 cattle in baseline.)"
2016-01-25,Aweil South,0.0,0.029,0,dry season (late phase),0.0,0.0,141256.8006910938,"No flood expected in Aweil South this week (q50 0.0 km²). Routine monitoring. (Aweil South maps ~141,257 cattle in baseline.)"
2016-01-25,Aweil West,0.0,0.035,0,dry season (late phase),0.0,0.0,318964.9515941321,"No flood expected in Aweil West this week (q50 0.0 km²). Routine monitoring. (Aweil West maps ~318,965 cattle in baseline.)"
2016-02-01,Aweil Centre,0.0,0.083,0,dry season,0.0,0.0,364961.8333817694,"No flood expected in Aweil Centre this week (q50 0.0 km²). Routine monitoring. (Aweil Centre maps ~364,962 cattle in baseline.)"
2016-02-01,Aweil East,0.0,0.099,0,dry season,0.0,0.0,505027.7802561831,"No flood expected in Aweil East this week (q50 0.0 km²). Routine monitoring. (Aweil East maps ~505,028 cattle in baseline.)"
2016-02-01,Aweil North,0.0,0.033,0,dry season,0.0,0.0,463800.5038861725,"No flood expected in Aweil North this week (q50 0.0 km²). Routine monitoring. (Aweil North maps ~463,801 cattle in baseline.)"
2016-02-01,Aweil South,0.0,0.035,0,dry season,0.0,0.0,141256.8006910938,"No flood expected in Aweil South this week (q50 0.0 km²). Routine monitoring. (Aweil South maps ~141,257 cattle in baseline.)"
2016-02-01,Aweil West,0.0,0.041,0,dry season,0.0,0.0,318964.9515941321,"No flood expected in Aweil West this week (q50 0.0 km²). Routine monitoring. (Aweil West maps ~318,965 cattle in baseline.)"
2016-02-08,Aweil Centre,0.0,0.044,0,dry season,0.0,0.0,364961.8333817694,"No flood expected in Aweil Centre this week (q50 0.0 km²). Routine monitoring. (Aweil Centre maps ~364,962 cattle in baseline.)"
2016-02-08,Aweil East,0.0,0.038,0,dry season,0.0,0.0,505027.7802561831,"No flood expected in Aweil East this week (q50 0.0 km²). Routine monitoring. (Aweil East maps ~505,028 cattle in baseline.)"
2016-02-08,Aweil North,0.0,0.02,0,dry season,0.0,0.0,463800.5038861725,"No flood expected in Aweil North this week (q50 0.0 km²). Routine monitoring. (Aweil North maps ~463,801 cattle in baseline.)"
2016-02-08,Aweil South,0.0,0.022,0,dry season,0.0,0.0,141256.8006910938,"No flood expected in Aweil South this week (q50 0.0 km²). Routine monitoring. (Aweil South maps ~141,257 cattle in baseline.)"
2016-02-08,Aweil West,0.0,0.026,0,dry season,0.0,0.0,318964.9515941321,"No flood expected in Aweil West this week (q50 0.0 km²). Routine monitoring. (Aweil West maps ~318,965 cattle in baseline.)"
2016-02-15,Aweil Centre,0.0,0.038,0,dry season,0.0,0.0,364961.8333817694,"No flood expected in Aweil Centre this week (q50 0.0 km²). Routine monitoring. (Aweil Centre maps ~364,962 cattle in baseline.)"
2016-02-15,Aweil East,0.0,0.036,0,dry season,0.0,0.0,505027.7802561831,"No flood expected in Aweil East this week (q50 0.0 km²). Routine monitoring. (Aweil East maps ~505,028 cattle in baseline.)"
2016-02-15,Aweil North,0.0,0.023,0,dry season,0.0,0.0,463800.5038861725,"No flood expected in Aweil North this week (q50 0.0 km²). Routine monitoring. (Aweil North maps ~463,801 cattle in baseline.)"
2016-02-15,Aweil South,0.0,0.028,0,dry season,0.0,0.0,141256.8006910938,"No flood expected in Aweil South this week (q50 0.0 km²). Routine monitoring. (Aweil South maps ~141,257 cattle in baseline.)"
2016-02-15,Aweil West,0.0,0.032,0,dry season,0.0,0.0,318964.9515941321,"No flood expected in Aweil West this week (q50 0.0 km²). Routine monitoring. (Aweil West maps ~318,965 cattle in baseline.)"
2016-02-22,Aweil Centre,0.0,0.035,0,dry season,0.0,0.0,364961.8333817694,"No flood expected in Aweil Centre this week (q50 0.0 km²). Routine monitoring. (Aweil Centre maps ~364,962 cattle in baseline.)"
2016-02-22,Aweil East,0.0,0.031,0,dry season,0.0,0.0,505027.7802561831,"No flood expected in Aweil East this week (q50 0.0 km²). Routine monitoring. (Aweil East maps ~505,028 cattle in baseline.)"
2016-02-22,Aweil North,0.0,0.018,0,dry season,0.0,0.0,463800.5038861725,"No flood expected in Aweil North this week (q50 0.0 km²). Routine monitoring. (Aweil North maps ~463,801 cattle in baseline.)"
2016-02-22,Aweil South,0.0,0.02,0,dry season,0.0,0.0,141256.8006910938,"No flood expected in Aweil South this week (q50 0.0 km²). Routine monitoring. (Aweil South maps ~141,257 cattle in baseline.)"
2016-02-22,Aweil West,0.0,0.024,0,dry season,0.0,0.0,318964.9515941321,"No flood expected in Aweil West this week (q50 0.0 km²). Routine monitoring. (Aweil West maps ~318,965 cattle in baseline.)"
2016-02-29,Aweil Centre,0.0,0.021,0,dry season,0.0,0.0,364961.8333817694,"No flood expected in Aweil Centre this week (q50 0.0 km²). Routine monitoring. (Aweil Centre maps ~364,962 cattle in baseline.)"
2016-02-29,Aweil East,0.0,0.02,0,dry season,0.0,0.0,505027.7802561831,"No flood expected in Aweil East this week (q50 0.0 km²). Routine monitoring. (Aweil East maps ~505,028 cattle in baseline.)"
2016-02-29,Aweil North,0.0,0.014,0,dry season,0.0,0.0,463800.5038861725,"No flood expected in Aweil North this week (q50 0.0 km²). Routine monitoring. (Aweil North maps ~463,801 cattle in baseline.)"
2016-02-29,Aweil South,0.0,0.017,0,dry season,0.0,0.0,141256.8006910938,"No flood expected in Aweil South this week (q50 0.0 km²). Routine monitoring. (Aweil South maps ~141,257 cattle in baseline.)"
2016-02-29,Aweil West,0.0,0.022,0,dry season,0.0,0.0,318964.9515941321,"No flood expected in Aweil West this week (q50 0.0 km²). Routine monitoring. (Aweil West maps ~318,965 cattle in baseline.)"
2016-03-07,Aweil Centre,0.0,0.022,0,early season (sowing),0.0,0.0,364961.8333817694,"No flood expected in Aweil Centre this week (q50 0.0 km²). Routine monitoring. (Aweil Centre maps ~364,962 cattle in baseline.)"
2016-03-07,Aweil East,0.0,0.017,0,early season (sowing),0.0,0.0,505027.7802561831,"No flood expected in Aweil East this week (q50 0.0 km²). Routine monitoring. (Aweil East maps ~505,028 cattle in baseline.)"
2016-03-07,Aweil North,0.0,0.012,0,early season (sowing),0.0,0.0,463800.5038861725,"No flood expected in Aweil North this week (q50 0.0 km²). Routine monitoring. (Aweil North maps ~463,801 cattle in baseline.)"
2016-03-07,Aweil South,0.0,0.013,0,early season (sowing),0.0,0.0,141256.8006910938,"No flood expected in Aweil South this week (q50 0.0 km²). Routine monitoring. (Aweil South maps ~141,257 cattle in baseline.)"
2016-03-07,Aweil West,0.0,0.014,0,early season (sowing),0.0,0.0,318964.9515941321,"No flood expected in Aweil West this week (q50 0.0 km²). Routine monitoring. (Aweil West maps ~318,965 cattle in baseline.)"
2016-03-14,Aweil Centre,0.0,0.04,0,early season (sowing),0.0,0.0,364961.8333817694,"No flood expected in Aweil Centre this week (q50 0.0 km²). Routine monitoring. (Aweil Centre maps ~364,962 cattle in baseline.)"
2016-03-14,Aweil East,0.0,0.037,0,early season (sowing),0.0,0.0,505027.7802561831,"No flood expected in Aweil East this week (q50 0.0 km²). Routine monitoring. (Aweil East maps ~505,028 cattle in baseline.)"
2016-03-14,Aweil North,0.0,0.022,0,early season (sowing),0.0,0.0,463800.5038861725,"No flood expected in Aweil North this week (q50 0.0 km²). Routine monitoring. (Aweil North maps ~463,801 cattle in baseline.)"
2016-03-14,Aweil South,0.0,0.022,0,early season (sowing),0.0,0.0,141256.8006910938,"No flood expected in Aweil South this week (q50 0.0 km²). Routine monitoring. (Aweil South maps ~141,257 cattle in baseline.)"
2016-03-14,Aweil West,0.0,0.026,0,early season (sowing),0.0,0.0,318964.9515941321,"No flood expected in Aweil West this week (q50 0.0 km²). Routine monitoring. (Aweil West maps ~318,965 cattle in baseline.)"
2016-03-21,Aweil Centre,0.0,0.009,0,early season (sowing),0.0,0.0,364961.8333817694,"No flood expected in Aweil Centre this week (q50 0.0 km²). Routine monitoring. (Aweil Centre maps ~364,962 cattle in baseline.)"
2016-03-21,Aweil East,0.0,0.008,0,early season (sowing),0.0,0.0,505027.7802561831,"No flood expected in Aweil East this week (q50 0.0 km²). Routine monitoring. (Aweil East maps ~505,028 cattle in baseline.)"
2016-03-21,Aweil North,0.0,0.006,0,early season (sowing),0.0,0.0,463800.5038861725,"No flood expected in Aweil North this week (q50 0.0 km²). Routine monitoring. (Aweil North maps ~463,801 cattle in baseline.)"
2016-03-21,Aweil South,0.0,0.008,0,early season (sowing),0.0,0.0,141256.8006910938,"No flood expected in Aweil South this week (q50 0.0 km²). Routine monitoring. (Aweil South maps ~141,257 cattle in baseline.)"
2016-03-21,Aweil West,0.0,0.01,0,early season (sowing),0.0,0.0,318964.9515941321,"No flood expected in Aweil West this week (q50 0.0 km²). Routine monitoring. (Aweil West maps ~318,965 cattle in baseline.)"
2016-03-28,Aweil Centre,0.0,0.036,0,early season (sowing),0.0,0.0,364961.8333817694,"No flood expected in Aweil Centre this week (q50 0.0 km²). Routine monitoring. (Aweil Centre maps ~364,962 cattle in baseline.)"
2016-03-28,Aweil East,0.0,0.032,0,early season (sowing),0.0,0.0,505027.7802561831,"No flood expected in Aweil East this week (q50 0.0 km²). Routine monitoring. (Aweil East maps ~505,028 cattle in baseline.)"
2016-03-28,Aweil North,0.0,0.019,0,early season (sowing),0.0,0.0,463800.5038861725,"No flood expected in Aweil North this week (q50 0.0 km²). Routine monitoring. (Aweil North maps ~463,801 cattle in baseline.)"
2016-03-28,Aweil South,0.0,0.019,0,early season (sowing),0.0,0.0,141256.8006910938,"No flood expected in Aweil South this week (q50 0.0 km²). Routine monitoring. (Aweil South maps ~141,257 cattle in baseline.)"
2016-03-28,Aweil West,0.0,0.022,0,early season (sowing),0.0,0.0,318964.9515941321,"No flood expected in Aweil West this week (q50 0.0 km²). Routine monitoring. (Aweil West maps ~318,965 cattle in baseline.)"
2016-04-04,Aweil Centre,0.0,0.043,0,crop establishment,0.0,0.0,364961.8333817694,"No flood expected in Aweil Centre this week (q50 0.0 km²). Routine monitoring. (Aweil Centre maps ~364,962 cattle in baseline.)"
2016-04-04,Aweil East,0.0,0.038,0,crop establishment,0.0,0.0,505027.7802561831,"No flood expected in Aweil East this week (q50 0.0 km²). Routine monitoring. (Aweil East maps ~505,028 cattle in baseline.)"
2016-04-04,Aweil North,0.0,0.023,0,crop establishment,0.0,0.0,463800.5038861725,"No flood expected in Aweil North this week (q50 0.0 km²). Routine monitoring. (Aweil North maps ~463,801 cattle in baseline.)"
2016-04-04,Aweil South,0.0,0.025,0,crop establishment,0.0,0.0,141256.8006910938,"No flood expected in Aweil South this week (q50 0.0 km²). Routine monitoring. (Aweil South maps ~141,257 cattle in baseline.)"
2016-04-04,Aweil West,0.0,0.025,0,crop establishment,0.0,0.0,318964.9515941321,"No flood expected in Aweil West this week (q50 0.0 km²). Routine monitoring. (Aweil West maps ~318,965 cattle in baseline.)"
2016-04-11,Aweil Centre,0.0,0.039,0,crop establishment,0.0,0.0,364961.8333817694,"No flood expected in Aweil Centre this week (q50 0.0 km²). Routine monitoring. (Aweil Centre maps ~364,962 cattle in baseline.)"
2016-04-11,Aweil East,0.0,0.038,0,crop establishment,0.0,0.0,505027.7802561831,"No flood expected in Aweil East this week (q50 0.0 km²). Routine monitoring. (Aweil East maps ~505,028 cattle in baseline.)"
2016-04-11,Aweil North,0.0,0.023,0,crop establishment,0.0,0.0,463800.5038861725,"No flood expected in Aweil North this week (q50 0.0 km²). Routine monitoring. (Aweil North maps ~463,801 cattle in baseline.)"
2016-04-11,Aweil South,0.0,0.026,0,crop establishment,0.0,0.0,141256.8006910938,"No flood expected in Aweil South this week (q50 0.0 km²). Routine monitoring. (Aweil South maps ~141,257 cattle in baseline.)"
2016-04-11,Aweil West,0.0,0.029,0,crop establishment,0.0,0.0,318964.9515941321,"No flood expected in Aweil West this week (q50 0.0 km²). Routine monitoring. (Aweil West maps ~318,965 cattle in baseline.)"
2016-04-18,Aweil Centre,0.0,0.011,0,crop establishment,0.0,0.0,364961.8333817694,"No flood expected in Aweil Centre this week (q50 0.0 km²). Routine monitoring. (Aweil Centre maps ~364,962 cattle in baseline.)"
2016-04-18,Aweil East,0.0,0.028,0,crop establishment,0.0,0.0,505027.7802561831,"No flood expected in Aweil East this week (q50 0.0 km²). Routine monitoring. (Aweil East maps ~505,028 cattle in baseline.)"
2016-04-18,Aweil North,0.0,0.01,0,crop establishment,0.0,0.0,463800.5038861725,"No flood expected in Aweil North this week (q50 0.0 km²). Routine monitoring. (Aweil North maps ~463,801 cattle in baseline.)"
2016-04-18,Aweil South,0.0,0.012,0,crop establishment,0.0,0.0,141256.8006910938,"No flood expected in Aweil South this week (q50 0.0 km²). Routine monitoring. (Aweil South maps ~141,257 cattle in baseline.)"
2016-04-18,Aweil West,0.0,0.013,0,crop establishment,0.0,0.0,318964.9515941321,"No flood expected in Aweil West this week (q50 0.0 km²). Routine monitoring. (Aweil West maps ~318,965 cattle in baseline.)"
2016-04-25,Aweil Centre,0.0,0.006,0,crop establishment,0.0,0.0,364961.8333817694,"No flood expected in Aweil Centre this week (q50 0.0 km²). Routine monitoring. (Aweil Centre maps ~364,962 cattle in baseline.)"
2016-04-25,Aweil East,0.0,0.01,0,crop establishment,0.0,0.0,505027.7802561831,"No flood expected in Aweil East this week (q50 0.0 km²). Routine monitoring. (Aweil East maps ~505,028 cattle in baseline.)"
2016-04-25,Aweil North,0.0,0.004,0,crop establishment,0.0,0.0,463800.5038861725,"No flood expected in Aweil North this week (q50 0.0 km²). Routine monitoring. (Aweil North maps ~463,801 cattle in baseline.)"
2016-04-25,Aweil South,0.0,0.005,0,crop establishment,0.0,0.0,141256.8006910938,"No flood expected in Aweil South this week (q50 0.0 km²). Routine monitoring. (Aweil South maps ~141,257 cattle in baseline.)"
2016-04-25,Aweil West,0.0,0.006,0,crop establishment,0.0,0.0,318964.9515941321,"No flood expected in Aweil West this week (q50 0.0 km²). Routine monitoring. (Aweil West maps ~318,965 cattle in baseline.)"
2016-05-02,Aweil Centre,0.0,0.061,0,vegetative growth,0.0,0.0,364961.8333817694,"No flood expected in Aweil Centre this week (q50 0.0 km²). Routine monitoring. (Aweil Centre maps ~364,962 cattle in baseline.)"
2016-05-02,Aweil East,0.0,0.11,0,vegetative growth,0.0,0.0,505027.7802561831,"No flood expected in Aweil East this week (q50 0.0 km²). Routine monitoring. (Aweil East maps ~505,028 cattle in baseline.)"
2016-05-02,Aweil North,0.0,0.022,0,vegetative growth,0.0,0.0,463800.5038861725,"No flood expected in Aweil North this week (q50 0.0 km²). Routine monitoring. (Aweil North maps ~463,801 cattle in baseline.)"
2016-05-02,Aweil South,0.0,0.022,0,vegetative growth,0.0,0.0,141256.8006910938,"No flood expected in Aweil South this week (q50 0.0 km²). Routine monitoring. (Aweil South maps ~141,257 cattle in baseline.)"
2016-05-02,Aweil West,0.0,0.021,0,vegetative growth,0.0,0.0,318964.9515941321,"No flood expected in Aweil West this week (q50 0.0 km²). Routine monitoring. (Aweil West maps ~318,965 cattle in baseline.)"
2016-05-09,Aweil Centre,0.0,0.02,0,vegetative growth,0.0,0.0,364961.8333817694,"No flood expected in Aweil Centre this week (q50 0.0 km²). Routine monitoring. (Aweil Centre maps ~364,962 cattle in baseline.)"
2016-05-09,Aweil East,0.0,0.055,0,vegetative growth,0.0,0.0,505027.7802561831,"No flood expected in Aweil East this week (q50 0.0 km²). Routine monitoring. (Aweil East maps ~505,028 cattle in baseline.)"
2016-05-09,Aweil North,0.0,0.011,0,vegetative growth,0.0,0.0,463800.5038861725,"No flood expected in Aweil North this week (q50 0.0 km²). Routine monitoring. (Aweil North maps ~463,801 cattle in baseline.)"
2016-05-09,Aweil South,0.0,0.012,0,vegetative growth,0.0,0.0,141256.8006910938,"No flood expected in Aweil South this week (q50 0.0 km²). Routine monitoring. (Aweil South maps ~141,257 cattle in baseline.)"
2016-05-09,Aweil West,0.0,0.012,0,vegetative growth,0.0,0.0,318964.9515941321,"No flood expected in Aweil West this week (q50 0.0 km²). Routine monitoring. (Aweil West maps ~318,965 cattle in baseline.)"
2016-05-16,Aweil Centre,0.0,0.008,0,vegetative growth,0.0,0.0,364961.8333817694,"No flood expected in Aweil Centre this week (q50 0.0 km²). Routine monitoring. (Aweil Centre maps ~364,962 cattle in baseline.)"
2016-05-16,Aweil East,0.0,0.012,0,vegetative growth,0.0,0.0,505027.7802561831,"No flood expected in Aweil East this week (q50 0.0 km²). Routine monitoring. (Aweil East maps ~505,028 cattle in baseline.)"
2016-05-16,Aweil North,0.0,0.006,0,vegetative growth,0.0,0.0,463800.5038861725,"No flood expected in Aweil North this week (q50 0.0 km²). Routine monitoring. (Aweil North maps ~463,801 cattle in baseline.)"
2016-05-16,Aweil South,0.0,0.007,0,vegetative growth,0.0,0.0,141256.8006910938,"No flood expected in Aweil South this week (q50 0.0 km²). Routine monitoring. (Aweil South maps ~141,257 cattle in baseline.)"
2016-05-16,Aweil West,0.0,0.03,0,vegetative growth,0.0,0.0,318964.9515941321,"No flood expected in Aweil West this week (q50 0.0 km²). Routine monitoring. (Aweil West maps ~318,965 cattle in baseline.)"
2016-05-23,Aweil Centre,0.0,0.006,0,vegetative growth,0.0,0.0,364961.8333817694,"No flood expected in Aweil Centre this week (q50 0.0 km²). Routine monitoring. (Aweil Centre maps ~364,962 cattle in baseline.)"
2016-05-23,Aweil East,0.0,0.008,0,vegetative growth,0.0,0.0,505027.7802561831,"No flood expected in Aweil East this week (q50 0.0 km²). Routine monitoring. (Aweil East maps ~505,028 cattle in baseline.)"
2016-05-23,Aweil North,0.0,0.003,0,vegetative growth,0.0,0.0,463800.5038861725,"No flood expected in Aweil North this week (q50 0.0 km²). Routine monitoring. (Aweil North maps ~463,801 cattle in baseline.)"
2016-05-23,Aweil South,0.0,0.004,0,vegetative growth,0.0,0.0,141256.8006910938,"No flood expected in Aweil South this week (q50 0.0 km²). Routine monitoring. (Aweil South maps ~141,257 cattle in baseline.)"
2016-05-23,Aweil West,0.0,0.004,0,vegetative growth,0.0,0.0,318964.9515941321,"No flood expected in Aweil West this week (q50 0.0 km²). Routine monitoring. (Aweil West maps ~318,965 cattle in baseline.)"
2016-05-30,Aweil Centre,0.0,0.006,0,vegetative growth,0.0,0.0,364961.8333817694,"No flood expected in Aweil Centre this week (q50 0.0 km²). Routine monitoring. (Aweil Centre maps ~364,962 cattle in baseline.)"
2016-05-30,Aweil East,0.0,0.013,0,vegetative growth,0.0,0.0,505027.7802561831,"No flood expected in Aweil East this week (q50 0.0 km²). Routine monitoring. (Aweil East maps ~505,028 cattle in baseline.)"
2016-05-30,Aweil North,0.0,0.006,0,vegetative growth,0.0,0.0,463800.5038861725,"No flood expected in Aweil North this week (q50 0.0 km²). Routine monitoring. (Aweil North maps ~463,801 cattle in baseline.)"
2016-05-30,Aweil South,0.0,0.007,0,vegetative growth,0.0,0.0,141256.8006910938,"No flood expected in Aweil South this week (q50 0.0 km²). Routine monitoring. (Aweil South maps ~141,257 cattle in baseline.)"
2016-05-30,Aweil West,0.0,0.01,0,vegetative growth,0.0,0.0,318964.9515941321,"No flood expected in Aweil West this week (q50 0.0 km²). Routine monitoring. (Aweil West maps ~318,965 cattle in baseline.)"
2016-06-06,Aweil Centre,0.0,0.019,0,vegetative growth (peak),0.0,0.0,364961.8333817694,"No flood expected in Aweil Centre this week (q50 0.0 km²). Routine monitoring. (Aweil Centre maps ~364,962 cattle in baseline.)"
2016-06-06,Aweil East,0.0,0.047,0,vegetative growth (peak),0.0,0.0,505027.7802561831,"No flood expected in Aweil East this week (q50 0.0 km²). Routine monitoring. (Aweil East maps ~505,028 cattle in baseline.)"
2016-06-06,Aweil North,0.0,0.019,0,vegetative growth (peak),0.0,0.0,463800.5038861725,"No flood expected in Aweil North this week (q50 0.0 km²). Routine monitoring. (Aweil North maps ~463,801 cattle in baseline.)"
2016-06-06,Aweil South,0.0,0.023,0,vegetative growth (peak),0.0,0.0,141256.8006910938,"No flood expected in Aweil South this week (q50 0.0 km²). Routine monitoring. (Aweil South maps ~141,257 cattle in baseline.)"
2016-06-06,Aweil West,0.0,0.03,0,vegetative growth (peak),0.0,0.0,318964.9515941321,"No flood expected in Aweil West this week (q50 0.0 km²). Routine monitoring. (Aweil West maps ~318,965 cattle in baseline.)"
2016-06-13,Aweil Centre,0.0,0.013,0,vegetative growth (peak),0.0,0.0,364961.8333817694,"No flood expected in Aweil Centre this week (q50 0.0 km²). Routine monitoring. (Aweil Centre maps ~364,962 cattle in baseline.)"
2016-06-13,Aweil East,0.0,0.019,0,vegetative growth (peak),0.0,0.0,505027.7802561831,"No flood expected in Aweil East this week (q50 0.0 km²). Routine monitoring. (Aweil East maps ~505,028 cattle in baseline.)"
2016-06-13,Aweil North,0.0,0.013,0,vegetative growth (peak),0.0,0.0,463800.5038861725,"No flood expected in Aweil North this week (q50 0.0 km²). Routine monitoring. (Aweil North maps ~463,801 cattle in baseline.)"
2016-06-13,Aweil South,0.0,0.018,0,vegetative growth (peak),0.0,0.0,141256.8006910938,"No flood expected in Aweil South this week (q50 0.0 km²). Routine monitoring. (Aweil South maps ~141,257 cattle in baseline.)"
2016-06-13,Aweil West,0.0,0.026,0,vegetative growth (peak),0.0,0.0,318964.9515941321,"No flood expected in Aweil West this week (q50 0.0 km²). Routine monitoring. (Aweil West maps ~318,965 cattle in baseline.)"
2016-06-20,Aweil Centre,0.0,0.015,0,vegetative growth (peak),0.0,0.0,364961.8333817694,"No flood expected in Aweil Centre this week (q50 0.0 km²). Routine monitoring. (Aweil Centre maps ~364,962 cattle in baseline.)"
2016-06-20,Aweil East,0.0,0.021,0,vegetative growth (peak),0.0,0.0,505027.7802561831,"No flood expected in Aweil East this week (q50 0.0 km²). Routine monitoring. (Aweil East maps ~505,028 cattle in baseline.)"
2016-06-20,Aweil North,0.0,0.01,0,vegetative growth (peak),0.0,0.0,463800.5038861725,"No flood expected in Aweil North this week (q50 0.0 km²). Routine monitoring. (Aweil North maps ~463,801 cattle in baseline.)"
2016-06-20,Aweil South,0.0,0.011,0,vegetative growth (peak),0.0,0.0,141256.8006910938,"No flood expected in Aweil South this week (q50 0.0 km²). Routine monitoring. (Aweil South maps ~141,257 cattle in baseline.)"
2016-06-20,Aweil West,0.0,0.013,0,vegetative growth (peak),0.0,0.0,318964.9515941321,"No flood expected in Aweil West this week (q50 0.0 km²). Routine monitoring. (Aweil West maps ~318,965 cattle in baseline.)"
2016-06-27,Aweil Centre,0.0,0.013,0,vegetative growth (peak),0.0,0.0,364961.8333817694,"No flood expected in Aweil Centre this week (q50 0.0 km²). Routine monitoring. (Aweil Centre maps ~364,962 cattle in baseline.)"
2016-06-27,Aweil East,0.0,0.02,0,vegetative growth (peak),0.0,0.0,505027.7802561831,"No flood expected in Aweil East this week (q50 0.0 km²). Routine monitoring. (Aweil East maps ~505,028 cattle in baseline.)"
2016-06-27,Aweil North,0.0,0.012,0,vegetative growth (peak),0.0,0.0,463800.5038861725,"No flood expected in Aweil North this week (q50 0.0 km²). Routine monitoring. (Aweil North maps ~463,801 cattle in baseline.)"
2016-06-27,Aweil South,0.0,0.019,0,vegetative growth (peak),0.0,0.0,141256.8006910938,"No flood expected in Aweil South this week (q50 0.0 km²). Routine monitoring. (Aweil South maps ~141,257 cattle in baseline.)"
2016-06-27,Aweil West,0.0,0.017,0,vegetative growth (peak),0.0,0.0,318964.9515941321,"No flood expected in Aweil West this week (q50 0.0 km²). Routine monitoring. (Aweil West maps ~318,965 cattle in baseline.)"
2016-07-04,Aweil Centre,0.0,0.009,0,vegetative growth (peak),0.0,0.0,364961.8333817694,"No flood expected in Aweil Centre this week (q50 0.0 km²). Routine monitoring. (Aweil Centre maps ~364,962 cattle in baseline.)"
2016-07-04,Aweil East,0.0,0.011,0,vegetative growth (peak),0.0,0.0,505027.7802561831,"No flood expected in Aweil East this week (q50 0.0 km²). Routine monitoring. (Aweil East maps ~505,028 cattle in baseline.)"
2016-07-04,Aweil North,0.0,0.007,0,vegetative growth (peak),0.0,0.0,463800.5038861725,"No flood expected in Aweil North this week (q50 0.0 km²). Routine monitoring. (Aweil North maps ~463,801 cattle in baseline.)"
2016-07-04,Aweil South,0.0,0.008,0,vegetative growth (peak),0.0,0.0,141256.8006910938,"No flood expected in Aweil South this week (q50 0.0 km²). Routine monitoring. (Aweil South maps ~141,257 cattle in baseline.)"
2016-07-04,Aweil West,0.0,0.01,0,vegetative growth (peak),0.0,0.0,318964.9515941321,"No flood expected in Aweil West this week (q50 0.0 km²). Routine monitoring. (Aweil West maps ~318,965 cattle in baseline.)"
2016-07-11,Aweil Centre,0.0,0.012,0,vegetative growth (peak),0.0,0.0,364961.8333817694,"No flood expected in Aweil Centre this week (q50 0.0 km²). Routine monitoring. (Aweil Centre maps ~364,962 cattle in baseline.)"
2016-07-11,Aweil East,0.0,0.018,0,vegetative growth (peak),0.0,0.0,505027.7802561831,"No flood expected in Aweil East this week (q50 0.0 km²). Routine monitoring. (Aweil East maps ~505,028 cattle in baseline.)"
2016-07-11,Aweil North,0.0,0.009,0,vegetative growth (peak),0.0,0.0,463800.5038861725,"No flood expected in Aweil North this week (q50 0.0 km²). Routine monitoring. (Aweil North maps ~463,801 cattle in baseline.)"
2016-07-11,Aweil South,0.0,0.01,0,vegetative growth (peak),0.0,0.0,141256.8006910938,"No flood expected in Aweil South this week (q50 0.0 km²). Routine monitoring. (Aweil South maps ~141,257 cattle in baseline.)"
2016-07-11,Aweil West,0.0,0.01,0,vegetative growth (peak),0.0,0.0,318964.9515941321,"No flood expected in Aweil West this week (q50 0.0 km²). Routine monitoring. (Aweil West maps ~318,965 cattle in baseline.)"
2016-07-18,Aweil Centre,0.0,0.006,0,vegetative growth (peak),0.0,0.0,364961.8333817694,"No flood expected in Aweil Centre this week (q50 0.0 km²). Routine monitoring. (Aweil Centre maps ~364,962 cattle in baseline.)"
2016-07-18,Aweil East,0.06,0.46,0,vegetative growth (peak),0.0,0.0,505027.7802561831,"No flood expected in Aweil East this week (q50 0.1 km²). Routine monitoring. (Aweil East maps ~505,028 cattle in baseline.)"
2016-07-18,Aweil North,0.0,0.005,0,vegetative growth (peak),0.0,0.0,463800.5038861725,"No flood expected in Aweil North this week (q50 0.0 km²). Routine monitoring. (Aweil North maps ~463,801 cattle in baseline.)"
2016-07-18,Aweil South,0.0,0.007,0,vegetative growth (peak),0.0,0.0,141256.8006910938,"No flood expected in Aweil South this week (q50 0.0 km²). Routine monitoring. (Aweil South maps ~141,257 cattle in baseline.)"
2016-07-18,Aweil West,0.0,0.009,0,vegetative growth (peak),0.0,0.0,318964.9515941321,"No flood expected in Aweil West this week (q50 0.0 km²). Routine monitoring. (Aweil West maps ~318,965 cattle in baseline.)"
2016-07-25,Aweil Centre,0.0,0.008,0,vegetative growth (peak),0.0,0.0,364961.8333817694,"No flood expected in Aweil Centre this week (q50 0.0 km²). Routine monitoring. (Aweil Centre maps ~364,962 cattle in baseline.)"
2016-07-25,Aweil East,0.0,0.071,0,vegetative growth (peak),0.0,0.0,505027.7802561831,"No flood expected in Aweil East this week (q50 0.0 km²). Routine monitoring. (Aweil East maps ~505,028 cattle in baseline.)"
2016-07-25,Aweil North,0.0,0.008,0,vegetative growth (peak),0.0,0.0,463800.5038861725,"No flood expected in Aweil North this week (q50 0.0 km²). Routine monitoring. (Aweil North maps ~463,801 cattle in baseline.)"
2016-07-25,Aweil South,0.0,0.011,0,vegetative growth (peak),0.0,0.0,141256.8006910938,"No flood expected in Aweil South this week (q50 0.0 km²). Routine monitoring. (Aweil South maps ~141,257 cattle in baseline.)"
2016-07-25,Aweil West,0.0,0.013,0,vegetative growth (peak),0.0,0.0,318964.9515941321,"No flood expected in Aweil West this week (q50 0.0 km²). Routine monitoring. (Aweil West maps ~318,965 cattle in baseline.)"
2016-08-01,Aweil Centre,0.0,0.039,0,maturation,0.0,0.0,364961.8333817694,"No flood expected in Aweil Centre this week (q50 0.0 km²). Routine monitoring. (Aweil Centre maps ~364,962 cattle in baseline.)"
2016-08-01,Aweil East,1.82,0.966,0,maturation,0.0,0.0,505027.7802561831,"SEVERE flood expected in Aweil East this week: q50 1.8 km², above the 95th percentile of all August weeks since 2000. (Aweil East maps ~505,028 cattle in baseline.)"
2016-08-01,Aweil North,0.0,0.014,0,maturation,0.0,0.0,463800.5038861725,"No flood expected in Aweil North this week (q50 0.0 km²). Routine monitoring. (Aweil North maps ~463,801 cattle in baseline.)"
2016-08-01,Aweil South,0.0,0.022,0,maturation,0.0,0.0,141256.8006910938,"No flood expected in Aweil South this week (q50 0.0 km²). Routine monitoring. (Aweil South maps ~141,257 cattle in baseline.)"
2016-08-01,Aweil West,0.0,0.138,0,maturation,0.0,0.0,318964.9515941321,"No flood expected in Aweil West this week (q50 0.0 km²). Routine monitoring. (Aweil West maps ~318,965 cattle in baseline.)"
2016-08-08,Aweil Centre,0.0,0.053,0,maturation,0.0,0.0,364961.8333817694,"No flood expected in Aweil Centre this week (q50 0.0 km²). Routine monitoring. (Aweil Centre maps ~364,962 cattle in baseline.)"
2016-08-08,Aweil East,0.02,0.773,0,maturation,0.0,0.0,505027.7802561831,"SEVERE flood expected in Aweil East this week: q50 0.0 km², above the 95th percentile of all August weeks since 2000. (Aweil East maps ~505,028 cattle in baseline.)"
2016-08-08,Aweil North,0.0,0.021,0,maturation,0.0,0.0,463800.5038861725,"No flood expected in Aweil North this week (q50 0.0 km²). Routine monitoring. (Aweil North maps ~463,801 cattle in baseline.)"
2016-08-08,Aweil South,0.0,0.048,0,maturation,0.0,0.0,141256.8006910938,"No flood expected in Aweil South this week (q50 0.0 km²). Routine monitoring. (Aweil South maps ~141,257 cattle in baseline.)"
2016-08-08,Aweil West,0.0,0.071,0,maturation,0.0,0.0,318964.9515941321,"No flood expected in Aweil West this week (q50 0.0 km²). Routine monitoring. (Aweil West maps ~318,965 cattle in baseline.)"
2016-08-15,Aweil Centre,0.1,0.895,0,maturation,0.0,0.0,364961.8333817694,"SEVERE flood expected in Aweil Centre this week: q50 0.1 km², above the 95th percentile of all August weeks since 2000. (Aweil Centre maps ~364,962 cattle in baseline.)"
2016-08-15,Aweil East,0.02,0.706,0,maturation,0.0,0.0,505027.7802561831,"SEVERE flood expected in Aweil East this week: q50 0.0 km², above the 95th percentile of all August weeks since 2000. (Aweil East maps ~505,028 cattle in baseline.)"
2016-08-15,Aweil North,0.0,0.105,0,maturation,0.0,0.0,463800.5038861725,"No flood expected in Aweil North this week (q50 0.0 km²). Routine monitoring. (Aweil North maps ~463,801 cattle in baseline.)"
2016-08-15,Aweil South,0.0,0.191,0,maturation,0.0,0.0,141256.8006910938,"No flood expected in Aweil South this week (q50 0.0 km²). Routine monitoring. (Aweil South maps ~141,257 cattle in baseline.)"
2016-08-15,Aweil West,0.0,0.308,0,maturation,0.0,0.0,318964.9515941321,"No flood expected in Aweil West this week (q50 0.0 km²). Routine monitoring. (Aweil West maps ~318,965 cattle in baseline.)"
2016-08-22,Aweil Centre,1.19,0.969,2,maturation,0.0,0.0,364961.8333817694,"High flood risk in Aweil Centre this week: q50 1.2 km², above most August weeks since 2000. Maturation: grain is filling; flooding now damages the yield that is already banked. (Aweil Centre maps ~364,962 cattle in baseline.)"
2016-08-22,Aweil East,0.01,0.746,0,maturation,0.0,0.0,505027.7802561831,"SEVERE flood expected in Aweil East this week: q50 0.0 km², above the 95th percentile of all August weeks since 2000. (Aweil East maps ~505,028 cattle in baseline.)"
2016-08-22,Aweil North,0.0,0.063,0,maturation,0.0,0.0,463800.5038861725,"No flood expected in Aweil North this week (q50 0.0 km²). Routine monitoring. (Aweil North maps ~463,801 cattle in baseline.)"
2016-08-22,Aweil South,0.0,0.155,0,maturation,0.0,0.0,141256.8006910938,"No flood expected in Aweil South this week (q50 0.0 km²). Routine monitoring. (Aweil South maps ~141,257 cattle in baseline.)"
2016-08-22,Aweil West,0.12,0.876,0,maturation,0.0,0.0,318964.9515941321,"SEVERE flood expected in Aweil West this week: q50 0.1 km², above the 95th percentile of all August weeks since 2000. (Aweil West maps ~318,965 cattle in baseline.)"
2016-08-29,Aweil Centre,1.19,0.981,2,maturation,0.0,0.0,364961.8333817694,"High flood risk in Aweil Centre this week: q50 1.2 km², above most August weeks since 2000. Maturation: grain is filling; flooding now damages the yield that is already banked. (Aweil Centre maps ~364,962 cattle in baseline.)"
2016-08-29,Aweil East,1.82,0.982,0,maturation,0.0,0.0,505027.7802561831,"SEVERE flood expected in Aweil East this week: q50 1.8 km², above the 95th percentile of all August weeks since 2000. (Aweil East maps ~505,028 cattle in baseline.)"
2016-08-29,Aweil North,0.0,0.054,0,maturation,0.0,0.0,463800.5038861725,"No flood expected in Aweil North this week (q50 0.0 km²). Routine monitoring. (Aweil North maps ~463,801 cattle in baseline.)"
2016-08-29,Aweil South,0.06,0.607,0,maturation,0.0,0.0,141256.8006910938,"SEVERE flood expected in Aweil South this week: q50 0.1 km², above the 95th percentile of all August weeks since 2000. (Aweil South maps ~141,257 cattle in baseline.)"
2016-08-29,Aweil West,1.82,0.981,2,maturation,0.0,0.0,318964.9515941321,"High flood risk in Aweil West this week: q50 1.8 km², above most August weeks since 2000. Maturation: grain is filling; flooding now damages the yield that is already banked. (Aweil West maps ~318,965 cattle in baseline.)"
2016-09-05,Aweil Centre,0.03,0.811,0,maturation / grain filling,0.0,3.2,364961.8333817694,"SEVERE flood expected in Aweil Centre this week: q50 0.0 km², above the 95th percentile of all September weeks since 2000. Approx. 3 ha of rangeland at risk; plan early herd movement. (Aweil Centre maps ~364,962 cattle in baseline.)"
2016-09-05,Aweil East,0.1,0.839,0,maturation / grain filling,0.3,11.0,505027.7802561831,"SEVERE flood expected in Aweil East this week: q50 0.1 km², above the 95th percentile of all September weeks since 2000. Approx. 11 ha of rangeland at risk; plan early herd movement. (Aweil East maps ~505,028 cattle in baseline.)"
2016-09-05,Aweil North,0.0,0.059,0,maturation / grain filling,0.0,0.0,463800.5038861725,"No flood expected in Aweil North this week (q50 0.0 km²). Routine monitoring. (Aweil North maps ~463,801 cattle in baseline.)"
2016-09-05,Aweil South,0.03,0.274,0,maturation / grain filling,0.5,13.4,141256.8006910938,"No flood expected in Aweil South this week (q50 0.0 km²). Routine monitoring. Approx. 13 ha of rangeland at risk; plan early herd movement. (Aweil South maps ~141,257 cattle in baseline.)"
2016-09-05,Aweil West,0.02,0.588,0,maturation / grain filling,0.1,7.3,318964.9515941321,"SEVERE flood expected in Aweil West this week: q50 0.0 km², above the 95th percentile of all September weeks since 2000. Approx. 7 ha of rangeland at risk; plan early herd movement. (Aweil West maps ~318,965 cattle in baseline.)"
2016-09-12,Aweil Centre,0.0,0.479,0,maturation / grain filling,0.0,0.4,364961.8333817694,"No flood expected in Aweil Centre this week (q50 0.0 km²). Routine monitoring. (Aweil Centre maps ~364,962 cattle in baseline.)"
2016-09-12,Aweil East,0.02,0.689,0,maturation / grain filling,0.0,1.6,505027.7802561831,"SEVERE flood expected in Aweil East this week: q50 0.0 km², above the 95th percentile of all September weeks since 2000. Approx. 2 ha of rangeland at risk; plan early herd movement. (Aweil East maps ~505,028 cattle in baseline.)"
2016-09-12,Aweil North,0.0,0.099,0,maturation / grain filling,0.0,0.0,463800.5038861725,"No flood expected in Aweil North this week (q50 0.0 km²). Routine monitoring. (Aweil North maps ~463,801 cattle in baseline.)"
2016-09-12,Aweil South,0.01,0.406,0,maturation / grain filling,0.1,3.1,141256.8006910938,"No flood expected in Aweil South this week (q50 0.0 km²). Routine monitoring. Approx. 3 ha of rangeland at risk; plan early herd movement. (Aweil South maps ~141,257 cattle in baseline.)"
2016-09-12,Aweil West,0.01,0.549,0,maturation / grain filling,0.1,4.9,318964.9515941321,"SEVERE flood expected in Aweil West this week: q50 0.0 km², above the 95th percentile of all September weeks since 2000. Approx. 5 ha of rangeland at risk; plan early herd movement. (Aweil West maps ~318,965 cattle in baseline.)"
2016-09-19,Aweil Centre,0.02,0.733,0,maturation / grain filling,0.0,2.1,364961.8333817694,"SEVERE flood expected in Aweil Centre this week: q50 0.0 km², above the 95th percentile of all September weeks since 2000. Approx. 2 ha of rangeland at risk; plan early herd movement. (Aweil Centre maps ~364,962 cattle in baseline.)"
2016-09-19,Aweil East,0.06,0.767,0,maturation / grain filling,0.2,6.2,505027.7802561831,"SEVERE flood expected in Aweil East this week: q50 0.1 km², above the 95th percentile of all September weeks since 2000. Approx. 6 ha of rangeland at risk; plan early herd movement. (Aweil East maps ~505,028 cattle in baseline.)"
2016-09-19,Aweil North,0.0,0.134,0,maturation / grain filling,0.0,0.0,463800.5038861725,"No flood expected in Aweil North this week (q50 0.0 km²). Routine monitoring. (Aweil North maps ~463,801 cattle in baseline.)"
2016-09-19,Aweil South,0.02,0.622,0,maturation / grain filling,0.5,13.1,141256.8006910938,"SEVERE flood expected in Aweil South this week: q50 0.0 km², above the 95th percentile of all September weeks since 2000. Approx. 13 ha of rangeland at risk; plan early herd movement. (Aweil South maps ~141,257 cattle in baseline.)"
2016-09-19,Aweil West,0.02,0.679,0,maturation / grain filling,0.1,7.3,318964.9515941321,"SEVERE flood expected in Aweil West this week: q50 0.0 km², above the 95th percentile of all September weeks since 2000. Approx. 7 ha of rangeland at risk; plan early herd movement. (Aweil West maps ~318,965 cattle in baseline.)"
2016-09-26,Aweil Centre,0.01,0.207,0,maturation / grain filling,0.0,1.5,364961.8333817694,"No flood expected in Aweil Centre this week (q50 0.0 km²). Routine monitoring. Approx. 2 ha of rangeland at risk; plan early herd movement. (Aweil Centre maps ~364,962 cattle in baseline.)"
2016-09-26,Aweil East,1.17,0.929,0,maturation / grain filling,3.0,123.2,505027.7802561831,"SEVERE flood expected in Aweil East this week: q50 1.2 km², above the 95th percentile of all September weeks since 2000. Approx. 3 ha of mapped crops in the Aweil East floodplain are at risk. Approx. 123 ha of rangeland at risk; plan early herd movement. (Aweil East maps ~505,028 cattle in baseline.)"
2016-09-26,Aweil North,0.0,0.126,0,maturation / grain filling,0.0,1.1,463800.5038861725,"No flood expected in Aweil North this week (q50 0.0 km²). Routine monitoring. Approx. 1 ha of rangeland at risk; plan early herd movement. (Aweil North maps ~463,801 cattle in baseline.)"
2016-09-26,Aweil South,0.09,0.934,0,maturation / grain filling,1.7,46.5,141256.8006910938,"SEVERE flood expected in Aweil South this week: q50 0.1 km², above the 95th percentile of all September weeks since 2000. Approx. 2 ha of mapped crops in the Aweil South floodplain are at risk. Approx. 47 ha of rangeland at risk; plan early herd movement. (Aweil South maps ~141,257 cattle in baseline.)"
2016-09-26,Aweil West,0.06,0.859,0,maturation / grain filling,0.4,23.7,318964.9515941321,"SEVERE flood expected in Aweil West this week: q50 0.1 km², above the 95th percentile of all September weeks since 2000. Approx. 24 ha of rangeland at risk; plan early herd movement. (Aweil West maps ~318,965 cattle in baseline.)"
2016-10-03,Aweil Centre,0.0,0.305,0,harvest,0.0,0.1,364961.8333817694,"No flood expected in Aweil Centre this week (q50 0.0 km²). Routine monitoring. (Aweil Centre maps ~364,962 cattle in baseline.)"
2016-10-03,Aweil East,0.0,0.713,0,harvest,0.0,0.3,505027.7802561831,"SEVERE flood expected in Aweil East this week: q50 0.0 km², above the 95th percentile of all October weeks since 2000. (Aweil East maps ~505,028 cattle in baseline.)"
2016-10-03,Aweil North,0.0,0.163,0,harvest,0.1,1.8,463800.5038861725,"No flood expected in Aweil North this week (q50 0.0 km²). Routine monitoring. Approx. 2 ha of rangeland at risk; plan early herd movement. (Aweil North maps ~463,801 cattle in baseline.)"
2016-10-03,Aweil South,1.03,0.957,0,harvest,22.8,361.9,141256.8006910938,"SEVERE flood expected in Aweil South this week: q50 1.0 km², above the 95th percentile of all October weeks since 2000. Approx. 23 ha of mapped crops in the Aweil South floodplain are at risk. Approx. 362 ha of rangeland at risk; plan early herd movement. (Aweil South maps ~141,257 cattle in baseline.)"
2016-10-03,Aweil West,0.01,0.691,0,harvest,0.1,3.7,318964.9515941321,"SEVERE flood expected in Aweil West this week: q50 0.0 km², above the 95th percentile of all October weeks since 2000. Approx. 4 ha of rangeland at risk; plan early herd movement. (Aweil West maps ~318,965 cattle in baseline.)"
2016-10-10,Aweil Centre,0.0,0.339,0,harvest,0.0,0.0,364961.8333817694,"No flood expected in Aweil Centre this week (q50 0.0 km²). Routine monitoring. (Aweil Centre maps ~364,962 cattle in baseline.)"
2016-10-10,Aweil East,0.02,0.566,0,harvest,0.2,2.3,505027.7802561831,"SEVERE flood expected in Aweil East this week: q50 0.0 km², above the 95th percentile of all October weeks since 2000. Approx. 2 ha of rangeland at risk; plan early herd movement. (Aweil East maps ~505,028 cattle in baseline.)"
2016-10-10,Aweil North,0.0,0.116,0,harvest,0.0,0.0,463800.5038861725,"No flood expected in Aweil North this week (q50 0.0 km²). Routine monitoring. (Aweil North maps ~463,801 cattle in baseline.)"
2016-10-10,Aweil South,1.03,0.972,0,harvest,22.8,361.9,141256.8006910938,"SEVERE flood expected in Aweil South this week: q50 1.0 km², above the 95th percentile of all October weeks since 2000. Approx. 23 ha of mapped crops in the Aweil South floodplain are at risk. Approx. 362 ha of rangeland at risk; plan early herd movement. (Aweil South maps ~141,257 cattle in baseline.)"
2016-10-10,Aweil West,0.02,0.406,0,harvest,0.2,7.7,318964.9515941321,"No flood expected in Aweil West this week (q50 0.0 km²). Routine monitoring. Approx. 8 ha of rangeland at risk; plan early herd movement. (Aweil West maps ~318,965 cattle in baseline.)"
2016-10-17,Aweil Centre,0.0,0.374,0,harvest,0.0,0.1,364961.8333817694,"No flood expected in Aweil Centre this week (q50 0.0 km²). Routine monitoring. (Aweil Centre maps ~364,962 cattle in baseline.)"
2016-10-17,Aweil East,0.02,0.833,0,harvest,0.2,2.3,505027.7802561831,"SEVERE flood expected in Aweil East this week: q50 0.0 km², above the 95th percentile of all October weeks since 2000. Approx. 2 ha of rangeland at risk; plan early herd movement. (Aweil East maps ~505,028 cattle in baseline.)"
2016-10-17,Aweil North,0.0,0.223,0,harvest,0.0,0.0,463800.5038861725,"No flood expected in Aweil North this week (q50 0.0 km²). Routine monitoring. (Aweil North maps ~463,801 cattle in baseline.)"
2016-10-17,Aweil South,1.05,0.972,0,harvest,23.3,369.1,141256.8006910938,"SEVERE flood expected in Aweil South this week: q50 1.1 km², above the 95th percentile of all October weeks since 2000. Approx. 23 ha of mapped crops in the Aweil South floodplain are at risk. Approx. 369 ha of rangeland at risk; plan early herd movement. (Aweil South maps ~141,257 cattle in baseline.)"
2016-10-17,Aweil West,0.08,0.774,0,harvest,0.8,35.1,318964.9515941321,"SEVERE flood expected in Aweil West this week: q50 0.1 km², above the 95th percentile of all October weeks since 2000. Approx. 35 ha of rangeland at risk; plan early herd movement. (Aweil West maps ~318,965 cattle in baseline.)"
2016-10-24,Aweil Centre,0.0,0.351,0,harvest,0.0,0.1,364961.8333817694,"No flood expected in Aweil Centre this week (q50 0.0 km²). Routine monitoring. (Aweil Centre maps ~364,962 cattle in baseline.)"
2016-10-24,Aweil East,0.01,0.609,0,harvest,0.1,0.9,505027.7802561831,"SEVERE flood expected in Aweil East this week: q50 0.0 km², above the 95th percentile of all October weeks since 2000. (Aweil East maps ~505,028 cattle in baseline.)"
2016-10-24,Aweil North,0.0,0.112,0,harvest,0.0,0.0,463800.5038861725,"No flood expected in Aweil North this week (q50 0.0 km²). Routine monitoring. (Aweil North maps ~463,801 cattle in baseline.)"
2016-10-24,Aweil South,1.19,0.949,0,harvest,26.2,415.8,141256.8006910938,"SEVERE flood expected in Aweil South this week: q50 1.2 km², above the 95th percentile of all October weeks since 2000. Approx. 26 ha of mapped crops in the Aweil South floodplain are at risk. Approx. 416 ha of rangeland at risk; plan early herd movement. (Aweil South maps ~141,257 cattle in baseline.)"
2016-10-24,Aweil West,0.09,0.645,0,harvest,0.9,40.8,318964.9515941321,"SEVERE flood expected in Aweil West this week: q50 0.1 km², above the 95th percentile of all October weeks since 2000. Approx. 41 ha of rangeland at risk; plan early herd movement. (Aweil West maps ~318,965 cattle in baseline.)"
2016-10-31,Aweil Centre,0.0,0.201,0,harvest,0.0,0.1,364961.8333817694,"No flood expected in Aweil Centre this week (q50 0.0 km²). Routine monitoring. (Aweil Centre maps ~364,962 cattle in baseline.)"
2016-10-31,Aweil East,0.01,0.387,0,harvest,0.1,0.8,505027.7802561831,"No flood expected in Aweil East this week (q50 0.0 km²). Routine monitoring. (Aweil East maps ~505,028 cattle in baseline.)"
2016-10-31,Aweil North,0.0,0.089,0,harvest,0.0,0.0,463800.5038861725,"No flood expected in Aweil North this week (q50 0.0 km²). Routine monitoring. (Aweil North maps ~463,801 cattle in baseline.)"
2016-10-31,Aweil South,1.05,0.972,0,harvest,23.3,369.1,141256.8006910938,"SEVERE flood expected in Aweil South this week: q50 1.1 km², above the 95th percentile of all October weeks since 2000. Approx. 23 ha of mapped crops in the Aweil South floodplain are at risk. Approx. 369 ha of rangeland at risk; plan early herd movement. (Aweil South maps ~141,257 cattle in baseline.)"
2016-10-31,Aweil West,0.08,0.722,0,harvest,0.8,35.1,318964.9515941321,"SEVERE flood expected in Aweil West this week: q50 0.1 km², above the 95th percentile of all October weeks since 2000. Approx. 35 ha of rangeland at risk; plan early herd movement. (Aweil West maps ~318,965 cattle in baseline.)"
2016-11-07,Aweil Centre,0.0,0.478,0,harvest / drying,0.0,0.2,364961.8333817694,"No flood expected in Aweil Centre this week (q50 0.0 km²). Routine monitoring. (Aweil Centre maps ~364,962 cattle in baseline.)"
2016-11-07,Aweil East,0.0,0.61,0,harvest / drying,0.1,0.7,505027.7802561831,"SEVERE flood expected in Aweil East this week: q50 0.0 km², above the 95th percentile of all November weeks since 2000. (Aweil East maps ~505,028 cattle in baseline.)"
2016-11-07,Aweil North,0.0,0.233,0,harvest / drying,0.0,0.0,463800.5038861725,"No flood expected in Aweil North this week (q50 0.0 km²). Routine monitoring. (Aweil North maps ~463,801 cattle in baseline.)"
2016-11-07,Aweil South,0.07,0.956,0,harvest / drying,1.2,18.8,141256.8006910938,"SEVERE flood expected in Aweil South this week: q50 0.1 km², above the 95th percentile of all November weeks since 2000. Approx. 1 ha of mapped crops in the Aweil South floodplain are at risk. Approx. 19 ha of rangeland at risk; plan early herd movement. (Aweil South maps ~141,257 cattle in baseline.)"
2016-11-07,Aweil West,0.02,0.696,0,harvest / drying,0.7,29.8,318964.9515941321,"SEVERE flood expected in Aweil West this week: q50 0.0 km², above the 95th percentile of all November weeks since 2000. Approx. 30 ha of rangeland at risk; plan early herd movement. (Aweil West maps ~318,965 cattle in baseline.)"
2016-11-14,Aweil Centre,0.0,0.307,0,harvest / drying,0.0,0.2,364961.8333817694,"No flood expected in Aweil Centre this week (q50 0.0 km²). Routine monitoring. (Aweil Centre maps ~364,962 cattle in baseline.)"
2016-11-14,Aweil East,0.01,0.33,0,harvest / drying,0.1,1.3,505027.7802561831,"No flood expected in Aweil East this week (q50 0.0 km²). Routine monitoring. Approx. 1 ha of rangeland at risk; plan early herd movement. (Aweil East maps ~505,028 cattle in baseline.)"
2016-11-14,Aweil North,0.0,0.161,0,harvest / drying,0.0,0.0,463800.5038861725,"No flood expected in Aweil North this week (q50 0.0 km²). Routine monitoring. (Aweil North maps ~463,801 cattle in baseline.)"
2016-11-14,Aweil South,0.03,0.692,0,harvest / drying,0.5,7.8,141256.8006910938,"SEVERE flood expected in Aweil South this week: q50 0.0 km², above the 95th percentile of all November weeks since 2000. Approx. 8 ha of rangeland at risk; plan early herd movement. (Aweil South maps ~141,257 cattle in baseline.)"
2016-11-14,Aweil West,0.01,0.386,0,harvest / drying,0.4,17.5,318964.9515941321,"No flood expected in Aweil West this week (q50 0.0 km²). Routine monitoring. Approx. 18 ha of rangeland at risk; plan early herd movement. (Aweil West maps ~318,965 cattle in baseline.)"
2016-11-21,Aweil Centre,0.0,0.378,0,harvest / drying,0.0,0.5,364961.8333817694,"No flood expected in Aweil Centre this week (q50 0.0 km²). Routine monitoring. (Aweil Centre maps ~364,962 cattle in baseline.)"
2016-11-21,Aweil East,0.0,0.461,0,harvest / drying,0.0,0.4,505027.7802561831,"No flood expected in Aweil East this week (q50 0.0 km²). Routine monitoring. (Aweil East maps ~505,028 cattle in baseline.)"
2016-11-21,Aweil North,0.0,0.248,0,harvest / drying,0.0,0.0,463800.5038861725,"No flood expected in Aweil North this week (q50 0.0 km²). Routine monitoring. (Aweil North maps ~463,801 cattle in baseline.)"
2016-11-21,Aweil South,0.0,0.55,0,harvest / drying,0.1,0.9,141256.8006910938,"SEVERE flood expected in Aweil South this week: q50 0.0 km², above the 95th percentile of all November weeks since 2000. (Aweil South maps ~141,257 cattle in baseline.)"
2016-11-21,Aweil West,0.01,0.427,0,harvest / drying,0.3,11.4,318964.9515941321,"No flood expected in Aweil West this week (q50 0.0 km²). Routine monitoring. Approx. 11 ha of rangeland at risk; plan early herd movement. (Aweil West maps ~318,965 cattle in baseline.)"
2016-11-28,Aweil Centre,0.08,0.835,0,harvest / drying,0.0,12.2,364961.8333817694,"SEVERE flood expected in Aweil Centre this week: q50 0.1 km², above the 95th percentile of all November weeks since 2000. Approx. 12 ha of rangeland at risk; plan early herd movement. (Aweil Centre maps ~364,962 cattle in baseline.)"
2016-11-28,Aweil East,0.0,0.295,0,harvest / drying,0.0,0.0,505027.7802561831,"No flood expected in Aweil East this week (q50 0.0 km²). Routine monitoring. (Aweil East maps ~505,028 cattle in baseline.)"
2016-11-28,Aweil North,0.0,0.157,0,harvest / drying,0.0,0.0,463800.5038861725,"No flood expected in Aweil North this week (q50 0.0 km²). Routine monitoring. (Aweil North maps ~463,801 cattle in baseline.)"
2016-11-28,Aweil South,0.0,0.238,0,harvest / drying,0.0,0.0,141256.8006910938,"No flood expected in Aweil South this week (q50 0.0 km²). Routine monitoring. (Aweil South maps ~141,257 cattle in baseline.)"
2016-11-28,Aweil West,0.0,0.142,0,harvest / drying,0.0,0.0,318964.9515941321,"No flood expected in Aweil West this week (q50 0.0 km²). Routine monitoring. (Aweil West maps ~318,965 cattle in baseline.)"
2016-12-05,Aweil Centre,0.05,0.688,0,dry season,0.0,24.5,364961.8333817694,"SEVERE flood expected in Aweil Centre this week: q50 0.0 km², above the 95th percentile of all December weeks since 2000. Approx. 25 ha of rangeland at risk; plan early herd movement. (Aweil Centre maps ~364,962 cattle in baseline.)"
2016-12-05,Aweil East,0.0,0.134,0,dry season,0.0,0.0,505027.7802561831,"No flood expected in Aweil East this week (q50 0.0 km²). Routine monitoring. (Aweil East maps ~505,028 cattle in baseline.)"
2016-12-05,Aweil North,0.0,0.083,0,dry season,0.0,0.0,463800.5038861725,"No flood expected in Aweil North this week (q50 0.0 km²). Routine monitoring. (Aweil North maps ~463,801 cattle in baseline.)"
2016-12-05,Aweil South,0.0,0.086,0,dry season,0.0,0.0,141256.8006910938,"No flood expected in Aweil South this week (q50 0.0 km²). Routine monitoring. (Aweil South maps ~141,257 cattle in baseline.)"
2016-12-05,Aweil West,0.0,0.046,0,dry season,0.0,0.0,318964.9515941321,"No flood expected in Aweil West this week (q50 0.0 km²). Routine monitoring. (Aweil West maps ~318,965 cattle in baseline.)"
2016-12-12,Aweil Centre,0.0,0.128,0,dry season,0.0,0.0,364961.8333817694,"No flood expected in Aweil Centre this week (q50 0.0 km²). Routine monitoring. (Aweil Centre maps ~364,962 cattle in baseline.)"
2016-12-12,Aweil East,0.0,0.263,0,dry season,0.0,0.0,505027.7802561831,"No flood expected in Aweil East this week (q50 0.0 km²). Routine monitoring. (Aweil East maps ~505,028 cattle in baseline.)"
2016-12-12,Aweil North,0.0,0.034,0,dry season,0.0,0.0,463800.5038861725,"No flood expected in Aweil North this week (q50 0.0 km²). Routine monitoring. (Aweil North maps ~463,801 cattle in baseline.)"
2016-12-12,Aweil South,0.0,0.04,0,dry season,0.0,0.0,141256.8006910938,"No flood expected in Aweil South this week (q50 0.0 km²). Routine monitoring. (Aweil South maps ~141,257 cattle in baseline.)"
2016-12-12,Aweil West,0.0,0.024,0,dry season,0.0,0.0,318964.9515941321,"No flood expected in Aweil West this week (q50 0.0 km²). Routine monitoring. (Aweil West maps ~318,965 cattle in baseline.)"
2016-12-19,Aweil Centre,0.0,0.053,0,dry season,0.0,0.0,364961.8333817694,"No flood expected in Aweil Centre this week (q50 0.0 km²). Routine monitoring. (Aweil Centre maps ~364,962 cattle in baseline.)"
2016-12-19,Aweil East,0.0,0.22,0,dry season,0.5,9.5,505027.7802561831,"No flood expected in Aweil East this week (q50 0.0 km²). Routine monitoring. Approx. 9 ha of rangeland at risk; plan early herd movement. (Aweil East maps ~505,028 cattle in baseline.)"
2016-12-19,Aweil North,0.0,0.031,0,dry season,0.0,0.0,463800.5038861725,"No flood expected in Aweil North this week (q50 0.0 km²). Routine monitoring. (Aweil North maps ~463,801 cattle in baseline.)"
2016-12-19,Aweil South,0.0,0.034,0,dry season,0.0,0.0,141256.8006910938,"No flood expected in Aweil South this week (q50 0.0 km²). Routine monitoring. (Aweil South maps ~141,257 cattle in baseline.)"
2016-12-19,Aweil West,0.0,0.019,0,dry season,0.0,0.0,318964.9515941321,"No flood expected in Aweil West this week (q50 0.0 km²). Routine monitoring. (Aweil West maps ~318,965 cattle in baseline.)"
2016-12-26,Aweil Centre,0.0,0.045,0,dry season,0.0,0.0,364961.8333817694,"No flood expected in Aweil Centre this week (q50 0.0 km²). Routine monitoring. (Aweil Centre maps ~364,962 cattle in baseline.)"
2016-12-26,Aweil East,0.0,0.122,0,dry season,0.0,0.0,505027.7802561831,"No flood expected in Aweil East this week (q50 0.0 km²). Routine monitoring. (Aweil East maps ~505,028 cattle in baseline.)"
2016-12-26,Aweil North,0.0,0.036,0,dry season,0.0,0.0,463800.5038861725,"No flood expected in Aweil North this week (q50 0.0 km²). Routine monitoring. (Aweil North maps ~463,801 cattle in baseline.)"
2016-12-26,Aweil South,0.0,0.038,0,dry season,0.0,0.0,141256.8006910938,"No flood expected in Aweil South this week (q50 0.0 km²). Routine monitoring. (Aweil South maps ~141,257 cattle in baseline.)"
2016-12-26,Aweil West,0.0,0.022,0,dry season,0.0,0.0,318964.9515941321,"No flood expected in Aweil West this week (q50 0.0 km²). Routine monitoring. (Aweil West maps ~318,965 cattle in baseline.)"
2017-01-02,Aweil Centre,0.0,0.075,0,dry season (late phase),0.0,0.0,364961.8333817694,"No flood expected in Aweil Centre this week (q50 0.0 km²). Routine monitoring. (Aweil Centre maps ~364,962 cattle in baseline.)"
2017-01-02,Aweil East,0.0,0.059,0,dry season (late phase),0.0,0.0,505027.7802561831,"No flood expected in Aweil East this week (q50 0.0 km²). Routine monitoring. (Aweil East maps ~505,028 cattle in baseline.)"
2017-01-02,Aweil North,0.0,0.086,0,dry season (late phase),0.0,0.0,463800.5038861725,"No flood expected in Aweil North this week (q50 0.0 km²). Routine monitoring. (Aweil North maps ~463,801 cattle in baseline.)"
2017-01-02,Aweil South,0.0,0.034,0,dry season (late phase),0.0,0.0,141256.8006910938,"No flood expected in Aweil South this week (q50 0.0 km²). Routine monitoring. (Aweil South maps ~141,257 cattle in baseline.)"
2017-01-02,Aweil West,0.0,0.041,0,dry season (late phase),0.0,0.0,318964.9515941321,"No flood expected in Aweil West this week (q50 0.0 km²). Routine monitoring. (Aweil West maps ~318,965 cattle in baseline.)"
2017-01-09,Aweil Centre,0.0,0.096,0,dry season (late phase),0.0,0.0,364961.8333817694,"No flood expected in Aweil Centre this week (q50 0.0 km²). Routine monitoring. (Aweil Centre maps ~364,962 cattle in baseline.)"
2017-01-09,Aweil East,0.0,0.062,0,dry season (late phase),0.0,0.0,505027.7802561831,"No flood expected in Aweil East this week (q50 0.0 km²). Routine monitoring. (Aweil East maps ~505,028 cattle in baseline.)"
2017-01-09,Aweil North,0.0,0.11,0,dry season (late phase),0.0,0.0,463800.5038861725,"No flood expected in Aweil North this week (q50 0.0 km²). Routine monitoring. (Aweil North maps ~463,801 cattle in baseline.)"
2017-01-09,Aweil South,0.0,0.046,0,dry season (late phase),0.0,0.0,141256.8006910938,"No flood expected in Aweil South this week (q50 0.0 km²). Routine monitoring. (Aweil South maps ~141,257 cattle in baseline.)"
2017-01-09,Aweil West,0.0,0.059,0,dry season (late phase),0.0,0.0,318964.9515941321,"No flood expected in Aweil West this week (q50 0.0 km²). Routine monitoring. (Aweil West maps ~318,965 cattle in baseline.)"
2017-01-16,Aweil Centre,0.0,0.257,0,dry season (late phase),0.0,0.0,364961.8333817694,"No flood expected in Aweil Centre this week (q50 0.0 km²). Routine monitoring. (Aweil Centre maps ~364,962 cattle in baseline.)"
2017-01-16,Aweil East,0.0,0.111,0,dry season (late phase),0.0,0.0,505027.7802561831,"No flood expected in Aweil East this week (q50 0.0 km²). Routine monitoring. (Aweil East maps ~505,028 cattle in baseline.)"
2017-01-16,Aweil North,0.0,0.161,0,dry season (late phase),0.0,0.0,463800.5038861725,"No flood expected in Aweil North this week (q50 0.0 km²). Routine monitoring. (Aweil North maps ~463,801 cattle in baseline.)"
2017-01-16,Aweil South,0.0,0.094,0,dry season (late phase),0.0,0.0,141256.8006910938,"No flood expected in Aweil South this week (q50 0.0 km²). Routine monitoring. (Aweil South maps ~141,257 cattle in baseline.)"
2017-01-16,Aweil West,0.0,0.118,0,dry season (late phase),0.0,0.0,318964.9515941321,"No flood expected in Aweil West this week (q50 0.0 km²). Routine monitoring. (Aweil West maps ~318,965 cattle in baseline.)"
2017-01-23,Aweil Centre,0.0,0.227,0,dry season (late phase),0.0,0.0,364961.8333817694,"No flood expected in Aweil Centre this week (q50 0.0 km²). Routine monitoring. (Aweil Centre maps ~364,962 cattle in baseline.)"
2017-01-23,Aweil East,0.0,0.181,0,dry season (late phase),0.0,0.0,505027.7802561831,"No flood expected in Aweil East this week (q50 0.0 km²). Routine monitoring. (Aweil East maps ~505,028 cattle in baseline.)"
2017-01-23,Aweil North,0.0,0.108,0,dry season (late phase),0.0,0.0,463800.5038861725,"No flood expected in Aweil North this week (q50 0.0 km²). Routine monitoring. (Aweil North maps ~463,801 cattle in baseline.)"
2017-01-23,Aweil South,0.0,0.125,0,dry season (late phase),0.0,0.0,141256.8006910938,"No flood expected in Aweil South this week (q50 0.0 km²). Routine monitoring. (Aweil South maps ~141,257 cattle in baseline.)"
2017-01-23,Aweil West,0.0,0.157,0,dry season (late phase),0.0,0.0,318964.9515941321,"No flood expected in Aweil West this week (q50 0.0 km²). Routine monitoring. (Aweil West maps ~318,965 cattle in baseline.)"
2017-01-30,Aweil Centre,0.0,0.055,0,dry season (late phase),0.0,0.0,364961.8333817694,"No flood expected in Aweil Centre this week (q50 0.0 km²). Routine monitoring. (Aweil Centre maps ~364,962 cattle in baseline.)"
2017-01-30,Aweil East,0.0,0.056,0,dry season (late phase),0.0,0.0,505027.7802561831,"No flood expected in Aweil East this week (q50 0.0 km²). Routine monitoring. (Aweil East maps ~505,028 cattle in baseline.)"
2017-01-30,Aweil North,0.0,0.031,0,dry season (late phase),0.0,0.0,463800.5038861725,"No flood expected in Aweil North this week (q50 0.0 km²). Routine monitoring. (Aweil North maps ~463,801 cattle in baseline.)"
2017-01-30,Aweil South,0.0,0.037,0,dry season (late phase),0.0,0.0,141256.8006910938,"No flood expected in Aweil South this week (q50 0.0 km²). Routine monitoring. (Aweil South maps ~141,257 cattle in baseline.)"
2017-01-30,Aweil West,0.0,0.053,0,dry season (late phase),0.0,0.0,318964.9515941321,"No flood expected in Aweil West this week (q50 0.0 km²). Routine monitoring. (Aweil West maps ~318,965 cattle in baseline.)"
2017-02-06,Aweil Centre,0.0,0.082,0,dry season,0.0,0.0,364961.8333817694,"No flood expected in Aweil Centre this week (q50 0.0 km²). Routine monitoring. (Aweil Centre maps ~364,962 cattle in baseline.)"
2017-02-06,Aweil East,0.0,0.086,0,dry season,0.0,0.0,505027.7802561831,"No flood expected in Aweil East this week (q50 0.0 km²). Routine monitoring. (Aweil East maps ~505,028 cattle in baseline.)"
2017-02-06,Aweil North,0.0,0.052,0,dry season,0.0,0.0,463800.5038861725,"No flood expected in Aweil North this week (q50 0.0 km²). Routine monitoring. (Aweil North maps ~463,801 cattle in baseline.)"
2017-02-06,Aweil South,0.0,0.06,0,dry season,0.0,0.0,141256.8006910938,"No flood expected in Aweil South this week (q50 0.0 km²). Routine monitoring. (Aweil South maps ~141,257 cattle in baseline.)"
2017-02-06,Aweil West,0.0,0.073,0,dry season,0.0,0.0,318964.9515941321,"No flood expected in Aweil West this week (q50 0.0 km²). Routine monitoring. (Aweil West maps ~318,965 cattle in baseline.)"
2017-02-13,Aweil Centre,0.0,0.039,0,dry season,0.0,0.0,364961.8333817694,"No flood expected in Aweil Centre this week (q50 0.0 km²). Routine monitoring. (Aweil Centre maps ~364,962 cattle in baseline.)"
2017-02-13,Aweil East,0.0,0.038,0,dry season,0.0,0.0,505027.7802561831,"No flood expected in Aweil East this week (q50 0.0 km²). Routine monitoring. (Aweil East maps ~505,028 cattle in baseline.)"
2017-02-13,Aweil North,0.0,0.023,0,dry season,0.0,0.0,463800.5038861725,"No flood expected in Aweil North this week (q50 0.0 km²). Routine monitoring. (Aweil North maps ~463,801 cattle in baseline.)"
2017-02-13,Aweil South,0.0,0.027,0,dry season,0.0,0.0,141256.8006910938,"No flood expected in Aweil South this week (q50 0.0 km²). Routine monitoring. (Aweil South maps ~141,257 cattle in baseline.)"
2017-02-13,Aweil West,0.0,0.031,0,dry season,0.0,0.0,318964.9515941321,"No flood expected in Aweil West this week (q50 0.0 km²). Routine monitoring. (Aweil West maps ~318,965 cattle in baseline.)"
2017-02-20,Aweil Centre,0.0,0.05,0,dry season,0.0,0.0,364961.8333817694,"No flood expected in Aweil Centre this week (q50 0.0 km²). Routine monitoring. (Aweil Centre maps ~364,962 cattle in baseline.)"
2017-02-20,Aweil East,0.0,0.039,0,dry season,0.0,0.0,505027.7802561831,"No flood expected in Aweil East this week (q50 0.0 km²). Routine monitoring. (Aweil East maps ~505,028 cattle in baseline.)"
2017-02-20,Aweil North,0.0,0.019,0,dry season,0.0,0.0,463800.5038861725,"No flood expected in Aweil North this week (q50 0.0 km²). Routine monitoring. (Aweil North maps ~463,801 cattle in baseline.)"
2017-02-20,Aweil South,0.0,0.021,0,dry season,0.0,0.0,141256.8006910938,"No flood expected in Aweil South this week (q50 0.0 km²). Routine monitoring. (Aweil South maps ~141,257 cattle in baseline.)"
2017-02-20,Aweil West,0.0,0.024,0,dry season,0.0,0.0,318964.9515941321,"No flood expected in Aweil West this week (q50 0.0 km²). Routine monitoring. (Aweil West maps ~318,965 cattle in baseline.)"
2017-02-27,Aweil Centre,0.0,0.018,0,dry season,0.0,0.0,364961.8333817694,"No flood expected in Aweil Centre this week (q50 0.0 km²). Routine monitoring. (Aweil Centre maps ~364,962 cattle in baseline.)"
2017-02-27,Aweil East,0.0,0.018,0,dry season,0.0,0.0,505027.7802561831,"No flood expected in Aweil East this week (q50 0.0 km²). Routine monitoring. (Aweil East maps ~505,028 cattle in baseline.)"
2017-02-27,Aweil North,0.0,0.013,0,dry season,0.0,0.0,463800.5038861725,"No flood expected in Aweil North this week (q50 0.0 km²). Routine monitoring. (Aweil North maps ~463,801 cattle in baseline.)"
2017-02-27,Aweil South,0.0,0.016,0,dry season,0.0,0.0,141256.8006910938,"No flood expected in Aweil South this week (q50 0.0 km²). Routine monitoring. (Aweil South maps ~141,257 cattle in baseline.)"
2017-02-27,Aweil West,0.0,0.021,0,dry season,0.0,0.0,318964.9515941321,"No flood expected in Aweil West this week (q50 0.0 km²). Routine monitoring. (Aweil West maps ~318,965 cattle in baseline.)"
2017-03-06,Aweil Centre,0.0,0.033,0,early season (sowing),0.0,0.0,364961.8333817694,"No flood expected in Aweil Centre this week (q50 0.0 km²). Routine monitoring. (Aweil Centre maps ~364,962 cattle in baseline.)"
2017-03-06,Aweil East,0.0,0.029,0,early season (sowing),0.0,0.0,505027.7802561831,"No flood expected in Aweil East this week (q50 0.0 km²). Routine monitoring. (Aweil East maps ~505,028 cattle in baseline.)"
2017-03-06,Aweil North,0.0,0.023,0,early season (sowing),0.0,0.0,463800.5038861725,"No flood expected in Aweil North this week (q50 0.0 km²). Routine monitoring. (Aweil North maps ~463,801 cattle in baseline.)"
2017-03-06,Aweil South,0.0,0.026,0,early season (sowing),0.0,0.0,141256.8006910938,"No flood expected in Aweil South this week (q50 0.0 km²). Routine monitoring. (Aweil South maps ~141,257 cattle in baseline.)"
2017-03-06,Aweil West,0.0,0.026,0,early season (sowing),0.0,0.0,318964.9515941321,"No flood expected in Aweil West this week (q50 0.0 km²). Routine monitoring. (Aweil West maps ~318,965 cattle in baseline.)"
2017-03-13,Aweil Centre,0.0,0.038,0,early season (sowing),0.0,0.0,364961.8333817694,"No flood expected in Aweil Centre this week (q50 0.0 km²). Routine monitoring. (Aweil Centre maps ~364,962 cattle in baseline.)"
2017-03-13,Aweil East,0.0,0.034,0,early season (sowing),0.0,0.0,505027.7802561831,"No flood expected in Aweil East this week (q50 0.0 km²). Routine monitoring. (Aweil East maps ~505,028 cattle in baseline.)"
2017-03-13,Aweil North,0.0,0.023,0,early season (sowing),0.0,0.0,463800.5038861725,"No flood expected in Aweil North this week (q50 0.0 km²). Routine monitoring. (Aweil North maps ~463,801 cattle in baseline.)"
2017-03-13,Aweil South,0.0,0.025,0,early season (sowing),0.0,0.0,141256.8006910938,"No flood expected in Aweil South this week (q50 0.0 km²). Routine monitoring. (Aweil South maps ~141,257 cattle in baseline.)"
2017-03-13,Aweil West,0.0,0.026,0,early season (sowing),0.0,0.0,318964.9515941321,"No flood expected in Aweil West this week (q50 0.0 km²). Routine monitoring. (Aweil West maps ~318,965 cattle in baseline.)"
2017-03-20,Aweil Centre,0.0,0.036,0,early season (sowing),0.0,0.0,364961.8333817694,"No flood expected in Aweil Centre this week (q50 0.0 km²). Routine monitoring. (Aweil Centre maps ~364,962 cattle in baseline.)"
2017-03-20,Aweil East,0.0,0.022,0,early season (sowing),0.0,0.0,505027.7802561831,"No flood expected in Aweil East this week (q50 0.0 km²). Routine monitoring. (Aweil East maps ~505,028 cattle in baseline.)"
2017-03-20,Aweil North,0.0,0.013,0,early season (sowing),0.0,0.0,463800.5038861725,"No flood expected in Aweil North this week (q50 0.0 km²). Routine monitoring. (Aweil North maps ~463,801 cattle in baseline.)"
2017-03-20,Aweil South,0.0,0.014,0,early season (sowing),0.0,0.0,141256.8006910938,"No flood expected in Aweil South this week (q50 0.0 km²). Routine monitoring. (Aweil South maps ~141,257 cattle in baseline.)"
2017-03-20,Aweil West,0.0,0.014,0,early season (sowing),0.0,0.0,318964.9515941321,"No flood expected in Aweil West this week (q50 0.0 km²). Routine monitoring. (Aweil West maps ~318,965 cattle in baseline.)"
2017-03-27,Aweil Centre,0.0,0.024,0,early season (sowing),0.0,0.0,364961.8333817694,"No flood expected in Aweil Centre this week (q50 0.0 km²). Routine monitoring. (Aweil Centre maps ~364,962 cattle in baseline.)"
2017-03-27,Aweil East,0.0,0.019,0,early season (sowing),0.0,0.0,505027.7802561831,"No flood expected in Aweil East this week (q50 0.0 km²). Routine monitoring. (Aweil East maps ~505,028 cattle in baseline.)"
2017-03-27,Aweil North,0.0,0.014,0,early season (sowing),0.0,0.0,463800.5038861725,"No flood expected in Aweil North this week (q50 0.0 km²). Routine monitoring. (Aweil North maps ~463,801 cattle in baseline.)"
2017-03-27,Aweil South,0.0,0.013,0,early season (sowing),0.0,0.0,141256.8006910938,"No flood expected in Aweil South this week (q50 0.0 km²). Routine monitoring. (Aweil South maps ~141,257 cattle in baseline.)"
2017-03-27,Aweil West,0.0,0.015,0,early season (sowing),0.0,0.0,318964.9515941321,"No flood expected in Aweil West this week (q50 0.0 km²). Routine monitoring. (Aweil West maps ~318,965 cattle in baseline.)"
2017-04-03,Aweil Centre,0.0,0.042,0,crop establishment,0.0,0.0,364961.8333817694,"No flood expected in Aweil Centre this week (q50 0.0 km²). Routine monitoring. (Aweil Centre maps ~364,962 cattle in baseline.)"
2017-04-03,Aweil East,0.0,0.041,0,crop establishment,0.0,0.0,505027.7802561831,"No flood expected in Aweil East this week (q50 0.0 km²). Routine monitoring. (Aweil East maps ~505,028 cattle in baseline.)"
2017-04-03,Aweil North,0.0,0.025,0,crop establishment,0.0,0.0,463800.5038861725,"No flood expected in Aweil North this week (q50 0.0 km²). Routine monitoring. (Aweil North maps ~463,801 cattle in baseline.)"
2017-04-03,Aweil South,0.0,0.027,0,crop establishment,0.0,0.0,141256.8006910938,"No flood expected in Aweil South this week (q50 0.0 km²). Routine monitoring. (Aweil South maps ~141,257 cattle in baseline.)"
2017-04-03,Aweil West,0.0,0.025,0,crop establishment,0.0,0.0,318964.9515941321,"No flood expected in Aweil West this week (q50 0.0 km²). Routine monitoring. (Aweil West maps ~318,965 cattle in baseline.)"
2017-04-10,Aweil Centre,0.0,0.031,0,crop establishment,0.0,0.0,364961.8333817694,"No flood expected in Aweil Centre this week (q50 0.0 km²). Routine monitoring. (Aweil Centre maps ~364,962 cattle in baseline.)"
2017-04-10,Aweil East,0.0,0.03,0,crop establishment,0.0,0.0,505027.7802561831,"No flood expected in Aweil East this week (q50 0.0 km²). Routine monitoring. (Aweil East maps ~505,028 cattle in baseline.)"
2017-04-10,Aweil North,0.0,0.019,0,crop establishment,0.0,0.0,463800.5038861725,"No flood expected in Aweil North this week (q50 0.0 km²). Routine monitoring. (Aweil North maps ~463,801 cattle in baseline.)"
2017-04-10,Aweil South,0.0,0.02,0,crop establishment,0.0,0.0,141256.8006910938,"No flood expected in Aweil South this week (q50 0.0 km²). Routine monitoring. (Aweil South maps ~141,257 cattle in baseline.)"
2017-04-10,Aweil West,0.0,0.027,0,crop establishment,0.0,0.0,318964.9515941321,"No flood expected in Aweil West this week (q50 0.0 km²). Routine monitoring. (Aweil West maps ~318,965 cattle in baseline.)"
2017-04-17,Aweil Centre,0.0,0.027,0,crop establishment,0.0,0.0,364961.8333817694,"No flood expected in Aweil Centre this week (q50 0.0 km²). Routine monitoring. (Aweil Centre maps ~364,962 cattle in baseline.)"
2017-04-17,Aweil East,0.0,0.028,0,crop establishment,0.0,0.0,505027.7802561831,"No flood expected in Aweil East this week (q50 0.0 km²). Routine monitoring. (Aweil East maps ~505,028 cattle in baseline.)"
2017-04-17,Aweil North,0.0,0.007,0,crop establishment,0.0,0.0,463800.5038861725,"No flood expected in Aweil North this week (q50 0.0 km²). Routine monitoring. (Aweil North maps ~463,801 cattle in baseline.)"
2017-04-17,Aweil South,0.0,0.007,0,crop establishment,0.0,0.0,141256.8006910938,"No flood expected in Aweil South this week (q50 0.0 km²). Routine monitoring. (Aweil South maps ~141,257 cattle in baseline.)"
2017-04-17,Aweil West,0.0,0.007,0,crop establishment,0.0,0.0,318964.9515941321,"No flood expected in Aweil West this week (q50 0.0 km²). Routine monitoring. (Aweil West maps ~318,965 cattle in baseline.)"
2017-04-24,Aweil Centre,0.0,0.017,0,crop establishment,0.0,0.0,364961.8333817694,"No flood expected in Aweil Centre this week (q50 0.0 km²). Routine monitoring. (Aweil Centre maps ~364,962 cattle in baseline.)"
2017-04-24,Aweil East,0.0,0.029,0,crop establishment,0.0,0.0,505027.7802561831,"No flood expected in Aweil East this week (q50 0.0 km²). Routine monitoring. (Aweil East maps ~505,028 cattle in baseline.)"
2017-04-24,Aweil North,0.0,0.012,0,crop establishment,0.0,0.0,463800.5038861725,"No flood expected in Aweil North this week (q50 0.0 km²). Routine monitoring. (Aweil North maps ~463,801 cattle in baseline.)"
2017-04-24,Aweil South,0.0,0.013,0,crop establishment,0.0,0.0,141256.8006910938,"No flood expected in Aweil South this week (q50 0.0 km²). Routine monitoring. (Aweil South maps ~141,257 cattle in baseline.)"
2017-04-24,Aweil West,0.0,0.014,0,crop establishment,0.0,0.0,318964.9515941321,"No flood expected in Aweil West this week (q50 0.0 km²). Routine monitoring. (Aweil West maps ~318,965 cattle in baseline.)"
2017-05-01,Aweil Centre,0.0,0.01,0,vegetative growth,0.0,0.0,364961.8333817694,"No flood expected in Aweil Centre this week (q50 0.0 km²). Routine monitoring. (Aweil Centre maps ~364,962 cattle in baseline.)"
2017-05-01,Aweil East,0.0,0.016,0,vegetative growth,0.0,0.0,505027.7802561831,"No flood expected in Aweil East this week (q50 0.0 km²). Routine monitoring. (Aweil East maps ~505,028 cattle in baseline.)"
2017-05-01,Aweil North,0.0,0.008,0,vegetative growth,0.0,0.0,463800.5038861725,"No flood expected in Aweil North this week (q50 0.0 km²). Routine monitoring. (Aweil North maps ~463,801 cattle in baseline.)"
2017-05-01,Aweil South,0.0,0.012,0,vegetative growth,0.0,0.0,141256.8006910938,"No flood expected in Aweil South this week (q50 0.0 km²). Routine monitoring. (Aweil South maps ~141,257 cattle in baseline.)"
2017-05-01,Aweil West,0.0,0.012,0,vegetative growth,0.0,0.0,318964.9515941321,"No flood expected in Aweil West this week (q50 0.0 km²). Routine monitoring. (Aweil West maps ~318,965 cattle in baseline.)"
2017-05-08,Aweil Centre,0.0,0.008,0,vegetative growth,0.0,0.0,364961.8333817694,"No flood expected in Aweil Centre this week (q50 0.0 km²). Routine monitoring. (Aweil Centre maps ~364,962 cattle in baseline.)"
2017-05-08,Aweil East,0.0,0.008,0,vegetative growth,0.0,0.0,505027.7802561831,"No flood expected in Aweil East this week (q50 0.0 km²). Routine monitoring. (Aweil East maps ~505,028 cattle in baseline.)"
2017-05-08,Aweil North,0.0,0.005,0,vegetative growth,0.0,0.0,463800.5038861725,"No flood expected in Aweil North this week (q50 0.0 km²). Routine monitoring. (Aweil North maps ~463,801 cattle in baseline.)"
2017-05-08,Aweil South,0.0,0.005,0,vegetative growth,0.0,0.0,141256.8006910938,"No flood expected in Aweil South this week (q50 0.0 km²). Routine monitoring. (Aweil South maps ~141,257 cattle in baseline.)"
2017-05-08,Aweil West,0.0,0.006,0,vegetative growth,0.0,0.0,318964.9515941321,"No flood expected in Aweil West this week (q50 0.0 km²). Routine monitoring. (Aweil West maps ~318,965 cattle in baseline.)"
2017-05-15,Aweil Centre,0.0,0.005,0,vegetative growth,0.0,0.0,364961.8333817694,"No flood expected in Aweil Centre this week (q50 0.0 km²). Routine monitoring. (Aweil Centre maps ~364,962 cattle in baseline.)"
2017-05-15,Aweil East,0.0,0.006,0,vegetative growth,0.0,0.0,505027.7802561831,"No flood expected in Aweil East this week (q50 0.0 km²). Routine monitoring. (Aweil East maps ~505,028 cattle in baseline.)"
2017-05-15,Aweil North,0.0,0.005,0,vegetative growth,0.0,0.0,463800.5038861725,"No flood expected in Aweil North this week (q50 0.0 km²). Routine monitoring. (Aweil North maps ~463,801 cattle in baseline.)"
2017-05-15,Aweil South,0.0,0.006,0,vegetative growth,0.0,0.0,141256.8006910938,"No flood expected in Aweil South this week (q50 0.0 km²). Routine monitoring. (Aweil South maps ~141,257 cattle in baseline.)"
2017-05-15,Aweil West,0.0,0.006,0,vegetative growth,0.0,0.0,318964.9515941321,"No flood expected in Aweil West this week (q50 0.0 km²). Routine monitoring. (Aweil West maps ~318,965 cattle in baseline.)"
2017-05-22,Aweil Centre,0.0,0.005,0,vegetative growth,0.0,0.0,364961.8333817694,"No flood expected in Aweil Centre this week (q50 0.0 km²). Routine monitoring. (Aweil Centre maps ~364,962 cattle in baseline.)"
2017-05-22,Aweil East,0.0,0.007,0,vegetative growth,0.0,0.0,505027.7802561831,"No flood expected in Aweil East this week (q50 0.0 km²). Routine monitoring. (Aweil East maps ~505,028 cattle in baseline.)"
2017-05-22,Aweil North,0.0,0.005,0,vegetative growth,0.0,0.0,463800.5038861725,"No flood expected in Aweil North this week (q50 0.0 km²). Routine monitoring. (Aweil North maps ~463,801 cattle in baseline.)"
2017-05-22,Aweil South,0.0,0.006,0,vegetative growth,0.0,0.0,141256.8006910938,"No flood expected in Aweil South this week (q50 0.0 km²). Routine monitoring. (Aweil South maps ~141,257 cattle in baseline.)"
2017-05-22,Aweil West,0.0,0.007,0,vegetative growth,0.0,0.0,318964.9515941321,"No flood expected in Aweil West this week (q50 0.0 km²). Routine monitoring. (Aweil West maps ~318,965 cattle in baseline.)"
2017-05-29,Aweil Centre,0.0,0.01,0,vegetative growth,0.0,0.0,364961.8333817694,"No flood expected in Aweil Centre this week (q50 0.0 km²). Routine monitoring. (Aweil Centre maps ~364,962 cattle in baseline.)"
2017-05-29,Aweil East,0.0,0.018,0,vegetative growth,0.0,0.0,505027.7802561831,"No flood expected in Aweil East this week (q50 0.0 km²). Routine monitoring. (Aweil East maps ~505,028 cattle in baseline.)"
2017-05-29,Aweil North,0.0,0.01,0,vegetative growth,0.0,0.0,463800.5038861725,"No flood expected in Aweil North this week (q50 0.0 km²). Routine monitoring. (Aweil North maps ~463,801 cattle in baseline.)"
2017-05-29,Aweil South,0.0,0.011,0,vegetative growth,0.0,0.0,141256.8006910938,"No flood expected in Aweil South this week (q50 0.0 km²). Routine monitoring. (Aweil South maps ~141,257 cattle in baseline.)"
2017-05-29,Aweil West,0.01,0.189,3,vegetative growth,0.0,0.0,318964.9515941321,"SEVERE flood expected in Aweil West this week: q50 0.0 km², above the 95th percentile of all May weeks since 2000. Vegetative growth: crops are at peak water demand — short flooding can be tolerated, sustained submergence is not. (Aweil West maps ~318,965 cattle in baseline.)"
2017-06-05,Aweil Centre,0.0,0.005,0,vegetative growth (peak),0.0,0.0,364961.8333817694,"No flood expected in Aweil Centre this week (q50 0.0 km²). Routine monitoring. (Aweil Centre maps ~364,962 cattle in baseline.)"
2017-06-05,Aweil East,0.0,0.008,0,vegetative growth (peak),0.0,0.0,505027.7802561831,"No flood expected in Aweil East this week (q50 0.0 km²). Routine monitoring. (Aweil East maps ~505,028 cattle in baseline.)"
2017-06-05,Aweil North,0.0,0.004,0,vegetative growth (peak),0.0,0.0,463800.5038861725,"No flood expected in Aweil North this week (q50 0.0 km²). Routine monitoring. (Aweil North maps ~463,801 cattle in baseline.)"
2017-06-05,Aweil South,0.0,0.005,0,vegetative growth (peak),0.0,0.0,141256.8006910938,"No flood expected in Aweil South this week (q50 0.0 km²). Routine monitoring. (Aweil South maps ~141,257 cattle in baseline.)"
2017-06-05,Aweil West,0.0,0.057,0,vegetative growth (peak),0.0,0.0,318964.9515941321,"No flood expected in Aweil West this week (q50 0.0 km²). Routine monitoring. (Aweil West maps ~318,965 cattle in baseline.)"
2017-06-12,Aweil Centre,0.0,0.006,0,vegetative growth (peak),0.0,0.0,364961.8333817694,"No flood expected in Aweil Centre this week (q50 0.0 km²). Routine monitoring. (Aweil Centre maps ~364,962 cattle in baseline.)"
2017-06-12,Aweil East,0.0,0.01,0,vegetative growth (peak),0.0,0.0,505027.7802561831,"No flood expected in Aweil East this week (q50 0.0 km²). Routine monitoring. (Aweil East maps ~505,028 cattle in baseline.)"
2017-06-12,Aweil North,0.0,0.005,0,vegetative growth (peak),0.0,0.0,463800.5038861725,"No flood expected in Aweil North this week (q50 0.0 km²). Routine monitoring. (Aweil North maps ~463,801 cattle in baseline.)"
2017-06-12,Aweil South,0.0,0.005,0,vegetative growth (peak),0.0,0.0,141256.8006910938,"No flood expected in Aweil South this week (q50 0.0 km²). Routine monitoring. (Aweil South maps ~141,257 cattle in baseline.)"
2017-06-12,Aweil West,0.0,0.086,0,vegetative growth (peak),0.0,0.0,318964.9515941321,"No flood expected in Aweil West this week (q50 0.0 km²). Routine monitoring. (Aweil West maps ~318,965 cattle in baseline.)"
2017-06-19,Aweil Centre,0.0,0.007,0,vegetative growth (peak),0.0,0.0,364961.8333817694,"No flood expected in Aweil Centre this week (q50 0.0 km²). Routine monitoring. (Aweil Centre maps ~364,962 cattle in baseline.)"
2017-06-19,Aweil East,0.0,0.012,0,vegetative growth (peak),0.0,0.0,505027.7802561831,"No flood expected in Aweil East this week (q50 0.0 km²). Routine monitoring. (Aweil East maps ~505,028 cattle in baseline.)"
2017-06-19,Aweil North,0.0,0.006,0,vegetative growth (peak),0.0,0.0,463800.5038861725,"No flood expected in Aweil North this week (q50 0.0 km²). Routine monitoring. (Aweil North maps ~463,801 cattle in baseline.)"
2017-06-19,Aweil South,0.0,0.006,0,vegetative growth (peak),0.0,0.0,141256.8006910938,"No flood expected in Aweil South this week (q50 0.0 km²). Routine monitoring. (Aweil South maps ~141,257 cattle in baseline.)"
2017-06-19,Aweil West,0.0,0.02,0,vegetative growth (peak),0.0,0.0,318964.9515941321,"No flood expected in Aweil West this week (q50 0.0 km²). Routine monitoring. (Aweil West maps ~318,965 cattle in baseline.)"
2017-06-26,Aweil Centre,0.0,0.016,0,vegetative growth (peak),0.0,0.0,364961.8333817694,"No flood expected in Aweil Centre this week (q50 0.0 km²). Routine monitoring. (Aweil Centre maps ~364,962 cattle in baseline.)"
2017-06-26,Aweil East,0.0,0.027,0,vegetative growth (peak),0.0,0.0,505027.7802561831,"No flood expected in Aweil East this week (q50 0.0 km²). Routine monitoring. (Aweil East maps ~505,028 cattle in baseline.)"
2017-06-26,Aweil North,0.0,0.013,0,vegetative growth (peak),0.0,0.0,463800.5038861725,"No flood expected in Aweil North this week (q50 0.0 km²). Routine monitoring. (Aweil North maps ~463,801 cattle in baseline.)"
2017-06-26,Aweil South,0.0,0.015,0,vegetative growth (peak),0.0,0.0,141256.8006910938,"No flood expected in Aweil South this week (q50 0.0 km²). Routine monitoring. (Aweil South maps ~141,257 cattle in baseline.)"
2017-06-26,Aweil West,0.0,0.022,0,vegetative growth (peak),0.0,0.0,318964.9515941321,"No flood expected in Aweil West this week (q50 0.0 km²). Routine monitoring. (Aweil West maps ~318,965 cattle in baseline.)"
2017-07-03,Aweil Centre,0.0,0.006,0,vegetative growth (peak),0.0,0.0,364961.8333817694,"No flood expected in Aweil Centre this week (q50 0.0 km²). Routine monitoring. (Aweil Centre maps ~364,962 cattle in baseline.)"
2017-07-03,Aweil East,0.0,0.007,0,vegetative growth (peak),0.0,0.0,505027.7802561831,"No flood expected in Aweil East this week (q50 0.0 km²). Routine monitoring. (Aweil East maps ~505,028 cattle in baseline.)"
2017-07-03,Aweil North,0.0,0.005,0,vegetative growth (peak),0.0,0.0,463800.5038861725,"No flood expected in Aweil North this week (q50 0.0 km²). Routine monitoring. (Aweil North maps ~463,801 cattle in baseline.)"
2017-07-03,Aweil South,0.0,0.006,0,vegetative growth (peak),0.0,0.0,141256.8006910938,"No flood expected in Aweil South this week (q50 0.0 km²). Routine monitoring. (Aweil South maps ~141,257 cattle in baseline.)"
2017-07-03,Aweil West,0.0,0.007,0,vegetative growth (peak),0.0,0.0,318964.9515941321,"No flood expected in Aweil West this week (q50 0.0 km²). Routine monitoring. (Aweil West maps ~318,965 cattle in baseline.)"
2017-07-10,Aweil Centre,0.0,0.007,0,vegetative growth (peak),0.0,0.0,364961.8333817694,"No flood expected in Aweil Centre this week (q50 0.0 km²). Routine monitoring. (Aweil Centre maps ~364,962 cattle in baseline.)"
2017-07-10,Aweil East,0.0,0.01,0,vegetative growth (peak),0.0,0.0,505027.7802561831,"No flood expected in Aweil East this week (q50 0.0 km²). Routine monitoring. (Aweil East maps ~505,028 cattle in baseline.)"
2017-07-10,Aweil North,0.0,0.005,0,vegetative growth (peak),0.0,0.0,463800.5038861725,"No flood expected in Aweil North this week (q50 0.0 km²). Routine monitoring. (Aweil North maps ~463,801 cattle in baseline.)"
2017-07-10,Aweil South,0.0,0.005,0,vegetative growth (peak),0.0,0.0,141256.8006910938,"No flood expected in Aweil South this week (q50 0.0 km²). Routine monitoring. (Aweil South maps ~141,257 cattle in baseline.)"
2017-07-10,Aweil West,0.0,0.005,0,vegetative growth (peak),0.0,0.0,318964.9515941321,"No flood expected in Aweil West this week (q50 0.0 km²). Routine monitoring. (Aweil West maps ~318,965 cattle in baseline.)"
2017-07-17,Aweil Centre,0.0,0.005,0,vegetative growth (peak),0.0,0.0,364961.8333817694,"No flood expected in Aweil Centre this week (q50 0.0 km²). Routine monitoring. (Aweil Centre maps ~364,962 cattle in baseline.)"
2017-07-17,Aweil East,0.0,0.007,0,vegetative growth (peak),0.0,0.0,505027.7802561831,"No flood expected in Aweil East this week (q50 0.0 km²). Routine monitoring. (Aweil East maps ~505,028 cattle in baseline.)"
2017-07-17,Aweil North,0.0,0.005,0,vegetative growth (peak),0.0,0.0,463800.5038861725,"No flood expected in Aweil North this week (q50 0.0 km²). Routine monitoring. (Aweil North maps ~463,801 cattle in baseline.)"
2017-07-17,Aweil South,0.0,0.005,0,vegetative growth (peak),0.0,0.0,141256.8006910938,"No flood expected in Aweil South this week (q50 0.0 km²). Routine monitoring. (Aweil South maps ~141,257 cattle in baseline.)"
2017-07-17,Aweil West,0.0,0.005,0,vegetative growth (peak),0.0,0.0,318964.9515941321,"No flood expected in Aweil West this week (q50 0.0 km²). Routine monitoring. (Aweil West maps ~318,965 cattle in baseline.)"
2017-07-24,Aweil Centre,0.0,0.034,0,vegetative growth (peak),0.0,0.0,364961.8333817694,"No flood expected in Aweil Centre this week (q50 0.0 km²). Routine monitoring. (Aweil Centre maps ~364,962 cattle in baseline.)"
2017-07-24,Aweil East,0.0,0.032,0,vegetative growth (peak),0.0,0.0,505027.7802561831,"No flood expected in Aweil East this week (q50 0.0 km²). Routine monitoring. (Aweil East maps ~505,028 cattle in baseline.)"
2017-07-24,Aweil North,0.0,0.014,0,vegetative growth (peak),0.0,0.0,463800.5038861725,"No flood expected in Aweil North this week (q50 0.0 km²). Routine monitoring. (Aweil North maps ~463,801 cattle in baseline.)"
2017-07-24,Aweil South,0.0,0.025,0,vegetative growth (peak),0.0,0.0,141256.8006910938,"No flood expected in Aweil South this week (q50 0.0 km²). Routine monitoring. (Aweil South maps ~141,257 cattle in baseline.)"
2017-07-24,Aweil West,0.0,0.025,0,vegetative growth (peak),0.0,0.0,318964.9515941321,"No flood expected in Aweil West this week (q50 0.0 km²). Routine monitoring. (Aweil West maps ~318,965 cattle in baseline.)"
2017-07-31,Aweil Centre,0.0,0.024,0,vegetative growth (peak),0.0,0.0,364961.8333817694,"No flood expected in Aweil Centre this week (q50 0.0 km²). Routine monitoring. (Aweil Centre maps ~364,962 cattle in baseline.)"
2017-07-31,Aweil East,0.0,0.032,0,vegetative growth (peak),0.0,0.0,505027.7802561831,"No flood expected in Aweil East this week (q50 0.0 km²). Routine monitoring. (Aweil East maps ~505,028 cattle in baseline.)"
2017-07-31,Aweil North,0.0,0.015,0,vegetative growth (peak),0.0,0.0,463800.5038861725,"No flood expected in Aweil North this week (q50 0.0 km²). Routine monitoring. (Aweil North maps ~463,801 cattle in baseline.)"
2017-07-31,Aweil South,0.0,0.026,0,vegetative growth (peak),0.0,0.0,141256.8006910938,"No flood expected in Aweil South this week (q50 0.0 km²). Routine monitoring. (Aweil South maps ~141,257 cattle in baseline.)"
2017-07-31,Aweil West,0.0,0.031,0,vegetative growth (peak),0.0,0.0,318964.9515941321,"No flood expected in Aweil West this week (q50 0.0 km²). Routine monitoring. (Aweil West maps ~318,965 cattle in baseline.)"
2017-08-07,Aweil Centre,0.0,0.14,0,maturation,0.0,0.0,364961.8333817694,"No flood expected in Aweil Centre this week (q50 0.0 km²). Routine monitoring. (Aweil Centre maps ~364,962 cattle in baseline.)"
2017-08-07,Aweil East,0.0,0.248,0,maturation,0.0,0.0,505027.7802561831,"No flood expected in Aweil East this week (q50 0.0 km²). Routine monitoring. (Aweil East maps ~505,028 cattle in baseline.)"
2017-08-07,Aweil North,0.0,0.037,0,maturation,0.0,0.0,463800.5038861725,"No flood expected in Aweil North this week (q50 0.0 km²). Routine monitoring. (Aweil North maps ~463,801 cattle in baseline.)"
2017-08-07,Aweil South,0.0,0.065,0,maturation,0.0,0.0,141256.8006910938,"No flood expected in Aweil South this week (q50 0.0 km²). Routine monitoring. (Aweil South maps ~141,257 cattle in baseline.)"
2017-08-07,Aweil West,0.0,0.074,0,maturation,0.0,0.0,318964.9515941321,"No flood expected in Aweil West this week (q50 0.0 km²). Routine monitoring. (Aweil West maps ~318,965 cattle in baseline.)"
2017-08-14,Aweil Centre,0.0,0.16,0,maturation,0.0,0.0,364961.8333817694,"No flood expected in Aweil Centre this week (q50 0.0 km²). Routine monitoring. (Aweil Centre maps ~364,962 cattle in baseline.)"
2017-08-14,Aweil East,0.0,0.289,0,maturation,0.0,0.0,505027.7802561831,"No flood expected in Aweil East this week (q50 0.0 km²). Routine monitoring. (Aweil East maps ~505,028 cattle in baseline.)"
2017-08-14,Aweil North,0.0,0.048,0,maturation,0.0,0.0,463800.5038861725,"No flood expected in Aweil North this week (q50 0.0 km²). Routine monitoring. (Aweil North maps ~463,801 cattle in baseline.)"
2017-08-14,Aweil South,0.0,0.138,0,maturation,0.0,0.0,141256.8006910938,"No flood expected in Aweil South this week (q50 0.0 km²). Routine monitoring. (Aweil South maps ~141,257 cattle in baseline.)"
2017-08-14,Aweil West,0.0,0.152,0,maturation,0.0,0.0,318964.9515941321,"No flood expected in Aweil West this week (q50 0.0 km²). Routine monitoring. (Aweil West maps ~318,965 cattle in baseline.)"
2017-08-21,Aweil Centre,0.0,0.115,0,maturation,0.0,0.0,364961.8333817694,"No flood expected in Aweil Centre this week (q50 0.0 km²). Routine monitoring. (Aweil Centre maps ~364,962 cattle in baseline.)"
2017-08-21,Aweil East,0.0,0.141,0,maturation,0.0,0.0,505027.7802561831,"No flood expected in Aweil East this week (q50 0.0 km²). Routine monitoring. (Aweil East maps ~505,028 cattle in baseline.)"
2017-08-21,Aweil North,0.0,0.024,0,maturation,0.0,0.0,463800.5038861725,"No flood expected in Aweil North this week (q50 0.0 km²). Routine monitoring. (Aweil North maps ~463,801 cattle in baseline.)"
2017-08-21,Aweil South,0.0,0.039,0,maturation,0.0,0.0,141256.8006910938,"No flood expected in Aweil South this week (q50 0.0 km²). Routine monitoring. (Aweil South maps ~141,257 cattle in baseline.)"
2017-08-21,Aweil West,0.0,0.066,0,maturation,0.0,0.0,318964.9515941321,"No flood expected in Aweil West this week (q50 0.0 km²). Routine monitoring. (Aweil West maps ~318,965 cattle in baseline.)"
2017-08-28,Aweil Centre,0.0,0.299,0,maturation,0.0,0.0,364961.8333817694,"No flood expected in Aweil Centre this week (q50 0.0 km²). Routine monitoring. (Aweil Centre maps ~364,962 cattle in baseline.)"
2017-08-28,Aweil East,0.0,0.541,0,maturation,0.0,0.0,505027.7802561831,"SEVERE flood expected in Aweil East this week: q50 0.0 km², above the 95th percentile of all August weeks since 2000. (Aweil East maps ~505,028 cattle in baseline.)"
2017-08-28,Aweil North,0.0,0.081,0,maturation,0.0,0.0,463800.5038861725,"No flood expected in Aweil North this week (q50 0.0 km²). Routine monitoring. (Aweil North maps ~463,801 cattle in baseline.)"
2017-08-28,Aweil South,0.0,0.171,0,maturation,0.0,0.0,141256.8006910938,"No flood expected in Aweil South this week (q50 0.0 km²). Routine monitoring. (Aweil South maps ~141,257 cattle in baseline.)"
2017-08-28,Aweil West,0.0,0.226,0,maturation,0.0,0.0,318964.9515941321,"No flood expected in Aweil West this week (q50 0.0 km²). Routine monitoring. (Aweil West maps ~318,965 cattle in baseline.)"
2017-09-04,Aweil Centre,0.0,0.335,0,maturation / grain filling,0.0,0.0,364961.8333817694,"No flood expected in Aweil Centre this week (q50 0.0 km²). Routine monitoring. (Aweil Centre maps ~364,962 cattle in baseline.)"
2017-09-04,Aweil East,0.0,0.55,0,maturation / grain filling,0.0,0.3,505027.7802561831,"SEVERE flood expected in Aweil East this week: q50 0.0 km², above the 95th percentile of all September weeks since 2000. (Aweil East maps ~505,028 cattle in baseline.)"
2017-09-04,Aweil North,0.0,0.073,0,maturation / grain filling,0.0,0.0,463800.5038861725,"No flood expected in Aweil North this week (q50 0.0 km²). Routine monitoring. (Aweil North maps ~463,801 cattle in baseline.)"
2017-09-04,Aweil South,0.0,0.201,0,maturation / grain filling,0.0,0.0,141256.8006910938,"No flood expected in Aweil South this week (q50 0.0 km²). Routine monitoring. (Aweil South maps ~141,257 cattle in baseline.)"
2017-09-04,Aweil West,0.0,0.245,0,maturation / grain filling,0.0,0.0,318964.9515941321,"No flood expected in Aweil West this week (q50 0.0 km²). Routine monitoring. (Aweil West maps ~318,965 cattle in baseline.)"
2017-09-11,Aweil Centre,0.0,0.08,0,maturation / grain filling,0.0,0.0,364961.8333817694,"No flood expected in Aweil Centre this week (q50 0.0 km²). Routine monitoring. (Aweil Centre maps ~364,962 cattle in baseline.)"
2017-09-11,Aweil East,0.0,0.148,0,maturation / grain filling,0.0,0.3,505027.7802561831,"No flood expected in Aweil East this week (q50 0.0 km²). Routine monitoring. (Aweil East maps ~505,028 cattle in baseline.)"
2017-09-11,Aweil North,0.0,0.033,0,maturation / grain filling,0.0,0.0,463800.5038861725,"No flood expected in Aweil North this week (q50 0.0 km²). Routine monitoring. (Aweil North maps ~463,801 cattle in baseline.)"
2017-09-11,Aweil South,0.0,0.045,0,maturation / grain filling,0.0,0.0,141256.8006910938,"No flood expected in Aweil South this week (q50 0.0 km²). Routine monitoring. (Aweil South maps ~141,257 cattle in baseline.)"
2017-09-11,Aweil West,0.0,0.077,0,maturation / grain filling,0.0,0.0,318964.9515941321,"No flood expected in Aweil West this week (q50 0.0 km²). Routine monitoring. (Aweil West maps ~318,965 cattle in baseline.)"
2017-09-18,Aweil Centre,0.0,0.239,0,maturation / grain filling,0.0,0.0,364961.8333817694,"No flood expected in Aweil Centre this week (q50 0.0 km²). Routine monitoring. (Aweil Centre maps ~364,962 cattle in baseline.)"
2017-09-18,Aweil East,0.0,0.291,0,maturation / grain filling,0.0,0.3,505027.7802561831,"No flood expected in Aweil East this week (q50 0.0 km²). Routine monitoring. (Aweil East maps ~505,028 cattle in baseline.)"
2017-09-18,Aweil North,0.0,0.089,0,maturation / grain filling,0.0,0.0,463800.5038861725,"No flood expected in Aweil North this week (q50 0.0 km²). Routine monitoring. (Aweil North maps ~463,801 cattle in baseline.)"
2017-09-18,Aweil South,0.0,0.181,0,maturation / grain filling,0.0,0.0,141256.8006910938,"No flood expected in Aweil South this week (q50 0.0 km²). Routine monitoring. (Aweil South maps ~141,257 cattle in baseline.)"
2017-09-18,Aweil West,0.0,0.291,0,maturation / grain filling,0.0,0.0,318964.9515941321,"No flood expected in Aweil West this week (q50 0.0 km²). Routine monitoring. (Aweil West maps ~318,965 cattle in baseline.)"
2017-09-25,Aweil Centre,0.0,0.245,0,maturation / grain filling,0.0,0.0,364961.8333817694,"No flood expected in Aweil Centre this week (q50 0.0 km²). Routine monitoring. (Aweil Centre maps ~364,962 cattle in baseline.)"
2017-09-25,Aweil East,0.0,0.419,0,maturation / grain filling,0.0,0.3,505027.7802561831,"No flood expected in Aweil East this week (q50 0.0 km²). Routine monitoring. (Aweil East maps ~505,028 cattle in baseline.)"
2017-09-25,Aweil North,0.0,0.108,0,maturation / grain filling,0.0,0.0,463800.5038861725,"No flood expected in Aweil North this week (q50 0.0 km²). Routine monitoring. (Aweil North maps ~463,801 cattle in baseline.)"
2017-09-25,Aweil South,0.0,0.123,0,maturation / grain filling,0.0,0.0,141256.8006910938,"No flood expected in Aweil South this week (q50 0.0 km²). Routine monitoring. (Aweil South maps ~141,257 cattle in baseline.)"
2017-09-25,Aweil West,0.0,0.171,0,maturation / grain filling,0.0,0.0,318964.9515941321,"No flood expected in Aweil West this week (q50 0.0 km²). Routine monitoring. (Aweil West maps ~318,965 cattle in baseline.)"
2017-10-02,Aweil Centre,0.0,0.282,0,harvest,0.0,0.0,364961.8333817694,"No flood expected in Aweil Centre this week (q50 0.0 km²). Routine monitoring. (Aweil Centre maps ~364,962 cattle in baseline.)"
2017-10-02,Aweil East,0.09,0.911,0,harvest,1.0,11.7,505027.7802561831,"SEVERE flood expected in Aweil East this week: q50 0.1 km², above the 95th percentile of all October weeks since 2000. Approx. 1 ha of mapped crops in the Aweil East floodplain are at risk. Approx. 12 ha of rangeland at risk; plan early herd movement. (Aweil East maps ~505,028 cattle in baseline.)"
2017-10-02,Aweil North,0.0,0.257,0,harvest,0.0,0.0,463800.5038861725,"No flood expected in Aweil North this week (q50 0.0 km²). Routine monitoring. (Aweil North maps ~463,801 cattle in baseline.)"
2017-10-02,Aweil South,0.0,0.31,0,harvest,0.0,0.0,141256.8006910938,"No flood expected in Aweil South this week (q50 0.0 km²). Routine monitoring. (Aweil South maps ~141,257 cattle in baseline.)"
2017-10-02,Aweil West,0.0,0.338,0,harvest,0.0,0.0,318964.9515941321,"No flood expected in Aweil West this week (q50 0.0 km²). Routine monitoring. (Aweil West maps ~318,965 cattle in baseline.)"
2017-10-09,Aweil Centre,0.0,0.302,0,harvest,0.0,0.0,364961.8333817694,"No flood expected in Aweil Centre this week (q50 0.0 km²). Routine monitoring. (Aweil Centre maps ~364,962 cattle in baseline.)"
2017-10-09,Aweil East,0.09,0.896,0,harvest,1.0,11.9,505027.7802561831,"SEVERE flood expected in Aweil East this week: q50 0.1 km², above the 95th percentile of all October weeks since 2000. Approx. 1 ha of mapped crops in the Aweil East floodplain are at risk. Approx. 12 ha of rangeland at risk; plan early herd movement. (Aweil East maps ~505,028 cattle in baseline.)"
2017-10-09,Aweil North,0.0,0.126,0,harvest,0.0,0.0,463800.5038861725,"No flood expected in Aweil North this week (q50 0.0 km²). Routine monitoring. (Aweil North maps ~463,801 cattle in baseline.)"
2017-10-09,Aweil South,0.0,0.136,0,harvest,0.0,0.0,141256.8006910938,"No flood expected in Aweil South this week (q50 0.0 km²). Routine monitoring. (Aweil South maps ~141,257 cattle in baseline.)"
2017-10-09,Aweil West,0.0,0.184,0,harvest,0.0,0.0,318964.9515941321,"No flood expected in Aweil West this week (q50 0.0 km²). Routine monitoring. (Aweil West maps ~318,965 cattle in baseline.)"
2017-10-16,Aweil Centre,0.0,0.45,0,harvest,0.0,0.1,364961.8333817694,"No flood expected in Aweil Centre this week (q50 0.0 km²). Routine monitoring. (Aweil Centre maps ~364,962 cattle in baseline.)"
2017-10-16,Aweil East,0.03,0.774,0,harvest,0.3,3.7,505027.7802561831,"SEVERE flood expected in Aweil East this week: q50 0.0 km², above the 95th percentile of all October weeks since 2000. Approx. 4 ha of rangeland at risk; plan early herd movement. (Aweil East maps ~505,028 cattle in baseline.)"
2017-10-16,Aweil North,0.0,0.108,0,harvest,0.1,1.8,463800.5038861725,"No flood expected in Aweil North this week (q50 0.0 km²). Routine monitoring. Approx. 2 ha of rangeland at risk; plan early herd movement. (Aweil North maps ~463,801 cattle in baseline.)"
2017-10-16,Aweil South,0.0,0.117,0,harvest,0.0,0.6,141256.8006910938,"No flood expected in Aweil South this week (q50 0.0 km²). Routine monitoring. (Aweil South maps ~141,257 cattle in baseline.)"
2017-10-16,Aweil West,0.0,0.13,0,harvest,0.0,0.7,318964.9515941321,"No flood expected in Aweil West this week (q50 0.0 km²). Routine monitoring. (Aweil West maps ~318,965 cattle in baseline.)"
2017-10-23,Aweil Centre,0.05,0.781,0,harvest,0.0,2.2,364961.8333817694,"SEVERE flood expected in Aweil Centre this week: q50 0.0 km², above the 95th percentile of all October weeks since 2000. Approx. 2 ha of rangeland at risk; plan early herd movement. (Aweil Centre maps ~364,962 cattle in baseline.)"
2017-10-23,Aweil East,1.03,0.946,0,harvest,11.5,132.5,505027.7802561831,"SEVERE flood expected in Aweil East this week: q50 1.0 km², above the 95th percentile of all October weeks since 2000. Approx. 12 ha of mapped crops in the Aweil East floodplain are at risk. Approx. 133 ha of rangeland at risk; plan early herd movement. (Aweil East maps ~505,028 cattle in baseline.)"
2017-10-23,Aweil North,0.0,0.079,0,harvest,0.0,0.0,463800.5038861725,"No flood expected in Aweil North this week (q50 0.0 km²). Routine monitoring. (Aweil North maps ~463,801 cattle in baseline.)"
2017-10-23,Aweil South,0.06,0.743,0,harvest,1.4,22.4,141256.8006910938,"SEVERE flood expected in Aweil South this week: q50 0.1 km², above the 95th percentile of all October weeks since 2000. Approx. 1 ha of mapped crops in the Aweil South floodplain are at risk. Approx. 22 ha of rangeland at risk; plan early herd movement. (Aweil South maps ~141,257 cattle in baseline.)"
2017-10-23,Aweil West,0.0,0.116,0,harvest,0.0,0.0,318964.9515941321,"No flood expected in Aweil West this week (q50 0.0 km²). Routine monitoring. (Aweil West maps ~318,965 cattle in baseline.)"
2017-10-30,Aweil Centre,0.0,0.336,0,harvest,0.0,0.1,364961.8333817694,"No flood expected in Aweil Centre this week (q50 0.0 km²). Routine monitoring. (Aweil Centre maps ~364,962 cattle in baseline.)"
2017-10-30,Aweil East,0.03,0.521,0,harvest,0.3,3.4,505027.7802561831,"SEVERE flood expected in Aweil East this week: q50 0.0 km², above the 95th percentile of all October weeks since 2000. Approx. 3 ha of rangeland at risk; plan early herd movement. (Aweil East maps ~505,028 cattle in baseline.)"
2017-10-30,Aweil North,0.0,0.04,0,harvest,0.0,0.0,463800.5038861725,"No flood expected in Aweil North this week (q50 0.0 km²). Routine monitoring. (Aweil North maps ~463,801 cattle in baseline.)"
2017-10-30,Aweil South,0.06,0.803,0,harvest,1.4,22.4,141256.8006910938,"SEVERE flood expected in Aweil South this week: q50 0.1 km², above the 95th percentile of all October weeks since 2000. Approx. 1 ha of mapped crops in the Aweil South floodplain are at risk. Approx. 22 ha of rangeland at risk; plan early herd movement. (Aweil South maps ~141,257 cattle in baseline.)"
2017-10-30,Aweil West,0.02,0.256,0,harvest,0.2,7.3,318964.9515941321,"No flood expected in Aweil West this week (q50 0.0 km²). Routine monitoring. Approx. 7 ha of rangeland at risk; plan early herd movement. (Aweil West maps ~318,965 cattle in baseline.)"
2017-11-06,Aweil Centre,0.0,0.328,0,harvest / drying,0.0,0.5,364961.8333817694,"No flood expected in Aweil Centre this week (q50 0.0 km²). Routine monitoring. (Aweil Centre maps ~364,962 cattle in baseline.)"
2017-11-06,Aweil East,0.06,0.759,0,harvest / drying,1.0,13.3,505027.7802561831,"SEVERE flood expected in Aweil East this week: q50 0.1 km², above the 95th percentile of all November weeks since 2000. Approx. 1 ha of mapped crops in the Aweil East floodplain are at risk. Approx. 13 ha of rangeland at risk; plan early herd movement. (Aweil East maps ~505,028 cattle in baseline.)"
2017-11-06,Aweil North,0.0,0.026,0,harvest / drying,0.0,0.0,463800.5038861725,"No flood expected in Aweil North this week (q50 0.0 km²). Routine monitoring. (Aweil North maps ~463,801 cattle in baseline.)"
2017-11-06,Aweil South,1.17,0.977,0,harvest / drying,20.1,322.0,141256.8006910938,"SEVERE flood expected in Aweil South this week: q50 1.2 km², above the 95th percentile of all November weeks since 2000. Approx. 20 ha of mapped crops in the Aweil South floodplain are at risk. Approx. 322 ha of rangeland at risk; plan early herd movement. (Aweil South maps ~141,257 cattle in baseline.)"
2017-11-06,Aweil West,0.0,0.122,0,harvest / drying,0.0,0.0,318964.9515941321,"No flood expected in Aweil West this week (q50 0.0 km²). Routine monitoring. (Aweil West maps ~318,965 cattle in baseline.)"
2017-11-13,Aweil Centre,0.03,0.761,0,harvest / drying,0.0,5.2,364961.8333817694,"SEVERE flood expected in Aweil Centre this week: q50 0.0 km², above the 95th percentile of all November weeks since 2000. Approx. 5 ha of rangeland at risk; plan early herd movement. (Aweil Centre maps ~364,962 cattle in baseline.)"
2017-11-13,Aweil East,0.07,0.931,0,harvest / drying,1.3,16.4,505027.7802561831,"SEVERE flood expected in Aweil East this week: q50 0.1 km², above the 95th percentile of all November weeks since 2000. Approx. 1 ha of mapped crops in the Aweil East floodplain are at risk. Approx. 16 ha of rangeland at risk; plan early herd movement. (Aweil East maps ~505,028 cattle in baseline.)"
2017-11-13,Aweil North,0.0,0.049,0,harvest / drying,0.0,0.0,463800.5038861725,"No flood expected in Aweil North this week (q50 0.0 km²). Routine monitoring. (Aweil North maps ~463,801 cattle in baseline.)"
2017-11-13,Aweil South,1.69,0.981,0,harvest / drying,29.1,466.3,141256.8006910938,"SEVERE flood expected in Aweil South this week: q50 1.7 km², above the 95th percentile of all November weeks since 2000. Approx. 29 ha of mapped crops in the Aweil South floodplain are at risk. Approx. 466 ha of rangeland at risk; plan early herd movement. (Aweil South maps ~141,257 cattle in baseline.)"
2017-11-13,Aweil West,0.0,0.093,0,harvest / drying,0.1,6.1,318964.9515941321,"No flood expected in Aweil West this week (q50 0.0 km²). Routine monitoring. Approx. 6 ha of rangeland at risk; plan early herd movement. (Aweil West maps ~318,965 cattle in baseline.)"
2017-11-20,Aweil Centre,0.0,0.371,0,harvest / drying,0.0,0.5,364961.8333817694,"No flood expected in Aweil Centre this week (q50 0.0 km²). Routine monitoring. (Aweil Centre maps ~364,962 cattle in baseline.)"
2017-11-20,Aweil East,0.0,0.502,0,harvest / drying,0.1,0.7,505027.7802561831,"SEVERE flood expected in Aweil East this week: q50 0.0 km², above the 95th percentile of all November weeks since 2000. (Aweil East maps ~505,028 cattle in baseline.)"
2017-11-20,Aweil North,0.0,0.123,0,harvest / drying,0.0,0.0,463800.5038861725,"No flood expected in Aweil North this week (q50 0.0 km²). Routine monitoring. (Aweil North maps ~463,801 cattle in baseline.)"
2017-11-20,Aweil South,1.03,0.972,0,harvest / drying,17.8,285.2,141256.8006910938,"SEVERE flood expected in Aweil South this week: q50 1.0 km², above the 95th percentile of all November weeks since 2000. Approx. 18 ha of mapped crops in the Aweil South floodplain are at risk. Approx. 285 ha of rangeland at risk; plan early herd movement. (Aweil South maps ~141,257 cattle in baseline.)"
2017-11-20,Aweil West,0.0,0.027,0,harvest / drying,0.0,0.0,318964.9515941321,"No flood expected in Aweil West this week (q50 0.0 km²). Routine monitoring. (Aweil West maps ~318,965 cattle in baseline.)"
2017-11-27,Aweil Centre,0.0,0.333,0,harvest / drying,0.0,0.0,364961.8333817694,"No flood expected in Aweil Centre this week (q50 0.0 km²). Routine monitoring. (Aweil Centre maps ~364,962 cattle in baseline.)"
2017-11-27,Aweil East,0.03,0.858,0,harvest / drying,0.5,5.9,505027.7802561831,"SEVERE flood expected in Aweil East this week: q50 0.0 km², above the 95th percentile of all November weeks since 2000. Approx. 6 ha of rangeland at risk; plan early herd movement. (Aweil East maps ~505,028 cattle in baseline.)"
2017-11-27,Aweil North,0.0,0.048,0,harvest / drying,0.0,0.0,463800.5038861725,"No flood expected in Aweil North this week (q50 0.0 km²). Routine monitoring. (Aweil North maps ~463,801 cattle in baseline.)"
2017-11-27,Aweil South,1.03,0.95,0,harvest / drying,17.8,285.2,141256.8006910938,"SEVERE flood expected in Aweil South this week: q50 1.0 km², above the 95th percentile of all November weeks since 2000. Approx. 18 ha of mapped crops in the Aweil South floodplain are at risk. Approx. 285 ha of rangeland at risk; plan early herd movement. (Aweil South maps ~141,257 cattle in baseline.)"
2017-11-27,Aweil West,0.0,0.026,0,harvest / drying,0.0,0.0,318964.9515941321,"No flood expected in Aweil West this week (q50 0.0 km²). Routine monitoring. (Aweil West maps ~318,965 cattle in baseline.)"
2017-12-04,Aweil Centre,0.0,0.037,0,dry season,0.0,0.0,364961.8333817694,"No flood expected in Aweil Centre this week (q50 0.0 km²). Routine monitoring. (Aweil Centre maps ~364,962 cattle in baseline.)"
2017-12-04,Aweil East,0.03,0.813,0,dry season,3.9,79.9,505027.7802561831,"SEVERE flood expected in Aweil East this week: q50 0.0 km², above the 95th percentile of all December weeks since 2000. Approx. 4 ha of mapped crops in the Aweil East floodplain are at risk. Approx. 80 ha of rangeland at risk; plan early herd movement. (Aweil East maps ~505,028 cattle in baseline.)"
2017-12-04,Aweil North,0.0,0.014,0,dry season,0.0,0.0,463800.5038861725,"No flood expected in Aweil North this week (q50 0.0 km²). Routine monitoring. (Aweil North maps ~463,801 cattle in baseline.)"
2017-12-04,Aweil South,0.06,0.888,0,dry season,2.7,53.4,141256.8006910938,"SEVERE flood expected in Aweil South this week: q50 0.1 km², above the 95th percentile of all December weeks since 2000. Approx. 3 ha of mapped crops in the Aweil South floodplain are at risk. Approx. 53 ha of rangeland at risk; plan early herd movement. (Aweil South maps ~141,257 cattle in baseline.)"
2017-12-04,Aweil West,0.0,0.007,0,dry season,0.0,0.0,318964.9515941321,"No flood expected in Aweil West this week (q50 0.0 km²). Routine monitoring. (Aweil West maps ~318,965 cattle in baseline.)"
2017-12-11,Aweil Centre,0.0,0.027,0,dry season,0.0,0.0,364961.8333817694,"No flood expected in Aweil Centre this week (q50 0.0 km²). Routine monitoring. (Aweil Centre maps ~364,962 cattle in baseline.)"
2017-12-11,Aweil East,0.03,0.854,0,dry season,5.0,101.4,505027.7802561831,"SEVERE flood expected in Aweil East this week: q50 0.0 km², above the 95th percentile of all December weeks since 2000. Approx. 5 ha of mapped crops in the Aweil East floodplain are at risk. Approx. 101 ha of rangeland at risk; plan early herd movement. (Aweil East maps ~505,028 cattle in baseline.)"
2017-12-11,Aweil North,0.0,0.012,0,dry season,0.0,0.0,463800.5038861725,"No flood expected in Aweil North this week (q50 0.0 km²). Routine monitoring. (Aweil North maps ~463,801 cattle in baseline.)"
2017-12-11,Aweil South,0.06,0.892,0,dry season,3.0,60.4,141256.8006910938,"SEVERE flood expected in Aweil South this week: q50 0.1 km², above the 95th percentile of all December weeks since 2000. Approx. 3 ha of mapped crops in the Aweil South floodplain are at risk. Approx. 60 ha of rangeland at risk; plan early herd movement. (Aweil South maps ~141,257 cattle in baseline.)"
2017-12-11,Aweil West,0.0,0.006,0,dry season,0.0,0.0,318964.9515941321,"No flood expected in Aweil West this week (q50 0.0 km²). Routine monitoring. (Aweil West maps ~318,965 cattle in baseline.)"
2017-12-18,Aweil Centre,0.0,0.021,0,dry season,0.0,0.0,364961.8333817694,"No flood expected in Aweil Centre this week (q50 0.0 km²). Routine monitoring. (Aweil Centre maps ~364,962 cattle in baseline.)"
2017-12-18,Aweil East,0.0,0.306,0,dry season,0.0,0.0,505027.7802561831,"No flood expected in Aweil East this week (q50 0.0 km²). Routine monitoring. (Aweil East maps ~505,028 cattle in baseline.)"
2017-12-18,Aweil North,0.0,0.014,0,dry season,0.0,0.0,463800.5038861725,"No flood expected in Aweil North this week (q50 0.0 km²). Routine monitoring. (Aweil North maps ~463,801 cattle in baseline.)"
2017-12-18,Aweil South,0.0,0.423,0,dry season,0.2,4.6,141256.8006910938,"No flood expected in Aweil South this week (q50 0.0 km²). Routine monitoring. Approx. 5 ha of rangeland at risk; plan early herd movement. (Aweil South maps ~141,257 cattle in baseline.)"
2017-12-18,Aweil West,0.0,0.008,0,dry season,0.0,0.0,318964.9515941321,"No flood expected in Aweil West this week (q50 0.0 km²). Routine monitoring. (Aweil West maps ~318,965 cattle in baseline.)"
2017-12-25,Aweil Centre,0.0,0.123,0,dry season,0.0,0.0,364961.8333817694,"No flood expected in Aweil Centre this week (q50 0.0 km²). Routine monitoring. (Aweil Centre maps ~364,962 cattle in baseline.)"
2017-12-25,Aweil East,0.0,0.58,0,dry season,0.0,0.0,505027.7802561831,"SEVERE flood expected in Aweil East this week: q50 0.0 km², above the 95th percentile of all December weeks since 2000. (Aweil East maps ~505,028 cattle in baseline.)"
2017-12-25,Aweil North,0.0,0.039,0,dry season,0.0,0.0,463800.5038861725,"No flood expected in Aweil North this week (q50 0.0 km²). Routine monitoring. (Aweil North maps ~463,801 cattle in baseline.)"
2017-12-25,Aweil South,0.04,0.713,0,dry season,1.9,38.9,141256.8006910938,"SEVERE flood expected in Aweil South this week: q50 0.0 km², above the 95th percentile of all December weeks since 2000. Approx. 2 ha of mapped crops in the Aweil South floodplain are at risk. Approx. 39 ha of rangeland at risk; plan early herd movement. (Aweil South maps ~141,257 cattle in baseline.)"
2017-12-25,Aweil West,0.0,0.023,0,dry season,0.0,0.0,318964.9515941321,"No flood expected in Aweil West this week (q50 0.0 km²). Routine monitoring. (Aweil West maps ~318,965 cattle in baseline.)"
2022-01-10,Aweil Centre,0.0,0.111,0,dry season (late phase),0.0,0.0,364961.8333817694,"No flood expected in Aweil Centre this week (q50 0.0 km²). Routine monitoring. (Aweil Centre maps ~364,962 cattle in baseline.)"
2022-01-10,Aweil East,0.0,0.137,0,dry season (late phase),0.0,0.0,505027.7802561831,"No flood expected in Aweil East this week (q50 0.0 km²). Routine monitoring. (Aweil East maps ~505,028 cattle in baseline.)"
2022-01-10,Aweil North,0.0,0.074,0,dry season (late phase),0.0,0.0,463800.5038861725,"No flood expected in Aweil North this week (q50 0.0 km²). Routine monitoring. (Aweil North maps ~463,801 cattle in baseline.)"
2022-01-10,Aweil South,0.0,0.072,0,dry season (late phase),0.0,0.0,141256.8006910938,"No flood expected in Aweil South this week (q50 0.0 km²). Routine monitoring. (Aweil South maps ~141,257 cattle in baseline.)"
2022-01-10,Aweil West,0.0,0.067,0,dry season (late phase),0.0,0.0,318964.9515941321,"No flood expected in Aweil West this week (q50 0.0 km²). Routine monitoring. (Aweil West maps ~318,965 cattle in baseline.)"
2022-01-17,Aweil Centre,0.0,0.104,0,dry season (late phase),0.0,0.0,364961.8333817694,"No flood expected in Aweil Centre this week (q50 0.0 km²). Routine monitoring. (Aweil Centre maps ~364,962 cattle in baseline.)"
2022-01-17,Aweil East,0.0,0.071,0,dry season (late phase),0.0,0.0,505027.7802561831,"No flood expected in Aweil East this week (q50 0.0 km²). Routine monitoring. (Aweil East maps ~505,028 cattle in baseline.)"
2022-01-17,Aweil North,0.0,0.059,0,dry season (late phase),0.0,0.0,463800.5038861725,"No flood expected in Aweil North this week (q50 0.0 km²). Routine monitoring. (Aweil North maps ~463,801 cattle in baseline.)"
2022-01-17,Aweil South,0.0,0.059,0,dry season (late phase),0.0,0.0,141256.8006910938,"No flood expected in Aweil South this week (q50 0.0 km²). Routine monitoring. (Aweil South maps ~141,257 cattle in baseline.)"
2022-01-17,Aweil West,0.0,0.055,0,dry season (late phase),0.0,0.0,318964.9515941321,"No flood expected in Aweil West this week (q50 0.0 km²). Routine monitoring. (Aweil West maps ~318,965 cattle in baseline.)"
2022-01-24,Aweil Centre,0.0,0.104,0,dry season (late phase),0.0,0.0,364961.8333817694,"No flood expected in Aweil Centre this week (q50 0.0 km²). Routine monitoring. (Aweil Centre maps ~364,962 cattle in baseline.)"
2022-01-24,Aweil East,0.0,0.073,0,dry season (late phase),0.0,0.0,505027.7802561831,"No flood expected in Aweil East this week (q50 0.0 km²). Routine monitoring. (Aweil East maps ~505,028 cattle in baseline.)"
2022-01-24,Aweil North,0.0,0.061,0,dry season (late phase),0.0,0.0,463800.5038861725,"No flood expected in Aweil North this week (q50 0.0 km²). Routine monitoring. (Aweil North maps ~463,801 cattle in baseline.)"
2022-01-24,Aweil South,0.0,0.057,0,dry season (late phase),0.0,0.0,141256.8006910938,"No flood expected in Aweil South this week (q50 0.0 km²). Routine monitoring. (Aweil South maps ~141,257 cattle in baseline.)"
2022-01-24,Aweil West,0.0,0.055,0,dry season (late phase),0.0,0.0,318964.9515941321,"No flood expected in Aweil West this week (q50 0.0 km²). Routine monitoring. (Aweil West maps ~318,965 cattle in baseline.)"
2022-01-31,Aweil Centre,0.0,0.105,0,dry season (late phase),0.0,4.9,364961.8333817694,"No flood expected in Aweil Centre this week (q50 0.0 km²). Routine monitoring. Approx. 5 ha of rangeland at risk; plan early herd movement. (Aweil Centre maps ~364,962 cattle in baseline.)"
2022-01-31,Aweil East,0.0,0.039,0,dry season (late phase),0.0,0.0,505027.7802561831,"No flood expected in Aweil East this week (q50 0.0 km²). Routine monitoring. (Aweil East maps ~505,028 cattle in baseline.)"
2022-01-31,Aweil North,0.0,0.033,0,dry season (late phase),0.0,0.0,463800.5038861725,"No flood expected in Aweil North this week (q50 0.0 km²). Routine monitoring. (Aweil North maps ~463,801 cattle in baseline.)"
2022-01-31,Aweil South,0.0,0.031,0,dry season (late phase),0.0,0.0,141256.8006910938,"No flood expected in Aweil South this week (q50 0.0 km²). Routine monitoring. (Aweil South maps ~141,257 cattle in baseline.)"
2022-01-31,Aweil West,0.0,0.031,0,dry season (late phase),0.0,0.0,318964.9515941321,"No flood expected in Aweil West this week (q50 0.0 km²). Routine monitoring. (Aweil West maps ~318,965 cattle in baseline.)"
2022-02-07,Aweil Centre,0.0,0.055,0,dry season,0.0,0.0,364961.8333817694,"No flood expected in Aweil Centre this week (q50 0.0 km²). Routine monitoring. (Aweil Centre maps ~364,962 cattle in baseline.)"
2022-02-07,Aweil East,0.0,0.057,0,dry season,0.0,0.0,505027.7802561831,"No flood expected in Aweil East this week (q50 0.0 km²). Routine monitoring. (Aweil East maps ~505,028 cattle in baseline.)"
2022-02-07,Aweil North,0.0,0.056,0,dry season,0.0,0.0,463800.5038861725,"No flood expected in Aweil North this week (q50 0.0 km²). Routine monitoring. (Aweil North maps ~463,801 cattle in baseline.)"
2022-02-07,Aweil South,0.0,0.056,0,dry season,0.0,0.0,141256.8006910938,"No flood expected in Aweil South this week (q50 0.0 km²). Routine monitoring. (Aweil South maps ~141,257 cattle in baseline.)"
2022-02-07,Aweil West,0.0,0.054,0,dry season,0.0,0.0,318964.9515941321,"No flood expected in Aweil West this week (q50 0.0 km²). Routine monitoring. (Aweil West maps ~318,965 cattle in baseline.)"
2022-02-14,Aweil Centre,0.0,0.064,0,dry season,0.0,0.0,364961.8333817694,"No flood expected in Aweil Centre this week (q50 0.0 km²). Routine monitoring. (Aweil Centre maps ~364,962 cattle in baseline.)"
2022-02-14,Aweil East,0.0,0.064,0,dry season,0.0,0.0,505027.7802561831,"No flood expected in Aweil East this week (q50 0.0 km²). Routine monitoring. (Aweil East maps ~505,028 cattle in baseline.)"
2022-02-14,Aweil North,0.0,0.059,0,dry season,0.0,0.0,463800.5038861725,"No flood expected in Aweil North this week (q50 0.0 km²). Routine monitoring. (Aweil North maps ~463,801 cattle in baseline.)"
2022-02-14,Aweil South,0.0,0.059,0,dry season,0.0,0.0,141256.8006910938,"No flood expected in Aweil South this week (q50 0.0 km²). Routine monitoring. (Aweil South maps ~141,257 cattle in baseline.)"
2022-02-14,Aweil West,0.0,0.06,0,dry season,0.0,0.0,318964.9515941321,"No flood expected in Aweil West this week (q50 0.0 km²). Routine monitoring. (Aweil West maps ~318,965 cattle in baseline.)"
2022-02-21,Aweil Centre,0.0,0.038,0,dry season,0.0,0.0,364961.8333817694,"No flood expected in Aweil Centre this week (q50 0.0 km²). Routine monitoring. (Aweil Centre maps ~364,962 cattle in baseline.)"
2022-02-21,Aweil East,0.0,0.037,0,dry season,0.0,0.0,505027.7802561831,"No flood expected in Aweil East this week (q50 0.0 km²). Routine monitoring. (Aweil East maps ~505,028 cattle in baseline.)"
2022-02-21,Aweil North,0.0,0.032,0,dry season,0.0,0.0,463800.5038861725,"No flood expected in Aweil North this week (q50 0.0 km²). Routine monitoring. (Aweil North maps ~463,801 cattle in baseline.)"
2022-02-21,Aweil South,0.0,0.032,0,dry season,0.0,0.0,141256.8006910938,"No flood expected in Aweil South this week (q50 0.0 km²). Routine monitoring. (Aweil South maps ~141,257 cattle in baseline.)"
2022-02-21,Aweil West,0.0,0.032,0,dry season,0.0,0.0,318964.9515941321,"No flood expected in Aweil West this week (q50 0.0 km²). Routine monitoring. (Aweil West maps ~318,965 cattle in baseline.)"
2022-02-28,Aweil Centre,0.0,0.035,0,dry season,0.0,0.0,364961.8333817694,"No flood expected in Aweil Centre this week (q50 0.0 km²). Routine monitoring. (Aweil Centre maps ~364,962 cattle in baseline.)"
2022-02-28,Aweil East,0.0,0.037,0,dry season,0.0,0.0,505027.7802561831,"No flood expected in Aweil East this week (q50 0.0 km²). Routine monitoring. (Aweil East maps ~505,028 cattle in baseline.)"
2022-02-28,Aweil North,0.0,0.032,0,dry season,0.0,0.0,463800.5038861725,"No flood expected in Aweil North this week (q50 0.0 km²). Routine monitoring. (Aweil North maps ~463,801 cattle in baseline.)"
2022-02-28,Aweil South,0.0,0.032,0,dry season,0.0,0.0,141256.8006910938,"No flood expected in Aweil South this week (q50 0.0 km²). Routine monitoring. (Aweil South maps ~141,257 cattle in baseline.)"
2022-02-28,Aweil West,0.0,0.032,0,dry season,0.0,0.0,318964.9515941321,"No flood expected in Aweil West this week (q50 0.0 km²). Routine monitoring. (Aweil West maps ~318,965 cattle in baseline.)"
2022-03-07,Aweil Centre,0.0,0.034,0,early season (sowing),0.0,0.0,364961.8333817694,"No flood expected in Aweil Centre this week (q50 0.0 km²). Routine monitoring. (Aweil Centre maps ~364,962 cattle in baseline.)"
2022-03-07,Aweil East,0.0,0.037,0,early season (sowing),0.0,0.0,505027.7802561831,"No flood expected in Aweil East this week (q50 0.0 km²). Routine monitoring. (Aweil East maps ~505,028 cattle in baseline.)"
2022-03-07,Aweil North,0.0,0.031,0,early season (sowing),0.0,0.0,463800.5038861725,"No flood expected in Aweil North this week (q50 0.0 km²). Routine monitoring. (Aweil North maps ~463,801 cattle in baseline.)"
2022-03-07,Aweil South,0.0,0.031,0,early season (sowing),0.0,0.0,141256.8006910938,"No flood expected in Aweil South this week (q50 0.0 km²). Routine monitoring. (Aweil South maps ~141,257 cattle in baseline.)"
2022-03-07,Aweil West,0.0,0.03,0,early season (sowing),0.0,0.0,318964.9515941321,"No flood expected in Aweil West this week (q50 0.0 km²). Routine monitoring. (Aweil West maps ~318,965 cattle in baseline.)"
2022-03-14,Aweil Centre,0.0,0.048,0,early season (sowing),0.0,0.0,364961.8333817694,"No flood expected in Aweil Centre this week (q50 0.0 km²). Routine monitoring. (Aweil Centre maps ~364,962 cattle in baseline.)"
2022-03-14,Aweil East,0.0,0.052,0,early season (sowing),0.0,0.0,505027.7802561831,"No flood expected in Aweil East this week (q50 0.0 km²). Routine monitoring. (Aweil East maps ~505,028 cattle in baseline.)"
2022-03-14,Aweil North,0.0,0.05,0,early season (sowing),0.0,0.0,463800.5038861725,"No flood expected in Aweil North this week (q50 0.0 km²). Routine monitoring. (Aweil North maps ~463,801 cattle in baseline.)"
2022-03-14,Aweil South,0.0,0.05,0,early season (sowing),0.0,0.0,141256.8006910938,"No flood expected in Aweil South this week (q50 0.0 km²). Routine monitoring. (Aweil South maps ~141,257 cattle in baseline.)"
2022-03-14,Aweil West,0.0,0.046,0,early season (sowing),0.0,0.0,318964.9515941321,"No flood expected in Aweil West this week (q50 0.0 km²). Routine monitoring. (Aweil West maps ~318,965 cattle in baseline.)"
2022-03-21,Aweil Centre,0.0,0.083,0,early season (sowing),0.0,0.0,364961.8333817694,"No flood expected in Aweil Centre this week (q50 0.0 km²). Routine monitoring. (Aweil Centre maps ~364,962 cattle in baseline.)"
2022-03-21,Aweil East,0.0,0.091,0,early season (sowing),0.0,0.0,505027.7802561831,"No flood expected in Aweil East this week (q50 0.0 km²). Routine monitoring. (Aweil East maps ~505,028 cattle in baseline.)"
2022-03-21,Aweil North,0.0,0.09,0,early season (sowing),0.0,0.0,463800.5038861725,"No flood expected in Aweil North this week (q50 0.0 km²). Routine monitoring. (Aweil North maps ~463,801 cattle in baseline.)"
2022-03-21,Aweil South,0.0,0.086,0,early season (sowing),0.0,0.0,141256.8006910938,"No flood expected in Aweil South this week (q50 0.0 km²). Routine monitoring. (Aweil South maps ~141,257 cattle in baseline.)"
2022-03-21,Aweil West,0.0,0.087,0,early season (sowing),0.0,0.0,318964.9515941321,"No flood expected in Aweil West this week (q50 0.0 km²). Routine monitoring. (Aweil West maps ~318,965 cattle in baseline.)"
2022-03-28,Aweil Centre,0.0,0.07,0,early season (sowing),0.0,0.0,364961.8333817694,"No flood expected in Aweil Centre this week (q50 0.0 km²). Routine monitoring. (Aweil Centre maps ~364,962 cattle in baseline.)"
2022-03-28,Aweil East,0.0,0.076,0,early season (sowing),0.0,0.0,505027.7802561831,"No flood expected in Aweil East this week (q50 0.0 km²). Routine monitoring. (Aweil East maps ~505,028 cattle in baseline.)"
2022-03-28,Aweil North,0.0,0.073,0,early season (sowing),0.0,0.0,463800.5038861725,"No flood expected in Aweil North this week (q50 0.0 km²). Routine monitoring. (Aweil North maps ~463,801 cattle in baseline.)"
2022-03-28,Aweil South,0.0,0.07,0,early season (sowing),0.0,0.0,141256.8006910938,"No flood expected in Aweil South this week (q50 0.0 km²). Routine monitoring. (Aweil South maps ~141,257 cattle in baseline.)"
2022-03-28,Aweil West,0.0,0.067,0,early season (sowing),0.0,0.0,318964.9515941321,"No flood expected in Aweil West this week (q50 0.0 km²). Routine monitoring. (Aweil West maps ~318,965 cattle in baseline.)"
2022-04-04,Aweil Centre,0.0,0.067,0,crop establishment,0.0,0.0,364961.8333817694,"No flood expected in Aweil Centre this week (q50 0.0 km²). Routine monitoring. (Aweil Centre maps ~364,962 cattle in baseline.)"
2022-04-04,Aweil East,0.0,0.072,0,crop establishment,0.0,0.0,505027.7802561831,"No flood expected in Aweil East this week (q50 0.0 km²). Routine monitoring. (Aweil East maps ~505,028 cattle in baseline.)"
2022-04-04,Aweil North,0.0,0.069,0,crop establishment,0.0,0.0,463800.5038861725,"No flood expected in Aweil North this week (q50 0.0 km²). Routine monitoring. (Aweil North maps ~463,801 cattle in baseline.)"
2022-04-04,Aweil South,0.0,0.066,0,crop establishment,0.0,0.0,141256.8006910938,"No flood expected in Aweil South this week (q50 0.0 km²). Routine monitoring. (Aweil South maps ~141,257 cattle in baseline.)"
2022-04-04,Aweil West,0.0,0.063,0,crop establishment,0.0,0.0,318964.9515941321,"No flood expected in Aweil West this week (q50 0.0 km²). Routine monitoring. (Aweil West maps ~318,965 cattle in baseline.)"
2022-04-11,Aweil Centre,0.0,0.05,0,crop establishment,0.0,0.0,364961.8333817694,"No flood expected in Aweil Centre this week (q50 0.0 km²). Routine monitoring. (Aweil Centre maps ~364,962 cattle in baseline.)"
2022-04-11,Aweil East,0.0,0.051,0,crop establishment,0.0,0.0,505027.7802561831,"No flood expected in Aweil East this week (q50 0.0 km²). Routine monitoring. (Aweil East maps ~505,028 cattle in baseline.)"
2022-04-11,Aweil North,0.0,0.047,0,crop establishment,0.0,0.0,463800.5038861725,"No flood expected in Aweil North this week (q50 0.0 km²). Routine monitoring. (Aweil North maps ~463,801 cattle in baseline.)"
2022-04-11,Aweil South,0.0,0.044,0,crop establishment,0.0,0.0,141256.8006910938,"No flood expected in Aweil South this week (q50 0.0 km²). Routine monitoring. (Aweil South maps ~141,257 cattle in baseline.)"
2022-04-11,Aweil West,0.0,0.043,0,crop establishment,0.0,0.0,318964.9515941321,"No flood expected in Aweil West this week (q50 0.0 km²). Routine monitoring. (Aweil West maps ~318,965 cattle in baseline.)"
2022-04-18,Aweil Centre,0.0,0.046,0,crop establishment,0.0,0.0,364961.8333817694,"No flood expected in Aweil Centre this week (q50 0.0 km²). Routine monitoring. (Aweil Centre maps ~364,962 cattle in baseline.)"
2022-04-18,Aweil East,0.0,0.052,0,crop establishment,0.0,0.0,505027.7802561831,"No flood expected in Aweil East this week (q50 0.0 km²). Routine monitoring. (Aweil East maps ~505,028 cattle in baseline.)"
2022-04-18,Aweil North,0.0,0.044,0,crop establishment,0.0,0.0,463800.5038861725,"No flood expected in Aweil North this week (q50 0.0 km²). Routine monitoring. (Aweil North maps ~463,801 cattle in baseline.)"
2022-04-18,Aweil South,0.0,0.042,0,crop establishment,0.0,0.0,141256.8006910938,"No flood expected in Aweil South this week (q50 0.0 km²). Routine monitoring. (Aweil South maps ~141,257 cattle in baseline.)"
2022-04-18,Aweil West,0.0,0.039,0,crop establishment,0.0,0.0,318964.9515941321,"No flood expected in Aweil West this week (q50 0.0 km²). Routine monitoring. (Aweil West maps ~318,965 cattle in baseline.)"
2022-04-25,Aweil Centre,0.0,0.089,0,crop establishment,0.0,0.0,364961.8333817694,"No flood expected in Aweil Centre this week (q50 0.0 km²). Routine monitoring. (Aweil Centre maps ~364,962 cattle in baseline.)"
2022-04-25,Aweil East,0.0,0.101,0,crop establishment,0.0,0.0,505027.7802561831,"No flood expected in Aweil East this week (q50 0.0 km²). Routine monitoring. (Aweil East maps ~505,028 cattle in baseline.)"
2022-04-25,Aweil North,0.0,0.09,0,crop establishment,0.0,0.0,463800.5038861725,"No flood expected in Aweil North this week (q50 0.0 km²). Routine monitoring. (Aweil North maps ~463,801 cattle in baseline.)"
2022-04-25,Aweil South,0.0,0.086,0,crop establishment,0.0,0.0,141256.8006910938,"No flood expected in Aweil South this week (q50 0.0 km²). Routine monitoring. (Aweil South maps ~141,257 cattle in baseline.)"
2022-04-25,Aweil West,0.0,0.084,0,crop establishment,0.0,0.0,318964.9515941321,"No flood expected in Aweil West this week (q50 0.0 km²). Routine monitoring. (Aweil West maps ~318,965 cattle in baseline.)"
2022-05-02,Aweil Centre,0.0,0.058,0,vegetative growth,0.0,0.0,364961.8333817694,"No flood expected in Aweil Centre this week (q50 0.0 km²). Routine monitoring. (Aweil Centre maps ~364,962 cattle in baseline.)"
2022-05-02,Aweil East,0.0,0.067,0,vegetative growth,0.0,0.0,505027.7802561831,"No flood expected in Aweil East this week (q50 0.0 km²). Routine monitoring. (Aweil East maps ~505,028 cattle in baseline.)"
2022-05-02,Aweil North,0.0,0.06,0,vegetative growth,0.0,0.0,463800.5038861725,"No flood expected in Aweil North this week (q50 0.0 km²). Routine monitoring. (Aweil North maps ~463,801 cattle in baseline.)"
2022-05-02,Aweil South,0.0,0.057,0,vegetative growth,0.0,0.0,141256.8006910938,"No flood expected in Aweil South this week (q50 0.0 km²). Routine monitoring. (Aweil South maps ~141,257 cattle in baseline.)"
2022-05-02,Aweil West,0.0,0.056,0,vegetative growth,0.0,0.0,318964.9515941321,"No flood expected in Aweil West this week (q50 0.0 km²). Routine monitoring. (Aweil West maps ~318,965 cattle in baseline.)"
2022-05-09,Aweil Centre,0.0,0.053,0,vegetative growth,0.0,0.0,364961.8333817694,"No flood expected in Aweil Centre this week (q50 0.0 km²). Routine monitoring. (Aweil Centre maps ~364,962 cattle in baseline.)"
2022-05-09,Aweil East,0.0,0.063,0,vegetative growth,0.0,0.0,505027.7802561831,"No flood expected in Aweil East this week (q50 0.0 km²). Routine monitoring. (Aweil East maps ~505,028 cattle in baseline.)"
2022-05-09,Aweil North,0.0,0.052,0,vegetative growth,0.0,0.0,463800.5038861725,"No flood expected in Aweil North this week (q50 0.0 km²). Routine monitoring. (Aweil North maps ~463,801 cattle in baseline.)"
2022-05-09,Aweil South,0.0,0.049,0,vegetative growth,0.0,0.0,141256.8006910938,"No flood expected in Aweil South this week (q50 0.0 km²). Routine monitoring. (Aweil South maps ~141,257 cattle in baseline.)"
2022-05-09,Aweil West,0.0,0.046,0,vegetative growth,0.0,0.0,318964.9515941321,"No flood expected in Aweil West this week (q50 0.0 km²). Routine monitoring. (Aweil West maps ~318,965 cattle in baseline.)"
2022-05-16,Aweil Centre,0.0,0.057,0,vegetative growth,0.0,0.0,364961.8333817694,"No flood expected in Aweil Centre this week (q50 0.0 km²). Routine monitoring. (Aweil Centre maps ~364,962 cattle in baseline.)"
2022-05-16,Aweil East,0.0,0.065,0,vegetative growth,0.0,0.0,505027.7802561831,"No flood expected in Aweil East this week (q50 0.0 km²). Routine monitoring. (Aweil East maps ~505,028 cattle in baseline.)"
2022-05-16,Aweil North,0.0,0.06,0,vegetative growth,0.0,0.0,463800.5038861725,"No flood expected in Aweil North this week (q50 0.0 km²). Routine monitoring. (Aweil North maps ~463,801 cattle in baseline.)"
2022-05-16,Aweil South,0.0,0.057,0,vegetative growth,0.0,0.0,141256.8006910938,"No flood expected in Aweil South this week (q50 0.0 km²). Routine monitoring. (Aweil South maps ~141,257 cattle in baseline.)"
2022-05-16,Aweil West,0.0,0.056,0,vegetative growth,0.0,0.0,318964.9515941321,"No flood expected in Aweil West this week (q50 0.0 km²). Routine monitoring. (Aweil West maps ~318,965 cattle in baseline.)"
2022-05-23,Aweil Centre,0.0,0.043,0,vegetative growth,0.0,0.0,364961.8333817694,"No flood expected in Aweil Centre this week (q50 0.0 km²). Routine monitoring. (Aweil Centre maps ~364,962 cattle in baseline.)"
2022-05-23,Aweil East,0.0,0.048,0,vegetative growth,0.0,0.0,505027.7802561831,"No flood expected in Aweil East this week (q50 0.0 km²). Routine monitoring. (Aweil East maps ~505,028 cattle in baseline.)"
2022-05-23,Aweil North,0.0,0.045,0,vegetative growth,0.0,0.0,463800.5038861725,"No flood expected in Aweil North this week (q50 0.0 km²). Routine monitoring. (Aweil North maps ~463,801 cattle in baseline.)"
2022-05-23,Aweil South,0.0,0.043,0,vegetative growth,0.0,0.0,141256.8006910938,"No flood expected in Aweil South this week (q50 0.0 km²). Routine monitoring. (Aweil South maps ~141,257 cattle in baseline.)"
2022-05-23,Aweil West,0.0,0.04,0,vegetative growth,0.0,0.0,318964.9515941321,"No flood expected in Aweil West this week (q50 0.0 km²). Routine monitoring. (Aweil West maps ~318,965 cattle in baseline.)"
2022-05-30,Aweil Centre,0.0,0.093,0,vegetative growth,0.0,0.0,364961.8333817694,"No flood expected in Aweil Centre this week (q50 0.0 km²). Routine monitoring. (Aweil Centre maps ~364,962 cattle in baseline.)"
2022-05-30,Aweil East,0.0,0.105,0,vegetative growth,0.0,0.0,505027.7802561831,"No flood expected in Aweil East this week (q50 0.0 km²). Routine monitoring. (Aweil East maps ~505,028 cattle in baseline.)"
2022-05-30,Aweil North,0.0,0.098,0,vegetative growth,0.0,0.0,463800.5038861725,"No flood expected in Aweil North this week (q50 0.0 km²). Routine monitoring. (Aweil North maps ~463,801 cattle in baseline.)"
2022-05-30,Aweil South,0.0,0.094,0,vegetative growth,0.0,0.0,141256.8006910938,"No flood expected in Aweil South this week (q50 0.0 km²). Routine monitoring. (Aweil South maps ~141,257 cattle in baseline.)"
2022-05-30,Aweil West,0.0,0.092,0,vegetative growth,0.0,0.0,318964.9515941321,"No flood expected in Aweil West this week (q50 0.0 km²). Routine monitoring. (Aweil West maps ~318,965 cattle in baseline.)"
2022-06-06,Aweil Centre,0.0,0.024,0,vegetative growth (peak),0.0,0.0,364961.8333817694,"No flood expected in Aweil Centre this week (q50 0.0 km²). Routine monitoring. (Aweil Centre maps ~364,962 cattle in baseline.)"
2022-06-06,Aweil East,0.01,0.074,0,vegetative growth (peak),0.0,0.0,505027.7802561831,"No flood expected in Aweil East this week (q50 0.0 km²). Routine monitoring. (Aweil East maps ~505,028 cattle in baseline.)"
2022-06-06,Aweil North,0.0,0.023,0,vegetative growth (peak),0.0,0.0,463800.5038861725,"No flood expected in Aweil North this week (q50 0.0 km²). Routine monitoring. (Aweil North maps ~463,801 cattle in baseline.)"
2022-06-06,Aweil South,0.0,0.023,0,vegetative growth (peak),0.0,0.0,141256.8006910938,"No flood expected in Aweil South this week (q50 0.0 km²). Routine monitoring. (Aweil South maps ~141,257 cattle in baseline.)"
2022-06-06,Aweil West,0.0,0.022,0,vegetative growth (peak),0.0,0.0,318964.9515941321,"No flood expected in Aweil West this week (q50 0.0 km²). Routine monitoring. (Aweil West maps ~318,965 cattle in baseline.)"
2022-06-13,Aweil Centre,0.0,0.03,0,vegetative growth (peak),0.0,0.0,364961.8333817694,"No flood expected in Aweil Centre this week (q50 0.0 km²). Routine monitoring. (Aweil Centre maps ~364,962 cattle in baseline.)"
2022-06-13,Aweil East,0.0,0.04,0,vegetative growth (peak),0.0,0.0,505027.7802561831,"No flood expected in Aweil East this week (q50 0.0 km²). Routine monitoring. (Aweil East maps ~505,028 cattle in baseline.)"
2022-06-13,Aweil North,0.0,0.03,0,vegetative growth (peak),0.0,0.0,463800.5038861725,"No flood expected in Aweil North this week (q50 0.0 km²). Routine monitoring. (Aweil North maps ~463,801 cattle in baseline.)"
2022-06-13,Aweil South,0.0,0.03,0,vegetative growth (peak),0.0,0.0,141256.8006910938,"No flood expected in Aweil South this week (q50 0.0 km²). Routine monitoring. (Aweil South maps ~141,257 cattle in baseline.)"
2022-06-13,Aweil West,0.0,0.029,0,vegetative growth (peak),0.0,0.0,318964.9515941321,"No flood expected in Aweil West this week (q50 0.0 km²). Routine monitoring. (Aweil West maps ~318,965 cattle in baseline.)"
2022-06-20,Aweil Centre,0.0,0.043,0,vegetative growth (peak),0.0,0.0,364961.8333817694,"No flood expected in Aweil Centre this week (q50 0.0 km²). Routine monitoring. (Aweil Centre maps ~364,962 cattle in baseline.)"
2022-06-20,Aweil East,0.0,0.05,0,vegetative growth (peak),0.0,0.0,505027.7802561831,"No flood expected in Aweil East this week (q50 0.0 km²). Routine monitoring. (Aweil East maps ~505,028 cattle in baseline.)"
2022-06-20,Aweil North,0.0,0.045,0,vegetative growth (peak),0.0,0.0,463800.5038861725,"No flood expected in Aweil North this week (q50 0.0 km²). Routine monitoring. (Aweil North maps ~463,801 cattle in baseline.)"
2022-06-20,Aweil South,0.0,0.045,0,vegetative growth (peak),0.0,0.0,141256.8006910938,"No flood expected in Aweil South this week (q50 0.0 km²). Routine monitoring. (Aweil South maps ~141,257 cattle in baseline.)"
2022-06-20,Aweil West,0.0,0.049,0,vegetative growth (peak),0.0,0.0,318964.9515941321,"No flood expected in Aweil West this week (q50 0.0 km²). Routine monitoring. (Aweil West maps ~318,965 cattle in baseline.)"
2022-06-27,Aweil Centre,0.0,0.035,0,vegetative growth (peak),0.0,0.0,364961.8333817694,"No flood expected in Aweil Centre this week (q50 0.0 km²). Routine monitoring. (Aweil Centre maps ~364,962 cattle in baseline.)"
2022-06-27,Aweil East,0.0,0.04,0,vegetative growth (peak),0.0,0.0,505027.7802561831,"No flood expected in Aweil East this week (q50 0.0 km²). Routine monitoring. (Aweil East maps ~505,028 cattle in baseline.)"
2022-06-27,Aweil North,0.0,0.034,0,vegetative growth (peak),0.0,0.0,463800.5038861725,"No flood expected in Aweil North this week (q50 0.0 km²). Routine monitoring. (Aweil North maps ~463,801 cattle in baseline.)"
2022-06-27,Aweil South,0.0,0.034,0,vegetative growth (peak),0.0,0.0,141256.8006910938,"No flood expected in Aweil South this week (q50 0.0 km²). Routine monitoring. (Aweil South maps ~141,257 cattle in baseline.)"
2022-06-27,Aweil West,0.0,0.033,0,vegetative growth (peak),0.0,0.0,318964.9515941321,"No flood expected in Aweil West this week (q50 0.0 km²). Routine monitoring. (Aweil West maps ~318,965 cattle in baseline.)"
2022-07-04,Aweil Centre,0.0,0.024,0,vegetative growth (peak),0.0,0.0,364961.8333817694,"No flood expected in Aweil Centre this week (q50 0.0 km²). Routine monitoring. (Aweil Centre maps ~364,962 cattle in baseline.)"
2022-07-04,Aweil East,0.0,0.028,0,vegetative growth (peak),0.0,0.0,505027.7802561831,"No flood expected in Aweil East this week (q50 0.0 km²). Routine monitoring. (Aweil East maps ~505,028 cattle in baseline.)"
2022-07-04,Aweil North,0.0,0.021,0,vegetative growth (peak),0.0,0.0,463800.5038861725,"No flood expected in Aweil North this week (q50 0.0 km²). Routine monitoring. (Aweil North maps ~463,801 cattle in baseline.)"
2022-07-04,Aweil South,0.0,0.021,0,vegetative growth (peak),0.0,0.0,141256.8006910938,"No flood expected in Aweil South this week (q50 0.0 km²). Routine monitoring. (Aweil South maps ~141,257 cattle in baseline.)"
2022-07-04,Aweil West,0.0,0.023,0,vegetative growth (peak),0.0,0.0,318964.9515941321,"No flood expected in Aweil West this week (q50 0.0 km²). Routine monitoring. (Aweil West maps ~318,965 cattle in baseline.)"
2022-07-11,Aweil Centre,0.0,0.027,3,vegetative growth (peak),0.0,0.0,364961.8333817694,"SEVERE flood expected in Aweil Centre this week: q50 0.0 km², above the 95th percentile of all July weeks since 2000. Vegetative growth (peak): crops are at peak water demand — short flooding can be tolerated, sustained submergence is not. (Aweil Centre maps ~364,962 cattle in baseline.)"
2022-07-11,Aweil East,0.0,0.034,0,vegetative growth (peak),0.0,0.0,505027.7802561831,"No flood expected in Aweil East this week (q50 0.0 km²). Routine monitoring. (Aweil East maps ~505,028 cattle in baseline.)"
2022-07-11,Aweil North,0.0,0.03,0,vegetative growth (peak),0.0,0.0,463800.5038861725,"No flood expected in Aweil North this week (q50 0.0 km²). Routine monitoring. (Aweil North maps ~463,801 cattle in baseline.)"
2022-07-11,Aweil South,0.0,0.03,0,vegetative growth (peak),0.0,0.0,141256.8006910938,"No flood expected in Aweil South this week (q50 0.0 km²). Routine monitoring. (Aweil South maps ~141,257 cattle in baseline.)"
2022-07-11,Aweil West,0.0,0.027,0,vegetative growth (peak),0.0,0.0,318964.9515941321,"No flood expected in Aweil West this week (q50 0.0 km²). Routine monitoring. (Aweil West maps ~318,965 cattle in baseline.)"
2022-07-18,Aweil Centre,0.0,0.036,3,vegetative growth (peak),0.0,0.0,364961.8333817694,"SEVERE flood expected in Aweil Centre this week: q50 0.0 km², above the 95th percentile of all July weeks since 2000. Vegetative growth (peak): crops are at peak water demand — short flooding can be tolerated, sustained submergence is not. (Aweil Centre maps ~364,962 cattle in baseline.)"
2022-07-18,Aweil East,0.0,0.049,0,vegetative growth (peak),0.0,0.0,505027.7802561831,"No flood expected in Aweil East this week (q50 0.0 km²). Routine monitoring. (Aweil East maps ~505,028 cattle in baseline.)"
2022-07-18,Aweil North,0.0,0.038,0,vegetative growth (peak),0.0,0.0,463800.5038861725,"No flood expected in Aweil North this week (q50 0.0 km²). Routine monitoring. (Aweil North maps ~463,801 cattle in baseline.)"
2022-07-18,Aweil South,0.0,0.039,0,vegetative growth (peak),0.0,0.0,141256.8006910938,"No flood expected in Aweil South this week (q50 0.0 km²). Routine monitoring. (Aweil South maps ~141,257 cattle in baseline.)"
2022-07-18,Aweil West,0.0,0.036,0,vegetative growth (peak),0.0,0.0,318964.9515941321,"No flood expected in Aweil West this week (q50 0.0 km²). Routine monitoring. (Aweil West maps ~318,965 cattle in baseline.)"
2022-07-25,Aweil Centre,0.03,0.101,3,vegetative growth (peak),0.0,0.0,364961.8333817694,"SEVERE flood expected in Aweil Centre this week: q50 0.0 km², above the 95th percentile of all July weeks since 2000. Vegetative growth (peak): crops are at peak water demand — short flooding can be tolerated, sustained submergence is not. (Aweil Centre maps ~364,962 cattle in baseline.)"
2022-07-25,Aweil East,0.05,0.119,0,vegetative growth (peak),0.0,0.0,505027.7802561831,"No flood expected in Aweil East this week (q50 0.0 km²). Routine monitoring. (Aweil East maps ~505,028 cattle in baseline.)"
2022-07-25,Aweil North,0.03,0.075,3,vegetative growth (peak),0.0,0.0,463800.5038861725,"SEVERE flood expected in Aweil North this week: q50 0.0 km², above the 95th percentile of all July weeks since 2000. Vegetative growth (peak): crops are at peak water demand — short flooding can be tolerated, sustained submergence is not. (Aweil North maps ~463,801 cattle in baseline.)"
2022-07-25,Aweil South,0.03,0.084,3,vegetative growth (peak),0.0,0.0,141256.8006910938,"SEVERE flood expected in Aweil South this week: q50 0.0 km², above the 95th percentile of all July weeks since 2000. Vegetative growth (peak): crops are at peak water demand — short flooding can be tolerated, sustained submergence is not. (Aweil South maps ~141,257 cattle in baseline.)"
2022-07-25,Aweil West,0.03,0.098,0,vegetative growth (peak),0.0,0.0,318964.9515941321,"No flood expected in Aweil West this week (q50 0.0 km²). Routine monitoring. (Aweil West maps ~318,965 cattle in baseline.)"
2022-08-01,Aweil Centre,0.12,0.063,0,maturation,0.0,0.0,364961.8333817694,"No flood expected in Aweil Centre this week (q50 0.1 km²). Routine monitoring. (Aweil Centre maps ~364,962 cattle in baseline.)"
2022-08-01,Aweil East,0.13,0.088,0,maturation,0.0,0.0,505027.7802561831,"No flood expected in Aweil East this week (q50 0.1 km²). Routine monitoring. (Aweil East maps ~505,028 cattle in baseline.)"
2022-08-01,Aweil North,0.12,0.041,3,maturation,0.0,0.0,463800.5038861725,"SEVERE flood expected in Aweil North this week: q50 0.1 km², above the 95th percentile of all August weeks since 2000. Maturation: grain is filling; flooding now damages the yield that is already banked. (Aweil North maps ~463,801 cattle in baseline.)"
2022-08-01,Aweil South,0.12,0.045,0,maturation,0.0,0.0,141256.8006910938,"No flood expected in Aweil South this week (q50 0.1 km²). Routine monitoring. (Aweil South maps ~141,257 cattle in baseline.)"
2022-08-01,Aweil West,0.12,0.053,0,maturation,0.0,0.0,318964.9515941321,"No flood expected in Aweil West this week (q50 0.1 km²). Routine monitoring. (Aweil West maps ~318,965 cattle in baseline.)"
2022-08-08,Aweil Centre,0.0,0.082,0,maturation,0.0,0.0,364961.8333817694,"No flood expected in Aweil Centre this week (q50 0.0 km²). Routine monitoring. (Aweil Centre maps ~364,962 cattle in baseline.)"
2022-08-08,Aweil East,4.42,0.927,2,maturation,0.0,0.0,505027.7802561831,"High flood risk in Aweil East this week: q50 4.4 km², above most August weeks since 2000. Maturation: grain is filling; flooding now damages the yield that is already banked. (Aweil East maps ~505,028 cattle in baseline.)"
2022-08-08,Aweil North,0.0,0.05,0,maturation,0.0,0.0,463800.5038861725,"No flood expected in Aweil North this week (q50 0.0 km²). Routine monitoring. (Aweil North maps ~463,801 cattle in baseline.)"
2022-08-08,Aweil South,0.0,0.057,0,maturation,0.0,0.0,141256.8006910938,"No flood expected in Aweil South this week (q50 0.0 km²). Routine monitoring. (Aweil South maps ~141,257 cattle in baseline.)"
2022-08-08,Aweil West,0.0,0.062,0,maturation,0.0,0.0,318964.9515941321,"No flood expected in Aweil West this week (q50 0.0 km²). Routine monitoring. (Aweil West maps ~318,965 cattle in baseline.)"
2022-08-15,Aweil Centre,0.02,0.145,0,maturation,0.0,0.0,364961.8333817694,"No flood expected in Aweil Centre this week (q50 0.0 km²). Routine monitoring. (Aweil Centre maps ~364,962 cattle in baseline.)"
2022-08-15,Aweil East,0.7,0.623,0,maturation,0.0,0.0,505027.7802561831,"SEVERE flood expected in Aweil East this week: q50 0.7 km², above the 95th percentile of all August weeks since 2000. (Aweil East maps ~505,028 cattle in baseline.)"
2022-08-15,Aweil North,0.0,0.072,0,maturation,0.0,0.0,463800.5038861725,"No flood expected in Aweil North this week (q50 0.0 km²). Routine monitoring. (Aweil North maps ~463,801 cattle in baseline.)"
2022-08-15,Aweil South,0.0,0.084,0,maturation,0.0,0.0,141256.8006910938,"No flood expected in Aweil South this week (q50 0.0 km²). Routine monitoring. (Aweil South maps ~141,257 cattle in baseline.)"
2022-08-15,Aweil West,0.0,0.127,0,maturation,0.0,0.0,318964.9515941321,"No flood expected in Aweil West this week (q50 0.0 km²). Routine monitoring. (Aweil West maps ~318,965 cattle in baseline.)"
2022-08-22,Aweil Centre,0.01,0.118,0,maturation,0.0,0.0,364961.8333817694,"No flood expected in Aweil Centre this week (q50 0.0 km²). Routine monitoring. (Aweil Centre maps ~364,962 cattle in baseline.)"
2022-08-22,Aweil East,5.21,0.922,2,maturation,0.0,0.0,505027.7802561831,"High flood risk in Aweil East this week: q50 5.2 km², above most August weeks since 2000. Maturation: grain is filling; flooding now damages the yield that is already banked. (Aweil East maps ~505,028 cattle in baseline.)"
2022-08-22,Aweil North,0.0,0.08,0,maturation,0.0,0.0,463800.5038861725,"No flood expected in Aweil North this week (q50 0.0 km²). Routine monitoring. (Aweil North maps ~463,801 cattle in baseline.)"
2022-08-22,Aweil South,0.0,0.109,0,maturation,0.0,0.0,141256.8006910938,"No flood expected in Aweil South this week (q50 0.0 km²). Routine monitoring. (Aweil South maps ~141,257 cattle in baseline.)"
2022-08-22,Aweil West,0.0,0.131,0,maturation,0.0,0.0,318964.9515941321,"No flood expected in Aweil West this week (q50 0.0 km²). Routine monitoring. (Aweil West maps ~318,965 cattle in baseline.)"
2022-08-29,Aweil Centre,1.76,0.725,2,maturation,0.0,0.0,364961.8333817694,"High flood risk in Aweil Centre this week: q50 1.8 km², above most August weeks since 2000. Maturation: grain is filling; flooding now damages the yield that is already banked. (Aweil Centre maps ~364,962 cattle in baseline.)"
2022-08-29,Aweil East,8.14,0.914,2,maturation,0.0,0.0,505027.7802561831,"High flood risk in Aweil East this week: q50 8.1 km², above most August weeks since 2000. Maturation: grain is filling; flooding now damages the yield that is already banked. (Aweil East maps ~505,028 cattle in baseline.)"
2022-08-29,Aweil North,3.5,0.895,3,maturation,0.0,0.0,463800.5038861725,"SEVERE flood expected in Aweil North this week: q50 3.5 km², above the 95th percentile of all August weeks since 2000. Maturation: grain is filling; flooding now damages the yield that is already banked. (Aweil North maps ~463,801 cattle in baseline.)"
2022-08-29,Aweil South,0.0,0.228,0,maturation,0.0,0.0,141256.8006910938,"No flood expected in Aweil South this week (q50 0.0 km²). Routine monitoring. (Aweil South maps ~141,257 cattle in baseline.)"
2022-08-29,Aweil West,3.18,0.882,2,maturation,0.0,0.0,318964.9515941321,"High flood risk in Aweil West this week: q50 3.2 km², above most August weeks since 2000. Maturation: grain is filling; flooding now damages the yield that is already banked. (Aweil West maps ~318,965 cattle in baseline.)"
2022-09-05,Aweil Centre,1.52,0.74,0,maturation / grain filling,0.0,201.2,364961.8333817694,"SEVERE flood expected in Aweil Centre this week: q50 1.5 km², above the 95th percentile of all September weeks since 2000. Approx. 201 ha of rangeland at risk; plan early herd movement. (Aweil Centre maps ~364,962 cattle in baseline.)"
2022-09-05,Aweil East,2.53,0.824,0,maturation / grain filling,7.4,305.3,505027.7802561831,"SEVERE flood expected in Aweil East this week: q50 2.5 km², above the 95th percentile of all September weeks since 2000. Approx. 7 ha of mapped crops in the Aweil East floodplain are at risk. Approx. 305 ha of rangeland at risk; plan early herd movement. (Aweil East maps ~505,028 cattle in baseline.)"
2022-09-05,Aweil North,2.76,0.846,2,maturation / grain filling,37.3,1954.9,463800.5038861725,"High flood risk in Aweil North this week: q50 2.8 km², above most September weeks since 2000. Maturation / grain filling: grain is filling; flooding now damages the yield that is already banked. Approx. 37 ha of mapped crops in the Aweil North floodplain are at risk. Approx. 1,955 ha of rangeland at risk; plan early herd movement. (Aweil North maps ~463,801 cattle in baseline.)"
2022-09-05,Aweil South,0.03,0.176,0,maturation / grain filling,0.7,19.2,141256.8006910938,"No flood expected in Aweil South this week (q50 0.0 km²). Routine monitoring. Approx. 19 ha of rangeland at risk; plan early herd movement. (Aweil South maps ~141,257 cattle in baseline.)"
2022-09-05,Aweil West,16.19,0.936,2,maturation / grain filling,117.0,7414.7,318964.9515941321,"High flood risk in Aweil West this week: q50 16.2 km², above most September weeks since 2000. Maturation / grain filling: grain is filling; flooding now damages the yield that is already banked. Approx. 117 ha of mapped crops in the Aweil West floodplain are at risk. Approx. 7,415 ha of rangeland at risk; plan early herd movement. (Aweil West maps ~318,965 cattle in baseline.)"
2022-09-12,Aweil Centre,1.53,0.795,0,maturation / grain filling,0.0,203.1,364961.8333817694,"SEVERE flood expected in Aweil Centre this week: q50 1.5 km², above the 95th percentile of all September weeks since 2000. Approx. 203 ha of rangeland at risk; plan early herd movement. (Aweil Centre maps ~364,962 cattle in baseline.)"
2022-09-12,Aweil East,3.5,0.798,0,maturation / grain filling,10.2,421.6,505027.7802561831,"SEVERE flood expected in Aweil East this week: q50 3.5 km², above the 95th percentile of all September weeks since 2000. Approx. 10 ha of mapped crops in the Aweil East floodplain are at risk. Approx. 422 ha of rangeland at risk; plan early herd movement. (Aweil East maps ~505,028 cattle in baseline.)"
2022-09-12,Aweil North,7.17,0.935,3,maturation / grain filling,79.0,4140.5,463800.5038861725,"SEVERE flood expected in Aweil North this week: q50 7.2 km², above the 95th percentile of all September weeks since 2000. Maturation / grain filling: grain is filling; flooding now damages the yield that is already banked. Approx. 79 ha of mapped crops in the Aweil North floodplain are at risk. Approx. 4,141 ha of rangeland at risk; plan early herd movement. (Aweil North maps ~463,801 cattle in baseline.)"
2022-09-12,Aweil South,0.0,0.168,0,maturation / grain filling,0.1,2.9,141256.8006910938,"No flood expected in Aweil South this week (q50 0.0 km²). Routine monitoring. Approx. 3 ha of rangeland at risk; plan early herd movement. (Aweil South maps ~141,257 cattle in baseline.)"
2022-09-12,Aweil West,11.71,0.949,2,maturation / grain filling,84.6,5362.5,318964.9515941321,"High flood risk in Aweil West this week: q50 11.7 km², above most September weeks since 2000. Maturation / grain filling: grain is filling; flooding now damages the yield that is already banked. Approx. 85 ha of mapped crops in the Aweil West floodplain are at risk. Approx. 5,363 ha of rangeland at risk; plan early herd movement. (Aweil West maps ~318,965 cattle in baseline.)"
2022-09-19,Aweil Centre,2.99,0.888,0,maturation / grain filling,0.0,396.8,364961.8333817694,"SEVERE flood expected in Aweil Centre this week: q50 3.0 km², above the 95th percentile of all September weeks since 2000. Approx. 397 ha of rangeland at risk; plan early herd movement. (Aweil Centre maps ~364,962 cattle in baseline.)"
2022-09-19,Aweil East,16.97,0.935,0,maturation / grain filling,49.6,2046.7,505027.7802561831,"SEVERE flood expected in Aweil East this week: q50 17.0 km², above the 95th percentile of all September weeks since 2000. Approx. 50 ha of mapped crops in the Aweil East floodplain are at risk. Approx. 2,047 ha of rangeland at risk; plan early herd movement. (Aweil East maps ~505,028 cattle in baseline.)"
2022-09-19,Aweil North,10.97,0.933,3,maturation / grain filling,79.0,4140.5,463800.5038861725,"SEVERE flood expected in Aweil North this week: q50 11.0 km², above the 95th percentile of all September weeks since 2000. Maturation / grain filling: grain is filling; flooding now damages the yield that is already banked. Approx. 79 ha of mapped crops in the Aweil North floodplain are at risk. Approx. 4,141 ha of rangeland at risk; plan early herd movement. (Aweil North maps ~463,801 cattle in baseline.)"
2022-09-19,Aweil South,9.97,0.936,2,maturation / grain filling,274.7,7380.7,141256.8006910938,"High flood risk in Aweil South this week: q50 10.0 km², above most September weeks since 2000. Maturation / grain filling: grain is filling; flooding now damages the yield that is already banked. Approx. 275 ha of mapped crops in the Aweil South floodplain are at risk. Approx. 7,381 ha of rangeland at risk; plan early herd movement. (Aweil South maps ~141,257 cattle in baseline.)"
2022-09-19,Aweil West,22.82,0.941,2,maturation / grain filling,164.9,10451.5,318964.9515941321,"High flood risk in Aweil West this week: q50 22.8 km², above most September weeks since 2000. Maturation / grain filling: grain is filling; flooding now damages the yield that is already banked. Approx. 165 ha of mapped crops in the Aweil West floodplain are at risk. Approx. 10,451 ha of rangeland at risk; plan early herd movement. (Aweil West maps ~318,965 cattle in baseline.)"
2022-09-26,Aweil Centre,9.36,0.937,2,maturation / grain filling,0.0,1240.7,364961.8333817694,"High flood risk in Aweil Centre this week: q50 9.4 km², above most September weeks since 2000. Maturation / grain filling: grain is filling; flooding now damages the yield that is already banked. Approx. 1,241 ha of rangeland at risk; plan early herd movement. (Aweil Centre maps ~364,962 cattle in baseline.)"
2022-09-26,Aweil East,24.37,0.947,1,maturation / grain filling,71.2,2939.5,505027.7802561831,"Elevated flood probability in Aweil East this week (q50 24.4 km², 95% detection chance). Maturation / grain filling: grain is filling; flooding now damages the yield that is already banked. Approx. 71 ha of mapped crops in the Aweil East floodplain are at risk. Approx. 2,939 ha of rangeland at risk; plan early herd movement. (Aweil East maps ~505,028 cattle in baseline.)"
2022-09-26,Aweil North,15.22,0.938,3,maturation / grain filling,79.0,4140.5,463800.5038861725,"SEVERE flood expected in Aweil North this week: q50 15.2 km², above the 95th percentile of all September weeks since 2000. Maturation / grain filling: grain is filling; flooding now damages the yield that is already banked. Approx. 79 ha of mapped crops in the Aweil North floodplain are at risk. Approx. 4,141 ha of rangeland at risk; plan early herd movement. (Aweil North maps ~463,801 cattle in baseline.)"
2022-09-26,Aweil South,24.11,0.941,3,maturation / grain filling,496.4,13340.3,141256.8006910938,"SEVERE flood expected in Aweil South this week: q50 24.1 km², above the 95th percentile of all September weeks since 2000. Maturation / grain filling: grain is filling; flooding now damages the yield that is already banked. Approx. 496 ha of mapped crops in the Aweil South floodplain are at risk. Approx. 13,340 ha of rangeland at risk; plan early herd movement. (Aweil South maps ~141,257 cattle in baseline.)"
2022-09-26,Aweil West,29.48,0.947,2,maturation / grain filling,175.4,11111.3,318964.9515941321,"High flood risk in Aweil West this week: q50 29.5 km², above most September weeks since 2000. Maturation / grain filling: grain is filling; flooding now damages the yield that is already banked. Approx. 175 ha of mapped crops in the Aweil West floodplain are at risk. Approx. 11,111 ha of rangeland at risk; plan early herd movement. (Aweil West maps ~318,965 cattle in baseline.)"
2022-10-03,Aweil Centre,5.78,0.924,2,harvest,0.0,270.8,364961.8333817694,"High flood risk in Aweil Centre this week: q50 5.8 km², above most October weeks since 2000. Harvest: harvest window — move produce and equipment to higher ground before water rises. Approx. 271 ha of rangeland at risk; plan early herd movement. (Aweil Centre maps ~364,962 cattle in baseline.)"
2022-10-03,Aweil East,83.9,0.949,2,harvest,1246.7,14332.7,505027.7802561831,"High flood risk in Aweil East this week: q50 83.9 km², above most October weeks since 2000. Harvest: harvest window — move produce and equipment to higher ground before water rises. Approx. 1,247 ha of mapped crops in the Aweil East floodplain are at risk. Approx. 14,333 ha of rangeland at risk; plan early herd movement. (Aweil East maps ~505,028 cattle in baseline.)"
2022-10-03,Aweil North,18.24,0.948,3,harvest,380.3,9471.4,463800.5038861725,"SEVERE flood expected in Aweil North this week: q50 18.2 km², above the 95th percentile of all October weeks since 2000. Harvest: harvest window — move produce and equipment to higher ground before water rises. Approx. 380 ha of mapped crops in the Aweil North floodplain are at risk. Approx. 9,471 ha of rangeland at risk; plan early herd movement. (Aweil North maps ~463,801 cattle in baseline.)"
2022-10-03,Aweil South,66.88,0.951,3,harvest,2059.0,32624.2,141256.8006910938,"SEVERE flood expected in Aweil South this week: q50 66.9 km², above the 95th percentile of all October weeks since 2000. Harvest: harvest window — move produce and equipment to higher ground before water rises. Approx. 2,059 ha of mapped crops in the Aweil South floodplain are at risk. Approx. 32,624 ha of rangeland at risk; plan early herd movement. (Aweil South maps ~141,257 cattle in baseline.)"
2022-10-03,Aweil West,45.96,0.952,2,harvest,497.7,23205.7,318964.9515941321,"High flood risk in Aweil West this week: q50 46.0 km², above most October weeks since 2000. Harvest: harvest window — move produce and equipment to higher ground before water rises. Approx. 498 ha of mapped crops in the Aweil West floodplain are at risk. Approx. 23,206 ha of rangeland at risk; plan early herd movement. (Aweil West maps ~318,965 cattle in baseline.)"
2022-10-10,Aweil Centre,1.36,0.773,0,harvest,0.0,63.6,364961.8333817694,"SEVERE flood expected in Aweil Centre this week: q50 1.4 km², above the 95th percentile of all October weeks since 2000. Approx. 64 ha of rangeland at risk; plan early herd movement. (Aweil Centre maps ~364,962 cattle in baseline.)"
2022-10-10,Aweil East,41.03,0.936,0,harvest,609.7,7009.2,505027.7802561831,"SEVERE flood expected in Aweil East this week: q50 41.0 km², above the 95th percentile of all October weeks since 2000. Approx. 610 ha of mapped crops in the Aweil East floodplain are at risk. Approx. 7,009 ha of rangeland at risk; plan early herd movement. (Aweil East maps ~505,028 cattle in baseline.)"
2022-10-10,Aweil North,10.02,0.929,2,harvest,380.3,9471.4,463800.5038861725,"High flood risk in Aweil North this week: q50 10.0 km², above most October weeks since 2000. Harvest: harvest window — move produce and equipment to higher ground before water rises. Approx. 380 ha of mapped crops in the Aweil North floodplain are at risk. Approx. 9,471 ha of rangeland at risk; plan early herd movement. (Aweil North maps ~463,801 cattle in baseline.)"
2022-10-10,Aweil South,82.05,0.936,3,harvest,2187.0,34651.6,141256.8006910938,"SEVERE flood expected in Aweil South this week: q50 82.1 km², above the 95th percentile of all October weeks since 2000. Harvest: harvest window — move produce and equipment to higher ground before water rises. Approx. 2,187 ha of mapped crops in the Aweil South floodplain are at risk. Approx. 34,652 ha of rangeland at risk; plan early herd movement. (Aweil South maps ~141,257 cattle in baseline.)"
2022-10-10,Aweil West,18.76,0.933,2,harvest,203.1,9470.7,318964.9515941321,"High flood risk in Aweil West this week: q50 18.8 km², above most October weeks since 2000. Harvest: harvest window — move produce and equipment to higher ground before water rises. Approx. 203 ha of mapped crops in the Aweil West floodplain are at risk. Approx. 9,471 ha of rangeland at risk; plan early herd movement. (Aweil West maps ~318,965 cattle in baseline.)"
2022-10-17,Aweil Centre,0.66,0.76,0,harvest,0.0,31.1,364961.8333817694,"SEVERE flood expected in Aweil Centre this week: q50 0.7 km², above the 95th percentile of all October weeks since 2000. Approx. 31 ha of rangeland at risk; plan early herd movement. (Aweil Centre maps ~364,962 cattle in baseline.)"
2022-10-17,Aweil East,5.94,0.946,0,harvest,88.2,1014.3,505027.7802561831,"SEVERE flood expected in Aweil East this week: q50 5.9 km², above the 95th percentile of all October weeks since 2000. Approx. 88 ha of mapped crops in the Aweil East floodplain are at risk. Approx. 1,014 ha of rangeland at risk; plan early herd movement. (Aweil East maps ~505,028 cattle in baseline.)"
2022-10-17,Aweil North,5.59,0.942,2,harvest,218.9,5450.3,463800.5038861725,"High flood risk in Aweil North this week: q50 5.6 km², above most October weeks since 2000. Harvest: harvest window — move produce and equipment to higher ground before water rises. Approx. 219 ha of mapped crops in the Aweil North floodplain are at risk. Approx. 5,450 ha of rangeland at risk; plan early herd movement. (Aweil North maps ~463,801 cattle in baseline.)"
2022-10-17,Aweil South,45.07,0.951,2,harvest,1387.6,21985.9,141256.8006910938,"High flood risk in Aweil South this week: q50 45.1 km², above most October weeks since 2000. Harvest: harvest window — move produce and equipment to higher ground before water rises. Approx. 1,388 ha of mapped crops in the Aweil South floodplain are at risk. Approx. 21,986 ha of rangeland at risk; plan early herd movement. (Aweil South maps ~141,257 cattle in baseline.)"
2022-10-17,Aweil West,15.36,0.951,1,harvest,166.4,7756.8,318964.9515941321,"Elevated flood probability in Aweil West this week (q50 15.4 km², 95% detection chance). Harvest: harvest window — move produce and equipment to higher ground before water rises. Approx. 166 ha of mapped crops in the Aweil West floodplain are at risk. Approx. 7,757 ha of rangeland at risk; plan early herd movement. (Aweil West maps ~318,965 cattle in baseline.)"
2022-10-24,Aweil Centre,0.08,0.447,0,harvest,0.0,3.7,364961.8333817694,"No flood expected in Aweil Centre this week (q50 0.1 km²). Routine monitoring. Approx. 4 ha of rangeland at risk; plan early herd movement. (Aweil Centre maps ~364,962 cattle in baseline.)"
2022-10-24,Aweil East,0.0,0.71,0,harvest,0.0,0.0,505027.7802561831,"SEVERE flood expected in Aweil East this week: q50 0.0 km², above the 95th percentile of all October weeks since 2000. (Aweil East maps ~505,028 cattle in baseline.)"
2022-10-24,Aweil North,0.34,0.569,0,harvest,13.4,333.5,463800.5038861725,"SEVERE flood expected in Aweil North this week: q50 0.3 km², above the 95th percentile of all October weeks since 2000. Approx. 13 ha of mapped crops in the Aweil North floodplain are at risk. Approx. 333 ha of rangeland at risk; plan early herd movement. (Aweil North maps ~463,801 cattle in baseline.)"
2022-10-24,Aweil South,0.0,0.606,0,harvest,0.0,0.0,141256.8006910938,"SEVERE flood expected in Aweil South this week: q50 0.0 km², above the 95th percentile of all October weeks since 2000. (Aweil South maps ~141,257 cattle in baseline.)"
2022-10-24,Aweil West,1.16,0.828,0,harvest,12.6,587.5,318964.9515941321,"SEVERE flood expected in Aweil West this week: q50 1.2 km², above the 95th percentile of all October weeks since 2000. Approx. 13 ha of mapped crops in the Aweil West floodplain are at risk. Approx. 587 ha of rangeland at risk; plan early herd movement. (Aweil West maps ~318,965 cattle in baseline.)"
2022-10-31,Aweil Centre,2.71,0.904,0,harvest,0.0,127.1,364961.8333817694,"SEVERE flood expected in Aweil Centre this week: q50 2.7 km², above the 95th percentile of all October weeks since 2000. Approx. 127 ha of rangeland at risk; plan early herd movement. (Aweil Centre maps ~364,962 cattle in baseline.)"
2022-10-31,Aweil East,51.95,0.928,1,harvest,772.0,8875.4,505027.7802561831,"Elevated flood probability in Aweil East this week (q50 52.0 km², 93% detection chance). Harvest: harvest window — move produce and equipment to higher ground before water rises. Approx. 772 ha of mapped crops in the Aweil East floodplain are at risk. Approx. 8,875 ha of rangeland at risk; plan early herd movement. (Aweil East maps ~505,028 cattle in baseline.)"
2022-10-31,Aweil North,24.09,0.932,3,harvest,380.3,9471.4,463800.5038861725,"SEVERE flood expected in Aweil North this week: q50 24.1 km², above the 95th percentile of all October weeks since 2000. Harvest: harvest window — move produce and equipment to higher ground before water rises. Approx. 380 ha of mapped crops in the Aweil North floodplain are at risk. Approx. 9,471 ha of rangeland at risk; plan early herd movement. (Aweil North maps ~463,801 cattle in baseline.)"
2022-10-31,Aweil South,72.18,0.933,3,harvest,2187.0,34651.6,141256.8006910938,"SEVERE flood expected in Aweil South this week: q50 72.2 km², above the 95th percentile of all October weeks since 2000. Harvest: harvest window — move produce and equipment to higher ground before water rises. Approx. 2,187 ha of mapped crops in the Aweil South floodplain are at risk. Approx. 34,652 ha of rangeland at risk; plan early herd movement. (Aweil South maps ~141,257 cattle in baseline.)"
2022-10-31,Aweil West,24.65,0.939,2,harvest,266.9,12446.0,318964.9515941321,"High flood risk in Aweil West this week: q50 24.7 km², above most October weeks since 2000. Harvest: harvest window — move produce and equipment to higher ground before water rises. Approx. 267 ha of mapped crops in the Aweil West floodplain are at risk. Approx. 12,446 ha of rangeland at risk; plan early herd movement. (Aweil West maps ~318,965 cattle in baseline.)"
2022-11-07,Aweil Centre,1.53,0.826,0,harvest / drying,0.0,220.6,364961.8333817694,"SEVERE flood expected in Aweil Centre this week: q50 1.5 km², above the 95th percentile of all November weeks since 2000. Approx. 221 ha of rangeland at risk; plan early herd movement. (Aweil Centre maps ~364,962 cattle in baseline.)"
2022-11-07,Aweil East,17.18,0.945,0,harvest / drying,310.5,4062.7,505027.7802561831,"SEVERE flood expected in Aweil East this week: q50 17.2 km², above the 95th percentile of all November weeks since 2000. Approx. 310 ha of mapped crops in the Aweil East floodplain are at risk. Approx. 4,063 ha of rangeland at risk; plan early herd movement. (Aweil East maps ~505,028 cattle in baseline.)"
2022-11-07,Aweil North,2.46,0.935,3,harvest / drying,214.9,8258.8,463800.5038861725,"SEVERE flood expected in Aweil North this week: q50 2.5 km², above the 95th percentile of all November weeks since 2000. Harvest / drying: harvest window closing — move produce and equipment to higher ground before water rises. Approx. 215 ha of mapped crops in the Aweil North floodplain are at risk. Approx. 8,259 ha of rangeland at risk; plan early herd movement. (Aweil North maps ~463,801 cattle in baseline.)"
2022-11-07,Aweil South,63.2,0.947,2,harvest / drying,1321.8,21177.9,141256.8006910938,"High flood risk in Aweil South this week: q50 63.2 km², above most November weeks since 2000. Harvest / drying: harvest window closing — move produce and equipment to higher ground before water rises. Approx. 1,322 ha of mapped crops in the Aweil South floodplain are at risk. Approx. 21,178 ha of rangeland at risk; plan early herd movement. (Aweil South maps ~141,257 cattle in baseline.)"
2022-11-07,Aweil West,5.8,0.94,3,harvest / drying,220.2,9448.4,318964.9515941321,"SEVERE flood expected in Aweil West this week: q50 5.8 km², above the 95th percentile of all November weeks since 2000. Harvest / drying: harvest window closing — move produce and equipment to higher ground before water rises. Approx. 220 ha of mapped crops in the Aweil West floodplain are at risk. Approx. 9,448 ha of rangeland at risk; plan early herd movement. (Aweil West maps ~318,965 cattle in baseline.)"
2022-11-14,Aweil Centre,0.82,0.869,0,harvest / drying,0.0,118.1,364961.8333817694,"SEVERE flood expected in Aweil Centre this week: q50 0.8 km², above the 95th percentile of all November weeks since 2000. Approx. 118 ha of rangeland at risk; plan early herd movement. (Aweil Centre maps ~364,962 cattle in baseline.)"
2022-11-14,Aweil East,40.18,0.95,2,harvest / drying,726.3,9504.7,505027.7802561831,"High flood risk in Aweil East this week: q50 40.2 km², above most November weeks since 2000. Harvest / drying: harvest window closing — move produce and equipment to higher ground before water rises. Approx. 726 ha of mapped crops in the Aweil East floodplain are at risk. Approx. 9,505 ha of rangeland at risk; plan early herd movement. (Aweil East maps ~505,028 cattle in baseline.)"
2022-11-14,Aweil North,0.3,0.726,2,harvest / drying,81.1,3116.8,463800.5038861725,"High flood risk in Aweil North this week: q50 0.3 km², above most November weeks since 2000. Harvest / drying: harvest window closing — move produce and equipment to higher ground before water rises. Approx. 81 ha of mapped crops in the Aweil North floodplain are at risk. Approx. 3,117 ha of rangeland at risk; plan early herd movement. (Aweil North maps ~463,801 cattle in baseline.)"
2022-11-14,Aweil South,60.73,0.951,2,harvest / drying,1270.1,20349.5,141256.8006910938,"High flood risk in Aweil South this week: q50 60.7 km², above most November weeks since 2000. Harvest / drying: harvest window closing — move produce and equipment to higher ground before water rises. Approx. 1,270 ha of mapped crops in the Aweil South floodplain are at risk. Approx. 20,350 ha of rangeland at risk; plan early herd movement. (Aweil South maps ~141,257 cattle in baseline.)"
2022-11-14,Aweil West,1.77,0.946,0,harvest / drying,67.3,2887.0,318964.9515941321,"SEVERE flood expected in Aweil West this week: q50 1.8 km², above the 95th percentile of all November weeks since 2000. Approx. 67 ha of mapped crops in the Aweil West floodplain are at risk. Approx. 2,887 ha of rangeland at risk; plan early herd movement. (Aweil West maps ~318,965 cattle in baseline.)"
2022-11-21,Aweil Centre,0.4,0.707,0,harvest / drying,0.0,58.3,364961.8333817694,"SEVERE flood expected in Aweil Centre this week: q50 0.4 km², above the 95th percentile of all November weeks since 2000. Approx. 58 ha of rangeland at risk; plan early herd movement. (Aweil Centre maps ~364,962 cattle in baseline.)"
2022-11-21,Aweil East,58.56,0.951,2,harvest / drying,1058.5,13851.5,505027.7802561831,"High flood risk in Aweil East this week: q50 58.6 km², above most November weeks since 2000. Harvest / drying: harvest window closing — move produce and equipment to higher ground before water rises. Approx. 1,059 ha of mapped crops in the Aweil East floodplain are at risk. Approx. 13,851 ha of rangeland at risk; plan early herd movement. (Aweil East maps ~505,028 cattle in baseline.)"
2022-11-21,Aweil North,0.03,0.386,0,harvest / drying,8.7,333.2,463800.5038861725,"No flood expected in Aweil North this week (q50 0.0 km²). Routine monitoring. Approx. 9 ha of mapped crops in the Aweil North floodplain are at risk. Approx. 333 ha of rangeland at risk; plan early herd movement. (Aweil North maps ~463,801 cattle in baseline.)"
2022-11-21,Aweil South,58.54,0.952,2,harvest / drying,1224.3,19616.5,141256.8006910938,"High flood risk in Aweil South this week: q50 58.5 km², above most November weeks since 2000. Harvest / drying: harvest window closing — move produce and equipment to higher ground before water rises. Approx. 1,224 ha of mapped crops in the Aweil South floodplain are at risk. Approx. 19,617 ha of rangeland at risk; plan early herd movement. (Aweil South maps ~141,257 cattle in baseline.)"
2022-11-21,Aweil West,0.16,0.825,0,harvest / drying,5.9,255.0,318964.9515941321,"SEVERE flood expected in Aweil West this week: q50 0.2 km², above the 95th percentile of all November weeks since 2000. Approx. 6 ha of mapped crops in the Aweil West floodplain are at risk. Approx. 255 ha of rangeland at risk; plan early herd movement. (Aweil West maps ~318,965 cattle in baseline.)"
2022-11-28,Aweil Centre,0.03,0.645,0,harvest / drying,0.0,4.4,364961.8333817694,"SEVERE flood expected in Aweil Centre this week: q50 0.0 km², above the 95th percentile of all November weeks since 2000. Approx. 4 ha of rangeland at risk; plan early herd movement. (Aweil Centre maps ~364,962 cattle in baseline.)"
2022-11-28,Aweil East,41.42,0.951,2,harvest / drying,748.7,9797.8,505027.7802561831,"High flood risk in Aweil East this week: q50 41.4 km², above most November weeks since 2000. Harvest / drying: harvest window closing — move produce and equipment to higher ground before water rises. Approx. 749 ha of mapped crops in the Aweil East floodplain are at risk. Approx. 9,798 ha of rangeland at risk; plan early herd movement. (Aweil East maps ~505,028 cattle in baseline.)"
2022-11-28,Aweil North,0.0,0.1,0,harvest / drying,0.0,0.0,463800.5038861725,"No flood expected in Aweil North this week (q50 0.0 km²). Routine monitoring. (Aweil North maps ~463,801 cattle in baseline.)"
2022-11-28,Aweil South,58.37,0.952,2,harvest / drying,1220.7,19558.8,141256.8006910938,"High flood risk in Aweil South this week: q50 58.4 km², above most November weeks since 2000. Harvest / drying: harvest window closing — move produce and equipment to higher ground before water rises. Approx. 1,221 ha of mapped crops in the Aweil South floodplain are at risk. Approx. 19,559 ha of rangeland at risk; plan early herd movement. (Aweil South maps ~141,257 cattle in baseline.)"
2022-11-28,Aweil West,0.04,0.342,0,harvest / drying,1.7,71.8,318964.9515941321,"No flood expected in Aweil West this week (q50 0.0 km²). Routine monitoring. Approx. 2 ha of mapped crops in the Aweil West floodplain are at risk. Approx. 72 ha of rangeland at risk; plan early herd movement. (Aweil West maps ~318,965 cattle in baseline.)"
2022-12-05,Aweil Centre,0.0,0.169,0,dry season,0.0,0.0,364961.8333817694,"No flood expected in Aweil Centre this week (q50 0.0 km²). Routine monitoring. (Aweil Centre maps ~364,962 cattle in baseline.)"
2022-12-05,Aweil East,3.29,0.949,2,dry season,612.0,12423.1,505027.7802561831,"High flood risk in Aweil East this week: q50 3.3 km², above most December weeks since 2000. Dry season: little active cropping; floodplain grazing and residual flooding dominate. Approx. 612 ha of mapped crops in the Aweil East floodplain are at risk. Approx. 12,423 ha of rangeland at risk; plan early herd movement. (Aweil East maps ~505,028 cattle in baseline.)"
2022-12-05,Aweil North,0.0,0.051,0,dry season,0.0,0.0,463800.5038861725,"No flood expected in Aweil North this week (q50 0.0 km²). Routine monitoring. (Aweil North maps ~463,801 cattle in baseline.)"
2022-12-05,Aweil South,56.59,0.952,3,dry season,1302.8,26094.0,141256.8006910938,"SEVERE flood expected in Aweil South this week: q50 56.6 km², above the 95th percentile of all December weeks since 2000. Dry season: little active cropping; floodplain grazing and residual flooding dominate. Approx. 1,303 ha of mapped crops in the Aweil South floodplain are at risk. Approx. 26,094 ha of rangeland at risk; plan early herd movement. (Aweil South maps ~141,257 cattle in baseline.)"
2022-12-05,Aweil West,0.0,0.059,0,dry season,0.0,0.0,318964.9515941321,"No flood expected in Aweil West this week (q50 0.0 km²). Routine monitoring. (Aweil West maps ~318,965 cattle in baseline.)"
2022-12-12,Aweil Centre,0.0,0.048,0,dry season,0.0,0.0,364961.8333817694,"No flood expected in Aweil Centre this week (q50 0.0 km²). Routine monitoring. (Aweil Centre maps ~364,962 cattle in baseline.)"
2022-12-12,Aweil East,3.74,0.938,2,dry season,696.3,14135.0,505027.7802561831,"High flood risk in Aweil East this week: q50 3.7 km², above most December weeks since 2000. Dry season: little active cropping; floodplain grazing and residual flooding dominate. Approx. 696 ha of mapped crops in the Aweil East floodplain are at risk. Approx. 14,135 ha of rangeland at risk; plan early herd movement. (Aweil East maps ~505,028 cattle in baseline.)"
2022-12-12,Aweil North,0.0,0.035,0,dry season,0.0,0.0,463800.5038861725,"No flood expected in Aweil North this week (q50 0.0 km²). Routine monitoring. (Aweil North maps ~463,801 cattle in baseline.)"
2022-12-12,Aweil South,55.51,0.947,3,dry season,1302.8,26094.0,141256.8006910938,"SEVERE flood expected in Aweil South this week: q50 55.5 km², above the 95th percentile of all December weeks since 2000. Dry season: little active cropping; floodplain grazing and residual flooding dominate. Approx. 1,303 ha of mapped crops in the Aweil South floodplain are at risk. Approx. 26,094 ha of rangeland at risk; plan early herd movement. (Aweil South maps ~141,257 cattle in baseline.)"
2022-12-12,Aweil West,0.0,0.032,0,dry season,0.0,0.0,318964.9515941321,"No flood expected in Aweil West this week (q50 0.0 km²). Routine monitoring. (Aweil West maps ~318,965 cattle in baseline.)"
2022-12-19,Aweil Centre,0.0,0.043,0,dry season,0.0,0.0,364961.8333817694,"No flood expected in Aweil Centre this week (q50 0.0 km²). Routine monitoring. (Aweil Centre maps ~364,962 cattle in baseline.)"
2022-12-19,Aweil East,1.32,0.905,0,dry season,245.7,4987.7,505027.7802561831,"SEVERE flood expected in Aweil East this week: q50 1.3 km², above the 95th percentile of all December weeks since 2000. Approx. 246 ha of mapped crops in the Aweil East floodplain are at risk. Approx. 4,988 ha of rangeland at risk; plan early herd movement. (Aweil East maps ~505,028 cattle in baseline.)"
2022-12-19,Aweil North,0.0,0.035,0,dry season,0.0,0.0,463800.5038861725,"No flood expected in Aweil North this week (q50 0.0 km²). Routine monitoring. (Aweil North maps ~463,801 cattle in baseline.)"
2022-12-19,Aweil South,30.57,0.947,3,dry season,1302.8,26094.0,141256.8006910938,"SEVERE flood expected in Aweil South this week: q50 30.6 km², above the 95th percentile of all December weeks since 2000. Dry season: little active cropping; floodplain grazing and residual flooding dominate. Approx. 1,303 ha of mapped crops in the Aweil South floodplain are at risk. Approx. 26,094 ha of rangeland at risk; plan early herd movement. (Aweil South maps ~141,257 cattle in baseline.)"
2022-12-19,Aweil West,0.0,0.03,0,dry season,0.0,0.0,318964.9515941321,"No flood expected in Aweil West this week (q50 0.0 km²). Routine monitoring. (Aweil West maps ~318,965 cattle in baseline.)"
2022-12-26,Aweil Centre,0.0,0.034,0,dry season,0.0,0.0,364961.8333817694,"No flood expected in Aweil Centre this week (q50 0.0 km²). Routine monitoring. (Aweil Centre maps ~364,962 cattle in baseline.)"
2022-12-26,Aweil East,0.24,0.673,0,dry season,44.9,912.0,505027.7802561831,"SEVERE flood expected in Aweil East this week: q50 0.2 km², above the 95th percentile of all December weeks since 2000. Approx. 45 ha of mapped crops in the Aweil East floodplain are at risk. Approx. 912 ha of rangeland at risk; plan early herd movement. (Aweil East maps ~505,028 cattle in baseline.)"
2022-12-26,Aweil North,0.0,0.028,0,dry season,0.0,0.0,463800.5038861725,"No flood expected in Aweil North this week (q50 0.0 km²). Routine monitoring. (Aweil North maps ~463,801 cattle in baseline.)"
2022-12-26,Aweil South,8.79,0.949,2,dry season,554.4,11104.5,141256.8006910938,"High flood risk in Aweil South this week: q50 8.8 km², above most December weeks since 2000. Dry season: little active cropping; floodplain grazing and residual flooding dominate. Approx. 554 ha of mapped crops in the Aweil South floodplain are at risk. Approx. 11,105 ha of rangeland at risk; plan early herd movement. (Aweil South maps ~141,257 cattle in baseline.)"
2022-12-26,Aweil West,0.0,0.027,0,dry season,0.0,0.0,318964.9515941321,"No flood expected in Aweil West this week (q50 0.0 km²). Routine monitoring. (Aweil West maps ~318,965 cattle in baseline.)"
2023-01-02,Aweil Centre,0.0,0.044,0,dry season (late phase),0.0,0.0,364961.8333817694,"No flood expected in Aweil Centre this week (q50 0.0 km²). Routine monitoring. (Aweil Centre maps ~364,962 cattle in baseline.)"
2023-01-02,Aweil East,0.05,0.508,2,dry season (late phase),0.0,249.4,505027.7802561831,"High flood risk in Aweil East this week: q50 0.0 km², above most January weeks since 2000. Dry season (late phase): little active cropping; floodplain grazing and residual flooding dominate. Approx. 249 ha of rangeland at risk; plan early herd movement. (Aweil East maps ~505,028 cattle in baseline.)"
2023-01-02,Aweil North,0.0,0.031,0,dry season (late phase),0.0,0.0,463800.5038861725,"No flood expected in Aweil North this week (q50 0.0 km²). Routine monitoring. (Aweil North maps ~463,801 cattle in baseline.)"
2023-01-02,Aweil South,0.42,0.83,2,dry season (late phase),0.9,31.0,141256.8006910938,"High flood risk in Aweil South this week: q50 0.4 km², above most January weeks since 2000. Dry season (late phase): little active cropping; floodplain grazing and residual flooding dominate. Approx. 31 ha of rangeland at risk; plan early herd movement. (Aweil South maps ~141,257 cattle in baseline.)"
2023-01-02,Aweil West,0.0,0.025,0,dry season (late phase),0.0,0.0,318964.9515941321,"No flood expected in Aweil West this week (q50 0.0 km²). Routine monitoring. (Aweil West maps ~318,965 cattle in baseline.)"
2023-01-09,Aweil Centre,0.0,0.055,0,dry season (late phase),0.0,0.0,364961.8333817694,"No flood expected in Aweil Centre this week (q50 0.0 km²). Routine monitoring. (Aweil Centre maps ~364,962 cattle in baseline.)"
2023-01-09,Aweil East,0.0,0.363,0,dry season (late phase),0.0,14.4,505027.7802561831,"No flood expected in Aweil East this week (q50 0.0 km²). Routine monitoring. Approx. 14 ha of rangeland at risk; plan early herd movement. (Aweil East maps ~505,028 cattle in baseline.)"
2023-01-09,Aweil North,0.0,0.032,0,dry season (late phase),0.0,0.0,463800.5038861725,"No flood expected in Aweil North this week (q50 0.0 km²). Routine monitoring. (Aweil North maps ~463,801 cattle in baseline.)"
2023-01-09,Aweil South,0.04,0.503,0,dry season (late phase),0.1,3.2,141256.8006910938,"SEVERE flood expected in Aweil South this week: q50 0.0 km², above the 95th percentile of all January weeks since 2000. Approx. 3 ha of rangeland at risk; plan early herd movement. (Aweil South maps ~141,257 cattle in baseline.)"
2023-01-09,Aweil West,0.0,0.029,0,dry season (late phase),0.0,0.0,318964.9515941321,"No flood expected in Aweil West this week (q50 0.0 km²). Routine monitoring. (Aweil West maps ~318,965 cattle in baseline.)"
2023-01-16,Aweil Centre,0.0,0.057,0,dry season (late phase),0.0,0.0,364961.8333817694,"No flood expected in Aweil Centre this week (q50 0.0 km²). Routine monitoring. (Aweil Centre maps ~364,962 cattle in baseline.)"
2023-01-16,Aweil East,0.02,0.447,0,dry season (late phase),0.0,134.7,505027.7802561831,"No flood expected in Aweil East this week (q50 0.0 km²). Routine monitoring. Approx. 135 ha of rangeland at risk; plan early herd movement. (Aweil East maps ~505,028 cattle in baseline.)"
2023-01-16,Aweil North,0.0,0.033,0,dry season (late phase),0.0,0.0,463800.5038861725,"No flood expected in Aweil North this week (q50 0.0 km²). Routine monitoring. (Aweil North maps ~463,801 cattle in baseline.)"
2023-01-16,Aweil South,0.0,0.137,0,dry season (late phase),0.0,0.1,141256.8006910938,"No flood expected in Aweil South this week (q50 0.0 km²). Routine monitoring. (Aweil South maps ~141,257 cattle in baseline.)"
2023-01-16,Aweil West,0.0,0.027,0,dry season (late phase),0.0,0.0,318964.9515941321,"No flood expected in Aweil West this week (q50 0.0 km²). Routine monitoring. (Aweil West maps ~318,965 cattle in baseline.)"
2023-01-23,Aweil Centre,0.0,0.06,0,dry season (late phase),0.0,0.0,364961.8333817694,"No flood expected in Aweil Centre this week (q50 0.0 km²). Routine monitoring. (Aweil Centre maps ~364,962 cattle in baseline.)"
2023-01-23,Aweil East,0.04,0.426,2,dry season (late phase),0.0,234.1,505027.7802561831,"High flood risk in Aweil East this week: q50 0.0 km², above most January weeks since 2000. Dry season (late phase): little active cropping; floodplain grazing and residual flooding dominate. Approx. 234 ha of rangeland at risk; plan early herd movement. (Aweil East maps ~505,028 cattle in baseline.)"
2023-01-23,Aweil North,0.0,0.036,0,dry season (late phase),0.0,0.0,463800.5038861725,"No flood expected in Aweil North this week (q50 0.0 km²). Routine monitoring. (Aweil North maps ~463,801 cattle in baseline.)"
2023-01-23,Aweil South,0.0,0.039,0,dry season (late phase),0.0,0.0,141256.8006910938,"No flood expected in Aweil South this week (q50 0.0 km²). Routine monitoring. (Aweil South maps ~141,257 cattle in baseline.)"
2023-01-23,Aweil West,0.0,0.033,0,dry season (late phase),0.0,0.0,318964.9515941321,"No flood expected in Aweil West this week (q50 0.0 km²). Routine monitoring. (Aweil West maps ~318,965 cattle in baseline.)"
2023-01-30,Aweil Centre,0.0,0.026,0,dry season (late phase),0.0,0.0,364961.8333817694,"No flood expected in Aweil Centre this week (q50 0.0 km²). Routine monitoring. (Aweil Centre maps ~364,962 cattle in baseline.)"
2023-01-30,Aweil East,0.0,0.166,0,dry season (late phase),0.0,8.7,505027.7802561831,"No flood expected in Aweil East this week (q50 0.0 km²). Routine monitoring. Approx. 9 ha of rangeland at risk; plan early herd movement. (Aweil East maps ~505,028 cattle in baseline.)"
2023-01-30,Aweil North,0.0,0.024,0,dry season (late phase),0.0,0.0,463800.5038861725,"No flood expected in Aweil North this week (q50 0.0 km²). Routine monitoring. (Aweil North maps ~463,801 cattle in baseline.)"
2023-01-30,Aweil South,0.0,0.027,0,dry season (late phase),0.0,0.0,141256.8006910938,"No flood expected in Aweil South this week (q50 0.0 km²). Routine monitoring. (Aweil South maps ~141,257 cattle in baseline.)"
2023-01-30,Aweil West,0.0,0.023,0,dry season (late phase),0.0,0.0,318964.9515941321,"No flood expected in Aweil West this week (q50 0.0 km²). Routine monitoring. (Aweil West maps ~318,965 cattle in baseline.)"
2023-02-06,Aweil Centre,0.0,0.024,0,dry season,0.0,0.0,364961.8333817694,"No flood expected in Aweil Centre this week (q50 0.0 km²). Routine monitoring. (Aweil Centre maps ~364,962 cattle in baseline.)"
2023-02-06,Aweil East,0.0,0.044,0,dry season,0.0,0.0,505027.7802561831,"No flood expected in Aweil East this week (q50 0.0 km²). Routine monitoring. (Aweil East maps ~505,028 cattle in baseline.)"
2023-02-06,Aweil North,0.0,0.023,0,dry season,0.0,0.0,463800.5038861725,"No flood expected in Aweil North this week (q50 0.0 km²). Routine monitoring. (Aweil North maps ~463,801 cattle in baseline.)"
2023-02-06,Aweil South,0.0,0.023,0,dry season,0.0,0.0,141256.8006910938,"No flood expected in Aweil South this week (q50 0.0 km²). Routine monitoring. (Aweil South maps ~141,257 cattle in baseline.)"
2023-02-06,Aweil West,0.0,0.023,0,dry season,0.0,0.0,318964.9515941321,"No flood expected in Aweil West this week (q50 0.0 km²). Routine monitoring. (Aweil West maps ~318,965 cattle in baseline.)"
2023-02-13,Aweil Centre,0.0,0.023,0,dry season,0.0,0.0,364961.8333817694,"No flood expected in Aweil Centre this week (q50 0.0 km²). Routine monitoring. (Aweil Centre maps ~364,962 cattle in baseline.)"
2023-02-13,Aweil East,0.0,0.029,0,dry season,0.0,0.0,505027.7802561831,"No flood expected in Aweil East this week (q50 0.0 km²). Routine monitoring. (Aweil East maps ~505,028 cattle in baseline.)"
2023-02-13,Aweil North,0.0,0.022,0,dry season,0.0,0.0,463800.5038861725,"No flood expected in Aweil North this week (q50 0.0 km²). Routine monitoring. (Aweil North maps ~463,801 cattle in baseline.)"
2023-02-13,Aweil South,0.0,0.022,0,dry season,0.0,0.0,141256.8006910938,"No flood expected in Aweil South this week (q50 0.0 km²). Routine monitoring. (Aweil South maps ~141,257 cattle in baseline.)"
2023-02-13,Aweil West,0.0,0.022,0,dry season,0.0,0.0,318964.9515941321,"No flood expected in Aweil West this week (q50 0.0 km²). Routine monitoring. (Aweil West maps ~318,965 cattle in baseline.)"
2023-02-20,Aweil Centre,0.0,0.024,0,dry season,0.0,0.0,364961.8333817694,"No flood expected in Aweil Centre this week (q50 0.0 km²). Routine monitoring. (Aweil Centre maps ~364,962 cattle in baseline.)"
2023-02-20,Aweil East,0.0,0.026,0,dry season,0.0,0.0,505027.7802561831,"No flood expected in Aweil East this week (q50 0.0 km²). Routine monitoring. (Aweil East maps ~505,028 cattle in baseline.)"
2023-02-20,Aweil North,0.0,0.023,0,dry season,0.0,0.0,463800.5038861725,"No flood expected in Aweil North this week (q50 0.0 km²). Routine monitoring. (Aweil North maps ~463,801 cattle in baseline.)"
2023-02-20,Aweil South,0.0,0.023,0,dry season,0.0,0.0,141256.8006910938,"No flood expected in Aweil South this week (q50 0.0 km²). Routine monitoring. (Aweil South maps ~141,257 cattle in baseline.)"
2023-02-20,Aweil West,0.0,0.023,0,dry season,0.0,0.0,318964.9515941321,"No flood expected in Aweil West this week (q50 0.0 km²). Routine monitoring. (Aweil West maps ~318,965 cattle in baseline.)"
2023-02-27,Aweil Centre,0.0,0.024,0,dry season,0.0,0.0,364961.8333817694,"No flood expected in Aweil Centre this week (q50 0.0 km²). Routine monitoring. (Aweil Centre maps ~364,962 cattle in baseline.)"
2023-02-27,Aweil East,0.0,0.026,0,dry season,0.0,0.0,505027.7802561831,"No flood expected in Aweil East this week (q50 0.0 km²). Routine monitoring. (Aweil East maps ~505,028 cattle in baseline.)"
2023-02-27,Aweil North,0.0,0.023,0,dry season,0.0,0.0,463800.5038861725,"No flood expected in Aweil North this week (q50 0.0 km²). Routine monitoring. (Aweil North maps ~463,801 cattle in baseline.)"
2023-02-27,Aweil South,0.0,0.023,0,dry season,0.0,0.0,141256.8006910938,"No flood expected in Aweil South this week (q50 0.0 km²). Routine monitoring. (Aweil South maps ~141,257 cattle in baseline.)"
2023-02-27,Aweil West,0.0,0.023,0,dry season,0.0,0.0,318964.9515941321,"No flood expected in Aweil West this week (q50 0.0 km²). Routine monitoring. (Aweil West maps ~318,965 cattle in baseline.)"
2023-03-06,Aweil Centre,0.0,0.023,0,early season (sowing),0.0,0.0,364961.8333817694,"No flood expected in Aweil Centre this week (q50 0.0 km²). Routine monitoring. (Aweil Centre maps ~364,962 cattle in baseline.)"
2023-03-06,Aweil East,0.0,0.025,0,early season (sowing),0.0,0.0,505027.7802561831,"No flood expected in Aweil East this week (q50 0.0 km²). Routine monitoring. (Aweil East maps ~505,028 cattle in baseline.)"
2023-03-06,Aweil North,0.0,0.022,0,early season (sowing),0.0,0.0,463800.5038861725,"No flood expected in Aweil North this week (q50 0.0 km²). Routine monitoring. (Aweil North maps ~463,801 cattle in baseline.)"
2023-03-06,Aweil South,0.0,0.022,0,early season (sowing),0.0,0.0,141256.8006910938,"No flood expected in Aweil South this week (q50 0.0 km²). Routine monitoring. (Aweil South maps ~141,257 cattle in baseline.)"
2023-03-06,Aweil West,0.0,0.022,0,early season (sowing),0.0,0.0,318964.9515941321,"No flood expected in Aweil West this week (q50 0.0 km²). Routine monitoring. (Aweil West maps ~318,965 cattle in baseline.)"
2023-03-13,Aweil Centre,0.0,0.024,0,early season (sowing),0.0,0.0,364961.8333817694,"No flood expected in Aweil Centre this week (q50 0.0 km²). Routine monitoring. (Aweil Centre maps ~364,962 cattle in baseline.)"
2023-03-13,Aweil East,0.0,0.026,0,early season (sowing),0.0,0.0,505027.7802561831,"No flood expected in Aweil East this week (q50 0.0 km²). Routine monitoring. (Aweil East maps ~505,028 cattle in baseline.)"
2023-03-13,Aweil North,0.0,0.024,0,early season (sowing),0.0,0.0,463800.5038861725,"No flood expected in Aweil North this week (q50 0.0 km²). Routine monitoring. (Aweil North maps ~463,801 cattle in baseline.)"
2023-03-13,Aweil South,0.0,0.024,0,early season (sowing),0.0,0.0,141256.8006910938,"No flood expected in Aweil South this week (q50 0.0 km²). Routine monitoring. (Aweil South maps ~141,257 cattle in baseline.)"
2023-03-13,Aweil West,0.0,0.025,0,early season (sowing),0.0,0.0,318964.9515941321,"No flood expected in Aweil West this week (q50 0.0 km²). Routine monitoring. (Aweil West maps ~318,965 cattle in baseline.)"
2023-03-20,Aweil Centre,0.0,0.025,0,early season (sowing),0.0,0.0,364961.8333817694,"No flood expected in Aweil Centre this week (q50 0.0 km²). Routine monitoring. (Aweil Centre maps ~364,962 cattle in baseline.)"
2023-03-20,Aweil East,0.0,0.025,0,early season (sowing),0.0,0.0,505027.7802561831,"No flood expected in Aweil East this week (q50 0.0 km²). Routine monitoring. (Aweil East maps ~505,028 cattle in baseline.)"
2023-03-20,Aweil North,0.0,0.023,0,early season (sowing),0.0,0.0,463800.5038861725,"No flood expected in Aweil North this week (q50 0.0 km²). Routine monitoring. (Aweil North maps ~463,801 cattle in baseline.)"
2023-03-20,Aweil South,0.0,0.023,0,early season (sowing),0.0,0.0,141256.8006910938,"No flood expected in Aweil South this week (q50 0.0 km²). Routine monitoring. (Aweil South maps ~141,257 cattle in baseline.)"
2023-03-20,Aweil West,0.0,0.023,0,early season (sowing),0.0,0.0,318964.9515941321,"No flood expected in Aweil West this week (q50 0.0 km²). Routine monitoring. (Aweil West maps ~318,965 cattle in baseline.)"
2023-03-27,Aweil Centre,0.0,0.043,0,early season (sowing),0.0,0.0,364961.8333817694,"No flood expected in Aweil Centre this week (q50 0.0 km²). Routine monitoring. (Aweil Centre maps ~364,962 cattle in baseline.)"
2023-03-27,Aweil East,0.0,0.046,0,early season (sowing),0.0,0.0,505027.7802561831,"No flood expected in Aweil East this week (q50 0.0 km²). Routine monitoring. (Aweil East maps ~505,028 cattle in baseline.)"
2023-03-27,Aweil North,0.0,0.047,0,early season (sowing),0.0,0.0,463800.5038861725,"No flood expected in Aweil North this week (q50 0.0 km²). Routine monitoring. (Aweil North maps ~463,801 cattle in baseline.)"
2023-03-27,Aweil South,0.0,0.047,0,early season (sowing),0.0,0.0,141256.8006910938,"No flood expected in Aweil South this week (q50 0.0 km²). Routine monitoring. (Aweil South maps ~141,257 cattle in baseline.)"
2023-03-27,Aweil West,0.0,0.048,0,early season (sowing),0.0,0.0,318964.9515941321,"No flood expected in Aweil West this week (q50 0.0 km²). Routine monitoring. (Aweil West maps ~318,965 cattle in baseline.)"
2023-04-03,Aweil Centre,0.0,0.024,0,crop establishment,0.0,0.0,364961.8333817694,"No flood expected in Aweil Centre this week (q50 0.0 km²). Routine monitoring. (Aweil Centre maps ~364,962 cattle in baseline.)"
2023-04-03,Aweil East,0.0,0.026,0,crop establishment,0.0,0.0,505027.7802561831,"No flood expected in Aweil East this week (q50 0.0 km²). Routine monitoring. (Aweil East maps ~505,028 cattle in baseline.)"
2023-04-03,Aweil North,0.0,0.024,0,crop establishment,0.0,0.0,463800.5038861725,"No flood expected in Aweil North this week (q50 0.0 km²). Routine monitoring. (Aweil North maps ~463,801 cattle in baseline.)"
2023-04-03,Aweil South,0.0,0.024,0,crop establishment,0.0,0.0,141256.8006910938,"No flood expected in Aweil South this week (q50 0.0 km²). Routine monitoring. (Aweil South maps ~141,257 cattle in baseline.)"
2023-04-03,Aweil West,0.0,0.025,0,crop establishment,0.0,0.0,318964.9515941321,"No flood expected in Aweil West this week (q50 0.0 km²). Routine monitoring. (Aweil West maps ~318,965 cattle in baseline.)"
2023-04-10,Aweil Centre,0.0,0.029,0,crop establishment,0.0,0.0,364961.8333817694,"No flood expected in Aweil Centre this week (q50 0.0 km²). Routine monitoring. (Aweil Centre maps ~364,962 cattle in baseline.)"
2023-04-10,Aweil East,0.0,0.032,0,crop establishment,0.0,0.0,505027.7802561831,"No flood expected in Aweil East this week (q50 0.0 km²). Routine monitoring. (Aweil East maps ~505,028 cattle in baseline.)"
2023-04-10,Aweil North,0.0,0.031,0,crop establishment,0.0,0.0,463800.5038861725,"No flood expected in Aweil North this week (q50 0.0 km²). Routine monitoring. (Aweil North maps ~463,801 cattle in baseline.)"
2023-04-10,Aweil South,0.0,0.031,0,crop establishment,0.0,0.0,141256.8006910938,"No flood expected in Aweil South this week (q50 0.0 km²). Routine monitoring. (Aweil South maps ~141,257 cattle in baseline.)"
2023-04-10,Aweil West,0.0,0.03,0,crop establishment,0.0,0.0,318964.9515941321,"No flood expected in Aweil West this week (q50 0.0 km²). Routine monitoring. (Aweil West maps ~318,965 cattle in baseline.)"
2023-04-17,Aweil Centre,0.0,0.037,0,crop establishment,0.0,0.0,364961.8333817694,"No flood expected in Aweil Centre this week (q50 0.0 km²). Routine monitoring. (Aweil Centre maps ~364,962 cattle in baseline.)"
2023-04-17,Aweil East,0.0,0.042,0,crop establishment,0.0,0.0,505027.7802561831,"No flood expected in Aweil East this week (q50 0.0 km²). Routine monitoring. (Aweil East maps ~505,028 cattle in baseline.)"
2023-04-17,Aweil North,0.0,0.04,0,crop establishment,0.0,0.0,463800.5038861725,"No flood expected in Aweil North this week (q50 0.0 km²). Routine monitoring. (Aweil North maps ~463,801 cattle in baseline.)"
2023-04-17,Aweil South,0.0,0.04,0,crop establishment,0.0,0.0,141256.8006910938,"No flood expected in Aweil South this week (q50 0.0 km²). Routine monitoring. (Aweil South maps ~141,257 cattle in baseline.)"
2023-04-17,Aweil West,0.0,0.039,0,crop establishment,0.0,0.0,318964.9515941321,"No flood expected in Aweil West this week (q50 0.0 km²). Routine monitoring. (Aweil West maps ~318,965 cattle in baseline.)"
2023-04-24,Aweil Centre,0.0,0.057,0,crop establishment,0.0,0.0,364961.8333817694,"No flood expected in Aweil Centre this week (q50 0.0 km²). Routine monitoring. (Aweil Centre maps ~364,962 cattle in baseline.)"
2023-04-24,Aweil East,0.0,0.067,0,crop establishment,0.0,0.0,505027.7802561831,"No flood expected in Aweil East this week (q50 0.0 km²). Routine monitoring. (Aweil East maps ~505,028 cattle in baseline.)"
2023-04-24,Aweil North,0.0,0.059,0,crop establishment,0.0,0.0,463800.5038861725,"No flood expected in Aweil North this week (q50 0.0 km²). Routine monitoring. (Aweil North maps ~463,801 cattle in baseline.)"
2023-04-24,Aweil South,0.0,0.056,0,crop establishment,0.0,0.0,141256.8006910938,"No flood expected in Aweil South this week (q50 0.0 km²). Routine monitoring. (Aweil South maps ~141,257 cattle in baseline.)"
2023-04-24,Aweil West,0.0,0.056,0,crop establishment,0.0,0.0,318964.9515941321,"No flood expected in Aweil West this week (q50 0.0 km²). Routine monitoring. (Aweil West maps ~318,965 cattle in baseline.)"
2023-05-01,Aweil Centre,0.0,0.027,0,vegetative growth,0.0,0.0,364961.8333817694,"No flood expected in Aweil Centre this week (q50 0.0 km²). Routine monitoring. (Aweil Centre maps ~364,962 cattle in baseline.)"
2023-05-01,Aweil East,0.0,0.032,0,vegetative growth,0.0,0.0,505027.7802561831,"No flood expected in Aweil East this week (q50 0.0 km²). Routine monitoring. (Aweil East maps ~505,028 cattle in baseline.)"
2023-05-01,Aweil North,0.0,0.027,0,vegetative growth,0.0,0.0,463800.5038861725,"No flood expected in Aweil North this week (q50 0.0 km²). Routine monitoring. (Aweil North maps ~463,801 cattle in baseline.)"
2023-05-01,Aweil South,0.0,0.027,0,vegetative growth,0.0,0.0,141256.8006910938,"No flood expected in Aweil South this week (q50 0.0 km²). Routine monitoring. (Aweil South maps ~141,257 cattle in baseline.)"
2023-05-01,Aweil West,0.0,0.025,0,vegetative growth,0.0,0.0,318964.9515941321,"No flood expected in Aweil West this week (q50 0.0 km²). Routine monitoring. (Aweil West maps ~318,965 cattle in baseline.)"
2023-05-08,Aweil Centre,0.0,0.033,0,vegetative growth,0.0,0.0,364961.8333817694,"No flood expected in Aweil Centre this week (q50 0.0 km²). Routine monitoring. (Aweil Centre maps ~364,962 cattle in baseline.)"
2023-05-08,Aweil East,0.0,0.039,0,vegetative growth,0.0,0.0,505027.7802561831,"No flood expected in Aweil East this week (q50 0.0 km²). Routine monitoring. (Aweil East maps ~505,028 cattle in baseline.)"
2023-05-08,Aweil North,0.0,0.035,0,vegetative growth,0.0,0.0,463800.5038861725,"No flood expected in Aweil North this week (q50 0.0 km²). Routine monitoring. (Aweil North maps ~463,801 cattle in baseline.)"
2023-05-08,Aweil South,0.0,0.033,0,vegetative growth,0.0,0.0,141256.8006910938,"No flood expected in Aweil South this week (q50 0.0 km²). Routine monitoring. (Aweil South maps ~141,257 cattle in baseline.)"
2023-05-08,Aweil West,0.0,0.03,0,vegetative growth,0.0,0.0,318964.9515941321,"No flood expected in Aweil West this week (q50 0.0 km²). Routine monitoring. (Aweil West maps ~318,965 cattle in baseline.)"
2023-05-15,Aweil Centre,0.0,0.042,0,vegetative growth,0.0,0.0,364961.8333817694,"No flood expected in Aweil Centre this week (q50 0.0 km²). Routine monitoring. (Aweil Centre maps ~364,962 cattle in baseline.)"
2023-05-15,Aweil East,0.0,0.048,0,vegetative growth,0.0,0.0,505027.7802561831,"No flood expected in Aweil East this week (q50 0.0 km²). Routine monitoring. (Aweil East maps ~505,028 cattle in baseline.)"
2023-05-15,Aweil North,0.0,0.047,0,vegetative growth,0.0,0.0,463800.5038861725,"No flood expected in Aweil North this week (q50 0.0 km²). Routine monitoring. (Aweil North maps ~463,801 cattle in baseline.)"
2023-05-15,Aweil South,0.0,0.047,0,vegetative growth,0.0,0.0,141256.8006910938,"No flood expected in Aweil South this week (q50 0.0 km²). Routine monitoring. (Aweil South maps ~141,257 cattle in baseline.)"
2023-05-15,Aweil West,0.0,0.046,0,vegetative growth,0.0,0.0,318964.9515941321,"No flood expected in Aweil West this week (q50 0.0 km²). Routine monitoring. (Aweil West maps ~318,965 cattle in baseline.)"
2023-05-22,Aweil Centre,0.0,0.043,0,vegetative growth,0.0,0.0,364961.8333817694,"No flood expected in Aweil Centre this week (q50 0.0 km²). Routine monitoring. (Aweil Centre maps ~364,962 cattle in baseline.)"
2023-05-22,Aweil East,0.0,0.048,0,vegetative growth,0.0,0.0,505027.7802561831,"No flood expected in Aweil East this week (q50 0.0 km²). Routine monitoring. (Aweil East maps ~505,028 cattle in baseline.)"
2023-05-22,Aweil North,0.0,0.045,0,vegetative growth,0.0,0.0,463800.5038861725,"No flood expected in Aweil North this week (q50 0.0 km²). Routine monitoring. (Aweil North maps ~463,801 cattle in baseline.)"
2023-05-22,Aweil South,0.0,0.043,0,vegetative growth,0.0,0.0,141256.8006910938,"No flood expected in Aweil South this week (q50 0.0 km²). Routine monitoring. (Aweil South maps ~141,257 cattle in baseline.)"
2023-05-22,Aweil West,0.0,0.04,0,vegetative growth,0.0,0.0,318964.9515941321,"No flood expected in Aweil West this week (q50 0.0 km²). Routine monitoring. (Aweil West maps ~318,965 cattle in baseline.)"
2023-05-29,Aweil Centre,0.0,0.062,0,vegetative growth,0.0,0.0,364961.8333817694,"No flood expected in Aweil Centre this week (q50 0.0 km²). Routine monitoring. (Aweil Centre maps ~364,962 cattle in baseline.)"
2023-05-29,Aweil East,0.0,0.07,0,vegetative growth,0.0,0.0,505027.7802561831,"No flood expected in Aweil East this week (q50 0.0 km²). Routine monitoring. (Aweil East maps ~505,028 cattle in baseline.)"
2023-05-29,Aweil North,0.0,0.067,0,vegetative growth,0.0,0.0,463800.5038861725,"No flood expected in Aweil North this week (q50 0.0 km²). Routine monitoring. (Aweil North maps ~463,801 cattle in baseline.)"
2023-05-29,Aweil South,0.0,0.064,0,vegetative growth,0.0,0.0,141256.8006910938,"No flood expected in Aweil South this week (q50 0.0 km²). Routine monitoring. (Aweil South maps ~141,257 cattle in baseline.)"
2023-05-29,Aweil West,0.0,0.063,0,vegetative growth,0.0,0.0,318964.9515941321,"No flood expected in Aweil West this week (q50 0.0 km²). Routine monitoring. (Aweil West maps ~318,965 cattle in baseline.)"
2023-06-05,Aweil Centre,0.1,0.181,3,vegetative growth (peak),0.0,0.0,364961.8333817694,"SEVERE flood expected in Aweil Centre this week: q50 0.1 km², above the 95th percentile of all June weeks since 2000. Vegetative growth (peak): crops are at peak water demand — short flooding can be tolerated, sustained submergence is not. (Aweil Centre maps ~364,962 cattle in baseline.)"
2023-06-05,Aweil East,0.0,0.062,0,vegetative growth (peak),0.0,0.0,505027.7802561831,"No flood expected in Aweil East this week (q50 0.0 km²). Routine monitoring. (Aweil East maps ~505,028 cattle in baseline.)"
2023-06-05,Aweil North,0.0,0.054,0,vegetative growth (peak),0.0,0.0,463800.5038861725,"No flood expected in Aweil North this week (q50 0.0 km²). Routine monitoring. (Aweil North maps ~463,801 cattle in baseline.)"
2023-06-05,Aweil South,0.0,0.051,0,vegetative growth (peak),0.0,0.0,141256.8006910938,"No flood expected in Aweil South this week (q50 0.0 km²). Routine monitoring. (Aweil South maps ~141,257 cattle in baseline.)"
2023-06-05,Aweil West,0.0,0.048,0,vegetative growth (peak),0.0,0.0,318964.9515941321,"No flood expected in Aweil West this week (q50 0.0 km²). Routine monitoring. (Aweil West maps ~318,965 cattle in baseline.)"
2023-06-12,Aweil Centre,0.0,0.155,0,vegetative growth (peak),0.0,0.0,364961.8333817694,"No flood expected in Aweil Centre this week (q50 0.0 km²). Routine monitoring. (Aweil Centre maps ~364,962 cattle in baseline.)"
2023-06-12,Aweil East,0.0,0.083,0,vegetative growth (peak),0.0,0.0,505027.7802561831,"No flood expected in Aweil East this week (q50 0.0 km²). Routine monitoring. (Aweil East maps ~505,028 cattle in baseline.)"
2023-06-12,Aweil North,0.0,0.06,0,vegetative growth (peak),0.0,0.0,463800.5038861725,"No flood expected in Aweil North this week (q50 0.0 km²). Routine monitoring. (Aweil North maps ~463,801 cattle in baseline.)"
2023-06-12,Aweil South,0.0,0.06,0,vegetative growth (peak),0.0,0.0,141256.8006910938,"No flood expected in Aweil South this week (q50 0.0 km²). Routine monitoring. (Aweil South maps ~141,257 cattle in baseline.)"
2023-06-12,Aweil West,0.0,0.064,0,vegetative growth (peak),0.0,0.0,318964.9515941321,"No flood expected in Aweil West this week (q50 0.0 km²). Routine monitoring. (Aweil West maps ~318,965 cattle in baseline.)"
2023-06-19,Aweil Centre,0.0,0.045,0,vegetative growth (peak),0.0,0.0,364961.8333817694,"No flood expected in Aweil Centre this week (q50 0.0 km²). Routine monitoring. (Aweil Centre maps ~364,962 cattle in baseline.)"
2023-06-19,Aweil East,0.0,0.044,0,vegetative growth (peak),0.0,0.0,505027.7802561831,"No flood expected in Aweil East this week (q50 0.0 km²). Routine monitoring. (Aweil East maps ~505,028 cattle in baseline.)"
2023-06-19,Aweil North,0.0,0.035,0,vegetative growth (peak),0.0,0.0,463800.5038861725,"No flood expected in Aweil North this week (q50 0.0 km²). Routine monitoring. (Aweil North maps ~463,801 cattle in baseline.)"
2023-06-19,Aweil South,0.0,0.035,0,vegetative growth (peak),0.0,0.0,141256.8006910938,"No flood expected in Aweil South this week (q50 0.0 km²). Routine monitoring. (Aweil South maps ~141,257 cattle in baseline.)"
2023-06-19,Aweil West,0.0,0.034,0,vegetative growth (peak),0.0,0.0,318964.9515941321,"No flood expected in Aweil West this week (q50 0.0 km²). Routine monitoring. (Aweil West maps ~318,965 cattle in baseline.)"
2023-06-26,Aweil Centre,0.0,0.04,0,vegetative growth (peak),0.0,0.0,364961.8333817694,"No flood expected in Aweil Centre this week (q50 0.0 km²). Routine monitoring. (Aweil Centre maps ~364,962 cattle in baseline.)"
2023-06-26,Aweil East,0.0,0.046,0,vegetative growth (peak),0.0,0.0,505027.7802561831,"No flood expected in Aweil East this week (q50 0.0 km²). Routine monitoring. (Aweil East maps ~505,028 cattle in baseline.)"
2023-06-26,Aweil North,0.0,0.034,0,vegetative growth (peak),0.0,0.0,463800.5038861725,"No flood expected in Aweil North this week (q50 0.0 km²). Routine monitoring. (Aweil North maps ~463,801 cattle in baseline.)"
2023-06-26,Aweil South,0.0,0.035,0,vegetative growth (peak),0.0,0.0,141256.8006910938,"No flood expected in Aweil South this week (q50 0.0 km²). Routine monitoring. (Aweil South maps ~141,257 cattle in baseline.)"
2023-06-26,Aweil West,0.0,0.039,0,vegetative growth (peak),0.0,0.0,318964.9515941321,"No flood expected in Aweil West this week (q50 0.0 km²). Routine monitoring. (Aweil West maps ~318,965 cattle in baseline.)"
2023-07-03,Aweil Centre,0.0,0.035,0,vegetative growth (peak),0.0,0.0,364961.8333817694,"No flood expected in Aweil Centre this week (q50 0.0 km²). Routine monitoring. (Aweil Centre maps ~364,962 cattle in baseline.)"
2023-07-03,Aweil East,0.0,0.037,0,vegetative growth (peak),0.0,0.0,505027.7802561831,"No flood expected in Aweil East this week (q50 0.0 km²). Routine monitoring. (Aweil East maps ~505,028 cattle in baseline.)"
2023-07-03,Aweil North,0.0,0.037,0,vegetative growth (peak),0.0,0.0,463800.5038861725,"No flood expected in Aweil North this week (q50 0.0 km²). Routine monitoring. (Aweil North maps ~463,801 cattle in baseline.)"
2023-07-03,Aweil South,0.0,0.037,0,vegetative growth (peak),0.0,0.0,141256.8006910938,"No flood expected in Aweil South this week (q50 0.0 km²). Routine monitoring. (Aweil South maps ~141,257 cattle in baseline.)"
2023-07-03,Aweil West,0.0,0.035,0,vegetative growth (peak),0.0,0.0,318964.9515941321,"No flood expected in Aweil West this week (q50 0.0 km²). Routine monitoring. (Aweil West maps ~318,965 cattle in baseline.)"
2023-07-10,Aweil Centre,0.0,0.048,0,vegetative growth (peak),0.0,0.0,364961.8333817694,"No flood expected in Aweil Centre this week (q50 0.0 km²). Routine monitoring. (Aweil Centre maps ~364,962 cattle in baseline.)"
2023-07-10,Aweil East,0.0,0.062,0,vegetative growth (peak),0.0,0.0,505027.7802561831,"No flood expected in Aweil East this week (q50 0.0 km²). Routine monitoring. (Aweil East maps ~505,028 cattle in baseline.)"
2023-07-10,Aweil North,0.0,0.051,0,vegetative growth (peak),0.0,0.0,463800.5038861725,"No flood expected in Aweil North this week (q50 0.0 km²). Routine monitoring. (Aweil North maps ~463,801 cattle in baseline.)"
2023-07-10,Aweil South,0.0,0.054,0,vegetative growth (peak),0.0,0.0,141256.8006910938,"No flood expected in Aweil South this week (q50 0.0 km²). Routine monitoring. (Aweil South maps ~141,257 cattle in baseline.)"
2023-07-10,Aweil West,0.0,0.057,0,vegetative growth (peak),0.0,0.0,318964.9515941321,"No flood expected in Aweil West this week (q50 0.0 km²). Routine monitoring. (Aweil West maps ~318,965 cattle in baseline.)"
2023-07-17,Aweil Centre,0.0,0.028,3,vegetative growth (peak),0.0,0.0,364961.8333817694,"SEVERE flood expected in Aweil Centre this week: q50 0.0 km², above the 95th percentile of all July weeks since 2000. Vegetative growth (peak): crops are at peak water demand — short flooding can be tolerated, sustained submergence is not. (Aweil Centre maps ~364,962 cattle in baseline.)"
2023-07-17,Aweil East,1.15,0.586,3,vegetative growth (peak),0.0,0.0,505027.7802561831,"SEVERE flood expected in Aweil East this week: q50 1.2 km², above the 95th percentile of all July weeks since 2000. Vegetative growth (peak): crops are at peak water demand — short flooding can be tolerated, sustained submergence is not. (Aweil East maps ~505,028 cattle in baseline.)"
2023-07-17,Aweil North,0.0,0.026,0,vegetative growth (peak),0.0,0.0,463800.5038861725,"No flood expected in Aweil North this week (q50 0.0 km²). Routine monitoring. (Aweil North maps ~463,801 cattle in baseline.)"
2023-07-17,Aweil South,0.0,0.027,0,vegetative growth (peak),0.0,0.0,141256.8006910938,"No flood expected in Aweil South this week (q50 0.0 km²). Routine monitoring. (Aweil South maps ~141,257 cattle in baseline.)"
2023-07-17,Aweil West,0.0,0.028,0,vegetative growth (peak),0.0,0.0,318964.9515941321,"No flood expected in Aweil West this week (q50 0.0 km²). Routine monitoring. (Aweil West maps ~318,965 cattle in baseline.)"
2023-07-24,Aweil Centre,0.0,0.029,3,vegetative growth (peak),0.0,0.0,364961.8333817694,"SEVERE flood expected in Aweil Centre this week: q50 0.0 km², above the 95th percentile of all July weeks since 2000. Vegetative growth (peak): crops are at peak water demand — short flooding can be tolerated, sustained submergence is not. (Aweil Centre maps ~364,962 cattle in baseline.)"
2023-07-24,Aweil East,0.85,0.642,3,vegetative growth (peak),0.0,0.0,505027.7802561831,"SEVERE flood expected in Aweil East this week: q50 0.8 km², above the 95th percentile of all July weeks since 2000. Vegetative growth (peak): crops are at peak water demand — short flooding can be tolerated, sustained submergence is not. (Aweil East maps ~505,028 cattle in baseline.)"
2023-07-24,Aweil North,0.0,0.026,0,vegetative growth (peak),0.0,0.0,463800.5038861725,"No flood expected in Aweil North this week (q50 0.0 km²). Routine monitoring. (Aweil North maps ~463,801 cattle in baseline.)"
2023-07-24,Aweil South,0.0,0.026,0,vegetative growth (peak),0.0,0.0,141256.8006910938,"No flood expected in Aweil South this week (q50 0.0 km²). Routine monitoring. (Aweil South maps ~141,257 cattle in baseline.)"
2023-07-24,Aweil West,0.0,0.027,0,vegetative growth (peak),0.0,0.0,318964.9515941321,"No flood expected in Aweil West this week (q50 0.0 km²). Routine monitoring. (Aweil West maps ~318,965 cattle in baseline.)"
2023-07-31,Aweil Centre,0.0,0.028,0,vegetative growth (peak),0.0,0.0,364961.8333817694,"No flood expected in Aweil Centre this week (q50 0.0 km²). Routine monitoring. (Aweil Centre maps ~364,962 cattle in baseline.)"
2023-07-31,Aweil East,0.23,0.37,0,vegetative growth (peak),0.0,0.0,505027.7802561831,"No flood expected in Aweil East this week (q50 0.2 km²). Routine monitoring. (Aweil East maps ~505,028 cattle in baseline.)"
2023-07-31,Aweil North,0.0,0.025,0,vegetative growth (peak),0.0,0.0,463800.5038861725,"No flood expected in Aweil North this week (q50 0.0 km²). Routine monitoring. (Aweil North maps ~463,801 cattle in baseline.)"
2023-07-31,Aweil South,0.0,0.025,0,vegetative growth (peak),0.0,0.0,141256.8006910938,"No flood expected in Aweil South this week (q50 0.0 km²). Routine monitoring. (Aweil South maps ~141,257 cattle in baseline.)"
2023-07-31,Aweil West,0.0,0.028,0,vegetative growth (peak),0.0,0.0,318964.9515941321,"No flood expected in Aweil West this week (q50 0.0 km²). Routine monitoring. (Aweil West maps ~318,965 cattle in baseline.)"
2023-08-07,Aweil Centre,0.0,0.059,0,maturation,0.0,0.0,364961.8333817694,"No flood expected in Aweil Centre this week (q50 0.0 km²). Routine monitoring. (Aweil Centre maps ~364,962 cattle in baseline.)"
2023-08-07,Aweil East,0.0,0.531,0,maturation,0.0,0.0,505027.7802561831,"SEVERE flood expected in Aweil East this week: q50 0.0 km², above the 95th percentile of all August weeks since 2000. (Aweil East maps ~505,028 cattle in baseline.)"
2023-08-07,Aweil North,0.0,0.044,0,maturation,0.0,0.0,463800.5038861725,"No flood expected in Aweil North this week (q50 0.0 km²). Routine monitoring. (Aweil North maps ~463,801 cattle in baseline.)"
2023-08-07,Aweil South,0.0,0.053,0,maturation,0.0,0.0,141256.8006910938,"No flood expected in Aweil South this week (q50 0.0 km²). Routine monitoring. (Aweil South maps ~141,257 cattle in baseline.)"
2023-08-07,Aweil West,0.0,0.062,0,maturation,0.0,0.0,318964.9515941321,"No flood expected in Aweil West this week (q50 0.0 km²). Routine monitoring. (Aweil West maps ~318,965 cattle in baseline.)"
2023-08-14,Aweil Centre,0.0,0.082,0,maturation,0.0,0.0,364961.8333817694,"No flood expected in Aweil Centre this week (q50 0.0 km²). Routine monitoring. (Aweil Centre maps ~364,962 cattle in baseline.)"
2023-08-14,Aweil East,0.01,0.319,0,maturation,0.0,0.0,505027.7802561831,"No flood expected in Aweil East this week (q50 0.0 km²). Routine monitoring. (Aweil East maps ~505,028 cattle in baseline.)"
2023-08-14,Aweil North,0.0,0.068,0,maturation,0.0,0.0,463800.5038861725,"No flood expected in Aweil North this week (q50 0.0 km²). Routine monitoring. (Aweil North maps ~463,801 cattle in baseline.)"
2023-08-14,Aweil South,0.0,0.079,0,maturation,0.0,0.0,141256.8006910938,"No flood expected in Aweil South this week (q50 0.0 km²). Routine monitoring. (Aweil South maps ~141,257 cattle in baseline.)"
2023-08-14,Aweil West,0.0,0.089,0,maturation,0.0,0.0,318964.9515941321,"No flood expected in Aweil West this week (q50 0.0 km²). Routine monitoring. (Aweil West maps ~318,965 cattle in baseline.)"
2023-08-21,Aweil Centre,0.0,0.088,0,maturation,0.0,0.0,364961.8333817694,"No flood expected in Aweil Centre this week (q50 0.0 km²). Routine monitoring. (Aweil Centre maps ~364,962 cattle in baseline.)"
2023-08-21,Aweil East,0.01,0.215,0,maturation,0.0,0.0,505027.7802561831,"No flood expected in Aweil East this week (q50 0.0 km²). Routine monitoring. (Aweil East maps ~505,028 cattle in baseline.)"
2023-08-21,Aweil North,0.0,0.055,0,maturation,0.0,0.0,463800.5038861725,"No flood expected in Aweil North this week (q50 0.0 km²). Routine monitoring. (Aweil North maps ~463,801 cattle in baseline.)"
2023-08-21,Aweil South,0.0,0.071,0,maturation,0.0,0.0,141256.8006910938,"No flood expected in Aweil South this week (q50 0.0 km²). Routine monitoring. (Aweil South maps ~141,257 cattle in baseline.)"
2023-08-21,Aweil West,0.0,0.082,0,maturation,0.0,0.0,318964.9515941321,"No flood expected in Aweil West this week (q50 0.0 km²). Routine monitoring. (Aweil West maps ~318,965 cattle in baseline.)"
2023-08-28,Aweil Centre,0.02,0.082,0,maturation,0.0,0.0,364961.8333817694,"No flood expected in Aweil Centre this week (q50 0.0 km²). Routine monitoring. (Aweil Centre maps ~364,962 cattle in baseline.)"
2023-08-28,Aweil East,1.84,0.689,0,maturation,0.0,0.0,505027.7802561831,"SEVERE flood expected in Aweil East this week: q50 1.8 km², above the 95th percentile of all August weeks since 2000. (Aweil East maps ~505,028 cattle in baseline.)"
2023-08-28,Aweil North,0.02,0.059,0,maturation,0.0,0.0,463800.5038861725,"No flood expected in Aweil North this week (q50 0.0 km²). Routine monitoring. (Aweil North maps ~463,801 cattle in baseline.)"
2023-08-28,Aweil South,0.02,0.079,0,maturation,0.0,0.0,141256.8006910938,"No flood expected in Aweil South this week (q50 0.0 km²). Routine monitoring. (Aweil South maps ~141,257 cattle in baseline.)"
2023-08-28,Aweil West,0.58,0.295,0,maturation,0.0,0.0,318964.9515941321,"No flood expected in Aweil West this week (q50 0.6 km²). Routine monitoring. (Aweil West maps ~318,965 cattle in baseline.)"
2023-09-04,Aweil Centre,0.0,0.072,0,maturation / grain filling,0.0,0.0,364961.8333817694,"No flood expected in Aweil Centre this week (q50 0.0 km²). Routine monitoring. (Aweil Centre maps ~364,962 cattle in baseline.)"
2023-09-04,Aweil East,1.18,0.665,0,maturation / grain filling,3.5,142.6,505027.7802561831,"SEVERE flood expected in Aweil East this week: q50 1.2 km², above the 95th percentile of all September weeks since 2000. Approx. 3 ha of mapped crops in the Aweil East floodplain are at risk. Approx. 143 ha of rangeland at risk; plan early herd movement. (Aweil East maps ~505,028 cattle in baseline.)"
2023-09-04,Aweil North,0.0,0.047,0,maturation / grain filling,0.0,0.0,463800.5038861725,"No flood expected in Aweil North this week (q50 0.0 km²). Routine monitoring. (Aweil North maps ~463,801 cattle in baseline.)"
2023-09-04,Aweil South,0.0,0.054,0,maturation / grain filling,0.0,0.0,141256.8006910938,"No flood expected in Aweil South this week (q50 0.0 km²). Routine monitoring. (Aweil South maps ~141,257 cattle in baseline.)"
2023-09-04,Aweil West,0.0,0.098,0,maturation / grain filling,0.0,1.0,318964.9515941321,"No flood expected in Aweil West this week (q50 0.0 km²). Routine monitoring. (Aweil West maps ~318,965 cattle in baseline.)"
2023-09-11,Aweil Centre,0.0,0.063,0,maturation / grain filling,0.0,0.0,364961.8333817694,"No flood expected in Aweil Centre this week (q50 0.0 km²). Routine monitoring. (Aweil Centre maps ~364,962 cattle in baseline.)"
2023-09-11,Aweil East,1.29,0.739,0,maturation / grain filling,3.8,155.2,505027.7802561831,"SEVERE flood expected in Aweil East this week: q50 1.3 km², above the 95th percentile of all September weeks since 2000. Approx. 4 ha of mapped crops in the Aweil East floodplain are at risk. Approx. 155 ha of rangeland at risk; plan early herd movement. (Aweil East maps ~505,028 cattle in baseline.)"
2023-09-11,Aweil North,0.0,0.06,0,maturation / grain filling,0.0,0.0,463800.5038861725,"No flood expected in Aweil North this week (q50 0.0 km²). Routine monitoring. (Aweil North maps ~463,801 cattle in baseline.)"
2023-09-11,Aweil South,0.0,0.053,0,maturation / grain filling,0.0,0.0,141256.8006910938,"No flood expected in Aweil South this week (q50 0.0 km²). Routine monitoring. (Aweil South maps ~141,257 cattle in baseline.)"
2023-09-11,Aweil West,0.0,0.073,0,maturation / grain filling,0.0,0.0,318964.9515941321,"No flood expected in Aweil West this week (q50 0.0 km²). Routine monitoring. (Aweil West maps ~318,965 cattle in baseline.)"
2023-09-18,Aweil Centre,0.0,0.039,0,maturation / grain filling,0.0,0.0,364961.8333817694,"No flood expected in Aweil Centre this week (q50 0.0 km²). Routine monitoring. (Aweil Centre maps ~364,962 cattle in baseline.)"
2023-09-18,Aweil East,0.51,0.665,0,maturation / grain filling,1.5,61.7,505027.7802561831,"SEVERE flood expected in Aweil East this week: q50 0.5 km², above the 95th percentile of all September weeks since 2000. Approx. 1 ha of mapped crops in the Aweil East floodplain are at risk. Approx. 62 ha of rangeland at risk; plan early herd movement. (Aweil East maps ~505,028 cattle in baseline.)"
2023-09-18,Aweil North,0.0,0.037,0,maturation / grain filling,0.0,0.0,463800.5038861725,"No flood expected in Aweil North this week (q50 0.0 km²). Routine monitoring. (Aweil North maps ~463,801 cattle in baseline.)"
2023-09-18,Aweil South,0.0,0.041,0,maturation / grain filling,0.0,0.0,141256.8006910938,"No flood expected in Aweil South this week (q50 0.0 km²). Routine monitoring. (Aweil South maps ~141,257 cattle in baseline.)"
2023-09-18,Aweil West,0.0,0.05,0,maturation / grain filling,0.0,0.0,318964.9515941321,"No flood expected in Aweil West this week (q50 0.0 km²). Routine monitoring. (Aweil West maps ~318,965 cattle in baseline.)"
2023-09-25,Aweil Centre,0.0,0.07,0,maturation / grain filling,0.0,0.0,364961.8333817694,"No flood expected in Aweil Centre this week (q50 0.0 km²). Routine monitoring. (Aweil Centre maps ~364,962 cattle in baseline.)"
2023-09-25,Aweil East,0.0,0.288,0,maturation / grain filling,0.0,0.0,505027.7802561831,"No flood expected in Aweil East this week (q50 0.0 km²). Routine monitoring. (Aweil East maps ~505,028 cattle in baseline.)"
2023-09-25,Aweil North,0.0,0.072,0,maturation / grain filling,0.0,0.0,463800.5038861725,"No flood expected in Aweil North this week (q50 0.0 km²). Routine monitoring. (Aweil North maps ~463,801 cattle in baseline.)"
2023-09-25,Aweil South,0.0,0.063,0,maturation / grain filling,0.0,0.0,141256.8006910938,"No flood expected in Aweil South this week (q50 0.0 km²). Routine monitoring. (Aweil South maps ~141,257 cattle in baseline.)"
2023-09-25,Aweil West,0.0,0.067,0,maturation / grain filling,0.0,0.0,318964.9515941321,"No flood expected in Aweil West this week (q50 0.0 km²). Routine monitoring. (Aweil West maps ~318,965 cattle in baseline.)"
2023-10-02,Aweil Centre,0.0,0.056,0,harvest,0.0,0.0,364961.8333817694,"No flood expected in Aweil Centre this week (q50 0.0 km²). Routine monitoring. (Aweil Centre maps ~364,962 cattle in baseline.)"
2023-10-02,Aweil East,0.27,0.293,0,harvest,4.0,45.7,505027.7802561831,"No flood expected in Aweil East this week (q50 0.3 km²). Routine monitoring. Approx. 4 ha of mapped crops in the Aweil East floodplain are at risk. Approx. 46 ha of rangeland at risk; plan early herd movement. (Aweil East maps ~505,028 cattle in baseline.)"
2023-10-02,Aweil North,0.0,0.046,0,harvest,0.0,0.0,463800.5038861725,"No flood expected in Aweil North this week (q50 0.0 km²). Routine monitoring. (Aweil North maps ~463,801 cattle in baseline.)"
2023-10-02,Aweil South,0.0,0.048,0,harvest,0.0,0.0,141256.8006910938,"No flood expected in Aweil South this week (q50 0.0 km²). Routine monitoring. (Aweil South maps ~141,257 cattle in baseline.)"
2023-10-02,Aweil West,0.0,0.05,0,harvest,0.0,0.0,318964.9515941321,"No flood expected in Aweil West this week (q50 0.0 km²). Routine monitoring. (Aweil West maps ~318,965 cattle in baseline.)"
2023-10-09,Aweil Centre,0.0,0.057,0,harvest,0.0,0.0,364961.8333817694,"No flood expected in Aweil Centre this week (q50 0.0 km²). Routine monitoring. (Aweil Centre maps ~364,962 cattle in baseline.)"
2023-10-09,Aweil East,0.63,0.513,0,harvest,9.4,107.7,505027.7802561831,"SEVERE flood expected in Aweil East this week: q50 0.6 km², above the 95th percentile of all October weeks since 2000. Approx. 9 ha of mapped crops in the Aweil East floodplain are at risk. Approx. 108 ha of rangeland at risk; plan early herd movement. (Aweil East maps ~505,028 cattle in baseline.)"
2023-10-09,Aweil North,0.0,0.057,0,harvest,0.0,0.0,463800.5038861725,"No flood expected in Aweil North this week (q50 0.0 km²). Routine monitoring. (Aweil North maps ~463,801 cattle in baseline.)"
2023-10-09,Aweil South,0.0,0.052,0,harvest,0.0,0.0,141256.8006910938,"No flood expected in Aweil South this week (q50 0.0 km²). Routine monitoring. (Aweil South maps ~141,257 cattle in baseline.)"
2023-10-09,Aweil West,0.0,0.056,0,harvest,0.0,0.0,318964.9515941321,"No flood expected in Aweil West this week (q50 0.0 km²). Routine monitoring. (Aweil West maps ~318,965 cattle in baseline.)"
2023-10-16,Aweil Centre,0.0,0.079,0,harvest,0.0,0.0,364961.8333817694,"No flood expected in Aweil Centre this week (q50 0.0 km²). Routine monitoring. (Aweil Centre maps ~364,962 cattle in baseline.)"
2023-10-16,Aweil East,0.0,0.307,0,harvest,0.0,0.0,505027.7802561831,"No flood expected in Aweil East this week (q50 0.0 km²). Routine monitoring. (Aweil East maps ~505,028 cattle in baseline.)"
2023-10-16,Aweil North,0.0,0.066,0,harvest,0.0,0.0,463800.5038861725,"No flood expected in Aweil North this week (q50 0.0 km²). Routine monitoring. (Aweil North maps ~463,801 cattle in baseline.)"
2023-10-16,Aweil South,0.0,0.064,0,harvest,0.0,0.0,141256.8006910938,"No flood expected in Aweil South this week (q50 0.0 km²). Routine monitoring. (Aweil South maps ~141,257 cattle in baseline.)"
2023-10-16,Aweil West,0.0,0.059,0,harvest,0.0,0.0,318964.9515941321,"No flood expected in Aweil West this week (q50 0.0 km²). Routine monitoring. (Aweil West maps ~318,965 cattle in baseline.)"
2023-10-23,Aweil Centre,0.0,0.064,0,harvest,0.0,0.0,364961.8333817694,"No flood expected in Aweil Centre this week (q50 0.0 km²). Routine monitoring. (Aweil Centre maps ~364,962 cattle in baseline.)"
2023-10-23,Aweil East,0.0,0.179,0,harvest,0.0,0.0,505027.7802561831,"No flood expected in Aweil East this week (q50 0.0 km²). Routine monitoring. (Aweil East maps ~505,028 cattle in baseline.)"
2023-10-23,Aweil North,0.0,0.044,0,harvest,0.0,0.0,463800.5038861725,"No flood expected in Aweil North this week (q50 0.0 km²). Routine monitoring. (Aweil North maps ~463,801 cattle in baseline.)"
2023-10-23,Aweil South,0.0,0.045,0,harvest,0.0,0.0,141256.8006910938,"No flood expected in Aweil South this week (q50 0.0 km²). Routine monitoring. (Aweil South maps ~141,257 cattle in baseline.)"
2023-10-23,Aweil West,0.0,0.048,0,harvest,0.0,0.0,318964.9515941321,"No flood expected in Aweil West this week (q50 0.0 km²). Routine monitoring. (Aweil West maps ~318,965 cattle in baseline.)"
2023-10-30,Aweil Centre,0.0,0.057,0,harvest,0.0,0.0,364961.8333817694,"No flood expected in Aweil Centre this week (q50 0.0 km²). Routine monitoring. (Aweil Centre maps ~364,962 cattle in baseline.)"
2023-10-30,Aweil East,0.0,0.115,0,harvest,0.0,0.0,505027.7802561831,"No flood expected in Aweil East this week (q50 0.0 km²). Routine monitoring. (Aweil East maps ~505,028 cattle in baseline.)"
2023-10-30,Aweil North,0.0,0.04,0,harvest,0.0,0.0,463800.5038861725,"No flood expected in Aweil North this week (q50 0.0 km²). Routine monitoring. (Aweil North maps ~463,801 cattle in baseline.)"
2023-10-30,Aweil South,0.0,0.039,0,harvest,0.0,0.0,141256.8006910938,"No flood expected in Aweil South this week (q50 0.0 km²). Routine monitoring. (Aweil South maps ~141,257 cattle in baseline.)"
2023-10-30,Aweil West,0.0,0.039,0,harvest,0.0,0.0,318964.9515941321,"No flood expected in Aweil West this week (q50 0.0 km²). Routine monitoring. (Aweil West maps ~318,965 cattle in baseline.)"
2023-11-06,Aweil Centre,0.0,0.064,0,harvest / drying,0.0,0.0,364961.8333817694,"No flood expected in Aweil Centre this week (q50 0.0 km²). Routine monitoring. (Aweil Centre maps ~364,962 cattle in baseline.)"
2023-11-06,Aweil East,0.0,0.109,0,harvest / drying,0.0,0.0,505027.7802561831,"No flood expected in Aweil East this week (q50 0.0 km²). Routine monitoring. (Aweil East maps ~505,028 cattle in baseline.)"
2023-11-06,Aweil North,0.0,0.043,0,harvest / drying,0.0,0.0,463800.5038861725,"No flood expected in Aweil North this week (q50 0.0 km²). Routine monitoring. (Aweil North maps ~463,801 cattle in baseline.)"
2023-11-06,Aweil South,0.0,0.043,0,harvest / drying,0.0,0.0,141256.8006910938,"No flood expected in Aweil South this week (q50 0.0 km²). Routine monitoring. (Aweil South maps ~141,257 cattle in baseline.)"
2023-11-06,Aweil West,0.0,0.044,0,harvest / drying,0.0,0.0,318964.9515941321,"No flood expected in Aweil West this week (q50 0.0 km²). Routine monitoring. (Aweil West maps ~318,965 cattle in baseline.)"
2023-11-13,Aweil Centre,0.32,0.309,0,harvest / drying,0.0,46.3,364961.8333817694,"No flood expected in Aweil Centre this week (q50 0.3 km²). Routine monitoring. Approx. 46 ha of rangeland at risk; plan early herd movement. (Aweil Centre maps ~364,962 cattle in baseline.)"
2023-11-13,Aweil East,0.27,0.195,0,harvest / drying,4.9,64.3,505027.7802561831,"No flood expected in Aweil East this week (q50 0.3 km²). Routine monitoring. Approx. 5 ha of mapped crops in the Aweil East floodplain are at risk. Approx. 64 ha of rangeland at risk; plan early herd movement. (Aweil East maps ~505,028 cattle in baseline.)"
2023-11-13,Aweil North,0.0,0.044,0,harvest / drying,0.0,0.0,463800.5038861725,"No flood expected in Aweil North this week (q50 0.0 km²). Routine monitoring. (Aweil North maps ~463,801 cattle in baseline.)"
2023-11-13,Aweil South,0.19,0.158,0,harvest / drying,4.0,64.1,141256.8006910938,"No flood expected in Aweil South this week (q50 0.2 km²). Routine monitoring. Approx. 4 ha of mapped crops in the Aweil South floodplain are at risk. Approx. 64 ha of rangeland at risk; plan early herd movement. (Aweil South maps ~141,257 cattle in baseline.)"
2023-11-13,Aweil West,0.21,0.16,0,harvest / drying,8.0,341.6,318964.9515941321,"No flood expected in Aweil West this week (q50 0.2 km²). Routine monitoring. Approx. 8 ha of mapped crops in the Aweil West floodplain are at risk. Approx. 342 ha of rangeland at risk; plan early herd movement. (Aweil West maps ~318,965 cattle in baseline.)"
2023-11-20,Aweil Centre,0.03,0.343,0,harvest / drying,0.0,3.6,364961.8333817694,"No flood expected in Aweil Centre this week (q50 0.0 km²). Routine monitoring. Approx. 4 ha of rangeland at risk; plan early herd movement. (Aweil Centre maps ~364,962 cattle in baseline.)"
2023-11-20,Aweil East,0.68,0.552,0,harvest / drying,12.3,161.1,505027.7802561831,"SEVERE flood expected in Aweil East this week: q50 0.7 km², above the 95th percentile of all November weeks since 2000. Approx. 12 ha of mapped crops in the Aweil East floodplain are at risk. Approx. 161 ha of rangeland at risk; plan early herd movement. (Aweil East maps ~505,028 cattle in baseline.)"
2023-11-20,Aweil North,0.0,0.052,0,harvest / drying,0.0,0.0,463800.5038861725,"No flood expected in Aweil North this week (q50 0.0 km²). Routine monitoring. (Aweil North maps ~463,801 cattle in baseline.)"
2023-11-20,Aweil South,0.0,0.093,0,harvest / drying,0.0,0.0,141256.8006910938,"No flood expected in Aweil South this week (q50 0.0 km²). Routine monitoring. (Aweil South maps ~141,257 cattle in baseline.)"
2023-11-20,Aweil West,0.01,0.276,0,harvest / drying,0.3,12.6,318964.9515941321,"No flood expected in Aweil West this week (q50 0.0 km²). Routine monitoring. Approx. 13 ha of rangeland at risk; plan early herd movement. (Aweil West maps ~318,965 cattle in baseline.)"
2023-11-27,Aweil Centre,0.0,0.259,0,harvest / drying,0.0,0.0,364961.8333817694,"No flood expected in Aweil Centre this week (q50 0.0 km²). Routine monitoring. (Aweil Centre maps ~364,962 cattle in baseline.)"
2023-11-27,Aweil East,0.07,0.436,0,harvest / drying,1.2,15.7,505027.7802561831,"No flood expected in Aweil East this week (q50 0.1 km²). Routine monitoring. Approx. 1 ha of mapped crops in the Aweil East floodplain are at risk. Approx. 16 ha of rangeland at risk; plan early herd movement. (Aweil East maps ~505,028 cattle in baseline.)"
2023-11-27,Aweil North,0.0,0.053,0,harvest / drying,0.0,0.0,463800.5038861725,"No flood expected in Aweil North this week (q50 0.0 km²). Routine monitoring. (Aweil North maps ~463,801 cattle in baseline.)"
2023-11-27,Aweil South,0.0,0.077,0,harvest / drying,0.0,0.0,141256.8006910938,"No flood expected in Aweil South this week (q50 0.0 km²). Routine monitoring. (Aweil South maps ~141,257 cattle in baseline.)"
2023-11-27,Aweil West,0.0,0.161,0,harvest / drying,0.0,0.0,318964.9515941321,"No flood expected in Aweil West this week (q50 0.0 km²). Routine monitoring. (Aweil West maps ~318,965 cattle in baseline.)"
2023-12-04,Aweil Centre,0.0,0.069,0,dry season,0.0,0.0,364961.8333817694,"No flood expected in Aweil Centre this week (q50 0.0 km²). Routine monitoring. (Aweil Centre maps ~364,962 cattle in baseline.)"
2023-12-04,Aweil East,0.04,0.321,0,dry season,8.2,166.8,505027.7802561831,"No flood expected in Aweil East this week (q50 0.0 km²). Routine monitoring. Approx. 8 ha of mapped crops in the Aweil East floodplain are at risk. Approx. 167 ha of rangeland at risk; plan early herd movement. (Aweil East maps ~505,028 cattle in baseline.)"
2023-12-04,Aweil North,0.0,0.052,0,dry season,0.0,0.0,463800.5038861725,"No flood expected in Aweil North this week (q50 0.0 km²). Routine monitoring. (Aweil North maps ~463,801 cattle in baseline.)"
2023-12-04,Aweil South,0.0,0.052,0,dry season,0.0,0.0,141256.8006910938,"No flood expected in Aweil South this week (q50 0.0 km²). Routine monitoring. (Aweil South maps ~141,257 cattle in baseline.)"
2023-12-04,Aweil West,0.0,0.147,0,dry season,0.0,25.3,318964.9515941321,"No flood expected in Aweil West this week (q50 0.0 km²). Routine monitoring. Approx. 25 ha of rangeland at risk; plan early herd movement. (Aweil West maps ~318,965 cattle in baseline.)"
2023-12-11,Aweil Centre,0.64,0.435,2,dry season,0.0,396.3,364961.8333817694,"High flood risk in Aweil Centre this week: q50 0.6 km², above most December weeks since 2000. Dry season: little active cropping; floodplain grazing and residual flooding dominate. Approx. 396 ha of rangeland at risk; plan early herd movement. (Aweil Centre maps ~364,962 cattle in baseline.)"
2023-12-11,Aweil East,0.0,0.093,0,dry season,0.0,0.0,505027.7802561831,"No flood expected in Aweil East this week (q50 0.0 km²). Routine monitoring. (Aweil East maps ~505,028 cattle in baseline.)"
2023-12-11,Aweil North,0.0,0.05,0,dry season,0.0,0.0,463800.5038861725,"No flood expected in Aweil North this week (q50 0.0 km²). Routine monitoring. (Aweil North maps ~463,801 cattle in baseline.)"
2023-12-11,Aweil South,0.68,0.443,0,dry season,43.2,864.7,141256.8006910938,"No flood expected in Aweil South this week (q50 0.7 km²). Routine monitoring. Approx. 43 ha of mapped crops in the Aweil South floodplain are at risk. Approx. 865 ha of rangeland at risk; plan early herd movement. (Aweil South maps ~141,257 cattle in baseline.)"
2023-12-11,Aweil West,0.0,0.048,0,dry season,0.0,0.0,318964.9515941321,"No flood expected in Aweil West this week (q50 0.0 km²). Routine monitoring. (Aweil West maps ~318,965 cattle in baseline.)"
2023-12-18,Aweil Centre,0.01,0.225,0,dry season,0.0,6.6,364961.8333817694,"No flood expected in Aweil Centre this week (q50 0.0 km²). Routine monitoring. Approx. 7 ha of rangeland at risk; plan early herd movement. (Aweil Centre maps ~364,962 cattle in baseline.)"
2023-12-18,Aweil East,0.0,0.102,0,dry season,0.0,0.0,505027.7802561831,"No flood expected in Aweil East this week (q50 0.0 km²). Routine monitoring. (Aweil East maps ~505,028 cattle in baseline.)"
2023-12-18,Aweil North,0.0,0.06,0,dry season,0.0,0.0,463800.5038861725,"No flood expected in Aweil North this week (q50 0.0 km²). Routine monitoring. (Aweil North maps ~463,801 cattle in baseline.)"
2023-12-18,Aweil South,0.92,0.689,0,dry season,57.7,1156.4,141256.8006910938,"SEVERE flood expected in Aweil South this week: q50 0.9 km², above the 95th percentile of all December weeks since 2000. Approx. 58 ha of mapped crops in the Aweil South floodplain are at risk. Approx. 1,156 ha of rangeland at risk; plan early herd movement. (Aweil South maps ~141,257 cattle in baseline.)"
2023-12-18,Aweil West,0.0,0.05,0,dry season,0.0,0.0,318964.9515941321,"No flood expected in Aweil West this week (q50 0.0 km²). Routine monitoring. (Aweil West maps ~318,965 cattle in baseline.)"
2023-12-25,Aweil Centre,0.0,0.069,0,dry season,0.0,0.0,364961.8333817694,"No flood expected in Aweil Centre this week (q50 0.0 km²). Routine monitoring. (Aweil Centre maps ~364,962 cattle in baseline.)"
2023-12-25,Aweil East,0.0,0.08,0,dry season,0.0,0.0,505027.7802561831,"No flood expected in Aweil East this week (q50 0.0 km²). Routine monitoring. (Aweil East maps ~505,028 cattle in baseline.)"
2023-12-25,Aweil North,0.0,0.047,0,dry season,0.0,0.0,463800.5038861725,"No flood expected in Aweil North this week (q50 0.0 km²). Routine monitoring. (Aweil North maps ~463,801 cattle in baseline.)"
2023-12-25,Aweil South,0.92,0.731,0,dry season,58.0,1162.4,141256.8006910938,"SEVERE flood expected in Aweil South this week: q50 0.9 km², above the 95th percentile of all December weeks since 2000. Approx. 58 ha of mapped crops in the Aweil South floodplain are at risk. Approx. 1,162 ha of rangeland at risk; plan early herd movement. (Aweil South maps ~141,257 cattle in baseline.)"
2023-12-25,Aweil West,0.0,0.042,0,dry season,0.0,0.0,318964.9515941321,"No flood expected in Aweil West this week (q50 0.0 km²). Routine monitoring. (Aweil West maps ~318,965 cattle in baseline.)"
2024-01-01,Aweil Centre,0.0,0.1,0,dry season (late phase),0.0,0.0,364961.8333817694,"No flood expected in Aweil Centre this week (q50 0.0 km²). Routine monitoring. (Aweil Centre maps ~364,962 cattle in baseline.)"
2024-01-01,Aweil East,0.0,0.151,0,dry season (late phase),0.0,6.8,505027.7802561831,"No flood expected in Aweil East this week (q50 0.0 km²). Routine monitoring. Approx. 7 ha of rangeland at risk; plan early herd movement. (Aweil East maps ~505,028 cattle in baseline.)"
2024-01-01,Aweil North,0.0,0.082,0,dry season (late phase),0.0,0.0,463800.5038861725,"No flood expected in Aweil North this week (q50 0.0 km²). Routine monitoring. (Aweil North maps ~463,801 cattle in baseline.)"
2024-01-01,Aweil South,0.29,0.524,2,dry season (late phase),0.6,21.4,141256.8006910938,"High flood risk in Aweil South this week: q50 0.3 km², above most January weeks since 2000. Dry season (late phase): little active cropping; floodplain grazing and residual flooding dominate. Approx. 21 ha of rangeland at risk; plan early herd movement. (Aweil South maps ~141,257 cattle in baseline.)"
2024-01-01,Aweil West,0.0,0.071,0,dry season (late phase),0.0,0.0,318964.9515941321,"No flood expected in Aweil West this week (q50 0.0 km²). Routine monitoring. (Aweil West maps ~318,965 cattle in baseline.)"
2024-01-08,Aweil Centre,0.01,0.116,0,dry season (late phase),0.0,66.5,364961.8333817694,"No flood expected in Aweil Centre this week (q50 0.0 km²). Routine monitoring. Approx. 67 ha of rangeland at risk; plan early herd movement. (Aweil Centre maps ~364,962 cattle in baseline.)"
2024-01-08,Aweil East,0.01,0.108,0,dry season (late phase),0.0,43.4,505027.7802561831,"No flood expected in Aweil East this week (q50 0.0 km²). Routine monitoring. Approx. 43 ha of rangeland at risk; plan early herd movement. (Aweil East maps ~505,028 cattle in baseline.)"
2024-01-08,Aweil North,0.0,0.048,0,dry season (late phase),0.0,0.0,463800.5038861725,"No flood expected in Aweil North this week (q50 0.0 km²). Routine monitoring. (Aweil North maps ~463,801 cattle in baseline.)"
2024-01-08,Aweil South,0.05,0.422,0,dry season (late phase),0.1,3.9,141256.8006910938,"No flood expected in Aweil South this week (q50 0.1 km²). Routine monitoring. Approx. 4 ha of rangeland at risk; plan early herd movement. (Aweil South maps ~141,257 cattle in baseline.)"
2024-01-08,Aweil West,0.0,0.046,0,dry season (late phase),0.0,0.0,318964.9515941321,"No flood expected in Aweil West this week (q50 0.0 km²). Routine monitoring. (Aweil West maps ~318,965 cattle in baseline.)"
2024-01-15,Aweil Centre,0.0,0.128,0,dry season (late phase),0.0,0.0,364961.8333817694,"No flood expected in Aweil Centre this week (q50 0.0 km²). Routine monitoring. (Aweil Centre maps ~364,962 cattle in baseline.)"
2024-01-15,Aweil East,0.34,0.513,3,dry season (late phase),0.0,778.0,505027.7802561831,"SEVERE flood expected in Aweil East this week: q50 0.3 km², above the 95th percentile of all January weeks since 2000. Dry season (late phase): little active cropping; floodplain grazing and residual flooding dominate. Approx. 778 ha of rangeland at risk; plan early herd movement. (Aweil East maps ~505,028 cattle in baseline.)"
2024-01-15,Aweil North,0.0,0.046,0,dry season (late phase),0.0,0.0,463800.5038861725,"No flood expected in Aweil North this week (q50 0.0 km²). Routine monitoring. (Aweil North maps ~463,801 cattle in baseline.)"
2024-01-15,Aweil South,0.02,0.246,0,dry season (late phase),0.0,1.2,141256.8006910938,"No flood expected in Aweil South this week (q50 0.0 km²). Routine monitoring. Approx. 1 ha of rangeland at risk; plan early herd movement. (Aweil South maps ~141,257 cattle in baseline.)"
2024-01-15,Aweil West,0.0,0.044,0,dry season (late phase),0.0,0.0,318964.9515941321,"No flood expected in Aweil West this week (q50 0.0 km²). Routine monitoring. (Aweil West maps ~318,965 cattle in baseline.)"
2024-01-22,Aweil Centre,0.0,0.083,0,dry season (late phase),0.0,0.0,364961.8333817694,"No flood expected in Aweil Centre this week (q50 0.0 km²). Routine monitoring. (Aweil Centre maps ~364,962 cattle in baseline.)"
2024-01-22,Aweil East,0.24,0.522,3,dry season (late phase),0.0,778.0,505027.7802561831,"SEVERE flood expected in Aweil East this week: q50 0.2 km², above the 95th percentile of all January weeks since 2000. Dry season (late phase): little active cropping; floodplain grazing and residual flooding dominate. Approx. 778 ha of rangeland at risk; plan early herd movement. (Aweil East maps ~505,028 cattle in baseline.)"
2024-01-22,Aweil North,0.0,0.038,0,dry season (late phase),0.0,0.0,463800.5038861725,"No flood expected in Aweil North this week (q50 0.0 km²). Routine monitoring. (Aweil North maps ~463,801 cattle in baseline.)"
2024-01-22,Aweil South,0.0,0.042,0,dry season (late phase),0.0,0.0,141256.8006910938,"No flood expected in Aweil South this week (q50 0.0 km²). Routine monitoring. (Aweil South maps ~141,257 cattle in baseline.)"
2024-01-22,Aweil West,0.0,0.037,0,dry season (late phase),0.0,0.0,318964.9515941321,"No flood expected in Aweil West this week (q50 0.0 km²). Routine monitoring. (Aweil West maps ~318,965 cattle in baseline.)"
2024-01-29,Aweil Centre,0.0,0.058,0,dry season (late phase),0.0,0.0,364961.8333817694,"No flood expected in Aweil Centre this week (q50 0.0 km²). Routine monitoring. (Aweil Centre maps ~364,962 cattle in baseline.)"
2024-01-29,Aweil East,0.34,0.581,3,dry season (late phase),0.0,778.0,505027.7802561831,"SEVERE flood expected in Aweil East this week: q50 0.3 km², above the 95th percentile of all January weeks since 2000. Dry season (late phase): little active cropping; floodplain grazing and residual flooding dominate. Approx. 778 ha of rangeland at risk; plan early herd movement. (Aweil East maps ~505,028 cattle in baseline.)"
2024-01-29,Aweil North,0.0,0.045,0,dry season (late phase),0.0,0.0,463800.5038861725,"No flood expected in Aweil North this week (q50 0.0 km²). Routine monitoring. (Aweil North maps ~463,801 cattle in baseline.)"
2024-01-29,Aweil South,0.0,0.044,0,dry season (late phase),0.0,0.0,141256.8006910938,"No flood expected in Aweil South this week (q50 0.0 km²). Routine monitoring. (Aweil South maps ~141,257 cattle in baseline.)"
2024-01-29,Aweil West,0.0,0.041,0,dry season (late phase),0.0,0.0,318964.9515941321,"No flood expected in Aweil West this week (q50 0.0 km²). Routine monitoring. (Aweil West maps ~318,965 cattle in baseline.)"
2024-02-05,Aweil Centre,0.0,0.045,0,dry season,0.0,0.0,364961.8333817694,"No flood expected in Aweil Centre this week (q50 0.0 km²). Routine monitoring. (Aweil Centre maps ~364,962 cattle in baseline.)"
2024-02-05,Aweil East,0.0,0.191,0,dry season,0.0,0.0,505027.7802561831,"No flood expected in Aweil East this week (q50 0.0 km²). Routine monitoring. (Aweil East maps ~505,028 cattle in baseline.)"
2024-02-05,Aweil North,0.0,0.038,0,dry season,0.0,0.0,463800.5038861725,"No flood expected in Aweil North this week (q50 0.0 km²). Routine monitoring. (Aweil North maps ~463,801 cattle in baseline.)"
2024-02-05,Aweil South,0.0,0.037,0,dry season,0.0,0.0,141256.8006910938,"No flood expected in Aweil South this week (q50 0.0 km²). Routine monitoring. (Aweil South maps ~141,257 cattle in baseline.)"
2024-02-05,Aweil West,0.0,0.037,0,dry season,0.0,0.0,318964.9515941321,"No flood expected in Aweil West this week (q50 0.0 km²). Routine monitoring. (Aweil West maps ~318,965 cattle in baseline.)"
2024-02-12,Aweil Centre,0.0,0.047,0,dry season,0.0,0.0,364961.8333817694,"No flood expected in Aweil Centre this week (q50 0.0 km²). Routine monitoring. (Aweil Centre maps ~364,962 cattle in baseline.)"
2024-02-12,Aweil East,0.0,0.065,0,dry season,0.0,0.0,505027.7802561831,"No flood expected in Aweil East this week (q50 0.0 km²). Routine monitoring. (Aweil East maps ~505,028 cattle in baseline.)"
2024-02-12,Aweil North,0.0,0.042,0,dry season,0.0,0.0,463800.5038861725,"No flood expected in Aweil North this week (q50 0.0 km²). Routine monitoring. (Aweil North maps ~463,801 cattle in baseline.)"
2024-02-12,Aweil South,0.0,0.04,0,dry season,0.0,0.0,141256.8006910938,"No flood expected in Aweil South this week (q50 0.0 km²). Routine monitoring. (Aweil South maps ~141,257 cattle in baseline.)"
2024-02-12,Aweil West,0.0,0.038,0,dry season,0.0,0.0,318964.9515941321,"No flood expected in Aweil West this week (q50 0.0 km²). Routine monitoring. (Aweil West maps ~318,965 cattle in baseline.)"
2024-02-19,Aweil Centre,0.0,0.112,0,dry season,0.0,0.0,364961.8333817694,"No flood expected in Aweil Centre this week (q50 0.0 km²). Routine monitoring. (Aweil Centre maps ~364,962 cattle in baseline.)"
2024-02-19,Aweil East,0.0,0.084,0,dry season,0.0,0.0,505027.7802561831,"No flood expected in Aweil East this week (q50 0.0 km²). Routine monitoring. (Aweil East maps ~505,028 cattle in baseline.)"
2024-02-19,Aweil North,0.0,0.074,0,dry season,0.0,0.0,463800.5038861725,"No flood expected in Aweil North this week (q50 0.0 km²). Routine monitoring. (Aweil North maps ~463,801 cattle in baseline.)"
2024-02-19,Aweil South,0.0,0.071,0,dry season,0.0,0.0,141256.8006910938,"No flood expected in Aweil South this week (q50 0.0 km²). Routine monitoring. (Aweil South maps ~141,257 cattle in baseline.)"
2024-02-19,Aweil West,0.0,0.072,0,dry season,0.0,0.0,318964.9515941321,"No flood expected in Aweil West this week (q50 0.0 km²). Routine monitoring. (Aweil West maps ~318,965 cattle in baseline.)"
2024-02-26,Aweil Centre,0.0,0.094,0,dry season,0.0,0.0,364961.8333817694,"No flood expected in Aweil Centre this week (q50 0.0 km²). Routine monitoring. (Aweil Centre maps ~364,962 cattle in baseline.)"
2024-02-26,Aweil East,0.0,0.074,0,dry season,0.0,0.0,505027.7802561831,"No flood expected in Aweil East this week (q50 0.0 km²). Routine monitoring. (Aweil East maps ~505,028 cattle in baseline.)"
2024-02-26,Aweil North,0.0,0.067,0,dry season,0.0,0.0,463800.5038861725,"No flood expected in Aweil North this week (q50 0.0 km²). Routine monitoring. (Aweil North maps ~463,801 cattle in baseline.)"
2024-02-26,Aweil South,0.0,0.064,0,dry season,0.0,0.0,141256.8006910938,"No flood expected in Aweil South this week (q50 0.0 km²). Routine monitoring. (Aweil South maps ~141,257 cattle in baseline.)"
2024-02-26,Aweil West,0.0,0.061,0,dry season,0.0,0.0,318964.9515941321,"No flood expected in Aweil West this week (q50 0.0 km²). Routine monitoring. (Aweil West maps ~318,965 cattle in baseline.)"
2024-03-04,Aweil Centre,0.0,0.088,0,early season (sowing),0.0,0.0,364961.8333817694,"No flood expected in Aweil Centre this week (q50 0.0 km²). Routine monitoring. (Aweil Centre maps ~364,962 cattle in baseline.)"
2024-03-04,Aweil East,0.0,0.087,0,early season (sowing),0.0,0.0,505027.7802561831,"No flood expected in Aweil East this week (q50 0.0 km²). Routine monitoring. (Aweil East maps ~505,028 cattle in baseline.)"
2024-03-04,Aweil North,0.0,0.079,0,early season (sowing),0.0,0.0,463800.5038861725,"No flood expected in Aweil North this week (q50 0.0 km²). Routine monitoring. (Aweil North maps ~463,801 cattle in baseline.)"
2024-03-04,Aweil South,0.0,0.075,0,early season (sowing),0.0,0.0,141256.8006910938,"No flood expected in Aweil South this week (q50 0.0 km²). Routine monitoring. (Aweil South maps ~141,257 cattle in baseline.)"
2024-03-04,Aweil West,0.0,0.072,0,early season (sowing),0.0,0.0,318964.9515941321,"No flood expected in Aweil West this week (q50 0.0 km²). Routine monitoring. (Aweil West maps ~318,965 cattle in baseline.)"
2024-03-11,Aweil Centre,0.0,0.051,0,early season (sowing),0.0,0.0,364961.8333817694,"No flood expected in Aweil Centre this week (q50 0.0 km²). Routine monitoring. (Aweil Centre maps ~364,962 cattle in baseline.)"
2024-03-11,Aweil East,0.0,0.052,0,early season (sowing),0.0,0.0,505027.7802561831,"No flood expected in Aweil East this week (q50 0.0 km²). Routine monitoring. (Aweil East maps ~505,028 cattle in baseline.)"
2024-03-11,Aweil North,0.0,0.051,0,early season (sowing),0.0,0.0,463800.5038861725,"No flood expected in Aweil North this week (q50 0.0 km²). Routine monitoring. (Aweil North maps ~463,801 cattle in baseline.)"
2024-03-11,Aweil South,0.0,0.049,0,early season (sowing),0.0,0.0,141256.8006910938,"No flood expected in Aweil South this week (q50 0.0 km²). Routine monitoring. (Aweil South maps ~141,257 cattle in baseline.)"
2024-03-11,Aweil West,0.0,0.049,0,early season (sowing),0.0,0.0,318964.9515941321,"No flood expected in Aweil West this week (q50 0.0 km²). Routine monitoring. (Aweil West maps ~318,965 cattle in baseline.)"
2024-03-18,Aweil Centre,0.0,0.05,0,early season (sowing),0.0,0.0,364961.8333817694,"No flood expected in Aweil Centre this week (q50 0.0 km²). Routine monitoring. (Aweil Centre maps ~364,962 cattle in baseline.)"
2024-03-18,Aweil East,0.0,0.05,0,early season (sowing),0.0,0.0,505027.7802561831,"No flood expected in Aweil East this week (q50 0.0 km²). Routine monitoring. (Aweil East maps ~505,028 cattle in baseline.)"
2024-03-18,Aweil North,0.0,0.045,0,early season (sowing),0.0,0.0,463800.5038861725,"No flood expected in Aweil North this week (q50 0.0 km²). Routine monitoring. (Aweil North maps ~463,801 cattle in baseline.)"
2024-03-18,Aweil South,0.0,0.043,0,early season (sowing),0.0,0.0,141256.8006910938,"No flood expected in Aweil South this week (q50 0.0 km²). Routine monitoring. (Aweil South maps ~141,257 cattle in baseline.)"
2024-03-18,Aweil West,0.0,0.042,0,early season (sowing),0.0,0.0,318964.9515941321,"No flood expected in Aweil West this week (q50 0.0 km²). Routine monitoring. (Aweil West maps ~318,965 cattle in baseline.)"
2024-03-25,Aweil Centre,0.0,0.072,0,early season (sowing),0.0,0.0,364961.8333817694,"No flood expected in Aweil Centre this week (q50 0.0 km²). Routine monitoring. (Aweil Centre maps ~364,962 cattle in baseline.)"
2024-03-25,Aweil East,0.0,0.076,0,early season (sowing),0.0,0.0,505027.7802561831,"No flood expected in Aweil East this week (q50 0.0 km²). Routine monitoring. (Aweil East maps ~505,028 cattle in baseline.)"
2024-03-25,Aweil North,0.0,0.072,0,early season (sowing),0.0,0.0,463800.5038861725,"No flood expected in Aweil North this week (q50 0.0 km²). Routine monitoring. (Aweil North maps ~463,801 cattle in baseline.)"
2024-03-25,Aweil South,0.0,0.069,0,early season (sowing),0.0,0.0,141256.8006910938,"No flood expected in Aweil South this week (q50 0.0 km²). Routine monitoring. (Aweil South maps ~141,257 cattle in baseline.)"
2024-03-25,Aweil West,0.0,0.136,0,early season (sowing),0.0,0.0,318964.9515941321,"No flood expected in Aweil West this week (q50 0.0 km²). Routine monitoring. (Aweil West maps ~318,965 cattle in baseline.)"
2024-04-01,Aweil Centre,0.0,0.047,0,crop establishment,0.0,0.0,364961.8333817694,"No flood expected in Aweil Centre this week (q50 0.0 km²). Routine monitoring. (Aweil Centre maps ~364,962 cattle in baseline.)"
2024-04-01,Aweil East,0.0,0.052,0,crop establishment,0.0,0.0,505027.7802561831,"No flood expected in Aweil East this week (q50 0.0 km²). Routine monitoring. (Aweil East maps ~505,028 cattle in baseline.)"
2024-04-01,Aweil North,0.0,0.05,0,crop establishment,0.0,0.0,463800.5038861725,"No flood expected in Aweil North this week (q50 0.0 km²). Routine monitoring. (Aweil North maps ~463,801 cattle in baseline.)"
2024-04-01,Aweil South,0.0,0.048,0,crop establishment,0.0,0.0,141256.8006910938,"No flood expected in Aweil South this week (q50 0.0 km²). Routine monitoring. (Aweil South maps ~141,257 cattle in baseline.)"
2024-04-01,Aweil West,0.0,0.073,0,crop establishment,0.0,0.0,318964.9515941321,"No flood expected in Aweil West this week (q50 0.0 km²). Routine monitoring. (Aweil West maps ~318,965 cattle in baseline.)"
2024-04-08,Aweil Centre,0.0,0.052,0,crop establishment,0.0,0.0,364961.8333817694,"No flood expected in Aweil Centre this week (q50 0.0 km²). Routine monitoring. (Aweil Centre maps ~364,962 cattle in baseline.)"
2024-04-08,Aweil East,0.0,0.055,0,crop establishment,0.0,0.0,505027.7802561831,"No flood expected in Aweil East this week (q50 0.0 km²). Routine monitoring. (Aweil East maps ~505,028 cattle in baseline.)"
2024-04-08,Aweil North,0.0,0.056,0,crop establishment,0.0,0.0,463800.5038861725,"No flood expected in Aweil North this week (q50 0.0 km²). Routine monitoring. (Aweil North maps ~463,801 cattle in baseline.)"
2024-04-08,Aweil South,0.0,0.054,0,crop establishment,0.0,0.0,141256.8006910938,"No flood expected in Aweil South this week (q50 0.0 km²). Routine monitoring. (Aweil South maps ~141,257 cattle in baseline.)"
2024-04-08,Aweil West,0.0,0.054,0,crop establishment,0.0,0.0,318964.9515941321,"No flood expected in Aweil West this week (q50 0.0 km²). Routine monitoring. (Aweil West maps ~318,965 cattle in baseline.)"
2024-04-15,Aweil Centre,0.0,0.037,0,crop establishment,0.0,0.0,364961.8333817694,"No flood expected in Aweil Centre this week (q50 0.0 km²). Routine monitoring. (Aweil Centre maps ~364,962 cattle in baseline.)"
2024-04-15,Aweil East,0.0,0.044,0,crop establishment,0.0,0.0,505027.7802561831,"No flood expected in Aweil East this week (q50 0.0 km²). Routine monitoring. (Aweil East maps ~505,028 cattle in baseline.)"
2024-04-15,Aweil North,0.0,0.035,0,crop establishment,0.0,0.0,463800.5038861725,"No flood expected in Aweil North this week (q50 0.0 km²). Routine monitoring. (Aweil North maps ~463,801 cattle in baseline.)"
2024-04-15,Aweil South,0.0,0.034,0,crop establishment,0.0,0.0,141256.8006910938,"No flood expected in Aweil South this week (q50 0.0 km²). Routine monitoring. (Aweil South maps ~141,257 cattle in baseline.)"
2024-04-15,Aweil West,0.0,0.034,0,crop establishment,0.0,0.0,318964.9515941321,"No flood expected in Aweil West this week (q50 0.0 km²). Routine monitoring. (Aweil West maps ~318,965 cattle in baseline.)"
2024-04-22,Aweil Centre,0.0,0.053,0,crop establishment,0.0,0.0,364961.8333817694,"No flood expected in Aweil Centre this week (q50 0.0 km²). Routine monitoring. (Aweil Centre maps ~364,962 cattle in baseline.)"
2024-04-22,Aweil East,0.0,0.062,0,crop establishment,0.0,0.0,505027.7802561831,"No flood expected in Aweil East this week (q50 0.0 km²). Routine monitoring. (Aweil East maps ~505,028 cattle in baseline.)"
2024-04-22,Aweil North,0.0,0.055,0,crop establishment,0.0,0.0,463800.5038861725,"No flood expected in Aweil North this week (q50 0.0 km²). Routine monitoring. (Aweil North maps ~463,801 cattle in baseline.)"
2024-04-22,Aweil South,0.0,0.053,0,crop establishment,0.0,0.0,141256.8006910938,"No flood expected in Aweil South this week (q50 0.0 km²). Routine monitoring. (Aweil South maps ~141,257 cattle in baseline.)"
2024-04-22,Aweil West,0.0,0.051,0,crop establishment,0.0,0.0,318964.9515941321,"No flood expected in Aweil West this week (q50 0.0 km²). Routine monitoring. (Aweil West maps ~318,965 cattle in baseline.)"
2024-04-29,Aweil Centre,0.0,0.047,0,crop establishment,0.0,0.0,364961.8333817694,"No flood expected in Aweil Centre this week (q50 0.0 km²). Routine monitoring. (Aweil Centre maps ~364,962 cattle in baseline.)"
2024-04-29,Aweil East,0.0,0.053,0,crop establishment,0.0,0.0,505027.7802561831,"No flood expected in Aweil East this week (q50 0.0 km²). Routine monitoring. (Aweil East maps ~505,028 cattle in baseline.)"
2024-04-29,Aweil North,0.0,0.045,0,crop establishment,0.0,0.0,463800.5038861725,"No flood expected in Aweil North this week (q50 0.0 km²). Routine monitoring. (Aweil North maps ~463,801 cattle in baseline.)"
2024-04-29,Aweil South,0.0,0.043,0,crop establishment,0.0,0.0,141256.8006910938,"No flood expected in Aweil South this week (q50 0.0 km²). Routine monitoring. (Aweil South maps ~141,257 cattle in baseline.)"
2024-04-29,Aweil West,0.0,0.043,0,crop establishment,0.0,0.0,318964.9515941321,"No flood expected in Aweil West this week (q50 0.0 km²). Routine monitoring. (Aweil West maps ~318,965 cattle in baseline.)"
2024-05-06,Aweil Centre,0.0,0.048,0,vegetative growth,0.0,0.0,364961.8333817694,"No flood expected in Aweil Centre this week (q50 0.0 km²). Routine monitoring. (Aweil Centre maps ~364,962 cattle in baseline.)"
2024-05-06,Aweil East,0.0,0.056,0,vegetative growth,0.0,0.0,505027.7802561831,"No flood expected in Aweil East this week (q50 0.0 km²). Routine monitoring. (Aweil East maps ~505,028 cattle in baseline.)"
2024-05-06,Aweil North,0.0,0.043,0,vegetative growth,0.0,0.0,463800.5038861725,"No flood expected in Aweil North this week (q50 0.0 km²). Routine monitoring. (Aweil North maps ~463,801 cattle in baseline.)"
2024-05-06,Aweil South,0.0,0.041,0,vegetative growth,0.0,0.0,141256.8006910938,"No flood expected in Aweil South this week (q50 0.0 km²). Routine monitoring. (Aweil South maps ~141,257 cattle in baseline.)"
2024-05-06,Aweil West,0.0,0.042,0,vegetative growth,0.0,0.0,318964.9515941321,"No flood expected in Aweil West this week (q50 0.0 km²). Routine monitoring. (Aweil West maps ~318,965 cattle in baseline.)"
2024-05-13,Aweil Centre,0.0,0.053,0,vegetative growth,0.0,0.0,364961.8333817694,"No flood expected in Aweil Centre this week (q50 0.0 km²). Routine monitoring. (Aweil Centre maps ~364,962 cattle in baseline.)"
2024-05-13,Aweil East,0.0,0.064,0,vegetative growth,0.0,0.0,505027.7802561831,"No flood expected in Aweil East this week (q50 0.0 km²). Routine monitoring. (Aweil East maps ~505,028 cattle in baseline.)"
2024-05-13,Aweil North,0.0,0.053,0,vegetative growth,0.0,0.0,463800.5038861725,"No flood expected in Aweil North this week (q50 0.0 km²). Routine monitoring. (Aweil North maps ~463,801 cattle in baseline.)"
2024-05-13,Aweil South,0.0,0.05,0,vegetative growth,0.0,0.0,141256.8006910938,"No flood expected in Aweil South this week (q50 0.0 km²). Routine monitoring. (Aweil South maps ~141,257 cattle in baseline.)"
2024-05-13,Aweil West,0.0,0.051,0,vegetative growth,0.0,0.0,318964.9515941321,"No flood expected in Aweil West this week (q50 0.0 km²). Routine monitoring. (Aweil West maps ~318,965 cattle in baseline.)"
2024-05-20,Aweil Centre,0.0,0.049,0,vegetative growth,0.0,0.0,364961.8333817694,"No flood expected in Aweil Centre this week (q50 0.0 km²). Routine monitoring. (Aweil Centre maps ~364,962 cattle in baseline.)"
2024-05-20,Aweil East,0.0,0.059,0,vegetative growth,0.0,0.0,505027.7802561831,"No flood expected in Aweil East this week (q50 0.0 km²). Routine monitoring. (Aweil East maps ~505,028 cattle in baseline.)"
2024-05-20,Aweil North,0.0,0.046,0,vegetative growth,0.0,0.0,463800.5038861725,"No flood expected in Aweil North this week (q50 0.0 km²). Routine monitoring. (Aweil North maps ~463,801 cattle in baseline.)"
2024-05-20,Aweil South,0.0,0.044,0,vegetative growth,0.0,0.0,141256.8006910938,"No flood expected in Aweil South this week (q50 0.0 km²). Routine monitoring. (Aweil South maps ~141,257 cattle in baseline.)"
2024-05-20,Aweil West,0.0,0.043,0,vegetative growth,0.0,0.0,318964.9515941321,"No flood expected in Aweil West this week (q50 0.0 km²). Routine monitoring. (Aweil West maps ~318,965 cattle in baseline.)"
2024-05-27,Aweil Centre,0.0,0.05,0,vegetative growth,0.0,0.0,364961.8333817694,"No flood expected in Aweil Centre this week (q50 0.0 km²). Routine monitoring. (Aweil Centre maps ~364,962 cattle in baseline.)"
2024-05-27,Aweil East,0.0,0.06,0,vegetative growth,0.0,0.0,505027.7802561831,"No flood expected in Aweil East this week (q50 0.0 km²). Routine monitoring. (Aweil East maps ~505,028 cattle in baseline.)"
2024-05-27,Aweil North,0.0,0.045,0,vegetative growth,0.0,0.0,463800.5038861725,"No flood expected in Aweil North this week (q50 0.0 km²). Routine monitoring. (Aweil North maps ~463,801 cattle in baseline.)"
2024-05-27,Aweil South,0.0,0.045,0,vegetative growth,0.0,0.0,141256.8006910938,"No flood expected in Aweil South this week (q50 0.0 km²). Routine monitoring. (Aweil South maps ~141,257 cattle in baseline.)"
2024-05-27,Aweil West,0.0,0.042,0,vegetative growth,0.0,0.0,318964.9515941321,"No flood expected in Aweil West this week (q50 0.0 km²). Routine monitoring. (Aweil West maps ~318,965 cattle in baseline.)"
2024-06-03,Aweil Centre,0.0,0.041,0,vegetative growth (peak),0.0,0.0,364961.8333817694,"No flood expected in Aweil Centre this week (q50 0.0 km²). Routine monitoring. (Aweil Centre maps ~364,962 cattle in baseline.)"
2024-06-03,Aweil East,0.0,0.046,0,vegetative growth (peak),0.0,0.0,505027.7802561831,"No flood expected in Aweil East this week (q50 0.0 km²). Routine monitoring. (Aweil East maps ~505,028 cattle in baseline.)"
2024-06-03,Aweil North,0.0,0.039,0,vegetative growth (peak),0.0,0.0,463800.5038861725,"No flood expected in Aweil North this week (q50 0.0 km²). Routine monitoring. (Aweil North maps ~463,801 cattle in baseline.)"
2024-06-03,Aweil South,0.0,0.039,0,vegetative growth (peak),0.0,0.0,141256.8006910938,"No flood expected in Aweil South this week (q50 0.0 km²). Routine monitoring. (Aweil South maps ~141,257 cattle in baseline.)"
2024-06-03,Aweil West,0.0,0.036,0,vegetative growth (peak),0.0,0.0,318964.9515941321,"No flood expected in Aweil West this week (q50 0.0 km²). Routine monitoring. (Aweil West maps ~318,965 cattle in baseline.)"
2024-06-10,Aweil Centre,0.0,0.046,0,vegetative growth (peak),0.0,0.0,364961.8333817694,"No flood expected in Aweil Centre this week (q50 0.0 km²). Routine monitoring. (Aweil Centre maps ~364,962 cattle in baseline.)"
2024-06-10,Aweil East,0.0,0.052,0,vegetative growth (peak),0.0,0.0,505027.7802561831,"No flood expected in Aweil East this week (q50 0.0 km²). Routine monitoring. (Aweil East maps ~505,028 cattle in baseline.)"
2024-06-10,Aweil North,0.0,0.045,0,vegetative growth (peak),0.0,0.0,463800.5038861725,"No flood expected in Aweil North this week (q50 0.0 km²). Routine monitoring. (Aweil North maps ~463,801 cattle in baseline.)"
2024-06-10,Aweil South,0.0,0.045,0,vegetative growth (peak),0.0,0.0,141256.8006910938,"No flood expected in Aweil South this week (q50 0.0 km²). Routine monitoring. (Aweil South maps ~141,257 cattle in baseline.)"
2024-06-10,Aweil West,0.0,0.044,0,vegetative growth (peak),0.0,0.0,318964.9515941321,"No flood expected in Aweil West this week (q50 0.0 km²). Routine monitoring. (Aweil West maps ~318,965 cattle in baseline.)"
2024-06-17,Aweil Centre,0.0,0.03,0,vegetative growth (peak),0.0,0.0,364961.8333817694,"No flood expected in Aweil Centre this week (q50 0.0 km²). Routine monitoring. (Aweil Centre maps ~364,962 cattle in baseline.)"
2024-06-17,Aweil East,0.0,0.034,0,vegetative growth (peak),0.0,0.0,505027.7802561831,"No flood expected in Aweil East this week (q50 0.0 km²). Routine monitoring. (Aweil East maps ~505,028 cattle in baseline.)"
2024-06-17,Aweil North,0.0,0.026,0,vegetative growth (peak),0.0,0.0,463800.5038861725,"No flood expected in Aweil North this week (q50 0.0 km²). Routine monitoring. (Aweil North maps ~463,801 cattle in baseline.)"
2024-06-17,Aweil South,0.0,0.026,0,vegetative growth (peak),0.0,0.0,141256.8006910938,"No flood expected in Aweil South this week (q50 0.0 km²). Routine monitoring. (Aweil South maps ~141,257 cattle in baseline.)"
2024-06-17,Aweil West,0.0,0.026,0,vegetative growth (peak),0.0,0.0,318964.9515941321,"No flood expected in Aweil West this week (q50 0.0 km²). Routine monitoring. (Aweil West maps ~318,965 cattle in baseline.)"
2024-06-24,Aweil Centre,0.0,0.035,0,vegetative growth (peak),0.0,0.0,364961.8333817694,"No flood expected in Aweil Centre this week (q50 0.0 km²). Routine monitoring. (Aweil Centre maps ~364,962 cattle in baseline.)"
2024-06-24,Aweil East,0.0,0.04,0,vegetative growth (peak),0.0,0.0,505027.7802561831,"No flood expected in Aweil East this week (q50 0.0 km²). Routine monitoring. (Aweil East maps ~505,028 cattle in baseline.)"
2024-06-24,Aweil North,0.0,0.034,0,vegetative growth (peak),0.0,0.0,463800.5038861725,"No flood expected in Aweil North this week (q50 0.0 km²). Routine monitoring. (Aweil North maps ~463,801 cattle in baseline.)"
2024-06-24,Aweil South,0.0,0.034,0,vegetative growth (peak),0.0,0.0,141256.8006910938,"No flood expected in Aweil South this week (q50 0.0 km²). Routine monitoring. (Aweil South maps ~141,257 cattle in baseline.)"
2024-06-24,Aweil West,0.0,0.035,0,vegetative growth (peak),0.0,0.0,318964.9515941321,"No flood expected in Aweil West this week (q50 0.0 km²). Routine monitoring. (Aweil West maps ~318,965 cattle in baseline.)"
2024-07-01,Aweil Centre,0.0,0.036,0,vegetative growth (peak),0.0,0.0,364961.8333817694,"No flood expected in Aweil Centre this week (q50 0.0 km²). Routine monitoring. (Aweil Centre maps ~364,962 cattle in baseline.)"
2024-07-01,Aweil East,0.0,0.045,0,vegetative growth (peak),0.0,0.0,505027.7802561831,"No flood expected in Aweil East this week (q50 0.0 km²). Routine monitoring. (Aweil East maps ~505,028 cattle in baseline.)"
2024-07-01,Aweil North,0.0,0.033,0,vegetative growth (peak),0.0,0.0,463800.5038861725,"No flood expected in Aweil North this week (q50 0.0 km²). Routine monitoring. (Aweil North maps ~463,801 cattle in baseline.)"
2024-07-01,Aweil South,0.0,0.033,0,vegetative growth (peak),0.0,0.0,141256.8006910938,"No flood expected in Aweil South this week (q50 0.0 km²). Routine monitoring. (Aweil South maps ~141,257 cattle in baseline.)"
2024-07-01,Aweil West,0.0,0.032,0,vegetative growth (peak),0.0,0.0,318964.9515941321,"No flood expected in Aweil West this week (q50 0.0 km²). Routine monitoring. (Aweil West maps ~318,965 cattle in baseline.)"
2024-07-08,Aweil Centre,0.0,0.027,3,vegetative growth (peak),0.0,0.0,364961.8333817694,"SEVERE flood expected in Aweil Centre this week: q50 0.0 km², above the 95th percentile of all July weeks since 2000. Vegetative growth (peak): crops are at peak water demand — short flooding can be tolerated, sustained submergence is not. (Aweil Centre maps ~364,962 cattle in baseline.)"
2024-07-08,Aweil East,0.0,0.085,0,vegetative growth (peak),0.0,0.0,505027.7802561831,"No flood expected in Aweil East this week (q50 0.0 km²). Routine monitoring. (Aweil East maps ~505,028 cattle in baseline.)"
2024-07-08,Aweil North,0.0,0.027,0,vegetative growth (peak),0.0,0.0,463800.5038861725,"No flood expected in Aweil North this week (q50 0.0 km²). Routine monitoring. (Aweil North maps ~463,801 cattle in baseline.)"
2024-07-08,Aweil South,0.0,0.027,0,vegetative growth (peak),0.0,0.0,141256.8006910938,"No flood expected in Aweil South this week (q50 0.0 km²). Routine monitoring. (Aweil South maps ~141,257 cattle in baseline.)"
2024-07-08,Aweil West,0.0,0.028,0,vegetative growth (peak),0.0,0.0,318964.9515941321,"No flood expected in Aweil West this week (q50 0.0 km²). Routine monitoring. (Aweil West maps ~318,965 cattle in baseline.)"
2024-07-15,Aweil Centre,0.0,0.025,0,vegetative growth (peak),0.0,0.0,364961.8333817694,"No flood expected in Aweil Centre this week (q50 0.0 km²). Routine monitoring. (Aweil Centre maps ~364,962 cattle in baseline.)"
2024-07-15,Aweil East,0.0,0.07,0,vegetative growth (peak),0.0,0.0,505027.7802561831,"No flood expected in Aweil East this week (q50 0.0 km²). Routine monitoring. (Aweil East maps ~505,028 cattle in baseline.)"
2024-07-15,Aweil North,0.0,0.028,0,vegetative growth (peak),0.0,0.0,463800.5038861725,"No flood expected in Aweil North this week (q50 0.0 km²). Routine monitoring. (Aweil North maps ~463,801 cattle in baseline.)"
2024-07-15,Aweil South,0.0,0.028,0,vegetative growth (peak),0.0,0.0,141256.8006910938,"No flood expected in Aweil South this week (q50 0.0 km²). Routine monitoring. (Aweil South maps ~141,257 cattle in baseline.)"
2024-07-15,Aweil West,0.0,0.029,0,vegetative growth (peak),0.0,0.0,318964.9515941321,"No flood expected in Aweil West this week (q50 0.0 km²). Routine monitoring. (Aweil West maps ~318,965 cattle in baseline.)"
2024-07-22,Aweil Centre,0.0,0.031,3,vegetative growth (peak),0.0,0.0,364961.8333817694,"SEVERE flood expected in Aweil Centre this week: q50 0.0 km², above the 95th percentile of all July weeks since 2000. Vegetative growth (peak): crops are at peak water demand — short flooding can be tolerated, sustained submergence is not. (Aweil Centre maps ~364,962 cattle in baseline.)"
2024-07-22,Aweil East,0.0,0.06,0,vegetative growth (peak),0.0,0.0,505027.7802561831,"No flood expected in Aweil East this week (q50 0.0 km²). Routine monitoring. (Aweil East maps ~505,028 cattle in baseline.)"
2024-07-22,Aweil North,0.0,0.034,0,vegetative growth (peak),0.0,0.0,463800.5038861725,"No flood expected in Aweil North this week (q50 0.0 km²). Routine monitoring. (Aweil North maps ~463,801 cattle in baseline.)"
2024-07-22,Aweil South,0.0,0.034,0,vegetative growth (peak),0.0,0.0,141256.8006910938,"No flood expected in Aweil South this week (q50 0.0 km²). Routine monitoring. (Aweil South maps ~141,257 cattle in baseline.)"
2024-07-22,Aweil West,0.0,0.031,0,vegetative growth (peak),0.0,0.0,318964.9515941321,"No flood expected in Aweil West this week (q50 0.0 km²). Routine monitoring. (Aweil West maps ~318,965 cattle in baseline.)"
2024-07-29,Aweil Centre,0.0,0.047,0,vegetative growth (peak),0.0,0.0,364961.8333817694,"No flood expected in Aweil Centre this week (q50 0.0 km²). Routine monitoring. (Aweil Centre maps ~364,962 cattle in baseline.)"
2024-07-29,Aweil East,0.6,0.508,2,vegetative growth (peak),0.0,0.0,505027.7802561831,"High flood risk in Aweil East this week: q50 0.6 km², above most July weeks since 2000. Vegetative growth (peak): crops are at peak water demand — short flooding can be tolerated, sustained submergence is not. (Aweil East maps ~505,028 cattle in baseline.)"
2024-07-29,Aweil North,0.0,0.036,0,vegetative growth (peak),0.0,0.0,463800.5038861725,"No flood expected in Aweil North this week (q50 0.0 km²). Routine monitoring. (Aweil North maps ~463,801 cattle in baseline.)"
2024-07-29,Aweil South,0.0,0.045,0,vegetative growth (peak),0.0,0.0,141256.8006910938,"No flood expected in Aweil South this week (q50 0.0 km²). Routine monitoring. (Aweil South maps ~141,257 cattle in baseline.)"
2024-07-29,Aweil West,0.0,0.045,0,vegetative growth (peak),0.0,0.0,318964.9515941321,"No flood expected in Aweil West this week (q50 0.0 km²). Routine monitoring. (Aweil West maps ~318,965 cattle in baseline.)"
2024-08-05,Aweil Centre,0.0,0.072,0,maturation,0.0,0.0,364961.8333817694,"No flood expected in Aweil Centre this week (q50 0.0 km²). Routine monitoring. (Aweil Centre maps ~364,962 cattle in baseline.)"
2024-08-05,Aweil East,0.01,0.198,0,maturation,0.0,0.0,505027.7802561831,"No flood expected in Aweil East this week (q50 0.0 km²). Routine monitoring. (Aweil East maps ~505,028 cattle in baseline.)"
2024-08-05,Aweil North,0.0,0.039,0,maturation,0.0,0.0,463800.5038861725,"No flood expected in Aweil North this week (q50 0.0 km²). Routine monitoring. (Aweil North maps ~463,801 cattle in baseline.)"
2024-08-05,Aweil South,0.0,0.05,0,maturation,0.0,0.0,141256.8006910938,"No flood expected in Aweil South this week (q50 0.0 km²). Routine monitoring. (Aweil South maps ~141,257 cattle in baseline.)"
2024-08-05,Aweil West,0.0,0.074,0,maturation,0.0,0.0,318964.9515941321,"No flood expected in Aweil West this week (q50 0.0 km²). Routine monitoring. (Aweil West maps ~318,965 cattle in baseline.)"
2024-08-12,Aweil Centre,0.0,0.107,0,maturation,0.0,0.0,364961.8333817694,"No flood expected in Aweil Centre this week (q50 0.0 km²). Routine monitoring. (Aweil Centre maps ~364,962 cattle in baseline.)"
2024-08-12,Aweil East,0.02,0.227,0,maturation,0.0,0.0,505027.7802561831,"No flood expected in Aweil East this week (q50 0.0 km²). Routine monitoring. (Aweil East maps ~505,028 cattle in baseline.)"
2024-08-12,Aweil North,0.0,0.058,0,maturation,0.0,0.0,463800.5038861725,"No flood expected in Aweil North this week (q50 0.0 km²). Routine monitoring. (Aweil North maps ~463,801 cattle in baseline.)"
2024-08-12,Aweil South,0.0,0.076,0,maturation,0.0,0.0,141256.8006910938,"No flood expected in Aweil South this week (q50 0.0 km²). Routine monitoring. (Aweil South maps ~141,257 cattle in baseline.)"
2024-08-12,Aweil West,0.0,0.11,0,maturation,0.0,0.0,318964.9515941321,"No flood expected in Aweil West this week (q50 0.0 km²). Routine monitoring. (Aweil West maps ~318,965 cattle in baseline.)"
2024-08-19,Aweil Centre,0.04,0.267,0,maturation,0.0,0.0,364961.8333817694,"No flood expected in Aweil Centre this week (q50 0.0 km²). Routine monitoring. (Aweil Centre maps ~364,962 cattle in baseline.)"
2024-08-19,Aweil East,0.28,0.493,0,maturation,0.0,0.0,505027.7802561831,"No flood expected in Aweil East this week (q50 0.3 km²). Routine monitoring. (Aweil East maps ~505,028 cattle in baseline.)"
2024-08-19,Aweil North,0.04,0.123,3,maturation,0.0,0.0,463800.5038861725,"SEVERE flood expected in Aweil North this week: q50 0.0 km², above the 95th percentile of all August weeks since 2000. Maturation: grain is filling; flooding now damages the yield that is already banked. (Aweil North maps ~463,801 cattle in baseline.)"
2024-08-19,Aweil South,0.04,0.186,0,maturation,0.0,0.0,141256.8006910938,"No flood expected in Aweil South this week (q50 0.0 km²). Routine monitoring. (Aweil South maps ~141,257 cattle in baseline.)"
2024-08-19,Aweil West,0.04,0.29,0,maturation,0.0,0.0,318964.9515941321,"No flood expected in Aweil West this week (q50 0.0 km²). Routine monitoring. (Aweil West maps ~318,965 cattle in baseline.)"
2024-08-26,Aweil Centre,0.03,0.331,0,maturation,0.0,0.0,364961.8333817694,"No flood expected in Aweil Centre this week (q50 0.0 km²). Routine monitoring. (Aweil Centre maps ~364,962 cattle in baseline.)"
2024-08-26,Aweil East,0.2,0.583,0,maturation,0.0,0.0,505027.7802561831,"SEVERE flood expected in Aweil East this week: q50 0.2 km², above the 95th percentile of all August weeks since 2000. (Aweil East maps ~505,028 cattle in baseline.)"
2024-08-26,Aweil North,0.02,0.204,3,maturation,0.0,0.0,463800.5038861725,"SEVERE flood expected in Aweil North this week: q50 0.0 km², above the 95th percentile of all August weeks since 2000. Maturation: grain is filling; flooding now damages the yield that is already banked. (Aweil North maps ~463,801 cattle in baseline.)"
2024-08-26,Aweil South,0.03,0.25,0,maturation,0.0,0.0,141256.8006910938,"No flood expected in Aweil South this week (q50 0.0 km²). Routine monitoring. (Aweil South maps ~141,257 cattle in baseline.)"
2024-08-26,Aweil West,0.03,0.365,0,maturation,0.0,0.0,318964.9515941321,"No flood expected in Aweil West this week (q50 0.0 km²). Routine monitoring. (Aweil West maps ~318,965 cattle in baseline.)"
2024-09-02,Aweil Centre,0.11,0.396,0,maturation / grain filling,0.0,14.3,364961.8333817694,"No flood expected in Aweil Centre this week (q50 0.1 km²). Routine monitoring. Approx. 14 ha of rangeland at risk; plan early herd movement. (Aweil Centre maps ~364,962 cattle in baseline.)"
2024-09-02,Aweil East,0.29,0.603,0,maturation / grain filling,0.8,34.7,505027.7802561831,"SEVERE flood expected in Aweil East this week: q50 0.3 km², above the 95th percentile of all September weeks since 2000. Approx. 35 ha of rangeland at risk; plan early herd movement. (Aweil East maps ~505,028 cattle in baseline.)"
2024-09-02,Aweil North,0.09,0.177,0,maturation / grain filling,1.3,65.9,463800.5038861725,"No flood expected in Aweil North this week (q50 0.1 km²). Routine monitoring. Approx. 1 ha of mapped crops in the Aweil North floodplain are at risk. Approx. 66 ha of rangeland at risk; plan early herd movement. (Aweil North maps ~463,801 cattle in baseline.)"
2024-09-02,Aweil South,0.09,0.238,0,maturation / grain filling,2.5,67.6,141256.8006910938,"No flood expected in Aweil South this week (q50 0.1 km²). Routine monitoring. Approx. 3 ha of mapped crops in the Aweil South floodplain are at risk. Approx. 68 ha of rangeland at risk; plan early herd movement. (Aweil South maps ~141,257 cattle in baseline.)"
2024-09-02,Aweil West,0.09,0.354,0,maturation / grain filling,0.7,43.1,318964.9515941321,"No flood expected in Aweil West this week (q50 0.1 km²). Routine monitoring. Approx. 43 ha of rangeland at risk; plan early herd movement. (Aweil West maps ~318,965 cattle in baseline.)"
2024-09-09,Aweil Centre,3.9,0.929,2,maturation / grain filling,0.0,516.9,364961.8333817694,"High flood risk in Aweil Centre this week: q50 3.9 km², above most September weeks since 2000. Maturation / grain filling: grain is filling; flooding now damages the yield that is already banked. Approx. 517 ha of rangeland at risk; plan early herd movement. (Aweil Centre maps ~364,962 cattle in baseline.)"
2024-09-09,Aweil East,13.25,0.942,0,maturation / grain filling,38.7,1597.7,505027.7802561831,"SEVERE flood expected in Aweil East this week: q50 13.2 km², above the 95th percentile of all September weeks since 2000. Approx. 39 ha of mapped crops in the Aweil East floodplain are at risk. Approx. 1,598 ha of rangeland at risk; plan early herd movement. (Aweil East maps ~505,028 cattle in baseline.)"
2024-09-09,Aweil North,2.14,0.916,2,maturation / grain filling,29.0,1518.3,463800.5038861725,"High flood risk in Aweil North this week: q50 2.1 km², above most September weeks since 2000. Maturation / grain filling: grain is filling; flooding now damages the yield that is already banked. Approx. 29 ha of mapped crops in the Aweil North floodplain are at risk. Approx. 1,518 ha of rangeland at risk; plan early herd movement. (Aweil North maps ~463,801 cattle in baseline.)"
2024-09-09,Aweil South,4.58,0.931,1,maturation / grain filling,126.1,3388.4,141256.8006910938,"Elevated flood probability in Aweil South this week (q50 4.6 km², 93% detection chance). Maturation / grain filling: grain is filling; flooding now damages the yield that is already banked. Approx. 126 ha of mapped crops in the Aweil South floodplain are at risk. Approx. 3,388 ha of rangeland at risk; plan early herd movement. (Aweil South maps ~141,257 cattle in baseline.)"
2024-09-09,Aweil West,1.92,0.897,0,maturation / grain filling,13.9,879.2,318964.9515941321,"SEVERE flood expected in Aweil West this week: q50 1.9 km², above the 95th percentile of all September weeks since 2000. Approx. 14 ha of mapped crops in the Aweil West floodplain are at risk. Approx. 879 ha of rangeland at risk; plan early herd movement. (Aweil West maps ~318,965 cattle in baseline.)"
2024-09-16,Aweil Centre,1.1,0.746,0,maturation / grain filling,0.0,146.2,364961.8333817694,"SEVERE flood expected in Aweil Centre this week: q50 1.1 km², above the 95th percentile of all September weeks since 2000. Approx. 146 ha of rangeland at risk; plan early herd movement. (Aweil Centre maps ~364,962 cattle in baseline.)"
2024-09-16,Aweil East,12.38,0.941,0,maturation / grain filling,36.2,1493.4,505027.7802561831,"SEVERE flood expected in Aweil East this week: q50 12.4 km², above the 95th percentile of all September weeks since 2000. Approx. 36 ha of mapped crops in the Aweil East floodplain are at risk. Approx. 1,493 ha of rangeland at risk; plan early herd movement. (Aweil East maps ~505,028 cattle in baseline.)"
2024-09-16,Aweil North,2.03,0.719,2,maturation / grain filling,27.5,1439.6,463800.5038861725,"High flood risk in Aweil North this week: q50 2.0 km², above most September weeks since 2000. Maturation / grain filling: grain is filling; flooding now damages the yield that is already banked. Approx. 27 ha of mapped crops in the Aweil North floodplain are at risk. Approx. 1,440 ha of rangeland at risk; plan early herd movement. (Aweil North maps ~463,801 cattle in baseline.)"
2024-09-16,Aweil South,2.59,0.844,0,maturation / grain filling,71.3,1916.9,141256.8006910938,"SEVERE flood expected in Aweil South this week: q50 2.6 km², above the 95th percentile of all September weeks since 2000. Approx. 71 ha of mapped crops in the Aweil South floodplain are at risk. Approx. 1,917 ha of rangeland at risk; plan early herd movement. (Aweil South maps ~141,257 cattle in baseline.)"
2024-09-16,Aweil West,3.64,0.888,0,maturation / grain filling,26.3,1666.6,318964.9515941321,"SEVERE flood expected in Aweil West this week: q50 3.6 km², above the 95th percentile of all September weeks since 2000. Approx. 26 ha of mapped crops in the Aweil West floodplain are at risk. Approx. 1,667 ha of rangeland at risk; plan early herd movement. (Aweil West maps ~318,965 cattle in baseline.)"
2024-09-23,Aweil Centre,2.88,0.803,0,maturation / grain filling,0.0,381.7,364961.8333817694,"SEVERE flood expected in Aweil Centre this week: q50 2.9 km², above the 95th percentile of all September weeks since 2000. Approx. 382 ha of rangeland at risk; plan early herd movement. (Aweil Centre maps ~364,962 cattle in baseline.)"
2024-09-23,Aweil East,16.85,0.927,0,maturation / grain filling,49.2,2031.8,505027.7802561831,"SEVERE flood expected in Aweil East this week: q50 16.8 km², above the 95th percentile of all September weeks since 2000. Approx. 49 ha of mapped crops in the Aweil East floodplain are at risk. Approx. 2,032 ha of rangeland at risk; plan early herd movement. (Aweil East maps ~505,028 cattle in baseline.)"
2024-09-23,Aweil North,5.08,0.86,2,maturation / grain filling,68.7,3601.7,463800.5038861725,"High flood risk in Aweil North this week: q50 5.1 km², above most September weeks since 2000. Maturation / grain filling: grain is filling; flooding now damages the yield that is already banked. Approx. 69 ha of mapped crops in the Aweil North floodplain are at risk. Approx. 3,602 ha of rangeland at risk; plan early herd movement. (Aweil North maps ~463,801 cattle in baseline.)"
2024-09-23,Aweil South,8.34,0.91,2,maturation / grain filling,229.6,6171.4,141256.8006910938,"High flood risk in Aweil South this week: q50 8.3 km², above most September weeks since 2000. Maturation / grain filling: grain is filling; flooding now damages the yield that is already banked. Approx. 230 ha of mapped crops in the Aweil South floodplain are at risk. Approx. 6,171 ha of rangeland at risk; plan early herd movement. (Aweil South maps ~141,257 cattle in baseline.)"
2024-09-23,Aweil West,11.49,0.92,2,maturation / grain filling,83.0,5260.2,318964.9515941321,"High flood risk in Aweil West this week: q50 11.5 km², above most September weeks since 2000. Maturation / grain filling: grain is filling; flooding now damages the yield that is already banked. Approx. 83 ha of mapped crops in the Aweil West floodplain are at risk. Approx. 5,260 ha of rangeland at risk; plan early herd movement. (Aweil West maps ~318,965 cattle in baseline.)"
2024-09-30,Aweil Centre,1.53,0.67,0,maturation / grain filling,0.0,202.7,364961.8333817694,"SEVERE flood expected in Aweil Centre this week: q50 1.5 km², above the 95th percentile of all September weeks since 2000. Approx. 203 ha of rangeland at risk; plan early herd movement. (Aweil Centre maps ~364,962 cattle in baseline.)"
2024-09-30,Aweil East,31.65,0.947,1,maturation / grain filling,92.4,3817.0,505027.7802561831,"Elevated flood probability in Aweil East this week (q50 31.6 km², 95% detection chance). Maturation / grain filling: grain is filling; flooding now damages the yield that is already banked. Approx. 92 ha of mapped crops in the Aweil East floodplain are at risk. Approx. 3,817 ha of rangeland at risk; plan early herd movement. (Aweil East maps ~505,028 cattle in baseline.)"
2024-09-30,Aweil North,3.28,0.806,2,maturation / grain filling,44.5,2329.9,463800.5038861725,"High flood risk in Aweil North this week: q50 3.3 km², above most September weeks since 2000. Maturation / grain filling: grain is filling; flooding now damages the yield that is already banked. Approx. 44 ha of mapped crops in the Aweil North floodplain are at risk. Approx. 2,330 ha of rangeland at risk; plan early herd movement. (Aweil North maps ~463,801 cattle in baseline.)"
2024-09-30,Aweil South,10.72,0.941,2,maturation / grain filling,295.3,7936.2,141256.8006910938,"High flood risk in Aweil South this week: q50 10.7 km², above most September weeks since 2000. Maturation / grain filling: grain is filling; flooding now damages the yield that is already banked. Approx. 295 ha of mapped crops in the Aweil South floodplain are at risk. Approx. 7,936 ha of rangeland at risk; plan early herd movement. (Aweil South maps ~141,257 cattle in baseline.)"
2024-09-30,Aweil West,5.72,0.938,2,maturation / grain filling,41.3,2617.9,318964.9515941321,"High flood risk in Aweil West this week: q50 5.7 km², above most September weeks since 2000. Maturation / grain filling: grain is filling; flooding now damages the yield that is already banked. Approx. 41 ha of mapped crops in the Aweil West floodplain are at risk. Approx. 2,618 ha of rangeland at risk; plan early herd movement. (Aweil West maps ~318,965 cattle in baseline.)"
2024-10-07,Aweil Centre,0.41,0.438,0,harvest,0.0,19.3,364961.8333817694,"No flood expected in Aweil Centre this week (q50 0.4 km²). Routine monitoring. Approx. 19 ha of rangeland at risk; plan early herd movement. (Aweil Centre maps ~364,962 cattle in baseline.)"
2024-10-07,Aweil East,38.35,0.943,0,harvest,569.8,6551.1,505027.7802561831,"SEVERE flood expected in Aweil East this week: q50 38.3 km², above the 95th percentile of all October weeks since 2000. Approx. 570 ha of mapped crops in the Aweil East floodplain are at risk. Approx. 6,551 ha of rangeland at risk; plan early herd movement. (Aweil East maps ~505,028 cattle in baseline.)"
2024-10-07,Aweil North,3.33,0.8,2,harvest,130.4,3248.0,463800.5038861725,"High flood risk in Aweil North this week: q50 3.3 km², above most October weeks since 2000. Harvest: harvest window — move produce and equipment to higher ground before water rises. Approx. 130 ha of mapped crops in the Aweil North floodplain are at risk. Approx. 3,248 ha of rangeland at risk; plan early herd movement. (Aweil North maps ~463,801 cattle in baseline.)"
2024-10-07,Aweil South,23.42,0.941,2,harvest,720.9,11422.1,141256.8006910938,"High flood risk in Aweil South this week: q50 23.4 km², above most October weeks since 2000. Harvest: harvest window — move produce and equipment to higher ground before water rises. Approx. 721 ha of mapped crops in the Aweil South floodplain are at risk. Approx. 11,422 ha of rangeland at risk; plan early herd movement. (Aweil South maps ~141,257 cattle in baseline.)"
2024-10-07,Aweil West,10.05,0.931,0,harvest,108.8,5074.3,318964.9515941321,"SEVERE flood expected in Aweil West this week: q50 10.1 km², above the 95th percentile of all October weeks since 2000. Approx. 109 ha of mapped crops in the Aweil West floodplain are at risk. Approx. 5,074 ha of rangeland at risk; plan early herd movement. (Aweil West maps ~318,965 cattle in baseline.)"
2024-10-14,Aweil Centre,0.07,0.37,0,harvest,0.0,3.4,364961.8333817694,"No flood expected in Aweil Centre this week (q50 0.1 km²). Routine monitoring. Approx. 3 ha of rangeland at risk; plan early herd movement. (Aweil Centre maps ~364,962 cattle in baseline.)"
2024-10-14,Aweil East,25.25,0.948,0,harvest,375.2,4313.6,505027.7802561831,"SEVERE flood expected in Aweil East this week: q50 25.2 km², above the 95th percentile of all October weeks since 2000. Approx. 375 ha of mapped crops in the Aweil East floodplain are at risk. Approx. 4,314 ha of rangeland at risk; plan early herd movement. (Aweil East maps ~505,028 cattle in baseline.)"
2024-10-14,Aweil North,1.37,0.711,0,harvest,53.5,1332.6,463800.5038861725,"SEVERE flood expected in Aweil North this week: q50 1.4 km², above the 95th percentile of all October weeks since 2000. Approx. 54 ha of mapped crops in the Aweil North floodplain are at risk. Approx. 1,333 ha of rangeland at risk; plan early herd movement. (Aweil North maps ~463,801 cattle in baseline.)"
2024-10-14,Aweil South,19.49,0.951,1,harvest,600.0,9506.1,141256.8006910938,"Elevated flood probability in Aweil South this week (q50 19.5 km², 95% detection chance). Harvest: harvest window — move produce and equipment to higher ground before water rises. Approx. 600 ha of mapped crops in the Aweil South floodplain are at risk. Approx. 9,506 ha of rangeland at risk; plan early herd movement. (Aweil South maps ~141,257 cattle in baseline.)"
2024-10-14,Aweil West,4.35,0.889,0,harvest,47.1,2197.7,318964.9515941321,"SEVERE flood expected in Aweil West this week: q50 4.4 km², above the 95th percentile of all October weeks since 2000. Approx. 47 ha of mapped crops in the Aweil West floodplain are at risk. Approx. 2,198 ha of rangeland at risk; plan early herd movement. (Aweil West maps ~318,965 cattle in baseline.)"
2024-10-21,Aweil Centre,0.02,0.151,0,harvest,0.0,1.1,364961.8333817694,"No flood expected in Aweil Centre this week (q50 0.0 km²). Routine monitoring. Approx. 1 ha of rangeland at risk; plan early herd movement. (Aweil Centre maps ~364,962 cattle in baseline.)"
2024-10-21,Aweil East,87.8,0.95,2,harvest,1304.7,14999.8,505027.7802561831,"High flood risk in Aweil East this week: q50 87.8 km², above most October weeks since 2000. Harvest: harvest window — move produce and equipment to higher ground before water rises. Approx. 1,305 ha of mapped crops in the Aweil East floodplain are at risk. Approx. 15,000 ha of rangeland at risk; plan early herd movement. (Aweil East maps ~505,028 cattle in baseline.)"
2024-10-21,Aweil North,2.4,0.813,2,harvest,93.9,2337.4,463800.5038861725,"High flood risk in Aweil North this week: q50 2.4 km², above most October weeks since 2000. Harvest: harvest window — move produce and equipment to higher ground before water rises. Approx. 94 ha of mapped crops in the Aweil North floodplain are at risk. Approx. 2,337 ha of rangeland at risk; plan early herd movement. (Aweil North maps ~463,801 cattle in baseline.)"
2024-10-21,Aweil South,84.83,0.948,3,harvest,2187.0,34651.6,141256.8006910938,"SEVERE flood expected in Aweil South this week: q50 84.8 km², above the 95th percentile of all October weeks since 2000. Harvest: harvest window — move produce and equipment to higher ground before water rises. Approx. 2,187 ha of mapped crops in the Aweil South floodplain are at risk. Approx. 34,652 ha of rangeland at risk; plan early herd movement. (Aweil South maps ~141,257 cattle in baseline.)"
2024-10-21,Aweil West,9.02,0.939,0,harvest,97.7,4555.3,318964.9515941321,"SEVERE flood expected in Aweil West this week: q50 9.0 km², above the 95th percentile of all October weeks since 2000. Approx. 98 ha of mapped crops in the Aweil West floodplain are at risk. Approx. 4,555 ha of rangeland at risk; plan early herd movement. (Aweil West maps ~318,965 cattle in baseline.)"
2024-10-28,Aweil Centre,1.81,0.712,0,harvest,0.0,85.0,364961.8333817694,"SEVERE flood expected in Aweil Centre this week: q50 1.8 km², above the 95th percentile of all October weeks since 2000. Approx. 85 ha of rangeland at risk; plan early herd movement. (Aweil Centre maps ~364,962 cattle in baseline.)"
2024-10-28,Aweil East,83.93,0.948,2,harvest,1247.2,14338.4,505027.7802561831,"High flood risk in Aweil East this week: q50 83.9 km², above most October weeks since 2000. Harvest: harvest window — move produce and equipment to higher ground before water rises. Approx. 1,247 ha of mapped crops in the Aweil East floodplain are at risk. Approx. 14,338 ha of rangeland at risk; plan early herd movement. (Aweil East maps ~505,028 cattle in baseline.)"
2024-10-28,Aweil North,4.41,0.917,2,harvest,172.6,4298.1,463800.5038861725,"High flood risk in Aweil North this week: q50 4.4 km², above most October weeks since 2000. Harvest: harvest window — move produce and equipment to higher ground before water rises. Approx. 173 ha of mapped crops in the Aweil North floodplain are at risk. Approx. 4,298 ha of rangeland at risk; plan early herd movement. (Aweil North maps ~463,801 cattle in baseline.)"
2024-10-28,Aweil South,54.58,0.95,3,harvest,1680.1,26621.1,141256.8006910938,"SEVERE flood expected in Aweil South this week: q50 54.6 km², above the 95th percentile of all October weeks since 2000. Harvest: harvest window — move produce and equipment to higher ground before water rises. Approx. 1,680 ha of mapped crops in the Aweil South floodplain are at risk. Approx. 26,621 ha of rangeland at risk; plan early herd movement. (Aweil South maps ~141,257 cattle in baseline.)"
2024-10-28,Aweil West,8.08,0.946,0,harvest,87.5,4077.9,318964.9515941321,"SEVERE flood expected in Aweil West this week: q50 8.1 km², above the 95th percentile of all October weeks since 2000. Approx. 87 ha of mapped crops in the Aweil West floodplain are at risk. Approx. 4,078 ha of rangeland at risk; plan early herd movement. (Aweil West maps ~318,965 cattle in baseline.)"
2024-11-04,Aweil Centre,0.77,0.809,0,harvest / drying,0.0,111.1,364961.8333817694,"SEVERE flood expected in Aweil Centre this week: q50 0.8 km², above the 95th percentile of all November weeks since 2000. Approx. 111 ha of rangeland at risk; plan early herd movement. (Aweil Centre maps ~364,962 cattle in baseline.)"
2024-11-04,Aweil East,60.4,0.948,2,harvest / drying,1091.8,14286.8,505027.7802561831,"High flood risk in Aweil East this week: q50 60.4 km², above most November weeks since 2000. Harvest / drying: harvest window closing — move produce and equipment to higher ground before water rises. Approx. 1,092 ha of mapped crops in the Aweil East floodplain are at risk. Approx. 14,287 ha of rangeland at risk; plan early herd movement. (Aweil East maps ~505,028 cattle in baseline.)"
2024-11-04,Aweil North,4.5,0.941,3,harvest / drying,214.9,8258.8,463800.5038861725,"SEVERE flood expected in Aweil North this week: q50 4.5 km², above the 95th percentile of all November weeks since 2000. Harvest / drying: harvest window closing — move produce and equipment to higher ground before water rises. Approx. 215 ha of mapped crops in the Aweil North floodplain are at risk. Approx. 8,259 ha of rangeland at risk; plan early herd movement. (Aweil North maps ~463,801 cattle in baseline.)"
2024-11-04,Aweil South,49.0,0.95,2,harvest / drying,1024.7,16417.5,141256.8006910938,"High flood risk in Aweil South this week: q50 49.0 km², above most November weeks since 2000. Harvest / drying: harvest window closing — move produce and equipment to higher ground before water rises. Approx. 1,025 ha of mapped crops in the Aweil South floodplain are at risk. Approx. 16,418 ha of rangeland at risk; plan early herd movement. (Aweil South maps ~141,257 cattle in baseline.)"
2024-11-04,Aweil West,15.26,0.948,3,harvest / drying,366.8,15738.4,318964.9515941321,"SEVERE flood expected in Aweil West this week: q50 15.3 km², above the 95th percentile of all November weeks since 2000. Harvest / drying: harvest window closing — move produce and equipment to higher ground before water rises. Approx. 367 ha of mapped crops in the Aweil West floodplain are at risk. Approx. 15,738 ha of rangeland at risk; plan early herd movement. (Aweil West maps ~318,965 cattle in baseline.)"
2024-11-11,Aweil Centre,0.8,0.748,0,harvest / drying,0.0,115.5,364961.8333817694,"SEVERE flood expected in Aweil Centre this week: q50 0.8 km², above the 95th percentile of all November weeks since 2000. Approx. 116 ha of rangeland at risk; plan early herd movement. (Aweil Centre maps ~364,962 cattle in baseline.)"
2024-11-11,Aweil East,63.4,0.946,2,harvest / drying,1146.0,14995.8,505027.7802561831,"High flood risk in Aweil East this week: q50 63.4 km², above most November weeks since 2000. Harvest / drying: harvest window closing — move produce and equipment to higher ground before water rises. Approx. 1,146 ha of mapped crops in the Aweil East floodplain are at risk. Approx. 14,996 ha of rangeland at risk; plan early herd movement. (Aweil East maps ~505,028 cattle in baseline.)"
2024-11-11,Aweil North,1.6,0.908,3,harvest / drying,214.9,8258.8,463800.5038861725,"SEVERE flood expected in Aweil North this week: q50 1.6 km², above the 95th percentile of all November weeks since 2000. Harvest / drying: harvest window closing — move produce and equipment to higher ground before water rises. Approx. 215 ha of mapped crops in the Aweil North floodplain are at risk. Approx. 8,259 ha of rangeland at risk; plan early herd movement. (Aweil North maps ~463,801 cattle in baseline.)"
2024-11-11,Aweil South,62.12,0.947,2,harvest / drying,1299.1,20814.2,141256.8006910938,"High flood risk in Aweil South this week: q50 62.1 km², above most November weeks since 2000. Harvest / drying: harvest window closing — move produce and equipment to higher ground before water rises. Approx. 1,299 ha of mapped crops in the Aweil South floodplain are at risk. Approx. 20,814 ha of rangeland at risk; plan early herd movement. (Aweil South maps ~141,257 cattle in baseline.)"
2024-11-11,Aweil West,10.13,0.94,3,harvest / drying,366.8,15738.4,318964.9515941321,"SEVERE flood expected in Aweil West this week: q50 10.1 km², above the 95th percentile of all November weeks since 2000. Harvest / drying: harvest window closing — move produce and equipment to higher ground before water rises. Approx. 367 ha of mapped crops in the Aweil West floodplain are at risk. Approx. 15,738 ha of rangeland at risk; plan early herd movement. (Aweil West maps ~318,965 cattle in baseline.)"
2024-11-18,Aweil Centre,0.07,0.626,0,harvest / drying,0.0,10.4,364961.8333817694,"SEVERE flood expected in Aweil Centre this week: q50 0.1 km², above the 95th percentile of all November weeks since 2000. Approx. 10 ha of rangeland at risk; plan early herd movement. (Aweil Centre maps ~364,962 cattle in baseline.)"
2024-11-18,Aweil East,58.96,0.95,2,harvest / drying,1065.8,13946.4,505027.7802561831,"High flood risk in Aweil East this week: q50 59.0 km², above most November weeks since 2000. Harvest / drying: harvest window closing — move produce and equipment to higher ground before water rises. Approx. 1,066 ha of mapped crops in the Aweil East floodplain are at risk. Approx. 13,946 ha of rangeland at risk; plan early herd movement. (Aweil East maps ~505,028 cattle in baseline.)"
2024-11-18,Aweil North,0.26,0.607,2,harvest / drying,70.2,2697.9,463800.5038861725,"High flood risk in Aweil North this week: q50 0.3 km², above most November weeks since 2000. Harvest / drying: harvest window closing — move produce and equipment to higher ground before water rises. Approx. 70 ha of mapped crops in the Aweil North floodplain are at risk. Approx. 2,698 ha of rangeland at risk; plan early herd movement. (Aweil North maps ~463,801 cattle in baseline.)"
2024-11-18,Aweil South,50.21,0.95,2,harvest / drying,1050.1,16824.3,141256.8006910938,"High flood risk in Aweil South this week: q50 50.2 km², above most November weeks since 2000. Harvest / drying: harvest window closing — move produce and equipment to higher ground before water rises. Approx. 1,050 ha of mapped crops in the Aweil South floodplain are at risk. Approx. 16,824 ha of rangeland at risk; plan early herd movement. (Aweil South maps ~141,257 cattle in baseline.)"
2024-11-18,Aweil West,1.02,0.931,0,harvest / drying,38.9,1667.8,318964.9515941321,"SEVERE flood expected in Aweil West this week: q50 1.0 km², above the 95th percentile of all November weeks since 2000. Approx. 39 ha of mapped crops in the Aweil West floodplain are at risk. Approx. 1,668 ha of rangeland at risk; plan early herd movement. (Aweil West maps ~318,965 cattle in baseline.)"
2024-11-25,Aweil Centre,0.0,0.194,0,harvest / drying,0.0,0.0,364961.8333817694,"No flood expected in Aweil Centre this week (q50 0.0 km²). Routine monitoring. (Aweil Centre maps ~364,962 cattle in baseline.)"
2024-11-25,Aweil East,53.73,0.949,2,harvest / drying,971.2,12708.6,505027.7802561831,"High flood risk in Aweil East this week: q50 53.7 km², above most November weeks since 2000. Harvest / drying: harvest window closing — move produce and equipment to higher ground before water rises. Approx. 971 ha of mapped crops in the Aweil East floodplain are at risk. Approx. 12,709 ha of rangeland at risk; plan early herd movement. (Aweil East maps ~505,028 cattle in baseline.)"
2024-11-25,Aweil North,0.06,0.31,0,harvest / drying,15.4,592.4,463800.5038861725,"No flood expected in Aweil North this week (q50 0.1 km²). Routine monitoring. Approx. 15 ha of mapped crops in the Aweil North floodplain are at risk. Approx. 592 ha of rangeland at risk; plan early herd movement. (Aweil North maps ~463,801 cattle in baseline.)"
2024-11-25,Aweil South,48.2,0.95,2,harvest / drying,1008.1,16151.5,141256.8006910938,"High flood risk in Aweil South this week: q50 48.2 km², above most November weeks since 2000. Harvest / drying: harvest window closing — move produce and equipment to higher ground before water rises. Approx. 1,008 ha of mapped crops in the Aweil South floodplain are at risk. Approx. 16,151 ha of rangeland at risk; plan early herd movement. (Aweil South maps ~141,257 cattle in baseline.)"
2024-11-25,Aweil West,0.0,0.37,0,harvest / drying,0.0,0.0,318964.9515941321,"No flood expected in Aweil West this week (q50 0.0 km²). Routine monitoring. (Aweil West maps ~318,965 cattle in baseline.)"
2024-12-02,Aweil Centre,0.0,0.257,0,dry season,0.0,0.0,364961.8333817694,"No flood expected in Aweil Centre this week (q50 0.0 km²). Routine monitoring. (Aweil Centre maps ~364,962 cattle in baseline.)"
2024-12-02,Aweil East,54.45,0.946,3,dry season,1286.7,26119.9,505027.7802561831,"SEVERE flood expected in Aweil East this week: q50 54.4 km², above the 95th percentile of all December weeks since 2000. Dry season: little active cropping; floodplain grazing and residual flooding dominate. Approx. 1,287 ha of mapped crops in the Aweil East floodplain are at risk. Approx. 26,120 ha of rangeland at risk; plan early herd movement. (Aweil East maps ~505,028 cattle in baseline.)"
2024-12-02,Aweil North,0.0,0.046,0,dry season,0.0,0.0,463800.5038861725,"No flood expected in Aweil North this week (q50 0.0 km²). Routine monitoring. (Aweil North maps ~463,801 cattle in baseline.)"
2024-12-02,Aweil South,47.9,0.947,3,dry season,1302.8,26094.0,141256.8006910938,"SEVERE flood expected in Aweil South this week: q50 47.9 km², above the 95th percentile of all December weeks since 2000. Dry season: little active cropping; floodplain grazing and residual flooding dominate. Approx. 1,303 ha of mapped crops in the Aweil South floodplain are at risk. Approx. 26,094 ha of rangeland at risk; plan early herd movement. (Aweil South maps ~141,257 cattle in baseline.)"
2024-12-02,Aweil West,0.0,0.04,0,dry season,0.0,0.0,318964.9515941321,"No flood expected in Aweil West this week (q50 0.0 km²). Routine monitoring. (Aweil West maps ~318,965 cattle in baseline.)"
2024-12-09,Aweil Centre,0.0,0.302,0,dry season,0.0,0.0,364961.8333817694,"No flood expected in Aweil Centre this week (q50 0.0 km²). Routine monitoring. (Aweil Centre maps ~364,962 cattle in baseline.)"
2024-12-09,Aweil East,30.28,0.951,3,dry season,1286.7,26119.9,505027.7802561831,"SEVERE flood expected in Aweil East this week: q50 30.3 km², above the 95th percentile of all December weeks since 2000. Dry season: little active cropping; floodplain grazing and residual flooding dominate. Approx. 1,287 ha of mapped crops in the Aweil East floodplain are at risk. Approx. 26,120 ha of rangeland at risk; plan early herd movement. (Aweil East maps ~505,028 cattle in baseline.)"
2024-12-09,Aweil North,0.0,0.036,0,dry season,0.0,0.0,463800.5038861725,"No flood expected in Aweil North this week (q50 0.0 km²). Routine monitoring. (Aweil North maps ~463,801 cattle in baseline.)"
2024-12-09,Aweil South,47.8,0.952,3,dry season,1302.8,26094.0,141256.8006910938,"SEVERE flood expected in Aweil South this week: q50 47.8 km², above the 95th percentile of all December weeks since 2000. Dry season: little active cropping; floodplain grazing and residual flooding dominate. Approx. 1,303 ha of mapped crops in the Aweil South floodplain are at risk. Approx. 26,094 ha of rangeland at risk; plan early herd movement. (Aweil South maps ~141,257 cattle in baseline.)"
2024-12-09,Aweil West,0.0,0.257,0,dry season,0.0,0.0,318964.9515941321,"No flood expected in Aweil West this week (q50 0.0 km²). Routine monitoring. (Aweil West maps ~318,965 cattle in baseline.)"
2024-12-16,Aweil Centre,0.0,0.107,0,dry season,0.0,0.0,364961.8333817694,"No flood expected in Aweil Centre this week (q50 0.0 km²). Routine monitoring. (Aweil Centre maps ~364,962 cattle in baseline.)"
2024-12-16,Aweil East,4.31,0.949,3,dry season,800.8,16255.5,505027.7802561831,"SEVERE flood expected in Aweil East this week: q50 4.3 km², above the 95th percentile of all December weeks since 2000. Dry season: little active cropping; floodplain grazing and residual flooding dominate. Approx. 801 ha of mapped crops in the Aweil East floodplain are at risk. Approx. 16,256 ha of rangeland at risk; plan early herd movement. (Aweil East maps ~505,028 cattle in baseline.)"
2024-12-16,Aweil North,0.0,0.026,0,dry season,0.0,0.0,463800.5038861725,"No flood expected in Aweil North this week (q50 0.0 km²). Routine monitoring. (Aweil North maps ~463,801 cattle in baseline.)"
2024-12-16,Aweil South,29.28,0.952,3,dry season,1302.8,26094.0,141256.8006910938,"SEVERE flood expected in Aweil South this week: q50 29.3 km², above the 95th percentile of all December weeks since 2000. Dry season: little active cropping; floodplain grazing and residual flooding dominate. Approx. 1,303 ha of mapped crops in the Aweil South floodplain are at risk. Approx. 26,094 ha of rangeland at risk; plan early herd movement. (Aweil South maps ~141,257 cattle in baseline.)"
2024-12-16,Aweil West,0.0,0.045,0,dry season,0.0,0.0,318964.9515941321,"No flood expected in Aweil West this week (q50 0.0 km²). Routine monitoring. (Aweil West maps ~318,965 cattle in baseline.)"
2024-12-23,Aweil Centre,0.0,0.156,0,dry season,0.0,0.0,364961.8333817694,"No flood expected in Aweil Centre this week (q50 0.0 km²). Routine monitoring. (Aweil Centre maps ~364,962 cattle in baseline.)"
2024-12-23,Aweil East,1.12,0.931,0,dry season,208.4,4230.6,505027.7802561831,"SEVERE flood expected in Aweil East this week: q50 1.1 km², above the 95th percentile of all December weeks since 2000. Approx. 208 ha of mapped crops in the Aweil East floodplain are at risk. Approx. 4,231 ha of rangeland at risk; plan early herd movement. (Aweil East maps ~505,028 cattle in baseline.)"
2024-12-23,Aweil North,0.0,0.032,0,dry season,0.0,0.0,463800.5038861725,"No flood expected in Aweil North this week (q50 0.0 km²). Routine monitoring. (Aweil North maps ~463,801 cattle in baseline.)"
2024-12-23,Aweil South,9.22,0.949,2,dry season,581.5,11646.3,141256.8006910938,"High flood risk in Aweil South this week: q50 9.2 km², above most December weeks since 2000. Dry season: little active cropping; floodplain grazing and residual flooding dominate. Approx. 581 ha of mapped crops in the Aweil South floodplain are at risk. Approx. 11,646 ha of rangeland at risk; plan early herd movement. (Aweil South maps ~141,257 cattle in baseline.)"
2024-12-23,Aweil West,0.0,0.034,0,dry season,0.0,0.0,318964.9515941321,"No flood expected in Aweil West this week (q50 0.0 km²). Routine monitoring. (Aweil West maps ~318,965 cattle in baseline.)"
2024-12-30,Aweil Centre,0.0,0.051,0,dry season,0.0,0.0,364961.8333817694,"No flood expected in Aweil Centre this week (q50 0.0 km²). Routine monitoring. (Aweil Centre maps ~364,962 cattle in baseline.)"
2024-12-30,Aweil East,1.61,0.921,2,dry season,298.7,6064.4,505027.7802561831,"High flood risk in Aweil East this week: q50 1.6 km², above most December weeks since 2000. Dry season: little active cropping; floodplain grazing and residual flooding dominate. Approx. 299 ha of mapped crops in the Aweil East floodplain are at risk. Approx. 6,064 ha of rangeland at risk; plan early herd movement. (Aweil East maps ~505,028 cattle in baseline.)"
2024-12-30,Aweil North,0.0,0.034,0,dry season,0.0,0.0,463800.5038861725,"No flood expected in Aweil North this week (q50 0.0 km²). Routine monitoring. (Aweil North maps ~463,801 cattle in baseline.)"
2024-12-30,Aweil South,3.82,0.936,0,dry season,240.9,4824.9,141256.8006910938,"SEVERE flood expected in Aweil South this week: q50 3.8 km², above the 95th percentile of all December weeks since 2000. Approx. 241 ha of mapped crops in the Aweil South floodplain are at risk. Approx. 4,825 ha of rangeland at risk; plan early herd movement. (Aweil South maps ~141,257 cattle in baseline.)"
2024-12-30,Aweil West,0.0,0.033,0,dry season,0.0,0.0,318964.9515941321,"No flood expected in Aweil West this week (q50 0.0 km²). Routine monitoring. (Aweil West maps ~318,965 cattle in baseline.)"
