state,county,county_code,year,flood_type,detections,first_detection,last_detection,mean_cloud_fraction
Central Equatoria,Juba,SS0101,2000,unusual,1,2000-12-21,2000-12-21,0.0
Central Equatoria,Terekeka,SS0105,2000,recurring,1,2000-11-28,2000-11-28,0.0
Central Equatoria,Terekeka,SS0105,2000,unusual,1,2000-11-26,2000-11-26,0.0
Eastern Equatoria,Budi,SS0201,2000,unusual,3,2000-12-01,2000-12-06,0.0
Eastern Equatoria,Ikotos,SS0202,2000,unusual,5,2000-12-06,2000-12-06,0.0
Eastern Equatoria,Kapoeta East,SS0203,2000,unusual,38,2000-04-14,2000-12-24,0.0
Eastern Equatoria,Kapoeta South,SS0205,2000,unusual,1,2000-12-05,2000-12-05,0.0
Eastern Equatoria,Lafon,SS0206,2000,unusual,11,2000-09-17,2000-12-29,0.0
Eastern Equatoria,Magwi,SS0207,2000,unusual,1,2000-02-28,2000-02-28,0.0
Jonglei,Akobo,SS0301,2000,recurring,3,2000-11-03,2000-11-19,0.0
Jonglei,Akobo,SS0301,2000,unusual,5,2000-02-28,2000-12-31,0.0
Jonglei,Ayod,SS0302,2000,recurring,559,2000-02-28,2000-12-31,0.0
Jonglei,Ayod,SS0302,2000,unusual,345,2000-02-28,2000-12-31,0.0
Jonglei,Bor South,SS0303,2000,recurring,16,2000-02-28,2000-12-07,0.0
Jonglei,Bor South,SS0303,2000,unusual,125,2000-02-28,2000-12-29,0.0
Jonglei,Canal/Pigi,SS0304,2000,unusual,15,2000-12-13,2000-12-27,0.0
Jonglei,Duk,SS0305,2000,recurring,81,2000-03-30,2000-12-31,0.0
Jonglei,Duk,SS0305,2000,unusual,325,2000-02-28,2000-12-31,0.0
Jonglei,Fangak,SS0306,2000,recurring,128,2000-02-28,2000-12-29,0.0
Jonglei,Fangak,SS0306,2000,unusual,148,2000-03-06,2000-12-29,0.0
Jonglei,Pibor,SS0308,2000,unusual,179,2000-03-27,2000-12-21,0.0
Jonglei,Pochalla,SS0309,2000,unusual,47,2000-12-08,2000-12-31,0.0
Jonglei,Twic East,SS0310,2000,recurring,22,2000-03-31,2000-12-20,0.0
Jonglei,Twic East,SS0310,2000,unusual,154,2000-02-28,2000-12-31,0.0
Jonglei,Uror,SS0311,2000,unusual,36,2000-04-12,2000-12-29,0.0
Lakes,Awerial,SS0401,2000,recurring,27,2000-02-28,2000-12-30,0.0
Lakes,Awerial,SS0401,2000,unusual,148,2000-02-28,2000-12-30,0.0
Lakes,Yirol East,SS0407,2000,recurring,16,2000-03-07,2000-12-22,0.0
Lakes,Yirol East,SS0407,2000,unusual,375,2000-02-28,2000-12-31,0.0
Lakes,Yirol West,SS0408,2000,recurring,9,2000-09-24,2000-12-06,0.0
Lakes,Yirol West,SS0408,2000,unusual,13,2000-12-19,2000-12-29,0.0
Northern Bahr el Ghazal,Aweil Centre,SS0501,2000,recurring,110,2000-10-21,2000-10-31,0.0
Northern Bahr el Ghazal,Aweil Centre,SS0501,2000,unusual,133,2000-10-21,2000-10-31,0.0
Northern Bahr el Ghazal,Aweil East,SS0502,2000,recurring,28,2000-10-30,2000-10-31,0.0
Northern Bahr el Ghazal,Aweil South,SS0504,2000,unusual,5,2000-11-23,2000-11-23,0.0
Northern Bahr el Ghazal,Aweil West,SS0505,2000,recurring,6,2000-10-30,2000-10-31,0.0
Unity,Koch,SS0603,2000,recurring,52,2000-03-13,2000-12-29,0.0
Unity,Koch,SS0603,2000,unusual,61,2000-03-29,2000-12-27,0.0
Unity,Leer,SS0604,2000,recurring,4,2000-03-07,2000-12-13,0.0
Unity,Mayendit,SS0605,2000,recurring,49,2000-04-07,2000-12-26,0.0
Unity,Mayendit,SS0605,2000,unusual,17,2000-04-07,2000-11-25,0.0
Unity,Mayom,SS0606,2000,recurring,86,2000-03-14,2000-12-29,0.0
Unity,Mayom,SS0606,2000,unusual,283,2000-03-14,2000-12-29,0.0
Unity,Panyijiar,SS0607,2000,recurring,83,2000-03-13,2000-12-31,0.0
Unity,Panyijiar,SS0607,2000,unusual,191,2000-03-29,2000-12-27,0.0
Unity,Pariang,SS0608,2000,recurring,153,2000-02-28,2000-12-31,0.0
Unity,Pariang,SS0608,2000,unusual,89,2000-02-28,2000-12-27,0.0
Upper Nile,Baliet,SS0701,2000,recurring,5,2000-02-28,2000-02-29,0.0
Upper Nile,Baliet,SS0701,2000,unusual,733,2000-02-28,2000-03-07,0.0
Upper Nile,Longochuk,SS0703,2000,unusual,1487,2000-11-19,2000-12-31,0.0
Upper Nile,Luakpiny/Nasir,SS0704,2000,recurring,39,2000-02-28,2000-12-29,0.0
Upper Nile,Luakpiny/Nasir,SS0704,2000,unusual,1252,2000-02-28,2000-12-31,0.0
Upper Nile,Maban,SS0705,2000,unusual,914,2000-11-19,2000-12-29,0.0
Upper Nile,Maiwut,SS0706,2000,unusual,66,2000-12-21,2000-12-22,0.0
Upper Nile,Panyikang,SS0710,2000,unusual,7,2000-03-29,2000-04-09,0.0
Upper Nile,Ulang,SS0712,2000,recurring,30,2000-02-28,2000-12-31,0.0
Upper Nile,Ulang,SS0712,2000,unusual,266,2000-02-28,2000-12-30,0.0
Warrap,Gogrial East,SS0801,2000,recurring,99,2000-11-15,2000-12-29,0.0
Warrap,Gogrial East,SS0801,2000,unusual,932,2000-05-01,2000-12-29,0.0
Warrap,Gogrial West,SS0802,2000,recurring,17,2000-10-24,2000-11-09,0.0
Warrap,Gogrial West,SS0802,2000,unusual,4,2000-10-30,2000-10-31,0.0
Warrap,Tonj North,SS0804,2000,recurring,291,2000-05-01,2000-12-27,0.0
Warrap,Tonj North,SS0804,2000,unusual,608,2000-03-13,2000-12-29,0.0
Warrap,Tonj South,SS0805,2000,unusual,5,2000-12-27,2000-12-27,0.0
Warrap,Twic,SS0806,2000,recurring,189,2000-03-04,2000-12-29,0.0
Warrap,Twic,SS0806,2000,unusual,26,2000-03-04,2000-12-29,0.0
Western Bahr el Ghazal,Jur River,SS0901,2000,recurring,2,2000-10-24,2000-10-24,0.0
Western Bahr el Ghazal,Jur River,SS0901,2000,unusual,1,2000-12-18,2000-12-18,0.0
Western Bahr el Ghazal,Raja,SS0902,2000,unusual,2,2000-10-21,2000-10-22,0.0
Western Bahr el Ghazal,Wau,SS0903,2000,recurring,24,2000-10-24,2000-10-24,0.0
Western Bahr el Ghazal,Wau,SS0903,2000,unusual,1,2000-10-24,2000-10-24,0.0
Western Equatoria,Yambio,SS1010,2000,unusual,3,2000-12-28,2000-12-28,0.0
Central Equatoria,Terekeka,SS0105,2001,unusual,1,2001-01-07,2001-01-07,0.0
Eastern Equatoria,Kapoeta East,SS0203,2001,unusual,1311,2001-02-15,2002-01-05,0.0
Eastern Equatoria,Kapoeta North,SS0204,2001,unusual,2,2001-01-23,2001-01-23,0.0
Eastern Equatoria,Lafon,SS0206,2001,unusual,22,2001-01-07,2002-01-03,0.0
Eastern Equatoria,Magwi,SS0207,2001,unusual,2,2001-02-15,2001-02-15,0.0
Eastern Equatoria,Torit,SS0208,2001,unusual,4,2001-02-17,2001-02-17,0.0
Jonglei,Akobo,SS0301,2001,recurring,23,2001-08-25,2001-11-14,0.0
Jonglei,Akobo,SS0301,2001,unusual,361,2001-01-06,2001-10-22,0.0
Jonglei,Ayod,SS0302,2001,recurring,778,2001-01-04,2002-01-03,0.0
Jonglei,Ayod,SS0302,2001,unusual,756,2001-01-04,2002-01-03,0.0
Jonglei,Bor South,SS0303,2001,recurring,64,2001-01-04,2001-12-27,0.0
Jonglei,Bor South,SS0303,2001,unusual,115,2001-01-04,2001-11-29,0.0
Jonglei,Duk,SS0305,2001,recurring,126,2001-01-04,2002-01-03,0.0
Jonglei,Duk,SS0305,2001,unusual,66,2001-01-04,2002-01-03,0.0
Jonglei,Fangak,SS0306,2001,recurring,207,2001-01-04,2002-01-01,0.0
Jonglei,Fangak,SS0306,2001,unusual,150,2001-01-04,2001-11-14,0.0
Jonglei,Nyirol,SS0307,2001,unusual,7,2001-09-11,2001-09-11,0.0
Jonglei,Pibor,SS0308,2001,unusual,433,2001-01-06,2002-01-03,0.0
Jonglei,Pochalla,SS0309,2001,unusual,21,2001-01-06,2001-01-07,0.0
Jonglei,Twic East,SS0310,2001,recurring,66,2001-01-04,2001-12-25,0.0
Jonglei,Twic East,SS0310,2001,unusual,306,2001-01-04,2001-12-09,0.0
Jonglei,Uror,SS0311,2001,unusual,98,2001-06-13,2001-09-27,0.0
Lakes,Awerial,SS0401,2001,recurring,62,2001-01-04,2001-12-25,0.0
Lakes,Awerial,SS0401,2001,unusual,95,2001-01-04,2001-12-27,0.0
Lakes,Wulu,SS0406,2001,unusual,4,2001-11-20,2001-11-20,0.0
Lakes,Yirol East,SS0407,2001,recurring,38,2001-01-06,2002-01-03,0.0
Lakes,Yirol East,SS0407,2001,unusual,197,2001-01-04,2002-01-03,0.0
Lakes,Yirol West,SS0408,2001,recurring,15,2001-09-17,2001-12-09,0.0
Lakes,Yirol West,SS0408,2001,unusual,124,2001-01-04,2001-11-30,0.0
Northern Bahr el Ghazal,Aweil Centre,SS0501,2001,recurring,46,2001-10-19,2001-11-03,0.0
Northern Bahr el Ghazal,Aweil Centre,SS0501,2001,unusual,11,2001-10-20,2001-11-03,0.0
Northern Bahr el Ghazal,Aweil East,SS0502,2001,recurring,2240,2001-08-21,2001-12-05,0.0
Northern Bahr el Ghazal,Aweil East,SS0502,2001,unusual,50,2001-08-21,2001-11-12,0.0
Northern Bahr el Ghazal,Aweil North,SS0503,2001,recurring,15,2001-10-02,2001-10-02,0.0
Northern Bahr el Ghazal,Aweil North,SS0503,2001,unusual,60,2001-08-21,2001-10-02,0.0
Northern Bahr el Ghazal,Aweil South,SS0504,2001,recurring,2368,2001-10-02,2001-12-14,0.0
Northern Bahr el Ghazal,Aweil South,SS0504,2001,unusual,13,2001-10-02,2001-11-12,0.0
Northern Bahr el Ghazal,Aweil West,SS0505,2001,recurring,13,2001-10-02,2001-10-02,0.0
Northern Bahr el Ghazal,Aweil West,SS0505,2001,unusual,35,2001-08-21,2001-10-02,0.0
Unity,Guit,SS0602,2001,unusual,96,2001-01-02,2001-02-04,0.0
Unity,Koch,SS0603,2001,recurring,229,2001-01-02,2002-01-01,0.0
Unity,Koch,SS0603,2001,unusual,161,2001-01-02,2002-01-06,0.0
Unity,Leer,SS0604,2001,recurring,10,2001-01-04,2001-01-21,0.0
Unity,Leer,SS0604,2001,unusual,2,2001-01-27,2001-01-28,0.0
Unity,Mayendit,SS0605,2001,recurring,47,2001-01-04,2002-01-01,0.0
Unity,Mayendit,SS0605,2001,unusual,7,2001-01-12,2002-01-01,0.0
Unity,Mayom,SS0606,2001,recurring,491,2001-01-02,2002-01-01,0.0
Unity,Mayom,SS0606,2001,unusual,2086,2001-01-02,2002-01-01,0.0
Unity,Panyijiar,SS0607,2001,recurring,92,2001-01-04,2001-12-31,0.0
Unity,Panyijiar,SS0607,2001,unusual,155,2001-01-04,2001-12-29,0.0
Unity,Pariang,SS0608,2001,recurring,255,2001-01-04,2002-01-02,0.0
Unity,Pariang,SS0608,2001,unusual,134,2001-01-04,2001-12-25,0.0
Unity,Rubkona,SS0609,2001,unusual,1,2001-12-14,2001-12-14,0.0
Upper Nile,Baliet,SS0701,2001,recurring,28,2001-12-15,2002-01-03,0.0
Upper Nile,Baliet,SS0701,2001,unusual,191,2001-12-11,2002-01-03,0.0
Upper Nile,Longochuk,SS0703,2001,unusual,1946,2001-01-04,2001-11-30,0.0
Upper Nile,Luakpiny/Nasir,SS0704,2001,recurring,167,2001-01-02,2002-01-03,0.0
Upper Nile,Luakpiny/Nasir,SS0704,2001,unusual,412,2001-01-06,2002-01-03,0.0
Upper Nile,Maban,SS0705,2001,unusual,21,2001-02-17,2002-01-05,0.0
Upper Nile,Maiwut,SS0706,2001,unusual,1,2002-01-05,2002-01-05,0.0
Upper Nile,Panyikang,SS0710,2001,recurring,6,2001-01-04,2001-04-03,0.0
Upper Nile,Panyikang,SS0710,2001,unusual,6,2001-03-27,2001-05-12,0.0
Upper Nile,Ulang,SS0712,2001,unusual,42,2001-12-24,2002-01-03,0.0
Warrap,Gogrial East,SS0801,2001,recurring,204,2001-01-27,2002-01-01,0.0
Warrap,Gogrial East,SS0801,2001,unusual,1459,2001-01-02,2002-01-01,0.0
Warrap,Gogrial West,SS0802,2001,recurring,1724,2001-09-24,2001-12-28,0.0
Warrap,Gogrial West,SS0802,2001,unusual,264,2001-08-21,2001-12-05,0.0
Warrap,Tonj East,SS0803,2001,unusual,29,2001-09-25,2001-09-25,0.0
Warrap,Tonj North,SS0804,2001,recurring,1470,2001-01-02,2002-01-01,0.0
Warrap,Tonj North,SS0804,2001,unusual,1417,2001-01-02,2002-01-01,0.0
Warrap,Tonj South,SS0805,2001,unusual,29,2001-09-15,2001-10-04,0.0
Warrap,Twic,SS0806,2001,recurring,374,2001-01-02,2002-01-01,0.0
Warrap,Twic,SS0806,2001,unusual,338,2001-01-02,2001-12-31,0.0
Western Bahr el Ghazal,Jur River,SS0901,2001,recurring,53,2001-09-15,2001-11-19,0.0
Western Bahr el Ghazal,Jur River,SS0901,2001,unusual,19,2001-09-15,2001-12-04,0.0
Western Bahr el Ghazal,Raja,SS0902,2001,recurring,10,2001-08-16,2001-09-08,0.0
Western Bahr el Ghazal,Raja,SS0902,2001,unusual,4,2001-08-16,2001-09-07,0.0
Western Bahr el Ghazal,Wau,SS0903,2001,recurring,12,2001-09-15,2001-11-12,0.0
Western Equatoria,Mvolo,SS1006,2001,unusual,20,2001-11-06,2001-11-07,0.0
Western Equatoria,Nagero,SS1007,2001,unusual,2,2001-09-10,2001-09-15,0.0
Central Equatoria,Juba,SS0101,2002,recurring,419,2002-07-07,2003-01-05,0.0
Central Equatoria,Juba,SS0101,2002,unusual,580,2002-07-07,2003-01-05,0.0
Central Equatoria,Kajo-keji,SS0102,2002,recurring,1,2002-11-30,2002-11-30,0.0
Central Equatoria,Kajo-keji,SS0102,2002,unusual,2,2002-12-12,2002-12-12,0.0
Central Equatoria,Lainya,SS0103,2002,unusual,29,2002-10-24,2002-11-24,0.0
Central Equatoria,Morobo,SS0104,2002,unusual,7,2002-11-21,2002-11-28,0.0
Central Equatoria,Terekeka,SS0105,2002,recurring,33,2002-11-12,2003-01-05,0.0
Central Equatoria,Terekeka,SS0105,2002,unusual,209,2002-07-04,2003-01-05,0.0
Central Equatoria,Yei,SS0106,2002,unusual,36,2002-11-19,2002-12-18,0.0
Eastern Equatoria,Budi,SS0201,2002,unusual,157,2002-09-09,2003-01-03,0.0
Eastern Equatoria,Ikotos,SS0202,2002,unusual,27,2002-10-06,2002-12-16,0.0
Eastern Equatoria,Kapoeta East,SS0203,2002,recurring,207,2002-05-20,2002-12-17,0.0
Eastern Equatoria,Kapoeta East,SS0203,2002,unusual,9559,2002-02-03,2003-01-05,0.0
Eastern Equatoria,Kapoeta North,SS0204,2002,unusual,94,2002-07-20,2002-12-02,0.0
Eastern Equatoria,Kapoeta South,SS0205,2002,unusual,8,2002-10-22,2002-12-05,0.0
Eastern Equatoria,Lafon,SS0206,2002,unusual,827,2002-02-20,2003-01-05,0.0
Eastern Equatoria,Magwi,SS0207,2002,recurring,5,2002-11-05,2003-01-01,0.0
Eastern Equatoria,Magwi,SS0207,2002,unusual,49,2002-07-25,2003-01-03,0.0
Eastern Equatoria,Torit,SS0208,2002,unusual,35,2002-09-25,2002-12-18,0.0
Jonglei,Akobo,SS0301,2002,recurring,8,2002-10-01,2002-11-12,0.0
Jonglei,Akobo,SS0301,2002,unusual,2741,2002-01-16,2003-01-05,0.0
Jonglei,Ayod,SS0302,2002,recurring,5049,2002-01-07,2003-01-05,0.0
Jonglei,Ayod,SS0302,2002,unusual,6705,2002-01-07,2003-01-05,0.0
Jonglei,Bor South,SS0303,2002,recurring,770,2002-02-01,2003-01-05,0.0
Jonglei,Bor South,SS0303,2002,unusual,1568,2002-01-16,2003-01-05,0.0
Jonglei,Canal/Pigi,SS0304,2002,recurring,16,2002-10-11,2003-01-01,0.0
Jonglei,Canal/Pigi,SS0304,2002,unusual,68,2002-09-25,2003-01-03,0.0
Jonglei,Duk,SS0305,2002,recurring,1450,2002-01-19,2003-01-05,0.0
Jonglei,Duk,SS0305,2002,unusual,787,2002-01-23,2003-01-05,0.0
Jonglei,Fangak,SS0306,2002,recurring,1134,2002-01-07,2003-01-05,0.0
Jonglei,Fangak,SS0306,2002,unusual,4731,2002-02-09,2003-01-05,0.0
Jonglei,Nyirol,SS0307,2002,unusual,46,2002-08-26,2002-12-23,0.0
Jonglei,Pibor,SS0308,2002,unusual,1189,2002-01-16,2003-01-05,0.0
Jonglei,Pochalla,SS0309,2002,unusual,8591,2002-01-28,2003-01-05,0.0
Jonglei,Twic East,SS0310,2002,recurring,1485,2002-02-01,2003-01-05,0.0
Jonglei,Twic East,SS0310,2002,unusual,2517,2002-02-08,2003-01-05,0.0
Jonglei,Uror,SS0311,2002,unusual,1350,2002-01-16,2002-12-30,0.0
Lakes,Awerial,SS0401,2002,recurring,799,2002-01-10,2003-01-05,0.0
Lakes,Awerial,SS0401,2002,unusual,770,2002-02-01,2003-01-05,0.0
Lakes,Cueibet,SS0402,2002,unusual,129,2002-07-16,2002-12-30,0.0
Lakes,Rumbek Centre,SS0403,2002,unusual,2106,2002-07-16,2003-01-05,0.0
Lakes,Rumbek East,SS0404,2002,recurring,81,2002-07-07,2003-01-05,0.0
Lakes,Rumbek East,SS0404,2002,unusual,735,2002-07-04,2003-01-05,0.0
Lakes,Rumbek North,SS0405,2002,unusual,309,2002-11-10,2003-01-04,0.0
Lakes,Wulu,SS0406,2002,unusual,103,2002-10-24,2003-01-02,0.0
Lakes,Yirol East,SS0407,2002,recurring,740,2002-02-01,2003-01-05,0.0
Lakes,Yirol East,SS0407,2002,unusual,1314,2002-02-08,2003-01-05,0.0
Lakes,Yirol West,SS0408,2002,recurring,211,2002-07-02,2003-01-05,0.0
Lakes,Yirol West,SS0408,2002,unusual,657,2002-07-07,2003-01-05,0.0
Northern Bahr el Ghazal,Aweil Centre,SS0501,2002,recurring,9,2002-09-07,2002-10-02,0.0
Northern Bahr el Ghazal,Aweil Centre,SS0501,2002,unusual,17,2002-09-07,2002-12-23,0.0
Northern Bahr el Ghazal,Aweil East,SS0502,2002,recurring,169,2002-08-17,2002-10-11,0.0
Northern Bahr el Ghazal,Aweil East,SS0502,2002,unusual,231,2002-08-10,2002-11-19,0.0
Northern Bahr el Ghazal,Aweil South,SS0504,2002,unusual,10,2002-07-23,2002-11-26,0.0
Northern Bahr el Ghazal,Aweil West,SS0505,2002,unusual,4,2002-11-17,2002-11-19,0.0
Unity,Guit,SS0602,2002,recurring,72,2002-10-11,2003-01-05,0.0
Unity,Guit,SS0602,2002,unusual,2427,2002-02-11,2003-01-05,0.0
Unity,Koch,SS0603,2002,recurring,1825,2002-01-07,2003-01-05,0.0
Unity,Koch,SS0603,2002,unusual,1501,2002-01-07,2003-01-05,0.0
Unity,Leer,SS0604,2002,recurring,244,2002-07-21,2003-01-05,0.0
Unity,Leer,SS0604,2002,unusual,225,2002-02-08,2003-01-05,0.0
Unity,Mayendit,SS0605,2002,recurring,264,2002-02-02,2003-01-05,0.0
Unity,Mayendit,SS0605,2002,unusual,558,2002-07-03,2003-01-05,0.0
Unity,Mayom,SS0606,2002,recurring,3332,2002-01-07,2003-01-05,0.0
Unity,Mayom,SS0606,2002,unusual,6907,2002-01-07,2003-01-05,0.0
Unity,Panyijiar,SS0607,2002,recurring,772,2002-02-08,2003-01-05,0.0
Unity,Panyijiar,SS0607,2002,unusual,1167,2002-02-08,2003-01-05,0.0
Unity,Pariang,SS0608,2002,recurring,1995,2002-01-07,2003-01-05,0.0
Unity,Pariang,SS0608,2002,unusual,2119,2002-01-08,2003-01-05,0.0
Unity,Rubkona,SS0609,2002,unusual,50,2002-08-26,2003-01-01,0.0
Upper Nile,Baliet,SS0701,2002,recurring,58,2002-01-09,2003-01-03,0.0
Upper Nile,Baliet,SS0701,2002,unusual,1637,2002-01-09,2003-01-03,0.0
Upper Nile,Fashoda,SS0702,2002,recurring,4,2002-12-16,2003-01-01,0.0
Upper Nile,Fashoda,SS0702,2002,unusual,14,2002-10-06,2003-01-03,0.0
Upper Nile,Longochuk,SS0703,2002,recurring,16,2002-11-07,2002-12-30,0.0
Upper Nile,Longochuk,SS0703,2002,unusual,3754,2002-11-07,2003-01-05,0.0
Upper Nile,Luakpiny/Nasir,SS0704,2002,recurring,135,2002-01-09,2003-01-05,0.0
Upper Nile,Luakpiny/Nasir,SS0704,2002,unusual,1166,2002-01-10,2003-01-05,0.0
Upper Nile,Maban,SS0705,2002,unusual,521,2002-01-16,2003-01-03,0.0
Upper Nile,Maiwut,SS0706,2002,unusual,2594,2002-01-12,2003-01-05,0.0
Upper Nile,Malakal,SS0707,2002,recurring,2,2002-11-21,2002-12-07,0.0
Upper Nile,Malakal,SS0707,2002,unusual,9,2002-11-05,2003-01-01,0.0
Upper Nile,Melut,SS0709,2002,unusual,1,2002-07-12,2002-07-12,0.0
Upper Nile,Panyikang,SS0710,2002,recurring,130,2002-09-18,2003-01-05,0.0
Upper Nile,Panyikang,SS0710,2002,unusual,170,2002-08-17,2003-01-05,0.0
Upper Nile,Ulang,SS0712,2002,recurring,50,2002-01-10,2003-01-03,0.0
Upper Nile,Ulang,SS0712,2002,unusual,4318,2002-01-10,2003-01-05,0.0
Warrap,Gogrial East,SS0801,2002,recurring,31,2002-01-21,2003-01-04,0.0
Warrap,Gogrial East,SS0801,2002,unusual,929,2002-01-07,2003-01-04,0.0
Warrap,Gogrial West,SS0802,2002,recurring,16,2002-09-07,2002-09-25,0.0
Warrap,Gogrial West,SS0802,2002,unusual,170,2002-08-17,2003-01-04,0.0
Warrap,Tonj East,SS0803,2002,unusual,198,2002-07-05,2003-01-05,0.0
Warrap,Tonj North,SS0804,2002,recurring,26202,2002-01-07,2003-01-05,0.0
Warrap,Tonj North,SS0804,2002,unusual,6978,2002-01-07,2003-01-05,0.0
Warrap,Tonj South,SS0805,2002,unusual,93,2002-07-14,2003-01-04,0.0
Warrap,Twic,SS0806,2002,recurring,2587,2002-01-07,2003-01-05,0.0
Warrap,Twic,SS0806,2002,unusual,1587,2002-01-21,2003-01-05,0.0
Western Bahr el Ghazal,Jur River,SS0901,2002,recurring,18,2002-08-29,2002-11-28,0.0
Western Bahr el Ghazal,Jur River,SS0901,2002,unusual,58,2002-07-16,2003-01-04,0.0
Western Bahr el Ghazal,Raja,SS0902,2002,recurring,11,2002-09-07,2002-09-07,0.0
Western Bahr el Ghazal,Raja,SS0902,2002,unusual,61,2002-08-11,2002-12-23,0.0
Western Bahr el Ghazal,Wau,SS0903,2002,unusual,19,2002-09-19,2002-12-17,0.0
Western Equatoria,Ezo,SS1001,2002,unusual,8,2002-11-30,2002-12-25,0.0
Western Equatoria,Ibba,SS1002,2002,unusual,26,2002-10-23,2003-01-03,0.0
Western Equatoria,Maridi,SS1003,2002,unusual,57,2002-10-25,2003-01-03,0.0
Western Equatoria,Mundri East,SS1004,2002,unusual,207,2002-10-27,2002-12-28,0.0
Western Equatoria,Mundri West,SS1005,2002,unusual,97,2002-11-19,2003-01-01,0.0
Western Equatoria,Mvolo,SS1006,2002,unusual,82,2002-08-27,2002-12-19,0.0
Western Equatoria,Nagero,SS1007,2002,unusual,40,2002-12-01,2002-12-16,0.0
Western Equatoria,Nzara,SS1008,2002,unusual,11,2002-12-10,2002-12-17,0.0
Western Equatoria,Tambura,SS1009,2002,unusual,5,2002-10-29,2002-10-29,0.0
Western Equatoria,Yambio,SS1010,2002,unusual,41,2002-11-19,2003-01-04,0.0
Abyei Region,Abyei Region,SS0001,2003,unusual,105,2003-04-25,2003-11-08,0.0
Central Equatoria,Juba,SS0101,2003,recurring,543,2003-01-06,2004-01-04,0.0
Central Equatoria,Juba,SS0101,2003,unusual,1474,2003-01-06,2004-01-04,0.0
Central Equatoria,Kajo-keji,SS0102,2003,recurring,3,2003-01-08,2003-12-15,0.0
Central Equatoria,Kajo-keji,SS0102,2003,unusual,80,2003-01-08,2004-01-04,0.0
Central Equatoria,Lainya,SS0103,2003,unusual,185,2003-01-12,2004-01-04,0.0
Central Equatoria,Morobo,SS0104,2003,unusual,41,2003-01-13,2004-01-02,0.0
Central Equatoria,Terekeka,SS0105,2003,recurring,202,2003-01-06,2004-01-04,0.0
Central Equatoria,Terekeka,SS0105,2003,unusual,2403,2003-01-06,2004-01-04,0.0
Central Equatoria,Yei,SS0106,2003,unusual,419,2003-01-12,2004-01-04,0.0
Eastern Equatoria,Budi,SS0201,2003,unusual,399,2003-01-12,2004-01-04,0.0
Eastern Equatoria,Ikotos,SS0202,2003,unusual,353,2003-01-08,2004-01-04,0.0
Eastern Equatoria,Kapoeta East,SS0203,2003,recurring,258,2003-04-26,2003-12-28,0.0
Eastern Equatoria,Kapoeta East,SS0203,2003,unusual,10911,2003-01-06,2004-01-04,0.0
Eastern Equatoria,Kapoeta North,SS0204,2003,unusual,702,2003-01-19,2004-01-04,0.0
Eastern Equatoria,Kapoeta South,SS0205,2003,unusual,31,2003-06-07,2004-01-04,0.0
Eastern Equatoria,Lafon,SS0206,2003,unusual,1432,2003-01-06,2004-01-04,0.0
Eastern Equatoria,Magwi,SS0207,2003,recurring,12,2003-01-08,2004-01-04,0.0
Eastern Equatoria,Magwi,SS0207,2003,unusual,360,2003-01-06,2004-01-04,0.0
Eastern Equatoria,Torit,SS0208,2003,unusual,229,2003-01-08,2003-12-23,0.0
Jonglei,Akobo,SS0301,2003,recurring,63,2003-10-02,2003-12-12,0.0
Jonglei,Akobo,SS0301,2003,unusual,2783,2003-01-06,2004-01-04,0.0
Jonglei,Ayod,SS0302,2003,recurring,11620,2003-01-06,2004-01-04,0.0
Jonglei,Ayod,SS0302,2003,unusual,12292,2003-01-06,2004-01-04,0.0
Jonglei,Bor South,SS0303,2003,recurring,3042,2003-01-06,2004-01-04,0.0
Jonglei,Bor South,SS0303,2003,unusual,4612,2003-01-06,2004-01-04,0.0
Jonglei,Canal/Pigi,SS0304,2003,recurring,18,2003-01-08,2004-01-04,0.0
Jonglei,Canal/Pigi,SS0304,2003,unusual,53,2003-01-06,2004-01-04,0.0
Jonglei,Duk,SS0305,2003,recurring,3545,2003-01-06,2004-01-04,0.0
Jonglei,Duk,SS0305,2003,unusual,3806,2003-01-06,2004-01-04,0.0
Jonglei,Fangak,SS0306,2003,recurring,2403,2003-01-06,2004-01-04,0.0
Jonglei,Fangak,SS0306,2003,unusual,3755,2003-01-06,2004-01-04,0.0
Jonglei,Nyirol,SS0307,2003,unusual,381,2003-01-29,2003-12-15,0.0
Jonglei,Pibor,SS0308,2003,recurring,6,2003-10-16,2004-01-04,0.0
Jonglei,Pibor,SS0308,2003,unusual,2459,2003-01-06,2004-01-04,0.0
Jonglei,Pochalla,SS0309,2003,recurring,8,2003-05-02,2003-05-25,0.0
Jonglei,Pochalla,SS0309,2003,unusual,5891,2003-01-06,2004-01-04,0.0
Jonglei,Twic East,SS0310,2003,recurring,3694,2003-01-06,2004-01-04,0.0
Jonglei,Twic East,SS0310,2003,unusual,5309,2003-01-06,2004-01-04,0.0
Jonglei,Uror,SS0311,2003,recurring,7,2003-09-07,2003-09-12,0.0
Jonglei,Uror,SS0311,2003,unusual,2511,2003-01-15,2004-01-04,0.0
Lakes,Awerial,SS0401,2003,recurring,2759,2003-01-06,2004-01-04,0.0
Lakes,Awerial,SS0401,2003,unusual,2330,2003-01-06,2004-01-04,0.0
Lakes,Cueibet,SS0402,2003,recurring,2,2003-10-02,2003-10-02,0.0
Lakes,Cueibet,SS0402,2003,unusual,234,2003-01-10,2004-01-04,0.0
Lakes,Rumbek Centre,SS0403,2003,unusual,3410,2003-01-06,2003-12-15,0.0
Lakes,Rumbek East,SS0404,2003,recurring,225,2003-01-06,2004-01-04,0.0
Lakes,Rumbek East,SS0404,2003,unusual,391,2003-01-06,2004-01-04,0.0
Lakes,Rumbek North,SS0405,2003,unusual,725,2003-08-16,2004-01-04,0.0
Lakes,Wulu,SS0406,2003,unusual,322,2003-01-09,2004-01-04,0.0
Lakes,Yirol East,SS0407,2003,recurring,1847,2003-01-06,2004-01-04,0.0
Lakes,Yirol East,SS0407,2003,unusual,4376,2003-01-06,2004-01-04,0.0
Lakes,Yirol West,SS0408,2003,recurring,261,2003-01-06,2004-01-04,0.0
Lakes,Yirol West,SS0408,2003,unusual,297,2003-01-06,2003-12-29,0.0
Northern Bahr el Ghazal,Aweil Centre,SS0501,2003,recurring,123,2003-10-01,2003-11-01,0.0
Northern Bahr el Ghazal,Aweil Centre,SS0501,2003,unusual,153,2003-01-29,2003-12-17,0.0
Northern Bahr el Ghazal,Aweil East,SS0502,2003,recurring,16486,2003-07-26,2003-12-17,0.0
Northern Bahr el Ghazal,Aweil East,SS0502,2003,unusual,4110,2003-01-27,2004-01-04,0.0
Northern Bahr el Ghazal,Aweil North,SS0503,2003,recurring,175,2003-09-03,2003-10-21,0.0
Northern Bahr el Ghazal,Aweil North,SS0503,2003,unusual,159,2003-06-28,2003-12-17,0.0
Northern Bahr el Ghazal,Aweil South,SS0504,2003,recurring,10296,2003-09-03,2003-12-31,0.0
Northern Bahr el Ghazal,Aweil South,SS0504,2003,unusual,504,2003-08-30,2003-12-17,0.0
Northern Bahr el Ghazal,Aweil West,SS0505,2003,recurring,78,2003-09-01,2003-10-28,0.0
Northern Bahr el Ghazal,Aweil West,SS0505,2003,unusual,807,2003-04-05,2003-11-08,0.0
Unity,Abiemnhom,SS0601,2003,unusual,127,2003-01-11,2003-12-29,0.0
Unity,Guit,SS0602,2003,recurring,171,2003-01-06,2004-01-04,0.0
Unity,Guit,SS0602,2003,unusual,1813,2003-01-06,2004-01-04,0.0
Unity,Koch,SS0603,2003,recurring,4050,2003-01-06,2004-01-04,0.0
Unity,Koch,SS0603,2003,unusual,3799,2003-01-06,2004-01-04,0.0
Unity,Leer,SS0604,2003,recurring,396,2003-01-06,2004-01-04,0.0
Unity,Leer,SS0604,2003,unusual,2745,2003-01-06,2004-01-04,0.0
Unity,Mayendit,SS0605,2003,recurring,467,2003-01-06,2004-01-04,0.0
Unity,Mayendit,SS0605,2003,unusual,794,2003-01-06,2004-01-04,0.0
Unity,Mayom,SS0606,2003,recurring,6560,2003-01-06,2004-01-04,0.0
Unity,Mayom,SS0606,2003,unusual,3123,2003-01-06,2004-01-04,0.0
Unity,Panyijiar,SS0607,2003,recurring,1784,2003-01-06,2004-01-04,0.0
Unity,Panyijiar,SS0607,2003,unusual,7990,2003-01-06,2004-01-04,0.0
Unity,Pariang,SS0608,2003,recurring,3649,2003-01-06,2004-01-04,0.0
Unity,Pariang,SS0608,2003,unusual,10944,2003-01-06,2004-01-04,0.0
Unity,Rubkona,SS0609,2003,unusual,77,2003-01-06,2004-01-04,0.0
Upper Nile,Baliet,SS0701,2003,recurring,18,2003-01-10,2004-01-04,0.0
Upper Nile,Baliet,SS0701,2003,unusual,687,2003-01-08,2004-01-04,0.0
Upper Nile,Fashoda,SS0702,2003,recurring,9,2003-01-08,2004-01-04,0.0
Upper Nile,Fashoda,SS0702,2003,unusual,216,2003-01-08,2004-01-04,0.0
Upper Nile,Longochuk,SS0703,2003,recurring,7,2003-11-03,2003-12-05,0.0
Upper Nile,Longochuk,SS0703,2003,unusual,4018,2003-01-06,2004-01-04,0.0
Upper Nile,Luakpiny/Nasir,SS0704,2003,recurring,24,2003-01-06,2004-01-04,0.0
Upper Nile,Luakpiny/Nasir,SS0704,2003,unusual,2310,2003-01-06,2004-01-04,0.0
Upper Nile,Maban,SS0705,2003,unusual,2735,2003-01-10,2004-01-04,0.0
Upper Nile,Maiwut,SS0706,2003,unusual,437,2003-01-06,2004-01-04,0.0
Upper Nile,Malakal,SS0707,2003,recurring,4,2003-10-16,2004-01-04,0.0
Upper Nile,Malakal,SS0707,2003,unusual,53,2003-01-08,2004-01-04,0.0
Upper Nile,Panyikang,SS0710,2003,recurring,153,2003-01-06,2004-01-04,0.0
Upper Nile,Panyikang,SS0710,2003,unusual,714,2003-01-06,2004-01-04,0.0
Upper Nile,Ulang,SS0712,2003,recurring,52,2003-01-08,2003-12-12,0.0
Upper Nile,Ulang,SS0712,2003,unusual,499,2003-01-06,2004-01-04,0.0
Warrap,Gogrial East,SS0801,2003,recurring,218,2003-01-06,2004-01-02,0.0
Warrap,Gogrial East,SS0801,2003,unusual,1629,2003-01-06,2004-01-04,0.0
Warrap,Gogrial West,SS0802,2003,recurring,16449,2003-09-03,2003-12-17,0.0
Warrap,Gogrial West,SS0802,2003,unusual,10687,2003-01-06,2004-01-02,0.0
Warrap,Tonj East,SS0803,2003,unusual,1345,2003-01-08,2003-11-08,0.0
Warrap,Tonj North,SS0804,2003,recurring,29167,2003-01-06,2004-01-04,0.0
Warrap,Tonj North,SS0804,2003,unusual,8287,2003-01-06,2004-01-04,0.0
Warrap,Tonj South,SS0805,2003,unusual,278,2003-01-06,2003-12-16,0.0
Warrap,Twic,SS0806,2003,recurring,11431,2003-01-06,2004-01-04,0.0
Warrap,Twic,SS0806,2003,unusual,28709,2003-01-06,2004-01-04,0.0
Western Bahr el Ghazal,Jur River,SS0901,2003,recurring,308,2003-09-21,2003-11-29,0.0
Western Bahr el Ghazal,Jur River,SS0901,2003,unusual,302,2003-01-06,2004-01-02,0.0
Western Bahr el Ghazal,Raja,SS0902,2003,recurring,56,2003-09-10,2003-10-21,0.0
Western Bahr el Ghazal,Raja,SS0902,2003,unusual,1031,2003-01-08,2003-12-27,0.0
Western Bahr el Ghazal,Wau,SS0903,2003,recurring,9,2003-09-21,2003-10-05,0.0
Western Bahr el Ghazal,Wau,SS0903,2003,unusual,139,2003-09-12,2003-12-27,0.0
Western Equatoria,Ezo,SS1001,2003,unusual,33,2003-01-20,2003-12-26,0.0
Western Equatoria,Ibba,SS1002,2003,unusual,316,2003-01-08,2004-01-04,0.0
Western Equatoria,Maridi,SS1003,2003,unusual,161,2003-01-13,2004-01-04,0.0
Western Equatoria,Mundri East,SS1004,2003,unusual,187,2003-01-24,2003-12-28,0.0
Western Equatoria,Mundri West,SS1005,2003,unusual,251,2003-01-22,2004-01-04,0.0
Western Equatoria,Mvolo,SS1006,2003,unusual,119,2003-01-22,2004-01-04,0.0
Western Equatoria,Nagero,SS1007,2003,unusual,63,2003-12-26,2004-01-04,0.0
Western Equatoria,Nzara,SS1008,2003,unusual,31,2003-01-27,2004-01-04,0.0
Western Equatoria,Tambura,SS1009,2003,unusual,64,2003-01-08,2003-12-27,0.0
Western Equatoria,Yambio,SS1010,2003,unusual,88,2003-01-09,2004-01-04,0.0
Abyei Region,Abyei Region,SS0001,2004,unusual,15,2004-05-04,2004-11-05,0.0
Central Equatoria,Juba,SS0101,2004,recurring,592,2004-01-09,2005-01-02,0.0
Central Equatoria,Juba,SS0101,2004,unusual,762,2004-01-09,2004-12-30,0.0
Central Equatoria,Kajo-keji,SS0102,2004,recurring,1,2004-11-17,2004-11-17,0.0
Central Equatoria,Kajo-keji,SS0102,2004,unusual,7,2004-12-21,2004-12-24,0.0
Central Equatoria,Lainya,SS0103,2004,unusual,3,2004-01-07,2004-11-30,0.0
Central Equatoria,Morobo,SS0104,2004,unusual,1,2004-11-30,2004-11-30,0.0
Central Equatoria,Terekeka,SS0105,2004,recurring,244,2004-01-09,2005-01-02,0.0
Central Equatoria,Terekeka,SS0105,2004,unusual,529,2004-01-09,2005-01-02,0.0
Central Equatoria,Yei,SS0106,2004,unusual,14,2004-01-25,2004-12-24,0.0
Eastern Equatoria,Budi,SS0201,2004,unusual,110,2004-01-06,2004-12-23,0.0
Eastern Equatoria,Ikotos,SS0202,2004,unusual,286,2004-01-18,2004-12-24,0.0
Eastern Equatoria,Kapoeta East,SS0203,2004,recurring,130,2004-04-22,2004-12-27,0.0
Eastern Equatoria,Kapoeta East,SS0203,2004,unusual,4988,2004-01-05,2004-12-27,0.0
Eastern Equatoria,Kapoeta North,SS0204,2004,unusual,288,2004-01-17,2004-12-21,0.0
Eastern Equatoria,Kapoeta South,SS0205,2004,unusual,15,2004-01-17,2004-12-20,0.0
Eastern Equatoria,Lafon,SS0206,2004,unusual,1431,2004-01-17,2005-01-02,0.0
Eastern Equatoria,Magwi,SS0207,2004,recurring,5,2004-01-11,2004-12-28,0.0
Eastern Equatoria,Magwi,SS0207,2004,unusual,94,2004-01-05,2004-12-28,0.0
Eastern Equatoria,Torit,SS0208,2004,unusual,95,2004-01-15,2004-12-11,0.0
Jonglei,Akobo,SS0301,2004,recurring,149,2004-07-16,2004-12-14,0.0
Jonglei,Akobo,SS0301,2004,unusual,897,2004-01-05,2004-12-26,0.0
Jonglei,Ayod,SS0302,2004,recurring,15341,2004-01-05,2005-01-02,0.0
Jonglei,Ayod,SS0302,2004,unusual,8655,2004-01-05,2005-01-02,0.0
Jonglei,Bor South,SS0303,2004,recurring,4412,2004-01-07,2005-01-02,0.0
Jonglei,Bor South,SS0303,2004,unusual,6099,2004-01-06,2005-01-02,0.0
Jonglei,Canal/Pigi,SS0304,2004,recurring,11,2004-01-11,2004-12-26,0.0
Jonglei,Canal/Pigi,SS0304,2004,unusual,81,2004-01-05,2004-12-28,0.0
Jonglei,Duk,SS0305,2004,recurring,3746,2004-01-05,2005-01-02,0.0
Jonglei,Duk,SS0305,2004,unusual,2468,2004-01-05,2005-01-02,0.0
Jonglei,Fangak,SS0306,2004,recurring,1694,2004-01-05,2005-01-02,0.0
Jonglei,Fangak,SS0306,2004,unusual,1487,2004-01-05,2005-01-01,0.0
Jonglei,Nyirol,SS0307,2004,unusual,51,2004-01-18,2004-11-08,0.0
Jonglei,Pibor,SS0308,2004,recurring,25,2004-01-13,2004-12-25,0.0
Jonglei,Pibor,SS0308,2004,unusual,9675,2004-01-05,2005-01-02,0.0
Jonglei,Pochalla,SS0309,2004,recurring,55,2004-05-06,2004-06-03,0.0
Jonglei,Pochalla,SS0309,2004,unusual,2862,2004-01-05,2005-01-02,0.0
Jonglei,Twic East,SS0310,2004,recurring,4438,2004-01-07,2005-01-02,0.0
Jonglei,Twic East,SS0310,2004,unusual,5779,2004-01-07,2005-01-02,0.0
Jonglei,Uror,SS0311,2004,unusual,1429,2004-01-06,2004-12-26,0.0
Lakes,Awerial,SS0401,2004,recurring,4250,2004-01-07,2005-01-02,0.0
Lakes,Awerial,SS0401,2004,unusual,3422,2004-01-07,2005-01-02,0.0
Lakes,Cueibet,SS0402,2004,unusual,47,2004-01-05,2004-12-24,0.0
Lakes,Rumbek Centre,SS0403,2004,unusual,593,2004-01-09,2004-12-26,0.0
Lakes,Rumbek East,SS0404,2004,recurring,137,2004-01-06,2005-01-02,0.0
Lakes,Rumbek East,SS0404,2004,unusual,143,2004-01-09,2004-12-28,0.0
Lakes,Rumbek North,SS0405,2004,unusual,809,2004-01-07,2004-12-25,0.0
Lakes,Wulu,SS0406,2004,unusual,219,2004-01-05,2004-12-26,0.0
Lakes,Yirol East,SS0407,2004,recurring,2313,2004-01-09,2005-01-02,0.0
Lakes,Yirol East,SS0407,2004,unusual,2145,2004-01-07,2005-01-02,0.0
Lakes,Yirol West,SS0408,2004,recurring,202,2004-01-09,2005-01-02,0.0
Lakes,Yirol West,SS0408,2004,unusual,196,2004-01-09,2004-12-28,0.0
Northern Bahr el Ghazal,Aweil Centre,SS0501,2004,unusual,11,2004-10-20,2004-12-22,0.0
Northern Bahr el Ghazal,Aweil East,SS0502,2004,recurring,31,2004-08-23,2004-10-23,0.0
Northern Bahr el Ghazal,Aweil East,SS0502,2004,unusual,283,2004-01-09,2004-12-22,0.0
Northern Bahr el Ghazal,Aweil North,SS0503,2004,unusual,3,2004-10-21,2004-11-10,0.0
Northern Bahr el Ghazal,Aweil South,SS0504,2004,recurring,11,2004-09-28,2004-09-30,0.0
Northern Bahr el Ghazal,Aweil South,SS0504,2004,unusual,28,2004-09-28,2004-09-30,0.0
Northern Bahr el Ghazal,Aweil West,SS0505,2004,unusual,2,2004-11-06,2004-11-06,0.0
Unity,Abiemnhom,SS0601,2004,unusual,13,2004-04-09,2004-12-23,0.0
Unity,Guit,SS0602,2004,recurring,114,2004-01-06,2005-01-02,0.0
Unity,Guit,SS0602,2004,unusual,1568,2004-01-06,2005-01-02,0.0
Unity,Koch,SS0603,2004,recurring,3383,2004-01-05,2005-01-02,0.0
Unity,Koch,SS0603,2004,unusual,2588,2004-01-05,2005-01-02,0.0
Unity,Leer,SS0604,2004,recurring,344,2004-01-06,2005-01-02,0.0
Unity,Leer,SS0604,2004,unusual,231,2004-01-18,2004-12-28,0.0
Unity,Mayendit,SS0605,2004,recurring,296,2004-01-05,2005-01-02,0.0
Unity,Mayendit,SS0605,2004,unusual,779,2004-01-18,2004-12-30,0.0
Unity,Mayom,SS0606,2004,recurring,6174,2004-01-05,2005-01-02,0.0
Unity,Mayom,SS0606,2004,unusual,4025,2004-01-05,2005-01-02,0.0
Unity,Panyijiar,SS0607,2004,recurring,1594,2004-01-05,2005-01-02,0.0
Unity,Panyijiar,SS0607,2004,unusual,1863,2004-01-05,2005-01-02,0.0
Unity,Pariang,SS0608,2004,recurring,2564,2004-01-05,2005-01-02,0.0
Unity,Pariang,SS0608,2004,unusual,3062,2004-01-05,2005-01-02,0.0
Unity,Rubkona,SS0609,2004,unusual,54,2004-02-03,2004-12-25,0.0
Upper Nile,Baliet,SS0701,2004,recurring,8,2004-10-25,2004-12-14,0.0
Upper Nile,Baliet,SS0701,2004,unusual,287,2004-01-06,2004-12-28,0.0
Upper Nile,Fashoda,SS0702,2004,recurring,4,2004-12-12,2004-12-28,0.0
Upper Nile,Fashoda,SS0702,2004,unusual,146,2004-01-05,2004-12-14,0.0
Upper Nile,Longochuk,SS0703,2004,recurring,11,2004-11-12,2004-12-30,0.0
Upper Nile,Longochuk,SS0703,2004,unusual,4876,2004-01-06,2005-01-02,0.0
Upper Nile,Luakpiny/Nasir,SS0704,2004,recurring,272,2004-07-18,2004-12-30,0.0
Upper Nile,Luakpiny/Nasir,SS0704,2004,unusual,10226,2004-01-06,2005-01-02,0.0
Upper Nile,Maban,SS0705,2004,recurring,15,2004-12-11,2004-12-12,0.0
Upper Nile,Maban,SS0705,2004,unusual,930,2004-01-05,2004-12-27,0.0
Upper Nile,Maiwut,SS0706,2004,unusual,496,2004-01-05,2005-01-02,0.0
Upper Nile,Malakal,SS0707,2004,recurring,12,2004-10-18,2004-12-28,0.0
Upper Nile,Malakal,SS0707,2004,unusual,17,2004-01-06,2004-12-28,0.0
Upper Nile,Panyikang,SS0710,2004,recurring,72,2004-01-18,2004-12-28,0.0
Upper Nile,Panyikang,SS0710,2004,unusual,249,2004-01-06,2005-01-02,0.0
Upper Nile,Ulang,SS0712,2004,recurring,586,2004-07-14,2004-12-30,0.0
Upper Nile,Ulang,SS0712,2004,unusual,1998,2004-01-13,2004-12-30,0.0
Warrap,Gogrial East,SS0801,2004,recurring,4,2004-01-18,2004-12-10,0.0
Warrap,Gogrial East,SS0801,2004,unusual,648,2004-01-05,2005-01-02,0.0
Warrap,Gogrial West,SS0802,2004,recurring,37,2004-09-19,2004-09-30,0.0
Warrap,Gogrial West,SS0802,2004,unusual,24,2004-01-18,2004-11-05,0.0
Warrap,Tonj East,SS0803,2004,unusual,1169,2004-02-01,2004-12-28,0.0
Warrap,Tonj North,SS0804,2004,recurring,10978,2004-01-05,2005-01-02,0.0
Warrap,Tonj North,SS0804,2004,unusual,1651,2004-01-05,2005-01-02,0.0
Warrap,Tonj South,SS0805,2004,unusual,92,2004-01-05,2004-12-28,0.0
Warrap,Twic,SS0806,2004,recurring,2439,2004-01-05,2005-01-02,0.0
Warrap,Twic,SS0806,2004,unusual,7402,2004-01-05,2005-01-02,0.0
Western Bahr el Ghazal,Jur River,SS0901,2004,recurring,1,2004-10-23,2004-10-23,0.0
Western Bahr el Ghazal,Jur River,SS0901,2004,unusual,23,2004-04-16,2004-12-24,0.0
Western Bahr el Ghazal,Raja,SS0902,2004,unusual,91,2004-04-08,2004-12-20,0.0
Western Bahr el Ghazal,Wau,SS0903,2004,unusual,9,2004-04-16,2004-12-14,0.0
Western Equatoria,Ezo,SS1001,2004,unusual,63,2004-01-05,2004-12-13,0.0
Western Equatoria,Ibba,SS1002,2004,unusual,83,2004-02-11,2004-12-23,0.0
Western Equatoria,Maridi,SS1003,2004,unusual,29,2004-03-01,2004-12-16,0.0
Western Equatoria,Mundri East,SS1004,2004,unusual,28,2004-01-05,2004-12-14,0.0
Western Equatoria,Mundri West,SS1005,2004,unusual,55,2004-01-05,2004-12-25,0.0
Western Equatoria,Mvolo,SS1006,2004,unusual,102,2004-04-19,2004-12-14,0.0
Western Equatoria,Nagero,SS1007,2004,unusual,12,2004-01-07,2004-12-24,0.0
Western Equatoria,Nzara,SS1008,2004,unusual,33,2004-01-05,2004-12-22,0.0
Western Equatoria,Tambura,SS1009,2004,unusual,4,2004-01-07,2004-12-14,0.0
Western Equatoria,Yambio,SS1010,2004,unusual,47,2004-01-06,2004-12-25,0.0
Abyei Region,Abyei Region,SS0001,2005,unusual,7,2005-04-30,2005-12-05,0.0
Central Equatoria,Juba,SS0101,2005,recurring,939,2005-01-04,2006-01-01,0.0
Central Equatoria,Juba,SS0101,2005,unusual,1753,2005-01-04,2006-01-01,0.0
Central Equatoria,Kajo-keji,SS0102,2005,recurring,4,2005-11-29,2005-12-24,0.0
Central Equatoria,Kajo-keji,SS0102,2005,unusual,26,2005-01-06,2005-12-31,0.0
Central Equatoria,Lainya,SS0103,2005,unusual,106,2005-01-18,2005-12-28,0.0
Central Equatoria,Morobo,SS0104,2005,unusual,3,2005-12-10,2005-12-11,0.0
Central Equatoria,Terekeka,SS0105,2005,recurring,457,2005-01-03,2005-12-31,0.0
Central Equatoria,Terekeka,SS0105,2005,unusual,767,2005-01-03,2005-12-31,0.0
Central Equatoria,Yei,SS0106,2005,unusual,278,2005-01-18,2005-12-21,0.0
Eastern Equatoria,Budi,SS0201,2005,unusual,171,2005-01-17,2005-12-21,0.0
Eastern Equatoria,Ikotos,SS0202,2005,unusual,200,2005-01-17,2005-12-21,0.0
Eastern Equatoria,Kapoeta East,SS0203,2005,recurring,726,2005-05-10,2005-11-28,0.0
Eastern Equatoria,Kapoeta East,SS0203,2005,unusual,50334,2005-01-15,2006-01-01,0.0
Eastern Equatoria,Kapoeta North,SS0204,2005,unusual,245,2005-01-18,2005-12-12,0.0
Eastern Equatoria,Lafon,SS0206,2005,unusual,2879,2005-01-03,2005-12-28,0.0
Eastern Equatoria,Magwi,SS0207,2005,recurring,10,2005-01-06,2005-12-24,0.0
Eastern Equatoria,Magwi,SS0207,2005,unusual,363,2005-01-04,2005-12-22,0.0
Eastern Equatoria,Torit,SS0208,2005,unusual,201,2005-01-18,2005-12-22,0.0
Jonglei,Akobo,SS0301,2005,recurring,50,2005-09-03,2005-12-24,0.0
Jonglei,Akobo,SS0301,2005,unusual,396,2005-01-15,2006-01-01,0.0
Jonglei,Ayod,SS0302,2005,recurring,18926,2005-01-03,2006-01-01,0.0
Jonglei,Ayod,SS0302,2005,unusual,10152,2005-01-03,2006-01-01,0.0
Jonglei,Bor South,SS0303,2005,recurring,6315,2005-01-03,2006-01-01,0.0
Jonglei,Bor South,SS0303,2005,unusual,7951,2005-01-03,2006-01-01,0.0
Jonglei,Canal/Pigi,SS0304,2005,recurring,54,2005-01-06,2005-12-31,0.0
Jonglei,Canal/Pigi,SS0304,2005,unusual,65,2005-01-13,2005-12-31,0.0
Jonglei,Duk,SS0305,2005,recurring,6047,2005-01-03,2006-01-01,0.0
Jonglei,Duk,SS0305,2005,unusual,3945,2005-01-03,2006-01-01,0.0
Jonglei,Fangak,SS0306,2005,recurring,2733,2005-01-03,2006-01-01,0.0
Jonglei,Fangak,SS0306,2005,unusual,2188,2005-01-04,2006-01-01,0.0
Jonglei,Nyirol,SS0307,2005,unusual,88,2005-05-02,2005-12-24,0.0
Jonglei,Pibor,SS0308,2005,recurring,52,2005-01-06,2005-12-31,0.0
Jonglei,Pibor,SS0308,2005,unusual,46077,2005-01-03,2006-01-01,0.0
Jonglei,Pochalla,SS0309,2005,recurring,54,2005-05-12,2005-12-26,0.0
Jonglei,Pochalla,SS0309,2005,unusual,8300,2005-01-03,2005-12-31,0.0
Jonglei,Twic East,SS0310,2005,recurring,6237,2005-01-03,2006-01-01,0.0
Jonglei,Twic East,SS0310,2005,unusual,11309,2005-01-03,2006-01-01,0.0
Jonglei,Uror,SS0311,2005,unusual,2822,2005-05-30,2006-01-01,0.0
Lakes,Awerial,SS0401,2005,recurring,5942,2005-01-03,2006-01-01,0.0
Lakes,Awerial,SS0401,2005,unusual,4326,2005-01-03,2005-12-31,0.0
Lakes,Cueibet,SS0402,2005,unusual,38,2005-01-04,2005-12-22,0.0
Lakes,Rumbek Centre,SS0403,2005,unusual,795,2005-01-04,2005-12-31,0.0
Lakes,Rumbek East,SS0404,2005,recurring,144,2005-01-03,2005-12-31,0.0
Lakes,Rumbek East,SS0404,2005,unusual,435,2005-01-04,2005-12-31,0.0
Lakes,Rumbek North,SS0405,2005,unusual,393,2005-01-04,2005-12-29,0.0
Lakes,Wulu,SS0406,2005,unusual,202,2005-10-19,2005-12-18,0.0
Lakes,Yirol East,SS0407,2005,recurring,3206,2005-01-03,2006-01-01,0.0
Lakes,Yirol East,SS0407,2005,unusual,6466,2005-01-03,2005-12-31,0.0
Lakes,Yirol West,SS0408,2005,recurring,252,2005-01-03,2006-01-01,0.0
Lakes,Yirol West,SS0408,2005,unusual,226,2005-01-04,2005-12-31,0.0
Northern Bahr el Ghazal,Aweil Centre,SS0501,2005,recurring,186,2005-09-01,2005-10-06,0.0
Northern Bahr el Ghazal,Aweil Centre,SS0501,2005,unusual,156,2005-01-30,2005-12-04,0.0
Northern Bahr el Ghazal,Aweil East,SS0502,2005,recurring,7588,2005-08-25,2005-11-29,0.0
Northern Bahr el Ghazal,Aweil East,SS0502,2005,unusual,1200,2005-08-21,2005-12-25,0.0
Northern Bahr el Ghazal,Aweil North,SS0503,2005,unusual,11,2005-11-06,2005-11-17,0.0
Northern Bahr el Ghazal,Aweil South,SS0504,2005,recurring,2844,2005-09-19,2005-12-15,0.0
Northern Bahr el Ghazal,Aweil South,SS0504,2005,unusual,2774,2005-09-19,2005-12-13,0.0
Northern Bahr el Ghazal,Aweil West,SS0505,2005,recurring,105,2005-09-01,2005-10-26,0.0
Northern Bahr el Ghazal,Aweil West,SS0505,2005,unusual,161,2005-08-23,2005-11-09,0.0
Unity,Abiemnhom,SS0601,2005,unusual,92,2005-04-22,2005-12-24,0.0
Unity,Guit,SS0602,2005,recurring,134,2005-01-04,2005-12-31,0.0
Unity,Guit,SS0602,2005,unusual,2288,2005-01-03,2005-12-29,0.0
Unity,Koch,SS0603,2005,recurring,502,2005-01-03,2005-12-29,0.0
Unity,Koch,SS0603,2005,unusual,924,2005-01-03,2005-12-29,0.0
Unity,Leer,SS0604,2005,recurring,473,2005-01-04,2005-12-31,0.0
Unity,Leer,SS0604,2005,unusual,1597,2005-01-04,2005-12-31,0.0
Unity,Mayendit,SS0605,2005,recurring,758,2005-01-03,2005-12-30,0.0
Unity,Mayendit,SS0605,2005,unusual,1751,2005-01-04,2005-12-29,0.0
Unity,Mayom,SS0606,2005,recurring,1397,2005-01-03,2005-12-31,0.0
Unity,Mayom,SS0606,2005,unusual,523,2005-01-04,2005-12-31,0.0
Unity,Panyijiar,SS0607,2005,recurring,2470,2005-01-03,2006-01-01,0.0
Unity,Panyijiar,SS0607,2005,unusual,8169,2005-01-03,2005-12-31,0.0
Unity,Pariang,SS0608,2005,recurring,3047,2005-01-03,2006-01-01,0.0
Unity,Pariang,SS0608,2005,unusual,4383,2005-01-03,2005-12-31,0.0
Unity,Rubkona,SS0609,2005,unusual,189,2005-01-04,2005-12-29,0.0
Upper Nile,Baliet,SS0701,2005,recurring,15,2005-01-15,2005-12-31,0.0
Upper Nile,Baliet,SS0701,2005,unusual,592,2005-01-06,2005-12-31,0.0
Upper Nile,Fashoda,SS0702,2005,recurring,5,2005-01-13,2005-12-31,0.0
Upper Nile,Fashoda,SS0702,2005,unusual,295,2005-01-06,2005-12-24,0.0
Upper Nile,Longochuk,SS0703,2005,unusual,4890,2005-01-03,2006-01-01,0.0
Upper Nile,Luakpiny/Nasir,SS0704,2005,recurring,100,2005-01-04,2005-12-31,0.0
Upper Nile,Luakpiny/Nasir,SS0704,2005,unusual,9267,2005-01-03,2005-12-31,0.0
Upper Nile,Maban,SS0705,2005,recurring,109,2005-12-17,2005-12-31,0.0
Upper Nile,Maban,SS0705,2005,unusual,15337,2005-01-04,2006-01-01,0.0
Upper Nile,Maiwut,SS0706,2005,unusual,1485,2005-01-03,2005-12-31,0.0
Upper Nile,Malakal,SS0707,2005,recurring,12,2005-10-05,2005-12-31,0.0
Upper Nile,Malakal,SS0707,2005,unusual,87,2005-10-03,2005-12-31,0.0
Upper Nile,Melut,SS0709,2005,unusual,91,2005-05-10,2005-11-28,0.0
Upper Nile,Panyikang,SS0710,2005,recurring,132,2005-01-03,2005-12-31,0.0
Upper Nile,Panyikang,SS0710,2005,unusual,493,2005-01-03,2005-12-31,0.0
Upper Nile,Ulang,SS0712,2005,recurring,124,2005-01-04,2005-12-31,0.0
Upper Nile,Ulang,SS0712,2005,unusual,2003,2005-01-06,2005-12-31,0.0
Warrap,Gogrial East,SS0801,2005,recurring,278,2005-09-29,2006-01-01,0.0
Warrap,Gogrial East,SS0801,2005,unusual,17528,2005-01-04,2005-12-31,0.0
Warrap,Gogrial West,SS0802,2005,recurring,3988,2005-09-19,2005-12-06,0.0
Warrap,Gogrial West,SS0802,2005,unusual,2233,2005-01-11,2005-12-31,0.0
Warrap,Tonj East,SS0803,2005,unusual,727,2005-01-04,2005-12-25,0.0
Warrap,Tonj North,SS0804,2005,recurring,1913,2005-01-03,2005-12-29,0.0
Warrap,Tonj North,SS0804,2005,unusual,12956,2005-01-03,2005-12-29,0.0
Warrap,Tonj South,SS0805,2005,unusual,37,2005-04-19,2005-12-29,0.0
Warrap,Twic,SS0806,2005,recurring,5694,2005-01-03,2006-01-01,0.0
Warrap,Twic,SS0806,2005,unusual,13304,2005-01-03,2006-01-01,0.0
Western Bahr el Ghazal,Jur River,SS0901,2005,recurring,1277,2005-08-25,2005-11-29,0.0
Western Bahr el Ghazal,Jur River,SS0901,2005,unusual,1904,2005-01-04,2005-12-29,0.0
Western Bahr el Ghazal,Raja,SS0902,2005,unusual,94,2005-08-19,2005-12-30,0.0
Western Bahr el Ghazal,Wau,SS0903,2005,recurring,111,2005-09-01,2005-10-26,0.0
Western Bahr el Ghazal,Wau,SS0903,2005,unusual,581,2005-04-10,2005-12-04,0.0
Western Equatoria,Ezo,SS1001,2005,unusual,64,2005-11-20,2005-12-26,0.0
Western Equatoria,Ibba,SS1002,2005,unusual,290,2005-01-04,2005-12-25,0.0
Western Equatoria,Maridi,SS1003,2005,unusual,253,2005-02-02,2005-12-21,0.0
Western Equatoria,Mundri East,SS1004,2005,unusual,210,2005-03-07,2005-12-22,0.0
Western Equatoria,Mundri West,SS1005,2005,unusual,346,2005-03-13,2005-12-15,0.0
Western Equatoria,Mvolo,SS1006,2005,unusual,177,2005-04-01,2005-12-24,0.0
Western Equatoria,Nagero,SS1007,2005,unusual,66,2005-04-10,2005-12-25,0.0
Western Equatoria,Nzara,SS1008,2005,unusual,45,2005-01-20,2005-12-25,0.0
Western Equatoria,Tambura,SS1009,2005,unusual,27,2005-12-02,2005-12-25,0.0
Western Equatoria,Yambio,SS1010,2005,unusual,104,2005-01-04,2005-12-26,0.0
Abyei Region,Abyei Region,SS0001,2006,unusual,4,2006-05-28,2006-12-27,0.0
Central Equatoria,Juba,SS0101,2006,recurring,391,2006-01-02,2006-12-29,0.0
Central Equatoria,Juba,SS0101,2006,unusual,548,2006-01-02,2006-12-31,0.0
Central Equatoria,Kajo-keji,SS0102,2006,recurring,2,2006-12-09,2006-12-11,0.0
Central Equatoria,Kajo-keji,SS0102,2006,unusual,7,2006-01-25,2006-12-30,0.0
Central Equatoria,Lainya,SS0103,2006,unusual,55,2006-01-05,2006-12-04,0.0
Central Equatoria,Morobo,SS0104,2006,unusual,21,2006-01-04,2006-12-18,0.0
Central Equatoria,Terekeka,SS0105,2006,recurring,162,2006-01-02,2006-12-27,0.0
Central Equatoria,Terekeka,SS0105,2006,unusual,1296,2006-01-02,2006-12-27,0.0
Central Equatoria,Yei,SS0106,2006,unusual,167,2006-01-03,2006-12-06,0.0
Eastern Equatoria,Budi,SS0201,2006,unusual,110,2006-01-09,2006-12-20,0.0
Eastern Equatoria,Ikotos,SS0202,2006,unusual,48,2006-01-05,2006-12-25,0.0
Eastern Equatoria,Kapoeta East,SS0203,2006,recurring,79,2006-10-29,2006-11-17,0.0
Eastern Equatoria,Kapoeta East,SS0203,2006,unusual,42154,2006-01-02,2006-12-31,0.0
Eastern Equatoria,Kapoeta North,SS0204,2006,unusual,330,2006-01-12,2006-12-20,0.0
Eastern Equatoria,Kapoeta South,SS0205,2006,unusual,17,2006-02-21,2006-12-16,0.0
Eastern Equatoria,Lafon,SS0206,2006,unusual,1044,2006-01-09,2006-12-29,0.0
Eastern Equatoria,Magwi,SS0207,2006,recurring,3,2006-01-23,2006-12-18,0.0
Eastern Equatoria,Magwi,SS0207,2006,unusual,106,2006-01-02,2006-12-30,0.0
Eastern Equatoria,Torit,SS0208,2006,unusual,92,2006-01-09,2006-12-18,0.0
Jonglei,Akobo,SS0301,2006,recurring,62,2006-07-02,2006-12-25,0.0
Jonglei,Akobo,SS0301,2006,unusual,2120,2006-01-02,2006-12-24,0.0
Jonglei,Ayod,SS0302,2006,recurring,18112,2006-01-02,2006-12-31,0.0
Jonglei,Ayod,SS0302,2006,unusual,13322,2006-01-02,2006-12-30,0.0
Jonglei,Bor South,SS0303,2006,recurring,4713,2006-01-02,2006-12-31,0.0
Jonglei,Bor South,SS0303,2006,unusual,6684,2006-01-02,2006-12-31,0.0
Jonglei,Canal/Pigi,SS0304,2006,recurring,21,2006-01-09,2006-12-27,0.0
Jonglei,Canal/Pigi,SS0304,2006,unusual,144,2006-01-02,2006-12-29,0.0
Jonglei,Duk,SS0305,2006,recurring,6019,2006-01-02,2006-12-31,0.0
Jonglei,Duk,SS0305,2006,unusual,6444,2006-01-02,2006-12-31,0.0
Jonglei,Fangak,SS0306,2006,recurring,3174,2006-01-02,2006-12-31,0.0
Jonglei,Fangak,SS0306,2006,unusual,17227,2006-01-02,2006-12-31,0.0
Jonglei,Nyirol,SS0307,2006,unusual,185,2006-06-30,2006-12-07,0.0
Jonglei,Pibor,SS0308,2006,recurring,43,2006-01-02,2006-12-24,0.0
Jonglei,Pibor,SS0308,2006,unusual,15451,2006-01-02,2006-12-25,0.0
Jonglei,Pochalla,SS0309,2006,recurring,63,2006-01-02,2006-12-20,0.0
Jonglei,Pochalla,SS0309,2006,unusual,4022,2006-01-02,2006-12-29,0.0
Jonglei,Twic East,SS0310,2006,recurring,5861,2006-01-02,2006-12-31,0.0
Jonglei,Twic East,SS0310,2006,unusual,9296,2006-01-02,2006-12-31,0.0
Jonglei,Uror,SS0311,2006,unusual,10282,2006-01-02,2006-12-27,0.0
Lakes,Awerial,SS0401,2006,recurring,5195,2006-01-02,2006-12-31,0.0
Lakes,Awerial,SS0401,2006,unusual,3294,2006-01-02,2006-12-31,0.0
Lakes,Cueibet,SS0402,2006,recurring,11,2006-10-04,2006-10-06,0.0
Lakes,Cueibet,SS0402,2006,unusual,470,2006-01-07,2006-12-27,0.0
Lakes,Rumbek Centre,SS0403,2006,unusual,291,2006-01-02,2006-12-27,0.0
Lakes,Rumbek East,SS0404,2006,recurring,57,2006-01-03,2006-12-27,0.0
Lakes,Rumbek East,SS0404,2006,unusual,478,2006-01-03,2006-12-27,0.0
Lakes,Rumbek North,SS0405,2006,unusual,448,2006-01-07,2006-12-28,0.0
Lakes,Wulu,SS0406,2006,recurring,1,2006-10-06,2006-10-06,0.0
Lakes,Wulu,SS0406,2006,unusual,191,2006-02-26,2006-12-27,0.0
Lakes,Yirol East,SS0407,2006,recurring,3072,2006-01-02,2006-12-31,0.0
Lakes,Yirol East,SS0407,2006,unusual,4141,2006-01-02,2006-12-31,0.0
Lakes,Yirol West,SS0408,2006,recurring,171,2006-01-02,2006-12-29,0.0
Lakes,Yirol West,SS0408,2006,unusual,285,2006-01-04,2006-12-27,0.0
Northern Bahr el Ghazal,Aweil Centre,SS0501,2006,recurring,455,2006-08-31,2006-11-25,0.0
Northern Bahr el Ghazal,Aweil Centre,SS0501,2006,unusual,899,2006-08-19,2006-12-05,0.0
Northern Bahr el Ghazal,Aweil East,SS0502,2006,recurring,7989,2006-08-19,2006-12-25,0.0
Northern Bahr el Ghazal,Aweil East,SS0502,2006,unusual,1823,2006-01-05,2006-12-27,0.0
Northern Bahr el Ghazal,Aweil North,SS0503,2006,recurring,10,2006-10-06,2006-10-15,0.0
Northern Bahr el Ghazal,Aweil North,SS0503,2006,unusual,85,2006-01-21,2006-11-27,0.0
Northern Bahr el Ghazal,Aweil South,SS0504,2006,recurring,2117,2006-10-04,2006-12-25,0.0
Northern Bahr el Ghazal,Aweil South,SS0504,2006,unusual,88,2006-07-02,2006-12-25,0.0
Northern Bahr el Ghazal,Aweil West,SS0505,2006,recurring,131,2006-09-13,2006-10-29,0.0
Northern Bahr el Ghazal,Aweil West,SS0505,2006,unusual,359,2006-08-19,2006-11-26,0.0
Unity,Abiemnhom,SS0601,2006,unusual,31,2006-11-27,2006-12-21,0.0
Unity,Guit,SS0602,2006,recurring,104,2006-01-07,2006-12-27,0.0
Unity,Guit,SS0602,2006,unusual,657,2006-01-03,2006-12-27,0.0
Unity,Koch,SS0603,2006,recurring,459,2006-01-02,2006-12-29,0.0
Unity,Koch,SS0603,2006,unusual,586,2006-01-02,2006-12-27,0.0
Unity,Leer,SS0604,2006,recurring,484,2006-01-02,2006-12-27,0.0
Unity,Leer,SS0604,2006,unusual,2556,2006-01-04,2006-12-29,0.0
Unity,Mayendit,SS0605,2006,recurring,998,2006-01-03,2006-12-27,0.0
Unity,Mayendit,SS0605,2006,unusual,482,2006-01-05,2006-12-25,0.0
Unity,Mayom,SS0606,2006,recurring,5237,2006-01-02,2006-12-30,0.0
Unity,Mayom,SS0606,2006,unusual,8941,2006-01-03,2006-12-29,0.0
Unity,Panyijiar,SS0607,2006,recurring,2868,2006-01-02,2006-12-29,0.0
Unity,Panyijiar,SS0607,2006,unusual,6290,2006-01-02,2006-12-31,0.0
Unity,Pariang,SS0608,2006,recurring,2765,2006-01-02,2006-12-31,0.0
Unity,Pariang,SS0608,2006,unusual,4592,2006-01-02,2006-12-31,0.0
Unity,Rubkona,SS0609,2006,unusual,111,2006-01-03,2006-12-27,0.0
Upper Nile,Baliet,SS0701,2006,recurring,645,2006-01-09,2006-12-31,0.0
Upper Nile,Baliet,SS0701,2006,unusual,22082,2006-01-02,2006-12-31,0.0
Upper Nile,Fashoda,SS0702,2006,recurring,3,2006-01-02,2006-12-20,0.0
Upper Nile,Fashoda,SS0702,2006,unusual,32,2006-01-09,2006-12-29,0.0
Upper Nile,Longochuk,SS0703,2006,unusual,2168,2006-01-02,2006-12-29,0.0
Upper Nile,Luakpiny/Nasir,SS0704,2006,recurring,5764,2006-01-02,2006-12-31,0.0
Upper Nile,Luakpiny/Nasir,SS0704,2006,unusual,164093,2006-01-02,2006-12-31,0.0
Upper Nile,Maban,SS0705,2006,recurring,79,2006-01-02,2006-12-29,0.0
Upper Nile,Maban,SS0705,2006,unusual,10018,2006-01-02,2006-12-29,0.0
Upper Nile,Maiwut,SS0706,2006,unusual,963,2006-01-02,2006-12-25,0.0
Upper Nile,Malakal,SS0707,2006,recurring,4,2006-01-07,2006-12-18,0.0
Upper Nile,Malakal,SS0707,2006,unusual,22,2006-01-02,2006-12-27,0.0
Upper Nile,Melut,SS0709,2006,unusual,2,2006-09-06,2006-09-06,0.0
Upper Nile,Panyikang,SS0710,2006,recurring,154,2006-01-02,2006-12-29,0.0
Upper Nile,Panyikang,SS0710,2006,unusual,687,2006-01-02,2006-12-29,0.0
Upper Nile,Ulang,SS0712,2006,recurring,11026,2006-07-01,2006-12-31,0.0
Upper Nile,Ulang,SS0712,2006,unusual,127777,2006-01-02,2006-12-31,0.0
Warrap,Gogrial East,SS0801,2006,recurring,1076,2006-01-02,2006-12-28,0.0
Warrap,Gogrial East,SS0801,2006,unusual,27840,2006-01-02,2006-12-30,0.0
Warrap,Gogrial West,SS0802,2006,recurring,10036,2006-09-13,2006-12-25,0.0
Warrap,Gogrial West,SS0802,2006,unusual,4311,2006-01-19,2006-12-27,0.0
Warrap,Tonj East,SS0803,2006,unusual,597,2006-01-07,2006-12-27,0.0
Warrap,Tonj North,SS0804,2006,recurring,11153,2006-01-03,2006-12-30,0.0
Warrap,Tonj North,SS0804,2006,unusual,2327,2006-01-02,2006-12-28,0.0
Warrap,Tonj South,SS0805,2006,recurring,1166,2006-10-04,2006-11-30,0.0
Warrap,Tonj South,SS0805,2006,unusual,16771,2006-01-08,2006-12-28,0.0
Warrap,Twic,SS0806,2006,recurring,13413,2006-01-02,2006-12-30,0.0
Warrap,Twic,SS0806,2006,unusual,14482,2006-01-02,2006-12-30,0.0
Western Bahr el Ghazal,Jur River,SS0901,2006,recurring,1177,2006-09-09,2006-11-30,0.0
Western Bahr el Ghazal,Jur River,SS0901,2006,unusual,506,2006-01-05,2006-12-28,0.0
Western Bahr el Ghazal,Raja,SS0902,2006,recurring,6,2006-08-28,2006-10-04,0.0
Western Bahr el Ghazal,Raja,SS0902,2006,unusual,43,2006-01-26,2006-12-27,0.0
Western Bahr el Ghazal,Wau,SS0903,2006,recurring,94,2006-10-04,2006-11-23,0.0
Western Bahr el Ghazal,Wau,SS0903,2006,unusual,45,2006-10-06,2006-12-02,0.0
Western Equatoria,Ezo,SS1001,2006,unusual,23,2006-01-05,2006-12-20,0.0
Western Equatoria,Ibba,SS1002,2006,unusual,228,2006-01-03,2006-12-27,0.0
Western Equatoria,Maridi,SS1003,2006,unusual,185,2006-01-03,2006-12-23,0.0
Western Equatoria,Mundri East,SS1004,2006,unusual,242,2006-02-22,2006-12-27,0.0
Western Equatoria,Mundri West,SS1005,2006,unusual,93,2006-01-07,2006-12-27,0.0
Western Equatoria,Mvolo,SS1006,2006,unusual,71,2006-01-07,2006-12-15,0.0
Western Equatoria,Nagero,SS1007,2006,recurring,1,2006-10-31,2006-10-31,0.0
Western Equatoria,Nagero,SS1007,2006,unusual,71,2006-02-24,2006-12-26,0.0
Western Equatoria,Nzara,SS1008,2006,unusual,18,2006-01-10,2006-12-18,0.0
Western Equatoria,Tambura,SS1009,2006,unusual,87,2006-01-10,2006-12-27,0.0
Western Equatoria,Yambio,SS1010,2006,unusual,75,2006-01-02,2006-12-27,0.0
Abyei Region,Abyei Region,SS0001,2007,unusual,180,2007-10-26,2008-01-06,0.0
Central Equatoria,Juba,SS0101,2007,recurring,775,2007-01-01,2008-01-06,0.0
Central Equatoria,Juba,SS0101,2007,unusual,2073,2007-01-01,2008-01-06,0.0
Central Equatoria,Kajo-keji,SS0102,2007,recurring,3,2007-12-12,2007-12-21,0.0
Central Equatoria,Kajo-keji,SS0102,2007,unusual,73,2007-01-19,2008-01-04,0.0
Central Equatoria,Lainya,SS0103,2007,unusual,152,2007-01-16,2008-01-04,0.0
Central Equatoria,Morobo,SS0104,2007,unusual,81,2007-01-28,2008-01-04,0.0
Central Equatoria,Terekeka,SS0105,2007,recurring,60,2007-01-03,2008-01-06,0.0
Central Equatoria,Terekeka,SS0105,2007,unusual,1008,2007-01-03,2008-01-06,0.0
Central Equatoria,Yei,SS0106,2007,unusual,299,2007-01-05,2008-01-05,0.0
Eastern Equatoria,Budi,SS0201,2007,unusual,303,2007-01-17,2008-01-06,0.0
Eastern Equatoria,Ikotos,SS0202,2007,unusual,343,2007-01-12,2008-01-01,0.0
Eastern Equatoria,Kapoeta East,SS0203,2007,recurring,72,2007-04-17,2007-11-12,0.0
Eastern Equatoria,Kapoeta East,SS0203,2007,unusual,49469,2007-01-01,2008-01-06,0.0
Eastern Equatoria,Kapoeta North,SS0204,2007,unusual,1384,2007-01-21,2008-01-06,0.0
Eastern Equatoria,Kapoeta South,SS0205,2007,unusual,12,2007-03-05,2007-12-10,0.0
Eastern Equatoria,Lafon,SS0206,2007,unusual,13605,2007-01-03,2008-01-06,0.0
Eastern Equatoria,Magwi,SS0207,2007,recurring,7,2007-01-12,2007-12-23,0.0
Eastern Equatoria,Magwi,SS0207,2007,unusual,356,2007-01-05,2008-01-06,0.0
Eastern Equatoria,Torit,SS0208,2007,unusual,284,2007-01-17,2008-01-06,0.0
Jonglei,Akobo,SS0301,2007,recurring,237,2007-01-03,2008-01-06,0.0
Jonglei,Akobo,SS0301,2007,unusual,3607,2007-01-03,2008-01-06,0.0
Jonglei,Ayod,SS0302,2007,recurring,17245,2007-01-01,2008-01-06,0.0
Jonglei,Ayod,SS0302,2007,unusual,50318,2007-01-01,2008-01-06,0.0
Jonglei,Bor South,SS0303,2007,recurring,3963,2007-01-01,2008-01-06,0.0
Jonglei,Bor South,SS0303,2007,unusual,21185,2007-01-01,2008-01-06,0.0
Jonglei,Canal/Pigi,SS0304,2007,recurring,27,2007-01-03,2008-01-06,0.0
Jonglei,Canal/Pigi,SS0304,2007,unusual,338,2007-01-03,2008-01-06,0.0
Jonglei,Duk,SS0305,2007,recurring,5497,2007-01-01,2008-01-06,0.0
Jonglei,Duk,SS0305,2007,unusual,5875,2007-01-01,2008-01-06,0.0
Jonglei,Fangak,SS0306,2007,recurring,3300,2007-01-01,2008-01-06,0.0
Jonglei,Fangak,SS0306,2007,unusual,4874,2007-01-01,2008-01-06,0.0
Jonglei,Nyirol,SS0307,2007,unusual,468,2007-01-21,2008-01-06,0.0
Jonglei,Pibor,SS0308,2007,recurring,65,2007-01-03,2008-01-06,0.0
Jonglei,Pibor,SS0308,2007,unusual,88905,2007-01-03,2008-01-06,0.0
Jonglei,Pochalla,SS0309,2007,recurring,197,2007-01-03,2008-01-06,0.0
Jonglei,Pochalla,SS0309,2007,unusual,24548,2007-01-02,2008-01-06,0.0
Jonglei,Twic East,SS0310,2007,recurring,5320,2007-01-01,2008-01-06,0.0
Jonglei,Twic East,SS0310,2007,unusual,17808,2007-01-01,2008-01-06,0.0
Jonglei,Uror,SS0311,2007,unusual,3835,2007-01-05,2008-01-06,0.0
Lakes,Awerial,SS0401,2007,recurring,4492,2007-01-01,2008-01-06,0.0
Lakes,Awerial,SS0401,2007,unusual,2718,2007-01-01,2008-01-06,0.0
Lakes,Cueibet,SS0402,2007,recurring,6,2007-10-09,2007-11-30,0.0
Lakes,Cueibet,SS0402,2007,unusual,1399,2007-01-05,2007-12-28,0.0
Lakes,Rumbek Centre,SS0403,2007,unusual,2085,2007-01-12,2008-01-04,0.0
Lakes,Rumbek East,SS0404,2007,recurring,50,2007-01-03,2008-01-06,0.0
Lakes,Rumbek East,SS0404,2007,unusual,3250,2007-01-14,2008-01-04,0.0
Lakes,Rumbek North,SS0405,2007,unusual,1417,2007-01-05,2008-01-06,0.0
Lakes,Wulu,SS0406,2007,recurring,2,2007-10-16,2007-10-18,0.0
Lakes,Wulu,SS0406,2007,unusual,299,2007-01-15,2008-01-04,0.0
Lakes,Yirol East,SS0407,2007,recurring,3015,2007-01-01,2008-01-06,0.0
Lakes,Yirol East,SS0407,2007,unusual,8808,2007-01-01,2008-01-06,0.0
Lakes,Yirol West,SS0408,2007,recurring,97,2007-01-03,2008-01-06,0.0
Lakes,Yirol West,SS0408,2007,unusual,2129,2007-01-03,2008-01-06,0.0
Northern Bahr el Ghazal,Aweil Centre,SS0501,2007,recurring,784,2007-08-21,2007-11-17,0.0
Northern Bahr el Ghazal,Aweil Centre,SS0501,2007,unusual,1813,2007-04-09,2007-12-26,0.0
Northern Bahr el Ghazal,Aweil East,SS0502,2007,recurring,18536,2007-08-20,2007-12-26,0.0
Northern Bahr el Ghazal,Aweil East,SS0502,2007,unusual,10280,2007-01-01,2007-12-14,0.0
Northern Bahr el Ghazal,Aweil North,SS0503,2007,recurring,367,2007-09-17,2007-10-16,0.0
Northern Bahr el Ghazal,Aweil North,SS0503,2007,unusual,1230,2007-09-17,2007-11-01,0.0
Northern Bahr el Ghazal,Aweil South,SS0504,2007,recurring,5344,2007-09-23,2007-12-26,0.0
Northern Bahr el Ghazal,Aweil South,SS0504,2007,unusual,488,2007-01-01,2008-01-04,0.0
Northern Bahr el Ghazal,Aweil West,SS0505,2007,recurring,2443,2007-09-12,2007-11-06,0.0
Northern Bahr el Ghazal,Aweil West,SS0505,2007,unusual,10392,2007-08-22,2007-11-17,0.0
Unity,Abiemnhom,SS0601,2007,unusual,1062,2007-01-13,2008-01-06,0.0
Unity,Guit,SS0602,2007,recurring,172,2007-01-03,2008-01-06,0.0
Unity,Guit,SS0602,2007,unusual,25118,2007-01-01,2008-01-06,0.0
Unity,Koch,SS0603,2007,recurring,3384,2007-01-01,2008-01-06,0.0
Unity,Koch,SS0603,2007,unusual,2794,2007-01-01,2008-01-06,0.0
Unity,Leer,SS0604,2007,recurring,511,2007-01-01,2008-01-06,0.0
Unity,Leer,SS0604,2007,unusual,465,2007-01-03,2008-01-06,0.0
Unity,Mayendit,SS0605,2007,recurring,597,2007-01-01,2008-01-06,0.0
Unity,Mayendit,SS0605,2007,unusual,835,2007-01-01,2008-01-06,0.0
Unity,Mayom,SS0606,2007,recurring,21211,2007-01-01,2008-01-06,0.0
Unity,Mayom,SS0606,2007,unusual,112049,2007-01-01,2008-01-06,0.0
Unity,Panyijiar,SS0607,2007,recurring,2396,2007-01-01,2008-01-06,0.0
Unity,Panyijiar,SS0607,2007,unusual,9121,2007-01-01,2008-01-06,0.0
Unity,Pariang,SS0608,2007,recurring,3533,2007-01-01,2008-01-06,0.0
Unity,Pariang,SS0608,2007,unusual,16467,2007-01-01,2008-01-06,0.0
Unity,Rubkona,SS0609,2007,recurring,76,2007-10-09,2007-12-24,0.0
Unity,Rubkona,SS0609,2007,unusual,15901,2007-01-19,2008-01-06,0.0
Upper Nile,Baliet,SS0701,2007,recurring,6592,2007-01-01,2008-01-06,0.0
Upper Nile,Baliet,SS0701,2007,unusual,125855,2007-01-01,2008-01-06,0.0
Upper Nile,Fashoda,SS0702,2007,recurring,1,2007-01-28,2007-01-28,0.0
Upper Nile,Fashoda,SS0702,2007,unusual,219,2007-01-03,2008-01-06,0.0
Upper Nile,Longochuk,SS0703,2007,unusual,5612,2007-01-02,2008-01-06,0.0
Upper Nile,Luakpiny/Nasir,SS0704,2007,recurring,9004,2007-01-01,2008-01-06,0.0
Upper Nile,Luakpiny/Nasir,SS0704,2007,unusual,138642,2007-01-01,2008-01-06,0.0
Upper Nile,Maban,SS0705,2007,recurring,105,2007-01-17,2007-12-22,0.0
Upper Nile,Maban,SS0705,2007,unusual,10637,2007-01-02,2008-01-06,0.0
Upper Nile,Maiwut,SS0706,2007,unusual,232,2007-01-01,2008-01-06,0.0
Upper Nile,Malakal,SS0707,2007,recurring,1,2007-12-14,2007-12-14,0.0
Upper Nile,Malakal,SS0707,2007,unusual,59,2007-01-03,2007-12-23,0.0
Upper Nile,Melut,SS0709,2007,unusual,2,2007-05-08,2007-05-08,0.0
Upper Nile,Panyikang,SS0710,2007,recurring,216,2007-01-01,2008-01-06,0.0
Upper Nile,Panyikang,SS0710,2007,unusual,1075,2007-01-01,2008-01-06,0.0
Upper Nile,Ulang,SS0712,2007,recurring,24341,2007-01-01,2008-01-06,0.0
Upper Nile,Ulang,SS0712,2007,unusual,125064,2007-01-01,2008-01-06,0.0
Warrap,Gogrial East,SS0801,2007,recurring,8628,2007-01-01,2008-01-06,0.0
Warrap,Gogrial East,SS0801,2007,unusual,31422,2007-01-01,2008-01-06,0.0
Warrap,Gogrial West,SS0802,2007,recurring,16657,2007-09-23,2007-12-26,0.0
Warrap,Gogrial West,SS0802,2007,unusual,14411,2007-01-10,2008-01-04,0.0
Warrap,Tonj East,SS0803,2007,unusual,1731,2007-01-03,2008-01-02,0.0
Warrap,Tonj North,SS0804,2007,recurring,60460,2007-01-01,2008-01-06,0.0
Warrap,Tonj North,SS0804,2007,unusual,14052,2007-01-01,2008-01-06,0.0
Warrap,Tonj South,SS0805,2007,recurring,125,2007-09-14,2007-11-01,0.0
Warrap,Tonj South,SS0805,2007,unusual,783,2007-01-01,2007-12-30,0.0
Warrap,Twic,SS0806,2007,recurring,16404,2007-01-01,2008-01-06,0.0
Warrap,Twic,SS0806,2007,unusual,14091,2007-01-01,2008-01-06,0.0
Western Bahr el Ghazal,Jur River,SS0901,2007,recurring,2465,2007-08-29,2007-11-30,0.0
Western Bahr el Ghazal,Jur River,SS0901,2007,unusual,1910,2007-01-01,2008-01-06,0.0
Western Bahr el Ghazal,Raja,SS0902,2007,recurring,23,2007-09-17,2007-09-28,0.0
Western Bahr el Ghazal,Raja,SS0902,2007,unusual,132,2007-08-13,2007-12-17,0.0
Western Bahr el Ghazal,Wau,SS0903,2007,recurring,635,2007-09-16,2007-10-31,0.0
Western Bahr el Ghazal,Wau,SS0903,2007,unusual,520,2007-08-20,2007-11-12,0.0
Western Equatoria,Ezo,SS1001,2007,unusual,21,2007-01-26,2008-01-01,0.0
Western Equatoria,Ibba,SS1002,2007,unusual,573,2007-01-02,2008-01-02,0.0
Western Equatoria,Maridi,SS1003,2007,unusual,48,2007-01-15,2008-01-03,0.0
Western Equatoria,Mundri East,SS1004,2007,unusual,96,2007-03-13,2008-01-01,0.0
Western Equatoria,Mundri West,SS1005,2007,unusual,106,2007-01-11,2008-01-04,0.0
Western Equatoria,Mvolo,SS1006,2007,recurring,5,2007-09-18,2007-09-18,0.0
Western Equatoria,Mvolo,SS1006,2007,unusual,136,2007-05-04,2008-01-06,0.0
Western Equatoria,Nagero,SS1007,2007,recurring,1,2007-10-07,2007-10-07,0.0
Western Equatoria,Nagero,SS1007,2007,unusual,42,2007-02-21,2007-08-27,0.0
Western Equatoria,Nzara,SS1008,2007,unusual,67,2007-01-27,2008-01-02,0.0
Western Equatoria,Tambura,SS1009,2007,unusual,14,2007-01-27,2008-01-01,0.0
Western Equatoria,Yambio,SS1010,2007,unusual,289,2007-01-02,2008-01-06,0.0
Abyei Region,Abyei Region,SS0001,2008,unusual,93,2008-01-08,2008-12-30,0.0
Central Equatoria,Juba,SS0101,2008,recurring,457,2008-01-08,2009-01-03,0.0
Central Equatoria,Juba,SS0101,2008,unusual,1790,2008-01-08,2009-01-03,0.0
Central Equatoria,Kajo-keji,SS0102,2008,recurring,1,2008-11-23,2008-11-23,0.0
Central Equatoria,Kajo-keji,SS0102,2008,unusual,21,2008-01-13,2008-12-11,0.0
Central Equatoria,Lainya,SS0103,2008,unusual,102,2008-01-13,2008-12-12,0.0
Central Equatoria,Morobo,SS0104,2008,unusual,16,2008-10-31,2008-12-12,0.0
Central Equatoria,Terekeka,SS0105,2008,recurring,37,2008-01-08,2009-01-01,0.0
Central Equatoria,Terekeka,SS0105,2008,unusual,529,2008-01-08,2009-01-01,0.0
Central Equatoria,Yei,SS0106,2008,unusual,103,2008-01-11,2008-12-13,0.0
Eastern Equatoria,Budi,SS0201,2008,unusual,405,2008-01-11,2009-01-03,0.0
Eastern Equatoria,Ikotos,SS0202,2008,unusual,171,2008-01-11,2009-01-01,0.0
Eastern Equatoria,Kapoeta East,SS0203,2008,recurring,2,2008-05-27,2008-05-27,0.0
Eastern Equatoria,Kapoeta East,SS0203,2008,unusual,18956,2008-01-07,2009-01-04,0.0
Eastern Equatoria,Kapoeta North,SS0204,2008,unusual,338,2008-01-07,2008-12-18,0.0
Eastern Equatoria,Kapoeta South,SS0205,2008,unusual,17,2008-04-15,2008-05-31,0.0
Eastern Equatoria,Lafon,SS0206,2008,unusual,2536,2008-01-07,2009-01-04,0.0
Eastern Equatoria,Magwi,SS0207,2008,recurring,4,2008-01-08,2008-11-23,0.0
Eastern Equatoria,Magwi,SS0207,2008,unusual,205,2008-01-08,2009-01-03,0.0
Eastern Equatoria,Torit,SS0208,2008,unusual,617,2008-01-08,2009-01-03,0.0
Jonglei,Akobo,SS0301,2008,recurring,1503,2008-01-08,2009-01-04,0.0
Jonglei,Akobo,SS0301,2008,unusual,4110,2008-01-08,2009-01-04,0.0
Jonglei,Ayod,SS0302,2008,recurring,12642,2008-01-07,2009-01-04,0.0
Jonglei,Ayod,SS0302,2008,unusual,22108,2008-01-07,2009-01-04,0.0
Jonglei,Bor South,SS0303,2008,recurring,4148,2008-01-08,2009-01-04,0.0
Jonglei,Bor South,SS0303,2008,unusual,3859,2008-01-07,2009-01-04,0.0
Jonglei,Canal/Pigi,SS0304,2008,recurring,23,2008-01-08,2008-12-16,0.0
Jonglei,Canal/Pigi,SS0304,2008,unusual,80,2008-01-08,2008-12-16,0.0
Jonglei,Duk,SS0305,2008,recurring,5902,2008-01-07,2009-01-04,0.0
Jonglei,Duk,SS0305,2008,unusual,2307,2008-01-08,2009-01-04,0.0
Jonglei,Fangak,SS0306,2008,recurring,2141,2008-01-07,2009-01-04,0.0
Jonglei,Fangak,SS0306,2008,unusual,928,2008-01-07,2009-01-01,0.0
Jonglei,Nyirol,SS0307,2008,unusual,3341,2008-01-08,2009-01-03,0.0
Jonglei,Pibor,SS0308,2008,recurring,70,2008-01-08,2008-12-25,0.0
Jonglei,Pibor,SS0308,2008,unusual,46689,2008-01-07,2009-01-04,0.0
Jonglei,Pochalla,SS0309,2008,recurring,480,2008-01-08,2009-01-04,0.0
Jonglei,Pochalla,SS0309,2008,unusual,7251,2008-01-07,2009-01-04,0.0
Jonglei,Twic East,SS0310,2008,recurring,3173,2008-01-07,2009-01-04,0.0
Jonglei,Twic East,SS0310,2008,unusual,3446,2008-01-08,2009-01-04,0.0
Jonglei,Uror,SS0311,2008,unusual,3384,2008-01-08,2009-01-04,0.0
Lakes,Awerial,SS0401,2008,recurring,4293,2008-01-07,2009-01-04,0.0
Lakes,Awerial,SS0401,2008,unusual,761,2008-01-07,2009-01-03,0.0
Lakes,Cueibet,SS0402,2008,recurring,125,2008-10-13,2008-11-30,0.0
Lakes,Cueibet,SS0402,2008,unusual,4156,2008-01-21,2008-12-16,0.0
Lakes,Rumbek Centre,SS0403,2008,unusual,4674,2008-01-10,2008-12-19,0.0
Lakes,Rumbek East,SS0404,2008,recurring,156,2008-01-08,2009-01-01,0.0
Lakes,Rumbek East,SS0404,2008,unusual,355,2008-01-16,2009-01-01,0.0
Lakes,Rumbek North,SS0405,2008,unusual,434,2008-01-08,2008-12-28,0.0
Lakes,Wulu,SS0406,2008,recurring,3,2008-08-26,2008-09-16,0.0
Lakes,Wulu,SS0406,2008,unusual,103,2008-01-08,2008-12-28,0.0
Lakes,Yirol East,SS0407,2008,recurring,1563,2008-01-07,2009-01-04,0.0
Lakes,Yirol East,SS0407,2008,unusual,1643,2008-01-08,2009-01-04,0.0
Lakes,Yirol West,SS0408,2008,recurring,89,2008-01-08,2009-01-01,0.0
Lakes,Yirol West,SS0408,2008,unusual,1637,2008-01-22,2009-01-01,0.0
Northern Bahr el Ghazal,Aweil Centre,SS0501,2008,recurring,2033,2008-08-13,2008-11-30,0.0
Northern Bahr el Ghazal,Aweil Centre,SS0501,2008,unusual,9395,2008-04-15,2008-12-19,0.0
Northern Bahr el Ghazal,Aweil East,SS0502,2008,recurring,54364,2008-08-08,2008-12-19,0.0
Northern Bahr el Ghazal,Aweil East,SS0502,2008,unusual,74258,2008-07-23,2009-01-04,0.0
Northern Bahr el Ghazal,Aweil North,SS0503,2008,recurring,657,2008-08-29,2008-11-05,0.0
Northern Bahr el Ghazal,Aweil North,SS0503,2008,unusual,1011,2008-08-29,2008-11-12,0.0
Northern Bahr el Ghazal,Aweil South,SS0504,2008,recurring,33375,2008-08-15,2009-01-04,0.0
Northern Bahr el Ghazal,Aweil South,SS0504,2008,unusual,71384,2008-01-11,2009-01-04,0.0
Northern Bahr el Ghazal,Aweil West,SS0505,2008,recurring,3645,2008-08-27,2008-11-24,0.0
Northern Bahr el Ghazal,Aweil West,SS0505,2008,unusual,8916,2008-08-03,2008-11-28,0.0
Unity,Abiemnhom,SS0601,2008,unusual,30,2008-01-07,2008-04-15,0.0
Unity,Guit,SS0602,2008,recurring,101,2008-01-08,2009-01-04,0.0
Unity,Guit,SS0602,2008,unusual,27470,2008-01-07,2009-01-04,0.0
Unity,Koch,SS0603,2008,recurring,5145,2008-01-07,2009-01-04,0.0
Unity,Koch,SS0603,2008,unusual,3015,2008-01-07,2008-12-30,0.0
Unity,Leer,SS0604,2008,recurring,313,2008-01-08,2009-01-01,0.0
Unity,Leer,SS0604,2008,unusual,305,2008-01-08,2009-01-01,0.0
Unity,Mayendit,SS0605,2008,recurring,415,2008-01-08,2008-12-30,0.0
Unity,Mayendit,SS0605,2008,unusual,650,2008-01-08,2008-12-30,0.0
Unity,Mayom,SS0606,2008,recurring,20965,2008-01-07,2009-01-04,0.0
Unity,Mayom,SS0606,2008,unusual,20603,2008-01-07,2009-01-04,0.0
Unity,Panyijiar,SS0607,2008,recurring,1347,2008-01-08,2009-01-04,0.0
Unity,Panyijiar,SS0607,2008,unusual,5585,2008-01-08,2009-01-01,0.0
Unity,Pariang,SS0608,2008,recurring,2858,2008-01-07,2009-01-04,0.0
Unity,Pariang,SS0608,2008,unusual,2681,2008-01-07,2009-01-04,0.0
Unity,Rubkona,SS0609,2008,unusual,29098,2008-01-07,2009-01-04,0.0
Upper Nile,Baliet,SS0701,2008,recurring,6861,2008-01-07,2009-01-04,0.0
Upper Nile,Baliet,SS0701,2008,unusual,130497,2008-01-07,2009-01-04,0.0
Upper Nile,Fashoda,SS0702,2008,recurring,1,2008-12-07,2008-12-07,0.0
Upper Nile,Fashoda,SS0702,2008,unusual,483,2008-01-08,2008-12-16,0.0
Upper Nile,Longochuk,SS0703,2008,recurring,7,2008-11-07,2008-12-11,0.0
Upper Nile,Longochuk,SS0703,2008,unusual,4614,2008-01-07,2009-01-03,0.0
Upper Nile,Luakpiny/Nasir,SS0704,2008,recurring,5101,2008-01-07,2009-01-04,0.0
Upper Nile,Luakpiny/Nasir,SS0704,2008,unusual,20274,2008-01-07,2009-01-04,0.0
Upper Nile,Maban,SS0705,2008,recurring,72,2008-12-19,2009-01-03,0.0
Upper Nile,Maban,SS0705,2008,unusual,10176,2008-01-07,2009-01-03,0.0
Upper Nile,Maiwut,SS0706,2008,unusual,236,2008-01-07,2009-01-01,0.0
Upper Nile,Malakal,SS0707,2008,recurring,4,2008-11-07,2008-12-16,0.0
Upper Nile,Malakal,SS0707,2008,unusual,178,2008-01-22,2008-12-16,0.0
Upper Nile,Melut,SS0709,2008,unusual,2,2008-01-11,2008-01-11,0.0
Upper Nile,Panyikang,SS0710,2008,recurring,227,2008-01-08,2009-01-04,0.0
Upper Nile,Panyikang,SS0710,2008,unusual,880,2008-01-08,2009-01-04,0.0
Upper Nile,Ulang,SS0712,2008,recurring,13114,2008-01-07,2009-01-04,0.0
Upper Nile,Ulang,SS0712,2008,unusual,50144,2008-01-07,2009-01-04,0.0
Warrap,Gogrial East,SS0801,2008,recurring,6192,2008-01-08,2009-01-04,0.0
Warrap,Gogrial East,SS0801,2008,unusual,8353,2008-01-07,2009-01-04,0.0
Warrap,Gogrial West,SS0802,2008,recurring,42993,2008-08-29,2009-01-04,0.0
Warrap,Gogrial West,SS0802,2008,unusual,123800,2008-08-15,2009-01-02,0.0
Warrap,Tonj East,SS0803,2008,unusual,116,2008-01-13,2009-01-01,0.0
Warrap,Tonj North,SS0804,2008,recurring,81107,2008-01-07,2009-01-04,0.0
Warrap,Tonj North,SS0804,2008,unusual,20966,2008-01-08,2009-01-04,0.0
Warrap,Tonj South,SS0805,2008,recurring,84,2008-09-25,2008-11-12,0.0
Warrap,Tonj South,SS0805,2008,unusual,421,2008-01-08,2008-12-30,0.0
Warrap,Twic,SS0806,2008,recurring,26761,2008-01-07,2009-01-04,0.0
Warrap,Twic,SS0806,2008,unusual,112040,2008-01-07,2009-01-04,0.0
Western Bahr el Ghazal,Jur River,SS0901,2008,recurring,5153,2008-08-15,2008-11-30,0.0
Western Bahr el Ghazal,Jur River,SS0901,2008,unusual,4726,2008-01-07,2009-01-04,0.0
Western Bahr el Ghazal,Raja,SS0902,2008,recurring,95,2008-08-29,2008-10-28,0.0
Western Bahr el Ghazal,Raja,SS0902,2008,unusual,411,2008-04-28,2008-12-15,0.0
Western Bahr el Ghazal,Wau,SS0903,2008,recurring,900,2008-09-23,2008-11-07,0.0
Western Bahr el Ghazal,Wau,SS0903,2008,unusual,1321,2008-08-15,2008-12-07,0.0
Western Equatoria,Ezo,SS1001,2008,unusual,18,2008-01-08,2008-11-23,0.0
Western Equatoria,Ibba,SS1002,2008,unusual,318,2008-01-08,2008-12-18,0.0
Western Equatoria,Maridi,SS1003,2008,unusual,206,2008-01-08,2008-12-12,0.0
Western Equatoria,Mundri East,SS1004,2008,unusual,177,2008-01-17,2008-12-13,0.0
Western Equatoria,Mundri West,SS1005,2008,unusual,60,2008-01-10,2009-01-03,0.0
Western Equatoria,Mvolo,SS1006,2008,recurring,48,2008-09-16,2008-09-27,0.0
Western Equatoria,Mvolo,SS1006,2008,unusual,540,2008-01-10,2008-12-13,0.0
Western Equatoria,Nagero,SS1007,2008,unusual,41,2008-08-31,2008-12-31,0.0
Western Equatoria,Nzara,SS1008,2008,unusual,71,2008-01-13,2008-12-12,0.0
Western Equatoria,Tambura,SS1009,2008,unusual,74,2008-01-17,2008-12-12,0.0
Western Equatoria,Yambio,SS1010,2008,unusual,37,2008-01-20,2008-12-18,0.0
Abyei Region,Abyei Region,SS0001,2009,unusual,48,2009-01-06,2009-11-02,0.0
Central Equatoria,Juba,SS0101,2009,recurring,458,2009-01-06,2010-01-02,0.0
Central Equatoria,Juba,SS0101,2009,unusual,1461,2009-01-06,2010-01-03,0.0
Central Equatoria,Kajo-keji,SS0102,2009,unusual,13,2009-01-31,2009-12-08,0.0
Central Equatoria,Lainya,SS0103,2009,unusual,59,2009-01-18,2009-12-17,0.0
Central Equatoria,Morobo,SS0104,2009,unusual,3,2009-01-17,2009-12-08,0.0
Central Equatoria,Terekeka,SS0105,2009,recurring,21,2009-01-08,2009-11-26,0.0
Central Equatoria,Terekeka,SS0105,2009,unusual,495,2009-01-08,2010-01-03,0.0
Central Equatoria,Yei,SS0106,2009,unusual,116,2009-01-17,2009-12-23,0.0
Eastern Equatoria,Budi,SS0201,2009,unusual,747,2009-01-07,2009-12-23,0.0
Eastern Equatoria,Ikotos,SS0202,2009,unusual,300,2009-01-10,2009-12-10,0.0
Eastern Equatoria,Kapoeta East,SS0203,2009,recurring,44,2009-05-20,2009-12-01,0.0
Eastern Equatoria,Kapoeta East,SS0203,2009,unusual,7277,2009-01-05,2010-01-02,0.0
Eastern Equatoria,Kapoeta North,SS0204,2009,unusual,1146,2009-01-06,2009-12-21,0.0
Eastern Equatoria,Kapoeta South,SS0205,2009,unusual,37,2009-04-11,2009-12-07,0.0
Eastern Equatoria,Lafon,SS0206,2009,unusual,5814,2009-01-05,2010-01-03,0.0
Eastern Equatoria,Magwi,SS0207,2009,recurring,2,2009-01-17,2009-02-02,0.0
Eastern Equatoria,Magwi,SS0207,2009,unusual,207,2009-01-05,2010-01-02,0.0
Eastern Equatoria,Torit,SS0208,2009,unusual,592,2009-01-17,2009-12-31,0.0
Jonglei,Akobo,SS0301,2009,recurring,161,2009-01-05,2009-11-12,0.0
Jonglei,Akobo,SS0301,2009,unusual,4299,2009-01-05,2010-01-03,0.0
Jonglei,Ayod,SS0302,2009,recurring,10553,2009-01-05,2010-01-03,0.0
Jonglei,Ayod,SS0302,2009,unusual,13079,2009-01-05,2010-01-03,0.0
Jonglei,Bor South,SS0303,2009,recurring,4531,2009-01-05,2010-01-03,0.0
Jonglei,Bor South,SS0303,2009,unusual,6364,2009-01-05,2010-01-03,0.0
Jonglei,Canal/Pigi,SS0304,2009,recurring,30,2009-01-06,2010-01-02,0.0
Jonglei,Canal/Pigi,SS0304,2009,unusual,45,2009-01-06,2009-12-17,0.0
Jonglei,Duk,SS0305,2009,recurring,7984,2009-01-05,2010-01-03,0.0
Jonglei,Duk,SS0305,2009,unusual,14383,2009-01-05,2010-01-03,0.0
Jonglei,Fangak,SS0306,2009,recurring,2554,2009-01-05,2010-01-03,0.0
Jonglei,Fangak,SS0306,2009,unusual,6069,2009-01-05,2010-01-03,0.0
Jonglei,Nyirol,SS0307,2009,unusual,297,2009-01-05,2010-01-02,0.0
Jonglei,Pibor,SS0308,2009,recurring,27,2009-01-10,2009-12-19,0.0
Jonglei,Pibor,SS0308,2009,unusual,35308,2009-01-05,2010-01-03,0.0
Jonglei,Pochalla,SS0309,2009,recurring,706,2009-01-05,2010-01-02,0.0
Jonglei,Pochalla,SS0309,2009,unusual,11399,2009-01-05,2010-01-03,0.0
Jonglei,Twic East,SS0310,2009,recurring,3576,2009-01-05,2010-01-03,0.0
Jonglei,Twic East,SS0310,2009,unusual,5772,2009-01-05,2010-01-03,0.0
Jonglei,Uror,SS0311,2009,unusual,1306,2009-01-05,2009-12-23,0.0
Lakes,Awerial,SS0401,2009,recurring,3419,2009-01-05,2010-01-03,0.0
Lakes,Awerial,SS0401,2009,unusual,971,2009-01-05,2010-01-03,0.0
Lakes,Cueibet,SS0402,2009,unusual,47,2009-02-10,2009-12-28,0.0
Lakes,Rumbek Centre,SS0403,2009,unusual,1660,2009-01-06,2010-01-03,0.0
Lakes,Rumbek East,SS0404,2009,recurring,131,2009-01-06,2010-01-02,0.0
Lakes,Rumbek East,SS0404,2009,unusual,533,2009-01-06,2010-01-03,0.0
Lakes,Rumbek North,SS0405,2009,unusual,890,2009-01-06,2010-01-03,0.0
Lakes,Wulu,SS0406,2009,unusual,305,2009-01-17,2010-01-03,0.0
Lakes,Yirol East,SS0407,2009,recurring,2909,2009-01-05,2010-01-03,0.0
Lakes,Yirol East,SS0407,2009,unusual,2306,2009-01-05,2010-01-03,0.0
Lakes,Yirol West,SS0408,2009,recurring,32,2009-01-05,2010-01-02,0.0
Lakes,Yirol West,SS0408,2009,unusual,700,2009-01-08,2010-01-03,0.0
Northern Bahr el Ghazal,Aweil Centre,SS0501,2009,recurring,135,2009-08-21,2009-10-14,0.0
Northern Bahr el Ghazal,Aweil Centre,SS0501,2009,unusual,204,2009-08-21,2009-11-01,0.0
Northern Bahr el Ghazal,Aweil East,SS0502,2009,recurring,2730,2009-08-23,2009-11-29,0.0
Northern Bahr el Ghazal,Aweil East,SS0502,2009,unusual,372,2009-01-06,2009-11-29,0.0
Northern Bahr el Ghazal,Aweil North,SS0503,2009,recurring,1,2009-10-03,2009-10-03,0.0
Northern Bahr el Ghazal,Aweil North,SS0503,2009,unusual,15,2009-01-24,2009-11-01,0.0
Northern Bahr el Ghazal,Aweil South,SS0504,2009,recurring,207,2009-01-05,2009-01-20,0.0
Northern Bahr el Ghazal,Aweil South,SS0504,2009,unusual,157,2009-01-05,2009-10-14,0.0
Northern Bahr el Ghazal,Aweil West,SS0505,2009,recurring,93,2009-09-01,2009-10-21,0.0
Northern Bahr el Ghazal,Aweil West,SS0505,2009,unusual,492,2009-07-15,2009-10-21,0.0
Unity,Abiemnhom,SS0601,2009,unusual,141,2009-01-26,2009-12-19,0.0
Unity,Guit,SS0602,2009,recurring,162,2009-01-05,2010-01-02,0.0
Unity,Guit,SS0602,2009,unusual,8358,2009-01-05,2010-01-03,0.0
Unity,Koch,SS0603,2009,recurring,5800,2009-01-05,2010-01-03,0.0
Unity,Koch,SS0603,2009,unusual,2981,2009-01-06,2010-01-03,0.0
Unity,Leer,SS0604,2009,recurring,341,2009-01-06,2010-01-02,0.0
Unity,Leer,SS0604,2009,unusual,1532,2009-01-06,2010-01-02,0.0
Unity,Mayendit,SS0605,2009,recurring,156,2009-01-06,2010-01-03,0.0
Unity,Mayendit,SS0605,2009,unusual,1392,2009-01-06,2010-01-03,0.0
Unity,Mayom,SS0606,2009,recurring,20898,2009-01-05,2010-01-03,0.0
Unity,Mayom,SS0606,2009,unusual,36811,2009-01-05,2010-01-03,0.0
Unity,Panyijiar,SS0607,2009,recurring,1622,2009-01-05,2010-01-03,0.0
Unity,Panyijiar,SS0607,2009,unusual,10030,2009-01-05,2010-01-03,0.0
Unity,Pariang,SS0608,2009,recurring,3842,2009-01-05,2010-01-03,0.0
Unity,Pariang,SS0608,2009,unusual,4327,2009-01-05,2010-01-03,0.0
Unity,Rubkona,SS0609,2009,recurring,38,2009-10-28,2009-12-17,0.0
Unity,Rubkona,SS0609,2009,unusual,563,2009-01-05,2009-12-17,0.0
Upper Nile,Baliet,SS0701,2009,recurring,7236,2009-01-05,2009-12-26,0.0
Upper Nile,Baliet,SS0701,2009,unusual,393242,2009-01-05,2009-12-31,0.0
Upper Nile,Fashoda,SS0702,2009,recurring,4,2009-01-08,2009-12-19,0.0
Upper Nile,Fashoda,SS0702,2009,unusual,27,2009-01-08,2009-12-28,0.0
Upper Nile,Longochuk,SS0703,2009,recurring,17,2009-01-08,2009-12-28,0.0
Upper Nile,Longochuk,SS0703,2009,unusual,964,2009-01-05,2009-12-28,0.0
Upper Nile,Luakpiny/Nasir,SS0704,2009,recurring,1678,2009-01-05,2009-12-28,0.0
Upper Nile,Luakpiny/Nasir,SS0704,2009,unusual,7544,2009-01-05,2010-01-03,0.0
Upper Nile,Maban,SS0705,2009,recurring,115,2009-01-08,2010-01-02,0.0
Upper Nile,Maban,SS0705,2009,unusual,9409,2009-01-05,2010-01-03,0.0
Upper Nile,Maiwut,SS0706,2009,unusual,569,2009-01-06,2010-01-02,0.0
Upper Nile,Malakal,SS0707,2009,unusual,18,2009-01-08,2010-01-02,0.0
Upper Nile,Panyikang,SS0710,2009,recurring,290,2009-01-05,2010-01-03,0.0
Upper Nile,Panyikang,SS0710,2009,unusual,339,2009-01-05,2010-01-02,0.0
Upper Nile,Ulang,SS0712,2009,recurring,11370,2009-01-05,2010-01-03,0.0
Upper Nile,Ulang,SS0712,2009,unusual,63435,2009-01-05,2010-01-03,0.0
Warrap,Gogrial East,SS0801,2009,recurring,355,2009-01-05,2010-01-02,0.0
Warrap,Gogrial East,SS0801,2009,unusual,3371,2009-01-05,2010-01-03,0.0
Warrap,Gogrial West,SS0802,2009,recurring,183,2009-01-05,2009-12-01,0.0
Warrap,Gogrial West,SS0802,2009,unusual,256,2009-01-06,2010-01-02,0.0
Warrap,Tonj East,SS0803,2009,unusual,489,2009-01-06,2010-01-03,0.0
Warrap,Tonj North,SS0804,2009,recurring,76445,2009-01-05,2010-01-03,0.0
Warrap,Tonj North,SS0804,2009,unusual,14709,2009-01-05,2010-01-03,0.0
Warrap,Tonj South,SS0805,2009,unusual,161,2009-01-15,2010-01-03,0.0
Warrap,Twic,SS0806,2009,recurring,11723,2009-01-05,2010-01-03,0.0
Warrap,Twic,SS0806,2009,unusual,26750,2009-01-05,2010-01-02,0.0
Western Bahr el Ghazal,Jur River,SS0901,2009,recurring,15,2009-10-23,2009-11-29,0.0
Western Bahr el Ghazal,Jur River,SS0901,2009,unusual,101,2009-01-06,2010-01-02,0.0
Western Bahr el Ghazal,Raja,SS0902,2009,recurring,29,2009-08-25,2009-10-14,0.0
Western Bahr el Ghazal,Raja,SS0902,2009,unusual,99,2009-01-31,2009-12-27,0.0
Western Bahr el Ghazal,Wau,SS0903,2009,unusual,48,2009-01-31,2009-12-13,0.0
Western Equatoria,Ezo,SS1001,2009,unusual,68,2009-01-26,2009-12-24,0.0
Western Equatoria,Ibba,SS1002,2009,unusual,290,2009-01-18,2009-12-22,0.0
Western Equatoria,Maridi,SS1003,2009,unusual,207,2009-01-26,2009-12-23,0.0
Western Equatoria,Mundri East,SS1004,2009,unusual,93,2009-01-25,2009-12-14,0.0
Western Equatoria,Mundri West,SS1005,2009,unusual,276,2009-01-16,2009-12-23,0.0
Western Equatoria,Mvolo,SS1006,2009,unusual,89,2009-01-16,2009-12-15,0.0
Western Equatoria,Nagero,SS1007,2009,unusual,25,2009-01-26,2009-12-13,0.0
Western Equatoria,Nzara,SS1008,2009,unusual,80,2009-01-23,2009-12-24,0.0
Western Equatoria,Tambura,SS1009,2009,unusual,23,2009-01-27,2009-12-06,0.0
Western Equatoria,Yambio,SS1010,2009,unusual,147,2009-01-24,2009-12-24,0.0
Abyei Region,Abyei Region,SS0001,2010,unusual,39,2010-05-08,2010-12-29,0.0
Central Equatoria,Juba,SS0101,2010,recurring,503,2010-01-04,2010-12-31,0.0
Central Equatoria,Juba,SS0101,2010,unusual,1156,2010-01-04,2010-12-31,0.0
Central Equatoria,Kajo-keji,SS0102,2010,recurring,4,2010-11-27,2010-12-06,0.0
Central Equatoria,Kajo-keji,SS0102,2010,unusual,37,2010-01-16,2010-12-29,0.0
Central Equatoria,Lainya,SS0103,2010,unusual,97,2010-01-06,2010-12-17,0.0
Central Equatoria,Morobo,SS0104,2010,unusual,25,2010-01-06,2010-02-14,0.0
Central Equatoria,Terekeka,SS0105,2010,recurring,32,2010-01-04,2010-12-29,0.0
Central Equatoria,Terekeka,SS0105,2010,unusual,3581,2010-01-04,2010-12-29,0.0
Central Equatoria,Yei,SS0106,2010,unusual,156,2010-01-04,2010-12-18,0.0
Eastern Equatoria,Budi,SS0201,2010,unusual,143,2010-01-04,2011-01-02,0.0
Eastern Equatoria,Ikotos,SS0202,2010,unusual,159,2010-01-18,2010-12-31,0.0
Eastern Equatoria,Kapoeta East,SS0203,2010,recurring,841,2010-05-01,2010-12-13,0.0
Eastern Equatoria,Kapoeta East,SS0203,2010,unusual,12958,2010-01-04,2011-01-02,0.0
Eastern Equatoria,Kapoeta North,SS0204,2010,unusual,446,2010-01-04,2010-12-31,0.0
Eastern Equatoria,Kapoeta South,SS0205,2010,unusual,17,2010-01-21,2010-12-30,0.0
Eastern Equatoria,Lafon,SS0206,2010,unusual,6056,2010-01-04,2011-01-02,0.0
Eastern Equatoria,Magwi,SS0207,2010,recurring,6,2010-01-11,2010-12-15,0.0
Eastern Equatoria,Magwi,SS0207,2010,unusual,200,2010-01-06,2010-12-31,0.0
Eastern Equatoria,Torit,SS0208,2010,unusual,207,2010-01-04,2010-12-29,0.0
Jonglei,Akobo,SS0301,2010,recurring,246,2010-07-01,2010-12-31,0.0
Jonglei,Akobo,SS0301,2010,unusual,32367,2010-01-04,2010-12-15,0.0
Jonglei,Ayod,SS0302,2010,recurring,7044,2010-01-04,2011-01-02,0.0
Jonglei,Ayod,SS0302,2010,unusual,9782,2010-01-04,2011-01-02,0.0
Jonglei,Bor South,SS0303,2010,recurring,3056,2010-01-04,2011-01-02,0.0
Jonglei,Bor South,SS0303,2010,unusual,78434,2010-01-04,2010-12-31,0.0
Jonglei,Canal/Pigi,SS0304,2010,recurring,24,2010-01-04,2010-12-29,0.0
Jonglei,Canal/Pigi,SS0304,2010,unusual,17,2010-01-04,2010-12-29,0.0
Jonglei,Duk,SS0305,2010,recurring,6910,2010-01-04,2011-01-02,0.0
Jonglei,Duk,SS0305,2010,unusual,3830,2010-01-04,2010-12-31,0.0
Jonglei,Fangak,SS0306,2010,recurring,1252,2010-01-04,2011-01-02,0.0
Jonglei,Fangak,SS0306,2010,unusual,2217,2010-01-04,2010-12-31,0.0
Jonglei,Nyirol,SS0307,2010,unusual,1167,2010-01-18,2010-12-31,0.0
Jonglei,Pibor,SS0308,2010,recurring,43,2010-01-04,2010-12-31,0.0
Jonglei,Pibor,SS0308,2010,unusual,31345,2010-01-04,2011-01-02,0.0
Jonglei,Pochalla,SS0309,2010,recurring,1042,2010-01-04,2011-01-02,0.0
Jonglei,Pochalla,SS0309,2010,unusual,14366,2010-01-04,2011-01-02,0.0
Jonglei,Twic East,SS0310,2010,recurring,2301,2010-01-04,2010-12-31,0.0
Jonglei,Twic East,SS0310,2010,unusual,1914,2010-01-04,2011-01-02,0.0
Jonglei,Uror,SS0311,2010,recurring,49,2010-08-28,2010-09-29,0.0
Jonglei,Uror,SS0311,2010,unusual,15983,2010-01-18,2010-12-06,0.0
Lakes,Awerial,SS0401,2010,recurring,2798,2010-01-04,2011-01-02,0.0
Lakes,Awerial,SS0401,2010,unusual,3219,2010-01-04,2010-12-31,0.0
Lakes,Cueibet,SS0402,2010,unusual,104,2010-01-04,2010-12-06,0.0
Lakes,Rumbek Centre,SS0403,2010,unusual,484,2010-01-04,2010-12-31,0.0
Lakes,Rumbek East,SS0404,2010,recurring,105,2010-01-04,2010-12-29,0.0
Lakes,Rumbek East,SS0404,2010,unusual,389,2010-01-04,2010-11-29,0.0
Lakes,Rumbek North,SS0405,2010,unusual,798,2010-01-04,2010-12-31,0.0
Lakes,Wulu,SS0406,2010,unusual,131,2010-01-04,2010-12-29,0.0
Lakes,Yirol East,SS0407,2010,recurring,2587,2010-01-04,2011-01-02,0.0
Lakes,Yirol East,SS0407,2010,unusual,2130,2010-01-04,2010-12-31,0.0
Lakes,Yirol West,SS0408,2010,recurring,20,2010-01-04,2010-12-31,0.0
Lakes,Yirol West,SS0408,2010,unusual,531,2010-01-04,2010-12-29,0.0
Northern Bahr el Ghazal,Aweil Centre,SS0501,2010,recurring,917,2010-08-21,2010-11-18,0.0
Northern Bahr el Ghazal,Aweil Centre,SS0501,2010,unusual,7089,2010-01-30,2010-12-02,0.0
Northern Bahr el Ghazal,Aweil East,SS0502,2010,recurring,28722,2010-08-19,2010-12-18,0.0
Northern Bahr el Ghazal,Aweil East,SS0502,2010,unusual,10484,2010-02-26,2010-12-29,0.0
Northern Bahr el Ghazal,Aweil North,SS0503,2010,recurring,361,2010-09-29,2010-10-31,0.0
Northern Bahr el Ghazal,Aweil North,SS0503,2010,unusual,1829,2010-04-26,2010-11-18,0.0
Northern Bahr el Ghazal,Aweil South,SS0504,2010,recurring,15295,2010-09-20,2010-12-22,0.0
Northern Bahr el Ghazal,Aweil South,SS0504,2010,unusual,6934,2010-09-22,2010-12-18,0.0
Northern Bahr el Ghazal,Aweil West,SS0505,2010,recurring,1453,2010-09-20,2010-11-18,0.0
Northern Bahr el Ghazal,Aweil West,SS0505,2010,unusual,8446,2010-03-12,2010-11-18,0.0
Unity,Guit,SS0602,2010,recurring,133,2010-01-04,2010-12-31,0.0
Unity,Guit,SS0602,2010,unusual,2722,2010-01-04,2010-12-31,0.0
Unity,Koch,SS0603,2010,recurring,3997,2010-01-04,2011-01-02,0.0
Unity,Koch,SS0603,2010,unusual,1298,2010-01-04,2010-12-29,0.0
Unity,Leer,SS0604,2010,recurring,212,2010-01-04,2010-12-31,0.0
Unity,Leer,SS0604,2010,unusual,4699,2010-01-04,2010-12-29,0.0
Unity,Mayendit,SS0605,2010,recurring,73,2010-01-04,2010-12-29,0.0
Unity,Mayendit,SS0605,2010,unusual,1585,2010-01-04,2010-12-11,0.0
Unity,Mayom,SS0606,2010,recurring,10223,2010-01-04,2011-01-02,0.0
Unity,Mayom,SS0606,2010,unusual,1452,2010-01-04,2010-12-29,0.0
Unity,Panyijiar,SS0607,2010,recurring,1067,2010-01-04,2010-12-31,0.0
Unity,Panyijiar,SS0607,2010,unusual,3033,2010-01-04,2010-12-31,0.0
Unity,Pariang,SS0608,2010,recurring,2223,2010-01-04,2011-01-02,0.0
Unity,Pariang,SS0608,2010,unusual,1705,2010-01-04,2011-01-02,0.0
Unity,Rubkona,SS0609,2010,recurring,58,2010-10-17,2010-12-29,0.0
Unity,Rubkona,SS0609,2010,unusual,27,2010-10-17,2010-12-18,0.0
Upper Nile,Baliet,SS0701,2010,recurring,13,2010-01-04,2010-12-29,0.0
Upper Nile,Baliet,SS0701,2010,unusual,184,2010-01-04,2011-01-02,0.0
Upper Nile,Fashoda,SS0702,2010,recurring,9,2010-01-04,2010-12-31,0.0
Upper Nile,Fashoda,SS0702,2010,unusual,59,2010-01-04,2010-12-31,0.0
Upper Nile,Longochuk,SS0703,2010,recurring,13,2010-01-04,2010-12-06,0.0
Upper Nile,Longochuk,SS0703,2010,unusual,572,2010-01-04,2010-12-31,0.0
Upper Nile,Luakpiny/Nasir,SS0704,2010,recurring,341,2010-01-04,2011-01-02,0.0
Upper Nile,Luakpiny/Nasir,SS0704,2010,unusual,8713,2010-01-04,2011-01-02,0.0
Upper Nile,Maban,SS0705,2010,recurring,40,2010-01-04,2010-12-20,0.0
Upper Nile,Maban,SS0705,2010,unusual,4183,2010-01-04,2011-01-02,0.0
Upper Nile,Maiwut,SS0706,2010,unusual,876,2010-01-04,2011-01-02,0.0
Upper Nile,Malakal,SS0707,2010,recurring,12,2010-11-04,2010-12-29,0.0
Upper Nile,Malakal,SS0707,2010,unusual,4,2010-01-04,2010-12-29,0.0
Upper Nile,Melut,SS0709,2010,unusual,2,2010-05-08,2010-05-18,0.0
Upper Nile,Panyikang,SS0710,2010,recurring,182,2010-01-04,2010-12-31,0.0
Upper Nile,Panyikang,SS0710,2010,unusual,407,2010-01-04,2010-12-31,0.0
Upper Nile,Ulang,SS0712,2010,recurring,3292,2010-01-04,2011-01-02,0.0
Upper Nile,Ulang,SS0712,2010,unusual,10034,2010-01-04,2011-01-02,0.0
Warrap,Gogrial East,SS0801,2010,recurring,555,2010-01-06,2010-12-29,0.0
Warrap,Gogrial East,SS0801,2010,unusual,2612,2010-01-04,2010-12-29,0.0
Warrap,Gogrial West,SS0802,2010,recurring,10998,2010-09-06,2010-12-30,0.0
Warrap,Gogrial West,SS0802,2010,unusual,10563,2010-01-07,2010-12-29,0.0
Warrap,Tonj East,SS0803,2010,unusual,170,2010-01-04,2010-11-06,0.0
Warrap,Tonj North,SS0804,2010,recurring,27236,2010-01-04,2011-01-02,0.0
Warrap,Tonj North,SS0804,2010,unusual,2776,2010-01-04,2010-12-31,0.0
Warrap,Tonj South,SS0805,2010,unusual,63,2010-01-04,2010-12-27,0.0
Warrap,Twic,SS0806,2010,recurring,11802,2010-01-04,2011-01-02,0.0
Warrap,Twic,SS0806,2010,unusual,22385,2010-01-04,2011-01-02,0.0
Western Bahr el Ghazal,Jur River,SS0901,2010,recurring,279,2010-08-21,2010-12-02,0.0
Western Bahr el Ghazal,Jur River,SS0901,2010,unusual,782,2010-01-04,2010-12-02,0.0
Western Bahr el Ghazal,Raja,SS0902,2010,recurring,28,2010-09-27,2010-10-04,0.0
Western Bahr el Ghazal,Raja,SS0902,2010,unusual,424,2010-01-17,2010-12-30,0.0
Western Bahr el Ghazal,Wau,SS0903,2010,recurring,19,2010-09-27,2010-10-10,0.0
Western Bahr el Ghazal,Wau,SS0903,2010,unusual,672,2010-03-09,2010-10-28,0.0
Western Equatoria,Ezo,SS1001,2010,unusual,36,2010-01-18,2010-02-15,0.0
Western Equatoria,Ibba,SS1002,2010,unusual,181,2010-01-04,2010-12-29,0.0
Western Equatoria,Maridi,SS1003,2010,unusual,111,2010-01-05,2010-12-29,0.0
Western Equatoria,Mundri East,SS1004,2010,unusual,68,2010-01-04,2010-12-29,0.0
Western Equatoria,Mundri West,SS1005,2010,unusual,69,2010-01-05,2010-12-29,0.0
Western Equatoria,Mvolo,SS1006,2010,unusual,431,2010-01-16,2010-12-31,0.0
Western Equatoria,Nagero,SS1007,2010,unusual,34,2010-01-04,2010-12-16,0.0
Western Equatoria,Nzara,SS1008,2010,unusual,28,2010-01-12,2010-11-27,0.0
Western Equatoria,Tambura,SS1009,2010,unusual,23,2010-01-18,2010-02-14,0.0
Western Equatoria,Yambio,SS1010,2010,unusual,81,2010-01-05,2010-12-29,0.0
Abyei Region,Abyei Region,SS0001,2011,unusual,79,2011-01-03,2011-06-09,0.0
Central Equatoria,Juba,SS0101,2011,recurring,540,2011-01-05,2012-01-01,0.0
Central Equatoria,Juba,SS0101,2011,unusual,2225,2011-01-05,2012-01-01,0.0
Central Equatoria,Kajo-keji,SS0102,2011,recurring,2,2011-11-14,2011-12-07,0.0
Central Equatoria,Kajo-keji,SS0102,2011,unusual,22,2011-01-15,2012-01-01,0.0
Central Equatoria,Lainya,SS0103,2011,unusual,39,2011-01-14,2011-12-25,0.0
Central Equatoria,Morobo,SS0104,2011,unusual,3,2011-02-02,2011-12-25,0.0
Central Equatoria,Terekeka,SS0105,2011,recurring,92,2011-01-05,2012-01-01,0.0
Central Equatoria,Terekeka,SS0105,2011,unusual,2020,2011-01-05,2012-01-01,0.0
Central Equatoria,Yei,SS0106,2011,unusual,50,2011-01-16,2011-12-12,0.0
Eastern Equatoria,Budi,SS0201,2011,unusual,218,2011-01-03,2011-12-30,0.0
Eastern Equatoria,Ikotos,SS0202,2011,unusual,168,2011-01-05,2011-12-29,0.0
Eastern Equatoria,Kapoeta East,SS0203,2011,recurring,47,2011-05-05,2011-11-29,0.0
Eastern Equatoria,Kapoeta East,SS0203,2011,unusual,41191,2011-01-03,2012-01-01,0.0
Eastern Equatoria,Kapoeta North,SS0204,2011,unusual,346,2011-01-04,2011-12-28,0.0
Eastern Equatoria,Kapoeta South,SS0205,2011,unusual,20,2011-05-13,2011-12-20,0.0
Eastern Equatoria,Lafon,SS0206,2011,unusual,7638,2011-01-03,2012-01-01,0.0
Eastern Equatoria,Magwi,SS0207,2011,recurring,4,2011-01-14,2012-01-01,0.0
Eastern Equatoria,Magwi,SS0207,2011,unusual,93,2011-01-04,2012-01-01,0.0
Eastern Equatoria,Torit,SS0208,2011,unusual,326,2011-01-24,2012-01-01,0.0
Jonglei,Akobo,SS0301,2011,recurring,175,2011-08-03,2012-01-01,0.0
Jonglei,Akobo,SS0301,2011,unusual,4995,2011-01-09,2012-01-01,0.0
Jonglei,Ayod,SS0302,2011,recurring,12356,2011-01-03,2012-01-01,0.0
Jonglei,Ayod,SS0302,2011,unusual,5065,2011-01-03,2012-01-01,0.0
Jonglei,Bor South,SS0303,2011,recurring,2859,2011-01-03,2012-01-01,0.0
Jonglei,Bor South,SS0303,2011,unusual,5820,2011-01-03,2012-01-01,0.0
Jonglei,Canal/Pigi,SS0304,2011,recurring,36,2011-01-07,2012-01-01,0.0
Jonglei,Canal/Pigi,SS0304,2011,unusual,37,2011-01-05,2012-01-01,0.0
Jonglei,Duk,SS0305,2011,recurring,9149,2011-01-03,2012-01-01,0.0
Jonglei,Duk,SS0305,2011,unusual,26879,2011-01-03,2012-01-01,0.0
Jonglei,Fangak,SS0306,2011,recurring,1808,2011-01-03,2012-01-01,0.0
Jonglei,Fangak,SS0306,2011,unusual,5235,2011-01-05,2012-01-01,0.0
Jonglei,Nyirol,SS0307,2011,unusual,59,2011-01-05,2011-12-02,0.0
Jonglei,Pibor,SS0308,2011,recurring,24,2011-01-16,2012-01-01,0.0
Jonglei,Pibor,SS0308,2011,unusual,14201,2011-01-03,2012-01-01,0.0
Jonglei,Pochalla,SS0309,2011,recurring,779,2011-01-07,2012-01-01,0.0
Jonglei,Pochalla,SS0309,2011,unusual,34256,2011-01-04,2012-01-01,0.0
Jonglei,Twic East,SS0310,2011,recurring,1682,2011-01-05,2012-01-01,0.0
Jonglei,Twic East,SS0310,2011,unusual,5931,2011-01-03,2012-01-01,0.0
Jonglei,Uror,SS0311,2011,recurring,1,2011-09-29,2011-09-29,0.0
Jonglei,Uror,SS0311,2011,unusual,4382,2011-01-10,2012-01-01,0.0
Lakes,Awerial,SS0401,2011,recurring,4345,2011-01-03,2012-01-01,0.0
Lakes,Awerial,SS0401,2011,unusual,515,2011-01-05,2012-01-01,0.0
Lakes,Cueibet,SS0402,2011,recurring,1,2011-10-04,2011-10-04,0.0
Lakes,Cueibet,SS0402,2011,unusual,418,2011-02-17,2012-01-01,0.0
Lakes,Rumbek Centre,SS0403,2011,unusual,793,2011-01-03,2012-01-01,0.0
Lakes,Rumbek East,SS0404,2011,recurring,119,2011-01-05,2012-01-01,0.0
Lakes,Rumbek East,SS0404,2011,unusual,224,2011-01-05,2012-01-01,0.0
Lakes,Rumbek North,SS0405,2011,unusual,299,2011-01-05,2012-01-01,0.0
Lakes,Wulu,SS0406,2011,unusual,42,2011-01-14,2012-01-01,0.0
Lakes,Yirol East,SS0407,2011,recurring,2687,2011-01-03,2012-01-01,0.0
Lakes,Yirol East,SS0407,2011,unusual,606,2011-01-04,2012-01-01,0.0
Lakes,Yirol West,SS0408,2011,recurring,76,2011-01-05,2012-01-01,0.0
Lakes,Yirol West,SS0408,2011,unusual,354,2011-01-05,2012-01-01,0.0
Northern Bahr el Ghazal,Aweil Centre,SS0501,2011,unusual,16,2011-11-03,2011-11-24,0.0
Northern Bahr el Ghazal,Aweil East,SS0502,2011,recurring,677,2011-09-18,2011-12-21,0.0
Northern Bahr el Ghazal,Aweil East,SS0502,2011,unusual,388,2011-01-05,2011-12-21,0.0
Northern Bahr el Ghazal,Aweil North,SS0503,2011,unusual,4,2011-09-12,2011-09-18,0.0
Northern Bahr el Ghazal,Aweil South,SS0504,2011,recurring,305,2011-10-18,2011-12-30,0.0
Northern Bahr el Ghazal,Aweil South,SS0504,2011,unusual,204,2011-11-03,2011-12-30,0.0
Northern Bahr el Ghazal,Aweil West,SS0505,2011,recurring,15,2011-09-18,2011-10-20,0.0
Northern Bahr el Ghazal,Aweil West,SS0505,2011,unusual,161,2011-09-09,2011-10-20,0.0
Unity,Abiemnhom,SS0601,2011,unusual,16,2011-10-04,2011-12-04,0.0
Unity,Guit,SS0602,2011,recurring,158,2011-01-03,2012-01-01,0.0
Unity,Guit,SS0602,2011,unusual,1718,2011-01-05,2012-01-01,0.0
Unity,Koch,SS0603,2011,recurring,6805,2011-01-03,2012-01-01,0.0
Unity,Koch,SS0603,2011,unusual,4130,2011-01-03,2012-01-01,0.0
Unity,Leer,SS0604,2011,recurring,303,2011-01-05,2012-01-01,0.0
Unity,Leer,SS0604,2011,unusual,1166,2011-01-07,2011-12-25,0.0
Unity,Mayendit,SS0605,2011,recurring,57,2011-01-03,2012-01-01,0.0
Unity,Mayendit,SS0605,2011,unusual,817,2011-01-05,2012-01-01,0.0
Unity,Mayom,SS0606,2011,recurring,15671,2011-01-03,2012-01-01,0.0
Unity,Mayom,SS0606,2011,unusual,2145,2011-01-03,2012-01-01,0.0
Unity,Panyijiar,SS0607,2011,recurring,781,2011-01-03,2012-01-01,0.0
Unity,Panyijiar,SS0607,2011,unusual,4537,2011-01-05,2012-01-01,0.0
Unity,Pariang,SS0608,2011,recurring,1869,2011-01-03,2012-01-01,0.0
Unity,Pariang,SS0608,2011,unusual,1857,2011-01-03,2012-01-01,0.0
Unity,Rubkona,SS0609,2011,recurring,42,2011-10-02,2011-12-30,0.0
Unity,Rubkona,SS0609,2011,unusual,32,2011-01-05,2012-01-01,0.0
Upper Nile,Baliet,SS0701,2011,recurring,18,2011-01-23,2011-12-25,0.0
Upper Nile,Baliet,SS0701,2011,unusual,3445,2011-01-04,2012-01-01,0.0
Upper Nile,Fashoda,SS0702,2011,recurring,14,2011-01-23,2011-12-25,0.0
Upper Nile,Fashoda,SS0702,2011,unusual,21,2011-01-21,2011-12-25,0.0
Upper Nile,Longochuk,SS0703,2011,recurring,30,2011-01-09,2012-01-01,0.0
Upper Nile,Longochuk,SS0703,2011,unusual,391,2011-01-09,2012-01-01,0.0
Upper Nile,Luakpiny/Nasir,SS0704,2011,recurring,367,2011-01-03,2012-01-01,0.0
Upper Nile,Luakpiny/Nasir,SS0704,2011,unusual,13911,2011-01-03,2012-01-01,0.0
Upper Nile,Maban,SS0705,2011,unusual,1802,2011-01-03,2012-01-01,0.0
Upper Nile,Maiwut,SS0706,2011,unusual,339,2011-01-03,2012-01-01,0.0
Upper Nile,Malakal,SS0707,2011,recurring,6,2011-11-23,2012-01-01,0.0
Upper Nile,Malakal,SS0707,2011,unusual,23,2011-01-04,2011-12-18,0.0
Upper Nile,Panyikang,SS0710,2011,recurring,190,2011-01-03,2012-01-01,0.0
Upper Nile,Panyikang,SS0710,2011,unusual,282,2011-01-05,2012-01-01,0.0
Upper Nile,Ulang,SS0712,2011,recurring,6447,2011-01-03,2012-01-01,0.0
Upper Nile,Ulang,SS0712,2011,unusual,7968,2011-01-03,2012-01-01,0.0
Warrap,Gogrial East,SS0801,2011,recurring,281,2011-01-03,2012-01-01,0.0
Warrap,Gogrial East,SS0801,2011,unusual,436,2011-01-03,2012-01-01,0.0
Warrap,Gogrial West,SS0802,2011,recurring,177,2011-01-03,2011-11-12,0.0
Warrap,Gogrial West,SS0802,2011,unusual,1318,2011-01-03,2011-12-30,0.0
Warrap,Tonj East,SS0803,2011,unusual,976,2011-01-03,2012-01-01,0.0
Warrap,Tonj North,SS0804,2011,recurring,25914,2011-01-03,2012-01-01,0.0
Warrap,Tonj North,SS0804,2011,unusual,1384,2011-01-03,2012-01-01,0.0
Warrap,Tonj South,SS0805,2011,unusual,518,2011-01-12,2011-12-26,0.0
Warrap,Twic,SS0806,2011,recurring,5833,2011-01-03,2012-01-01,0.0
Warrap,Twic,SS0806,2011,unusual,8350,2011-01-03,2011-12-31,0.0
Western Bahr el Ghazal,Jur River,SS0901,2011,recurring,60,2011-10-02,2011-11-14,0.0
Western Bahr el Ghazal,Jur River,SS0901,2011,unusual,25,2011-04-20,2011-11-14,0.0
Western Bahr el Ghazal,Raja,SS0902,2011,unusual,32,2011-11-19,2011-12-21,0.0
Western Bahr el Ghazal,Wau,SS0903,2011,unusual,20,2011-04-20,2011-12-20,0.0
Western Equatoria,Ezo,SS1001,2011,unusual,51,2011-12-15,2011-12-26,0.0
Western Equatoria,Ibba,SS1002,2011,unusual,69,2011-01-24,2012-01-01,0.0
Western Equatoria,Maridi,SS1003,2011,unusual,93,2011-01-14,2011-12-26,0.0
Western Equatoria,Mundri East,SS1004,2011,unusual,43,2011-02-04,2011-12-30,0.0
Western Equatoria,Mundri West,SS1005,2011,unusual,35,2011-02-04,2011-12-26,0.0
Western Equatoria,Mvolo,SS1006,2011,unusual,13,2011-09-11,2011-12-21,0.0
Western Equatoria,Nagero,SS1007,2011,unusual,4,2011-12-18,2011-12-20,0.0
Western Equatoria,Nzara,SS1008,2011,unusual,5,2011-02-04,2011-12-25,0.0
Western Equatoria,Tambura,SS1009,2011,unusual,3,2011-02-06,2011-12-16,0.0
Western Equatoria,Yambio,SS1010,2011,unusual,36,2011-01-24,2012-01-01,0.0
Abyei Region,Abyei Region,SS0001,2012,unusual,32,2012-11-03,2012-11-16,0.0
Central Equatoria,Juba,SS0101,2012,recurring,607,2012-01-03,2013-01-03,0.0
Central Equatoria,Juba,SS0101,2012,unusual,1235,2012-01-02,2013-01-06,0.0
Central Equatoria,Kajo-keji,SS0102,2012,recurring,4,2012-01-24,2012-12-20,0.0
Central Equatoria,Kajo-keji,SS0102,2012,unusual,40,2012-01-08,2013-01-01,0.0
Central Equatoria,Lainya,SS0103,2012,unusual,38,2012-11-09,2012-12-22,0.0
Central Equatoria,Morobo,SS0104,2012,unusual,10,2012-11-30,2012-12-09,0.0
Central Equatoria,Terekeka,SS0105,2012,recurring,56,2012-01-08,2012-12-31,0.0
Central Equatoria,Terekeka,SS0105,2012,unusual,890,2012-01-02,2013-01-03,0.0
Central Equatoria,Yei,SS0106,2012,unusual,20,2012-02-25,2012-12-31,0.0
Eastern Equatoria,Budi,SS0201,2012,unusual,205,2012-01-10,2013-01-02,0.0
Eastern Equatoria,Ikotos,SS0202,2012,unusual,134,2012-01-10,2013-01-02,0.0
Eastern Equatoria,Kapoeta East,SS0203,2012,recurring,545,2012-05-06,2012-12-31,0.0
Eastern Equatoria,Kapoeta East,SS0203,2012,unusual,23812,2012-01-02,2013-01-06,0.0
Eastern Equatoria,Kapoeta North,SS0204,2012,unusual,17,2012-01-10,2012-12-31,0.0
Eastern Equatoria,Kapoeta South,SS0205,2012,unusual,8,2012-12-18,2012-12-18,0.0
Eastern Equatoria,Lafon,SS0206,2012,unusual,1366,2012-01-02,2013-01-06,0.0
Eastern Equatoria,Magwi,SS0207,2012,recurring,4,2012-01-10,2012-12-20,0.0
Eastern Equatoria,Magwi,SS0207,2012,unusual,112,2012-01-11,2013-01-02,0.0
Eastern Equatoria,Torit,SS0208,2012,unusual,100,2012-01-08,2013-01-01,0.0
Jonglei,Akobo,SS0301,2012,recurring,685,2012-01-03,2013-01-02,0.0
Jonglei,Akobo,SS0301,2012,unusual,2614,2012-01-02,2013-01-02,0.0
Jonglei,Ayod,SS0302,2012,recurring,12590,2012-01-02,2013-01-06,0.0
Jonglei,Ayod,SS0302,2012,unusual,5596,2012-01-02,2013-01-06,0.0
Jonglei,Bor South,SS0303,2012,recurring,3002,2012-01-03,2013-01-06,0.0
Jonglei,Bor South,SS0303,2012,unusual,7838,2012-01-02,2013-01-06,0.0
Jonglei,Canal/Pigi,SS0304,2012,recurring,69,2012-01-03,2013-01-05,0.0
Jonglei,Canal/Pigi,SS0304,2012,unusual,61,2012-01-10,2013-01-01,0.0
Jonglei,Duk,SS0305,2012,recurring,8953,2012-01-02,2013-01-06,0.0
Jonglei,Duk,SS0305,2012,unusual,6621,2012-01-02,2013-01-06,0.0
Jonglei,Fangak,SS0306,2012,recurring,1235,2012-01-02,2013-01-06,0.0
Jonglei,Fangak,SS0306,2012,unusual,5509,2012-01-05,2013-01-06,0.0
Jonglei,Nyirol,SS0307,2012,unusual,1582,2012-04-08,2013-01-06,0.0
Jonglei,Pibor,SS0308,2012,recurring,44,2012-01-03,2012-12-27,0.0
Jonglei,Pibor,SS0308,2012,unusual,17274,2012-01-02,2013-01-06,0.0
Jonglei,Pochalla,SS0309,2012,recurring,531,2012-01-03,2013-01-05,0.0
Jonglei,Pochalla,SS0309,2012,unusual,628,2012-01-03,2013-01-02,0.0
Jonglei,Twic East,SS0310,2012,recurring,2422,2012-01-03,2013-01-06,0.0
Jonglei,Twic East,SS0310,2012,unusual,7295,2012-01-03,2013-01-06,0.0
Jonglei,Uror,SS0311,2012,recurring,21,2012-08-01,2012-09-24,0.0
Jonglei,Uror,SS0311,2012,unusual,5509,2012-01-02,2013-01-06,0.0
Lakes,Awerial,SS0401,2012,recurring,7101,2012-01-02,2013-01-06,0.0
Lakes,Awerial,SS0401,2012,unusual,878,2012-01-06,2013-01-06,0.0
Lakes,Cueibet,SS0402,2012,recurring,3,2012-10-06,2012-10-22,0.0
Lakes,Cueibet,SS0402,2012,unusual,127,2012-01-10,2012-12-09,0.0
Lakes,Rumbek Centre,SS0403,2012,unusual,236,2012-01-08,2013-01-01,0.0
Lakes,Rumbek East,SS0404,2012,recurring,83,2012-01-06,2013-01-06,0.0
Lakes,Rumbek East,SS0404,2012,unusual,1279,2012-01-08,2013-01-01,0.0
Lakes,Rumbek North,SS0405,2012,unusual,1861,2012-01-05,2013-01-03,0.0
Lakes,Wulu,SS0406,2012,recurring,5,2012-08-26,2012-09-18,0.0
Lakes,Wulu,SS0406,2012,unusual,187,2012-08-26,2013-01-06,0.0
Lakes,Yirol East,SS0407,2012,recurring,1492,2012-01-03,2013-01-06,0.0
Lakes,Yirol East,SS0407,2012,unusual,564,2012-01-02,2013-01-03,0.0
Lakes,Yirol West,SS0408,2012,recurring,194,2012-01-03,2013-01-03,0.0
Lakes,Yirol West,SS0408,2012,unusual,1282,2012-01-08,2013-01-01,0.0
Northern Bahr el Ghazal,Aweil Centre,SS0501,2012,recurring,63,2012-09-22,2012-11-14,0.0
Northern Bahr el Ghazal,Aweil Centre,SS0501,2012,unusual,87,2012-08-26,2012-11-24,0.0
Northern Bahr el Ghazal,Aweil East,SS0502,2012,recurring,3057,2012-08-26,2012-12-09,0.0
Northern Bahr el Ghazal,Aweil East,SS0502,2012,unusual,618,2012-08-19,2013-01-01,0.0
Northern Bahr el Ghazal,Aweil North,SS0503,2012,unusual,4,2012-09-23,2012-12-31,0.0
Northern Bahr el Ghazal,Aweil South,SS0504,2012,recurring,834,2012-09-22,2012-12-25,0.0
Northern Bahr el Ghazal,Aweil South,SS0504,2012,unusual,2057,2012-01-06,2012-12-09,0.0
Northern Bahr el Ghazal,Aweil West,SS0505,2012,recurring,4,2012-10-13,2012-10-13,0.0
Northern Bahr el Ghazal,Aweil West,SS0505,2012,unusual,51,2012-08-19,2012-12-30,0.0
Unity,Abiemnhom,SS0601,2012,unusual,9,2012-11-26,2012-11-28,0.0
Unity,Guit,SS0602,2012,recurring,214,2012-01-03,2013-01-03,0.0
Unity,Guit,SS0602,2012,unusual,429,2012-01-03,2013-01-01,0.0
Unity,Koch,SS0603,2012,recurring,2210,2012-01-02,2013-01-06,0.0
Unity,Koch,SS0603,2012,unusual,1198,2012-01-06,2013-01-03,0.0
Unity,Leer,SS0604,2012,recurring,295,2012-01-08,2013-01-06,0.0
Unity,Leer,SS0604,2012,unusual,481,2012-01-08,2013-01-01,0.0
Unity,Mayendit,SS0605,2012,recurring,52,2012-01-08,2013-01-03,0.0
Unity,Mayendit,SS0605,2012,unusual,2327,2012-01-10,2013-01-01,0.0
Unity,Mayom,SS0606,2012,recurring,5235,2012-01-02,2013-01-06,0.0
Unity,Mayom,SS0606,2012,unusual,2436,2012-01-10,2013-01-05,0.0
Unity,Panyijiar,SS0607,2012,recurring,809,2012-01-02,2013-01-06,0.0
Unity,Panyijiar,SS0607,2012,unusual,1164,2012-01-03,2013-01-06,0.0
Unity,Pariang,SS0608,2012,recurring,1165,2012-01-02,2013-01-06,0.0
Unity,Pariang,SS0608,2012,unusual,811,2012-01-03,2013-01-05,0.0
Unity,Rubkona,SS0609,2012,recurring,2,2012-01-12,2012-12-02,0.0
Unity,Rubkona,SS0609,2012,unusual,6,2012-01-12,2012-12-11,0.0
Upper Nile,Baliet,SS0701,2012,recurring,1583,2012-11-16,2013-01-06,0.0
Upper Nile,Baliet,SS0701,2012,unusual,94046,2012-01-03,2013-01-06,0.0
Upper Nile,Fashoda,SS0702,2012,recurring,25,2012-01-17,2012-12-27,0.0
Upper Nile,Fashoda,SS0702,2012,unusual,193,2012-10-15,2012-12-27,0.0
Upper Nile,Longochuk,SS0703,2012,recurring,47,2012-01-03,2013-01-05,0.0
Upper Nile,Longochuk,SS0703,2012,unusual,708,2012-01-03,2013-01-05,0.0
Upper Nile,Luakpiny/Nasir,SS0704,2012,recurring,2078,2012-01-02,2013-01-06,0.0
Upper Nile,Luakpiny/Nasir,SS0704,2012,unusual,64922,2012-01-02,2013-01-06,0.0
Upper Nile,Maban,SS0705,2012,recurring,60,2012-01-06,2012-12-18,0.0
Upper Nile,Maban,SS0705,2012,unusual,3149,2012-01-02,2013-01-06,0.0
Upper Nile,Maiwut,SS0706,2012,unusual,74,2012-01-22,2013-01-01,0.0
Upper Nile,Malakal,SS0707,2012,recurring,3,2012-12-02,2012-12-25,0.0
Upper Nile,Malakal,SS0707,2012,unusual,156,2012-11-16,2012-12-27,0.0
Upper Nile,Panyikang,SS0710,2012,recurring,220,2012-01-03,2013-01-06,0.0
Upper Nile,Panyikang,SS0710,2012,unusual,814,2012-01-10,2013-01-06,0.0
Upper Nile,Ulang,SS0712,2012,recurring,19467,2012-01-03,2013-01-06,0.0
Upper Nile,Ulang,SS0712,2012,unusual,236724,2012-01-03,2013-01-06,0.0
Warrap,Gogrial East,SS0801,2012,recurring,285,2012-01-06,2013-01-03,0.0
Warrap,Gogrial East,SS0801,2012,unusual,1071,2012-01-02,2013-01-06,0.0
Warrap,Gogrial West,SS0802,2012,recurring,541,2012-09-11,2012-11-07,0.0
Warrap,Gogrial West,SS0802,2012,unusual,1202,2012-08-26,2013-01-01,0.0
Warrap,Tonj East,SS0803,2012,unusual,502,2012-01-11,2013-01-01,0.0
Warrap,Tonj North,SS0804,2012,recurring,8511,2012-01-02,2013-01-06,0.0
Warrap,Tonj North,SS0804,2012,unusual,544,2012-01-03,2013-01-06,0.0
Warrap,Tonj South,SS0805,2012,recurring,116,2012-10-06,2012-10-24,0.0
Warrap,Tonj South,SS0805,2012,unusual,177,2012-09-18,2012-12-21,0.0
Warrap,Twic,SS0806,2012,recurring,3555,2012-01-02,2013-01-06,0.0
Warrap,Twic,SS0806,2012,unusual,2375,2012-01-05,2013-01-03,0.0
Western Bahr el Ghazal,Jur River,SS0901,2012,recurring,108,2012-09-20,2012-11-14,0.0
Western Bahr el Ghazal,Jur River,SS0901,2012,unusual,152,2012-09-18,2013-01-01,0.0
Western Bahr el Ghazal,Raja,SS0902,2012,unusual,373,2012-01-18,2012-12-30,0.0
Western Bahr el Ghazal,Wau,SS0903,2012,recurring,2,2012-10-16,2012-10-17,0.0
Western Bahr el Ghazal,Wau,SS0903,2012,unusual,95,2012-10-04,2012-12-11,0.0
Western Equatoria,Ezo,SS1001,2012,unusual,16,2012-11-12,2012-11-12,0.0
Western Equatoria,Ibba,SS1002,2012,unusual,23,2012-12-03,2013-01-06,0.0
Western Equatoria,Maridi,SS1003,2012,unusual,5,2012-12-03,2012-12-31,0.0
Western Equatoria,Mundri East,SS1004,2012,unusual,57,2012-03-23,2012-12-18,0.0
Western Equatoria,Mundri West,SS1005,2012,unusual,7,2012-12-09,2012-12-18,0.0
Western Equatoria,Mvolo,SS1006,2012,unusual,258,2012-07-11,2012-12-21,0.0
Western Equatoria,Nagero,SS1007,2012,unusual,19,2012-09-18,2012-12-30,0.0
Western Equatoria,Nzara,SS1008,2012,unusual,17,2012-02-02,2012-12-29,0.0
Western Equatoria,Tambura,SS1009,2012,unusual,12,2012-12-02,2012-12-20,0.0
Western Equatoria,Yambio,SS1010,2012,unusual,14,2012-10-16,2012-12-19,0.0
Abyei Region,Abyei Region,SS0001,2013,unusual,83,2013-11-01,2013-12-21,0.0
Central Equatoria,Juba,SS0101,2013,recurring,644,2013-01-10,2014-01-04,0.0
Central Equatoria,Juba,SS0101,2013,unusual,1011,2013-01-07,2014-01-05,0.0
Central Equatoria,Kajo-keji,SS0102,2013,recurring,2,2013-12-28,2013-12-30,0.0
Central Equatoria,Kajo-keji,SS0102,2013,unusual,19,2013-01-12,2013-12-30,0.0
Central Equatoria,Lainya,SS0103,2013,unusual,31,2013-01-19,2013-12-12,0.0
Central Equatoria,Morobo,SS0104,2013,unusual,2,2013-11-14,2013-11-14,0.0
Central Equatoria,Terekeka,SS0105,2013,recurring,87,2013-01-12,2014-01-04,0.0
Central Equatoria,Terekeka,SS0105,2013,unusual,384,2013-01-08,2013-12-30,0.0
Central Equatoria,Yei,SS0106,2013,unusual,54,2013-01-12,2013-12-10,0.0
Eastern Equatoria,Budi,SS0201,2013,unusual,197,2013-01-10,2014-01-05,0.0
Eastern Equatoria,Ikotos,SS0202,2013,unusual,249,2013-01-10,2014-01-05,0.0
Eastern Equatoria,Kapoeta East,SS0203,2013,recurring,428,2013-04-15,2013-12-19,0.0
Eastern Equatoria,Kapoeta East,SS0203,2013,unusual,7476,2013-01-07,2014-01-05,0.0
Eastern Equatoria,Kapoeta North,SS0204,2013,unusual,158,2013-01-10,2014-01-05,0.0
Eastern Equatoria,Kapoeta South,SS0205,2013,unusual,9,2013-05-13,2013-11-24,0.0
Eastern Equatoria,Lafon,SS0206,2013,unusual,766,2013-01-07,2014-01-05,0.0
Eastern Equatoria,Magwi,SS0207,2013,recurring,3,2013-01-12,2013-12-05,0.0
Eastern Equatoria,Magwi,SS0207,2013,unusual,177,2013-01-07,2014-01-05,0.0
Eastern Equatoria,Torit,SS0208,2013,unusual,86,2013-01-13,2014-01-05,0.0
Jonglei,Akobo,SS0301,2013,recurring,159,2013-01-19,2013-12-30,0.0
Jonglei,Akobo,SS0301,2013,unusual,1031,2013-01-07,2014-01-05,0.0
Jonglei,Ayod,SS0302,2013,recurring,18166,2013-01-07,2014-01-05,0.0
Jonglei,Ayod,SS0302,2013,unusual,11713,2013-01-07,2014-01-05,0.0
Jonglei,Bor South,SS0303,2013,recurring,5823,2013-01-07,2014-01-05,0.0
Jonglei,Bor South,SS0303,2013,unusual,7104,2013-01-07,2014-01-05,0.0
Jonglei,Canal/Pigi,SS0304,2013,recurring,131,2013-01-07,2014-01-03,0.0
Jonglei,Canal/Pigi,SS0304,2013,unusual,176,2013-01-10,2014-01-01,0.0
Jonglei,Duk,SS0305,2013,recurring,13371,2013-01-07,2014-01-05,0.0
Jonglei,Duk,SS0305,2013,unusual,4565,2013-01-07,2014-01-05,0.0
Jonglei,Fangak,SS0306,2013,recurring,1663,2013-01-07,2014-01-04,0.0
Jonglei,Fangak,SS0306,2013,unusual,1057,2013-01-07,2014-01-04,0.0
Jonglei,Nyirol,SS0307,2013,unusual,154,2013-01-07,2014-01-03,0.0
Jonglei,Pibor,SS0308,2013,recurring,42,2013-01-21,2013-12-25,0.0
Jonglei,Pibor,SS0308,2013,unusual,17173,2013-01-07,2014-01-05,0.0
Jonglei,Pochalla,SS0309,2013,recurring,501,2013-01-07,2014-01-01,0.0
Jonglei,Pochalla,SS0309,2013,unusual,856,2013-01-17,2014-01-05,0.0
Jonglei,Twic East,SS0310,2013,recurring,4405,2013-01-07,2014-01-05,0.0
Jonglei,Twic East,SS0310,2013,unusual,41606,2013-01-07,2014-01-05,0.0
Jonglei,Uror,SS0311,2013,unusual,2788,2013-01-07,2014-01-05,0.0
Lakes,Awerial,SS0401,2013,recurring,10421,2013-01-07,2014-01-05,0.0
Lakes,Awerial,SS0401,2013,unusual,1661,2013-01-07,2014-01-05,0.0
Lakes,Cueibet,SS0402,2013,unusual,220,2013-01-12,2013-12-10,0.0
Lakes,Rumbek Centre,SS0403,2013,unusual,222,2013-01-10,2013-12-12,0.0
Lakes,Rumbek East,SS0404,2013,recurring,236,2013-01-07,2014-01-04,0.0
Lakes,Rumbek East,SS0404,2013,unusual,1056,2013-01-12,2014-01-05,0.0
Lakes,Rumbek North,SS0405,2013,unusual,382,2013-01-11,2014-01-05,0.0
Lakes,Wulu,SS0406,2013,unusual,29,2013-01-07,2013-11-28,0.0
Lakes,Yirol East,SS0407,2013,recurring,2045,2013-01-07,2014-01-05,0.0
Lakes,Yirol East,SS0407,2013,unusual,2091,2013-01-07,2014-01-05,0.0
Lakes,Yirol West,SS0408,2013,recurring,414,2013-01-12,2014-01-05,0.0
Lakes,Yirol West,SS0408,2013,unusual,1184,2013-01-12,2014-01-05,0.0
Northern Bahr el Ghazal,Aweil Centre,SS0501,2013,recurring,8,2013-10-09,2013-10-16,0.0
Northern Bahr el Ghazal,Aweil Centre,SS0501,2013,unusual,409,2013-03-17,2013-12-06,0.0
Northern Bahr el Ghazal,Aweil East,SS0502,2013,recurring,16696,2013-08-20,2013-11-26,0.0
Northern Bahr el Ghazal,Aweil East,SS0502,2013,unusual,3079,2013-05-06,2014-01-04,0.0
Northern Bahr el Ghazal,Aweil North,SS0503,2013,recurring,2,2013-10-09,2013-10-16,0.0
Northern Bahr el Ghazal,Aweil North,SS0503,2013,unusual,31,2013-03-17,2013-11-27,0.0
Northern Bahr el Ghazal,Aweil South,SS0504,2013,recurring,8186,2013-08-27,2013-11-30,0.0
Northern Bahr el Ghazal,Aweil South,SS0504,2013,unusual,482,2013-03-17,2013-12-01,0.0
Northern Bahr el Ghazal,Aweil West,SS0505,2013,recurring,194,2013-09-21,2013-10-23,0.0
Northern Bahr el Ghazal,Aweil West,SS0505,2013,unusual,260,2013-03-17,2013-11-29,0.0
Unity,Abiemnhom,SS0601,2013,unusual,110,2013-09-30,2013-12-01,0.0
Unity,Guit,SS0602,2013,recurring,155,2013-01-08,2014-01-04,0.0
Unity,Guit,SS0602,2013,unusual,1187,2013-01-08,2014-01-04,0.0
Unity,Koch,SS0603,2013,recurring,3738,2013-01-07,2014-01-05,0.0
Unity,Koch,SS0603,2013,unusual,1513,2013-01-07,2014-01-05,0.0
Unity,Leer,SS0604,2013,recurring,229,2013-01-07,2014-01-04,0.0
Unity,Leer,SS0604,2013,unusual,45,2013-01-10,2013-12-28,0.0
Unity,Mayendit,SS0605,2013,recurring,89,2013-01-10,2014-01-04,0.0
Unity,Mayendit,SS0605,2013,unusual,260,2013-02-16,2013-12-30,0.0
Unity,Mayom,SS0606,2013,recurring,9960,2013-01-07,2014-01-05,0.0
Unity,Mayom,SS0606,2013,unusual,21240,2013-01-08,2014-01-05,0.0
Unity,Panyijiar,SS0607,2013,recurring,2114,2013-01-07,2014-01-05,0.0
Unity,Panyijiar,SS0607,2013,unusual,2339,2013-01-10,2014-01-04,0.0
Unity,Pariang,SS0608,2013,recurring,1321,2013-01-07,2014-01-04,0.0
Unity,Pariang,SS0608,2013,unusual,761,2013-01-08,2014-01-04,0.0
Unity,Rubkona,SS0609,2013,recurring,2,2013-11-10,2013-11-26,0.0
Unity,Rubkona,SS0609,2013,unusual,7,2013-03-16,2013-12-24,0.0
Upper Nile,Baliet,SS0701,2013,recurring,5229,2013-01-07,2014-01-04,0.0
Upper Nile,Baliet,SS0701,2013,unusual,118914,2013-01-07,2014-01-04,0.0
Upper Nile,Fashoda,SS0702,2013,recurring,23,2013-01-21,2013-12-30,0.0
Upper Nile,Fashoda,SS0702,2013,unusual,160,2013-01-12,2013-12-30,0.0
Upper Nile,Longochuk,SS0703,2013,recurring,37,2013-01-19,2014-01-01,0.0
Upper Nile,Longochuk,SS0703,2013,unusual,320,2013-01-07,2014-01-05,0.0
Upper Nile,Luakpiny/Nasir,SS0704,2013,recurring,2350,2013-01-07,2014-01-05,0.0
Upper Nile,Luakpiny/Nasir,SS0704,2013,unusual,26905,2013-01-07,2014-01-05,0.0
Upper Nile,Maban,SS0705,2013,unusual,4739,2013-01-07,2014-01-05,0.0
Upper Nile,Maiwut,SS0706,2013,unusual,414,2013-01-10,2014-01-05,0.0
Upper Nile,Malakal,SS0707,2013,recurring,3,2013-11-03,2013-12-14,0.0
Upper Nile,Malakal,SS0707,2013,unusual,32,2013-01-12,2014-01-01,0.0
Upper Nile,Panyikang,SS0710,2013,recurring,255,2013-01-07,2014-01-04,0.0
Upper Nile,Panyikang,SS0710,2013,unusual,473,2013-01-07,2014-01-04,0.0
Upper Nile,Ulang,SS0712,2013,recurring,18428,2013-01-07,2014-01-05,0.0
Upper Nile,Ulang,SS0712,2013,unusual,91017,2013-01-07,2014-01-05,0.0
Warrap,Gogrial East,SS0801,2013,recurring,29684,2013-01-08,2014-01-04,0.0
Warrap,Gogrial East,SS0801,2013,unusual,67333,2013-01-07,2014-01-05,0.0
Warrap,Gogrial West,SS0802,2013,recurring,32782,2013-09-05,2013-12-21,0.0
Warrap,Gogrial West,SS0802,2013,unusual,64792,2013-01-17,2013-12-21,0.0
Warrap,Tonj East,SS0803,2013,unusual,3,2013-01-12,2013-11-03,0.0
Warrap,Tonj North,SS0804,2013,recurring,22766,2013-01-07,2014-01-05,0.0
Warrap,Tonj North,SS0804,2013,unusual,113098,2013-01-07,2014-01-04,0.0
Warrap,Tonj South,SS0805,2013,recurring,253,2013-09-16,2013-11-03,0.0
Warrap,Tonj South,SS0805,2013,unusual,9360,2013-01-10,2014-01-05,0.0
Warrap,Twic,SS0806,2013,recurring,3462,2013-01-07,2014-01-04,0.0
Warrap,Twic,SS0806,2013,unusual,1239,2013-01-08,2014-01-04,0.0
Western Bahr el Ghazal,Jur River,SS0901,2013,recurring,7015,2013-08-13,2013-11-30,0.0
Western Bahr el Ghazal,Jur River,SS0901,2013,unusual,5815,2013-01-12,2013-12-01,0.0
Western Bahr el Ghazal,Raja,SS0902,2013,unusual,935,2013-01-18,2014-01-04,0.0
Western Bahr el Ghazal,Wau,SS0903,2013,recurring,1176,2013-09-11,2013-11-12,0.0
Western Bahr el Ghazal,Wau,SS0903,2013,unusual,536,2013-04-18,2013-12-10,0.0
Western Equatoria,Ezo,SS1001,2013,unusual,12,2013-09-16,2013-09-16,0.0
Western Equatoria,Ibba,SS1002,2013,unusual,20,2013-01-07,2013-11-24,0.0
Western Equatoria,Maridi,SS1003,2013,unusual,21,2013-01-10,2013-12-10,0.0
Western Equatoria,Mundri East,SS1004,2013,unusual,13,2013-01-11,2013-02-22,0.0
Western Equatoria,Mundri West,SS1005,2013,unusual,39,2013-01-10,2014-01-04,0.0
Western Equatoria,Mvolo,SS1006,2013,unusual,89,2013-01-28,2013-12-09,0.0
Western Equatoria,Nagero,SS1007,2013,unusual,105,2013-02-09,2013-12-07,0.0
Western Equatoria,Nzara,SS1008,2013,unusual,4,2013-01-08,2013-01-13,0.0
Western Equatoria,Tambura,SS1009,2013,unusual,3,2013-12-05,2014-01-05,0.0
Abyei Region,Abyei Region,SS0001,2014,unusual,49,2014-04-21,2014-12-31,0.0
Central Equatoria,Juba,SS0101,2014,recurring,879,2014-01-06,2015-01-04,0.0
Central Equatoria,Juba,SS0101,2014,unusual,963,2014-01-06,2015-01-04,0.0
Central Equatoria,Kajo-keji,SS0102,2014,recurring,4,2014-11-24,2014-12-26,0.0
Central Equatoria,Kajo-keji,SS0102,2014,unusual,33,2014-01-06,2015-01-02,0.0
Central Equatoria,Lainya,SS0103,2014,unusual,44,2014-01-08,2014-12-21,0.0
Central Equatoria,Morobo,SS0104,2014,unusual,6,2014-01-31,2014-05-28,0.0
Central Equatoria,Terekeka,SS0105,2014,recurring,88,2014-01-06,2015-01-04,0.0
Central Equatoria,Terekeka,SS0105,2014,unusual,1559,2014-01-06,2015-01-02,0.0
Central Equatoria,Yei,SS0106,2014,unusual,45,2014-01-17,2015-01-02,0.0
Eastern Equatoria,Budi,SS0201,2014,unusual,247,2014-01-06,2014-12-31,0.0
Eastern Equatoria,Ikotos,SS0202,2014,unusual,283,2014-01-06,2014-12-31,0.0
Eastern Equatoria,Kapoeta East,SS0203,2014,recurring,40,2014-11-04,2014-11-30,0.0
Eastern Equatoria,Kapoeta East,SS0203,2014,unusual,8216,2014-01-06,2014-12-31,0.0
Eastern Equatoria,Kapoeta North,SS0204,2014,unusual,1084,2014-01-06,2014-12-28,0.0
Eastern Equatoria,Kapoeta South,SS0205,2014,unusual,15,2014-05-26,2014-12-19,0.0
Eastern Equatoria,Lafon,SS0206,2014,unusual,8106,2014-01-06,2015-01-04,0.0
Eastern Equatoria,Magwi,SS0207,2014,recurring,3,2014-01-29,2014-12-31,0.0
Eastern Equatoria,Magwi,SS0207,2014,unusual,161,2014-01-06,2014-12-31,0.0
Eastern Equatoria,Torit,SS0208,2014,unusual,262,2014-01-06,2015-01-04,0.0
Jonglei,Akobo,SS0301,2014,recurring,505,2014-01-06,2015-01-04,0.0
Jonglei,Akobo,SS0301,2014,unusual,3057,2014-01-06,2015-01-04,0.0
Jonglei,Ayod,SS0302,2014,recurring,28000,2014-01-06,2015-01-04,0.0
Jonglei,Ayod,SS0302,2014,unusual,30636,2014-01-06,2015-01-04,0.0
Jonglei,Bor South,SS0303,2014,recurring,8195,2014-01-06,2015-01-04,0.0
Jonglei,Bor South,SS0303,2014,unusual,19535,2014-01-06,2015-01-04,0.0
Jonglei,Canal/Pigi,SS0304,2014,recurring,114,2014-01-08,2015-01-02,0.0
Jonglei,Canal/Pigi,SS0304,2014,unusual,113,2014-01-15,2015-01-02,0.0
Jonglei,Duk,SS0305,2014,recurring,19113,2014-01-06,2015-01-04,0.0
Jonglei,Duk,SS0305,2014,unusual,8821,2014-01-06,2015-01-04,0.0
Jonglei,Fangak,SS0306,2014,recurring,3052,2014-01-06,2015-01-04,0.0
Jonglei,Fangak,SS0306,2014,unusual,8703,2014-01-06,2015-01-04,0.0
Jonglei,Nyirol,SS0307,2014,unusual,647,2014-01-13,2015-01-04,0.0
Jonglei,Pibor,SS0308,2014,recurring,24,2014-01-06,2014-11-24,0.0
Jonglei,Pibor,SS0308,2014,unusual,66187,2014-01-06,2015-01-04,0.0
Jonglei,Pochalla,SS0309,2014,recurring,981,2014-01-06,2015-01-04,0.0
Jonglei,Pochalla,SS0309,2014,unusual,6647,2014-01-06,2015-01-04,0.0
Jonglei,Twic East,SS0310,2014,recurring,5933,2014-01-06,2015-01-04,0.0
Jonglei,Twic East,SS0310,2014,unusual,13979,2014-01-06,2015-01-04,0.0
Jonglei,Uror,SS0311,2014,unusual,5769,2014-01-06,2015-01-04,0.0
Lakes,Awerial,SS0401,2014,recurring,9286,2014-01-06,2015-01-04,0.0
Lakes,Awerial,SS0401,2014,unusual,2217,2014-01-06,2015-01-04,0.0
Lakes,Cueibet,SS0402,2014,recurring,2,2014-11-29,2014-11-29,0.0
Lakes,Cueibet,SS0402,2014,unusual,1719,2014-01-15,2015-01-04,0.0
Lakes,Rumbek Centre,SS0403,2014,unusual,577,2014-01-16,2015-01-04,0.0
Lakes,Rumbek East,SS0404,2014,recurring,395,2014-01-06,2015-01-04,0.0
Lakes,Rumbek East,SS0404,2014,unusual,752,2014-01-06,2015-01-02,0.0
Lakes,Rumbek North,SS0405,2014,unusual,786,2014-01-06,2015-01-03,0.0
Lakes,Wulu,SS0406,2014,unusual,452,2014-01-06,2015-01-02,0.0
Lakes,Yirol East,SS0407,2014,recurring,3192,2014-01-06,2015-01-04,0.0
Lakes,Yirol East,SS0407,2014,unusual,3790,2014-01-06,2015-01-04,0.0
Lakes,Yirol West,SS0408,2014,recurring,754,2014-01-06,2015-01-04,0.0
Lakes,Yirol West,SS0408,2014,unusual,2482,2014-01-06,2015-01-04,0.0
Northern Bahr el Ghazal,Aweil Centre,SS0501,2014,recurring,301,2014-08-21,2014-11-27,0.0
Northern Bahr el Ghazal,Aweil Centre,SS0501,2014,unusual,161,2014-01-07,2014-12-06,0.0
Northern Bahr el Ghazal,Aweil East,SS0502,2014,recurring,19774,2014-08-16,2014-12-22,0.0
Northern Bahr el Ghazal,Aweil East,SS0502,2014,unusual,3987,2014-01-11,2015-01-01,0.0
Northern Bahr el Ghazal,Aweil North,SS0503,2014,recurring,15,2014-10-10,2014-10-19,0.0
Northern Bahr el Ghazal,Aweil North,SS0503,2014,unusual,107,2014-10-03,2014-12-02,0.0
Northern Bahr el Ghazal,Aweil South,SS0504,2014,recurring,13919,2014-09-12,2014-12-31,0.0
Northern Bahr el Ghazal,Aweil South,SS0504,2014,unusual,3659,2014-09-12,2015-01-03,0.0
Northern Bahr el Ghazal,Aweil West,SS0505,2014,recurring,365,2014-09-12,2014-11-18,0.0
Northern Bahr el Ghazal,Aweil West,SS0505,2014,unusual,607,2014-01-19,2014-11-18,0.0
Unity,Abiemnhom,SS0601,2014,unusual,2235,2014-03-09,2015-01-03,0.0
Unity,Guit,SS0602,2014,recurring,319,2014-01-06,2015-01-02,0.0
Unity,Guit,SS0602,2014,unusual,7515,2014-01-06,2015-01-02,0.0
Unity,Koch,SS0603,2014,recurring,10990,2014-01-06,2015-01-04,0.0
Unity,Koch,SS0603,2014,unusual,9730,2014-01-06,2015-01-04,0.0
Unity,Leer,SS0604,2014,recurring,418,2014-01-06,2015-01-04,0.0
Unity,Leer,SS0604,2014,unusual,2686,2014-01-06,2015-01-02,0.0
Unity,Mayendit,SS0605,2014,recurring,145,2014-01-06,2015-01-02,0.0
Unity,Mayendit,SS0605,2014,unusual,2235,2014-01-13,2015-01-04,0.0
Unity,Mayom,SS0606,2014,recurring,30353,2014-01-06,2015-01-04,0.0
Unity,Mayom,SS0606,2014,unusual,386493,2014-01-06,2015-01-04,0.0
Unity,Panyijiar,SS0607,2014,recurring,3695,2014-01-06,2015-01-04,0.0
Unity,Panyijiar,SS0607,2014,unusual,11207,2014-01-06,2015-01-04,0.0
Unity,Pariang,SS0608,2014,recurring,2391,2014-01-06,2015-01-04,0.0
Unity,Pariang,SS0608,2014,unusual,4804,2014-01-06,2015-01-04,0.0
Unity,Rubkona,SS0609,2014,unusual,61399,2014-02-23,2015-01-04,0.0
Upper Nile,Baliet,SS0701,2014,recurring,3599,2014-01-06,2015-01-04,0.0
Upper Nile,Baliet,SS0701,2014,unusual,105466,2014-01-08,2015-01-04,0.0
Upper Nile,Fashoda,SS0702,2014,recurring,10,2014-01-06,2015-01-02,0.0
Upper Nile,Fashoda,SS0702,2014,unusual,88,2014-01-06,2015-01-02,0.0
Upper Nile,Longochuk,SS0703,2014,recurring,61,2014-01-17,2015-01-04,0.0
Upper Nile,Longochuk,SS0703,2014,unusual,2828,2014-01-06,2015-01-04,0.0
Upper Nile,Luakpiny/Nasir,SS0704,2014,recurring,6588,2014-01-06,2015-01-04,0.0
Upper Nile,Luakpiny/Nasir,SS0704,2014,unusual,44159,2014-01-06,2015-01-04,0.0
Upper Nile,Maban,SS0705,2014,recurring,37,2014-11-29,2014-12-08,0.0
Upper Nile,Maban,SS0705,2014,unusual,4478,2014-01-06,2015-01-04,0.0
Upper Nile,Maiwut,SS0706,2014,unusual,252,2014-01-06,2015-01-04,0.0
Upper Nile,Malakal,SS0707,2014,recurring,8,2014-11-06,2014-12-31,0.0
Upper Nile,Malakal,SS0707,2014,unusual,141,2014-01-06,2015-01-02,0.0
Upper Nile,Panyikang,SS0710,2014,recurring,378,2014-01-06,2015-01-04,0.0
Upper Nile,Panyikang,SS0710,2014,unusual,402,2014-01-06,2015-01-04,0.0
Upper Nile,Ulang,SS0712,2014,recurring,14044,2014-01-06,2015-01-04,0.0
Upper Nile,Ulang,SS0712,2014,unusual,43094,2014-01-06,2015-01-04,0.0
Warrap,Gogrial East,SS0801,2014,recurring,18943,2014-01-06,2015-01-04,0.0
Warrap,Gogrial East,SS0801,2014,unusual,54837,2014-01-06,2015-01-04,0.0
Warrap,Gogrial West,SS0802,2014,recurring,24558,2014-08-18,2015-01-02,0.0
Warrap,Gogrial West,SS0802,2014,unusual,40521,2014-01-29,2015-01-03,0.0
Warrap,Tonj East,SS0803,2014,unusual,248,2014-01-24,2014-12-31,0.0
Warrap,Tonj North,SS0804,2014,recurring,80960,2014-01-06,2015-01-04,0.0
Warrap,Tonj North,SS0804,2014,unusual,75963,2014-01-06,2015-01-04,0.0
Warrap,Tonj South,SS0805,2014,recurring,1309,2014-09-19,2014-11-30,0.0
Warrap,Tonj South,SS0805,2014,unusual,5658,2014-01-06,2014-12-26,0.0
Warrap,Twic,SS0806,2014,recurring,6446,2014-01-06,2015-01-04,0.0
Warrap,Twic,SS0806,2014,unusual,2983,2014-01-11,2015-01-04,0.0
Western Bahr el Ghazal,Jur River,SS0901,2014,recurring,4681,2014-08-21,2014-12-22,0.0
Western Bahr el Ghazal,Jur River,SS0901,2014,unusual,3760,2014-01-29,2014-12-31,0.0
Western Bahr el Ghazal,Raja,SS0902,2014,recurring,6,2014-10-19,2014-10-26,0.0
Western Bahr el Ghazal,Raja,SS0902,2014,unusual,251,2014-01-29,2015-01-03,0.0
Western Bahr el Ghazal,Wau,SS0903,2014,recurring,928,2014-09-26,2014-11-27,0.0
Western Bahr el Ghazal,Wau,SS0903,2014,unusual,684,2014-09-15,2014-12-15,0.0
Western Equatoria,Ezo,SS1001,2014,unusual,11,2014-12-06,2015-01-02,0.0
Western Equatoria,Ibba,SS1002,2014,unusual,181,2014-01-18,2015-01-02,0.0
Western Equatoria,Maridi,SS1003,2014,unusual,116,2014-01-16,2015-01-02,0.0
Western Equatoria,Mundri East,SS1004,2014,unusual,34,2014-01-15,2014-12-19,0.0
Western Equatoria,Mundri West,SS1005,2014,unusual,54,2014-01-27,2014-12-20,0.0
Western Equatoria,Mvolo,SS1006,2014,recurring,1,2014-09-12,2014-09-12,0.0
Western Equatoria,Mvolo,SS1006,2014,unusual,267,2014-01-31,2014-12-19,0.0
Western Equatoria,Nagero,SS1007,2014,recurring,3,2014-10-12,2014-10-19,0.0
Western Equatoria,Nagero,SS1007,2014,unusual,131,2014-10-12,2014-12-13,0.0
Western Equatoria,Nzara,SS1008,2014,unusual,22,2014-01-09,2014-12-20,0.0
Western Equatoria,Tambura,SS1009,2014,unusual,30,2014-11-07,2014-12-13,0.0
Western Equatoria,Yambio,SS1010,2014,unusual,96,2014-01-11,2014-12-27,0.0
Abyei Region,Abyei Region,SS0001,2015,unusual,87,2015-01-07,2015-11-12,0.0
Central Equatoria,Juba,SS0101,2015,recurring,626,2015-01-07,2016-01-03,0.0
Central Equatoria,Juba,SS0101,2015,unusual,1081,2015-01-05,2016-01-03,0.0
Central Equatoria,Kajo-keji,SS0102,2015,recurring,1,2015-12-18,2015-12-18,0.0
Central Equatoria,Kajo-keji,SS0102,2015,unusual,12,2015-01-09,2015-12-20,0.0
Central Equatoria,Lainya,SS0103,2015,unusual,28,2015-01-29,2015-12-04,0.0
Central Equatoria,Morobo,SS0104,2015,unusual,2,2015-02-05,2015-02-05,0.0
Central Equatoria,Terekeka,SS0105,2015,recurring,32,2015-01-05,2016-01-01,0.0
Central Equatoria,Terekeka,SS0105,2015,unusual,774,2015-01-05,2015-12-31,0.0
Central Equatoria,Yei,SS0106,2015,unusual,58,2015-01-29,2015-11-12,0.0
Eastern Equatoria,Budi,SS0201,2015,unusual,158,2015-01-06,2015-12-20,0.0
Eastern Equatoria,Ikotos,SS0202,2015,unusual,34,2015-01-23,2015-12-31,0.0
Eastern Equatoria,Kapoeta East,SS0203,2015,recurring,96,2015-04-29,2015-11-25,0.0
Eastern Equatoria,Kapoeta East,SS0203,2015,unusual,7338,2015-01-11,2016-01-03,0.0
Eastern Equatoria,Kapoeta North,SS0204,2015,unusual,67,2015-01-14,2015-10-14,0.0
Eastern Equatoria,Kapoeta South,SS0205,2015,unusual,3,2015-05-30,2015-05-30,0.0
Eastern Equatoria,Lafon,SS0206,2015,unusual,5259,2015-01-05,2016-01-03,0.0
Eastern Equatoria,Magwi,SS0207,2015,recurring,1,2015-12-11,2015-12-11,0.0
Eastern Equatoria,Magwi,SS0207,2015,unusual,48,2015-02-01,2016-01-03,0.0
Eastern Equatoria,Torit,SS0208,2015,unusual,50,2015-01-15,2016-01-03,0.0
Jonglei,Akobo,SS0301,2015,recurring,103,2015-01-05,2015-12-04,0.0
Jonglei,Akobo,SS0301,2015,unusual,13443,2015-01-05,2016-01-03,0.0
Jonglei,Ayod,SS0302,2015,recurring,25680,2015-01-05,2016-01-03,0.0
Jonglei,Ayod,SS0302,2015,unusual,22812,2015-01-05,2016-01-03,0.0
Jonglei,Bor South,SS0303,2015,recurring,9597,2015-01-05,2016-01-03,0.0
Jonglei,Bor South,SS0303,2015,unusual,16428,2015-01-05,2016-01-03,0.0
Jonglei,Canal/Pigi,SS0304,2015,recurring,68,2015-01-07,2016-01-03,0.0
Jonglei,Canal/Pigi,SS0304,2015,unusual,77,2015-01-07,2016-01-03,0.0
Jonglei,Duk,SS0305,2015,recurring,22546,2015-01-05,2016-01-03,0.0
Jonglei,Duk,SS0305,2015,unusual,13026,2015-01-05,2016-01-03,0.0
Jonglei,Fangak,SS0306,2015,recurring,2226,2015-01-05,2016-01-03,0.0
Jonglei,Fangak,SS0306,2015,unusual,2639,2015-01-05,2016-01-03,0.0
Jonglei,Nyirol,SS0307,2015,unusual,316,2015-01-05,2016-01-03,0.0
Jonglei,Pibor,SS0308,2015,recurring,17,2015-01-11,2016-01-02,0.0
Jonglei,Pibor,SS0308,2015,unusual,50656,2015-01-05,2016-01-03,0.0
Jonglei,Pochalla,SS0309,2015,recurring,1307,2015-01-05,2016-01-03,0.0
Jonglei,Pochalla,SS0309,2015,unusual,20386,2015-01-05,2016-01-03,0.0
Jonglei,Twic East,SS0310,2015,recurring,6370,2015-01-05,2016-01-03,0.0
Jonglei,Twic East,SS0310,2015,unusual,12351,2015-01-05,2016-01-03,0.0
Jonglei,Uror,SS0311,2015,unusual,2785,2015-01-05,2016-01-03,0.0
Lakes,Awerial,SS0401,2015,recurring,5673,2015-01-05,2016-01-03,0.0
Lakes,Awerial,SS0401,2015,unusual,1399,2015-01-05,2016-01-03,0.0
Lakes,Cueibet,SS0402,2015,unusual,7247,2015-01-05,2016-01-03,0.0
Lakes,Rumbek Centre,SS0403,2015,unusual,3137,2015-01-05,2016-01-03,0.0
Lakes,Rumbek East,SS0404,2015,recurring,749,2015-01-05,2016-01-03,0.0
Lakes,Rumbek East,SS0404,2015,unusual,863,2015-01-05,2016-01-03,0.0
Lakes,Rumbek North,SS0405,2015,unusual,4686,2015-01-07,2016-01-03,0.0
Lakes,Wulu,SS0406,2015,unusual,18,2015-01-28,2015-12-21,0.0
Lakes,Yirol East,SS0407,2015,recurring,3860,2015-01-05,2016-01-03,0.0
Lakes,Yirol East,SS0407,2015,unusual,3597,2015-01-05,2016-01-03,0.0
Lakes,Yirol West,SS0408,2015,recurring,925,2015-01-05,2016-01-03,0.0
Lakes,Yirol West,SS0408,2015,unusual,9165,2015-01-05,2016-01-03,0.0
Northern Bahr el Ghazal,Aweil Centre,SS0501,2015,recurring,99,2015-11-12,2015-11-26,0.0
Northern Bahr el Ghazal,Aweil Centre,SS0501,2015,unusual,283,2015-11-08,2015-11-25,0.0
Northern Bahr el Ghazal,Aweil East,SS0502,2015,recurring,764,2015-09-16,2015-11-30,0.0
Northern Bahr el Ghazal,Aweil East,SS0502,2015,unusual,645,2015-08-26,2015-11-30,0.0
Northern Bahr el Ghazal,Aweil North,SS0503,2015,unusual,4,2015-11-11,2015-11-14,0.0
Northern Bahr el Ghazal,Aweil South,SS0504,2015,recurring,8,2015-09-29,2015-09-29,0.0
Northern Bahr el Ghazal,Aweil South,SS0504,2015,unusual,59,2015-01-05,2015-12-27,0.0
Northern Bahr el Ghazal,Aweil West,SS0505,2015,recurring,5,2015-09-27,2015-11-25,0.0
Northern Bahr el Ghazal,Aweil West,SS0505,2015,unusual,207,2015-09-27,2015-11-23,0.0
Unity,Abiemnhom,SS0601,2015,unusual,228,2015-01-07,2015-02-19,0.0
Unity,Guit,SS0602,2015,recurring,182,2015-01-07,2016-01-03,0.0
Unity,Guit,SS0602,2015,unusual,988,2015-01-07,2016-01-03,0.0
Unity,Koch,SS0603,2015,recurring,9583,2015-01-05,2016-01-03,0.0
Unity,Koch,SS0603,2015,unusual,11651,2015-01-05,2016-01-03,0.0
Unity,Leer,SS0604,2015,recurring,365,2015-01-05,2016-01-03,0.0
Unity,Leer,SS0604,2015,unusual,297,2015-01-09,2016-01-03,0.0
Unity,Mayendit,SS0605,2015,recurring,174,2015-01-07,2016-01-03,0.0
Unity,Mayendit,SS0605,2015,unusual,954,2015-01-07,2016-01-03,0.0
Unity,Mayom,SS0606,2015,recurring,21645,2015-01-05,2016-01-03,0.0
Unity,Mayom,SS0606,2015,unusual,174514,2015-01-05,2016-01-03,0.0
Unity,Panyijiar,SS0607,2015,recurring,4234,2015-01-05,2016-01-03,0.0
Unity,Panyijiar,SS0607,2015,unusual,8209,2015-01-05,2016-01-03,0.0
Unity,Pariang,SS0608,2015,recurring,2437,2015-01-05,2016-01-03,0.0
Unity,Pariang,SS0608,2015,unusual,2183,2015-01-05,2016-01-03,0.0
Unity,Rubkona,SS0609,2015,unusual,87736,2015-01-05,2016-01-03,0.0
Upper Nile,Baliet,SS0701,2015,recurring,8603,2015-01-05,2015-12-27,0.0
Upper Nile,Baliet,SS0701,2015,unusual,573610,2015-01-05,2016-01-01,0.0
Upper Nile,Fashoda,SS0702,2015,recurring,16,2015-01-09,2015-12-27,0.0
Upper Nile,Fashoda,SS0702,2015,unusual,29,2015-01-09,2015-12-27,0.0
Upper Nile,Longochuk,SS0703,2015,recurring,34,2015-01-06,2016-01-03,0.0
Upper Nile,Longochuk,SS0703,2015,unusual,3542,2015-01-05,2016-01-03,0.0
Upper Nile,Luakpiny/Nasir,SS0704,2015,recurring,3420,2015-01-05,2016-01-03,0.0
Upper Nile,Luakpiny/Nasir,SS0704,2015,unusual,6774,2015-01-05,2016-01-03,0.0
Upper Nile,Maban,SS0705,2015,recurring,1,2015-12-15,2015-12-15,0.0
Upper Nile,Maban,SS0705,2015,unusual,787,2015-01-05,2016-01-03,0.0
Upper Nile,Maiwut,SS0706,2015,unusual,99,2015-01-05,2016-01-03,0.0
Upper Nile,Malakal,SS0707,2015,recurring,2,2015-11-25,2015-12-20,0.0
Upper Nile,Malakal,SS0707,2015,unusual,16,2015-01-09,2015-12-27,0.0
Upper Nile,Panyikang,SS0710,2015,recurring,300,2015-01-05,2016-01-03,0.0
Upper Nile,Panyikang,SS0710,2015,unusual,176,2015-01-05,2016-01-03,0.0
Upper Nile,Ulang,SS0712,2015,recurring,2421,2015-01-05,2016-01-03,0.0
Upper Nile,Ulang,SS0712,2015,unusual,19161,2015-01-05,2016-01-03,0.0
Warrap,Gogrial East,SS0801,2015,recurring,784,2015-01-05,2016-01-03,0.0
Warrap,Gogrial East,SS0801,2015,unusual,5091,2015-01-05,2016-01-03,0.0
Warrap,Gogrial West,SS0802,2015,recurring,21,2015-09-27,2015-11-30,0.0
Warrap,Gogrial West,SS0802,2015,unusual,1189,2015-01-05,2015-12-27,0.0
Warrap,Tonj East,SS0803,2015,unusual,4925,2015-01-25,2016-01-03,0.0
Warrap,Tonj North,SS0804,2015,recurring,76533,2015-01-05,2016-01-03,0.0
Warrap,Tonj North,SS0804,2015,unusual,25044,2015-01-05,2016-01-03,0.0
Warrap,Tonj South,SS0805,2015,unusual,453,2015-01-16,2016-01-01,0.0
Warrap,Twic,SS0806,2015,recurring,5169,2015-01-05,2016-01-03,0.0
Warrap,Twic,SS0806,2015,unusual,3001,2015-01-05,2016-01-03,0.0
Western Bahr el Ghazal,Jur River,SS0901,2015,recurring,28,2015-11-25,2015-12-11,0.0
Western Bahr el Ghazal,Jur River,SS0901,2015,unusual,39,2015-10-27,2015-12-16,0.0
Western Bahr el Ghazal,Raja,SS0902,2015,recurring,28,2015-09-20,2015-10-06,0.0
Western Bahr el Ghazal,Raja,SS0902,2015,unusual,489,2015-01-19,2015-12-12,0.0
Western Equatoria,Ibba,SS1002,2015,unusual,15,2015-02-05,2015-12-13,0.0
Western Equatoria,Maridi,SS1003,2015,unusual,29,2015-01-20,2015-11-07,0.0
Western Equatoria,Mundri East,SS1004,2015,unusual,20,2015-11-11,2016-01-01,0.0
Western Equatoria,Mundri West,SS1005,2015,unusual,2,2015-12-04,2015-12-04,0.0
Western Equatoria,Mvolo,SS1006,2015,unusual,25,2015-02-08,2015-11-13,0.0
Western Equatoria,Nagero,SS1007,2015,unusual,6,2015-11-30,2015-12-29,0.0
Western Equatoria,Nzara,SS1008,2015,unusual,4,2015-01-19,2015-01-20,0.0
Western Equatoria,Yambio,SS1010,2015,unusual,17,2015-01-18,2015-12-20,0.0
Abyei Region,Abyei Region,SS0001,2016,unusual,13,2016-05-31,2016-11-15,0.0
Central Equatoria,Juba,SS0101,2016,recurring,629,2016-01-05,2017-01-01,0.0
Central Equatoria,Juba,SS0101,2016,unusual,918,2016-01-05,2017-01-01,0.0
Central Equatoria,Kajo-keji,SS0102,2016,recurring,2,2016-12-11,2016-12-13,0.0
Central Equatoria,Kajo-keji,SS0102,2016,unusual,3,2016-01-07,2016-11-25,0.0
Central Equatoria,Lainya,SS0103,2016,unusual,23,2016-01-24,2016-12-24,0.0
Central Equatoria,Morobo,SS0104,2016,unusual,3,2016-12-24,2016-12-25,0.0
Central Equatoria,Terekeka,SS0105,2016,recurring,31,2016-01-05,2016-12-29,0.0
Central Equatoria,Terekeka,SS0105,2016,unusual,397,2016-01-05,2016-12-31,0.0
Central Equatoria,Yei,SS0106,2016,unusual,21,2016-01-07,2016-12-24,0.0
Eastern Equatoria,Budi,SS0201,2016,unusual,519,2016-01-05,2016-12-24,0.0
Eastern Equatoria,Ikotos,SS0202,2016,unusual,250,2016-01-05,2016-12-26,0.0
Eastern Equatoria,Kapoeta East,SS0203,2016,recurring,848,2016-05-07,2016-12-11,0.0
Eastern Equatoria,Kapoeta East,SS0203,2016,unusual,38394,2016-01-04,2016-12-24,0.0
Eastern Equatoria,Kapoeta North,SS0204,2016,unusual,825,2016-01-07,2016-12-24,0.0
Eastern Equatoria,Kapoeta South,SS0205,2016,unusual,16,2016-11-20,2016-11-24,0.0
Eastern Equatoria,Lafon,SS0206,2016,unusual,5309,2016-01-05,2016-12-27,0.0
Eastern Equatoria,Magwi,SS0207,2016,recurring,3,2016-11-20,2016-12-22,0.0
Eastern Equatoria,Magwi,SS0207,2016,unusual,167,2016-01-04,2016-12-31,0.0
Eastern Equatoria,Torit,SS0208,2016,unusual,205,2016-01-07,2016-12-26,0.0
Jonglei,Akobo,SS0301,2016,recurring,59,2016-08-12,2016-11-27,0.0
Jonglei,Akobo,SS0301,2016,unusual,9824,2016-01-04,2017-01-01,0.0
Jonglei,Ayod,SS0302,2016,recurring,15978,2016-01-04,2017-01-01,0.0
Jonglei,Ayod,SS0302,2016,unusual,13366,2016-01-04,2017-01-01,0.0
Jonglei,Bor South,SS0303,2016,recurring,10524,2016-01-04,2017-01-01,0.0
Jonglei,Bor South,SS0303,2016,unusual,7035,2016-01-04,2017-01-01,0.0
Jonglei,Canal/Pigi,SS0304,2016,recurring,90,2016-01-05,2016-12-31,0.0
Jonglei,Canal/Pigi,SS0304,2016,unusual,185,2016-01-05,2017-01-01,0.0
Jonglei,Duk,SS0305,2016,recurring,20854,2016-01-04,2017-01-01,0.0
Jonglei,Duk,SS0305,2016,unusual,11586,2016-01-04,2017-01-01,0.0
Jonglei,Fangak,SS0306,2016,recurring,3383,2016-01-04,2017-01-01,0.0
Jonglei,Fangak,SS0306,2016,unusual,12920,2016-01-04,2017-01-01,0.0
Jonglei,Nyirol,SS0307,2016,unusual,138,2016-01-04,2016-12-26,0.0
Jonglei,Pibor,SS0308,2016,recurring,34,2016-01-07,2016-12-24,0.0
Jonglei,Pibor,SS0308,2016,unusual,43710,2016-01-04,2017-01-01,0.0
Jonglei,Pochalla,SS0309,2016,recurring,2085,2016-01-04,2017-01-01,0.0
Jonglei,Pochalla,SS0309,2016,unusual,30868,2016-01-04,2017-01-01,0.0
Jonglei,Twic East,SS0310,2016,recurring,8048,2016-01-04,2017-01-01,0.0
Jonglei,Twic East,SS0310,2016,unusual,12768,2016-01-04,2017-01-01,0.0
Jonglei,Uror,SS0311,2016,recurring,20,2016-08-14,2016-08-16,0.0
Jonglei,Uror,SS0311,2016,unusual,7530,2016-01-04,2017-01-01,0.0
Lakes,Awerial,SS0401,2016,recurring,8730,2016-01-04,2017-01-01,0.0
Lakes,Awerial,SS0401,2016,unusual,3344,2016-01-04,2017-01-01,0.0
Lakes,Cueibet,SS0402,2016,recurring,7,2016-10-15,2016-11-02,0.0
Lakes,Cueibet,SS0402,2016,unusual,878,2016-01-04,2017-01-01,0.0
Lakes,Rumbek Centre,SS0403,2016,unusual,459,2016-01-05,2016-12-31,0.0
Lakes,Rumbek East,SS0404,2016,recurring,633,2016-01-05,2016-12-31,0.0
Lakes,Rumbek East,SS0404,2016,unusual,973,2016-01-05,2016-12-31,0.0
Lakes,Rumbek North,SS0405,2016,unusual,1296,2016-01-05,2017-01-01,0.0
Lakes,Wulu,SS0406,2016,recurring,1,2016-08-23,2016-08-23,0.0
Lakes,Wulu,SS0406,2016,unusual,243,2016-05-14,2016-12-25,0.0
Lakes,Yirol East,SS0407,2016,recurring,4488,2016-01-04,2016-12-31,0.0
Lakes,Yirol East,SS0407,2016,unusual,3238,2016-01-04,2017-01-01,0.0
Lakes,Yirol West,SS0408,2016,recurring,639,2016-01-05,2017-01-01,0.0
Lakes,Yirol West,SS0408,2016,unusual,658,2016-01-05,2016-12-31,0.0
Northern Bahr el Ghazal,Aweil Centre,SS0501,2016,recurring,193,2016-08-13,2016-09-13,0.0
Northern Bahr el Ghazal,Aweil Centre,SS0501,2016,unusual,393,2016-08-12,2016-11-30,0.0
Northern Bahr el Ghazal,Aweil East,SS0502,2016,recurring,803,2016-07-15,2016-10-24,0.0
Northern Bahr el Ghazal,Aweil East,SS0502,2016,unusual,704,2016-01-08,2016-12-18,0.0
Northern Bahr el Ghazal,Aweil South,SS0504,2016,recurring,1086,2016-09-08,2016-11-02,0.0
Northern Bahr el Ghazal,Aweil South,SS0504,2016,unusual,15,2016-08-23,2016-10-24,0.0
Northern Bahr el Ghazal,Aweil West,SS0505,2016,recurring,124,2016-08-16,2016-10-31,0.0
Northern Bahr el Ghazal,Aweil West,SS0505,2016,unusual,366,2016-05-15,2016-11-16,0.0
Unity,Abiemnhom,SS0601,2016,unusual,57,2016-01-08,2016-12-24,0.0
Unity,Guit,SS0602,2016,recurring,129,2016-01-05,2016-12-29,0.0
Unity,Guit,SS0602,2016,unusual,3145,2016-01-05,2017-01-01,0.0
Unity,Koch,SS0603,2016,recurring,7286,2016-01-04,2017-01-01,0.0
Unity,Koch,SS0603,2016,unusual,3350,2016-01-05,2016-12-29,0.0
Unity,Leer,SS0604,2016,recurring,630,2016-01-05,2017-01-01,0.0
Unity,Leer,SS0604,2016,unusual,6163,2016-01-05,2016-12-31,0.0
Unity,Mayendit,SS0605,2016,recurring,1357,2016-01-05,2017-01-01,0.0
Unity,Mayendit,SS0605,2016,unusual,18090,2016-01-05,2017-01-01,0.0
Unity,Mayom,SS0606,2016,recurring,17964,2016-01-04,2017-01-01,0.0
Unity,Mayom,SS0606,2016,unusual,5209,2016-01-04,2017-01-01,0.0
Unity,Panyijiar,SS0607,2016,recurring,6951,2016-01-04,2017-01-01,0.0
Unity,Panyijiar,SS0607,2016,unusual,23845,2016-01-04,2017-01-01,0.0
Unity,Pariang,SS0608,2016,recurring,2836,2016-01-04,2017-01-01,0.0
Unity,Pariang,SS0608,2016,unusual,5369,2016-01-04,2017-01-01,0.0
Unity,Rubkona,SS0609,2016,unusual,2607,2016-01-04,2016-12-13,0.0
Upper Nile,Baliet,SS0701,2016,recurring,4219,2016-01-23,2017-01-01,0.0
Upper Nile,Baliet,SS0701,2016,unusual,41551,2016-02-06,2017-01-01,0.0
Upper Nile,Fashoda,SS0702,2016,recurring,23,2016-01-05,2016-12-31,0.0
Upper Nile,Fashoda,SS0702,2016,unusual,105,2016-01-05,2016-12-31,0.0
Upper Nile,Longochuk,SS0703,2016,recurring,66,2016-01-14,2016-12-31,0.0
Upper Nile,Longochuk,SS0703,2016,unusual,3987,2016-01-04,2017-01-01,0.0
Upper Nile,Luakpiny/Nasir,SS0704,2016,recurring,2453,2016-01-05,2017-01-01,0.0
Upper Nile,Luakpiny/Nasir,SS0704,2016,unusual,8370,2016-01-04,2017-01-01,0.0
Upper Nile,Maban,SS0705,2016,recurring,32,2016-12-09,2016-12-20,0.0
Upper Nile,Maban,SS0705,2016,unusual,7485,2016-01-08,2017-01-01,0.0
Upper Nile,Maiwut,SS0706,2016,unusual,2662,2016-01-04,2017-01-01,0.0
Upper Nile,Malakal,SS0707,2016,recurring,8,2016-11-22,2016-12-22,0.0
Upper Nile,Malakal,SS0707,2016,unusual,211,2016-01-05,2016-12-22,0.0
Upper Nile,Melut,SS0709,2016,unusual,7,2016-05-14,2016-05-19,0.0
Upper Nile,Panyikang,SS0710,2016,recurring,335,2016-01-05,2016-12-31,0.0
Upper Nile,Panyikang,SS0710,2016,unusual,2642,2016-01-05,2017-01-01,0.0
Upper Nile,Ulang,SS0712,2016,recurring,1173,2016-01-05,2016-12-31,0.0
Upper Nile,Ulang,SS0712,2016,unusual,3800,2016-01-04,2017-01-01,0.0
Warrap,Gogrial East,SS0801,2016,recurring,719,2016-01-05,2017-01-01,0.0
Warrap,Gogrial East,SS0801,2016,unusual,4692,2016-01-05,2017-01-01,0.0
Warrap,Gogrial West,SS0802,2016,recurring,909,2016-08-12,2016-11-27,0.0
Warrap,Gogrial West,SS0802,2016,unusual,1007,2016-07-27,2016-12-18,0.0
Warrap,Tonj East,SS0803,2016,unusual,394,2016-01-05,2017-01-01,0.0
Warrap,Tonj North,SS0804,2016,recurring,73602,2016-01-05,2017-01-01,0.0
Warrap,Tonj North,SS0804,2016,unusual,19487,2016-01-05,2017-01-01,0.0
Warrap,Tonj South,SS0805,2016,recurring,4,2016-10-01,2016-10-08,0.0
Warrap,Tonj South,SS0805,2016,unusual,328,2016-01-30,2016-12-22,0.0
Warrap,Twic,SS0806,2016,recurring,4242,2016-01-04,2017-01-01,0.0
Warrap,Twic,SS0806,2016,unusual,10104,2016-01-04,2017-01-01,0.0
Western Bahr el Ghazal,Jur River,SS0901,2016,recurring,49,2016-08-17,2016-11-25,0.0
Western Bahr el Ghazal,Jur River,SS0901,2016,unusual,91,2016-04-08,2016-12-06,0.0
Western Bahr el Ghazal,Raja,SS0902,2016,unusual,26,2016-04-10,2016-12-15,0.0
Western Bahr el Ghazal,Wau,SS0903,2016,unusual,104,2016-04-10,2016-12-08,0.0
Western Equatoria,Ezo,SS1001,2016,unusual,11,2016-11-22,2016-12-15,0.0
Western Equatoria,Ibba,SS1002,2016,unusual,6,2016-01-17,2016-12-06,0.0
Western Equatoria,Maridi,SS1003,2016,unusual,2,2016-12-11,2016-12-25,0.0
Western Equatoria,Mundri East,SS1004,2016,unusual,23,2016-02-18,2016-12-24,0.0
Western Equatoria,Mundri West,SS1005,2016,unusual,21,2016-04-10,2016-12-23,0.0
Western Equatoria,Mvolo,SS1006,2016,unusual,64,2016-08-16,2016-12-25,0.0
Western Equatoria,Nagero,SS1007,2016,unusual,21,2016-11-09,2016-12-04,0.0
Western Equatoria,Nzara,SS1008,2016,unusual,33,2016-11-11,2016-12-15,0.0
Western Equatoria,Tambura,SS1009,2016,unusual,27,2016-12-13,2016-12-25,0.0
Western Equatoria,Yambio,SS1010,2016,unusual,18,2016-01-08,2016-12-25,0.0
Abyei Region,Abyei Region,SS0001,2017,unusual,12,2017-05-01,2017-12-07,0.0
Central Equatoria,Juba,SS0101,2017,recurring,577,2017-01-02,2017-12-30,0.0
Central Equatoria,Juba,SS0101,2017,unusual,563,2017-01-02,2017-12-30,0.0
Central Equatoria,Kajo-keji,SS0102,2017,recurring,5,2017-01-07,2017-12-30,0.0
Central Equatoria,Kajo-keji,SS0102,2017,unusual,19,2017-01-27,2017-12-30,0.0
Central Equatoria,Lainya,SS0103,2017,unusual,13,2017-11-30,2017-12-03,0.0
Central Equatoria,Morobo,SS0104,2017,unusual,2,2017-12-02,2017-12-02,0.0
Central Equatoria,Terekeka,SS0105,2017,recurring,30,2017-01-05,2017-12-23,0.0
Central Equatoria,Terekeka,SS0105,2017,unusual,10890,2017-01-05,2017-12-23,0.0
Central Equatoria,Yei,SS0106,2017,unusual,39,2017-01-23,2017-12-03,0.0
Eastern Equatoria,Budi,SS0201,2017,unusual,222,2017-02-06,2017-12-31,0.0
Eastern Equatoria,Ikotos,SS0202,2017,unusual,114,2017-02-06,2017-12-30,0.0
Eastern Equatoria,Kapoeta East,SS0203,2017,recurring,128,2017-05-05,2017-11-29,0.0
Eastern Equatoria,Kapoeta East,SS0203,2017,unusual,4322,2017-01-05,2017-12-29,0.0
Eastern Equatoria,Kapoeta North,SS0204,2017,unusual,614,2017-03-24,2017-12-31,0.0
Eastern Equatoria,Kapoeta South,SS0205,2017,unusual,23,2017-05-16,2017-06-27,0.0
Eastern Equatoria,Lafon,SS0206,2017,unusual,43817,2017-01-05,2017-12-31,0.0
Eastern Equatoria,Magwi,SS0207,2017,recurring,4,2017-01-07,2017-12-25,0.0
Eastern Equatoria,Magwi,SS0207,2017,unusual,150,2017-01-16,2017-12-31,0.0
Eastern Equatoria,Torit,SS0208,2017,unusual,125,2017-01-24,2017-12-31,0.0
Jonglei,Akobo,SS0301,2017,recurring,525,2017-11-07,2017-12-31,0.0
Jonglei,Akobo,SS0301,2017,unusual,29351,2017-01-02,2017-12-31,0.0
Jonglei,Ayod,SS0302,2017,recurring,12412,2017-01-02,2017-12-31,0.0
Jonglei,Ayod,SS0302,2017,unusual,7505,2017-01-02,2017-12-31,0.0
Jonglei,Bor South,SS0303,2017,recurring,7612,2017-01-02,2017-12-31,0.0
Jonglei,Bor South,SS0303,2017,unusual,16559,2017-01-02,2017-12-31,0.0
Jonglei,Canal/Pigi,SS0304,2017,recurring,56,2017-01-05,2017-12-30,0.0
Jonglei,Canal/Pigi,SS0304,2017,unusual,57,2017-01-02,2017-12-30,0.0
Jonglei,Duk,SS0305,2017,recurring,15072,2017-01-02,2017-12-31,0.0
Jonglei,Duk,SS0305,2017,unusual,6421,2017-01-02,2017-12-31,0.0
Jonglei,Fangak,SS0306,2017,recurring,2360,2017-01-02,2017-12-31,0.0
Jonglei,Fangak,SS0306,2017,unusual,4029,2017-01-02,2017-12-31,0.0
Jonglei,Nyirol,SS0307,2017,unusual,9,2017-01-09,2017-01-21,0.0
Jonglei,Pibor,SS0308,2017,recurring,26,2017-01-07,2017-12-27,0.0
Jonglei,Pibor,SS0308,2017,unusual,24075,2017-01-02,2017-12-31,0.0
Jonglei,Pochalla,SS0309,2017,recurring,1495,2017-01-02,2017-12-31,0.0
Jonglei,Pochalla,SS0309,2017,unusual,19010,2017-01-02,2017-12-31,0.0
Jonglei,Twic East,SS0310,2017,recurring,5791,2017-01-02,2017-12-31,0.0
Jonglei,Twic East,SS0310,2017,unusual,8165,2017-01-02,2017-12-31,0.0
Jonglei,Uror,SS0311,2017,unusual,548,2017-01-14,2017-12-30,0.0
Lakes,Awerial,SS0401,2017,recurring,7126,2017-01-02,2017-12-31,0.0
Lakes,Awerial,SS0401,2017,unusual,966,2017-01-02,2017-12-30,0.0
Lakes,Cueibet,SS0402,2017,unusual,435,2017-01-09,2017-12-31,0.0
Lakes,Rumbek Centre,SS0403,2017,unusual,1072,2017-01-09,2017-12-31,0.0
Lakes,Rumbek East,SS0404,2017,recurring,225,2017-01-05,2017-12-30,0.0
Lakes,Rumbek East,SS0404,2017,unusual,648,2017-01-03,2017-12-23,0.0
Lakes,Rumbek North,SS0405,2017,unusual,1301,2017-01-02,2017-12-31,0.0
Lakes,Wulu,SS0406,2017,unusual,137,2017-04-02,2017-12-21,0.0
Lakes,Yirol East,SS0407,2017,recurring,3460,2017-01-02,2017-12-31,0.0
Lakes,Yirol East,SS0407,2017,unusual,1714,2017-01-02,2017-12-31,0.0
Lakes,Yirol West,SS0408,2017,recurring,418,2017-01-02,2017-12-31,0.0
Lakes,Yirol West,SS0408,2017,unusual,223,2017-01-05,2017-12-30,0.0
Northern Bahr el Ghazal,Aweil Centre,SS0501,2017,recurring,4,2017-10-20,2017-10-20,0.0
Northern Bahr el Ghazal,Aweil Centre,SS0501,2017,unusual,52,2017-01-12,2017-12-21,0.0
Northern Bahr el Ghazal,Aweil East,SS0502,2017,recurring,227,2017-09-25,2017-12-07,0.0
Northern Bahr el Ghazal,Aweil East,SS0502,2017,unusual,321,2017-09-25,2017-12-30,0.0
Northern Bahr el Ghazal,Aweil North,SS0503,2017,unusual,3,2017-11-14,2017-11-15,0.0
Northern Bahr el Ghazal,Aweil South,SS0504,2017,recurring,1095,2017-10-20,2017-12-23,0.0
Northern Bahr el Ghazal,Aweil South,SS0504,2017,unusual,862,2017-10-20,2017-12-21,0.0
Northern Bahr el Ghazal,Aweil West,SS0505,2017,unusual,18,2017-05-22,2017-10-24,0.0
Unity,Abiemnhom,SS0601,2017,unusual,6,2017-05-01,2017-12-04,0.0
Unity,Guit,SS0602,2017,recurring,94,2017-01-02,2017-12-23,0.0
Unity,Guit,SS0602,2017,unusual,494,2017-01-03,2017-12-31,0.0
Unity,Koch,SS0603,2017,recurring,9071,2017-01-02,2017-12-31,0.0
Unity,Koch,SS0603,2017,unusual,1239,2017-01-03,2017-12-31,0.0
Unity,Leer,SS0604,2017,recurring,353,2017-01-02,2017-12-30,0.0
Unity,Leer,SS0604,2017,unusual,1823,2017-01-05,2017-12-23,0.0
Unity,Mayendit,SS0605,2017,recurring,221,2017-01-02,2017-12-30,0.0
Unity,Mayendit,SS0605,2017,unusual,605,2017-01-02,2017-12-30,0.0
Unity,Mayom,SS0606,2017,recurring,24614,2017-01-02,2017-12-31,0.0
Unity,Mayom,SS0606,2017,unusual,1672,2017-01-02,2017-12-31,0.0
Unity,Panyijiar,SS0607,2017,recurring,4220,2017-01-02,2017-12-31,0.0
Unity,Panyijiar,SS0607,2017,unusual,7199,2017-01-02,2017-12-31,0.0
Unity,Pariang,SS0608,2017,recurring,2439,2017-01-02,2017-12-31,0.0
Unity,Pariang,SS0608,2017,unusual,2810,2017-01-02,2017-12-31,0.0
Unity,Rubkona,SS0609,2017,unusual,1,2017-12-03,2017-12-03,0.0
Upper Nile,Baliet,SS0701,2017,recurring,3234,2017-01-02,2017-12-18,0.0
Upper Nile,Baliet,SS0701,2017,unusual,39042,2017-01-02,2017-12-31,0.0
Upper Nile,Fashoda,SS0702,2017,recurring,12,2017-01-07,2017-12-18,0.0
Upper Nile,Fashoda,SS0702,2017,unusual,45,2017-01-07,2017-12-25,0.0
Upper Nile,Longochuk,SS0703,2017,recurring,56,2017-01-02,2017-12-27,0.0
Upper Nile,Longochuk,SS0703,2017,unusual,5361,2017-01-02,2017-12-31,0.0
Upper Nile,Luakpiny/Nasir,SS0704,2017,recurring,356,2017-01-02,2017-12-31,0.0
Upper Nile,Luakpiny/Nasir,SS0704,2017,unusual,20981,2017-01-02,2017-12-31,0.0
Upper Nile,Maban,SS0705,2017,recurring,8,2017-12-16,2017-12-22,0.0
Upper Nile,Maban,SS0705,2017,unusual,2147,2017-01-02,2017-12-31,0.0
Upper Nile,Maiwut,SS0706,2017,unusual,338,2017-01-02,2017-12-07,0.0
Upper Nile,Malakal,SS0707,2017,recurring,11,2017-01-07,2017-12-18,0.0
Upper Nile,Malakal,SS0707,2017,unusual,58,2017-01-07,2017-12-30,0.0
Upper Nile,Melut,SS0709,2017,unusual,6,2017-01-03,2017-01-05,0.0
Upper Nile,Panyikang,SS0710,2017,recurring,241,2017-01-03,2017-12-30,0.0
Upper Nile,Panyikang,SS0710,2017,unusual,378,2017-01-02,2017-12-30,0.0
Upper Nile,Ulang,SS0712,2017,recurring,954,2017-01-02,2017-12-31,0.0
Upper Nile,Ulang,SS0712,2017,unusual,6268,2017-01-02,2017-12-31,0.0
Warrap,Gogrial East,SS0801,2017,recurring,752,2017-01-02,2017-12-30,0.0
Warrap,Gogrial East,SS0801,2017,unusual,1746,2017-01-02,2017-12-31,0.0
Warrap,Gogrial West,SS0802,2017,recurring,111,2017-10-04,2017-11-12,0.0
Warrap,Gogrial West,SS0802,2017,unusual,480,2017-01-12,2017-11-12,0.0
Warrap,Tonj East,SS0803,2017,unusual,723,2017-01-05,2017-12-31,0.0
Warrap,Tonj North,SS0804,2017,recurring,66764,2017-01-02,2017-12-31,0.0
Warrap,Tonj North,SS0804,2017,unusual,12794,2017-01-02,2017-12-30,0.0
Warrap,Tonj South,SS0805,2017,recurring,27,2017-09-25,2017-11-21,0.0
Warrap,Tonj South,SS0805,2017,unusual,135,2017-01-05,2017-12-31,0.0
Warrap,Twic,SS0806,2017,recurring,2081,2017-01-02,2017-12-31,0.0
Warrap,Twic,SS0806,2017,unusual,1082,2017-01-03,2017-12-30,0.0
Western Bahr el Ghazal,Jur River,SS0901,2017,recurring,330,2017-10-02,2017-11-12,0.0
Western Bahr el Ghazal,Jur River,SS0901,2017,unusual,193,2017-03-19,2017-11-12,0.0
Western Bahr el Ghazal,Raja,SS0902,2017,unusual,180,2017-05-21,2017-11-14,0.0
Western Bahr el Ghazal,Wau,SS0903,2017,recurring,7,2017-10-02,2017-10-25,0.0
Western Bahr el Ghazal,Wau,SS0903,2017,unusual,68,2017-10-02,2017-12-21,0.0
Western Equatoria,Ezo,SS1001,2017,unusual,2,2017-12-21,2017-12-21,0.0
Western Equatoria,Ibba,SS1002,2017,unusual,71,2017-03-27,2017-12-21,0.0
Western Equatoria,Maridi,SS1003,2017,unusual,18,2017-03-27,2017-12-21,0.0
Western Equatoria,Mundri East,SS1004,2017,unusual,82,2017-01-27,2017-12-21,0.0
Western Equatoria,Mundri West,SS1005,2017,unusual,17,2017-03-12,2017-12-21,0.0
Western Equatoria,Mvolo,SS1006,2017,unusual,22,2017-04-29,2017-12-21,0.0
Western Equatoria,Nagero,SS1007,2017,unusual,1,2017-12-21,2017-12-21,0.0
Western Equatoria,Nzara,SS1008,2017,unusual,24,2017-02-08,2017-12-21,0.0
Western Equatoria,Tambura,SS1009,2017,unusual,2,2017-12-22,2017-12-23,0.0
Western Equatoria,Yambio,SS1010,2017,unusual,101,2017-01-28,2017-12-21,0.0
Abyei Region,Abyei Region,SS0001,2018,unusual,73,2018-01-19,2018-12-17,0.0
Central Equatoria,Juba,SS0101,2018,recurring,664,2018-01-01,2019-01-06,0.0
Central Equatoria,Juba,SS0101,2018,unusual,1144,2018-01-01,2019-01-06,0.0
Central Equatoria,Kajo-keji,SS0102,2018,recurring,4,2018-11-19,2018-11-26,0.0
Central Equatoria,Kajo-keji,SS0102,2018,unusual,25,2018-01-01,2018-12-28,0.0
Central Equatoria,Lainya,SS0103,2018,unusual,180,2018-10-13,2019-01-06,0.0
Central Equatoria,Terekeka,SS0105,2018,recurring,41,2018-01-01,2018-12-28,0.0
Central Equatoria,Terekeka,SS0105,2018,unusual,1297,2018-01-10,2019-01-02,0.0
Central Equatoria,Yei,SS0106,2018,unusual,148,2018-02-11,2019-01-06,0.0
Eastern Equatoria,Budi,SS0201,2018,unusual,427,2018-01-10,2019-01-02,0.0
Eastern Equatoria,Ikotos,SS0202,2018,unusual,209,2018-02-06,2019-01-04,0.0
Eastern Equatoria,Kapoeta East,SS0203,2018,recurring,964,2018-04-20,2018-12-26,0.0
Eastern Equatoria,Kapoeta East,SS0203,2018,unusual,32698,2018-01-12,2019-01-06,0.0
Eastern Equatoria,Kapoeta North,SS0204,2018,unusual,539,2018-01-10,2019-01-05,0.0
Eastern Equatoria,Kapoeta South,SS0205,2018,unusual,10,2018-10-22,2018-12-30,0.0
Eastern Equatoria,Lafon,SS0206,2018,unusual,2116,2018-01-10,2019-01-04,0.0
Eastern Equatoria,Magwi,SS0207,2018,recurring,6,2018-01-01,2018-12-28,0.0
Eastern Equatoria,Magwi,SS0207,2018,unusual,101,2018-01-01,2018-12-30,0.0
Eastern Equatoria,Torit,SS0208,2018,unusual,419,2018-01-01,2019-01-04,0.0
Jonglei,Akobo,SS0301,2018,recurring,94,2018-01-01,2018-12-19,0.0
Jonglei,Akobo,SS0301,2018,unusual,18300,2018-01-01,2019-01-06,0.0
Jonglei,Ayod,SS0302,2018,recurring,13036,2018-01-01,2019-01-06,0.0
Jonglei,Ayod,SS0302,2018,unusual,8366,2018-01-01,2019-01-06,0.0
Jonglei,Bor South,SS0303,2018,recurring,8687,2018-01-01,2019-01-06,0.0
Jonglei,Bor South,SS0303,2018,unusual,4395,2018-01-01,2019-01-06,0.0
Jonglei,Canal/Pigi,SS0304,2018,recurring,51,2018-01-10,2019-01-06,0.0
Jonglei,Canal/Pigi,SS0304,2018,unusual,205,2018-01-10,2019-01-06,0.0
Jonglei,Duk,SS0305,2018,recurring,21130,2018-01-01,2019-01-06,0.0
Jonglei,Duk,SS0305,2018,unusual,7674,2018-01-01,2019-01-06,0.0
Jonglei,Fangak,SS0306,2018,recurring,2428,2018-01-01,2019-01-06,0.0
Jonglei,Fangak,SS0306,2018,unusual,3951,2018-01-08,2019-01-06,0.0
Jonglei,Nyirol,SS0307,2018,unusual,1050,2018-11-18,2018-12-26,0.0
Jonglei,Pibor,SS0308,2018,recurring,33,2018-01-12,2018-12-28,0.0
Jonglei,Pibor,SS0308,2018,unusual,24227,2018-01-01,2019-01-06,0.0
Jonglei,Pochalla,SS0309,2018,recurring,1501,2018-01-01,2019-01-06,0.0
Jonglei,Pochalla,SS0309,2018,unusual,23193,2018-01-01,2019-01-06,0.0
Jonglei,Twic East,SS0310,2018,recurring,6814,2018-01-01,2019-01-06,0.0
Jonglei,Twic East,SS0310,2018,unusual,14908,2018-01-01,2019-01-06,0.0
Jonglei,Uror,SS0311,2018,unusual,2111,2018-01-01,2019-01-06,0.0
Lakes,Awerial,SS0401,2018,recurring,7436,2018-01-01,2019-01-06,0.0
Lakes,Awerial,SS0401,2018,unusual,1339,2018-01-01,2019-01-06,0.0
Lakes,Cueibet,SS0402,2018,unusual,591,2018-01-01,2019-01-04,0.0
Lakes,Rumbek Centre,SS0403,2018,unusual,817,2018-01-01,2019-01-02,0.0
Lakes,Rumbek East,SS0404,2018,recurring,282,2018-01-01,2019-01-06,0.0
Lakes,Rumbek East,SS0404,2018,unusual,224,2018-01-08,2018-12-30,0.0
Lakes,Rumbek North,SS0405,2018,unusual,1812,2018-01-01,2019-01-04,0.0
Lakes,Wulu,SS0406,2018,unusual,87,2018-02-21,2019-01-02,0.0
Lakes,Yirol East,SS0407,2018,recurring,3716,2018-01-01,2019-01-06,0.0
Lakes,Yirol East,SS0407,2018,unusual,1790,2018-01-01,2019-01-06,0.0
Lakes,Yirol West,SS0408,2018,recurring,373,2018-01-01,2019-01-06,0.0
Lakes,Yirol West,SS0408,2018,unusual,1146,2018-01-01,2019-01-04,0.0
Northern Bahr el Ghazal,Aweil Centre,SS0501,2018,unusual,8,2018-01-24,2018-10-25,0.0
Northern Bahr el Ghazal,Aweil East,SS0502,2018,recurring,4794,2018-08-04,2018-11-06,0.0
Northern Bahr el Ghazal,Aweil East,SS0502,2018,unusual,1161,2018-03-22,2018-12-21,0.0
Northern Bahr el Ghazal,Aweil North,SS0503,2018,recurring,107,2018-09-01,2018-09-28,0.0
Northern Bahr el Ghazal,Aweil North,SS0503,2018,unusual,62,2018-09-01,2018-10-23,0.0
Northern Bahr el Ghazal,Aweil South,SS0504,2018,recurring,1260,2018-10-02,2018-11-06,0.0
Northern Bahr el Ghazal,Aweil South,SS0504,2018,unusual,4,2018-09-28,2018-10-23,0.0
Northern Bahr el Ghazal,Aweil West,SS0505,2018,recurring,50,2018-09-12,2018-10-14,0.0
Northern Bahr el Ghazal,Aweil West,SS0505,2018,unusual,163,2018-08-11,2018-10-25,0.0
Unity,Abiemnhom,SS0601,2018,unusual,64,2018-04-17,2018-12-06,0.0
Unity,Guit,SS0602,2018,recurring,215,2018-01-08,2019-01-06,0.0
Unity,Guit,SS0602,2018,unusual,3280,2018-01-08,2019-01-04,0.0
Unity,Koch,SS0603,2018,recurring,8417,2018-01-01,2019-01-06,0.0
Unity,Koch,SS0603,2018,unusual,5617,2018-01-01,2019-01-06,0.0
Unity,Leer,SS0604,2018,recurring,291,2018-01-01,2019-01-04,0.0
Unity,Leer,SS0604,2018,unusual,2100,2018-01-08,2019-01-04,0.0
Unity,Mayendit,SS0605,2018,recurring,260,2018-01-01,2019-01-04,0.0
Unity,Mayendit,SS0605,2018,unusual,2895,2018-01-01,2019-01-06,0.0
Unity,Mayom,SS0606,2018,recurring,22455,2018-01-01,2019-01-06,0.0
Unity,Mayom,SS0606,2018,unusual,1028,2018-01-01,2019-01-06,0.0
Unity,Panyijiar,SS0607,2018,recurring,4287,2018-01-01,2019-01-06,0.0
Unity,Panyijiar,SS0607,2018,unusual,7162,2018-01-01,2019-01-06,0.0
Unity,Pariang,SS0608,2018,recurring,2855,2018-01-01,2019-01-06,0.0
Unity,Pariang,SS0608,2018,unusual,10647,2018-01-01,2019-01-06,0.0
Unity,Rubkona,SS0609,2018,unusual,96,2018-01-12,2019-01-02,0.0
Upper Nile,Baliet,SS0701,2018,recurring,6,2018-01-10,2018-12-19,0.0
Upper Nile,Baliet,SS0701,2018,unusual,804,2018-01-01,2019-01-06,0.0
Upper Nile,Fashoda,SS0702,2018,recurring,17,2018-01-01,2019-01-06,0.0
Upper Nile,Fashoda,SS0702,2018,unusual,174,2018-01-10,2019-01-06,0.0
Upper Nile,Longochuk,SS0703,2018,recurring,31,2018-01-10,2019-01-06,0.0
Upper Nile,Longochuk,SS0703,2018,unusual,9957,2018-01-01,2019-01-06,0.0
Upper Nile,Luakpiny/Nasir,SS0704,2018,recurring,1420,2018-01-01,2019-01-06,0.0
Upper Nile,Luakpiny/Nasir,SS0704,2018,unusual,57488,2018-01-01,2019-01-06,0.0
Upper Nile,Maban,SS0705,2018,recurring,25,2018-12-14,2019-01-06,0.0
Upper Nile,Maban,SS0705,2018,unusual,4033,2018-01-06,2019-01-06,0.0
Upper Nile,Maiwut,SS0706,2018,unusual,300,2018-01-10,2019-01-06,0.0
Upper Nile,Malakal,SS0707,2018,recurring,7,2018-01-10,2019-01-04,0.0
Upper Nile,Malakal,SS0707,2018,unusual,53,2018-01-19,2019-01-06,0.0
Upper Nile,Melut,SS0709,2018,unusual,13,2018-05-29,2018-05-30,0.0
Upper Nile,Panyikang,SS0710,2018,recurring,340,2018-01-01,2019-01-06,0.0
Upper Nile,Panyikang,SS0710,2018,unusual,1079,2018-01-01,2019-01-06,0.0
Upper Nile,Ulang,SS0712,2018,recurring,5352,2018-01-01,2019-01-06,0.0
Upper Nile,Ulang,SS0712,2018,unusual,25183,2018-01-01,2019-01-06,0.0
Warrap,Gogrial East,SS0801,2018,recurring,781,2018-01-01,2019-01-06,0.0
Warrap,Gogrial East,SS0801,2018,unusual,3537,2018-01-01,2019-01-06,0.0
Warrap,Gogrial West,SS0802,2018,recurring,1165,2018-08-31,2018-11-24,0.0
Warrap,Gogrial West,SS0802,2018,unusual,470,2018-03-22,2018-11-08,0.0
Warrap,Tonj East,SS0803,2018,unusual,3082,2018-01-01,2019-01-04,0.0
Warrap,Tonj North,SS0804,2018,recurring,57985,2018-01-01,2019-01-06,0.0
Warrap,Tonj North,SS0804,2018,unusual,4833,2018-01-06,2019-01-04,0.0
Warrap,Tonj South,SS0805,2018,unusual,157,2018-01-01,2018-12-26,0.0
Warrap,Twic,SS0806,2018,recurring,3193,2018-01-01,2019-01-06,0.0
Warrap,Twic,SS0806,2018,unusual,1597,2018-01-06,2019-01-02,0.0
Western Bahr el Ghazal,Jur River,SS0901,2018,recurring,5,2018-09-12,2018-09-12,0.0
Western Bahr el Ghazal,Jur River,SS0901,2018,unusual,8,2018-10-23,2018-11-06,0.0
Western Bahr el Ghazal,Raja,SS0902,2018,recurring,2,2018-09-10,2018-09-11,0.0
Western Bahr el Ghazal,Raja,SS0902,2018,unusual,133,2018-04-30,2018-12-08,0.0
Western Bahr el Ghazal,Wau,SS0903,2018,unusual,38,2018-11-03,2018-12-03,0.0
Western Equatoria,Ezo,SS1001,2018,unusual,100,2018-11-06,2018-12-29,0.0
Western Equatoria,Ibba,SS1002,2018,unusual,42,2018-01-06,2018-12-30,0.0
Western Equatoria,Maridi,SS1003,2018,unusual,61,2018-10-21,2019-01-02,0.0
Western Equatoria,Mundri East,SS1004,2018,unusual,80,2018-10-23,2018-12-16,0.0
Western Equatoria,Mundri West,SS1005,2018,unusual,115,2018-03-23,2019-01-02,0.0
Western Equatoria,Mvolo,SS1006,2018,unusual,77,2018-10-21,2018-12-15,0.0
Western Equatoria,Nagero,SS1007,2018,unusual,59,2018-11-18,2018-12-05,0.0
Western Equatoria,Nzara,SS1008,2018,unusual,69,2018-11-19,2018-12-15,0.0
Western Equatoria,Tambura,SS1009,2018,unusual,17,2018-11-21,2018-12-21,0.0
Western Equatoria,Yambio,SS1010,2018,unusual,22,2018-02-13,2019-01-06,0.0
Abyei Region,Abyei Region,SS0001,2019,unusual,1711,2019-09-24,2020-01-01,0.0
Central Equatoria,Juba,SS0101,2019,recurring,490,2019-01-07,2020-01-05,0.0
Central Equatoria,Juba,SS0101,2019,unusual,357,2019-01-07,2020-01-05,0.0
Central Equatoria,Kajo-keji,SS0102,2019,recurring,2,2019-12-13,2019-12-15,0.0
Central Equatoria,Kajo-keji,SS0102,2019,unusual,20,2019-01-17,2019-02-23,0.0
Central Equatoria,Lainya,SS0103,2019,unusual,35,2019-01-07,2019-03-13,0.0
Central Equatoria,Morobo,SS0104,2019,unusual,5,2019-01-17,2020-01-02,0.0
Central Equatoria,Terekeka,SS0105,2019,recurring,37,2019-01-13,2020-01-02,0.0
Central Equatoria,Terekeka,SS0105,2019,unusual,21,2019-03-20,2020-01-04,0.0
Central Equatoria,Yei,SS0106,2019,unusual,219,2019-01-07,2019-04-05,0.0
Eastern Equatoria,Budi,SS0201,2019,unusual,191,2019-01-10,2020-01-05,0.0
Eastern Equatoria,Ikotos,SS0202,2019,unusual,61,2019-02-16,2020-01-05,0.0
Eastern Equatoria,Kapoeta East,SS0203,2019,recurring,42,2019-10-25,2019-12-12,0.0
Eastern Equatoria,Kapoeta East,SS0203,2019,unusual,2183,2019-01-08,2020-01-05,0.0
Eastern Equatoria,Kapoeta North,SS0204,2019,unusual,524,2019-02-15,2020-01-02,0.0
Eastern Equatoria,Kapoeta South,SS0205,2019,unusual,91,2019-03-22,2020-01-02,0.0
Eastern Equatoria,Lafon,SS0206,2019,unusual,1273,2019-01-11,2020-01-05,0.0
Eastern Equatoria,Magwi,SS0207,2019,recurring,5,2019-01-13,2019-12-31,0.0
Eastern Equatoria,Magwi,SS0207,2019,unusual,112,2019-01-11,2020-01-02,0.0
Eastern Equatoria,Torit,SS0208,2019,unusual,63,2019-02-15,2020-01-03,0.0
Jonglei,Akobo,SS0301,2019,recurring,1165,2019-10-15,2020-01-04,0.0
Jonglei,Akobo,SS0301,2019,unusual,3155,2019-01-07,2020-01-04,0.0
Jonglei,Ayod,SS0302,2019,recurring,10927,2019-01-07,2020-01-05,0.0
Jonglei,Ayod,SS0302,2019,unusual,5302,2019-01-07,2020-01-05,0.0
Jonglei,Bor South,SS0303,2019,recurring,7748,2019-01-07,2020-01-05,0.0
Jonglei,Bor South,SS0303,2019,unusual,2076,2019-01-07,2020-01-05,0.0
Jonglei,Canal/Pigi,SS0304,2019,recurring,79,2019-01-13,2020-01-05,0.0
Jonglei,Canal/Pigi,SS0304,2019,unusual,54,2019-01-12,2020-01-02,0.0
Jonglei,Duk,SS0305,2019,recurring,16965,2019-01-07,2020-01-05,0.0
Jonglei,Duk,SS0305,2019,unusual,1932,2019-01-07,2020-01-05,0.0
Jonglei,Fangak,SS0306,2019,recurring,1905,2019-01-07,2020-01-05,0.0
Jonglei,Fangak,SS0306,2019,unusual,2951,2019-01-07,2020-01-05,0.0
Jonglei,Nyirol,SS0307,2019,unusual,124,2019-01-20,2020-01-03,0.0
Jonglei,Pibor,SS0308,2019,recurring,96,2019-01-15,2020-01-04,0.0
Jonglei,Pibor,SS0308,2019,unusual,2350,2019-01-07,2020-01-04,0.0
Jonglei,Pochalla,SS0309,2019,recurring,530,2019-01-07,2020-01-04,0.0
Jonglei,Pochalla,SS0309,2019,unusual,1873,2019-01-07,2020-01-04,0.0
Jonglei,Twic East,SS0310,2019,recurring,5298,2019-01-07,2020-01-05,0.0
Jonglei,Twic East,SS0310,2019,unusual,4501,2019-01-07,2020-01-05,0.0
Jonglei,Uror,SS0311,2019,recurring,41,2019-08-29,2019-09-04,0.0
Jonglei,Uror,SS0311,2019,unusual,948,2019-01-07,2019-07-17,0.0
Lakes,Awerial,SS0401,2019,recurring,5761,2019-01-07,2020-01-05,0.0
Lakes,Awerial,SS0401,2019,unusual,515,2019-01-07,2020-01-05,0.0
Lakes,Cueibet,SS0402,2019,recurring,1,2019-10-26,2019-10-26,0.0
Lakes,Cueibet,SS0402,2019,unusual,3271,2019-10-17,2020-01-05,0.0
Lakes,Rumbek Centre,SS0403,2019,unusual,45,2019-01-11,2019-12-22,0.0
Lakes,Rumbek East,SS0404,2019,recurring,252,2019-01-07,2020-01-05,0.0
Lakes,Rumbek East,SS0404,2019,unusual,303,2019-01-11,2020-01-01,0.0
Lakes,Rumbek North,SS0405,2019,unusual,1937,2019-01-07,2020-01-05,0.0
Lakes,Wulu,SS0406,2019,recurring,1,2019-10-26,2019-10-26,0.0
Lakes,Wulu,SS0406,2019,unusual,98,2019-02-26,2019-12-15,0.0
Lakes,Yirol East,SS0407,2019,recurring,2569,2019-01-07,2020-01-05,0.0
Lakes,Yirol East,SS0407,2019,unusual,849,2019-01-07,2020-01-05,0.0
Lakes,Yirol West,SS0408,2019,recurring,136,2019-01-07,2020-01-05,0.0
Lakes,Yirol West,SS0408,2019,unusual,119,2019-01-07,2020-01-05,0.0
Northern Bahr el Ghazal,Aweil Centre,SS0501,2019,unusual,112,2019-02-26,2019-12-27,0.0
Northern Bahr el Ghazal,Aweil East,SS0502,2019,recurring,2741,2019-08-30,2019-12-04,0.0
Northern Bahr el Ghazal,Aweil East,SS0502,2019,unusual,1674,2019-06-07,2020-01-05,0.0
Northern Bahr el Ghazal,Aweil North,SS0503,2019,unusual,151,2019-06-08,2019-12-24,0.0
Northern Bahr el Ghazal,Aweil South,SS0504,2019,recurring,447,2019-09-08,2019-12-29,0.0
Northern Bahr el Ghazal,Aweil South,SS0504,2019,unusual,167,2019-09-15,2019-12-29,0.0
Northern Bahr el Ghazal,Aweil West,SS0505,2019,recurring,70,2019-08-07,2019-10-30,0.0
Northern Bahr el Ghazal,Aweil West,SS0505,2019,unusual,3264,2019-06-07,2019-12-11,0.0
Unity,Abiemnhom,SS0601,2019,unusual,12,2019-08-07,2020-01-05,0.0
Unity,Guit,SS0602,2019,recurring,201,2019-01-08,2020-01-05,0.0
Unity,Guit,SS0602,2019,unusual,661,2019-01-08,2019-12-25,0.0
Unity,Koch,SS0603,2019,recurring,5739,2019-01-07,2020-01-05,0.0
Unity,Koch,SS0603,2019,unusual,3614,2019-01-07,2020-01-05,0.0
Unity,Leer,SS0604,2019,recurring,168,2019-01-09,2019-12-31,0.0
Unity,Leer,SS0604,2019,unusual,987,2019-01-11,2020-01-02,0.0
Unity,Mayendit,SS0605,2019,recurring,118,2019-01-11,2020-01-05,0.0
Unity,Mayendit,SS0605,2019,unusual,895,2019-01-07,2020-01-05,0.0
Unity,Mayom,SS0606,2019,recurring,14546,2019-01-07,2020-01-05,0.0
Unity,Mayom,SS0606,2019,unusual,255058,2019-01-07,2020-01-05,0.0
Unity,Panyijiar,SS0607,2019,recurring,2316,2019-01-07,2020-01-04,0.0
Unity,Panyijiar,SS0607,2019,unusual,4964,2019-01-07,2020-01-02,0.0
Unity,Pariang,SS0608,2019,recurring,2429,2019-01-07,2020-01-05,0.0
Unity,Pariang,SS0608,2019,unusual,2972,2019-01-07,2020-01-05,0.0
Unity,Rubkona,SS0609,2019,unusual,19,2019-01-11,2019-12-01,0.0
Upper Nile,Baliet,SS0701,2019,recurring,4330,2019-11-29,2020-01-03,0.0
Upper Nile,Baliet,SS0701,2019,unusual,7341,2019-01-13,2020-01-05,0.0
Upper Nile,Fashoda,SS0702,2019,recurring,16,2019-01-13,2019-12-31,0.0
Upper Nile,Fashoda,SS0702,2019,unusual,4,2019-01-13,2019-01-13,0.0
Upper Nile,Longochuk,SS0703,2019,recurring,7,2019-01-15,2019-12-17,0.0
Upper Nile,Longochuk,SS0703,2019,unusual,333,2019-01-07,2019-07-17,0.0
Upper Nile,Luakpiny/Nasir,SS0704,2019,recurring,2831,2019-01-08,2020-01-03,0.0
Upper Nile,Luakpiny/Nasir,SS0704,2019,unusual,742,2019-01-07,2020-01-03,0.0
Upper Nile,Maban,SS0705,2019,recurring,1,2019-01-08,2019-01-08,0.0
Upper Nile,Maban,SS0705,2019,unusual,797,2019-01-07,2020-01-02,0.0
Upper Nile,Maiwut,SS0706,2019,unusual,100,2019-01-08,2019-06-03,0.0
Upper Nile,Malakal,SS0707,2019,recurring,11,2019-11-13,2019-12-29,0.0
Upper Nile,Malakal,SS0707,2019,unusual,4,2019-01-13,2019-06-01,0.0
Upper Nile,Melut,SS0709,2019,unusual,244,2020-01-01,2020-01-05,0.0
Upper Nile,Panyikang,SS0710,2019,recurring,312,2019-01-07,2020-01-02,0.0
Upper Nile,Panyikang,SS0710,2019,unusual,105,2019-01-07,2020-01-05,0.0
Upper Nile,Ulang,SS0712,2019,recurring,1929,2019-01-08,2020-01-03,0.0
Upper Nile,Ulang,SS0712,2019,unusual,4083,2019-01-07,2020-01-04,0.0
Warrap,Gogrial East,SS0801,2019,recurring,1087,2019-01-07,2020-01-05,0.0
Warrap,Gogrial East,SS0801,2019,unusual,3298,2019-01-07,2020-01-05,0.0
Warrap,Gogrial West,SS0802,2019,recurring,1341,2019-09-18,2019-11-27,0.0
Warrap,Gogrial West,SS0802,2019,unusual,871,2019-09-13,2019-12-29,0.0
Warrap,Tonj East,SS0803,2019,unusual,1015,2019-01-22,2020-01-05,0.0
Warrap,Tonj North,SS0804,2019,recurring,32072,2019-01-07,2020-01-05,0.0
Warrap,Tonj North,SS0804,2019,unusual,3339,2019-01-11,2020-01-05,0.0
Warrap,Tonj South,SS0805,2019,recurring,970,2019-10-26,2019-11-30,0.0
Warrap,Tonj South,SS0805,2019,unusual,4043,2019-01-11,2019-12-20,0.0
Warrap,Twic,SS0806,2019,recurring,7930,2019-01-07,2020-01-05,0.0
Warrap,Twic,SS0806,2019,unusual,15557,2019-03-09,2020-01-05,0.0
Western Bahr el Ghazal,Jur River,SS0901,2019,recurring,178,2019-10-19,2019-12-18,0.0
Western Bahr el Ghazal,Jur River,SS0901,2019,unusual,134,2019-01-16,2019-12-13,0.0
Western Bahr el Ghazal,Raja,SS0902,2019,recurring,18,2019-08-30,2019-10-20,0.0
Western Bahr el Ghazal,Raja,SS0902,2019,unusual,292,2019-08-30,2019-12-14,0.0
Western Bahr el Ghazal,Wau,SS0903,2019,unusual,179,2019-02-24,2019-12-15,0.0
Western Equatoria,Ezo,SS1001,2019,unusual,5,2019-10-26,2019-12-17,0.0
Western Equatoria,Ibba,SS1002,2019,unusual,37,2019-01-07,2019-12-15,0.0
Western Equatoria,Maridi,SS1003,2019,unusual,41,2019-01-15,2019-12-15,0.0
Western Equatoria,Mundri East,SS1004,2019,unusual,10,2019-01-16,2019-05-24,0.0
Western Equatoria,Mundri West,SS1005,2019,unusual,7,2019-01-16,2019-12-13,0.0
Western Equatoria,Mvolo,SS1006,2019,recurring,8,2019-09-15,2019-09-15,0.0
Western Equatoria,Nagero,SS1007,2019,recurring,2,2019-10-26,2019-10-26,0.0
Western Equatoria,Nagero,SS1007,2019,unusual,31,2019-10-26,2019-11-02,0.0
Western Equatoria,Nzara,SS1008,2019,unusual,7,2019-01-07,2019-12-13,0.0
Western Equatoria,Tambura,SS1009,2019,unusual,115,2019-01-16,2019-12-31,0.0
Western Equatoria,Yambio,SS1010,2019,unusual,22,2019-01-07,2019-12-31,0.0
Abyei Region,Abyei Region,SS0001,2020,unusual,30,2020-01-12,2020-11-01,0.0
Central Equatoria,Juba,SS0101,2020,recurring,1026,2020-01-07,2020-12-31,0.0
Central Equatoria,Juba,SS0101,2020,unusual,3312,2020-01-07,2020-12-31,0.0
Central Equatoria,Kajo-keji,SS0102,2020,recurring,10,2020-01-09,2020-12-31,0.0
Central Equatoria,Kajo-keji,SS0102,2020,unusual,26,2020-01-07,2020-12-28,0.0
Central Equatoria,Lainya,SS0103,2020,unusual,67,2020-02-06,2020-12-27,0.0
Central Equatoria,Morobo,SS0104,2020,unusual,3,2020-12-26,2020-12-26,0.0
Central Equatoria,Terekeka,SS0105,2020,recurring,375,2020-01-07,2020-12-31,0.0
Central Equatoria,Terekeka,SS0105,2020,unusual,8477,2020-01-07,2020-12-31,0.0
Central Equatoria,Yei,SS0106,2020,unusual,165,2020-02-05,2020-12-27,0.0
Eastern Equatoria,Budi,SS0201,2020,unusual,344,2020-01-06,2020-12-26,0.0
Eastern Equatoria,Ikotos,SS0202,2020,unusual,171,2020-01-16,2020-12-26,0.0
Eastern Equatoria,Kapoeta East,SS0203,2020,recurring,9,2020-06-28,2020-10-29,0.0
Eastern Equatoria,Kapoeta East,SS0203,2020,unusual,17472,2020-01-06,2021-01-03,0.0
Eastern Equatoria,Kapoeta North,SS0204,2020,unusual,52,2020-02-05,2020-10-16,0.0
Eastern Equatoria,Kapoeta South,SS0205,2020,unusual,7,2020-02-20,2020-06-17,0.0
Eastern Equatoria,Lafon,SS0206,2020,unusual,894,2020-01-09,2020-12-31,0.0
Eastern Equatoria,Magwi,SS0207,2020,recurring,6,2020-01-23,2020-12-24,0.0
Eastern Equatoria,Magwi,SS0207,2020,unusual,98,2020-01-14,2020-12-26,0.0
Eastern Equatoria,Torit,SS0208,2020,unusual,152,2020-02-06,2021-01-03,0.0
Jonglei,Akobo,SS0301,2020,recurring,2004,2020-01-06,2021-01-03,0.0
Jonglei,Akobo,SS0301,2020,unusual,48028,2020-01-06,2021-01-03,0.0
Jonglei,Ayod,SS0302,2020,recurring,23599,2020-01-07,2021-01-03,0.0
Jonglei,Ayod,SS0302,2020,unusual,48482,2020-01-07,2021-01-03,0.0
Jonglei,Bor South,SS0303,2020,recurring,11596,2020-01-06,2021-01-03,0.0
Jonglei,Bor South,SS0303,2020,unusual,35343,2020-01-07,2021-01-03,0.0
Jonglei,Canal/Pigi,SS0304,2020,recurring,95,2020-01-07,2020-12-31,0.0
Jonglei,Canal/Pigi,SS0304,2020,unusual,27569,2020-01-07,2021-01-03,0.0
Jonglei,Duk,SS0305,2020,recurring,25269,2020-01-07,2021-01-03,0.0
Jonglei,Duk,SS0305,2020,unusual,9747,2020-01-07,2021-01-03,0.0
Jonglei,Fangak,SS0306,2020,recurring,2360,2020-01-07,2021-01-03,0.0
Jonglei,Fangak,SS0306,2020,unusual,13572,2020-01-07,2021-01-03,0.0
Jonglei,Nyirol,SS0307,2020,unusual,8276,2020-01-07,2020-12-31,0.0
Jonglei,Pibor,SS0308,2020,recurring,46,2020-01-16,2020-12-28,0.0
Jonglei,Pibor,SS0308,2020,unusual,8562,2020-01-16,2020-12-31,0.0
Jonglei,Pochalla,SS0309,2020,recurring,362,2020-01-12,2020-12-31,0.0
Jonglei,Pochalla,SS0309,2020,unusual,1174,2020-01-16,2020-12-31,0.0
Jonglei,Twic East,SS0310,2020,recurring,7630,2020-01-06,2021-01-03,0.0
Jonglei,Twic East,SS0310,2020,unusual,42899,2020-01-06,2021-01-03,0.0
Jonglei,Uror,SS0311,2020,recurring,1,2020-09-28,2020-09-28,0.0
Jonglei,Uror,SS0311,2020,unusual,5046,2020-01-11,2020-12-31,0.0
Lakes,Awerial,SS0401,2020,recurring,12149,2020-01-06,2020-12-31,0.0
Lakes,Awerial,SS0401,2020,unusual,11173,2020-01-07,2020-12-31,0.0
Lakes,Cueibet,SS0402,2020,recurring,162,2020-10-03,2020-11-29,0.0
Lakes,Cueibet,SS0402,2020,unusual,5619,2020-01-06,2020-12-29,0.0
Lakes,Rumbek Centre,SS0403,2020,unusual,2838,2020-01-11,2021-01-03,0.0
Lakes,Rumbek East,SS0404,2020,recurring,487,2020-01-07,2020-12-31,0.0
Lakes,Rumbek East,SS0404,2020,unusual,367,2020-01-11,2020-12-31,0.0
Lakes,Rumbek North,SS0405,2020,unusual,4355,2020-01-06,2020-10-05,0.0
Lakes,Wulu,SS0406,2020,recurring,10,2020-09-05,2020-10-31,0.0
Lakes,Wulu,SS0406,2020,unusual,1065,2020-02-17,2021-01-03,0.0
Lakes,Yirol East,SS0407,2020,recurring,4378,2020-01-07,2021-01-03,0.0
Lakes,Yirol East,SS0407,2020,unusual,35705,2020-01-07,2021-01-03,0.0
Lakes,Yirol West,SS0408,2020,recurring,122,2020-01-07,2020-12-31,0.0
Lakes,Yirol West,SS0408,2020,unusual,403,2020-01-07,2020-12-31,0.0
Northern Bahr el Ghazal,Aweil Centre,SS0501,2020,recurring,1350,2020-09-05,2020-11-29,0.0
Northern Bahr el Ghazal,Aweil Centre,SS0501,2020,unusual,6614,2020-09-05,2020-12-07,0.0
Northern Bahr el Ghazal,Aweil East,SS0502,2020,recurring,28719,2020-09-10,2020-12-31,0.0
Northern Bahr el Ghazal,Aweil East,SS0502,2020,unusual,16447,2020-01-12,2021-01-03,0.0
Northern Bahr el Ghazal,Aweil North,SS0503,2020,recurring,371,2020-09-17,2020-10-30,0.0
Northern Bahr el Ghazal,Aweil North,SS0503,2020,unusual,3069,2020-02-06,2020-12-01,0.0
Northern Bahr el Ghazal,Aweil South,SS0504,2020,recurring,8637,2020-10-10,2020-12-31,0.0
Northern Bahr el Ghazal,Aweil South,SS0504,2020,unusual,4635,2020-01-12,2020-12-31,0.0
Northern Bahr el Ghazal,Aweil West,SS0505,2020,recurring,1984,2020-09-08,2020-11-22,0.0
Northern Bahr el Ghazal,Aweil West,SS0505,2020,unusual,11500,2020-09-08,2020-11-30,0.0
Unity,Abiemnhom,SS0601,2020,unusual,89,2020-01-10,2020-12-02,0.0
Unity,Guit,SS0602,2020,recurring,258,2020-01-07,2021-01-03,0.0
Unity,Guit,SS0602,2020,unusual,5200,2020-01-10,2020-12-31,0.0
Unity,Koch,SS0603,2020,recurring,14932,2020-01-06,2021-01-03,0.0
Unity,Koch,SS0603,2020,unusual,12761,2020-01-06,2021-01-03,0.0
Unity,Leer,SS0604,2020,recurring,307,2020-01-07,2020-12-31,0.0
Unity,Leer,SS0604,2020,unusual,1985,2020-01-10,2020-12-31,0.0
Unity,Mayendit,SS0605,2020,recurring,1606,2020-01-07,2020-12-31,0.0
Unity,Mayendit,SS0605,2020,unusual,24231,2020-01-07,2021-01-03,0.0
Unity,Mayom,SS0606,2020,recurring,36809,2020-01-06,2021-01-03,0.0
Unity,Mayom,SS0606,2020,unusual,139165,2020-01-06,2021-01-03,0.0
Unity,Panyijiar,SS0607,2020,recurring,3472,2020-01-07,2021-01-03,0.0
Unity,Panyijiar,SS0607,2020,unusual,33961,2020-01-07,2021-01-03,0.0
Unity,Pariang,SS0608,2020,recurring,3474,2020-01-06,2021-01-03,0.0
Unity,Pariang,SS0608,2020,unusual,6338,2020-01-06,2021-01-03,0.0
Unity,Rubkona,SS0609,2020,recurring,16,2020-11-13,2020-12-31,0.0
Unity,Rubkona,SS0609,2020,unusual,226,2020-02-03,2020-12-31,0.0
Upper Nile,Baliet,SS0701,2020,recurring,20034,2020-01-06,2021-01-03,0.0
Upper Nile,Baliet,SS0701,2020,unusual,1137163,2020-01-06,2021-01-03,0.0
Upper Nile,Fashoda,SS0702,2020,recurring,27,2020-01-07,2020-12-26,0.0
Upper Nile,Fashoda,SS0702,2020,unusual,87,2020-01-07,2020-12-31,0.0
Upper Nile,Longochuk,SS0703,2020,recurring,14,2020-10-07,2020-12-19,0.0
Upper Nile,Longochuk,SS0703,2020,unusual,2576,2020-01-11,2021-01-03,0.0
Upper Nile,Luakpiny/Nasir,SS0704,2020,recurring,18972,2020-01-06,2021-01-03,0.0
Upper Nile,Luakpiny/Nasir,SS0704,2020,unusual,55980,2020-01-06,2021-01-03,0.0
Upper Nile,Maban,SS0705,2020,recurring,1,2020-12-17,2020-12-17,0.0
Upper Nile,Maban,SS0705,2020,unusual,1836,2020-01-13,2021-01-03,0.0
Upper Nile,Maiwut,SS0706,2020,unusual,344,2020-01-13,2021-01-03,0.0
Upper Nile,Malakal,SS0707,2020,recurring,8,2020-01-23,2020-12-31,0.0
Upper Nile,Malakal,SS0707,2020,unusual,118,2020-01-07,2020-12-31,0.0
Upper Nile,Melut,SS0709,2020,unusual,5017,2020-01-07,2021-01-03,0.0
Upper Nile,Panyikang,SS0710,2020,recurring,512,2020-01-07,2021-01-03,0.0
Upper Nile,Panyikang,SS0710,2020,unusual,3496,2020-01-07,2021-01-03,0.0
Upper Nile,Ulang,SS0712,2020,recurring,2072,2020-01-06,2021-01-03,0.0
Upper Nile,Ulang,SS0712,2020,unusual,33070,2020-01-06,2021-01-03,0.0
Warrap,Gogrial East,SS0801,2020,recurring,29031,2020-01-07,2021-01-03,0.0
Warrap,Gogrial East,SS0801,2020,unusual,67308,2020-01-09,2021-01-03,0.0
Warrap,Gogrial West,SS0802,2020,recurring,36264,2020-09-17,2021-01-03,0.0
Warrap,Gogrial West,SS0802,2020,unusual,71581,2020-01-28,2020-12-31,0.0
Warrap,Tonj East,SS0803,2020,unusual,3144,2020-01-06,2020-12-27,0.0
Warrap,Tonj North,SS0804,2020,recurring,107489,2020-01-06,2021-01-03,0.0
Warrap,Tonj North,SS0804,2020,unusual,23344,2020-01-07,2021-01-03,0.0
Warrap,Tonj South,SS0805,2020,recurring,1256,2020-09-03,2020-11-29,0.0
Warrap,Tonj South,SS0805,2020,unusual,9243,2020-01-14,2021-01-03,0.0
Warrap,Twic,SS0806,2020,recurring,9895,2020-01-07,2021-01-03,0.0
Warrap,Twic,SS0806,2020,unusual,12011,2020-01-10,2021-01-03,0.0
Western Bahr el Ghazal,Jur River,SS0901,2020,recurring,6790,2020-09-05,2020-12-06,0.0
Western Bahr el Ghazal,Jur River,SS0901,2020,unusual,4178,2020-08-14,2020-12-17,0.0
Western Bahr el Ghazal,Raja,SS0902,2020,recurring,10,2020-09-06,2020-10-10,0.0
Western Bahr el Ghazal,Raja,SS0902,2020,unusual,195,2020-04-26,2020-12-08,0.0
Western Bahr el Ghazal,Wau,SS0903,2020,recurring,1086,2020-10-12,2020-11-24,0.0
Western Bahr el Ghazal,Wau,SS0903,2020,unusual,271,2020-01-12,2020-12-12,0.0
Western Equatoria,Ezo,SS1001,2020,unusual,141,2020-01-16,2020-12-27,0.0
Western Equatoria,Ibba,SS1002,2020,unusual,123,2020-02-17,2021-01-03,0.0
Western Equatoria,Maridi,SS1003,2020,unusual,137,2020-02-06,2021-01-03,0.0
Western Equatoria,Mundri East,SS1004,2020,unusual,182,2020-02-06,2020-12-26,0.0
Western Equatoria,Mundri West,SS1005,2020,unusual,117,2020-02-08,2021-01-03,0.0
Western Equatoria,Mvolo,SS1006,2020,recurring,26,2020-09-05,2020-09-14,0.0
Western Equatoria,Mvolo,SS1006,2020,unusual,1111,2020-01-17,2021-01-03,0.0
Western Equatoria,Nagero,SS1007,2020,recurring,9,2020-10-10,2020-10-28,0.0
Western Equatoria,Nagero,SS1007,2020,unusual,1089,2020-02-17,2020-12-26,0.0
Western Equatoria,Nzara,SS1008,2020,unusual,29,2020-02-17,2021-01-03,0.0
Western Equatoria,Tambura,SS1009,2020,unusual,47,2020-02-17,2021-01-03,0.0
Western Equatoria,Yambio,SS1010,2020,unusual,78,2020-01-10,2021-01-03,0.0
Abyei Region,Abyei Region,SS0001,2021,unusual,155,2021-10-17,2021-12-27,0.0
Central Equatoria,Juba,SS0101,2021,recurring,1048,2021-01-05,2021-12-31,0.0
Central Equatoria,Juba,SS0101,2021,unusual,3528,2021-01-04,2021-12-31,0.0
Central Equatoria,Kajo-keji,SS0102,2021,recurring,8,2021-01-11,2021-12-11,0.0
Central Equatoria,Kajo-keji,SS0102,2021,unusual,38,2021-01-05,2021-12-20,0.0
Central Equatoria,Lainya,SS0103,2021,unusual,48,2021-01-05,2021-12-30,0.0
Central Equatoria,Morobo,SS0104,2021,unusual,6,2021-01-05,2021-01-16,0.0
Central Equatoria,Terekeka,SS0105,2021,recurring,658,2021-01-05,2021-12-31,0.0
Central Equatoria,Terekeka,SS0105,2021,unusual,15494,2021-01-05,2022-01-02,0.0
Central Equatoria,Yei,SS0106,2021,unusual,97,2021-01-04,2021-12-04,0.0
Eastern Equatoria,Budi,SS0201,2021,unusual,339,2021-01-04,2021-12-31,0.0
Eastern Equatoria,Ikotos,SS0202,2021,unusual,108,2021-01-05,2021-12-31,0.0
Eastern Equatoria,Kapoeta East,SS0203,2021,recurring,56,2021-10-22,2021-11-29,0.0
Eastern Equatoria,Kapoeta East,SS0203,2021,unusual,7077,2021-01-04,2021-12-31,0.0
Eastern Equatoria,Kapoeta North,SS0204,2021,unusual,132,2021-02-13,2021-12-31,0.0
Eastern Equatoria,Kapoeta South,SS0205,2021,unusual,4,2021-11-20,2021-11-20,0.0
Eastern Equatoria,Lafon,SS0206,2021,unusual,7223,2021-01-04,2022-01-02,0.0
Eastern Equatoria,Magwi,SS0207,2021,recurring,11,2021-01-09,2021-11-18,0.0
Eastern Equatoria,Magwi,SS0207,2021,unusual,146,2021-01-09,2022-01-02,0.0
Eastern Equatoria,Torit,SS0208,2021,unusual,196,2021-01-04,2021-12-31,0.0
Jonglei,Akobo,SS0301,2021,recurring,933,2021-01-04,2021-12-31,0.0
Jonglei,Akobo,SS0301,2021,unusual,9883,2021-01-04,2022-01-02,0.0
Jonglei,Ayod,SS0302,2021,recurring,41101,2021-01-04,2021-12-31,0.0
Jonglei,Ayod,SS0302,2021,unusual,437356,2021-01-04,2021-12-31,0.0
Jonglei,Bor South,SS0303,2021,recurring,13848,2021-01-04,2022-01-02,0.0
Jonglei,Bor South,SS0303,2021,unusual,67032,2021-01-04,2022-01-02,0.0
Jonglei,Canal/Pigi,SS0304,2021,recurring,271,2021-01-04,2021-12-31,0.0
Jonglei,Canal/Pigi,SS0304,2021,unusual,208303,2021-01-04,2021-12-31,0.0
Jonglei,Duk,SS0305,2021,recurring,28629,2021-01-04,2021-12-31,0.0
Jonglei,Duk,SS0305,2021,unusual,57373,2021-01-04,2021-12-31,0.0
Jonglei,Fangak,SS0306,2021,recurring,3855,2021-01-04,2022-01-02,0.0
Jonglei,Fangak,SS0306,2021,unusual,148180,2021-01-04,2022-01-02,0.0
Jonglei,Nyirol,SS0307,2021,unusual,2141,2021-01-04,2021-12-27,0.0
Jonglei,Pibor,SS0308,2021,recurring,49,2021-01-11,2021-12-08,0.0
Jonglei,Pibor,SS0308,2021,unusual,5665,2021-01-05,2022-01-02,0.0
Jonglei,Pochalla,SS0309,2021,recurring,336,2021-01-06,2021-12-31,0.0
Jonglei,Pochalla,SS0309,2021,unusual,8770,2021-01-06,2021-12-31,0.0
Jonglei,Twic East,SS0310,2021,recurring,10443,2021-01-04,2021-12-31,0.0
Jonglei,Twic East,SS0310,2021,unusual,127525,2021-01-04,2022-01-02,0.0
Jonglei,Uror,SS0311,2021,unusual,5629,2021-01-05,2022-01-02,0.0
Lakes,Awerial,SS0401,2021,recurring,15580,2021-01-05,2022-01-02,0.0
Lakes,Awerial,SS0401,2021,unusual,21234,2021-01-05,2022-01-02,0.0
Lakes,Cueibet,SS0402,2021,recurring,72,2021-10-06,2021-11-25,0.0
Lakes,Cueibet,SS0402,2021,unusual,757,2021-02-04,2021-12-02,0.0
Lakes,Rumbek Centre,SS0403,2021,unusual,2212,2021-01-04,2021-12-25,0.0
Lakes,Rumbek East,SS0404,2021,recurring,538,2021-01-05,2021-12-26,0.0
Lakes,Rumbek East,SS0404,2021,unusual,140,2021-01-07,2021-12-25,0.0
Lakes,Rumbek North,SS0405,2021,unusual,523,2021-01-14,2021-12-07,0.0
Lakes,Wulu,SS0406,2021,recurring,1,2021-09-15,2021-09-15,0.0
Lakes,Wulu,SS0406,2021,unusual,24,2021-01-04,2021-12-06,0.0
Lakes,Yirol East,SS0407,2021,recurring,6183,2021-01-04,2021-12-31,0.0
Lakes,Yirol East,SS0407,2021,unusual,65964,2021-01-04,2021-12-31,0.0
Lakes,Yirol West,SS0408,2021,recurring,259,2021-01-07,2021-12-31,0.0
Lakes,Yirol West,SS0408,2021,unusual,1043,2021-01-09,2021-12-14,0.0
Northern Bahr el Ghazal,Aweil Centre,SS0501,2021,recurring,322,2021-08-05,2021-11-16,0.0
Northern Bahr el Ghazal,Aweil Centre,SS0501,2021,unusual,938,2021-08-01,2021-12-09,0.0
Northern Bahr el Ghazal,Aweil East,SS0502,2021,recurring,19726,2021-07-03,2021-12-09,0.0
Northern Bahr el Ghazal,Aweil East,SS0502,2021,unusual,14621,2021-01-05,2021-12-30,0.0
Northern Bahr el Ghazal,Aweil North,SS0503,2021,recurring,21,2021-09-07,2021-10-06,0.0
Northern Bahr el Ghazal,Aweil North,SS0503,2021,unusual,204,2021-08-05,2021-11-27,0.0
Northern Bahr el Ghazal,Aweil South,SS0504,2021,recurring,25372,2021-08-23,2021-12-14,0.0
Northern Bahr el Ghazal,Aweil South,SS0504,2021,unusual,23838,2021-01-07,2021-12-09,0.0
Northern Bahr el Ghazal,Aweil West,SS0505,2021,recurring,370,2021-08-05,2021-10-29,0.0
Northern Bahr el Ghazal,Aweil West,SS0505,2021,unusual,1129,2021-08-05,2021-11-16,0.0
Unity,Abiemnhom,SS0601,2021,unusual,79,2021-05-20,2021-12-25,0.0
Unity,Guit,SS0602,2021,recurring,164,2021-01-04,2021-12-27,0.0
Unity,Guit,SS0602,2021,unusual,61487,2021-01-05,2021-12-31,0.0
Unity,Koch,SS0603,2021,recurring,19076,2021-01-04,2021-12-31,0.0
Unity,Koch,SS0603,2021,unusual,10838,2021-01-04,2021-12-27,0.0
Unity,Leer,SS0604,2021,recurring,453,2021-01-05,2021-12-27,0.0
Unity,Leer,SS0604,2021,unusual,4036,2021-01-05,2021-12-27,0.0
Unity,Mayendit,SS0605,2021,recurring,2201,2021-01-07,2021-12-30,0.0
Unity,Mayendit,SS0605,2021,unusual,39460,2021-01-04,2021-12-31,0.0
Unity,Mayom,SS0606,2021,recurring,51010,2021-01-04,2021-12-31,0.0
Unity,Mayom,SS0606,2021,unusual,137702,2021-01-04,2021-12-31,0.0
Unity,Panyijiar,SS0607,2021,recurring,7071,2021-01-04,2021-12-31,0.0
Unity,Panyijiar,SS0607,2021,unusual,90495,2021-01-04,2021-12-31,0.0
Unity,Pariang,SS0608,2021,recurring,4101,2021-01-04,2021-12-31,0.0
Unity,Pariang,SS0608,2021,unusual,273625,2021-01-04,2022-01-02,0.0
Unity,Rubkona,SS0609,2021,recurring,65,2021-01-07,2021-12-31,0.0
Unity,Rubkona,SS0609,2021,unusual,253531,2021-01-04,2021-12-31,0.0
Upper Nile,Baliet,SS0701,2021,recurring,11096,2021-01-04,2021-12-31,0.0
Upper Nile,Baliet,SS0701,2021,unusual,665263,2021-01-04,2021-12-31,0.0
Upper Nile,Fashoda,SS0702,2021,recurring,60,2021-01-09,2021-12-29,0.0
Upper Nile,Fashoda,SS0702,2021,unusual,11056,2021-01-09,2021-12-31,0.0
Upper Nile,Longochuk,SS0703,2021,recurring,7,2021-10-17,2021-12-13,0.0
Upper Nile,Longochuk,SS0703,2021,unusual,1283,2021-01-04,2021-12-29,0.0
Upper Nile,Luakpiny/Nasir,SS0704,2021,recurring,12271,2021-01-04,2022-01-02,0.0
Upper Nile,Luakpiny/Nasir,SS0704,2021,unusual,27092,2021-01-04,2022-01-02,0.0
Upper Nile,Maban,SS0705,2021,recurring,24,2021-12-10,2021-12-27,0.0
Upper Nile,Maban,SS0705,2021,unusual,3014,2021-01-04,2021-12-31,0.0
Upper Nile,Maiwut,SS0706,2021,unusual,207,2021-01-06,2021-12-31,0.0
Upper Nile,Malakal,SS0707,2021,recurring,54,2021-01-09,2021-12-27,0.0
Upper Nile,Malakal,SS0707,2021,unusual,18427,2021-01-04,2021-12-31,0.0
Upper Nile,Melut,SS0709,2021,unusual,2958,2021-01-04,2021-12-31,0.0
Upper Nile,Panyikang,SS0710,2021,recurring,815,2021-01-04,2021-12-31,0.0
Upper Nile,Panyikang,SS0710,2021,unusual,75869,2021-01-04,2021-12-31,0.0
Upper Nile,Ulang,SS0712,2021,recurring,2605,2021-01-04,2022-01-02,0.0
Upper Nile,Ulang,SS0712,2021,unusual,9991,2021-01-04,2021-12-31,0.0
Warrap,Gogrial East,SS0801,2021,recurring,1139,2021-01-04,2021-12-31,0.0
Warrap,Gogrial East,SS0801,2021,unusual,1034,2021-01-04,2021-12-31,0.0
Warrap,Gogrial West,SS0802,2021,recurring,17496,2021-01-04,2021-12-25,0.0
Warrap,Gogrial West,SS0802,2021,unusual,38630,2021-01-07,2021-12-30,0.0
Warrap,Tonj East,SS0803,2021,unusual,279,2021-01-11,2021-12-25,0.0
Warrap,Tonj North,SS0804,2021,recurring,187687,2021-01-04,2021-12-31,0.0
Warrap,Tonj North,SS0804,2021,unusual,53783,2021-01-04,2021-12-27,0.0
Warrap,Tonj South,SS0805,2021,recurring,3,2021-10-29,2021-10-31,0.0
Warrap,Tonj South,SS0805,2021,unusual,143,2021-01-16,2021-12-25,0.0
Warrap,Twic,SS0806,2021,recurring,17735,2021-01-04,2021-12-31,0.0
Warrap,Twic,SS0806,2021,unusual,52145,2021-01-04,2021-12-31,0.0
Western Bahr el Ghazal,Jur River,SS0901,2021,recurring,26,2021-08-26,2021-11-30,0.0
Western Bahr el Ghazal,Jur River,SS0901,2021,unusual,44,2021-01-14,2021-11-11,0.0
Western Bahr el Ghazal,Raja,SS0902,2021,unusual,464,2021-07-11,2021-12-28,0.0
Western Bahr el Ghazal,Wau,SS0903,2021,unusual,118,2021-11-09,2021-12-03,0.0
Western Equatoria,Ibba,SS1002,2021,unusual,90,2021-01-04,2021-12-30,0.0
Western Equatoria,Maridi,SS1003,2021,unusual,41,2021-01-04,2021-12-30,0.0
Western Equatoria,Mundri East,SS1004,2021,unusual,15,2021-01-04,2021-12-25,0.0
Western Equatoria,Mundri West,SS1005,2021,unusual,44,2021-01-04,2021-12-06,0.0
Western Equatoria,Mvolo,SS1006,2021,unusual,38,2021-01-04,2021-11-30,0.0
Western Equatoria,Nagero,SS1007,2021,unusual,3,2021-11-11,2021-11-30,0.0
Western Equatoria,Nzara,SS1008,2021,unusual,1,2021-01-04,2021-01-04,0.0
Western Equatoria,Tambura,SS1009,2021,unusual,50,2021-01-04,2021-05-13,0.0
Western Equatoria,Yambio,SS1010,2021,unusual,108,2021-01-04,2021-12-04,0.0
Abyei Region,Abyei Region,SS0001,2022,unusual,50727,2022-01-03,2022-12-31,0.0
Central Equatoria,Juba,SS0101,2022,recurring,324,2022-01-03,2022-12-31,0.0
Central Equatoria,Juba,SS0101,2022,unusual,866,2022-01-03,2022-12-31,0.0
Central Equatoria,Kajo-keji,SS0102,2022,recurring,1,2022-01-03,2022-01-03,0.0
Central Equatoria,Kajo-keji,SS0102,2022,unusual,3,2022-01-03,2022-12-26,0.0
Central Equatoria,Lainya,SS0103,2022,unusual,8,2022-01-10,2022-02-27,0.0
Central Equatoria,Morobo,SS0104,2022,unusual,2,2022-01-16,2022-01-16,0.0
Central Equatoria,Terekeka,SS0105,2022,recurring,629,2022-01-03,2022-12-31,0.0
Central Equatoria,Terekeka,SS0105,2022,unusual,9041,2022-01-03,2022-12-31,0.0
Central Equatoria,Yei,SS0106,2022,unusual,27,2022-01-15,2022-12-16,0.0
Eastern Equatoria,Budi,SS0201,2022,unusual,230,2022-01-09,2022-12-31,0.0
Eastern Equatoria,Ikotos,SS0202,2022,unusual,187,2022-01-08,2022-12-12,0.0
Eastern Equatoria,Kapoeta East,SS0203,2022,recurring,239,2022-05-04,2022-11-20,0.0
Eastern Equatoria,Kapoeta East,SS0203,2022,unusual,6399,2022-01-03,2022-12-31,0.0
Eastern Equatoria,Kapoeta North,SS0204,2022,unusual,326,2022-01-03,2022-12-23,0.0
Eastern Equatoria,Kapoeta South,SS0205,2022,unusual,27,2022-10-31,2022-12-22,0.0
Eastern Equatoria,Lafon,SS0206,2022,unusual,2038,2022-01-03,2022-12-31,0.0
Eastern Equatoria,Magwi,SS0207,2022,recurring,5,2022-01-30,2022-12-07,0.0
Eastern Equatoria,Magwi,SS0207,2022,unusual,16,2022-01-03,2022-12-26,0.0
Eastern Equatoria,Torit,SS0208,2022,unusual,25,2022-01-03,2022-12-06,0.0
Jonglei,Akobo,SS0301,2022,recurring,231,2022-01-12,2022-12-31,0.0
Jonglei,Akobo,SS0301,2022,unusual,1396,2022-01-03,2022-12-31,0.0
Jonglei,Ayod,SS0302,2022,recurring,44927,2022-01-03,2022-12-31,0.0
Jonglei,Ayod,SS0302,2022,unusual,1115560,2022-01-03,2022-12-31,0.0
Jonglei,Bor South,SS0303,2022,recurring,10661,2022-01-03,2022-12-31,0.0
Jonglei,Bor South,SS0303,2022,unusual,99556,2022-01-03,2022-12-31,0.0
Jonglei,Canal/Pigi,SS0304,2022,recurring,832,2022-01-05,2022-12-31,0.0
Jonglei,Canal/Pigi,SS0304,2022,unusual,333766,2022-01-03,2022-12-31,0.0
Jonglei,Duk,SS0305,2022,recurring,20904,2022-01-03,2022-12-31,0.0
Jonglei,Duk,SS0305,2022,unusual,172617,2022-01-03,2022-12-31,0.0
Jonglei,Fangak,SS0306,2022,recurring,6989,2022-01-03,2022-12-31,0.0
Jonglei,Fangak,SS0306,2022,unusual,364202,2022-01-03,2022-12-31,0.0
Jonglei,Nyirol,SS0307,2022,unusual,65,2022-01-12,2022-12-14,0.0
Jonglei,Pibor,SS0308,2022,recurring,20,2022-01-21,2022-12-31,0.0
Jonglei,Pibor,SS0308,2022,unusual,2718,2022-01-03,2022-12-31,0.0
Jonglei,Pochalla,SS0309,2022,recurring,106,2022-01-03,2022-12-31,0.0
Jonglei,Pochalla,SS0309,2022,unusual,2703,2022-01-03,2022-12-31,0.0
Jonglei,Twic East,SS0310,2022,recurring,6704,2022-01-03,2022-12-31,0.0
Jonglei,Twic East,SS0310,2022,unusual,231911,2022-01-03,2022-12-31,0.0
Jonglei,Uror,SS0311,2022,unusual,4191,2022-01-03,2022-12-31,0.0
Lakes,Awerial,SS0401,2022,recurring,10423,2022-01-03,2022-12-31,0.0
Lakes,Awerial,SS0401,2022,unusual,15908,2022-01-03,2022-12-31,0.0
Lakes,Cueibet,SS0402,2022,recurring,3,2022-11-18,2022-11-18,0.0
Lakes,Cueibet,SS0402,2022,unusual,146,2022-01-10,2022-12-25,0.0
Lakes,Rumbek Centre,SS0403,2022,unusual,624,2022-01-08,2022-12-31,0.0
Lakes,Rumbek East,SS0404,2022,recurring,577,2022-01-03,2022-12-31,0.0
Lakes,Rumbek East,SS0404,2022,unusual,1145,2022-01-03,2022-12-31,0.0
Lakes,Rumbek North,SS0405,2022,unusual,785,2022-01-03,2022-12-29,0.0
Lakes,Wulu,SS0406,2022,recurring,1,2022-09-10,2022-09-10,0.0
Lakes,Wulu,SS0406,2022,unusual,118,2022-01-11,2022-12-25,0.0
Lakes,Yirol East,SS0407,2022,recurring,4524,2022-01-03,2022-12-31,0.0
Lakes,Yirol East,SS0407,2022,unusual,21869,2022-01-03,2022-12-31,0.0
Lakes,Yirol West,SS0408,2022,recurring,248,2022-01-03,2022-12-31,0.0
Lakes,Yirol West,SS0408,2022,unusual,2720,2022-01-05,2022-12-31,0.0
Northern Bahr el Ghazal,Aweil Centre,SS0501,2022,recurring,735,2022-08-25,2022-11-18,0.0
Northern Bahr el Ghazal,Aweil Centre,SS0501,2022,unusual,366,2022-01-26,2022-11-27,0.0
Northern Bahr el Ghazal,Aweil East,SS0502,2022,recurring,15231,2022-08-05,2022-12-25,0.0
Northern Bahr el Ghazal,Aweil East,SS0502,2022,unusual,10489,2022-06-03,2022-12-31,0.0
Northern Bahr el Ghazal,Aweil North,SS0503,2022,recurring,321,2022-08-27,2022-11-02,0.0
Northern Bahr el Ghazal,Aweil North,SS0503,2022,unusual,3929,2022-08-22,2022-11-16,0.0
Northern Bahr el Ghazal,Aweil South,SS0504,2022,recurring,25728,2022-09-15,2022-12-29,0.0
Northern Bahr el Ghazal,Aweil South,SS0504,2022,unusual,51127,2022-09-15,2022-12-29,0.0
Northern Bahr el Ghazal,Aweil West,SS0505,2022,recurring,2750,2022-08-22,2022-11-18,0.0
Northern Bahr el Ghazal,Aweil West,SS0505,2022,unusual,9051,2022-08-22,2022-11-18,0.0
Unity,Abiemnhom,SS0601,2022,unusual,7130,2022-01-03,2022-12-31,0.0
Unity,Guit,SS0602,2022,recurring,200,2022-01-03,2022-12-31,0.0
Unity,Guit,SS0602,2022,unusual,725372,2022-01-03,2022-12-31,0.0
Unity,Koch,SS0603,2022,recurring,16230,2022-01-03,2022-12-31,0.0
Unity,Koch,SS0603,2022,unusual,14079,2022-01-03,2022-12-31,0.0
Unity,Leer,SS0604,2022,recurring,460,2022-01-05,2022-12-31,0.0
Unity,Leer,SS0604,2022,unusual,16564,2022-01-05,2022-12-31,0.0
Unity,Mayendit,SS0605,2022,recurring,5810,2022-01-03,2022-12-31,0.0
Unity,Mayendit,SS0605,2022,unusual,82237,2022-01-03,2022-12-31,0.0
Unity,Mayom,SS0606,2022,recurring,53118,2022-01-03,2022-12-31,0.0
Unity,Mayom,SS0606,2022,unusual,369113,2022-01-03,2022-12-31,0.0
Unity,Panyijiar,SS0607,2022,recurring,10528,2022-01-03,2022-12-31,0.0
Unity,Panyijiar,SS0607,2022,unusual,195052,2022-01-03,2022-12-31,0.0
Unity,Pariang,SS0608,2022,recurring,4930,2022-01-03,2022-12-31,0.0
Unity,Pariang,SS0608,2022,unusual,655593,2022-01-03,2022-12-31,0.0
Unity,Rubkona,SS0609,2022,recurring,207,2022-10-03,2022-12-31,0.0
Unity,Rubkona,SS0609,2022,unusual,2759113,2022-01-03,2022-12-31,0.0
Upper Nile,Baliet,SS0701,2022,recurring,1933,2022-01-03,2022-12-31,0.0
Upper Nile,Baliet,SS0701,2022,unusual,101521,2022-01-03,2022-12-31,0.0
Upper Nile,Fashoda,SS0702,2022,recurring,63,2022-01-05,2022-12-27,0.0
Upper Nile,Fashoda,SS0702,2022,unusual,14534,2022-01-03,2022-12-31,0.0
Upper Nile,Longochuk,SS0703,2022,recurring,16,2022-11-04,2022-12-27,0.0
Upper Nile,Longochuk,SS0703,2022,unusual,1150,2022-01-03,2022-12-31,0.0
Upper Nile,Luakpiny/Nasir,SS0704,2022,recurring,6398,2022-01-03,2022-12-31,0.0
Upper Nile,Luakpiny/Nasir,SS0704,2022,unusual,18672,2022-01-03,2022-12-31,0.0
Upper Nile,Maban,SS0705,2022,unusual,133,2022-01-03,2022-12-31,0.0
Upper Nile,Maiwut,SS0706,2022,unusual,287,2022-01-08,2022-12-31,0.0
Upper Nile,Malakal,SS0707,2022,recurring,61,2022-01-14,2022-12-31,0.0
Upper Nile,Malakal,SS0707,2022,unusual,20817,2022-01-03,2022-12-31,0.0
Upper Nile,Melut,SS0709,2022,unusual,2642,2022-01-03,2022-12-31,0.0
Upper Nile,Panyikang,SS0710,2022,recurring,1613,2022-01-03,2022-12-31,0.0
Upper Nile,Panyikang,SS0710,2022,unusual,107567,2022-01-03,2022-12-31,0.0
Upper Nile,Ulang,SS0712,2022,recurring,2512,2022-01-03,2022-12-31,0.0
Upper Nile,Ulang,SS0712,2022,unusual,4832,2022-01-03,2022-12-31,0.0
Warrap,Gogrial East,SS0801,2022,recurring,32394,2022-01-03,2022-12-31,0.0
Warrap,Gogrial East,SS0801,2022,unusual,37633,2022-01-03,2022-12-31,0.0
Warrap,Gogrial West,SS0802,2022,recurring,24473,2022-01-03,2022-12-31,0.0
Warrap,Gogrial West,SS0802,2022,unusual,56315,2022-01-03,2022-12-29,0.0
Warrap,Tonj East,SS0803,2022,unusual,132,2022-01-03,2022-08-06,0.0
Warrap,Tonj North,SS0804,2022,recurring,189231,2022-01-03,2022-12-31,0.0
Warrap,Tonj North,SS0804,2022,unusual,89976,2022-01-03,2022-12-31,0.0
Warrap,Tonj South,SS0805,2022,recurring,41,2022-10-01,2022-11-23,0.0
Warrap,Tonj South,SS0805,2022,unusual,335,2022-01-05,2022-12-29,0.0
Warrap,Twic,SS0806,2022,recurring,13922,2022-01-03,2022-12-31,0.0
Warrap,Twic,SS0806,2022,unusual,38695,2022-01-03,2022-12-31,0.0
Western Bahr el Ghazal,Jur River,SS0901,2022,recurring,4418,2022-09-17,2022-11-23,0.0
Western Bahr el Ghazal,Jur River,SS0901,2022,unusual,1884,2022-02-18,2022-12-04,0.0
Western Bahr el Ghazal,Raja,SS0902,2022,recurring,1,2022-10-03,2022-10-03,0.0
Western Bahr el Ghazal,Raja,SS0902,2022,unusual,193,2022-01-17,2022-12-22,0.0
Western Bahr el Ghazal,Wau,SS0903,2022,recurring,723,2022-09-17,2022-11-09,0.0
Western Bahr el Ghazal,Wau,SS0903,2022,unusual,478,2022-09-17,2022-12-28,0.0
Western Equatoria,Ezo,SS1001,2022,unusual,3,2022-12-22,2022-12-22,0.0
Western Equatoria,Ibba,SS1002,2022,unusual,32,2022-11-23,2022-12-25,0.0
Western Equatoria,Maridi,SS1003,2022,unusual,111,2022-03-02,2022-12-24,0.0
Western Equatoria,Mundri East,SS1004,2022,unusual,107,2022-01-12,2022-12-06,0.0
Western Equatoria,Mundri West,SS1005,2022,unusual,51,2022-01-12,2022-12-24,0.0
Western Equatoria,Mvolo,SS1006,2022,recurring,49,2022-09-02,2022-09-11,0.0
Western Equatoria,Mvolo,SS1006,2022,unusual,569,2022-01-12,2022-12-22,0.0
Western Equatoria,Nagero,SS1007,2022,unusual,3,2022-01-15,2022-12-22,0.0
Western Equatoria,Nzara,SS1008,2022,unusual,1,2022-12-22,2022-12-22,0.0
Western Equatoria,Tambura,SS1009,2022,unusual,5,2022-01-10,2022-10-28,0.0
Western Equatoria,Yambio,SS1010,2022,unusual,60,2022-01-12,2022-12-25,0.0
Abyei Region,Abyei Region,SS0001,2023,unusual,971,2023-01-02,2023-06-10,0.0
Central Equatoria,Juba,SS0101,2023,recurring,454,2023-01-03,2023-12-26,0.0
Central Equatoria,Juba,SS0101,2023,unusual,1914,2023-01-03,2023-12-31,0.0
Central Equatoria,Kajo-keji,SS0102,2023,recurring,2,2023-01-19,2023-12-04,0.0
Central Equatoria,Kajo-keji,SS0102,2023,unusual,18,2023-01-03,2023-12-18,0.0
Central Equatoria,Lainya,SS0103,2023,unusual,47,2023-01-03,2023-12-03,0.0
Central Equatoria,Morobo,SS0104,2023,unusual,1,2023-12-04,2023-12-04,0.0
Central Equatoria,Terekeka,SS0105,2023,recurring,712,2023-01-03,2023-12-31,0.0
Central Equatoria,Terekeka,SS0105,2023,unusual,10312,2023-01-03,2023-12-31,0.0
Central Equatoria,Yei,SS0106,2023,unusual,36,2023-01-03,2023-10-22,0.0
Eastern Equatoria,Budi,SS0201,2023,unusual,148,2023-01-03,2023-12-31,0.0
Eastern Equatoria,Ikotos,SS0202,2023,unusual,219,2023-01-03,2023-12-27,0.0
Eastern Equatoria,Kapoeta East,SS0203,2023,recurring,603,2023-04-01,2023-12-26,0.0
Eastern Equatoria,Kapoeta East,SS0203,2023,unusual,33206,2023-01-02,2023-12-31,0.0
Eastern Equatoria,Kapoeta North,SS0204,2023,unusual,418,2023-01-03,2023-12-31,0.0
Eastern Equatoria,Kapoeta South,SS0205,2023,unusual,3,2023-09-28,2023-12-18,0.0
Eastern Equatoria,Lafon,SS0206,2023,unusual,7992,2023-01-03,2023-12-31,0.0
Eastern Equatoria,Magwi,SS0207,2023,recurring,5,2023-01-09,2023-11-22,0.0
Eastern Equatoria,Magwi,SS0207,2023,unusual,91,2023-01-07,2023-12-31,0.0
Eastern Equatoria,Torit,SS0208,2023,unusual,115,2023-01-03,2023-12-31,0.0
Jonglei,Akobo,SS0301,2023,recurring,165,2023-01-03,2023-12-27,0.0
Jonglei,Akobo,SS0301,2023,unusual,5324,2023-01-03,2023-12-22,0.0
Jonglei,Ayod,SS0302,2023,recurring,41088,2023-01-02,2023-12-31,0.0
Jonglei,Ayod,SS0302,2023,unusual,512113,2023-01-02,2023-12-31,0.0
Jonglei,Bor South,SS0303,2023,recurring,10421,2023-01-03,2023-12-31,0.0
Jonglei,Bor South,SS0303,2023,unusual,128024,2023-01-03,2023-12-31,0.0
Jonglei,Canal/Pigi,SS0304,2023,recurring,810,2023-01-03,2023-12-31,0.0
Jonglei,Canal/Pigi,SS0304,2023,unusual,94081,2023-01-02,2023-12-31,0.0
Jonglei,Duk,SS0305,2023,recurring,18977,2023-01-03,2023-12-31,0.0
Jonglei,Duk,SS0305,2023,unusual,153978,2023-01-03,2023-12-31,0.0
Jonglei,Fangak,SS0306,2023,recurring,9059,2023-01-02,2023-12-31,0.0
Jonglei,Fangak,SS0306,2023,unusual,421978,2023-01-02,2023-12-31,0.0
Jonglei,Nyirol,SS0307,2023,unusual,134,2023-01-11,2023-12-31,0.0
Jonglei,Pibor,SS0308,2023,recurring,55,2023-01-04,2023-12-22,0.0
Jonglei,Pibor,SS0308,2023,unusual,9959,2023-01-02,2023-12-30,0.0
Jonglei,Pochalla,SS0309,2023,recurring,142,2023-01-05,2023-12-28,0.0
Jonglei,Pochalla,SS0309,2023,unusual,6436,2023-01-02,2023-12-27,0.0
Jonglei,Twic East,SS0310,2023,recurring,7155,2023-01-03,2023-12-31,0.0
Jonglei,Twic East,SS0310,2023,unusual,373450,2023-01-03,2023-12-31,0.0
Jonglei,Uror,SS0311,2023,recurring,6,2023-08-24,2023-08-25,0.0
Jonglei,Uror,SS0311,2023,unusual,12281,2023-01-03,2023-12-31,0.0
Lakes,Awerial,SS0401,2023,recurring,10298,2023-01-03,2023-12-31,0.0
Lakes,Awerial,SS0401,2023,unusual,27661,2023-01-03,2023-12-31,0.0
Lakes,Cueibet,SS0402,2023,unusual,739,2023-01-05,2023-12-31,0.0
Lakes,Rumbek Centre,SS0403,2023,unusual,715,2023-01-03,2023-12-31,0.0
Lakes,Rumbek East,SS0404,2023,recurring,858,2023-01-05,2023-12-31,0.0
Lakes,Rumbek East,SS0404,2023,unusual,794,2023-01-03,2023-12-31,0.0
Lakes,Rumbek North,SS0405,2023,unusual,4410,2023-01-03,2023-12-31,0.0
Lakes,Wulu,SS0406,2023,unusual,59,2023-01-03,2023-12-20,0.0
Lakes,Yirol East,SS0407,2023,recurring,4351,2023-01-03,2023-12-31,0.0
Lakes,Yirol East,SS0407,2023,unusual,45498,2023-01-03,2023-12-31,0.0
Lakes,Yirol West,SS0408,2023,recurring,397,2023-01-05,2023-12-31,0.0
Lakes,Yirol West,SS0408,2023,unusual,1409,2023-01-07,2023-12-30,0.0
Northern Bahr el Ghazal,Aweil Centre,SS0501,2023,unusual,44,2023-06-01,2023-12-07,0.0
Northern Bahr el Ghazal,Aweil East,SS0502,2023,recurring,218,2023-07-13,2023-11-27,0.0
Northern Bahr el Ghazal,Aweil East,SS0502,2023,unusual,137,2023-01-03,2023-12-30,0.0
Northern Bahr el Ghazal,Aweil South,SS0504,2023,recurring,185,2023-11-08,2023-12-30,0.0
Northern Bahr el Ghazal,Aweil South,SS0504,2023,unusual,41,2023-01-03,2023-12-26,0.0
Northern Bahr el Ghazal,Aweil West,SS0505,2023,unusual,17,2023-08-25,2023-11-27,0.0
Unity,Abiemnhom,SS0601,2023,unusual,473,2023-01-03,2023-03-06,0.0
Unity,Guit,SS0602,2023,recurring,166,2023-01-03,2023-12-31,0.0
Unity,Guit,SS0602,2023,unusual,1609139,2023-01-02,2023-12-31,0.0
Unity,Koch,SS0603,2023,recurring,12094,2023-01-02,2023-12-31,0.0
Unity,Koch,SS0603,2023,unusual,11482,2023-01-02,2023-12-31,0.0
Unity,Leer,SS0604,2023,recurring,2049,2023-01-03,2023-12-31,0.0
Unity,Leer,SS0604,2023,unusual,68729,2023-01-02,2023-12-31,0.0
Unity,Mayendit,SS0605,2023,recurring,8793,2023-01-02,2023-12-31,0.0
Unity,Mayendit,SS0605,2023,unusual,123375,2023-01-02,2023-12-31,0.0
Unity,Mayom,SS0606,2023,recurring,47026,2023-01-02,2023-12-31,0.0
Unity,Mayom,SS0606,2023,unusual,674631,2023-01-02,2023-12-31,0.0
Unity,Panyijiar,SS0607,2023,recurring,14782,2023-01-02,2023-12-31,0.0
Unity,Panyijiar,SS0607,2023,unusual,218204,2023-01-02,2023-12-31,0.0
Unity,Pariang,SS0608,2023,recurring,7872,2023-01-02,2023-12-31,0.0
Unity,Pariang,SS0608,2023,unusual,797158,2023-01-02,2023-12-31,0.0
Unity,Rubkona,SS0609,2023,recurring,191,2023-01-03,2023-12-31,0.0
Unity,Rubkona,SS0609,2023,unusual,6067023,2023-01-02,2023-12-31,0.0
Upper Nile,Baliet,SS0701,2023,recurring,1178,2023-01-03,2023-12-27,0.0
Upper Nile,Baliet,SS0701,2023,unusual,173585,2023-01-03,2023-12-31,0.0
Upper Nile,Fashoda,SS0702,2023,recurring,7,2023-01-14,2023-12-06,0.0
Upper Nile,Fashoda,SS0702,2023,unusual,12230,2023-01-03,2023-12-31,0.0
Upper Nile,Longochuk,SS0703,2023,recurring,14,2023-10-07,2023-12-20,0.0
Upper Nile,Longochuk,SS0703,2023,unusual,1677,2023-01-03,2023-12-31,0.0
Upper Nile,Luakpiny/Nasir,SS0704,2023,recurring,3802,2023-01-02,2023-12-31,0.0
Upper Nile,Luakpiny/Nasir,SS0704,2023,unusual,19206,2023-01-02,2023-12-31,0.0
Upper Nile,Maban,SS0705,2023,recurring,6,2023-01-03,2023-01-09,0.0
Upper Nile,Maban,SS0705,2023,unusual,1619,2023-01-03,2023-12-27,0.0
Upper Nile,Maiwut,SS0706,2023,unusual,219,2023-01-07,2023-05-23,0.0
Upper Nile,Malakal,SS0707,2023,recurring,37,2023-01-19,2023-12-30,0.0
Upper Nile,Malakal,SS0707,2023,unusual,18572,2023-01-03,2023-12-31,0.0
Upper Nile,Melut,SS0709,2023,unusual,1228,2023-01-03,2023-05-24,0.0
Upper Nile,Panyikang,SS0710,2023,recurring,2462,2023-01-03,2023-12-31,0.0
Upper Nile,Panyikang,SS0710,2023,unusual,131787,2023-01-02,2023-12-31,0.0
Upper Nile,Ulang,SS0712,2023,recurring,2144,2023-01-03,2023-12-31,0.0
Upper Nile,Ulang,SS0712,2023,unusual,6117,2023-01-03,2023-12-31,0.0
Warrap,Gogrial East,SS0801,2023,recurring,4108,2023-01-02,2023-12-31,0.0
Warrap,Gogrial East,SS0801,2023,unusual,22973,2023-01-02,2023-12-31,0.0
Warrap,Gogrial West,SS0802,2023,recurring,6917,2023-01-05,2023-12-31,0.0
Warrap,Gogrial West,SS0802,2023,unusual,46612,2023-01-03,2023-12-31,0.0
Warrap,Tonj East,SS0803,2023,unusual,598,2023-01-05,2023-12-31,0.0
Warrap,Tonj North,SS0804,2023,recurring,159525,2023-01-02,2023-12-31,0.0
Warrap,Tonj North,SS0804,2023,unusual,40372,2023-01-02,2023-12-31,0.0
Warrap,Tonj South,SS0805,2023,recurring,4,2023-11-22,2023-11-29,0.0
Warrap,Tonj South,SS0805,2023,unusual,3726,2023-01-03,2023-12-31,0.0
Warrap,Twic,SS0806,2023,recurring,4115,2023-01-02,2023-12-31,0.0
Warrap,Twic,SS0806,2023,unusual,8116,2023-01-02,2023-12-31,0.0
Western Bahr el Ghazal,Jur River,SS0901,2023,recurring,2089,2023-10-06,2023-12-16,0.0
Western Bahr el Ghazal,Jur River,SS0901,2023,unusual,3112,2023-01-17,2023-12-31,0.0
Western Bahr el Ghazal,Raja,SS0902,2023,recurring,7,2023-08-20,2023-08-21,0.0
Western Bahr el Ghazal,Raja,SS0902,2023,unusual,246,2023-01-03,2023-12-16,0.0
Western Bahr el Ghazal,Wau,SS0903,2023,recurring,220,2023-11-13,2023-11-30,0.0
Western Bahr el Ghazal,Wau,SS0903,2023,unusual,144,2023-07-11,2023-12-18,0.0
Western Equatoria,Ezo,SS1001,2023,unusual,9,2023-01-12,2023-11-22,0.0
Western Equatoria,Ibba,SS1002,2023,unusual,45,2023-01-04,2023-11-29,0.0
Western Equatoria,Maridi,SS1003,2023,unusual,22,2023-01-03,2023-11-08,0.0
Western Equatoria,Mundri East,SS1004,2023,unusual,17,2023-01-03,2023-12-20,0.0
Western Equatoria,Mundri West,SS1005,2023,unusual,79,2023-01-03,2023-12-21,0.0
Western Equatoria,Mvolo,SS1006,2023,unusual,134,2023-01-03,2023-12-20,0.0
Western Equatoria,Nagero,SS1007,2023,unusual,13,2023-11-22,2023-12-24,0.0
Western Equatoria,Nzara,SS1008,2023,unusual,31,2023-01-12,2023-12-12,0.0
Western Equatoria,Tambura,SS1009,2023,unusual,13,2023-01-10,2023-06-01,0.0
Western Equatoria,Yambio,SS1010,2023,unusual,55,2023-01-03,2023-12-20,0.0
Abyei Region,Abyei Region,SS0001,2024,unusual,17,2024-03-15,2025-01-04,0.0
Central Equatoria,Juba,SS0101,2024,recurring,857,2024-01-01,2025-01-05,0.0
Central Equatoria,Juba,SS0101,2024,unusual,1679,2024-01-01,2025-01-05,0.0
Central Equatoria,Kajo-keji,SS0102,2024,recurring,15,2024-11-08,2025-01-04,0.0
Central Equatoria,Kajo-keji,SS0102,2024,unusual,94,2024-01-09,2025-01-04,0.0
Central Equatoria,Lainya,SS0103,2024,unusual,83,2024-01-22,2024-01-24,0.0
Central Equatoria,Morobo,SS0104,2024,unusual,9,2024-01-22,2024-12-29,0.0
Central Equatoria,Terekeka,SS0105,2024,recurring,689,2024-01-01,2025-01-04,0.0
Central Equatoria,Terekeka,SS0105,2024,unusual,11638,2024-01-01,2025-01-05,0.0
Central Equatoria,Yei,SS0106,2024,unusual,56,2024-01-22,2024-12-07,0.0
Eastern Equatoria,Budi,SS0201,2024,unusual,445,2024-01-01,2025-01-04,0.0
Eastern Equatoria,Ikotos,SS0202,2024,unusual,77,2024-02-10,2025-01-04,0.0
Eastern Equatoria,Kapoeta East,SS0203,2024,recurring,1476,2024-04-01,2024-12-31,0.0
Eastern Equatoria,Kapoeta East,SS0203,2024,unusual,145224,2024-01-01,2025-01-05,0.0
Eastern Equatoria,Kapoeta North,SS0204,2024,unusual,1471,2024-01-01,2025-01-05,0.0
Eastern Equatoria,Kapoeta South,SS0205,2024,unusual,25,2024-02-10,2024-12-20,0.0
Eastern Equatoria,Lafon,SS0206,2024,unusual,13619,2024-01-01,2025-01-05,0.0
Eastern Equatoria,Magwi,SS0207,2024,recurring,6,2024-01-13,2025-01-01,0.0
Eastern Equatoria,Magwi,SS0207,2024,unusual,195,2024-01-01,2025-01-04,0.0
Eastern Equatoria,Torit,SS0208,2024,unusual,178,2024-01-01,2025-01-05,0.0
Jonglei,Akobo,SS0301,2024,recurring,80,2024-01-01,2025-01-04,0.0
Jonglei,Akobo,SS0301,2024,unusual,9621,2024-01-05,2025-01-04,0.0
Jonglei,Ayod,SS0302,2024,recurring,32208,2024-01-01,2025-01-05,0.0
Jonglei,Ayod,SS0302,2024,unusual,645586,2024-01-01,2025-01-05,0.0
Jonglei,Bor South,SS0303,2024,recurring,8858,2024-01-01,2025-01-05,0.0
Jonglei,Bor South,SS0303,2024,unusual,97874,2024-01-01,2025-01-05,0.0
Jonglei,Canal/Pigi,SS0304,2024,recurring,646,2024-01-01,2025-01-05,0.0
Jonglei,Canal/Pigi,SS0304,2024,unusual,28044,2024-01-01,2025-01-05,0.0
Jonglei,Duk,SS0305,2024,recurring,19679,2024-01-01,2025-01-05,0.0
Jonglei,Duk,SS0305,2024,unusual,709978,2024-01-01,2025-01-05,0.0
Jonglei,Fangak,SS0306,2024,recurring,8042,2024-01-01,2025-01-05,0.0
Jonglei,Fangak,SS0306,2024,unusual,678657,2024-01-01,2025-01-05,0.0
Jonglei,Nyirol,SS0307,2024,unusual,398,2024-01-01,2024-12-15,0.0
Jonglei,Pibor,SS0308,2024,recurring,18,2024-01-04,2024-12-27,0.0
Jonglei,Pibor,SS0308,2024,unusual,29566,2024-01-02,2025-01-05,0.0
Jonglei,Pochalla,SS0309,2024,recurring,106,2024-01-04,2025-01-05,0.0
Jonglei,Pochalla,SS0309,2024,unusual,3713,2024-01-08,2025-01-05,0.0
Jonglei,Twic East,SS0310,2024,recurring,6220,2024-01-01,2025-01-05,0.0
Jonglei,Twic East,SS0310,2024,unusual,288926,2024-01-01,2025-01-05,0.0
Jonglei,Uror,SS0311,2024,unusual,14592,2024-01-01,2025-01-05,0.0
Lakes,Awerial,SS0401,2024,recurring,8842,2024-01-01,2025-01-05,0.0
Lakes,Awerial,SS0401,2024,unusual,35162,2024-01-01,2025-01-05,0.0
Lakes,Cueibet,SS0402,2024,unusual,1201,2024-01-01,2025-01-05,0.0
Lakes,Rumbek Centre,SS0403,2024,unusual,5173,2024-01-01,2024-12-05,0.0
Lakes,Rumbek East,SS0404,2024,recurring,1264,2024-01-01,2025-01-05,0.0
Lakes,Rumbek East,SS0404,2024,unusual,2688,2024-01-01,2025-01-05,0.0
Lakes,Rumbek North,SS0405,2024,unusual,11004,2024-01-01,2025-01-05,0.0
Lakes,Wulu,SS0406,2024,recurring,3,2024-09-11,2024-09-28,0.0
Lakes,Wulu,SS0406,2024,unusual,162,2024-01-01,2024-12-28,0.0
Lakes,Yirol East,SS0407,2024,recurring,3724,2024-01-01,2025-01-05,0.0
Lakes,Yirol East,SS0407,2024,unusual,126846,2024-01-01,2025-01-05,0.0
Lakes,Yirol West,SS0408,2024,recurring,830,2024-01-01,2025-01-05,0.0
Lakes,Yirol West,SS0408,2024,unusual,2680,2024-01-04,2025-01-05,0.0
Northern Bahr el Ghazal,Aweil Centre,SS0501,2024,recurring,163,2024-09-06,2024-11-13,0.0
Northern Bahr el Ghazal,Aweil Centre,SS0501,2024,unusual,173,2024-01-01,2024-12-22,0.0
Northern Bahr el Ghazal,Aweil East,SS0502,2024,recurring,29948,2024-09-02,2024-12-31,0.0
Northern Bahr el Ghazal,Aweil East,SS0502,2024,unusual,22341,2024-01-06,2025-01-05,0.0
Northern Bahr el Ghazal,Aweil North,SS0503,2024,recurring,114,2024-09-06,2024-11-08,0.0
Northern Bahr el Ghazal,Aweil North,SS0503,2024,unusual,900,2024-09-06,2024-11-14,0.0
Northern Bahr el Ghazal,Aweil South,SS0504,2024,recurring,23436,2024-09-07,2025-01-04,0.0
Northern Bahr el Ghazal,Aweil South,SS0504,2024,unusual,24424,2024-01-06,2025-01-04,0.0
Northern Bahr el Ghazal,Aweil West,SS0505,2024,recurring,973,2024-09-07,2024-11-15,0.0
Northern Bahr el Ghazal,Aweil West,SS0505,2024,unusual,3399,2024-03-18,2024-12-04,0.0
Unity,Abiemnhom,SS0601,2024,unusual,5,2024-05-27,2024-12-11,0.0
Unity,Guit,SS0602,2024,recurring,226,2024-01-01,2025-01-04,0.0
Unity,Guit,SS0602,2024,unusual,1215362,2024-01-01,2025-01-05,0.0
Unity,Koch,SS0603,2024,recurring,10217,2024-01-01,2025-01-05,0.0
Unity,Koch,SS0603,2024,unusual,12004,2024-01-01,2025-01-05,0.0
Unity,Leer,SS0604,2024,recurring,1123,2024-01-01,2025-01-04,0.0
Unity,Leer,SS0604,2024,unusual,79595,2024-01-01,2025-01-05,0.0
Unity,Mayendit,SS0605,2024,recurring,10972,2024-01-01,2025-01-05,0.0
Unity,Mayendit,SS0605,2024,unusual,395334,2024-01-01,2025-01-05,0.0
Unity,Mayom,SS0606,2024,recurring,61026,2024-01-01,2025-01-05,0.0
Unity,Mayom,SS0606,2024,unusual,290373,2024-01-01,2025-01-05,0.0
Unity,Panyijiar,SS0607,2024,recurring,5732,2024-01-01,2025-01-05,0.0
Unity,Panyijiar,SS0607,2024,unusual,141780,2024-01-01,2025-01-05,0.0
Unity,Pariang,SS0608,2024,recurring,10150,2024-01-01,2025-01-05,0.0
Unity,Pariang,SS0608,2024,unusual,344836,2024-01-01,2025-01-05,0.0
Unity,Rubkona,SS0609,2024,recurring,235,2024-01-05,2025-01-05,0.0
Unity,Rubkona,SS0609,2024,unusual,3880259,2024-01-01,2025-01-05,0.0
Upper Nile,Baliet,SS0701,2024,recurring,1707,2024-01-01,2024-12-27,0.0
Upper Nile,Baliet,SS0701,2024,unusual,47072,2024-01-01,2025-01-05,0.0
Upper Nile,Fashoda,SS0702,2024,recurring,4,2024-01-13,2024-12-27,0.0
Upper Nile,Fashoda,SS0702,2024,unusual,477,2024-01-01,2025-01-04,0.0
Upper Nile,Longochuk,SS0703,2024,recurring,21,2024-10-27,2024-12-27,0.0
Upper Nile,Longochuk,SS0703,2024,unusual,5848,2024-01-01,2025-01-05,0.0
Upper Nile,Luakpiny/Nasir,SS0704,2024,recurring,1058,2024-01-01,2025-01-05,0.0
Upper Nile,Luakpiny/Nasir,SS0704,2024,unusual,23813,2024-01-01,2025-01-05,0.0
Upper Nile,Maban,SS0705,2024,recurring,38,2024-12-22,2025-01-04,0.0
Upper Nile,Maban,SS0705,2024,unusual,14145,2024-01-01,2025-01-05,0.0
Upper Nile,Maiwut,SS0706,2024,unusual,317,2024-01-07,2025-01-05,0.0
Upper Nile,Malakal,SS0707,2024,recurring,12,2024-11-08,2024-12-27,0.0
Upper Nile,Malakal,SS0707,2024,unusual,1910,2024-01-01,2025-01-04,0.0
Upper Nile,Melut,SS0709,2024,unusual,87,2024-01-07,2025-01-04,0.0
Upper Nile,Panyikang,SS0710,2024,recurring,2854,2024-01-01,2025-01-05,0.0
Upper Nile,Panyikang,SS0710,2024,unusual,157763,2024-01-01,2025-01-05,0.0
Upper Nile,Ulang,SS0712,2024,recurring,4150,2024-01-01,2025-01-05,0.0
Upper Nile,Ulang,SS0712,2024,unusual,16588,2024-01-01,2025-01-05,0.0
Warrap,Gogrial East,SS0801,2024,recurring,21403,2024-01-01,2025-01-05,0.0
Warrap,Gogrial East,SS0801,2024,unusual,61005,2024-01-01,2025-01-05,0.0
Warrap,Gogrial West,SS0802,2024,recurring,21280,2024-09-10,2025-01-04,0.0
Warrap,Gogrial West,SS0802,2024,unusual,39832,2024-01-01,2025-01-05,0.0
Warrap,Tonj East,SS0803,2024,unusual,6125,2024-01-01,2025-01-04,0.0
Warrap,Tonj North,SS0804,2024,recurring,207649,2024-01-01,2025-01-05,0.0
Warrap,Tonj North,SS0804,2024,unusual,129135,2024-01-01,2025-01-05,0.0
Warrap,Tonj South,SS0805,2024,recurring,1329,2024-09-30,2024-11-30,0.0
Warrap,Tonj South,SS0805,2024,unusual,11148,2024-01-01,2024-12-30,0.0
Warrap,Twic,SS0806,2024,recurring,9687,2024-01-01,2025-01-05,0.0
Warrap,Twic,SS0806,2024,unusual,17760,2024-01-01,2025-01-05,0.0
Western Bahr el Ghazal,Jur River,SS0901,2024,recurring,3853,2024-09-08,2024-11-30,0.0
Western Bahr el Ghazal,Jur River,SS0901,2024,unusual,7207,2024-01-06,2025-01-05,0.0
Western Bahr el Ghazal,Raja,SS0902,2024,recurring,12,2024-09-23,2024-10-30,0.0
Western Bahr el Ghazal,Raja,SS0902,2024,unusual,313,2024-01-01,2025-01-04,0.0
Western Bahr el Ghazal,Wau,SS0903,2024,recurring,639,2024-09-10,2024-11-21,0.0
Western Bahr el Ghazal,Wau,SS0903,2024,unusual,260,2024-01-10,2024-12-20,0.0
Western Equatoria,Ezo,SS1001,2024,unusual,128,2024-01-01,2024-12-28,0.0
Western Equatoria,Ibba,SS1002,2024,unusual,126,2024-01-08,2025-01-05,0.0
Western Equatoria,Maridi,SS1003,2024,unusual,53,2024-01-06,2024-12-17,0.0
Western Equatoria,Mundri East,SS1004,2024,unusual,36,2024-01-08,2024-12-12,0.0
Western Equatoria,Mundri West,SS1005,2024,unusual,66,2024-01-01,2024-12-14,0.0
Western Equatoria,Mvolo,SS1006,2024,recurring,22,2024-09-08,2024-09-11,0.0
Western Equatoria,Mvolo,SS1006,2024,unusual,93,2024-01-08,2025-01-04,0.0
Western Equatoria,Nagero,SS1007,2024,unusual,747,2024-01-06,2024-12-28,0.0
Western Equatoria,Nzara,SS1008,2024,unusual,40,2024-01-01,2024-12-28,0.0
Western Equatoria,Tambura,SS1009,2024,unusual,93,2024-01-08,2024-12-29,0.0
Western Equatoria,Yambio,SS1010,2024,unusual,71,2024-01-06,2025-01-05,0.0
Abyei Region,Abyei Region,SS0001,2025,unusual,73,2025-01-09,2025-12-23,0.0
Central Equatoria,Juba,SS0101,2025,recurring,345,2025-01-06,2025-12-27,0.0
Central Equatoria,Juba,SS0101,2025,unusual,1829,2025-01-06,2025-12-29,0.0
Central Equatoria,Kajo-keji,SS0102,2025,recurring,2,2025-11-21,2025-11-30,0.0
Central Equatoria,Kajo-keji,SS0102,2025,unusual,21,2025-01-06,2025-12-27,0.0
Central Equatoria,Lainya,SS0103,2025,unusual,8,2025-01-06,2025-01-20,0.0
Central Equatoria,Morobo,SS0104,2025,unusual,6,2025-01-21,2025-12-27,0.0
Central Equatoria,Terekeka,SS0105,2025,recurring,269,2025-01-06,2025-12-29,0.0
Central Equatoria,Terekeka,SS0105,2025,unusual,5813,2025-01-06,2025-12-29,0.0
Central Equatoria,Yei,SS0106,2025,unusual,140,2025-01-19,2025-12-27,0.0
Eastern Equatoria,Budi,SS0201,2025,unusual,183,2025-01-06,2025-12-22,0.0
Eastern Equatoria,Ikotos,SS0202,2025,unusual,275,2025-01-21,2025-12-23,0.0
Eastern Equatoria,Kapoeta East,SS0203,2025,recurring,1520,2025-04-03,2025-11-30,0.0
Eastern Equatoria,Kapoeta East,SS0203,2025,unusual,105257,2025-01-06,2025-12-28,0.0
Eastern Equatoria,Kapoeta North,SS0204,2025,unusual,379,2025-01-06,2025-12-23,0.0
Eastern Equatoria,Kapoeta South,SS0205,2025,unusual,9,2025-04-15,2025-11-18,0.0
Eastern Equatoria,Lafon,SS0206,2025,unusual,9883,2025-01-06,2025-12-29,0.0
Eastern Equatoria,Magwi,SS0207,2025,recurring,7,2025-01-06,2025-11-05,0.0
Eastern Equatoria,Magwi,SS0207,2025,unusual,156,2025-01-06,2025-12-26,0.0
Eastern Equatoria,Torit,SS0208,2025,unusual,355,2025-01-06,2025-12-28,0.0
Jonglei,Akobo,SS0301,2025,recurring,23,2025-01-06,2025-12-25,0.0
Jonglei,Akobo,SS0301,2025,unusual,9265,2025-01-06,2025-12-28,0.0
Jonglei,Ayod,SS0302,2025,recurring,17453,2025-01-06,2025-12-30,0.0
Jonglei,Ayod,SS0302,2025,unusual,1320626,2025-01-06,2025-12-31,0.0
Jonglei,Bor South,SS0303,2025,recurring,4043,2025-01-06,2025-12-30,0.0
Jonglei,Bor South,SS0303,2025,unusual,59141,2025-01-06,2025-12-30,0.0
Jonglei,Canal/Pigi,SS0304,2025,recurring,377,2025-01-06,2025-12-30,0.0
Jonglei,Canal/Pigi,SS0304,2025,unusual,14464,2025-01-06,2025-12-31,0.0
Jonglei,Duk,SS0305,2025,recurring,13096,2025-01-06,2025-12-30,0.0
Jonglei,Duk,SS0305,2025,unusual,679328,2025-01-06,2025-12-30,0.0
Jonglei,Fangak,SS0306,2025,recurring,4343,2025-01-06,2025-12-31,0.0
Jonglei,Fangak,SS0306,2025,unusual,1329214,2025-01-06,2025-12-31,0.0
Jonglei,Nyirol,SS0307,2025,unusual,264,2025-01-13,2025-12-27,0.0
Jonglei,Pibor,SS0308,2025,recurring,44,2025-01-11,2025-12-27,0.0
Jonglei,Pibor,SS0308,2025,unusual,18983,2025-01-06,2025-12-29,0.0
Jonglei,Pochalla,SS0309,2025,recurring,84,2025-01-06,2025-12-24,0.0
Jonglei,Pochalla,SS0309,2025,unusual,21272,2025-01-06,2025-12-31,0.0
Jonglei,Twic East,SS0310,2025,recurring,4112,2025-01-06,2025-12-30,0.0
Jonglei,Twic East,SS0310,2025,unusual,180975,2025-01-06,2025-12-30,0.0
Jonglei,Uror,SS0311,2025,unusual,20349,2025-01-06,2025-12-28,0.0
Lakes,Awerial,SS0401,2025,recurring,4853,2025-01-06,2025-12-30,0.0
Lakes,Awerial,SS0401,2025,unusual,20956,2025-01-06,2025-12-30,0.0
Lakes,Cueibet,SS0402,2025,unusual,876,2025-01-06,2025-12-28,0.0
Lakes,Rumbek Centre,SS0403,2025,unusual,3094,2025-01-09,2025-12-28,0.0
Lakes,Rumbek East,SS0404,2025,recurring,944,2025-01-06,2025-12-29,0.0
Lakes,Rumbek East,SS0404,2025,unusual,1191,2025-01-06,2025-12-29,0.0
Lakes,Rumbek North,SS0405,2025,unusual,10423,2025-01-06,2025-12-28,0.0
Lakes,Wulu,SS0406,2025,recurring,3,2025-10-09,2025-10-24,0.0
Lakes,Wulu,SS0406,2025,unusual,177,2025-01-10,2025-12-28,0.0
Lakes,Yirol East,SS0407,2025,recurring,1918,2025-01-06,2025-12-29,0.0
Lakes,Yirol East,SS0407,2025,unusual,129499,2025-01-06,2025-12-30,0.0
Lakes,Yirol West,SS0408,2025,recurring,704,2025-01-06,2025-12-29,0.0
Lakes,Yirol West,SS0408,2025,unusual,734,2025-01-06,2025-12-28,0.0
Northern Bahr el Ghazal,Aweil Centre,SS0501,2025,recurring,63,2025-10-17,2025-10-29,0.0
Northern Bahr el Ghazal,Aweil Centre,SS0501,2025,unusual,298,2025-10-17,2025-12-17,0.0
Northern Bahr el Ghazal,Aweil East,SS0502,2025,recurring,1125,2025-09-19,2025-12-13,0.0
Northern Bahr el Ghazal,Aweil East,SS0502,2025,unusual,1035,2025-01-06,2025-12-21,0.0
Northern Bahr el Ghazal,Aweil North,SS0503,2025,recurring,12,2025-09-29,2025-10-29,0.0
Northern Bahr el Ghazal,Aweil North,SS0503,2025,unusual,568,2025-10-10,2025-11-11,0.0
Northern Bahr el Ghazal,Aweil South,SS0504,2025,recurring,2204,2025-10-09,2025-12-13,0.0
Northern Bahr el Ghazal,Aweil South,SS0504,2025,unusual,5,2025-10-24,2025-12-13,0.0
Northern Bahr el Ghazal,Aweil West,SS0505,2025,recurring,77,2025-10-09,2025-11-08,0.0
Northern Bahr el Ghazal,Aweil West,SS0505,2025,unusual,1267,2025-01-29,2025-11-11,0.0
Unity,Abiemnhom,SS0601,2025,unusual,133,2025-01-12,2025-12-16,0.0
Unity,Guit,SS0602,2025,recurring,86,2025-01-09,2025-12-27,0.0
Unity,Guit,SS0602,2025,unusual,861711,2025-01-06,2025-12-31,0.0
Unity,Koch,SS0603,2025,recurring,10241,2025-01-06,2025-12-30,0.0
Unity,Koch,SS0603,2025,unusual,25483,2025-01-06,2025-12-31,0.0
Unity,Leer,SS0604,2025,recurring,478,2025-01-06,2025-12-30,0.0
Unity,Leer,SS0604,2025,unusual,42439,2025-01-06,2025-12-30,0.0
Unity,Mayendit,SS0605,2025,recurring,3850,2025-01-06,2025-12-30,0.0
Unity,Mayendit,SS0605,2025,unusual,671836,2025-01-06,2025-12-31,0.0
Unity,Mayom,SS0606,2025,recurring,57810,2025-01-06,2025-12-31,0.0
Unity,Mayom,SS0606,2025,unusual,158791,2025-01-06,2025-12-31,0.0
Unity,Panyijiar,SS0607,2025,recurring,1271,2025-01-06,2025-12-30,0.0
Unity,Panyijiar,SS0607,2025,unusual,85878,2025-01-06,2025-12-31,0.0
Unity,Pariang,SS0608,2025,recurring,7755,2025-01-06,2025-12-31,0.0
Unity,Pariang,SS0608,2025,unusual,221900,2025-01-06,2025-12-31,0.0
Unity,Rubkona,SS0609,2025,recurring,77,2025-01-06,2025-12-28,0.0
Unity,Rubkona,SS0609,2025,unusual,2132056,2025-01-06,2025-12-31,0.0
Upper Nile,Baliet,SS0701,2025,recurring,398,2025-01-06,2025-12-30,0.0
Upper Nile,Baliet,SS0701,2025,unusual,48797,2025-01-06,2025-12-29,0.0
Upper Nile,Fashoda,SS0702,2025,recurring,8,2025-01-06,2025-12-15,0.0
Upper Nile,Fashoda,SS0702,2025,unusual,509,2025-01-06,2025-12-28,0.0
Upper Nile,Longochuk,SS0703,2025,recurring,19,2025-10-26,2025-12-27,0.0
Upper Nile,Longochuk,SS0703,2025,unusual,2335,2025-01-06,2025-12-31,0.0
Upper Nile,Luakpiny/Nasir,SS0704,2025,recurring,416,2025-01-06,2025-12-29,0.0
Upper Nile,Luakpiny/Nasir,SS0704,2025,unusual,19838,2025-01-06,2025-12-29,0.0
Upper Nile,Maban,SS0705,2025,recurring,1,2025-01-16,2025-01-16,0.0
Upper Nile,Maban,SS0705,2025,unusual,4782,2025-01-06,2025-12-29,0.0
Upper Nile,Maiwut,SS0706,2025,unusual,281,2025-01-06,2025-12-30,0.0
Upper Nile,Malakal,SS0707,2025,recurring,4,2025-01-21,2025-01-30,0.0
Upper Nile,Malakal,SS0707,2025,unusual,389,2025-01-06,2025-12-27,0.0
Upper Nile,Melut,SS0709,2025,unusual,13,2025-01-08,2025-07-14,0.0
Upper Nile,Panyikang,SS0710,2025,recurring,1964,2025-01-06,2025-12-31,0.0
Upper Nile,Panyikang,SS0710,2025,unusual,182310,2025-01-06,2025-12-31,0.0
Upper Nile,Ulang,SS0712,2025,recurring,1086,2025-01-06,2025-12-27,0.0
Upper Nile,Ulang,SS0712,2025,unusual,13591,2025-01-06,2025-12-29,0.0
Warrap,Gogrial East,SS0801,2025,recurring,818,2025-01-06,2025-12-28,0.0
Warrap,Gogrial East,SS0801,2025,unusual,8591,2025-01-06,2025-12-30,0.0
Warrap,Gogrial West,SS0802,2025,recurring,2392,2025-01-06,2025-12-18,0.0
Warrap,Gogrial West,SS0802,2025,unusual,1572,2025-01-06,2025-12-23,0.0
Warrap,Tonj East,SS0803,2025,unusual,2098,2025-01-09,2025-12-28,0.0
Warrap,Tonj North,SS0804,2025,recurring,175941,2025-01-06,2025-12-31,0.0
Warrap,Tonj North,SS0804,2025,unusual,55754,2025-01-06,2025-12-31,0.0
Warrap,Tonj South,SS0805,2025,unusual,252,2025-01-06,2025-12-27,0.0
Warrap,Twic,SS0806,2025,recurring,1852,2025-01-06,2025-12-28,0.0
Warrap,Twic,SS0806,2025,unusual,5540,2025-01-06,2025-12-28,0.0
Western Bahr el Ghazal,Jur River,SS0901,2025,recurring,117,2025-10-09,2025-11-28,0.0
Western Bahr el Ghazal,Jur River,SS0901,2025,unusual,184,2025-01-06,2025-12-27,0.0
Western Bahr el Ghazal,Raja,SS0902,2025,recurring,2,2025-10-11,2025-10-11,0.0
Western Bahr el Ghazal,Raja,SS0902,2025,unusual,349,2025-01-07,2025-12-31,0.0
Western Bahr el Ghazal,Wau,SS0903,2025,recurring,45,2025-10-24,2025-11-19,0.0
Western Bahr el Ghazal,Wau,SS0903,2025,unusual,88,2025-02-28,2025-12-23,0.0
Western Equatoria,Ezo,SS1001,2025,unusual,38,2025-01-06,2025-12-27,0.0
Western Equatoria,Ibba,SS1002,2025,unusual,128,2025-01-06,2025-12-28,0.0
Western Equatoria,Maridi,SS1003,2025,unusual,74,2025-01-12,2025-12-27,0.0
Western Equatoria,Mundri East,SS1004,2025,unusual,86,2025-01-21,2025-12-27,0.0
Western Equatoria,Mundri West,SS1005,2025,unusual,116,2025-01-18,2025-12-27,0.0
Western Equatoria,Mvolo,SS1006,2025,unusual,91,2025-01-06,2025-12-28,0.0
Western Equatoria,Nagero,SS1007,2025,unusual,71,2025-01-11,2025-12-28,0.0
Western Equatoria,Nzara,SS1008,2025,unusual,115,2025-01-06,2025-12-28,0.0
Western Equatoria,Tambura,SS1009,2025,unusual,45,2025-02-28,2025-12-28,0.0
Western Equatoria,Yambio,SS1010,2025,unusual,133,2025-01-06,2025-12-26,0.0
