week,county,q50_km2,det_prob,tier,phase,crop_exposed_ha,rangeland_exposed_ha,cattle_mapped,advisory
2010-01-11,Aweil Centre,0.0,0.048,0,dry season (late phase),0.0,0.0,364961.8333817694,"No flood expected in Aweil Centre this week (q50 0.0 km²). Routine monitoring. (Aweil Centre maps ~364,962 cattle in baseline.)"
2010-01-11,Aweil East,0.0,0.056,0,dry season (late phase),0.0,0.0,505027.7802561831,"No flood expected in Aweil East this week (q50 0.0 km²). Routine monitoring. (Aweil East maps ~505,028 cattle in baseline.)"
2010-01-11,Aweil North,0.0,0.038,0,dry season (late phase),0.0,0.0,463800.5038861725,"No flood expected in Aweil North this week (q50 0.0 km²). Routine monitoring. (Aweil North maps ~463,801 cattle in baseline.)"
2010-01-11,Aweil South,0.0,0.041,0,dry season (late phase),0.0,0.0,141256.8006910938,"No flood expected in Aweil South this week (q50 0.0 km²). Routine monitoring. (Aweil South maps ~141,257 cattle in baseline.)"
2010-01-11,Aweil West,0.0,0.037,0,dry season (late phase),0.0,0.0,318964.9515941321,"No flood expected in Aweil West this week (q50 0.0 km²). Routine monitoring. (Aweil West maps ~318,965 cattle in baseline.)"
2010-01-18,Aweil Centre,0.0,0.042,0,dry season (late phase),0.0,0.0,364961.8333817694,"No flood expected in Aweil Centre this week (q50 0.0 km²). Routine monitoring. (Aweil Centre maps ~364,962 cattle in baseline.)"
2010-01-18,Aweil East,0.0,0.051,0,dry season (late phase),0.0,0.0,505027.7802561831,"No flood expected in Aweil East this week (q50 0.0 km²). Routine monitoring. (Aweil East maps ~505,028 cattle in baseline.)"
2010-01-18,Aweil North,0.0,0.032,0,dry season (late phase),0.0,0.0,463800.5038861725,"No flood expected in Aweil North this week (q50 0.0 km²). Routine monitoring. (Aweil North maps ~463,801 cattle in baseline.)"
2010-01-18,Aweil South,0.0,0.033,0,dry season (late phase),0.0,0.0,141256.8006910938,"No flood expected in Aweil South this week (q50 0.0 km²). Routine monitoring. (Aweil South maps ~141,257 cattle in baseline.)"
2010-01-18,Aweil West,0.0,0.029,0,dry season (late phase),0.0,0.0,318964.9515941321,"No flood expected in Aweil West this week (q50 0.0 km²). Routine monitoring. (Aweil West maps ~318,965 cattle in baseline.)"
2010-01-25,Aweil Centre,0.0,0.04,0,dry season (late phase),0.0,0.0,364961.8333817694,"No flood expected in Aweil Centre this week (q50 0.0 km²). Routine monitoring. (Aweil Centre maps ~364,962 cattle in baseline.)"
2010-01-25,Aweil East,0.0,0.051,0,dry season (late phase),0.0,0.0,505027.7802561831,"No flood expected in Aweil East this week (q50 0.0 km²). Routine monitoring. (Aweil East maps ~505,028 cattle in baseline.)"
2010-01-25,Aweil North,0.0,0.024,0,dry season (late phase),0.0,0.0,463800.5038861725,"No flood expected in Aweil North this week (q50 0.0 km²). Routine monitoring. (Aweil North maps ~463,801 cattle in baseline.)"
2010-01-25,Aweil South,0.0,0.034,0,dry season (late phase),0.0,0.0,141256.8006910938,"No flood expected in Aweil South this week (q50 0.0 km²). Routine monitoring. (Aweil South maps ~141,257 cattle in baseline.)"
2010-01-25,Aweil West,0.0,0.029,0,dry season (late phase),0.0,0.0,318964.9515941321,"No flood expected in Aweil West this week (q50 0.0 km²). Routine monitoring. (Aweil West maps ~318,965 cattle in baseline.)"
2010-02-01,Aweil Centre,0.0,0.147,3,dry season,0.0,0.0,364961.8333817694,"SEVERE flood expected in Aweil Centre this week: q50 0.0 km², above the 95th percentile of all February weeks since 2000. Dry season: little active cropping; floodplain grazing and residual flooding dominate. (Aweil Centre maps ~364,962 cattle in baseline.)"
2010-02-01,Aweil East,0.0,0.04,0,dry season,0.0,0.0,505027.7802561831,"No flood expected in Aweil East this week (q50 0.0 km²). Routine monitoring. (Aweil East maps ~505,028 cattle in baseline.)"
2010-02-01,Aweil North,0.0,0.025,0,dry season,0.0,0.0,463800.5038861725,"No flood expected in Aweil North this week (q50 0.0 km²). Routine monitoring. (Aweil North maps ~463,801 cattle in baseline.)"
2010-02-01,Aweil South,0.0,0.03,0,dry season,0.0,0.0,141256.8006910938,"No flood expected in Aweil South this week (q50 0.0 km²). Routine monitoring. (Aweil South maps ~141,257 cattle in baseline.)"
2010-02-01,Aweil West,0.0,0.029,0,dry season,0.0,0.0,318964.9515941321,"No flood expected in Aweil West this week (q50 0.0 km²). Routine monitoring. (Aweil West maps ~318,965 cattle in baseline.)"
2010-02-08,Aweil Centre,0.0,0.064,0,dry season,0.0,0.0,364961.8333817694,"No flood expected in Aweil Centre this week (q50 0.0 km²). Routine monitoring. (Aweil Centre maps ~364,962 cattle in baseline.)"
2010-02-08,Aweil East,0.0,0.046,0,dry season,0.0,0.0,505027.7802561831,"No flood expected in Aweil East this week (q50 0.0 km²). Routine monitoring. (Aweil East maps ~505,028 cattle in baseline.)"
2010-02-08,Aweil North,0.0,0.031,0,dry season,0.0,0.0,463800.5038861725,"No flood expected in Aweil North this week (q50 0.0 km²). Routine monitoring. (Aweil North maps ~463,801 cattle in baseline.)"
2010-02-08,Aweil South,0.0,0.035,0,dry season,0.0,0.0,141256.8006910938,"No flood expected in Aweil South this week (q50 0.0 km²). Routine monitoring. (Aweil South maps ~141,257 cattle in baseline.)"
2010-02-08,Aweil West,0.0,0.035,0,dry season,0.0,0.0,318964.9515941321,"No flood expected in Aweil West this week (q50 0.0 km²). Routine monitoring. (Aweil West maps ~318,965 cattle in baseline.)"
2010-02-15,Aweil Centre,0.0,0.077,0,dry season,0.0,0.0,364961.8333817694,"No flood expected in Aweil Centre this week (q50 0.0 km²). Routine monitoring. (Aweil Centre maps ~364,962 cattle in baseline.)"
2010-02-15,Aweil East,0.0,0.043,0,dry season,0.0,0.0,505027.7802561831,"No flood expected in Aweil East this week (q50 0.0 km²). Routine monitoring. (Aweil East maps ~505,028 cattle in baseline.)"
2010-02-15,Aweil North,0.0,0.027,0,dry season,0.0,0.0,463800.5038861725,"No flood expected in Aweil North this week (q50 0.0 km²). Routine monitoring. (Aweil North maps ~463,801 cattle in baseline.)"
2010-02-15,Aweil South,0.0,0.031,0,dry season,0.0,0.0,141256.8006910938,"No flood expected in Aweil South this week (q50 0.0 km²). Routine monitoring. (Aweil South maps ~141,257 cattle in baseline.)"
2010-02-15,Aweil West,0.0,0.032,0,dry season,0.0,0.0,318964.9515941321,"No flood expected in Aweil West this week (q50 0.0 km²). Routine monitoring. (Aweil West maps ~318,965 cattle in baseline.)"
2010-02-22,Aweil Centre,0.0,0.044,0,dry season,0.0,0.0,364961.8333817694,"No flood expected in Aweil Centre this week (q50 0.0 km²). Routine monitoring. (Aweil Centre maps ~364,962 cattle in baseline.)"
2010-02-22,Aweil East,0.0,0.043,0,dry season,0.0,0.0,505027.7802561831,"No flood expected in Aweil East this week (q50 0.0 km²). Routine monitoring. (Aweil East maps ~505,028 cattle in baseline.)"
2010-02-22,Aweil North,0.0,0.027,0,dry season,0.0,0.0,463800.5038861725,"No flood expected in Aweil North this week (q50 0.0 km²). Routine monitoring. (Aweil North maps ~463,801 cattle in baseline.)"
2010-02-22,Aweil South,0.0,0.032,0,dry season,0.0,0.0,141256.8006910938,"No flood expected in Aweil South this week (q50 0.0 km²). Routine monitoring. (Aweil South maps ~141,257 cattle in baseline.)"
2010-02-22,Aweil West,0.0,0.031,0,dry season,0.0,0.0,318964.9515941321,"No flood expected in Aweil West this week (q50 0.0 km²). Routine monitoring. (Aweil West maps ~318,965 cattle in baseline.)"
2010-03-01,Aweil Centre,0.0,0.048,0,early season (sowing),0.0,0.0,364961.8333817694,"No flood expected in Aweil Centre this week (q50 0.0 km²). Routine monitoring. (Aweil Centre maps ~364,962 cattle in baseline.)"
2010-03-01,Aweil East,0.0,0.08,0,early season (sowing),0.0,0.0,505027.7802561831,"No flood expected in Aweil East this week (q50 0.0 km²). Routine monitoring. (Aweil East maps ~505,028 cattle in baseline.)"
2010-03-01,Aweil North,0.0,0.028,0,early season (sowing),0.0,0.0,463800.5038861725,"No flood expected in Aweil North this week (q50 0.0 km²). Routine monitoring. (Aweil North maps ~463,801 cattle in baseline.)"
2010-03-01,Aweil South,0.0,0.036,0,early season (sowing),0.0,0.0,141256.8006910938,"No flood expected in Aweil South this week (q50 0.0 km²). Routine monitoring. (Aweil South maps ~141,257 cattle in baseline.)"
2010-03-01,Aweil West,0.0,0.033,0,early season (sowing),0.0,0.0,318964.9515941321,"No flood expected in Aweil West this week (q50 0.0 km²). Routine monitoring. (Aweil West maps ~318,965 cattle in baseline.)"
2010-03-08,Aweil Centre,0.0,0.044,0,early season (sowing),0.0,0.0,364961.8333817694,"No flood expected in Aweil Centre this week (q50 0.0 km²). Routine monitoring. (Aweil Centre maps ~364,962 cattle in baseline.)"
2010-03-08,Aweil East,0.0,0.046,0,early season (sowing),0.0,0.0,505027.7802561831,"No flood expected in Aweil East this week (q50 0.0 km²). Routine monitoring. (Aweil East maps ~505,028 cattle in baseline.)"
2010-03-08,Aweil North,0.0,0.026,0,early season (sowing),0.0,0.0,463800.5038861725,"No flood expected in Aweil North this week (q50 0.0 km²). Routine monitoring. (Aweil North maps ~463,801 cattle in baseline.)"
2010-03-08,Aweil South,0.0,0.03,0,early season (sowing),0.0,0.0,141256.8006910938,"No flood expected in Aweil South this week (q50 0.0 km²). Routine monitoring. (Aweil South maps ~141,257 cattle in baseline.)"
2010-03-08,Aweil West,0.0,0.03,0,early season (sowing),0.0,0.0,318964.9515941321,"No flood expected in Aweil West this week (q50 0.0 km²). Routine monitoring. (Aweil West maps ~318,965 cattle in baseline.)"
2010-03-15,Aweil Centre,0.0,0.049,0,early season (sowing),0.0,0.0,364961.8333817694,"No flood expected in Aweil Centre this week (q50 0.0 km²). Routine monitoring. (Aweil Centre maps ~364,962 cattle in baseline.)"
2010-03-15,Aweil East,0.0,0.071,0,early season (sowing),0.0,0.0,505027.7802561831,"No flood expected in Aweil East this week (q50 0.0 km²). Routine monitoring. (Aweil East maps ~505,028 cattle in baseline.)"
2010-03-15,Aweil North,0.0,0.033,0,early season (sowing),0.0,0.0,463800.5038861725,"No flood expected in Aweil North this week (q50 0.0 km²). Routine monitoring. (Aweil North maps ~463,801 cattle in baseline.)"
2010-03-15,Aweil South,0.0,0.038,0,early season (sowing),0.0,0.0,141256.8006910938,"No flood expected in Aweil South this week (q50 0.0 km²). Routine monitoring. (Aweil South maps ~141,257 cattle in baseline.)"
2010-03-15,Aweil West,0.0,0.188,0,early season (sowing),0.0,0.5,318964.9515941321,"No flood expected in Aweil West this week (q50 0.0 km²). Routine monitoring. (Aweil West maps ~318,965 cattle in baseline.)"
2010-03-22,Aweil Centre,0.0,0.039,0,early season (sowing),0.0,0.0,364961.8333817694,"No flood expected in Aweil Centre this week (q50 0.0 km²). Routine monitoring. (Aweil Centre maps ~364,962 cattle in baseline.)"
2010-03-22,Aweil East,0.0,0.045,0,early season (sowing),0.0,0.0,505027.7802561831,"No flood expected in Aweil East this week (q50 0.0 km²). Routine monitoring. (Aweil East maps ~505,028 cattle in baseline.)"
2010-03-22,Aweil North,0.0,0.025,0,early season (sowing),0.0,0.0,463800.5038861725,"No flood expected in Aweil North this week (q50 0.0 km²). Routine monitoring. (Aweil North maps ~463,801 cattle in baseline.)"
2010-03-22,Aweil South,0.0,0.031,0,early season (sowing),0.0,0.0,141256.8006910938,"No flood expected in Aweil South this week (q50 0.0 km²). Routine monitoring. (Aweil South maps ~141,257 cattle in baseline.)"
2010-03-22,Aweil West,0.0,0.052,0,early season (sowing),0.0,0.0,318964.9515941321,"No flood expected in Aweil West this week (q50 0.0 km²). Routine monitoring. (Aweil West maps ~318,965 cattle in baseline.)"
2010-03-29,Aweil Centre,0.0,0.051,0,early season (sowing),0.0,0.0,364961.8333817694,"No flood expected in Aweil Centre this week (q50 0.0 km²). Routine monitoring. (Aweil Centre maps ~364,962 cattle in baseline.)"
2010-03-29,Aweil East,0.0,0.05,0,early season (sowing),0.0,0.0,505027.7802561831,"No flood expected in Aweil East this week (q50 0.0 km²). Routine monitoring. (Aweil East maps ~505,028 cattle in baseline.)"
2010-03-29,Aweil North,0.0,0.031,0,early season (sowing),0.0,0.0,463800.5038861725,"No flood expected in Aweil North this week (q50 0.0 km²). Routine monitoring. (Aweil North maps ~463,801 cattle in baseline.)"
2010-03-29,Aweil South,0.0,0.037,0,early season (sowing),0.0,0.0,141256.8006910938,"No flood expected in Aweil South this week (q50 0.0 km²). Routine monitoring. (Aweil South maps ~141,257 cattle in baseline.)"
2010-03-29,Aweil West,0.0,0.065,0,early season (sowing),0.0,0.0,318964.9515941321,"No flood expected in Aweil West this week (q50 0.0 km²). Routine monitoring. (Aweil West maps ~318,965 cattle in baseline.)"
2010-04-05,Aweil Centre,0.0,0.048,0,crop establishment,0.0,0.0,364961.8333817694,"No flood expected in Aweil Centre this week (q50 0.0 km²). Routine monitoring. (Aweil Centre maps ~364,962 cattle in baseline.)"
2010-04-05,Aweil East,0.0,0.047,0,crop establishment,0.0,0.0,505027.7802561831,"No flood expected in Aweil East this week (q50 0.0 km²). Routine monitoring. (Aweil East maps ~505,028 cattle in baseline.)"
2010-04-05,Aweil North,0.0,0.031,0,crop establishment,0.0,0.0,463800.5038861725,"No flood expected in Aweil North this week (q50 0.0 km²). Routine monitoring. (Aweil North maps ~463,801 cattle in baseline.)"
2010-04-05,Aweil South,0.0,0.035,0,crop establishment,0.0,0.0,141256.8006910938,"No flood expected in Aweil South this week (q50 0.0 km²). Routine monitoring. (Aweil South maps ~141,257 cattle in baseline.)"
2010-04-05,Aweil West,0.0,0.036,0,crop establishment,0.0,0.0,318964.9515941321,"No flood expected in Aweil West this week (q50 0.0 km²). Routine monitoring. (Aweil West maps ~318,965 cattle in baseline.)"
2010-04-12,Aweil Centre,0.0,0.047,0,crop establishment,0.0,0.0,364961.8333817694,"No flood expected in Aweil Centre this week (q50 0.0 km²). Routine monitoring. (Aweil Centre maps ~364,962 cattle in baseline.)"
2010-04-12,Aweil East,0.0,0.047,0,crop establishment,0.0,0.0,505027.7802561831,"No flood expected in Aweil East this week (q50 0.0 km²). Routine monitoring. (Aweil East maps ~505,028 cattle in baseline.)"
2010-04-12,Aweil North,0.0,0.028,0,crop establishment,0.0,0.0,463800.5038861725,"No flood expected in Aweil North this week (q50 0.0 km²). Routine monitoring. (Aweil North maps ~463,801 cattle in baseline.)"
2010-04-12,Aweil South,0.0,0.035,0,crop establishment,0.0,0.0,141256.8006910938,"No flood expected in Aweil South this week (q50 0.0 km²). Routine monitoring. (Aweil South maps ~141,257 cattle in baseline.)"
2010-04-12,Aweil West,0.0,0.033,0,crop establishment,0.0,0.0,318964.9515941321,"No flood expected in Aweil West this week (q50 0.0 km²). Routine monitoring. (Aweil West maps ~318,965 cattle in baseline.)"
2010-04-19,Aweil Centre,0.0,0.045,0,crop establishment,0.0,0.0,364961.8333817694,"No flood expected in Aweil Centre this week (q50 0.0 km²). Routine monitoring. (Aweil Centre maps ~364,962 cattle in baseline.)"
2010-04-19,Aweil East,0.0,0.055,0,crop establishment,0.0,0.0,505027.7802561831,"No flood expected in Aweil East this week (q50 0.0 km²). Routine monitoring. (Aweil East maps ~505,028 cattle in baseline.)"
2010-04-19,Aweil North,0.0,0.026,0,crop establishment,0.0,0.0,463800.5038861725,"No flood expected in Aweil North this week (q50 0.0 km²). Routine monitoring. (Aweil North maps ~463,801 cattle in baseline.)"
2010-04-19,Aweil South,0.0,0.038,0,crop establishment,0.0,0.0,141256.8006910938,"No flood expected in Aweil South this week (q50 0.0 km²). Routine monitoring. (Aweil South maps ~141,257 cattle in baseline.)"
2010-04-19,Aweil West,0.0,0.031,0,crop establishment,0.0,0.0,318964.9515941321,"No flood expected in Aweil West this week (q50 0.0 km²). Routine monitoring. (Aweil West maps ~318,965 cattle in baseline.)"
2010-04-26,Aweil Centre,0.0,0.04,0,crop establishment,0.0,0.0,364961.8333817694,"No flood expected in Aweil Centre this week (q50 0.0 km²). Routine monitoring. (Aweil Centre maps ~364,962 cattle in baseline.)"
2010-04-26,Aweil East,0.0,0.048,0,crop establishment,0.0,0.0,505027.7802561831,"No flood expected in Aweil East this week (q50 0.0 km²). Routine monitoring. (Aweil East maps ~505,028 cattle in baseline.)"
2010-04-26,Aweil North,0.0,0.022,0,crop establishment,0.0,0.0,463800.5038861725,"No flood expected in Aweil North this week (q50 0.0 km²). Routine monitoring. (Aweil North maps ~463,801 cattle in baseline.)"
2010-04-26,Aweil South,0.0,0.033,0,crop establishment,0.0,0.0,141256.8006910938,"No flood expected in Aweil South this week (q50 0.0 km²). Routine monitoring. (Aweil South maps ~141,257 cattle in baseline.)"
2010-04-26,Aweil West,0.0,0.026,0,crop establishment,0.0,0.0,318964.9515941321,"No flood expected in Aweil West this week (q50 0.0 km²). Routine monitoring. (Aweil West maps ~318,965 cattle in baseline.)"
2010-05-03,Aweil Centre,0.0,0.036,0,vegetative growth,0.0,0.0,364961.8333817694,"No flood expected in Aweil Centre this week (q50 0.0 km²). Routine monitoring. (Aweil Centre maps ~364,962 cattle in baseline.)"
2010-05-03,Aweil East,0.0,0.239,0,vegetative growth,0.0,0.0,505027.7802561831,"No flood expected in Aweil East this week (q50 0.0 km²). Routine monitoring. (Aweil East maps ~505,028 cattle in baseline.)"
2010-05-03,Aweil North,0.0,0.034,0,vegetative growth,0.0,0.0,463800.5038861725,"No flood expected in Aweil North this week (q50 0.0 km²). Routine monitoring. (Aweil North maps ~463,801 cattle in baseline.)"
2010-05-03,Aweil South,0.0,0.023,0,vegetative growth,0.0,0.0,141256.8006910938,"No flood expected in Aweil South this week (q50 0.0 km²). Routine monitoring. (Aweil South maps ~141,257 cattle in baseline.)"
2010-05-03,Aweil West,0.0,0.024,0,vegetative growth,0.0,0.0,318964.9515941321,"No flood expected in Aweil West this week (q50 0.0 km²). Routine monitoring. (Aweil West maps ~318,965 cattle in baseline.)"
2010-05-10,Aweil Centre,0.0,0.032,0,vegetative growth,0.0,0.0,364961.8333817694,"No flood expected in Aweil Centre this week (q50 0.0 km²). Routine monitoring. (Aweil Centre maps ~364,962 cattle in baseline.)"
2010-05-10,Aweil East,0.0,0.067,0,vegetative growth,0.0,0.0,505027.7802561831,"No flood expected in Aweil East this week (q50 0.0 km²). Routine monitoring. (Aweil East maps ~505,028 cattle in baseline.)"
2010-05-10,Aweil North,0.0,0.021,0,vegetative growth,0.0,0.0,463800.5038861725,"No flood expected in Aweil North this week (q50 0.0 km²). Routine monitoring. (Aweil North maps ~463,801 cattle in baseline.)"
2010-05-10,Aweil South,0.0,0.025,0,vegetative growth,0.0,0.0,141256.8006910938,"No flood expected in Aweil South this week (q50 0.0 km²). Routine monitoring. (Aweil South maps ~141,257 cattle in baseline.)"
2010-05-10,Aweil West,0.0,0.024,0,vegetative growth,0.0,0.0,318964.9515941321,"No flood expected in Aweil West this week (q50 0.0 km²). Routine monitoring. (Aweil West maps ~318,965 cattle in baseline.)"
2010-05-17,Aweil Centre,0.0,0.028,0,vegetative growth,0.0,0.0,364961.8333817694,"No flood expected in Aweil Centre this week (q50 0.0 km²). Routine monitoring. (Aweil Centre maps ~364,962 cattle in baseline.)"
2010-05-17,Aweil East,0.0,0.058,0,vegetative growth,0.0,0.0,505027.7802561831,"No flood expected in Aweil East this week (q50 0.0 km²). Routine monitoring. (Aweil East maps ~505,028 cattle in baseline.)"
2010-05-17,Aweil North,0.0,0.02,0,vegetative growth,0.0,0.0,463800.5038861725,"No flood expected in Aweil North this week (q50 0.0 km²). Routine monitoring. (Aweil North maps ~463,801 cattle in baseline.)"
2010-05-17,Aweil South,0.0,0.018,0,vegetative growth,0.0,0.0,141256.8006910938,"No flood expected in Aweil South this week (q50 0.0 km²). Routine monitoring. (Aweil South maps ~141,257 cattle in baseline.)"
2010-05-17,Aweil West,0.0,0.017,0,vegetative growth,0.0,0.0,318964.9515941321,"No flood expected in Aweil West this week (q50 0.0 km²). Routine monitoring. (Aweil West maps ~318,965 cattle in baseline.)"
2010-05-24,Aweil Centre,0.0,0.031,0,vegetative growth,0.0,0.0,364961.8333817694,"No flood expected in Aweil Centre this week (q50 0.0 km²). Routine monitoring. (Aweil Centre maps ~364,962 cattle in baseline.)"
2010-05-24,Aweil East,0.0,0.04,0,vegetative growth,0.0,0.0,505027.7802561831,"No flood expected in Aweil East this week (q50 0.0 km²). Routine monitoring. (Aweil East maps ~505,028 cattle in baseline.)"
2010-05-24,Aweil North,0.0,0.019,0,vegetative growth,0.0,0.0,463800.5038861725,"No flood expected in Aweil North this week (q50 0.0 km²). Routine monitoring. (Aweil North maps ~463,801 cattle in baseline.)"
2010-05-24,Aweil South,0.0,0.024,0,vegetative growth,0.0,0.0,141256.8006910938,"No flood expected in Aweil South this week (q50 0.0 km²). Routine monitoring. (Aweil South maps ~141,257 cattle in baseline.)"
2010-05-24,Aweil West,0.0,0.023,0,vegetative growth,0.0,0.0,318964.9515941321,"No flood expected in Aweil West this week (q50 0.0 km²). Routine monitoring. (Aweil West maps ~318,965 cattle in baseline.)"
2010-05-31,Aweil Centre,0.0,0.03,0,vegetative growth,0.0,0.0,364961.8333817694,"No flood expected in Aweil Centre this week (q50 0.0 km²). Routine monitoring. (Aweil Centre maps ~364,962 cattle in baseline.)"
2010-05-31,Aweil East,0.0,0.035,0,vegetative growth,0.0,0.0,505027.7802561831,"No flood expected in Aweil East this week (q50 0.0 km²). Routine monitoring. (Aweil East maps ~505,028 cattle in baseline.)"
2010-05-31,Aweil North,0.0,0.016,0,vegetative growth,0.0,0.0,463800.5038861725,"No flood expected in Aweil North this week (q50 0.0 km²). Routine monitoring. (Aweil North maps ~463,801 cattle in baseline.)"
2010-05-31,Aweil South,0.0,0.022,0,vegetative growth,0.0,0.0,141256.8006910938,"No flood expected in Aweil South this week (q50 0.0 km²). Routine monitoring. (Aweil South maps ~141,257 cattle in baseline.)"
2010-05-31,Aweil West,0.0,0.02,0,vegetative growth,0.0,0.0,318964.9515941321,"No flood expected in Aweil West this week (q50 0.0 km²). Routine monitoring. (Aweil West maps ~318,965 cattle in baseline.)"
2010-06-07,Aweil Centre,0.0,0.032,0,vegetative growth (peak),0.0,0.0,364961.8333817694,"No flood expected in Aweil Centre this week (q50 0.0 km²). Routine monitoring. (Aweil Centre maps ~364,962 cattle in baseline.)"
2010-06-07,Aweil East,0.0,0.035,0,vegetative growth (peak),0.0,0.0,505027.7802561831,"No flood expected in Aweil East this week (q50 0.0 km²). Routine monitoring. (Aweil East maps ~505,028 cattle in baseline.)"
2010-06-07,Aweil North,0.0,0.019,0,vegetative growth (peak),0.0,0.0,463800.5038861725,"No flood expected in Aweil North this week (q50 0.0 km²). Routine monitoring. (Aweil North maps ~463,801 cattle in baseline.)"
2010-06-07,Aweil South,0.0,0.022,0,vegetative growth (peak),0.0,0.0,141256.8006910938,"No flood expected in Aweil South this week (q50 0.0 km²). Routine monitoring. (Aweil South maps ~141,257 cattle in baseline.)"
2010-06-07,Aweil West,0.0,0.024,0,vegetative growth (peak),0.0,0.0,318964.9515941321,"No flood expected in Aweil West this week (q50 0.0 km²). Routine monitoring. (Aweil West maps ~318,965 cattle in baseline.)"
2010-06-14,Aweil Centre,0.0,0.032,0,vegetative growth (peak),0.0,0.0,364961.8333817694,"No flood expected in Aweil Centre this week (q50 0.0 km²). Routine monitoring. (Aweil Centre maps ~364,962 cattle in baseline.)"
2010-06-14,Aweil East,0.0,0.036,0,vegetative growth (peak),0.0,0.0,505027.7802561831,"No flood expected in Aweil East this week (q50 0.0 km²). Routine monitoring. (Aweil East maps ~505,028 cattle in baseline.)"
2010-06-14,Aweil North,0.0,0.019,0,vegetative growth (peak),0.0,0.0,463800.5038861725,"No flood expected in Aweil North this week (q50 0.0 km²). Routine monitoring. (Aweil North maps ~463,801 cattle in baseline.)"
2010-06-14,Aweil South,0.0,0.024,0,vegetative growth (peak),0.0,0.0,141256.8006910938,"No flood expected in Aweil South this week (q50 0.0 km²). Routine monitoring. (Aweil South maps ~141,257 cattle in baseline.)"
2010-06-14,Aweil West,0.0,0.023,0,vegetative growth (peak),0.0,0.0,318964.9515941321,"No flood expected in Aweil West this week (q50 0.0 km²). Routine monitoring. (Aweil West maps ~318,965 cattle in baseline.)"
2010-06-21,Aweil Centre,0.0,0.038,0,vegetative growth (peak),0.0,0.0,364961.8333817694,"No flood expected in Aweil Centre this week (q50 0.0 km²). Routine monitoring. (Aweil Centre maps ~364,962 cattle in baseline.)"
2010-06-21,Aweil East,0.0,0.046,0,vegetative growth (peak),0.0,0.0,505027.7802561831,"No flood expected in Aweil East this week (q50 0.0 km²). Routine monitoring. (Aweil East maps ~505,028 cattle in baseline.)"
2010-06-21,Aweil North,0.0,0.021,0,vegetative growth (peak),0.0,0.0,463800.5038861725,"No flood expected in Aweil North this week (q50 0.0 km²). Routine monitoring. (Aweil North maps ~463,801 cattle in baseline.)"
2010-06-21,Aweil South,0.0,0.026,0,vegetative growth (peak),0.0,0.0,141256.8006910938,"No flood expected in Aweil South this week (q50 0.0 km²). Routine monitoring. (Aweil South maps ~141,257 cattle in baseline.)"
2010-06-21,Aweil West,0.0,0.027,0,vegetative growth (peak),0.0,0.0,318964.9515941321,"No flood expected in Aweil West this week (q50 0.0 km²). Routine monitoring. (Aweil West maps ~318,965 cattle in baseline.)"
2010-06-28,Aweil Centre,0.0,0.043,0,vegetative growth (peak),0.0,0.0,364961.8333817694,"No flood expected in Aweil Centre this week (q50 0.0 km²). Routine monitoring. (Aweil Centre maps ~364,962 cattle in baseline.)"
2010-06-28,Aweil East,0.0,0.053,0,vegetative growth (peak),0.0,0.0,505027.7802561831,"No flood expected in Aweil East this week (q50 0.0 km²). Routine monitoring. (Aweil East maps ~505,028 cattle in baseline.)"
2010-06-28,Aweil North,0.0,0.027,0,vegetative growth (peak),0.0,0.0,463800.5038861725,"No flood expected in Aweil North this week (q50 0.0 km²). Routine monitoring. (Aweil North maps ~463,801 cattle in baseline.)"
2010-06-28,Aweil South,0.0,0.032,0,vegetative growth (peak),0.0,0.0,141256.8006910938,"No flood expected in Aweil South this week (q50 0.0 km²). Routine monitoring. (Aweil South maps ~141,257 cattle in baseline.)"
2010-06-28,Aweil West,0.0,0.031,0,vegetative growth (peak),0.0,0.0,318964.9515941321,"No flood expected in Aweil West this week (q50 0.0 km²). Routine monitoring. (Aweil West maps ~318,965 cattle in baseline.)"
2010-07-05,Aweil Centre,0.0,0.033,0,vegetative growth (peak),0.0,0.0,364961.8333817694,"No flood expected in Aweil Centre this week (q50 0.0 km²). Routine monitoring. (Aweil Centre maps ~364,962 cattle in baseline.)"
2010-07-05,Aweil East,0.0,0.041,0,vegetative growth (peak),0.0,0.0,505027.7802561831,"No flood expected in Aweil East this week (q50 0.0 km²). Routine monitoring. (Aweil East maps ~505,028 cattle in baseline.)"
2010-07-05,Aweil North,0.0,0.021,0,vegetative growth (peak),0.0,0.0,463800.5038861725,"No flood expected in Aweil North this week (q50 0.0 km²). Routine monitoring. (Aweil North maps ~463,801 cattle in baseline.)"
2010-07-05,Aweil South,0.0,0.028,0,vegetative growth (peak),0.0,0.0,141256.8006910938,"No flood expected in Aweil South this week (q50 0.0 km²). Routine monitoring. (Aweil South maps ~141,257 cattle in baseline.)"
2010-07-05,Aweil West,0.0,0.026,0,vegetative growth (peak),0.0,0.0,318964.9515941321,"No flood expected in Aweil West this week (q50 0.0 km²). Routine monitoring. (Aweil West maps ~318,965 cattle in baseline.)"
2010-07-12,Aweil Centre,0.0,0.038,0,vegetative growth (peak),0.0,0.0,364961.8333817694,"No flood expected in Aweil Centre this week (q50 0.0 km²). Routine monitoring. (Aweil Centre maps ~364,962 cattle in baseline.)"
2010-07-12,Aweil East,0.0,0.047,0,vegetative growth (peak),0.0,0.0,505027.7802561831,"No flood expected in Aweil East this week (q50 0.0 km²). Routine monitoring. (Aweil East maps ~505,028 cattle in baseline.)"
2010-07-12,Aweil North,0.0,0.022,0,vegetative growth (peak),0.0,0.0,463800.5038861725,"No flood expected in Aweil North this week (q50 0.0 km²). Routine monitoring. (Aweil North maps ~463,801 cattle in baseline.)"
2010-07-12,Aweil South,0.0,0.027,0,vegetative growth (peak),0.0,0.0,141256.8006910938,"No flood expected in Aweil South this week (q50 0.0 km²). Routine monitoring. (Aweil South maps ~141,257 cattle in baseline.)"
2010-07-12,Aweil West,0.0,0.027,0,vegetative growth (peak),0.0,0.0,318964.9515941321,"No flood expected in Aweil West this week (q50 0.0 km²). Routine monitoring. (Aweil West maps ~318,965 cattle in baseline.)"
2010-07-19,Aweil Centre,0.0,0.057,0,vegetative growth (peak),0.0,0.0,364961.8333817694,"No flood expected in Aweil Centre this week (q50 0.0 km²). Routine monitoring. (Aweil Centre maps ~364,962 cattle in baseline.)"
2010-07-19,Aweil East,0.0,0.073,0,vegetative growth (peak),0.0,0.0,505027.7802561831,"No flood expected in Aweil East this week (q50 0.0 km²). Routine monitoring. (Aweil East maps ~505,028 cattle in baseline.)"
2010-07-19,Aweil North,0.0,0.033,0,vegetative growth (peak),0.0,0.0,463800.5038861725,"No flood expected in Aweil North this week (q50 0.0 km²). Routine monitoring. (Aweil North maps ~463,801 cattle in baseline.)"
2010-07-19,Aweil South,0.0,0.042,0,vegetative growth (peak),0.0,0.0,141256.8006910938,"No flood expected in Aweil South this week (q50 0.0 km²). Routine monitoring. (Aweil South maps ~141,257 cattle in baseline.)"
2010-07-19,Aweil West,0.0,0.042,0,vegetative growth (peak),0.0,0.0,318964.9515941321,"No flood expected in Aweil West this week (q50 0.0 km²). Routine monitoring. (Aweil West maps ~318,965 cattle in baseline.)"
2010-07-26,Aweil Centre,0.0,0.047,0,vegetative growth (peak),0.0,0.0,364961.8333817694,"No flood expected in Aweil Centre this week (q50 0.0 km²). Routine monitoring. (Aweil Centre maps ~364,962 cattle in baseline.)"
2010-07-26,Aweil East,0.0,0.061,0,vegetative growth (peak),0.0,0.0,505027.7802561831,"No flood expected in Aweil East this week (q50 0.0 km²). Routine monitoring. (Aweil East maps ~505,028 cattle in baseline.)"
2010-07-26,Aweil North,0.0,0.029,0,vegetative growth (peak),0.0,0.0,463800.5038861725,"No flood expected in Aweil North this week (q50 0.0 km²). Routine monitoring. (Aweil North maps ~463,801 cattle in baseline.)"
2010-07-26,Aweil South,0.0,0.038,0,vegetative growth (peak),0.0,0.0,141256.8006910938,"No flood expected in Aweil South this week (q50 0.0 km²). Routine monitoring. (Aweil South maps ~141,257 cattle in baseline.)"
2010-07-26,Aweil West,0.0,0.037,0,vegetative growth (peak),0.0,0.0,318964.9515941321,"No flood expected in Aweil West this week (q50 0.0 km²). Routine monitoring. (Aweil West maps ~318,965 cattle in baseline.)"
2010-08-02,Aweil Centre,0.0,0.077,0,maturation,0.0,0.0,364961.8333817694,"No flood expected in Aweil Centre this week (q50 0.0 km²). Routine monitoring. (Aweil Centre maps ~364,962 cattle in baseline.)"
2010-08-02,Aweil East,0.0,0.089,0,maturation,0.0,0.0,505027.7802561831,"No flood expected in Aweil East this week (q50 0.0 km²). Routine monitoring. (Aweil East maps ~505,028 cattle in baseline.)"
2010-08-02,Aweil North,0.0,0.043,0,maturation,0.0,0.0,463800.5038861725,"No flood expected in Aweil North this week (q50 0.0 km²). Routine monitoring. (Aweil North maps ~463,801 cattle in baseline.)"
2010-08-02,Aweil South,0.0,0.052,0,maturation,0.0,0.0,141256.8006910938,"No flood expected in Aweil South this week (q50 0.0 km²). Routine monitoring. (Aweil South maps ~141,257 cattle in baseline.)"
2010-08-02,Aweil West,0.0,0.055,0,maturation,0.0,0.0,318964.9515941321,"No flood expected in Aweil West this week (q50 0.0 km²). Routine monitoring. (Aweil West maps ~318,965 cattle in baseline.)"
2010-08-09,Aweil Centre,0.0,0.076,0,maturation,0.0,0.0,364961.8333817694,"No flood expected in Aweil Centre this week (q50 0.0 km²). Routine monitoring. (Aweil Centre maps ~364,962 cattle in baseline.)"
2010-08-09,Aweil East,0.0,0.088,0,maturation,0.0,0.0,505027.7802561831,"No flood expected in Aweil East this week (q50 0.0 km²). Routine monitoring. (Aweil East maps ~505,028 cattle in baseline.)"
2010-08-09,Aweil North,0.0,0.046,0,maturation,0.0,0.0,463800.5038861725,"No flood expected in Aweil North this week (q50 0.0 km²). Routine monitoring. (Aweil North maps ~463,801 cattle in baseline.)"
2010-08-09,Aweil South,0.0,0.053,0,maturation,0.0,0.0,141256.8006910938,"No flood expected in Aweil South this week (q50 0.0 km²). Routine monitoring. (Aweil South maps ~141,257 cattle in baseline.)"
2010-08-09,Aweil West,0.0,0.052,0,maturation,0.0,0.0,318964.9515941321,"No flood expected in Aweil West this week (q50 0.0 km²). Routine monitoring. (Aweil West maps ~318,965 cattle in baseline.)"
2010-08-16,Aweil Centre,0.0,0.315,0,maturation,0.0,0.0,364961.8333817694,"No flood expected in Aweil Centre this week (q50 0.0 km²). Routine monitoring. (Aweil Centre maps ~364,962 cattle in baseline.)"
2010-08-16,Aweil East,0.0,0.344,0,maturation,0.0,0.0,505027.7802561831,"No flood expected in Aweil East this week (q50 0.0 km²). Routine monitoring. (Aweil East maps ~505,028 cattle in baseline.)"
2010-08-16,Aweil North,0.0,0.271,0,maturation,0.0,0.0,463800.5038861725,"No flood expected in Aweil North this week (q50 0.0 km²). Routine monitoring. (Aweil North maps ~463,801 cattle in baseline.)"
2010-08-16,Aweil South,0.0,0.287,0,maturation,0.0,0.0,141256.8006910938,"No flood expected in Aweil South this week (q50 0.0 km²). Routine monitoring. (Aweil South maps ~141,257 cattle in baseline.)"
2010-08-16,Aweil West,0.0,0.29,0,maturation,0.0,0.0,318964.9515941321,"No flood expected in Aweil West this week (q50 0.0 km²). Routine monitoring. (Aweil West maps ~318,965 cattle in baseline.)"
2010-08-23,Aweil Centre,0.67,0.709,2,maturation,0.0,0.0,364961.8333817694,"High flood risk in Aweil Centre this week: q50 0.7 km², above most August weeks since 2000. Maturation: grain is filling; flooding now damages the yield that is already banked. (Aweil Centre maps ~364,962 cattle in baseline.)"
2010-08-23,Aweil East,0.67,0.78,0,maturation,0.0,0.0,505027.7802561831,"SEVERE flood expected in Aweil East this week: q50 0.7 km², above the 95th percentile of all August weeks since 2000. (Aweil East maps ~505,028 cattle in baseline.)"
2010-08-23,Aweil North,0.0,0.202,0,maturation,0.0,0.0,463800.5038861725,"No flood expected in Aweil North this week (q50 0.0 km²). Routine monitoring. (Aweil North maps ~463,801 cattle in baseline.)"
2010-08-23,Aweil South,0.0,0.261,0,maturation,0.0,0.0,141256.8006910938,"No flood expected in Aweil South this week (q50 0.0 km²). Routine monitoring. (Aweil South maps ~141,257 cattle in baseline.)"
2010-08-23,Aweil West,0.67,0.648,0,maturation,0.0,0.0,318964.9515941321,"SEVERE flood expected in Aweil West this week: q50 0.7 km², above the 95th percentile of all August weeks since 2000. (Aweil West maps ~318,965 cattle in baseline.)"
2010-08-30,Aweil Centre,0.38,0.646,0,maturation,0.0,0.0,364961.8333817694,"SEVERE flood expected in Aweil Centre this week: q50 0.4 km², above the 95th percentile of all August weeks since 2000. (Aweil Centre maps ~364,962 cattle in baseline.)"
2010-08-30,Aweil East,0.04,0.489,0,maturation,0.0,0.0,505027.7802561831,"No flood expected in Aweil East this week (q50 0.0 km²). Routine monitoring. (Aweil East maps ~505,028 cattle in baseline.)"
2010-08-30,Aweil North,0.0,0.27,0,maturation,0.0,0.0,463800.5038861725,"No flood expected in Aweil North this week (q50 0.0 km²). Routine monitoring. (Aweil North maps ~463,801 cattle in baseline.)"
2010-08-30,Aweil South,0.0,0.307,0,maturation,0.0,0.0,141256.8006910938,"No flood expected in Aweil South this week (q50 0.0 km²). Routine monitoring. (Aweil South maps ~141,257 cattle in baseline.)"
2010-08-30,Aweil West,0.02,0.365,0,maturation,0.0,0.0,318964.9515941321,"No flood expected in Aweil West this week (q50 0.0 km²). Routine monitoring. (Aweil West maps ~318,965 cattle in baseline.)"
2010-09-06,Aweil Centre,0.46,0.754,0,maturation / grain filling,0.0,50.9,364961.8333817694,"SEVERE flood expected in Aweil Centre this week: q50 0.5 km², above the 95th percentile of all September weeks since 2000. Approx. 51 ha of rangeland at risk; plan early herd movement. (Aweil Centre maps ~364,962 cattle in baseline.)"
2010-09-06,Aweil East,2.07,0.822,0,maturation / grain filling,5.3,217.1,505027.7802561831,"SEVERE flood expected in Aweil East this week: q50 2.1 km², above the 95th percentile of all September weeks since 2000. Approx. 5 ha of mapped crops in the Aweil East floodplain are at risk. Approx. 217 ha of rangeland at risk; plan early herd movement. (Aweil East maps ~505,028 cattle in baseline.)"
2010-09-06,Aweil North,0.0,0.225,0,maturation / grain filling,0.0,0.0,463800.5038861725,"No flood expected in Aweil North this week (q50 0.0 km²). Routine monitoring. (Aweil North maps ~463,801 cattle in baseline.)"
2010-09-06,Aweil South,0.0,0.247,0,maturation / grain filling,0.0,0.0,141256.8006910938,"No flood expected in Aweil South this week (q50 0.0 km²). Routine monitoring. (Aweil South maps ~141,257 cattle in baseline.)"
2010-09-06,Aweil West,0.01,0.325,0,maturation / grain filling,0.0,1.7,318964.9515941321,"No flood expected in Aweil West this week (q50 0.0 km²). Routine monitoring. Approx. 2 ha of rangeland at risk; plan early herd movement. (Aweil West maps ~318,965 cattle in baseline.)"
2010-09-13,Aweil Centre,0.44,0.77,0,maturation / grain filling,0.0,49.1,364961.8333817694,"SEVERE flood expected in Aweil Centre this week: q50 0.4 km², above the 95th percentile of all September weeks since 2000. Approx. 49 ha of rangeland at risk; plan early herd movement. (Aweil Centre maps ~364,962 cattle in baseline.)"
2010-09-13,Aweil East,7.08,0.928,0,maturation / grain filling,18.0,742.0,505027.7802561831,"SEVERE flood expected in Aweil East this week: q50 7.1 km², above the 95th percentile of all September weeks since 2000. Approx. 18 ha of mapped crops in the Aweil East floodplain are at risk. Approx. 742 ha of rangeland at risk; plan early herd movement. (Aweil East maps ~505,028 cattle in baseline.)"
2010-09-13,Aweil North,0.0,0.26,0,maturation / grain filling,0.0,0.0,463800.5038861725,"No flood expected in Aweil North this week (q50 0.0 km²). Routine monitoring. (Aweil North maps ~463,801 cattle in baseline.)"
2010-09-13,Aweil South,0.0,0.309,0,maturation / grain filling,0.0,0.0,141256.8006910938,"No flood expected in Aweil South this week (q50 0.0 km²). Routine monitoring. (Aweil South maps ~141,257 cattle in baseline.)"
2010-09-13,Aweil West,0.0,0.378,0,maturation / grain filling,0.0,0.0,318964.9515941321,"No flood expected in Aweil West this week (q50 0.0 km²). Routine monitoring. (Aweil West maps ~318,965 cattle in baseline.)"
2010-09-20,Aweil Centre,0.46,0.809,0,maturation / grain filling,0.0,50.9,364961.8333817694,"SEVERE flood expected in Aweil Centre this week: q50 0.5 km², above the 95th percentile of all September weeks since 2000. Approx. 51 ha of rangeland at risk; plan early herd movement. (Aweil Centre maps ~364,962 cattle in baseline.)"
2010-09-20,Aweil East,2.07,0.889,0,maturation / grain filling,5.3,217.1,505027.7802561831,"SEVERE flood expected in Aweil East this week: q50 2.1 km², above the 95th percentile of all September weeks since 2000. Approx. 5 ha of mapped crops in the Aweil East floodplain are at risk. Approx. 217 ha of rangeland at risk; plan early herd movement. (Aweil East maps ~505,028 cattle in baseline.)"
2010-09-20,Aweil North,0.0,0.166,0,maturation / grain filling,0.0,0.0,463800.5038861725,"No flood expected in Aweil North this week (q50 0.0 km²). Routine monitoring. (Aweil North maps ~463,801 cattle in baseline.)"
2010-09-20,Aweil South,0.0,0.22,0,maturation / grain filling,0.0,0.0,141256.8006910938,"No flood expected in Aweil South this week (q50 0.0 km²). Routine monitoring. (Aweil South maps ~141,257 cattle in baseline.)"
2010-09-20,Aweil West,0.0,0.218,0,maturation / grain filling,0.0,0.0,318964.9515941321,"No flood expected in Aweil West this week (q50 0.0 km²). Routine monitoring. (Aweil West maps ~318,965 cattle in baseline.)"
2010-09-27,Aweil Centre,1.48,0.875,0,maturation / grain filling,0.0,165.1,364961.8333817694,"SEVERE flood expected in Aweil Centre this week: q50 1.5 km², above the 95th percentile of all September weeks since 2000. Approx. 165 ha of rangeland at risk; plan early herd movement. (Aweil Centre maps ~364,962 cattle in baseline.)"
2010-09-27,Aweil East,7.08,0.929,0,maturation / grain filling,18.0,742.0,505027.7802561831,"SEVERE flood expected in Aweil East this week: q50 7.1 km², above the 95th percentile of all September weeks since 2000. Approx. 18 ha of mapped crops in the Aweil East floodplain are at risk. Approx. 742 ha of rangeland at risk; plan early herd movement. (Aweil East maps ~505,028 cattle in baseline.)"
2010-09-27,Aweil North,0.0,0.195,0,maturation / grain filling,0.0,0.0,463800.5038861725,"No flood expected in Aweil North this week (q50 0.0 km²). Routine monitoring. (Aweil North maps ~463,801 cattle in baseline.)"
2010-09-27,Aweil South,0.4,0.541,0,maturation / grain filling,5.6,151.6,141256.8006910938,"SEVERE flood expected in Aweil South this week: q50 0.4 km², above the 95th percentile of all September weeks since 2000. Approx. 6 ha of mapped crops in the Aweil South floodplain are at risk. Approx. 152 ha of rangeland at risk; plan early herd movement. (Aweil South maps ~141,257 cattle in baseline.)"
2010-09-27,Aweil West,0.67,0.665,0,maturation / grain filling,2.8,174.3,318964.9515941321,"SEVERE flood expected in Aweil West this week: q50 0.7 km², above the 95th percentile of all September weeks since 2000. Approx. 3 ha of mapped crops in the Aweil West floodplain are at risk. Approx. 174 ha of rangeland at risk; plan early herd movement. (Aweil West maps ~318,965 cattle in baseline.)"
2010-10-04,Aweil Centre,7.08,0.809,1,harvest,0.0,277.0,364961.8333817694,"Elevated flood probability in Aweil Centre this week (q50 7.1 km², 81% detection chance). Harvest: harvest window — move produce and equipment to higher ground before water rises. Approx. 277 ha of rangeland at risk; plan early herd movement. (Aweil Centre maps ~364,962 cattle in baseline.)"
2010-10-04,Aweil East,7.08,0.898,0,harvest,66.9,769.5,505027.7802561831,"SEVERE flood expected in Aweil East this week: q50 7.1 km², above the 95th percentile of all October weeks since 2000. Approx. 67 ha of mapped crops in the Aweil East floodplain are at risk. Approx. 769 ha of rangeland at risk; plan early herd movement. (Aweil East maps ~505,028 cattle in baseline.)"
2010-10-04,Aweil North,2.07,0.616,2,harvest,115.5,2875.2,463800.5038861725,"High flood risk in Aweil North this week: q50 2.1 km², above most October weeks since 2000. Harvest: harvest window — move produce and equipment to higher ground before water rises. Approx. 115 ha of mapped crops in the Aweil North floodplain are at risk. Approx. 2,875 ha of rangeland at risk; plan early herd movement. (Aweil North maps ~463,801 cattle in baseline.)"
2010-10-04,Aweil South,2.07,0.709,0,harvest,37.4,592.0,141256.8006910938,"SEVERE flood expected in Aweil South this week: q50 2.1 km², above the 95th percentile of all October weeks since 2000. Approx. 37 ha of mapped crops in the Aweil South floodplain are at risk. Approx. 592 ha of rangeland at risk; plan early herd movement. (Aweil South maps ~141,257 cattle in baseline.)"
2010-10-04,Aweil West,7.08,0.714,0,harvest,66.7,3107.9,318964.9515941321,"SEVERE flood expected in Aweil West this week: q50 7.1 km², above the 95th percentile of all October weeks since 2000. Approx. 67 ha of mapped crops in the Aweil West floodplain are at risk. Approx. 3,108 ha of rangeland at risk; plan early herd movement. (Aweil West maps ~318,965 cattle in baseline.)"
2010-10-11,Aweil Centre,7.08,0.945,1,harvest,0.0,277.0,364961.8333817694,"Elevated flood probability in Aweil Centre this week (q50 7.1 km², 95% detection chance). Harvest: harvest window — move produce and equipment to higher ground before water rises. Approx. 277 ha of rangeland at risk; plan early herd movement. (Aweil Centre maps ~364,962 cattle in baseline.)"
2010-10-11,Aweil East,7.08,0.952,0,harvest,66.9,769.5,505027.7802561831,"SEVERE flood expected in Aweil East this week: q50 7.1 km², above the 95th percentile of all October weeks since 2000. Approx. 67 ha of mapped crops in the Aweil East floodplain are at risk. Approx. 769 ha of rangeland at risk; plan early herd movement. (Aweil East maps ~505,028 cattle in baseline.)"
2010-10-11,Aweil North,7.08,0.821,2,harvest,380.3,9471.4,463800.5038861725,"High flood risk in Aweil North this week: q50 7.1 km², above most October weeks since 2000. Harvest: harvest window — move produce and equipment to higher ground before water rises. Approx. 380 ha of mapped crops in the Aweil North floodplain are at risk. Approx. 9,471 ha of rangeland at risk; plan early herd movement. (Aweil North maps ~463,801 cattle in baseline.)"
2010-10-11,Aweil South,0.48,0.832,0,harvest,8.6,135.9,141256.8006910938,"SEVERE flood expected in Aweil South this week: q50 0.5 km², above the 95th percentile of all October weeks since 2000. Approx. 9 ha of mapped crops in the Aweil South floodplain are at risk. Approx. 136 ha of rangeland at risk; plan early herd movement. (Aweil South maps ~141,257 cattle in baseline.)"
2010-10-11,Aweil West,7.08,0.894,0,harvest,66.7,3107.9,318964.9515941321,"SEVERE flood expected in Aweil West this week: q50 7.1 km², above the 95th percentile of all October weeks since 2000. Approx. 67 ha of mapped crops in the Aweil West floodplain are at risk. Approx. 3,108 ha of rangeland at risk; plan early herd movement. (Aweil West maps ~318,965 cattle in baseline.)"
2010-10-18,Aweil Centre,7.08,0.894,1,harvest,0.0,277.0,364961.8333817694,"Elevated flood probability in Aweil Centre this week (q50 7.1 km², 89% detection chance). Harvest: harvest window — move produce and equipment to higher ground before water rises. Approx. 277 ha of rangeland at risk; plan early herd movement. (Aweil Centre maps ~364,962 cattle in baseline.)"
2010-10-18,Aweil East,7.08,0.911,0,harvest,66.9,769.5,505027.7802561831,"SEVERE flood expected in Aweil East this week: q50 7.1 km², above the 95th percentile of all October weeks since 2000. Approx. 67 ha of mapped crops in the Aweil East floodplain are at risk. Approx. 769 ha of rangeland at risk; plan early herd movement. (Aweil East maps ~505,028 cattle in baseline.)"
2010-10-18,Aweil North,7.08,0.768,2,harvest,380.3,9471.4,463800.5038861725,"High flood risk in Aweil North this week: q50 7.1 km², above most October weeks since 2000. Harvest: harvest window — move produce and equipment to higher ground before water rises. Approx. 380 ha of mapped crops in the Aweil North floodplain are at risk. Approx. 9,471 ha of rangeland at risk; plan early herd movement. (Aweil North maps ~463,801 cattle in baseline.)"
2010-10-18,Aweil South,7.08,0.879,0,harvest,127.7,2023.2,141256.8006910938,"SEVERE flood expected in Aweil South this week: q50 7.1 km², above the 95th percentile of all October weeks since 2000. Approx. 128 ha of mapped crops in the Aweil South floodplain are at risk. Approx. 2,023 ha of rangeland at risk; plan early herd movement. (Aweil South maps ~141,257 cattle in baseline.)"
2010-10-18,Aweil West,7.08,0.879,0,harvest,66.7,3107.9,318964.9515941321,"SEVERE flood expected in Aweil West this week: q50 7.1 km², above the 95th percentile of all October weeks since 2000. Approx. 67 ha of mapped crops in the Aweil West floodplain are at risk. Approx. 3,108 ha of rangeland at risk; plan early herd movement. (Aweil West maps ~318,965 cattle in baseline.)"
2010-10-25,Aweil Centre,1.2,0.9,0,harvest,0.0,47.0,364961.8333817694,"SEVERE flood expected in Aweil Centre this week: q50 1.2 km², above the 95th percentile of all October weeks since 2000. Approx. 47 ha of rangeland at risk; plan early herd movement. (Aweil Centre maps ~364,962 cattle in baseline.)"
2010-10-25,Aweil East,7.08,0.941,0,harvest,66.9,769.5,505027.7802561831,"SEVERE flood expected in Aweil East this week: q50 7.1 km², above the 95th percentile of all October weeks since 2000. Approx. 67 ha of mapped crops in the Aweil East floodplain are at risk. Approx. 769 ha of rangeland at risk; plan early herd movement. (Aweil East maps ~505,028 cattle in baseline.)"
2010-10-25,Aweil North,7.08,0.9,2,harvest,380.3,9471.4,463800.5038861725,"High flood risk in Aweil North this week: q50 7.1 km², above most October weeks since 2000. Harvest: harvest window — move produce and equipment to higher ground before water rises. Approx. 380 ha of mapped crops in the Aweil North floodplain are at risk. Approx. 9,471 ha of rangeland at risk; plan early herd movement. (Aweil North maps ~463,801 cattle in baseline.)"
2010-10-25,Aweil South,7.08,0.931,0,harvest,127.7,2023.2,141256.8006910938,"SEVERE flood expected in Aweil South this week: q50 7.1 km², above the 95th percentile of all October weeks since 2000. Approx. 128 ha of mapped crops in the Aweil South floodplain are at risk. Approx. 2,023 ha of rangeland at risk; plan early herd movement. (Aweil South maps ~141,257 cattle in baseline.)"
2010-10-25,Aweil West,7.08,0.917,0,harvest,66.7,3107.9,318964.9515941321,"SEVERE flood expected in Aweil West this week: q50 7.1 km², above the 95th percentile of all October weeks since 2000. Approx. 67 ha of mapped crops in the Aweil West floodplain are at risk. Approx. 3,108 ha of rangeland at risk; plan early herd movement. (Aweil West maps ~318,965 cattle in baseline.)"
2010-11-01,Aweil Centre,0.37,0.869,0,harvest / drying,0.0,41.0,364961.8333817694,"SEVERE flood expected in Aweil Centre this week: q50 0.4 km², above the 95th percentile of all November weeks since 2000. Approx. 41 ha of rangeland at risk; plan early herd movement. (Aweil Centre maps ~364,962 cattle in baseline.)"
2010-11-01,Aweil East,7.08,0.931,0,harvest / drying,96.6,1264.6,505027.7802561831,"SEVERE flood expected in Aweil East this week: q50 7.1 km², above the 95th percentile of all November weeks since 2000. Approx. 97 ha of mapped crops in the Aweil East floodplain are at risk. Approx. 1,265 ha of rangeland at risk; plan early herd movement. (Aweil East maps ~505,028 cattle in baseline.)"
2010-11-01,Aweil North,3.98,0.898,3,harvest / drying,214.9,8258.8,463800.5038861725,"SEVERE flood expected in Aweil North this week: q50 4.0 km², above the 95th percentile of all November weeks since 2000. Harvest / drying: harvest window closing — move produce and equipment to higher ground before water rises. Approx. 215 ha of mapped crops in the Aweil North floodplain are at risk. Approx. 8,259 ha of rangeland at risk; plan early herd movement. (Aweil North maps ~463,801 cattle in baseline.)"
2010-11-01,Aweil South,7.08,0.917,0,harvest / drying,108.3,1735.2,141256.8006910938,"SEVERE flood expected in Aweil South this week: q50 7.1 km², above the 95th percentile of all November weeks since 2000. Approx. 108 ha of mapped crops in the Aweil South floodplain are at risk. Approx. 1,735 ha of rangeland at risk; plan early herd movement. (Aweil South maps ~141,257 cattle in baseline.)"
2010-11-01,Aweil West,7.08,0.912,2,harvest / drying,190.1,8156.3,318964.9515941321,"High flood risk in Aweil West this week: q50 7.1 km², above most November weeks since 2000. Harvest / drying: harvest window closing — move produce and equipment to higher ground before water rises. Approx. 190 ha of mapped crops in the Aweil West floodplain are at risk. Approx. 8,156 ha of rangeland at risk; plan early herd movement. (Aweil West maps ~318,965 cattle in baseline.)"
2010-11-08,Aweil Centre,0.42,0.921,0,harvest / drying,0.0,45.6,364961.8333817694,"SEVERE flood expected in Aweil Centre this week: q50 0.4 km², above the 95th percentile of all November weeks since 2000. Approx. 46 ha of rangeland at risk; plan early herd movement. (Aweil Centre maps ~364,962 cattle in baseline.)"
2010-11-08,Aweil East,7.08,0.968,0,harvest / drying,96.6,1264.6,505027.7802561831,"SEVERE flood expected in Aweil East this week: q50 7.1 km², above the 95th percentile of all November weeks since 2000. Approx. 97 ha of mapped crops in the Aweil East floodplain are at risk. Approx. 1,265 ha of rangeland at risk; plan early herd movement. (Aweil East maps ~505,028 cattle in baseline.)"
2010-11-08,Aweil North,0.33,0.884,2,harvest / drying,54.0,2076.6,463800.5038861725,"High flood risk in Aweil North this week: q50 0.3 km², above most November weeks since 2000. Harvest / drying: harvest window closing — move produce and equipment to higher ground before water rises. Approx. 54 ha of mapped crops in the Aweil North floodplain are at risk. Approx. 2,077 ha of rangeland at risk; plan early herd movement. (Aweil North maps ~463,801 cattle in baseline.)"
2010-11-08,Aweil South,7.08,0.96,0,harvest / drying,108.3,1735.2,141256.8006910938,"SEVERE flood expected in Aweil South this week: q50 7.1 km², above the 95th percentile of all November weeks since 2000. Approx. 108 ha of mapped crops in the Aweil South floodplain are at risk. Approx. 1,735 ha of rangeland at risk; plan early herd movement. (Aweil South maps ~141,257 cattle in baseline.)"
2010-11-08,Aweil West,0.45,0.939,0,harvest / drying,12.1,518.6,318964.9515941321,"SEVERE flood expected in Aweil West this week: q50 0.4 km², above the 95th percentile of all November weeks since 2000. Approx. 12 ha of mapped crops in the Aweil West floodplain are at risk. Approx. 519 ha of rangeland at risk; plan early herd movement. (Aweil West maps ~318,965 cattle in baseline.)"
2010-11-15,Aweil Centre,0.42,0.901,0,harvest / drying,0.0,45.6,364961.8333817694,"SEVERE flood expected in Aweil Centre this week: q50 0.4 km², above the 95th percentile of all November weeks since 2000. Approx. 46 ha of rangeland at risk; plan early herd movement. (Aweil Centre maps ~364,962 cattle in baseline.)"
2010-11-15,Aweil East,7.08,0.963,0,harvest / drying,96.6,1264.6,505027.7802561831,"SEVERE flood expected in Aweil East this week: q50 7.1 km², above the 95th percentile of all November weeks since 2000. Approx. 97 ha of mapped crops in the Aweil East floodplain are at risk. Approx. 1,265 ha of rangeland at risk; plan early herd movement. (Aweil East maps ~505,028 cattle in baseline.)"
2010-11-15,Aweil North,0.02,0.365,0,harvest / drying,4.0,154.3,463800.5038861725,"No flood expected in Aweil North this week (q50 0.0 km²). Routine monitoring. Approx. 4 ha of mapped crops in the Aweil North floodplain are at risk. Approx. 154 ha of rangeland at risk; plan early herd movement. (Aweil North maps ~463,801 cattle in baseline.)"
2010-11-15,Aweil South,7.08,0.95,0,harvest / drying,108.3,1735.2,141256.8006910938,"SEVERE flood expected in Aweil South this week: q50 7.1 km², above the 95th percentile of all November weeks since 2000. Approx. 108 ha of mapped crops in the Aweil South floodplain are at risk. Approx. 1,735 ha of rangeland at risk; plan early herd movement. (Aweil South maps ~141,257 cattle in baseline.)"
2010-11-15,Aweil West,0.32,0.883,0,harvest / drying,8.7,371.9,318964.9515941321,"SEVERE flood expected in Aweil West this week: q50 0.3 km², above the 95th percentile of all November weeks since 2000. Approx. 9 ha of mapped crops in the Aweil West floodplain are at risk. Approx. 372 ha of rangeland at risk; plan early herd movement. (Aweil West maps ~318,965 cattle in baseline.)"
2010-11-22,Aweil Centre,0.41,0.891,0,harvest / drying,0.0,44.4,364961.8333817694,"SEVERE flood expected in Aweil Centre this week: q50 0.4 km², above the 95th percentile of all November weeks since 2000. Approx. 44 ha of rangeland at risk; plan early herd movement. (Aweil Centre maps ~364,962 cattle in baseline.)"
2010-11-22,Aweil East,7.08,0.961,0,harvest / drying,96.6,1264.6,505027.7802561831,"SEVERE flood expected in Aweil East this week: q50 7.1 km², above the 95th percentile of all November weeks since 2000. Approx. 97 ha of mapped crops in the Aweil East floodplain are at risk. Approx. 1,265 ha of rangeland at risk; plan early herd movement. (Aweil East maps ~505,028 cattle in baseline.)"
2010-11-22,Aweil North,0.02,0.336,0,harvest / drying,2.9,112.9,463800.5038861725,"No flood expected in Aweil North this week (q50 0.0 km²). Routine monitoring. Approx. 3 ha of mapped crops in the Aweil North floodplain are at risk. Approx. 113 ha of rangeland at risk; plan early herd movement. (Aweil North maps ~463,801 cattle in baseline.)"
2010-11-22,Aweil South,7.08,0.949,0,harvest / drying,108.3,1735.2,141256.8006910938,"SEVERE flood expected in Aweil South this week: q50 7.1 km², above the 95th percentile of all November weeks since 2000. Approx. 108 ha of mapped crops in the Aweil South floodplain are at risk. Approx. 1,735 ha of rangeland at risk; plan early herd movement. (Aweil South maps ~141,257 cattle in baseline.)"
2010-11-22,Aweil West,0.33,0.854,0,harvest / drying,8.9,381.8,318964.9515941321,"SEVERE flood expected in Aweil West this week: q50 0.3 km², above the 95th percentile of all November weeks since 2000. Approx. 9 ha of mapped crops in the Aweil West floodplain are at risk. Approx. 382 ha of rangeland at risk; plan early herd movement. (Aweil West maps ~318,965 cattle in baseline.)"
2010-11-29,Aweil Centre,0.03,0.575,0,harvest / drying,0.0,3.3,364961.8333817694,"SEVERE flood expected in Aweil Centre this week: q50 0.0 km², above the 95th percentile of all November weeks since 2000. Approx. 3 ha of rangeland at risk; plan early herd movement. (Aweil Centre maps ~364,962 cattle in baseline.)"
2010-11-29,Aweil East,7.08,0.95,0,harvest / drying,96.6,1264.6,505027.7802561831,"SEVERE flood expected in Aweil East this week: q50 7.1 km², above the 95th percentile of all November weeks since 2000. Approx. 97 ha of mapped crops in the Aweil East floodplain are at risk. Approx. 1,265 ha of rangeland at risk; plan early herd movement. (Aweil East maps ~505,028 cattle in baseline.)"
2010-11-29,Aweil North,0.0,0.088,0,harvest / drying,0.0,0.0,463800.5038861725,"No flood expected in Aweil North this week (q50 0.0 km²). Routine monitoring. (Aweil North maps ~463,801 cattle in baseline.)"
2010-11-29,Aweil South,7.08,0.932,0,harvest / drying,108.3,1735.2,141256.8006910938,"SEVERE flood expected in Aweil South this week: q50 7.1 km², above the 95th percentile of all November weeks since 2000. Approx. 108 ha of mapped crops in the Aweil South floodplain are at risk. Approx. 1,735 ha of rangeland at risk; plan early herd movement. (Aweil South maps ~141,257 cattle in baseline.)"
2010-11-29,Aweil West,0.03,0.425,0,harvest / drying,0.8,35.1,318964.9515941321,"No flood expected in Aweil West this week (q50 0.0 km²). Routine monitoring. Approx. 35 ha of rangeland at risk; plan early herd movement. (Aweil West maps ~318,965 cattle in baseline.)"
2010-12-06,Aweil Centre,0.08,0.454,0,dry season,0.0,28.9,364961.8333817694,"No flood expected in Aweil Centre this week (q50 0.1 km²). Routine monitoring. Approx. 29 ha of rangeland at risk; plan early herd movement. (Aweil Centre maps ~364,962 cattle in baseline.)"
2010-12-06,Aweil East,7.08,0.931,2,dry season,682.4,13853.0,505027.7802561831,"High flood risk in Aweil East this week: q50 7.1 km², above most December weeks since 2000. Dry season: little active cropping; floodplain grazing and residual flooding dominate. Approx. 682 ha of mapped crops in the Aweil East floodplain are at risk. Approx. 13,853 ha of rangeland at risk; plan early herd movement. (Aweil East maps ~505,028 cattle in baseline.)"
2010-12-06,Aweil North,0.0,0.037,0,dry season,0.0,0.0,463800.5038861725,"No flood expected in Aweil North this week (q50 0.0 km²). Routine monitoring. (Aweil North maps ~463,801 cattle in baseline.)"
2010-12-06,Aweil South,7.08,0.909,0,dry season,257.1,5149.9,141256.8006910938,"SEVERE flood expected in Aweil South this week: q50 7.1 km², above the 95th percentile of all December weeks since 2000. Approx. 257 ha of mapped crops in the Aweil South floodplain are at risk. Approx. 5,150 ha of rangeland at risk; plan early herd movement. (Aweil South maps ~141,257 cattle in baseline.)"
2010-12-06,Aweil West,0.0,0.118,0,dry season,0.0,0.0,318964.9515941321,"No flood expected in Aweil West this week (q50 0.0 km²). Routine monitoring. (Aweil West maps ~318,965 cattle in baseline.)"
2010-12-13,Aweil Centre,0.0,0.118,0,dry season,0.0,0.0,364961.8333817694,"No flood expected in Aweil Centre this week (q50 0.0 km²). Routine monitoring. (Aweil Centre maps ~364,962 cattle in baseline.)"
2010-12-13,Aweil East,1.99,0.916,0,dry season,192.1,3899.1,505027.7802561831,"SEVERE flood expected in Aweil East this week: q50 2.0 km², above the 95th percentile of all December weeks since 2000. Approx. 192 ha of mapped crops in the Aweil East floodplain are at risk. Approx. 3,899 ha of rangeland at risk; plan early herd movement. (Aweil East maps ~505,028 cattle in baseline.)"
2010-12-13,Aweil North,0.0,0.026,0,dry season,0.0,0.0,463800.5038861725,"No flood expected in Aweil North this week (q50 0.0 km²). Routine monitoring. (Aweil North maps ~463,801 cattle in baseline.)"
2010-12-13,Aweil South,7.08,0.891,0,dry season,257.1,5149.9,141256.8006910938,"SEVERE flood expected in Aweil South this week: q50 7.1 km², above the 95th percentile of all December weeks since 2000. Approx. 257 ha of mapped crops in the Aweil South floodplain are at risk. Approx. 5,150 ha of rangeland at risk; plan early herd movement. (Aweil South maps ~141,257 cattle in baseline.)"
2010-12-13,Aweil West,0.0,0.055,0,dry season,0.0,0.0,318964.9515941321,"No flood expected in Aweil West this week (q50 0.0 km²). Routine monitoring. (Aweil West maps ~318,965 cattle in baseline.)"
2010-12-20,Aweil Centre,0.0,0.121,0,dry season,0.0,0.0,364961.8333817694,"No flood expected in Aweil Centre this week (q50 0.0 km²). Routine monitoring. (Aweil Centre maps ~364,962 cattle in baseline.)"
2010-12-20,Aweil East,0.32,0.849,0,dry season,30.8,625.2,505027.7802561831,"SEVERE flood expected in Aweil East this week: q50 0.3 km², above the 95th percentile of all December weeks since 2000. Approx. 31 ha of mapped crops in the Aweil East floodplain are at risk. Approx. 625 ha of rangeland at risk; plan early herd movement. (Aweil East maps ~505,028 cattle in baseline.)"
2010-12-20,Aweil North,0.0,0.029,0,dry season,0.0,0.0,463800.5038861725,"No flood expected in Aweil North this week (q50 0.0 km²). Routine monitoring. (Aweil North maps ~463,801 cattle in baseline.)"
2010-12-20,Aweil South,7.08,0.889,0,dry season,257.1,5149.9,141256.8006910938,"SEVERE flood expected in Aweil South this week: q50 7.1 km², above the 95th percentile of all December weeks since 2000. Approx. 257 ha of mapped crops in the Aweil South floodplain are at risk. Approx. 5,150 ha of rangeland at risk; plan early herd movement. (Aweil South maps ~141,257 cattle in baseline.)"
2010-12-20,Aweil West,0.0,0.035,0,dry season,0.0,0.0,318964.9515941321,"No flood expected in Aweil West this week (q50 0.0 km²). Routine monitoring. (Aweil West maps ~318,965 cattle in baseline.)"
2010-12-27,Aweil Centre,0.0,0.058,0,dry season,0.0,0.0,364961.8333817694,"No flood expected in Aweil Centre this week (q50 0.0 km²). Routine monitoring. (Aweil Centre maps ~364,962 cattle in baseline.)"
2010-12-27,Aweil East,0.02,0.661,0,dry season,2.0,40.1,505027.7802561831,"SEVERE flood expected in Aweil East this week: q50 0.0 km², above the 95th percentile of all December weeks since 2000. Approx. 2 ha of mapped crops in the Aweil East floodplain are at risk. Approx. 40 ha of rangeland at risk; plan early herd movement. (Aweil East maps ~505,028 cattle in baseline.)"
2010-12-27,Aweil North,0.0,0.026,0,dry season,0.0,0.0,463800.5038861725,"No flood expected in Aweil North this week (q50 0.0 km²). Routine monitoring. (Aweil North maps ~463,801 cattle in baseline.)"
2010-12-27,Aweil South,0.32,0.785,0,dry season,11.6,232.4,141256.8006910938,"SEVERE flood expected in Aweil South this week: q50 0.3 km², above the 95th percentile of all December weeks since 2000. Approx. 12 ha of mapped crops in the Aweil South floodplain are at risk. Approx. 232 ha of rangeland at risk; plan early herd movement. (Aweil South maps ~141,257 cattle in baseline.)"
2010-12-27,Aweil West,0.0,0.029,0,dry season,0.0,0.0,318964.9515941321,"No flood expected in Aweil West this week (q50 0.0 km²). Routine monitoring. (Aweil West maps ~318,965 cattle in baseline.)"
2011-01-03,Aweil Centre,0.0,0.033,0,dry season (late phase),0.0,0.0,364961.8333817694,"No flood expected in Aweil Centre this week (q50 0.0 km²). Routine monitoring. (Aweil Centre maps ~364,962 cattle in baseline.)"
2011-01-03,Aweil East,0.01,0.546,0,dry season (late phase),0.0,65.2,505027.7802561831,"SEVERE flood expected in Aweil East this week: q50 0.0 km², above the 95th percentile of all January weeks since 2000. Approx. 65 ha of rangeland at risk; plan early herd movement. (Aweil East maps ~505,028 cattle in baseline.)"
2011-01-03,Aweil North,0.0,0.022,0,dry season (late phase),0.0,0.0,463800.5038861725,"No flood expected in Aweil North this week (q50 0.0 km²). Routine monitoring. (Aweil North maps ~463,801 cattle in baseline.)"
2011-01-03,Aweil South,0.03,0.204,0,dry season (late phase),0.2,6.5,141256.8006910938,"No flood expected in Aweil South this week (q50 0.0 km²). Routine monitoring. Approx. 7 ha of rangeland at risk; plan early herd movement. (Aweil South maps ~141,257 cattle in baseline.)"
2011-01-03,Aweil West,0.0,0.018,0,dry season (late phase),0.0,0.0,318964.9515941321,"No flood expected in Aweil West this week (q50 0.0 km²). Routine monitoring. (Aweil West maps ~318,965 cattle in baseline.)"
2011-01-10,Aweil Centre,0.0,0.03,0,dry season (late phase),0.0,0.0,364961.8333817694,"No flood expected in Aweil Centre this week (q50 0.0 km²). Routine monitoring. (Aweil Centre maps ~364,962 cattle in baseline.)"
2011-01-10,Aweil East,0.0,0.435,0,dry season (late phase),0.0,0.0,505027.7802561831,"No flood expected in Aweil East this week (q50 0.0 km²). Routine monitoring. (Aweil East maps ~505,028 cattle in baseline.)"
2011-01-10,Aweil North,0.0,0.021,0,dry season (late phase),0.0,0.0,463800.5038861725,"No flood expected in Aweil North this week (q50 0.0 km²). Routine monitoring. (Aweil North maps ~463,801 cattle in baseline.)"
2011-01-10,Aweil South,0.0,0.085,0,dry season (late phase),0.0,0.0,141256.8006910938,"No flood expected in Aweil South this week (q50 0.0 km²). Routine monitoring. (Aweil South maps ~141,257 cattle in baseline.)"
2011-01-10,Aweil West,0.0,0.018,0,dry season (late phase),0.0,0.0,318964.9515941321,"No flood expected in Aweil West this week (q50 0.0 km²). Routine monitoring. (Aweil West maps ~318,965 cattle in baseline.)"
2011-01-17,Aweil Centre,0.0,0.031,0,dry season (late phase),0.0,0.0,364961.8333817694,"No flood expected in Aweil Centre this week (q50 0.0 km²). Routine monitoring. (Aweil Centre maps ~364,962 cattle in baseline.)"
2011-01-17,Aweil East,0.0,0.248,0,dry season (late phase),0.0,0.0,505027.7802561831,"No flood expected in Aweil East this week (q50 0.0 km²). Routine monitoring. (Aweil East maps ~505,028 cattle in baseline.)"
2011-01-17,Aweil North,0.0,0.021,0,dry season (late phase),0.0,0.0,463800.5038861725,"No flood expected in Aweil North this week (q50 0.0 km²). Routine monitoring. (Aweil North maps ~463,801 cattle in baseline.)"
2011-01-17,Aweil South,0.0,0.039,0,dry season (late phase),0.0,0.0,141256.8006910938,"No flood expected in Aweil South this week (q50 0.0 km²). Routine monitoring. (Aweil South maps ~141,257 cattle in baseline.)"
2011-01-17,Aweil West,0.0,0.018,0,dry season (late phase),0.0,0.0,318964.9515941321,"No flood expected in Aweil West this week (q50 0.0 km²). Routine monitoring. (Aweil West maps ~318,965 cattle in baseline.)"
2011-01-24,Aweil Centre,0.0,0.026,0,dry season (late phase),0.0,0.0,364961.8333817694,"No flood expected in Aweil Centre this week (q50 0.0 km²). Routine monitoring. (Aweil Centre maps ~364,962 cattle in baseline.)"
2011-01-24,Aweil East,0.0,0.072,0,dry season (late phase),0.0,0.0,505027.7802561831,"No flood expected in Aweil East this week (q50 0.0 km²). Routine monitoring. (Aweil East maps ~505,028 cattle in baseline.)"
2011-01-24,Aweil North,0.0,0.015,0,dry season (late phase),0.0,0.0,463800.5038861725,"No flood expected in Aweil North this week (q50 0.0 km²). Routine monitoring. (Aweil North maps ~463,801 cattle in baseline.)"
2011-01-24,Aweil South,0.0,0.018,0,dry season (late phase),0.0,0.0,141256.8006910938,"No flood expected in Aweil South this week (q50 0.0 km²). Routine monitoring. (Aweil South maps ~141,257 cattle in baseline.)"
2011-01-24,Aweil West,0.0,0.016,0,dry season (late phase),0.0,0.0,318964.9515941321,"No flood expected in Aweil West this week (q50 0.0 km²). Routine monitoring. (Aweil West maps ~318,965 cattle in baseline.)"
2011-01-31,Aweil Centre,0.0,0.025,0,dry season (late phase),0.0,0.0,364961.8333817694,"No flood expected in Aweil Centre this week (q50 0.0 km²). Routine monitoring. (Aweil Centre maps ~364,962 cattle in baseline.)"
2011-01-31,Aweil East,0.0,0.046,0,dry season (late phase),0.0,0.0,505027.7802561831,"No flood expected in Aweil East this week (q50 0.0 km²). Routine monitoring. (Aweil East maps ~505,028 cattle in baseline.)"
2011-01-31,Aweil North,0.0,0.014,0,dry season (late phase),0.0,0.0,463800.5038861725,"No flood expected in Aweil North this week (q50 0.0 km²). Routine monitoring. (Aweil North maps ~463,801 cattle in baseline.)"
2011-01-31,Aweil South,0.0,0.017,0,dry season (late phase),0.0,0.0,141256.8006910938,"No flood expected in Aweil South this week (q50 0.0 km²). Routine monitoring. (Aweil South maps ~141,257 cattle in baseline.)"
2011-01-31,Aweil West,0.0,0.016,0,dry season (late phase),0.0,0.0,318964.9515941321,"No flood expected in Aweil West this week (q50 0.0 km²). Routine monitoring. (Aweil West maps ~318,965 cattle in baseline.)"
2011-02-07,Aweil Centre,0.0,0.025,0,dry season,0.0,0.0,364961.8333817694,"No flood expected in Aweil Centre this week (q50 0.0 km²). Routine monitoring. (Aweil Centre maps ~364,962 cattle in baseline.)"
2011-02-07,Aweil East,0.0,0.03,0,dry season,0.0,0.0,505027.7802561831,"No flood expected in Aweil East this week (q50 0.0 km²). Routine monitoring. (Aweil East maps ~505,028 cattle in baseline.)"
2011-02-07,Aweil North,0.0,0.015,0,dry season,0.0,0.0,463800.5038861725,"No flood expected in Aweil North this week (q50 0.0 km²). Routine monitoring. (Aweil North maps ~463,801 cattle in baseline.)"
2011-02-07,Aweil South,0.0,0.018,0,dry season,0.0,0.0,141256.8006910938,"No flood expected in Aweil South this week (q50 0.0 km²). Routine monitoring. (Aweil South maps ~141,257 cattle in baseline.)"
2011-02-07,Aweil West,0.0,0.017,0,dry season,0.0,0.0,318964.9515941321,"No flood expected in Aweil West this week (q50 0.0 km²). Routine monitoring. (Aweil West maps ~318,965 cattle in baseline.)"
2011-02-14,Aweil Centre,0.0,0.02,0,dry season,0.0,0.0,364961.8333817694,"No flood expected in Aweil Centre this week (q50 0.0 km²). Routine monitoring. (Aweil Centre maps ~364,962 cattle in baseline.)"
2011-02-14,Aweil East,0.0,0.022,0,dry season,0.0,0.0,505027.7802561831,"No flood expected in Aweil East this week (q50 0.0 km²). Routine monitoring. (Aweil East maps ~505,028 cattle in baseline.)"
2011-02-14,Aweil North,0.0,0.011,0,dry season,0.0,0.0,463800.5038861725,"No flood expected in Aweil North this week (q50 0.0 km²). Routine monitoring. (Aweil North maps ~463,801 cattle in baseline.)"
2011-02-14,Aweil South,0.0,0.014,0,dry season,0.0,0.0,141256.8006910938,"No flood expected in Aweil South this week (q50 0.0 km²). Routine monitoring. (Aweil South maps ~141,257 cattle in baseline.)"
2011-02-14,Aweil West,0.0,0.012,0,dry season,0.0,0.0,318964.9515941321,"No flood expected in Aweil West this week (q50 0.0 km²). Routine monitoring. (Aweil West maps ~318,965 cattle in baseline.)"
2011-02-21,Aweil Centre,0.0,0.02,0,dry season,0.0,0.0,364961.8333817694,"No flood expected in Aweil Centre this week (q50 0.0 km²). Routine monitoring. (Aweil Centre maps ~364,962 cattle in baseline.)"
2011-02-21,Aweil East,0.0,0.023,0,dry season,0.0,0.0,505027.7802561831,"No flood expected in Aweil East this week (q50 0.0 km²). Routine monitoring. (Aweil East maps ~505,028 cattle in baseline.)"
2011-02-21,Aweil North,0.0,0.012,0,dry season,0.0,0.0,463800.5038861725,"No flood expected in Aweil North this week (q50 0.0 km²). Routine monitoring. (Aweil North maps ~463,801 cattle in baseline.)"
2011-02-21,Aweil South,0.0,0.014,0,dry season,0.0,0.0,141256.8006910938,"No flood expected in Aweil South this week (q50 0.0 km²). Routine monitoring. (Aweil South maps ~141,257 cattle in baseline.)"
2011-02-21,Aweil West,0.0,0.013,0,dry season,0.0,0.0,318964.9515941321,"No flood expected in Aweil West this week (q50 0.0 km²). Routine monitoring. (Aweil West maps ~318,965 cattle in baseline.)"
2011-02-28,Aweil Centre,0.0,0.026,0,dry season,0.0,0.0,364961.8333817694,"No flood expected in Aweil Centre this week (q50 0.0 km²). Routine monitoring. (Aweil Centre maps ~364,962 cattle in baseline.)"
2011-02-28,Aweil East,0.0,0.028,0,dry season,0.0,0.0,505027.7802561831,"No flood expected in Aweil East this week (q50 0.0 km²). Routine monitoring. (Aweil East maps ~505,028 cattle in baseline.)"
2011-02-28,Aweil North,0.0,0.016,0,dry season,0.0,0.0,463800.5038861725,"No flood expected in Aweil North this week (q50 0.0 km²). Routine monitoring. (Aweil North maps ~463,801 cattle in baseline.)"
2011-02-28,Aweil South,0.0,0.019,0,dry season,0.0,0.0,141256.8006910938,"No flood expected in Aweil South this week (q50 0.0 km²). Routine monitoring. (Aweil South maps ~141,257 cattle in baseline.)"
2011-02-28,Aweil West,0.0,0.018,0,dry season,0.0,0.0,318964.9515941321,"No flood expected in Aweil West this week (q50 0.0 km²). Routine monitoring. (Aweil West maps ~318,965 cattle in baseline.)"
2011-03-07,Aweil Centre,0.0,0.028,0,early season (sowing),0.0,0.0,364961.8333817694,"No flood expected in Aweil Centre this week (q50 0.0 km²). Routine monitoring. (Aweil Centre maps ~364,962 cattle in baseline.)"
2011-03-07,Aweil East,0.0,0.028,0,early season (sowing),0.0,0.0,505027.7802561831,"No flood expected in Aweil East this week (q50 0.0 km²). Routine monitoring. (Aweil East maps ~505,028 cattle in baseline.)"
2011-03-07,Aweil North,0.0,0.017,0,early season (sowing),0.0,0.0,463800.5038861725,"No flood expected in Aweil North this week (q50 0.0 km²). Routine monitoring. (Aweil North maps ~463,801 cattle in baseline.)"
2011-03-07,Aweil South,0.0,0.019,0,early season (sowing),0.0,0.0,141256.8006910938,"No flood expected in Aweil South this week (q50 0.0 km²). Routine monitoring. (Aweil South maps ~141,257 cattle in baseline.)"
2011-03-07,Aweil West,0.0,0.018,0,early season (sowing),0.0,0.0,318964.9515941321,"No flood expected in Aweil West this week (q50 0.0 km²). Routine monitoring. (Aweil West maps ~318,965 cattle in baseline.)"
2011-03-14,Aweil Centre,0.0,0.023,0,early season (sowing),0.0,0.0,364961.8333817694,"No flood expected in Aweil Centre this week (q50 0.0 km²). Routine monitoring. (Aweil Centre maps ~364,962 cattle in baseline.)"
2011-03-14,Aweil East,0.0,0.025,0,early season (sowing),0.0,0.0,505027.7802561831,"No flood expected in Aweil East this week (q50 0.0 km²). Routine monitoring. (Aweil East maps ~505,028 cattle in baseline.)"
2011-03-14,Aweil North,0.0,0.013,0,early season (sowing),0.0,0.0,463800.5038861725,"No flood expected in Aweil North this week (q50 0.0 km²). Routine monitoring. (Aweil North maps ~463,801 cattle in baseline.)"
2011-03-14,Aweil South,0.0,0.016,0,early season (sowing),0.0,0.0,141256.8006910938,"No flood expected in Aweil South this week (q50 0.0 km²). Routine monitoring. (Aweil South maps ~141,257 cattle in baseline.)"
2011-03-14,Aweil West,0.0,0.014,0,early season (sowing),0.0,0.0,318964.9515941321,"No flood expected in Aweil West this week (q50 0.0 km²). Routine monitoring. (Aweil West maps ~318,965 cattle in baseline.)"
2011-03-21,Aweil Centre,0.0,0.029,0,early season (sowing),0.0,0.0,364961.8333817694,"No flood expected in Aweil Centre this week (q50 0.0 km²). Routine monitoring. (Aweil Centre maps ~364,962 cattle in baseline.)"
2011-03-21,Aweil East,0.0,0.03,0,early season (sowing),0.0,0.0,505027.7802561831,"No flood expected in Aweil East this week (q50 0.0 km²). Routine monitoring. (Aweil East maps ~505,028 cattle in baseline.)"
2011-03-21,Aweil North,0.0,0.016,0,early season (sowing),0.0,0.0,463800.5038861725,"No flood expected in Aweil North this week (q50 0.0 km²). Routine monitoring. (Aweil North maps ~463,801 cattle in baseline.)"
2011-03-21,Aweil South,0.0,0.019,0,early season (sowing),0.0,0.0,141256.8006910938,"No flood expected in Aweil South this week (q50 0.0 km²). Routine monitoring. (Aweil South maps ~141,257 cattle in baseline.)"
2011-03-21,Aweil West,0.0,0.018,0,early season (sowing),0.0,0.0,318964.9515941321,"No flood expected in Aweil West this week (q50 0.0 km²). Routine monitoring. (Aweil West maps ~318,965 cattle in baseline.)"
2011-03-28,Aweil Centre,0.0,0.035,0,early season (sowing),0.0,0.0,364961.8333817694,"No flood expected in Aweil Centre this week (q50 0.0 km²). Routine monitoring. (Aweil Centre maps ~364,962 cattle in baseline.)"
2011-03-28,Aweil East,0.0,0.036,0,early season (sowing),0.0,0.0,505027.7802561831,"No flood expected in Aweil East this week (q50 0.0 km²). Routine monitoring. (Aweil East maps ~505,028 cattle in baseline.)"
2011-03-28,Aweil North,0.0,0.02,0,early season (sowing),0.0,0.0,463800.5038861725,"No flood expected in Aweil North this week (q50 0.0 km²). Routine monitoring. (Aweil North maps ~463,801 cattle in baseline.)"
2011-03-28,Aweil South,0.0,0.024,0,early season (sowing),0.0,0.0,141256.8006910938,"No flood expected in Aweil South this week (q50 0.0 km²). Routine monitoring. (Aweil South maps ~141,257 cattle in baseline.)"
2011-03-28,Aweil West,0.0,0.022,0,early season (sowing),0.0,0.0,318964.9515941321,"No flood expected in Aweil West this week (q50 0.0 km²). Routine monitoring. (Aweil West maps ~318,965 cattle in baseline.)"
2011-04-04,Aweil Centre,0.0,0.04,0,crop establishment,0.0,0.0,364961.8333817694,"No flood expected in Aweil Centre this week (q50 0.0 km²). Routine monitoring. (Aweil Centre maps ~364,962 cattle in baseline.)"
2011-04-04,Aweil East,0.0,0.043,0,crop establishment,0.0,0.0,505027.7802561831,"No flood expected in Aweil East this week (q50 0.0 km²). Routine monitoring. (Aweil East maps ~505,028 cattle in baseline.)"
2011-04-04,Aweil North,0.0,0.029,0,crop establishment,0.0,0.0,463800.5038861725,"No flood expected in Aweil North this week (q50 0.0 km²). Routine monitoring. (Aweil North maps ~463,801 cattle in baseline.)"
2011-04-04,Aweil South,0.0,0.033,0,crop establishment,0.0,0.0,141256.8006910938,"No flood expected in Aweil South this week (q50 0.0 km²). Routine monitoring. (Aweil South maps ~141,257 cattle in baseline.)"
2011-04-04,Aweil West,0.0,0.031,0,crop establishment,0.0,0.0,318964.9515941321,"No flood expected in Aweil West this week (q50 0.0 km²). Routine monitoring. (Aweil West maps ~318,965 cattle in baseline.)"
2011-04-11,Aweil Centre,0.0,0.046,0,crop establishment,0.0,0.0,364961.8333817694,"No flood expected in Aweil Centre this week (q50 0.0 km²). Routine monitoring. (Aweil Centre maps ~364,962 cattle in baseline.)"
2011-04-11,Aweil East,0.0,0.046,0,crop establishment,0.0,0.0,505027.7802561831,"No flood expected in Aweil East this week (q50 0.0 km²). Routine monitoring. (Aweil East maps ~505,028 cattle in baseline.)"
2011-04-11,Aweil North,0.0,0.03,0,crop establishment,0.0,0.0,463800.5038861725,"No flood expected in Aweil North this week (q50 0.0 km²). Routine monitoring. (Aweil North maps ~463,801 cattle in baseline.)"
2011-04-11,Aweil South,0.0,0.036,0,crop establishment,0.0,0.0,141256.8006910938,"No flood expected in Aweil South this week (q50 0.0 km²). Routine monitoring. (Aweil South maps ~141,257 cattle in baseline.)"
2011-04-11,Aweil West,0.0,0.035,0,crop establishment,0.0,0.0,318964.9515941321,"No flood expected in Aweil West this week (q50 0.0 km²). Routine monitoring. (Aweil West maps ~318,965 cattle in baseline.)"
2011-04-18,Aweil Centre,0.0,0.035,0,crop establishment,0.0,0.0,364961.8333817694,"No flood expected in Aweil Centre this week (q50 0.0 km²). Routine monitoring. (Aweil Centre maps ~364,962 cattle in baseline.)"
2011-04-18,Aweil East,0.0,0.036,0,crop establishment,0.0,0.0,505027.7802561831,"No flood expected in Aweil East this week (q50 0.0 km²). Routine monitoring. (Aweil East maps ~505,028 cattle in baseline.)"
2011-04-18,Aweil North,0.0,0.02,0,crop establishment,0.0,0.0,463800.5038861725,"No flood expected in Aweil North this week (q50 0.0 km²). Routine monitoring. (Aweil North maps ~463,801 cattle in baseline.)"
2011-04-18,Aweil South,0.0,0.025,0,crop establishment,0.0,0.0,141256.8006910938,"No flood expected in Aweil South this week (q50 0.0 km²). Routine monitoring. (Aweil South maps ~141,257 cattle in baseline.)"
2011-04-18,Aweil West,0.0,0.023,0,crop establishment,0.0,0.0,318964.9515941321,"No flood expected in Aweil West this week (q50 0.0 km²). Routine monitoring. (Aweil West maps ~318,965 cattle in baseline.)"
2011-04-25,Aweil Centre,0.0,0.047,0,crop establishment,0.0,0.0,364961.8333817694,"No flood expected in Aweil Centre this week (q50 0.0 km²). Routine monitoring. (Aweil Centre maps ~364,962 cattle in baseline.)"
2011-04-25,Aweil East,0.0,0.051,0,crop establishment,0.0,0.0,505027.7802561831,"No flood expected in Aweil East this week (q50 0.0 km²). Routine monitoring. (Aweil East maps ~505,028 cattle in baseline.)"
2011-04-25,Aweil North,0.0,0.026,0,crop establishment,0.0,0.0,463800.5038861725,"No flood expected in Aweil North this week (q50 0.0 km²). Routine monitoring. (Aweil North maps ~463,801 cattle in baseline.)"
2011-04-25,Aweil South,0.0,0.034,0,crop establishment,0.0,0.0,141256.8006910938,"No flood expected in Aweil South this week (q50 0.0 km²). Routine monitoring. (Aweil South maps ~141,257 cattle in baseline.)"
2011-04-25,Aweil West,0.0,0.032,0,crop establishment,0.0,0.0,318964.9515941321,"No flood expected in Aweil West this week (q50 0.0 km²). Routine monitoring. (Aweil West maps ~318,965 cattle in baseline.)"
2011-05-02,Aweil Centre,0.0,0.039,0,vegetative growth,0.0,0.0,364961.8333817694,"No flood expected in Aweil Centre this week (q50 0.0 km²). Routine monitoring. (Aweil Centre maps ~364,962 cattle in baseline.)"
2011-05-02,Aweil East,0.0,0.048,0,vegetative growth,0.0,0.0,505027.7802561831,"No flood expected in Aweil East this week (q50 0.0 km²). Routine monitoring. (Aweil East maps ~505,028 cattle in baseline.)"
2011-05-02,Aweil North,0.0,0.021,0,vegetative growth,0.0,0.0,463800.5038861725,"No flood expected in Aweil North this week (q50 0.0 km²). Routine monitoring. (Aweil North maps ~463,801 cattle in baseline.)"
2011-05-02,Aweil South,0.0,0.032,0,vegetative growth,0.0,0.0,141256.8006910938,"No flood expected in Aweil South this week (q50 0.0 km²). Routine monitoring. (Aweil South maps ~141,257 cattle in baseline.)"
2011-05-02,Aweil West,0.0,0.025,0,vegetative growth,0.0,0.0,318964.9515941321,"No flood expected in Aweil West this week (q50 0.0 km²). Routine monitoring. (Aweil West maps ~318,965 cattle in baseline.)"
2011-05-09,Aweil Centre,0.0,0.037,0,vegetative growth,0.0,0.0,364961.8333817694,"No flood expected in Aweil Centre this week (q50 0.0 km²). Routine monitoring. (Aweil Centre maps ~364,962 cattle in baseline.)"
2011-05-09,Aweil East,0.0,0.047,0,vegetative growth,0.0,0.0,505027.7802561831,"No flood expected in Aweil East this week (q50 0.0 km²). Routine monitoring. (Aweil East maps ~505,028 cattle in baseline.)"
2011-05-09,Aweil North,0.0,0.021,0,vegetative growth,0.0,0.0,463800.5038861725,"No flood expected in Aweil North this week (q50 0.0 km²). Routine monitoring. (Aweil North maps ~463,801 cattle in baseline.)"
2011-05-09,Aweil South,0.0,0.032,0,vegetative growth,0.0,0.0,141256.8006910938,"No flood expected in Aweil South this week (q50 0.0 km²). Routine monitoring. (Aweil South maps ~141,257 cattle in baseline.)"
2011-05-09,Aweil West,0.0,0.025,0,vegetative growth,0.0,0.0,318964.9515941321,"No flood expected in Aweil West this week (q50 0.0 km²). Routine monitoring. (Aweil West maps ~318,965 cattle in baseline.)"
2011-05-16,Aweil Centre,0.0,0.046,0,vegetative growth,0.0,0.0,364961.8333817694,"No flood expected in Aweil Centre this week (q50 0.0 km²). Routine monitoring. (Aweil Centre maps ~364,962 cattle in baseline.)"
2011-05-16,Aweil East,0.0,0.055,0,vegetative growth,0.0,0.0,505027.7802561831,"No flood expected in Aweil East this week (q50 0.0 km²). Routine monitoring. (Aweil East maps ~505,028 cattle in baseline.)"
2011-05-16,Aweil North,0.0,0.024,0,vegetative growth,0.0,0.0,463800.5038861725,"No flood expected in Aweil North this week (q50 0.0 km²). Routine monitoring. (Aweil North maps ~463,801 cattle in baseline.)"
2011-05-16,Aweil South,0.0,0.035,0,vegetative growth,0.0,0.0,141256.8006910938,"No flood expected in Aweil South this week (q50 0.0 km²). Routine monitoring. (Aweil South maps ~141,257 cattle in baseline.)"
2011-05-16,Aweil West,0.0,0.031,0,vegetative growth,0.0,0.0,318964.9515941321,"No flood expected in Aweil West this week (q50 0.0 km²). Routine monitoring. (Aweil West maps ~318,965 cattle in baseline.)"
2011-05-23,Aweil Centre,0.0,0.05,0,vegetative growth,0.0,0.0,364961.8333817694,"No flood expected in Aweil Centre this week (q50 0.0 km²). Routine monitoring. (Aweil Centre maps ~364,962 cattle in baseline.)"
2011-05-23,Aweil East,0.0,0.065,0,vegetative growth,0.0,0.0,505027.7802561831,"No flood expected in Aweil East this week (q50 0.0 km²). Routine monitoring. (Aweil East maps ~505,028 cattle in baseline.)"
2011-05-23,Aweil North,0.0,0.028,0,vegetative growth,0.0,0.0,463800.5038861725,"No flood expected in Aweil North this week (q50 0.0 km²). Routine monitoring. (Aweil North maps ~463,801 cattle in baseline.)"
2011-05-23,Aweil South,0.0,0.042,0,vegetative growth,0.0,0.0,141256.8006910938,"No flood expected in Aweil South this week (q50 0.0 km²). Routine monitoring. (Aweil South maps ~141,257 cattle in baseline.)"
2011-05-23,Aweil West,0.0,0.034,0,vegetative growth,0.0,0.0,318964.9515941321,"No flood expected in Aweil West this week (q50 0.0 km²). Routine monitoring. (Aweil West maps ~318,965 cattle in baseline.)"
2011-05-30,Aweil Centre,0.0,0.032,0,vegetative growth,0.0,0.0,364961.8333817694,"No flood expected in Aweil Centre this week (q50 0.0 km²). Routine monitoring. (Aweil Centre maps ~364,962 cattle in baseline.)"
2011-05-30,Aweil East,0.0,0.035,0,vegetative growth,0.0,0.0,505027.7802561831,"No flood expected in Aweil East this week (q50 0.0 km²). Routine monitoring. (Aweil East maps ~505,028 cattle in baseline.)"
2011-05-30,Aweil North,0.0,0.018,0,vegetative growth,0.0,0.0,463800.5038861725,"No flood expected in Aweil North this week (q50 0.0 km²). Routine monitoring. (Aweil North maps ~463,801 cattle in baseline.)"
2011-05-30,Aweil South,0.0,0.022,0,vegetative growth,0.0,0.0,141256.8006910938,"No flood expected in Aweil South this week (q50 0.0 km²). Routine monitoring. (Aweil South maps ~141,257 cattle in baseline.)"
2011-05-30,Aweil West,0.0,0.023,0,vegetative growth,0.0,0.0,318964.9515941321,"No flood expected in Aweil West this week (q50 0.0 km²). Routine monitoring. (Aweil West maps ~318,965 cattle in baseline.)"
2011-06-06,Aweil Centre,0.0,0.038,0,vegetative growth (peak),0.0,0.0,364961.8333817694,"No flood expected in Aweil Centre this week (q50 0.0 km²). Routine monitoring. (Aweil Centre maps ~364,962 cattle in baseline.)"
2011-06-06,Aweil East,0.0,0.044,0,vegetative growth (peak),0.0,0.0,505027.7802561831,"No flood expected in Aweil East this week (q50 0.0 km²). Routine monitoring. (Aweil East maps ~505,028 cattle in baseline.)"
2011-06-06,Aweil North,0.0,0.023,0,vegetative growth (peak),0.0,0.0,463800.5038861725,"No flood expected in Aweil North this week (q50 0.0 km²). Routine monitoring. (Aweil North maps ~463,801 cattle in baseline.)"
2011-06-06,Aweil South,0.0,0.028,0,vegetative growth (peak),0.0,0.0,141256.8006910938,"No flood expected in Aweil South this week (q50 0.0 km²). Routine monitoring. (Aweil South maps ~141,257 cattle in baseline.)"
2011-06-06,Aweil West,0.0,0.029,0,vegetative growth (peak),0.0,0.0,318964.9515941321,"No flood expected in Aweil West this week (q50 0.0 km²). Routine monitoring. (Aweil West maps ~318,965 cattle in baseline.)"
2011-06-13,Aweil Centre,0.0,0.039,0,vegetative growth (peak),0.0,0.0,364961.8333817694,"No flood expected in Aweil Centre this week (q50 0.0 km²). Routine monitoring. (Aweil Centre maps ~364,962 cattle in baseline.)"
2011-06-13,Aweil East,0.0,0.044,0,vegetative growth (peak),0.0,0.0,505027.7802561831,"No flood expected in Aweil East this week (q50 0.0 km²). Routine monitoring. (Aweil East maps ~505,028 cattle in baseline.)"
2011-06-13,Aweil North,0.0,0.023,0,vegetative growth (peak),0.0,0.0,463800.5038861725,"No flood expected in Aweil North this week (q50 0.0 km²). Routine monitoring. (Aweil North maps ~463,801 cattle in baseline.)"
2011-06-13,Aweil South,0.0,0.029,0,vegetative growth (peak),0.0,0.0,141256.8006910938,"No flood expected in Aweil South this week (q50 0.0 km²). Routine monitoring. (Aweil South maps ~141,257 cattle in baseline.)"
2011-06-13,Aweil West,0.0,0.03,0,vegetative growth (peak),0.0,0.0,318964.9515941321,"No flood expected in Aweil West this week (q50 0.0 km²). Routine monitoring. (Aweil West maps ~318,965 cattle in baseline.)"
2011-06-20,Aweil Centre,0.0,0.027,0,vegetative growth (peak),0.0,0.0,364961.8333817694,"No flood expected in Aweil Centre this week (q50 0.0 km²). Routine monitoring. (Aweil Centre maps ~364,962 cattle in baseline.)"
2011-06-20,Aweil East,0.0,0.032,0,vegetative growth (peak),0.0,0.0,505027.7802561831,"No flood expected in Aweil East this week (q50 0.0 km²). Routine monitoring. (Aweil East maps ~505,028 cattle in baseline.)"
2011-06-20,Aweil North,0.0,0.016,0,vegetative growth (peak),0.0,0.0,463800.5038861725,"No flood expected in Aweil North this week (q50 0.0 km²). Routine monitoring. (Aweil North maps ~463,801 cattle in baseline.)"
2011-06-20,Aweil South,0.0,0.02,0,vegetative growth (peak),0.0,0.0,141256.8006910938,"No flood expected in Aweil South this week (q50 0.0 km²). Routine monitoring. (Aweil South maps ~141,257 cattle in baseline.)"
2011-06-20,Aweil West,0.0,0.02,0,vegetative growth (peak),0.0,0.0,318964.9515941321,"No flood expected in Aweil West this week (q50 0.0 km²). Routine monitoring. (Aweil West maps ~318,965 cattle in baseline.)"
2011-06-27,Aweil Centre,0.0,0.025,0,vegetative growth (peak),0.0,0.0,364961.8333817694,"No flood expected in Aweil Centre this week (q50 0.0 km²). Routine monitoring. (Aweil Centre maps ~364,962 cattle in baseline.)"
2011-06-27,Aweil East,0.0,0.034,0,vegetative growth (peak),0.0,0.0,505027.7802561831,"No flood expected in Aweil East this week (q50 0.0 km²). Routine monitoring. (Aweil East maps ~505,028 cattle in baseline.)"
2011-06-27,Aweil North,0.0,0.014,0,vegetative growth (peak),0.0,0.0,463800.5038861725,"No flood expected in Aweil North this week (q50 0.0 km²). Routine monitoring. (Aweil North maps ~463,801 cattle in baseline.)"
2011-06-27,Aweil South,0.0,0.023,0,vegetative growth (peak),0.0,0.0,141256.8006910938,"No flood expected in Aweil South this week (q50 0.0 km²). Routine monitoring. (Aweil South maps ~141,257 cattle in baseline.)"
2011-06-27,Aweil West,0.0,0.018,0,vegetative growth (peak),0.0,0.0,318964.9515941321,"No flood expected in Aweil West this week (q50 0.0 km²). Routine monitoring. (Aweil West maps ~318,965 cattle in baseline.)"
2011-07-04,Aweil Centre,0.0,0.025,0,vegetative growth (peak),0.0,0.0,364961.8333817694,"No flood expected in Aweil Centre this week (q50 0.0 km²). Routine monitoring. (Aweil Centre maps ~364,962 cattle in baseline.)"
2011-07-04,Aweil East,0.0,0.03,0,vegetative growth (peak),0.0,0.0,505027.7802561831,"No flood expected in Aweil East this week (q50 0.0 km²). Routine monitoring. (Aweil East maps ~505,028 cattle in baseline.)"
2011-07-04,Aweil North,0.0,0.014,0,vegetative growth (peak),0.0,0.0,463800.5038861725,"No flood expected in Aweil North this week (q50 0.0 km²). Routine monitoring. (Aweil North maps ~463,801 cattle in baseline.)"
2011-07-04,Aweil South,0.0,0.02,0,vegetative growth (peak),0.0,0.0,141256.8006910938,"No flood expected in Aweil South this week (q50 0.0 km²). Routine monitoring. (Aweil South maps ~141,257 cattle in baseline.)"
2011-07-04,Aweil West,0.0,0.018,0,vegetative growth (peak),0.0,0.0,318964.9515941321,"No flood expected in Aweil West this week (q50 0.0 km²). Routine monitoring. (Aweil West maps ~318,965 cattle in baseline.)"
2011-07-11,Aweil Centre,0.0,0.037,0,vegetative growth (peak),0.0,0.0,364961.8333817694,"No flood expected in Aweil Centre this week (q50 0.0 km²). Routine monitoring. (Aweil Centre maps ~364,962 cattle in baseline.)"
2011-07-11,Aweil East,0.0,0.046,0,vegetative growth (peak),0.0,0.0,505027.7802561831,"No flood expected in Aweil East this week (q50 0.0 km²). Routine monitoring. (Aweil East maps ~505,028 cattle in baseline.)"
2011-07-11,Aweil North,0.0,0.024,0,vegetative growth (peak),0.0,0.0,463800.5038861725,"No flood expected in Aweil North this week (q50 0.0 km²). Routine monitoring. (Aweil North maps ~463,801 cattle in baseline.)"
2011-07-11,Aweil South,0.0,0.03,0,vegetative growth (peak),0.0,0.0,141256.8006910938,"No flood expected in Aweil South this week (q50 0.0 km²). Routine monitoring. (Aweil South maps ~141,257 cattle in baseline.)"
2011-07-11,Aweil West,0.0,0.029,0,vegetative growth (peak),0.0,0.0,318964.9515941321,"No flood expected in Aweil West this week (q50 0.0 km²). Routine monitoring. (Aweil West maps ~318,965 cattle in baseline.)"
2011-07-18,Aweil Centre,0.0,0.025,0,vegetative growth (peak),0.0,0.0,364961.8333817694,"No flood expected in Aweil Centre this week (q50 0.0 km²). Routine monitoring. (Aweil Centre maps ~364,962 cattle in baseline.)"
2011-07-18,Aweil East,0.0,0.034,0,vegetative growth (peak),0.0,0.0,505027.7802561831,"No flood expected in Aweil East this week (q50 0.0 km²). Routine monitoring. (Aweil East maps ~505,028 cattle in baseline.)"
2011-07-18,Aweil North,0.0,0.014,0,vegetative growth (peak),0.0,0.0,463800.5038861725,"No flood expected in Aweil North this week (q50 0.0 km²). Routine monitoring. (Aweil North maps ~463,801 cattle in baseline.)"
2011-07-18,Aweil South,0.0,0.021,0,vegetative growth (peak),0.0,0.0,141256.8006910938,"No flood expected in Aweil South this week (q50 0.0 km²). Routine monitoring. (Aweil South maps ~141,257 cattle in baseline.)"
2011-07-18,Aweil West,0.0,0.019,0,vegetative growth (peak),0.0,0.0,318964.9515941321,"No flood expected in Aweil West this week (q50 0.0 km²). Routine monitoring. (Aweil West maps ~318,965 cattle in baseline.)"
2011-07-25,Aweil Centre,0.0,0.029,0,vegetative growth (peak),0.0,0.0,364961.8333817694,"No flood expected in Aweil Centre this week (q50 0.0 km²). Routine monitoring. (Aweil Centre maps ~364,962 cattle in baseline.)"
2011-07-25,Aweil East,0.0,0.042,0,vegetative growth (peak),0.0,0.0,505027.7802561831,"No flood expected in Aweil East this week (q50 0.0 km²). Routine monitoring. (Aweil East maps ~505,028 cattle in baseline.)"
2011-07-25,Aweil North,0.0,0.015,0,vegetative growth (peak),0.0,0.0,463800.5038861725,"No flood expected in Aweil North this week (q50 0.0 km²). Routine monitoring. (Aweil North maps ~463,801 cattle in baseline.)"
2011-07-25,Aweil South,0.0,0.023,0,vegetative growth (peak),0.0,0.0,141256.8006910938,"No flood expected in Aweil South this week (q50 0.0 km²). Routine monitoring. (Aweil South maps ~141,257 cattle in baseline.)"
2011-07-25,Aweil West,0.0,0.02,0,vegetative growth (peak),0.0,0.0,318964.9515941321,"No flood expected in Aweil West this week (q50 0.0 km²). Routine monitoring. (Aweil West maps ~318,965 cattle in baseline.)"
2011-08-01,Aweil Centre,0.0,0.047,0,maturation,0.0,0.0,364961.8333817694,"No flood expected in Aweil Centre this week (q50 0.0 km²). Routine monitoring. (Aweil Centre maps ~364,962 cattle in baseline.)"
2011-08-01,Aweil East,0.0,0.068,0,maturation,0.0,0.0,505027.7802561831,"No flood expected in Aweil East this week (q50 0.0 km²). Routine monitoring. (Aweil East maps ~505,028 cattle in baseline.)"
2011-08-01,Aweil North,0.0,0.024,0,maturation,0.0,0.0,463800.5038861725,"No flood expected in Aweil North this week (q50 0.0 km²). Routine monitoring. (Aweil North maps ~463,801 cattle in baseline.)"
2011-08-01,Aweil South,0.0,0.034,0,maturation,0.0,0.0,141256.8006910938,"No flood expected in Aweil South this week (q50 0.0 km²). Routine monitoring. (Aweil South maps ~141,257 cattle in baseline.)"
2011-08-01,Aweil West,0.0,0.03,0,maturation,0.0,0.0,318964.9515941321,"No flood expected in Aweil West this week (q50 0.0 km²). Routine monitoring. (Aweil West maps ~318,965 cattle in baseline.)"
2011-08-08,Aweil Centre,0.0,0.098,0,maturation,0.0,0.0,364961.8333817694,"No flood expected in Aweil Centre this week (q50 0.0 km²). Routine monitoring. (Aweil Centre maps ~364,962 cattle in baseline.)"
2011-08-08,Aweil East,0.0,0.138,0,maturation,0.0,0.0,505027.7802561831,"No flood expected in Aweil East this week (q50 0.0 km²). Routine monitoring. (Aweil East maps ~505,028 cattle in baseline.)"
2011-08-08,Aweil North,0.0,0.054,0,maturation,0.0,0.0,463800.5038861725,"No flood expected in Aweil North this week (q50 0.0 km²). Routine monitoring. (Aweil North maps ~463,801 cattle in baseline.)"
2011-08-08,Aweil South,0.0,0.077,0,maturation,0.0,0.0,141256.8006910938,"No flood expected in Aweil South this week (q50 0.0 km²). Routine monitoring. (Aweil South maps ~141,257 cattle in baseline.)"
2011-08-08,Aweil West,0.0,0.066,0,maturation,0.0,0.0,318964.9515941321,"No flood expected in Aweil West this week (q50 0.0 km²). Routine monitoring. (Aweil West maps ~318,965 cattle in baseline.)"
2011-08-15,Aweil Centre,0.0,0.17,0,maturation,0.0,0.0,364961.8333817694,"No flood expected in Aweil Centre this week (q50 0.0 km²). Routine monitoring. (Aweil Centre maps ~364,962 cattle in baseline.)"
2011-08-15,Aweil East,0.0,0.211,0,maturation,0.0,0.0,505027.7802561831,"No flood expected in Aweil East this week (q50 0.0 km²). Routine monitoring. (Aweil East maps ~505,028 cattle in baseline.)"
2011-08-15,Aweil North,0.0,0.107,0,maturation,0.0,0.0,463800.5038861725,"No flood expected in Aweil North this week (q50 0.0 km²). Routine monitoring. (Aweil North maps ~463,801 cattle in baseline.)"
2011-08-15,Aweil South,0.0,0.14,0,maturation,0.0,0.0,141256.8006910938,"No flood expected in Aweil South this week (q50 0.0 km²). Routine monitoring. (Aweil South maps ~141,257 cattle in baseline.)"
2011-08-15,Aweil West,0.0,0.133,0,maturation,0.0,0.0,318964.9515941321,"No flood expected in Aweil West this week (q50 0.0 km²). Routine monitoring. (Aweil West maps ~318,965 cattle in baseline.)"
2011-08-22,Aweil Centre,0.0,0.158,0,maturation,0.0,0.0,364961.8333817694,"No flood expected in Aweil Centre this week (q50 0.0 km²). Routine monitoring. (Aweil Centre maps ~364,962 cattle in baseline.)"
2011-08-22,Aweil East,0.0,0.191,0,maturation,0.0,0.0,505027.7802561831,"No flood expected in Aweil East this week (q50 0.0 km²). Routine monitoring. (Aweil East maps ~505,028 cattle in baseline.)"
2011-08-22,Aweil North,0.0,0.072,0,maturation,0.0,0.0,463800.5038861725,"No flood expected in Aweil North this week (q50 0.0 km²). Routine monitoring. (Aweil North maps ~463,801 cattle in baseline.)"
2011-08-22,Aweil South,0.0,0.104,0,maturation,0.0,0.0,141256.8006910938,"No flood expected in Aweil South this week (q50 0.0 km²). Routine monitoring. (Aweil South maps ~141,257 cattle in baseline.)"
2011-08-22,Aweil West,0.0,0.096,0,maturation,0.0,0.0,318964.9515941321,"No flood expected in Aweil West this week (q50 0.0 km²). Routine monitoring. (Aweil West maps ~318,965 cattle in baseline.)"
2011-08-29,Aweil Centre,0.0,0.154,0,maturation,0.0,0.0,364961.8333817694,"No flood expected in Aweil Centre this week (q50 0.0 km²). Routine monitoring. (Aweil Centre maps ~364,962 cattle in baseline.)"
2011-08-29,Aweil East,0.11,0.429,0,maturation,0.0,0.0,505027.7802561831,"No flood expected in Aweil East this week (q50 0.1 km²). Routine monitoring. (Aweil East maps ~505,028 cattle in baseline.)"
2011-08-29,Aweil North,0.0,0.079,0,maturation,0.0,0.0,463800.5038861725,"No flood expected in Aweil North this week (q50 0.0 km²). Routine monitoring. (Aweil North maps ~463,801 cattle in baseline.)"
2011-08-29,Aweil South,0.0,0.11,0,maturation,0.0,0.0,141256.8006910938,"No flood expected in Aweil South this week (q50 0.0 km²). Routine monitoring. (Aweil South maps ~141,257 cattle in baseline.)"
2011-08-29,Aweil West,0.0,0.096,0,maturation,0.0,0.0,318964.9515941321,"No flood expected in Aweil West this week (q50 0.0 km²). Routine monitoring. (Aweil West maps ~318,965 cattle in baseline.)"
2011-09-05,Aweil Centre,0.0,0.113,0,maturation / grain filling,0.0,0.0,364961.8333817694,"No flood expected in Aweil Centre this week (q50 0.0 km²). Routine monitoring. (Aweil Centre maps ~364,962 cattle in baseline.)"
2011-09-05,Aweil East,0.0,0.221,0,maturation / grain filling,0.0,0.0,505027.7802561831,"No flood expected in Aweil East this week (q50 0.0 km²). Routine monitoring. (Aweil East maps ~505,028 cattle in baseline.)"
2011-09-05,Aweil North,0.0,0.055,0,maturation / grain filling,0.0,0.0,463800.5038861725,"No flood expected in Aweil North this week (q50 0.0 km²). Routine monitoring. (Aweil North maps ~463,801 cattle in baseline.)"
2011-09-05,Aweil South,0.0,0.076,0,maturation / grain filling,0.0,0.0,141256.8006910938,"No flood expected in Aweil South this week (q50 0.0 km²). Routine monitoring. (Aweil South maps ~141,257 cattle in baseline.)"
2011-09-05,Aweil West,0.0,0.071,0,maturation / grain filling,0.0,0.0,318964.9515941321,"No flood expected in Aweil West this week (q50 0.0 km²). Routine monitoring. (Aweil West maps ~318,965 cattle in baseline.)"
2011-09-12,Aweil Centre,0.0,0.27,0,maturation / grain filling,0.0,0.0,364961.8333817694,"No flood expected in Aweil Centre this week (q50 0.0 km²). Routine monitoring. (Aweil Centre maps ~364,962 cattle in baseline.)"
2011-09-12,Aweil East,0.0,0.44,0,maturation / grain filling,0.0,0.0,505027.7802561831,"No flood expected in Aweil East this week (q50 0.0 km²). Routine monitoring. (Aweil East maps ~505,028 cattle in baseline.)"
2011-09-12,Aweil North,0.0,0.178,0,maturation / grain filling,0.0,0.0,463800.5038861725,"No flood expected in Aweil North this week (q50 0.0 km²). Routine monitoring. (Aweil North maps ~463,801 cattle in baseline.)"
2011-09-12,Aweil South,0.0,0.216,0,maturation / grain filling,0.0,0.0,141256.8006910938,"No flood expected in Aweil South this week (q50 0.0 km²). Routine monitoring. (Aweil South maps ~141,257 cattle in baseline.)"
2011-09-12,Aweil West,0.11,0.425,0,maturation / grain filling,0.5,29.1,318964.9515941321,"No flood expected in Aweil West this week (q50 0.1 km²). Routine monitoring. Approx. 29 ha of rangeland at risk; plan early herd movement. (Aweil West maps ~318,965 cattle in baseline.)"
2011-09-19,Aweil Centre,0.0,0.364,0,maturation / grain filling,0.0,0.0,364961.8333817694,"No flood expected in Aweil Centre this week (q50 0.0 km²). Routine monitoring. (Aweil Centre maps ~364,962 cattle in baseline.)"
2011-09-19,Aweil East,0.75,0.846,0,maturation / grain filling,1.9,78.8,505027.7802561831,"SEVERE flood expected in Aweil East this week: q50 0.8 km², above the 95th percentile of all September weeks since 2000. Approx. 2 ha of mapped crops in the Aweil East floodplain are at risk. Approx. 79 ha of rangeland at risk; plan early herd movement. (Aweil East maps ~505,028 cattle in baseline.)"
2011-09-19,Aweil North,0.33,0.493,0,maturation / grain filling,2.6,137.0,463800.5038861725,"No flood expected in Aweil North this week (q50 0.3 km²). Routine monitoring. Approx. 3 ha of mapped crops in the Aweil North floodplain are at risk. Approx. 137 ha of rangeland at risk; plan early herd movement. (Aweil North maps ~463,801 cattle in baseline.)"
2011-09-19,Aweil South,0.0,0.283,0,maturation / grain filling,0.0,0.0,141256.8006910938,"No flood expected in Aweil South this week (q50 0.0 km²). Routine monitoring. (Aweil South maps ~141,257 cattle in baseline.)"
2011-09-19,Aweil West,0.67,0.797,0,maturation / grain filling,2.8,174.3,318964.9515941321,"SEVERE flood expected in Aweil West this week: q50 0.7 km², above the 95th percentile of all September weeks since 2000. Approx. 3 ha of mapped crops in the Aweil West floodplain are at risk. Approx. 174 ha of rangeland at risk; plan early herd movement. (Aweil West maps ~318,965 cattle in baseline.)"
2011-09-26,Aweil Centre,0.0,0.28,0,maturation / grain filling,0.0,0.0,364961.8333817694,"No flood expected in Aweil Centre this week (q50 0.0 km²). Routine monitoring. (Aweil Centre maps ~364,962 cattle in baseline.)"
2011-09-26,Aweil East,0.15,0.649,0,maturation / grain filling,0.4,15.4,505027.7802561831,"SEVERE flood expected in Aweil East this week: q50 0.1 km², above the 95th percentile of all September weeks since 2000. Approx. 15 ha of rangeland at risk; plan early herd movement. (Aweil East maps ~505,028 cattle in baseline.)"
2011-09-26,Aweil North,0.01,0.2,0,maturation / grain filling,0.0,2.4,463800.5038861725,"No flood expected in Aweil North this week (q50 0.0 km²). Routine monitoring. Approx. 2 ha of rangeland at risk; plan early herd movement. (Aweil North maps ~463,801 cattle in baseline.)"
2011-09-26,Aweil South,0.0,0.221,0,maturation / grain filling,0.0,0.0,141256.8006910938,"No flood expected in Aweil South this week (q50 0.0 km²). Routine monitoring. (Aweil South maps ~141,257 cattle in baseline.)"
2011-09-26,Aweil West,0.46,0.718,0,maturation / grain filling,1.9,119.4,318964.9515941321,"SEVERE flood expected in Aweil West this week: q50 0.5 km², above the 95th percentile of all September weeks since 2000. Approx. 2 ha of mapped crops in the Aweil West floodplain are at risk. Approx. 119 ha of rangeland at risk; plan early herd movement. (Aweil West maps ~318,965 cattle in baseline.)"
2011-10-03,Aweil Centre,0.0,0.212,0,harvest,0.0,0.0,364961.8333817694,"No flood expected in Aweil Centre this week (q50 0.0 km²). Routine monitoring. (Aweil Centre maps ~364,962 cattle in baseline.)"
2011-10-03,Aweil East,7.08,0.903,0,harvest,66.9,769.5,505027.7802561831,"SEVERE flood expected in Aweil East this week: q50 7.1 km², above the 95th percentile of all October weeks since 2000. Approx. 67 ha of mapped crops in the Aweil East floodplain are at risk. Approx. 769 ha of rangeland at risk; plan early herd movement. (Aweil East maps ~505,028 cattle in baseline.)"
2011-10-03,Aweil North,0.01,0.155,0,harvest,0.4,8.8,463800.5038861725,"No flood expected in Aweil North this week (q50 0.0 km²). Routine monitoring. Approx. 9 ha of rangeland at risk; plan early herd movement. (Aweil North maps ~463,801 cattle in baseline.)"
2011-10-03,Aweil South,0.0,0.154,0,harvest,0.0,0.0,141256.8006910938,"No flood expected in Aweil South this week (q50 0.0 km²). Routine monitoring. (Aweil South maps ~141,257 cattle in baseline.)"
2011-10-03,Aweil West,0.52,0.836,0,harvest,4.9,226.2,318964.9515941321,"SEVERE flood expected in Aweil West this week: q50 0.5 km², above the 95th percentile of all October weeks since 2000. Approx. 5 ha of mapped crops in the Aweil West floodplain are at risk. Approx. 226 ha of rangeland at risk; plan early herd movement. (Aweil West maps ~318,965 cattle in baseline.)"
2011-10-10,Aweil Centre,0.0,0.121,0,harvest,0.0,0.0,364961.8333817694,"No flood expected in Aweil Centre this week (q50 0.0 km²). Routine monitoring. (Aweil Centre maps ~364,962 cattle in baseline.)"
2011-10-10,Aweil East,7.08,0.913,0,harvest,66.9,769.5,505027.7802561831,"SEVERE flood expected in Aweil East this week: q50 7.1 km², above the 95th percentile of all October weeks since 2000. Approx. 67 ha of mapped crops in the Aweil East floodplain are at risk. Approx. 769 ha of rangeland at risk; plan early herd movement. (Aweil East maps ~505,028 cattle in baseline.)"
2011-10-10,Aweil North,0.0,0.059,0,harvest,0.0,0.0,463800.5038861725,"No flood expected in Aweil North this week (q50 0.0 km²). Routine monitoring. (Aweil North maps ~463,801 cattle in baseline.)"
2011-10-10,Aweil South,0.0,0.079,0,harvest,0.0,0.0,141256.8006910938,"No flood expected in Aweil South this week (q50 0.0 km²). Routine monitoring. (Aweil South maps ~141,257 cattle in baseline.)"
2011-10-10,Aweil West,0.31,0.756,0,harvest,3.0,138.3,318964.9515941321,"SEVERE flood expected in Aweil West this week: q50 0.3 km², above the 95th percentile of all October weeks since 2000. Approx. 3 ha of mapped crops in the Aweil West floodplain are at risk. Approx. 138 ha of rangeland at risk; plan early herd movement. (Aweil West maps ~318,965 cattle in baseline.)"
2011-10-17,Aweil Centre,0.0,0.203,0,harvest,0.0,0.0,364961.8333817694,"No flood expected in Aweil Centre this week (q50 0.0 km²). Routine monitoring. (Aweil Centre maps ~364,962 cattle in baseline.)"
2011-10-17,Aweil East,0.01,0.728,0,harvest,0.1,1.5,505027.7802561831,"SEVERE flood expected in Aweil East this week: q50 0.0 km², above the 95th percentile of all October weeks since 2000. Approx. 1 ha of rangeland at risk; plan early herd movement. (Aweil East maps ~505,028 cattle in baseline.)"
2011-10-17,Aweil North,0.0,0.086,0,harvest,0.0,0.0,463800.5038861725,"No flood expected in Aweil North this week (q50 0.0 km²). Routine monitoring. (Aweil North maps ~463,801 cattle in baseline.)"
2011-10-17,Aweil South,0.0,0.136,0,harvest,0.0,0.0,141256.8006910938,"No flood expected in Aweil South this week (q50 0.0 km²). Routine monitoring. (Aweil South maps ~141,257 cattle in baseline.)"
2011-10-17,Aweil West,0.03,0.478,0,harvest,0.3,13.4,318964.9515941321,"No flood expected in Aweil West this week (q50 0.0 km²). Routine monitoring. Approx. 13 ha of rangeland at risk; plan early herd movement. (Aweil West maps ~318,965 cattle in baseline.)"
2011-10-24,Aweil Centre,0.0,0.231,0,harvest,0.0,0.0,364961.8333817694,"No flood expected in Aweil Centre this week (q50 0.0 km²). Routine monitoring. (Aweil Centre maps ~364,962 cattle in baseline.)"
2011-10-24,Aweil East,1.99,0.942,0,harvest,18.8,216.1,505027.7802561831,"SEVERE flood expected in Aweil East this week: q50 2.0 km², above the 95th percentile of all October weeks since 2000. Approx. 19 ha of mapped crops in the Aweil East floodplain are at risk. Approx. 216 ha of rangeland at risk; plan early herd movement. (Aweil East maps ~505,028 cattle in baseline.)"
2011-10-24,Aweil North,0.0,0.098,0,harvest,0.0,0.0,463800.5038861725,"No flood expected in Aweil North this week (q50 0.0 km²). Routine monitoring. (Aweil North maps ~463,801 cattle in baseline.)"
2011-10-24,Aweil South,0.31,0.696,0,harvest,5.6,88.3,141256.8006910938,"SEVERE flood expected in Aweil South this week: q50 0.3 km², above the 95th percentile of all October weeks since 2000. Approx. 6 ha of mapped crops in the Aweil South floodplain are at risk. Approx. 88 ha of rangeland at risk; plan early herd movement. (Aweil South maps ~141,257 cattle in baseline.)"
2011-10-24,Aweil West,0.34,0.837,0,harvest,3.2,148.8,318964.9515941321,"SEVERE flood expected in Aweil West this week: q50 0.3 km², above the 95th percentile of all October weeks since 2000. Approx. 3 ha of mapped crops in the Aweil West floodplain are at risk. Approx. 149 ha of rangeland at risk; plan early herd movement. (Aweil West maps ~318,965 cattle in baseline.)"
2011-10-31,Aweil Centre,0.0,0.269,0,harvest,0.0,0.0,364961.8333817694,"No flood expected in Aweil Centre this week (q50 0.0 km²). Routine monitoring. (Aweil Centre maps ~364,962 cattle in baseline.)"
2011-10-31,Aweil East,0.03,0.747,0,harvest,0.3,3.3,505027.7802561831,"SEVERE flood expected in Aweil East this week: q50 0.0 km², above the 95th percentile of all October weeks since 2000. Approx. 3 ha of rangeland at risk; plan early herd movement. (Aweil East maps ~505,028 cattle in baseline.)"
2011-10-31,Aweil North,0.0,0.122,0,harvest,0.0,0.0,463800.5038861725,"No flood expected in Aweil North this week (q50 0.0 km²). Routine monitoring. (Aweil North maps ~463,801 cattle in baseline.)"
2011-10-31,Aweil South,0.01,0.297,0,harvest,0.2,2.8,141256.8006910938,"No flood expected in Aweil South this week (q50 0.0 km²). Routine monitoring. Approx. 3 ha of rangeland at risk; plan early herd movement. (Aweil South maps ~141,257 cattle in baseline.)"
2011-10-31,Aweil West,0.03,0.367,0,harvest,0.3,13.4,318964.9515941321,"No flood expected in Aweil West this week (q50 0.0 km²). Routine monitoring. Approx. 13 ha of rangeland at risk; plan early herd movement. (Aweil West maps ~318,965 cattle in baseline.)"
2011-11-07,Aweil Centre,0.0,0.662,0,harvest / drying,0.0,0.4,364961.8333817694,"SEVERE flood expected in Aweil Centre this week: q50 0.0 km², above the 95th percentile of all November weeks since 2000. (Aweil Centre maps ~364,962 cattle in baseline.)"
2011-11-07,Aweil East,0.32,0.851,0,harvest / drying,4.4,57.6,505027.7802561831,"SEVERE flood expected in Aweil East this week: q50 0.3 km², above the 95th percentile of all November weeks since 2000. Approx. 4 ha of mapped crops in the Aweil East floodplain are at risk. Approx. 58 ha of rangeland at risk; plan early herd movement. (Aweil East maps ~505,028 cattle in baseline.)"
2011-11-07,Aweil North,0.0,0.096,0,harvest / drying,0.0,0.0,463800.5038861725,"No flood expected in Aweil North this week (q50 0.0 km²). Routine monitoring. (Aweil North maps ~463,801 cattle in baseline.)"
2011-11-07,Aweil South,0.32,0.813,0,harvest / drying,4.9,77.8,141256.8006910938,"SEVERE flood expected in Aweil South this week: q50 0.3 km², above the 95th percentile of all November weeks since 2000. Approx. 5 ha of mapped crops in the Aweil South floodplain are at risk. Approx. 78 ha of rangeland at risk; plan early herd movement. (Aweil South maps ~141,257 cattle in baseline.)"
2011-11-07,Aweil West,0.0,0.231,0,harvest / drying,0.0,0.0,318964.9515941321,"No flood expected in Aweil West this week (q50 0.0 km²). Routine monitoring. (Aweil West maps ~318,965 cattle in baseline.)"
2011-11-14,Aweil Centre,0.01,0.498,0,harvest / drying,0.0,0.6,364961.8333817694,"No flood expected in Aweil Centre this week (q50 0.0 km²). Routine monitoring. (Aweil Centre maps ~364,962 cattle in baseline.)"
2011-11-14,Aweil East,0.01,0.435,0,harvest / drying,0.1,1.7,505027.7802561831,"No flood expected in Aweil East this week (q50 0.0 km²). Routine monitoring. Approx. 2 ha of rangeland at risk; plan early herd movement. (Aweil East maps ~505,028 cattle in baseline.)"
2011-11-14,Aweil North,0.0,0.063,0,harvest / drying,0.0,0.0,463800.5038861725,"No flood expected in Aweil North this week (q50 0.0 km²). Routine monitoring. (Aweil North maps ~463,801 cattle in baseline.)"
2011-11-14,Aweil South,1.99,0.893,0,harvest / drying,30.5,488.4,141256.8006910938,"SEVERE flood expected in Aweil South this week: q50 2.0 km², above the 95th percentile of all November weeks since 2000. Approx. 30 ha of mapped crops in the Aweil South floodplain are at risk. Approx. 488 ha of rangeland at risk; plan early herd movement. (Aweil South maps ~141,257 cattle in baseline.)"
2011-11-14,Aweil West,0.0,0.119,0,harvest / drying,0.0,0.0,318964.9515941321,"No flood expected in Aweil West this week (q50 0.0 km²). Routine monitoring. (Aweil West maps ~318,965 cattle in baseline.)"
2011-11-21,Aweil Centre,0.0,0.272,0,harvest / drying,0.0,0.0,364961.8333817694,"No flood expected in Aweil Centre this week (q50 0.0 km²). Routine monitoring. (Aweil Centre maps ~364,962 cattle in baseline.)"
2011-11-21,Aweil East,0.0,0.239,0,harvest / drying,0.0,0.0,505027.7802561831,"No flood expected in Aweil East this week (q50 0.0 km²). Routine monitoring. (Aweil East maps ~505,028 cattle in baseline.)"
2011-11-21,Aweil North,0.0,0.033,0,harvest / drying,0.0,0.0,463800.5038861725,"No flood expected in Aweil North this week (q50 0.0 km²). Routine monitoring. (Aweil North maps ~463,801 cattle in baseline.)"
2011-11-21,Aweil South,0.44,0.733,0,harvest / drying,6.7,106.9,141256.8006910938,"SEVERE flood expected in Aweil South this week: q50 0.4 km², above the 95th percentile of all November weeks since 2000. Approx. 7 ha of mapped crops in the Aweil South floodplain are at risk. Approx. 107 ha of rangeland at risk; plan early herd movement. (Aweil South maps ~141,257 cattle in baseline.)"
2011-11-21,Aweil West,0.0,0.041,0,harvest / drying,0.0,0.0,318964.9515941321,"No flood expected in Aweil West this week (q50 0.0 km²). Routine monitoring. (Aweil West maps ~318,965 cattle in baseline.)"
2011-11-28,Aweil Centre,0.32,0.597,0,harvest / drying,0.0,34.7,364961.8333817694,"SEVERE flood expected in Aweil Centre this week: q50 0.3 km², above the 95th percentile of all November weeks since 2000. Approx. 35 ha of rangeland at risk; plan early herd movement. (Aweil Centre maps ~364,962 cattle in baseline.)"
2011-11-28,Aweil East,0.0,0.412,0,harvest / drying,0.0,0.0,505027.7802561831,"No flood expected in Aweil East this week (q50 0.0 km²). Routine monitoring. (Aweil East maps ~505,028 cattle in baseline.)"
2011-11-28,Aweil North,0.0,0.049,0,harvest / drying,0.0,0.0,463800.5038861725,"No flood expected in Aweil North this week (q50 0.0 km²). Routine monitoring. (Aweil North maps ~463,801 cattle in baseline.)"
2011-11-28,Aweil South,0.45,0.866,0,harvest / drying,6.8,109.6,141256.8006910938,"SEVERE flood expected in Aweil South this week: q50 0.4 km², above the 95th percentile of all November weeks since 2000. Approx. 7 ha of mapped crops in the Aweil South floodplain are at risk. Approx. 110 ha of rangeland at risk; plan early herd movement. (Aweil South maps ~141,257 cattle in baseline.)"
2011-11-28,Aweil West,0.0,0.056,0,harvest / drying,0.0,0.0,318964.9515941321,"No flood expected in Aweil West this week (q50 0.0 km²). Routine monitoring. (Aweil West maps ~318,965 cattle in baseline.)"
2011-12-05,Aweil Centre,0.01,0.133,0,dry season,0.0,3.3,364961.8333817694,"No flood expected in Aweil Centre this week (q50 0.0 km²). Routine monitoring. Approx. 3 ha of rangeland at risk; plan early herd movement. (Aweil Centre maps ~364,962 cattle in baseline.)"
2011-12-05,Aweil East,0.0,0.311,0,dry season,0.0,0.3,505027.7802561831,"No flood expected in Aweil East this week (q50 0.0 km²). Routine monitoring. (Aweil East maps ~505,028 cattle in baseline.)"
2011-12-05,Aweil North,0.0,0.033,0,dry season,0.0,0.0,463800.5038861725,"No flood expected in Aweil North this week (q50 0.0 km²). Routine monitoring. (Aweil North maps ~463,801 cattle in baseline.)"
2011-12-05,Aweil South,0.45,0.823,0,dry season,16.2,325.3,141256.8006910938,"SEVERE flood expected in Aweil South this week: q50 0.4 km², above the 95th percentile of all December weeks since 2000. Approx. 16 ha of mapped crops in the Aweil South floodplain are at risk. Approx. 325 ha of rangeland at risk; plan early herd movement. (Aweil South maps ~141,257 cattle in baseline.)"
2011-12-05,Aweil West,0.0,0.038,0,dry season,0.0,0.0,318964.9515941321,"No flood expected in Aweil West this week (q50 0.0 km²). Routine monitoring. (Aweil West maps ~318,965 cattle in baseline.)"
2011-12-12,Aweil Centre,0.0,0.151,0,dry season,0.0,0.0,364961.8333817694,"No flood expected in Aweil Centre this week (q50 0.0 km²). Routine monitoring. (Aweil Centre maps ~364,962 cattle in baseline.)"
2011-12-12,Aweil East,0.31,0.623,0,dry season,30.1,610.2,505027.7802561831,"SEVERE flood expected in Aweil East this week: q50 0.3 km², above the 95th percentile of all December weeks since 2000. Approx. 30 ha of mapped crops in the Aweil East floodplain are at risk. Approx. 610 ha of rangeland at risk; plan early herd movement. (Aweil East maps ~505,028 cattle in baseline.)"
2011-12-12,Aweil North,0.0,0.032,0,dry season,0.0,0.0,463800.5038861725,"No flood expected in Aweil North this week (q50 0.0 km²). Routine monitoring. (Aweil North maps ~463,801 cattle in baseline.)"
2011-12-12,Aweil South,0.45,0.858,0,dry season,16.2,325.3,141256.8006910938,"SEVERE flood expected in Aweil South this week: q50 0.4 km², above the 95th percentile of all December weeks since 2000. Approx. 16 ha of mapped crops in the Aweil South floodplain are at risk. Approx. 325 ha of rangeland at risk; plan early herd movement. (Aweil South maps ~141,257 cattle in baseline.)"
2011-12-12,Aweil West,0.0,0.036,0,dry season,0.0,0.0,318964.9515941321,"No flood expected in Aweil West this week (q50 0.0 km²). Routine monitoring. (Aweil West maps ~318,965 cattle in baseline.)"
2011-12-19,Aweil Centre,0.0,0.098,0,dry season,0.0,0.0,364961.8333817694,"No flood expected in Aweil Centre this week (q50 0.0 km²). Routine monitoring. (Aweil Centre maps ~364,962 cattle in baseline.)"
2011-12-19,Aweil East,0.02,0.419,0,dry season,2.0,40.9,505027.7802561831,"No flood expected in Aweil East this week (q50 0.0 km²). Routine monitoring. Approx. 2 ha of mapped crops in the Aweil East floodplain are at risk. Approx. 41 ha of rangeland at risk; plan early herd movement. (Aweil East maps ~505,028 cattle in baseline.)"
2011-12-19,Aweil North,0.0,0.032,0,dry season,0.0,0.0,463800.5038861725,"No flood expected in Aweil North this week (q50 0.0 km²). Routine monitoring. (Aweil North maps ~463,801 cattle in baseline.)"
2011-12-19,Aweil South,0.32,0.753,0,dry season,11.6,232.7,141256.8006910938,"SEVERE flood expected in Aweil South this week: q50 0.3 km², above the 95th percentile of all December weeks since 2000. Approx. 12 ha of mapped crops in the Aweil South floodplain are at risk. Approx. 233 ha of rangeland at risk; plan early herd movement. (Aweil South maps ~141,257 cattle in baseline.)"
2011-12-19,Aweil West,0.0,0.035,0,dry season,0.0,0.0,318964.9515941321,"No flood expected in Aweil West this week (q50 0.0 km²). Routine monitoring. (Aweil West maps ~318,965 cattle in baseline.)"
2011-12-26,Aweil Centre,0.0,0.067,0,dry season,0.0,0.0,364961.8333817694,"No flood expected in Aweil Centre this week (q50 0.0 km²). Routine monitoring. (Aweil Centre maps ~364,962 cattle in baseline.)"
2011-12-26,Aweil East,0.03,0.53,0,dry season,3.3,67.5,505027.7802561831,"SEVERE flood expected in Aweil East this week: q50 0.0 km², above the 95th percentile of all December weeks since 2000. Approx. 3 ha of mapped crops in the Aweil East floodplain are at risk. Approx. 68 ha of rangeland at risk; plan early herd movement. (Aweil East maps ~505,028 cattle in baseline.)"
2011-12-26,Aweil North,0.0,0.033,0,dry season,0.0,0.0,463800.5038861725,"No flood expected in Aweil North this week (q50 0.0 km²). Routine monitoring. (Aweil North maps ~463,801 cattle in baseline.)"
2011-12-26,Aweil South,0.45,0.785,0,dry season,16.3,326.8,141256.8006910938,"SEVERE flood expected in Aweil South this week: q50 0.4 km², above the 95th percentile of all December weeks since 2000. Approx. 16 ha of mapped crops in the Aweil South floodplain are at risk. Approx. 327 ha of rangeland at risk; plan early herd movement. (Aweil South maps ~141,257 cattle in baseline.)"
2011-12-26,Aweil West,0.0,0.035,0,dry season,0.0,0.0,318964.9515941321,"No flood expected in Aweil West this week (q50 0.0 km²). Routine monitoring. (Aweil West maps ~318,965 cattle in baseline.)"
2016-01-11,Aweil Centre,0.0,0.068,0,dry season (late phase),0.0,0.0,364961.8333817694,"No flood expected in Aweil Centre this week (q50 0.0 km²). Routine monitoring. (Aweil Centre maps ~364,962 cattle in baseline.)"
2016-01-11,Aweil East,0.0,0.26,0,dry season (late phase),0.0,0.0,505027.7802561831,"No flood expected in Aweil East this week (q50 0.0 km²). Routine monitoring. (Aweil East maps ~505,028 cattle in baseline.)"
2016-01-11,Aweil North,0.0,0.063,0,dry season (late phase),0.0,0.0,463800.5038861725,"No flood expected in Aweil North this week (q50 0.0 km²). Routine monitoring. (Aweil North maps ~463,801 cattle in baseline.)"
2016-01-11,Aweil South,0.0,0.106,0,dry season (late phase),0.0,0.0,141256.8006910938,"No flood expected in Aweil South this week (q50 0.0 km²). Routine monitoring. (Aweil South maps ~141,257 cattle in baseline.)"
2016-01-11,Aweil West,0.0,0.061,0,dry season (late phase),0.0,0.0,318964.9515941321,"No flood expected in Aweil West this week (q50 0.0 km²). Routine monitoring. (Aweil West maps ~318,965 cattle in baseline.)"
2016-01-18,Aweil Centre,0.0,0.071,0,dry season (late phase),0.0,0.0,364961.8333817694,"No flood expected in Aweil Centre this week (q50 0.0 km²). Routine monitoring. (Aweil Centre maps ~364,962 cattle in baseline.)"
2016-01-18,Aweil East,0.0,0.097,0,dry season (late phase),0.0,0.0,505027.7802561831,"No flood expected in Aweil East this week (q50 0.0 km²). Routine monitoring. (Aweil East maps ~505,028 cattle in baseline.)"
2016-01-18,Aweil North,0.0,0.065,0,dry season (late phase),0.0,0.0,463800.5038861725,"No flood expected in Aweil North this week (q50 0.0 km²). Routine monitoring. (Aweil North maps ~463,801 cattle in baseline.)"
2016-01-18,Aweil South,0.0,0.063,0,dry season (late phase),0.0,0.0,141256.8006910938,"No flood expected in Aweil South this week (q50 0.0 km²). Routine monitoring. (Aweil South maps ~141,257 cattle in baseline.)"
2016-01-18,Aweil West,0.0,0.061,0,dry season (late phase),0.0,0.0,318964.9515941321,"No flood expected in Aweil West this week (q50 0.0 km²). Routine monitoring. (Aweil West maps ~318,965 cattle in baseline.)"
2016-01-25,Aweil Centre,0.0,0.068,0,dry season (late phase),0.0,0.0,364961.8333817694,"No flood expected in Aweil Centre this week (q50 0.0 km²). Routine monitoring. (Aweil Centre maps ~364,962 cattle in baseline.)"
2016-01-25,Aweil East,0.0,0.1,0,dry season (late phase),0.0,0.0,505027.7802561831,"No flood expected in Aweil East this week (q50 0.0 km²). Routine monitoring. (Aweil East maps ~505,028 cattle in baseline.)"
2016-01-25,Aweil North,0.0,0.059,0,dry season (late phase),0.0,0.0,463800.5038861725,"No flood expected in Aweil North this week (q50 0.0 km²). Routine monitoring. (Aweil North maps ~463,801 cattle in baseline.)"
2016-01-25,Aweil South,0.0,0.061,0,dry season (late phase),0.0,0.0,141256.8006910938,"No flood expected in Aweil South this week (q50 0.0 km²). Routine monitoring. (Aweil South maps ~141,257 cattle in baseline.)"
2016-01-25,Aweil West,0.0,0.061,0,dry season (late phase),0.0,0.0,318964.9515941321,"No flood expected in Aweil West this week (q50 0.0 km²). Routine monitoring. (Aweil West maps ~318,965 cattle in baseline.)"
2016-02-01,Aweil Centre,0.0,0.065,0,dry season,0.0,0.0,364961.8333817694,"No flood expected in Aweil Centre this week (q50 0.0 km²). Routine monitoring. (Aweil Centre maps ~364,962 cattle in baseline.)"
2016-02-01,Aweil East,0.0,0.065,0,dry season,0.0,0.0,505027.7802561831,"No flood expected in Aweil East this week (q50 0.0 km²). Routine monitoring. (Aweil East maps ~505,028 cattle in baseline.)"
2016-02-01,Aweil North,0.0,0.061,0,dry season,0.0,0.0,463800.5038861725,"No flood expected in Aweil North this week (q50 0.0 km²). Routine monitoring. (Aweil North maps ~463,801 cattle in baseline.)"
2016-02-01,Aweil South,0.0,0.061,0,dry season,0.0,0.0,141256.8006910938,"No flood expected in Aweil South this week (q50 0.0 km²). Routine monitoring. (Aweil South maps ~141,257 cattle in baseline.)"
2016-02-01,Aweil West,0.0,0.059,0,dry season,0.0,0.0,318964.9515941321,"No flood expected in Aweil West this week (q50 0.0 km²). Routine monitoring. (Aweil West maps ~318,965 cattle in baseline.)"
2016-02-08,Aweil Centre,0.0,0.076,0,dry season,0.0,0.0,364961.8333817694,"No flood expected in Aweil Centre this week (q50 0.0 km²). Routine monitoring. (Aweil Centre maps ~364,962 cattle in baseline.)"
2016-02-08,Aweil East,0.0,0.072,0,dry season,0.0,0.0,505027.7802561831,"No flood expected in Aweil East this week (q50 0.0 km²). Routine monitoring. (Aweil East maps ~505,028 cattle in baseline.)"
2016-02-08,Aweil North,0.0,0.076,0,dry season,0.0,0.0,463800.5038861725,"No flood expected in Aweil North this week (q50 0.0 km²). Routine monitoring. (Aweil North maps ~463,801 cattle in baseline.)"
2016-02-08,Aweil South,0.0,0.076,0,dry season,0.0,0.0,141256.8006910938,"No flood expected in Aweil South this week (q50 0.0 km²). Routine monitoring. (Aweil South maps ~141,257 cattle in baseline.)"
2016-02-08,Aweil West,0.0,0.073,0,dry season,0.0,0.0,318964.9515941321,"No flood expected in Aweil West this week (q50 0.0 km²). Routine monitoring. (Aweil West maps ~318,965 cattle in baseline.)"
2016-02-15,Aweil Centre,0.0,0.061,0,dry season,0.0,0.0,364961.8333817694,"No flood expected in Aweil Centre this week (q50 0.0 km²). Routine monitoring. (Aweil Centre maps ~364,962 cattle in baseline.)"
2016-02-15,Aweil East,0.0,0.06,0,dry season,0.0,0.0,505027.7802561831,"No flood expected in Aweil East this week (q50 0.0 km²). Routine monitoring. (Aweil East maps ~505,028 cattle in baseline.)"
2016-02-15,Aweil North,0.0,0.059,0,dry season,0.0,0.0,463800.5038861725,"No flood expected in Aweil North this week (q50 0.0 km²). Routine monitoring. (Aweil North maps ~463,801 cattle in baseline.)"
2016-02-15,Aweil South,0.0,0.062,0,dry season,0.0,0.0,141256.8006910938,"No flood expected in Aweil South this week (q50 0.0 km²). Routine monitoring. (Aweil South maps ~141,257 cattle in baseline.)"
2016-02-15,Aweil West,0.0,0.059,0,dry season,0.0,0.0,318964.9515941321,"No flood expected in Aweil West this week (q50 0.0 km²). Routine monitoring. (Aweil West maps ~318,965 cattle in baseline.)"
2016-02-22,Aweil Centre,0.0,0.076,0,dry season,0.0,0.0,364961.8333817694,"No flood expected in Aweil Centre this week (q50 0.0 km²). Routine monitoring. (Aweil Centre maps ~364,962 cattle in baseline.)"
2016-02-22,Aweil East,0.0,0.072,0,dry season,0.0,0.0,505027.7802561831,"No flood expected in Aweil East this week (q50 0.0 km²). Routine monitoring. (Aweil East maps ~505,028 cattle in baseline.)"
2016-02-22,Aweil North,0.0,0.076,0,dry season,0.0,0.0,463800.5038861725,"No flood expected in Aweil North this week (q50 0.0 km²). Routine monitoring. (Aweil North maps ~463,801 cattle in baseline.)"
2016-02-22,Aweil South,0.0,0.076,0,dry season,0.0,0.0,141256.8006910938,"No flood expected in Aweil South this week (q50 0.0 km²). Routine monitoring. (Aweil South maps ~141,257 cattle in baseline.)"
2016-02-22,Aweil West,0.0,0.073,0,dry season,0.0,0.0,318964.9515941321,"No flood expected in Aweil West this week (q50 0.0 km²). Routine monitoring. (Aweil West maps ~318,965 cattle in baseline.)"
2016-02-29,Aweil Centre,0.0,0.061,0,dry season,0.0,0.0,364961.8333817694,"No flood expected in Aweil Centre this week (q50 0.0 km²). Routine monitoring. (Aweil Centre maps ~364,962 cattle in baseline.)"
2016-02-29,Aweil East,0.0,0.057,0,dry season,0.0,0.0,505027.7802561831,"No flood expected in Aweil East this week (q50 0.0 km²). Routine monitoring. (Aweil East maps ~505,028 cattle in baseline.)"
2016-02-29,Aweil North,0.0,0.059,0,dry season,0.0,0.0,463800.5038861725,"No flood expected in Aweil North this week (q50 0.0 km²). Routine monitoring. (Aweil North maps ~463,801 cattle in baseline.)"
2016-02-29,Aweil South,0.0,0.059,0,dry season,0.0,0.0,141256.8006910938,"No flood expected in Aweil South this week (q50 0.0 km²). Routine monitoring. (Aweil South maps ~141,257 cattle in baseline.)"
2016-02-29,Aweil West,0.0,0.059,0,dry season,0.0,0.0,318964.9515941321,"No flood expected in Aweil West this week (q50 0.0 km²). Routine monitoring. (Aweil West maps ~318,965 cattle in baseline.)"
2016-03-07,Aweil Centre,0.0,0.066,0,early season (sowing),0.0,0.0,364961.8333817694,"No flood expected in Aweil Centre this week (q50 0.0 km²). Routine monitoring. (Aweil Centre maps ~364,962 cattle in baseline.)"
2016-03-07,Aweil East,0.0,0.067,0,early season (sowing),0.0,0.0,505027.7802561831,"No flood expected in Aweil East this week (q50 0.0 km²). Routine monitoring. (Aweil East maps ~505,028 cattle in baseline.)"
2016-03-07,Aweil North,0.0,0.057,0,early season (sowing),0.0,0.0,463800.5038861725,"No flood expected in Aweil North this week (q50 0.0 km²). Routine monitoring. (Aweil North maps ~463,801 cattle in baseline.)"
2016-03-07,Aweil South,0.0,0.061,0,early season (sowing),0.0,0.0,141256.8006910938,"No flood expected in Aweil South this week (q50 0.0 km²). Routine monitoring. (Aweil South maps ~141,257 cattle in baseline.)"
2016-03-07,Aweil West,0.0,0.056,0,early season (sowing),0.0,0.0,318964.9515941321,"No flood expected in Aweil West this week (q50 0.0 km²). Routine monitoring. (Aweil West maps ~318,965 cattle in baseline.)"
2016-03-14,Aweil Centre,0.0,0.075,0,early season (sowing),0.0,0.0,364961.8333817694,"No flood expected in Aweil Centre this week (q50 0.0 km²). Routine monitoring. (Aweil Centre maps ~364,962 cattle in baseline.)"
2016-03-14,Aweil East,0.0,0.084,0,early season (sowing),0.0,0.0,505027.7802561831,"No flood expected in Aweil East this week (q50 0.0 km²). Routine monitoring. (Aweil East maps ~505,028 cattle in baseline.)"
2016-03-14,Aweil North,0.0,0.068,0,early season (sowing),0.0,0.0,463800.5038861725,"No flood expected in Aweil North this week (q50 0.0 km²). Routine monitoring. (Aweil North maps ~463,801 cattle in baseline.)"
2016-03-14,Aweil South,0.0,0.071,0,early season (sowing),0.0,0.0,141256.8006910938,"No flood expected in Aweil South this week (q50 0.0 km²). Routine monitoring. (Aweil South maps ~141,257 cattle in baseline.)"
2016-03-14,Aweil West,0.0,0.07,0,early season (sowing),0.0,0.0,318964.9515941321,"No flood expected in Aweil West this week (q50 0.0 km²). Routine monitoring. (Aweil West maps ~318,965 cattle in baseline.)"
2016-03-21,Aweil Centre,0.0,0.032,0,early season (sowing),0.0,0.0,364961.8333817694,"No flood expected in Aweil Centre this week (q50 0.0 km²). Routine monitoring. (Aweil Centre maps ~364,962 cattle in baseline.)"
2016-03-21,Aweil East,0.0,0.043,0,early season (sowing),0.0,0.0,505027.7802561831,"No flood expected in Aweil East this week (q50 0.0 km²). Routine monitoring. (Aweil East maps ~505,028 cattle in baseline.)"
2016-03-21,Aweil North,0.0,0.027,0,early season (sowing),0.0,0.0,463800.5038861725,"No flood expected in Aweil North this week (q50 0.0 km²). Routine monitoring. (Aweil North maps ~463,801 cattle in baseline.)"
2016-03-21,Aweil South,0.0,0.029,0,early season (sowing),0.0,0.0,141256.8006910938,"No flood expected in Aweil South this week (q50 0.0 km²). Routine monitoring. (Aweil South maps ~141,257 cattle in baseline.)"
2016-03-21,Aweil West,0.0,0.03,0,early season (sowing),0.0,0.0,318964.9515941321,"No flood expected in Aweil West this week (q50 0.0 km²). Routine monitoring. (Aweil West maps ~318,965 cattle in baseline.)"
2016-03-28,Aweil Centre,0.0,0.081,0,early season (sowing),0.0,0.0,364961.8333817694,"No flood expected in Aweil Centre this week (q50 0.0 km²). Routine monitoring. (Aweil Centre maps ~364,962 cattle in baseline.)"
2016-03-28,Aweil East,0.0,0.084,0,early season (sowing),0.0,0.0,505027.7802561831,"No flood expected in Aweil East this week (q50 0.0 km²). Routine monitoring. (Aweil East maps ~505,028 cattle in baseline.)"
2016-03-28,Aweil North,0.0,0.075,0,early season (sowing),0.0,0.0,463800.5038861725,"No flood expected in Aweil North this week (q50 0.0 km²). Routine monitoring. (Aweil North maps ~463,801 cattle in baseline.)"
2016-03-28,Aweil South,0.0,0.075,0,early season (sowing),0.0,0.0,141256.8006910938,"No flood expected in Aweil South this week (q50 0.0 km²). Routine monitoring. (Aweil South maps ~141,257 cattle in baseline.)"
2016-03-28,Aweil West,0.0,0.078,0,early season (sowing),0.0,0.0,318964.9515941321,"No flood expected in Aweil West this week (q50 0.0 km²). Routine monitoring. (Aweil West maps ~318,965 cattle in baseline.)"
2016-04-04,Aweil Centre,0.0,0.056,0,crop establishment,0.0,0.0,364961.8333817694,"No flood expected in Aweil Centre this week (q50 0.0 km²). Routine monitoring. (Aweil Centre maps ~364,962 cattle in baseline.)"
2016-04-04,Aweil East,0.0,0.063,0,crop establishment,0.0,0.0,505027.7802561831,"No flood expected in Aweil East this week (q50 0.0 km²). Routine monitoring. (Aweil East maps ~505,028 cattle in baseline.)"
2016-04-04,Aweil North,0.0,0.055,0,crop establishment,0.0,0.0,463800.5038861725,"No flood expected in Aweil North this week (q50 0.0 km²). Routine monitoring. (Aweil North maps ~463,801 cattle in baseline.)"
2016-04-04,Aweil South,0.0,0.058,0,crop establishment,0.0,0.0,141256.8006910938,"No flood expected in Aweil South this week (q50 0.0 km²). Routine monitoring. (Aweil South maps ~141,257 cattle in baseline.)"
2016-04-04,Aweil West,0.0,0.057,0,crop establishment,0.0,0.0,318964.9515941321,"No flood expected in Aweil West this week (q50 0.0 km²). Routine monitoring. (Aweil West maps ~318,965 cattle in baseline.)"
2016-04-11,Aweil Centre,0.0,0.059,0,crop establishment,0.0,0.0,364961.8333817694,"No flood expected in Aweil Centre this week (q50 0.0 km²). Routine monitoring. (Aweil Centre maps ~364,962 cattle in baseline.)"
2016-04-11,Aweil East,0.0,0.071,0,crop establishment,0.0,0.0,505027.7802561831,"No flood expected in Aweil East this week (q50 0.0 km²). Routine monitoring. (Aweil East maps ~505,028 cattle in baseline.)"
2016-04-11,Aweil North,0.0,0.055,0,crop establishment,0.0,0.0,463800.5038861725,"No flood expected in Aweil North this week (q50 0.0 km²). Routine monitoring. (Aweil North maps ~463,801 cattle in baseline.)"
2016-04-11,Aweil South,0.0,0.055,0,crop establishment,0.0,0.0,141256.8006910938,"No flood expected in Aweil South this week (q50 0.0 km²). Routine monitoring. (Aweil South maps ~141,257 cattle in baseline.)"
2016-04-11,Aweil West,0.0,0.059,0,crop establishment,0.0,0.0,318964.9515941321,"No flood expected in Aweil West this week (q50 0.0 km²). Routine monitoring. (Aweil West maps ~318,965 cattle in baseline.)"
2016-04-18,Aweil Centre,0.0,0.034,0,crop establishment,0.0,0.0,364961.8333817694,"No flood expected in Aweil Centre this week (q50 0.0 km²). Routine monitoring. (Aweil Centre maps ~364,962 cattle in baseline.)"
2016-04-18,Aweil East,0.0,0.049,0,crop establishment,0.0,0.0,505027.7802561831,"No flood expected in Aweil East this week (q50 0.0 km²). Routine monitoring. (Aweil East maps ~505,028 cattle in baseline.)"
2016-04-18,Aweil North,0.0,0.03,0,crop establishment,0.0,0.0,463800.5038861725,"No flood expected in Aweil North this week (q50 0.0 km²). Routine monitoring. (Aweil North maps ~463,801 cattle in baseline.)"
2016-04-18,Aweil South,0.0,0.032,0,crop establishment,0.0,0.0,141256.8006910938,"No flood expected in Aweil South this week (q50 0.0 km²). Routine monitoring. (Aweil South maps ~141,257 cattle in baseline.)"
2016-04-18,Aweil West,0.0,0.033,0,crop establishment,0.0,0.0,318964.9515941321,"No flood expected in Aweil West this week (q50 0.0 km²). Routine monitoring. (Aweil West maps ~318,965 cattle in baseline.)"
2016-04-25,Aweil Centre,0.0,0.023,0,crop establishment,0.0,0.0,364961.8333817694,"No flood expected in Aweil Centre this week (q50 0.0 km²). Routine monitoring. (Aweil Centre maps ~364,962 cattle in baseline.)"
2016-04-25,Aweil East,0.0,0.033,0,crop establishment,0.0,0.0,505027.7802561831,"No flood expected in Aweil East this week (q50 0.0 km²). Routine monitoring. (Aweil East maps ~505,028 cattle in baseline.)"
2016-04-25,Aweil North,0.0,0.019,0,crop establishment,0.0,0.0,463800.5038861725,"No flood expected in Aweil North this week (q50 0.0 km²). Routine monitoring. (Aweil North maps ~463,801 cattle in baseline.)"
2016-04-25,Aweil South,0.0,0.021,0,crop establishment,0.0,0.0,141256.8006910938,"No flood expected in Aweil South this week (q50 0.0 km²). Routine monitoring. (Aweil South maps ~141,257 cattle in baseline.)"
2016-04-25,Aweil West,0.0,0.023,0,crop establishment,0.0,0.0,318964.9515941321,"No flood expected in Aweil West this week (q50 0.0 km²). Routine monitoring. (Aweil West maps ~318,965 cattle in baseline.)"
2016-05-02,Aweil Centre,0.0,0.043,0,vegetative growth,0.0,0.0,364961.8333817694,"No flood expected in Aweil Centre this week (q50 0.0 km²). Routine monitoring. (Aweil Centre maps ~364,962 cattle in baseline.)"
2016-05-02,Aweil East,0.0,0.064,0,vegetative growth,0.0,0.0,505027.7802561831,"No flood expected in Aweil East this week (q50 0.0 km²). Routine monitoring. (Aweil East maps ~505,028 cattle in baseline.)"
2016-05-02,Aweil North,0.0,0.038,0,vegetative growth,0.0,0.0,463800.5038861725,"No flood expected in Aweil North this week (q50 0.0 km²). Routine monitoring. (Aweil North maps ~463,801 cattle in baseline.)"
2016-05-02,Aweil South,0.0,0.04,0,vegetative growth,0.0,0.0,141256.8006910938,"No flood expected in Aweil South this week (q50 0.0 km²). Routine monitoring. (Aweil South maps ~141,257 cattle in baseline.)"
2016-05-02,Aweil West,0.0,0.039,0,vegetative growth,0.0,0.0,318964.9515941321,"No flood expected in Aweil West this week (q50 0.0 km²). Routine monitoring. (Aweil West maps ~318,965 cattle in baseline.)"
2016-05-09,Aweil Centre,0.0,0.041,0,vegetative growth,0.0,0.0,364961.8333817694,"No flood expected in Aweil Centre this week (q50 0.0 km²). Routine monitoring. (Aweil Centre maps ~364,962 cattle in baseline.)"
2016-05-09,Aweil East,0.0,0.06,0,vegetative growth,0.0,0.0,505027.7802561831,"No flood expected in Aweil East this week (q50 0.0 km²). Routine monitoring. (Aweil East maps ~505,028 cattle in baseline.)"
2016-05-09,Aweil North,0.0,0.036,0,vegetative growth,0.0,0.0,463800.5038861725,"No flood expected in Aweil North this week (q50 0.0 km²). Routine monitoring. (Aweil North maps ~463,801 cattle in baseline.)"
2016-05-09,Aweil South,0.0,0.039,0,vegetative growth,0.0,0.0,141256.8006910938,"No flood expected in Aweil South this week (q50 0.0 km²). Routine monitoring. (Aweil South maps ~141,257 cattle in baseline.)"
2016-05-09,Aweil West,0.0,0.038,0,vegetative growth,0.0,0.0,318964.9515941321,"No flood expected in Aweil West this week (q50 0.0 km²). Routine monitoring. (Aweil West maps ~318,965 cattle in baseline.)"
2016-05-16,Aweil Centre,0.0,0.019,0,vegetative growth,0.0,0.0,364961.8333817694,"No flood expected in Aweil Centre this week (q50 0.0 km²). Routine monitoring. (Aweil Centre maps ~364,962 cattle in baseline.)"
2016-05-16,Aweil East,0.0,0.027,0,vegetative growth,0.0,0.0,505027.7802561831,"No flood expected in Aweil East this week (q50 0.0 km²). Routine monitoring. (Aweil East maps ~505,028 cattle in baseline.)"
2016-05-16,Aweil North,0.0,0.014,0,vegetative growth,0.0,0.0,463800.5038861725,"No flood expected in Aweil North this week (q50 0.0 km²). Routine monitoring. (Aweil North maps ~463,801 cattle in baseline.)"
2016-05-16,Aweil South,0.0,0.016,0,vegetative growth,0.0,0.0,141256.8006910938,"No flood expected in Aweil South this week (q50 0.0 km²). Routine monitoring. (Aweil South maps ~141,257 cattle in baseline.)"
2016-05-16,Aweil West,0.0,0.059,0,vegetative growth,0.0,0.0,318964.9515941321,"No flood expected in Aweil West this week (q50 0.0 km²). Routine monitoring. (Aweil West maps ~318,965 cattle in baseline.)"
2016-05-23,Aweil Centre,0.0,0.018,0,vegetative growth,0.0,0.0,364961.8333817694,"No flood expected in Aweil Centre this week (q50 0.0 km²). Routine monitoring. (Aweil Centre maps ~364,962 cattle in baseline.)"
2016-05-23,Aweil East,0.0,0.026,0,vegetative growth,0.0,0.0,505027.7802561831,"No flood expected in Aweil East this week (q50 0.0 km²). Routine monitoring. (Aweil East maps ~505,028 cattle in baseline.)"
2016-05-23,Aweil North,0.0,0.014,0,vegetative growth,0.0,0.0,463800.5038861725,"No flood expected in Aweil North this week (q50 0.0 km²). Routine monitoring. (Aweil North maps ~463,801 cattle in baseline.)"
2016-05-23,Aweil South,0.0,0.016,0,vegetative growth,0.0,0.0,141256.8006910938,"No flood expected in Aweil South this week (q50 0.0 km²). Routine monitoring. (Aweil South maps ~141,257 cattle in baseline.)"
2016-05-23,Aweil West,0.0,0.016,0,vegetative growth,0.0,0.0,318964.9515941321,"No flood expected in Aweil West this week (q50 0.0 km²). Routine monitoring. (Aweil West maps ~318,965 cattle in baseline.)"
2016-05-30,Aweil Centre,0.0,0.021,0,vegetative growth,0.0,0.0,364961.8333817694,"No flood expected in Aweil Centre this week (q50 0.0 km²). Routine monitoring. (Aweil Centre maps ~364,962 cattle in baseline.)"
2016-05-30,Aweil East,0.0,0.029,0,vegetative growth,0.0,0.0,505027.7802561831,"No flood expected in Aweil East this week (q50 0.0 km²). Routine monitoring. (Aweil East maps ~505,028 cattle in baseline.)"
2016-05-30,Aweil North,0.0,0.015,0,vegetative growth,0.0,0.0,463800.5038861725,"No flood expected in Aweil North this week (q50 0.0 km²). Routine monitoring. (Aweil North maps ~463,801 cattle in baseline.)"
2016-05-30,Aweil South,0.0,0.017,0,vegetative growth,0.0,0.0,141256.8006910938,"No flood expected in Aweil South this week (q50 0.0 km²). Routine monitoring. (Aweil South maps ~141,257 cattle in baseline.)"
2016-05-30,Aweil West,0.0,0.03,0,vegetative growth,0.0,0.0,318964.9515941321,"No flood expected in Aweil West this week (q50 0.0 km²). Routine monitoring. (Aweil West maps ~318,965 cattle in baseline.)"
2016-06-06,Aweil Centre,0.0,0.041,0,vegetative growth (peak),0.0,0.0,364961.8333817694,"No flood expected in Aweil Centre this week (q50 0.0 km²). Routine monitoring. (Aweil Centre maps ~364,962 cattle in baseline.)"
2016-06-06,Aweil East,0.0,0.056,0,vegetative growth (peak),0.0,0.0,505027.7802561831,"No flood expected in Aweil East this week (q50 0.0 km²). Routine monitoring. (Aweil East maps ~505,028 cattle in baseline.)"
2016-06-06,Aweil North,0.0,0.029,0,vegetative growth (peak),0.0,0.0,463800.5038861725,"No flood expected in Aweil North this week (q50 0.0 km²). Routine monitoring. (Aweil North maps ~463,801 cattle in baseline.)"
2016-06-06,Aweil South,0.0,0.034,0,vegetative growth (peak),0.0,0.0,141256.8006910938,"No flood expected in Aweil South this week (q50 0.0 km²). Routine monitoring. (Aweil South maps ~141,257 cattle in baseline.)"
2016-06-06,Aweil West,0.0,0.032,0,vegetative growth (peak),0.0,0.0,318964.9515941321,"No flood expected in Aweil West this week (q50 0.0 km²). Routine monitoring. (Aweil West maps ~318,965 cattle in baseline.)"
2016-06-13,Aweil Centre,0.0,0.024,0,vegetative growth (peak),0.0,0.0,364961.8333817694,"No flood expected in Aweil Centre this week (q50 0.0 km²). Routine monitoring. (Aweil Centre maps ~364,962 cattle in baseline.)"
2016-06-13,Aweil East,0.0,0.034,0,vegetative growth (peak),0.0,0.0,505027.7802561831,"No flood expected in Aweil East this week (q50 0.0 km²). Routine monitoring. (Aweil East maps ~505,028 cattle in baseline.)"
2016-06-13,Aweil North,0.0,0.018,0,vegetative growth (peak),0.0,0.0,463800.5038861725,"No flood expected in Aweil North this week (q50 0.0 km²). Routine monitoring. (Aweil North maps ~463,801 cattle in baseline.)"
2016-06-13,Aweil South,0.0,0.018,0,vegetative growth (peak),0.0,0.0,141256.8006910938,"No flood expected in Aweil South this week (q50 0.0 km²). Routine monitoring. (Aweil South maps ~141,257 cattle in baseline.)"
2016-06-13,Aweil West,0.0,0.019,0,vegetative growth (peak),0.0,0.0,318964.9515941321,"No flood expected in Aweil West this week (q50 0.0 km²). Routine monitoring. (Aweil West maps ~318,965 cattle in baseline.)"
2016-06-20,Aweil Centre,0.0,0.026,0,vegetative growth (peak),0.0,0.0,364961.8333817694,"No flood expected in Aweil Centre this week (q50 0.0 km²). Routine monitoring. (Aweil Centre maps ~364,962 cattle in baseline.)"
2016-06-20,Aweil East,0.0,0.033,0,vegetative growth (peak),0.0,0.0,505027.7802561831,"No flood expected in Aweil East this week (q50 0.0 km²). Routine monitoring. (Aweil East maps ~505,028 cattle in baseline.)"
2016-06-20,Aweil North,0.0,0.02,0,vegetative growth (peak),0.0,0.0,463800.5038861725,"No flood expected in Aweil North this week (q50 0.0 km²). Routine monitoring. (Aweil North maps ~463,801 cattle in baseline.)"
2016-06-20,Aweil South,0.0,0.021,0,vegetative growth (peak),0.0,0.0,141256.8006910938,"No flood expected in Aweil South this week (q50 0.0 km²). Routine monitoring. (Aweil South maps ~141,257 cattle in baseline.)"
2016-06-20,Aweil West,0.0,0.02,0,vegetative growth (peak),0.0,0.0,318964.9515941321,"No flood expected in Aweil West this week (q50 0.0 km²). Routine monitoring. (Aweil West maps ~318,965 cattle in baseline.)"
2016-06-27,Aweil Centre,0.0,0.023,0,vegetative growth (peak),0.0,0.0,364961.8333817694,"No flood expected in Aweil Centre this week (q50 0.0 km²). Routine monitoring. (Aweil Centre maps ~364,962 cattle in baseline.)"
2016-06-27,Aweil East,0.0,0.033,0,vegetative growth (peak),0.0,0.0,505027.7802561831,"No flood expected in Aweil East this week (q50 0.0 km²). Routine monitoring. (Aweil East maps ~505,028 cattle in baseline.)"
2016-06-27,Aweil North,0.0,0.016,0,vegetative growth (peak),0.0,0.0,463800.5038861725,"No flood expected in Aweil North this week (q50 0.0 km²). Routine monitoring. (Aweil North maps ~463,801 cattle in baseline.)"
2016-06-27,Aweil South,0.0,0.019,0,vegetative growth (peak),0.0,0.0,141256.8006910938,"No flood expected in Aweil South this week (q50 0.0 km²). Routine monitoring. (Aweil South maps ~141,257 cattle in baseline.)"
2016-06-27,Aweil West,0.0,0.017,0,vegetative growth (peak),0.0,0.0,318964.9515941321,"No flood expected in Aweil West this week (q50 0.0 km²). Routine monitoring. (Aweil West maps ~318,965 cattle in baseline.)"
2016-07-04,Aweil Centre,0.0,0.028,0,vegetative growth (peak),0.0,0.0,364961.8333817694,"No flood expected in Aweil Centre this week (q50 0.0 km²). Routine monitoring. (Aweil Centre maps ~364,962 cattle in baseline.)"
2016-07-04,Aweil East,0.0,0.04,0,vegetative growth (peak),0.0,0.0,505027.7802561831,"No flood expected in Aweil East this week (q50 0.0 km²). Routine monitoring. (Aweil East maps ~505,028 cattle in baseline.)"
2016-07-04,Aweil North,0.0,0.019,0,vegetative growth (peak),0.0,0.0,463800.5038861725,"No flood expected in Aweil North this week (q50 0.0 km²). Routine monitoring. (Aweil North maps ~463,801 cattle in baseline.)"
2016-07-04,Aweil South,0.0,0.021,0,vegetative growth (peak),0.0,0.0,141256.8006910938,"No flood expected in Aweil South this week (q50 0.0 km²). Routine monitoring. (Aweil South maps ~141,257 cattle in baseline.)"
2016-07-04,Aweil West,0.0,0.022,0,vegetative growth (peak),0.0,0.0,318964.9515941321,"No flood expected in Aweil West this week (q50 0.0 km²). Routine monitoring. (Aweil West maps ~318,965 cattle in baseline.)"
2016-07-11,Aweil Centre,0.0,0.023,0,vegetative growth (peak),0.0,0.0,364961.8333817694,"No flood expected in Aweil Centre this week (q50 0.0 km²). Routine monitoring. (Aweil Centre maps ~364,962 cattle in baseline.)"
2016-07-11,Aweil East,0.0,0.026,0,vegetative growth (peak),0.0,0.0,505027.7802561831,"No flood expected in Aweil East this week (q50 0.0 km²). Routine monitoring. (Aweil East maps ~505,028 cattle in baseline.)"
2016-07-11,Aweil North,0.0,0.015,0,vegetative growth (peak),0.0,0.0,463800.5038861725,"No flood expected in Aweil North this week (q50 0.0 km²). Routine monitoring. (Aweil North maps ~463,801 cattle in baseline.)"
2016-07-11,Aweil South,0.0,0.016,0,vegetative growth (peak),0.0,0.0,141256.8006910938,"No flood expected in Aweil South this week (q50 0.0 km²). Routine monitoring. (Aweil South maps ~141,257 cattle in baseline.)"
2016-07-11,Aweil West,0.0,0.017,0,vegetative growth (peak),0.0,0.0,318964.9515941321,"No flood expected in Aweil West this week (q50 0.0 km²). Routine monitoring. (Aweil West maps ~318,965 cattle in baseline.)"
2016-07-18,Aweil Centre,0.0,0.026,0,vegetative growth (peak),0.0,0.0,364961.8333817694,"No flood expected in Aweil Centre this week (q50 0.0 km²). Routine monitoring. (Aweil Centre maps ~364,962 cattle in baseline.)"
2016-07-18,Aweil East,0.05,0.556,0,vegetative growth (peak),0.0,0.0,505027.7802561831,"SEVERE flood expected in Aweil East this week: q50 0.1 km², above the 95th percentile of all July weeks since 2000. (Aweil East maps ~505,028 cattle in baseline.)"
2016-07-18,Aweil North,0.0,0.021,0,vegetative growth (peak),0.0,0.0,463800.5038861725,"No flood expected in Aweil North this week (q50 0.0 km²). Routine monitoring. (Aweil North maps ~463,801 cattle in baseline.)"
2016-07-18,Aweil South,0.0,0.024,0,vegetative growth (peak),0.0,0.0,141256.8006910938,"No flood expected in Aweil South this week (q50 0.0 km²). Routine monitoring. (Aweil South maps ~141,257 cattle in baseline.)"
2016-07-18,Aweil West,0.0,0.025,0,vegetative growth (peak),0.0,0.0,318964.9515941321,"No flood expected in Aweil West this week (q50 0.0 km²). Routine monitoring. (Aweil West maps ~318,965 cattle in baseline.)"
2016-07-25,Aweil Centre,0.0,0.03,0,vegetative growth (peak),0.0,0.0,364961.8333817694,"No flood expected in Aweil Centre this week (q50 0.0 km²). Routine monitoring. (Aweil Centre maps ~364,962 cattle in baseline.)"
2016-07-25,Aweil East,0.01,0.088,0,vegetative growth (peak),0.0,0.0,505027.7802561831,"No flood expected in Aweil East this week (q50 0.0 km²). Routine monitoring. (Aweil East maps ~505,028 cattle in baseline.)"
2016-07-25,Aweil North,0.0,0.024,0,vegetative growth (peak),0.0,0.0,463800.5038861725,"No flood expected in Aweil North this week (q50 0.0 km²). Routine monitoring. (Aweil North maps ~463,801 cattle in baseline.)"
2016-07-25,Aweil South,0.0,0.026,0,vegetative growth (peak),0.0,0.0,141256.8006910938,"No flood expected in Aweil South this week (q50 0.0 km²). Routine monitoring. (Aweil South maps ~141,257 cattle in baseline.)"
2016-07-25,Aweil West,0.0,0.025,0,vegetative growth (peak),0.0,0.0,318964.9515941321,"No flood expected in Aweil West this week (q50 0.0 km²). Routine monitoring. (Aweil West maps ~318,965 cattle in baseline.)"
2016-08-01,Aweil Centre,0.0,0.081,0,maturation,0.0,0.0,364961.8333817694,"No flood expected in Aweil Centre this week (q50 0.0 km²). Routine monitoring. (Aweil Centre maps ~364,962 cattle in baseline.)"
2016-08-01,Aweil East,1.61,0.836,0,maturation,0.0,0.0,505027.7802561831,"SEVERE flood expected in Aweil East this week: q50 1.6 km², above the 95th percentile of all August weeks since 2000. (Aweil East maps ~505,028 cattle in baseline.)"
2016-08-01,Aweil North,0.0,0.04,0,maturation,0.0,0.0,463800.5038861725,"No flood expected in Aweil North this week (q50 0.0 km²). Routine monitoring. (Aweil North maps ~463,801 cattle in baseline.)"
2016-08-01,Aweil South,0.0,0.048,0,maturation,0.0,0.0,141256.8006910938,"No flood expected in Aweil South this week (q50 0.0 km²). Routine monitoring. (Aweil South maps ~141,257 cattle in baseline.)"
2016-08-01,Aweil West,0.04,0.217,0,maturation,0.0,0.0,318964.9515941321,"No flood expected in Aweil West this week (q50 0.0 km²). Routine monitoring. (Aweil West maps ~318,965 cattle in baseline.)"
2016-08-08,Aweil Centre,0.0,0.162,0,maturation,0.0,0.0,364961.8333817694,"No flood expected in Aweil Centre this week (q50 0.0 km²). Routine monitoring. (Aweil Centre maps ~364,962 cattle in baseline.)"
2016-08-08,Aweil East,0.01,0.715,0,maturation,0.0,0.0,505027.7802561831,"SEVERE flood expected in Aweil East this week: q50 0.0 km², above the 95th percentile of all August weeks since 2000. (Aweil East maps ~505,028 cattle in baseline.)"
2016-08-08,Aweil North,0.0,0.077,0,maturation,0.0,0.0,463800.5038861725,"No flood expected in Aweil North this week (q50 0.0 km²). Routine monitoring. (Aweil North maps ~463,801 cattle in baseline.)"
2016-08-08,Aweil South,0.0,0.084,0,maturation,0.0,0.0,141256.8006910938,"No flood expected in Aweil South this week (q50 0.0 km²). Routine monitoring. (Aweil South maps ~141,257 cattle in baseline.)"
2016-08-08,Aweil West,0.0,0.124,0,maturation,0.0,0.0,318964.9515941321,"No flood expected in Aweil West this week (q50 0.0 km²). Routine monitoring. (Aweil West maps ~318,965 cattle in baseline.)"
2016-08-15,Aweil Centre,0.05,0.794,0,maturation,0.0,0.0,364961.8333817694,"SEVERE flood expected in Aweil Centre this week: q50 0.1 km², above the 95th percentile of all August weeks since 2000. (Aweil Centre maps ~364,962 cattle in baseline.)"
2016-08-15,Aweil East,0.0,0.609,0,maturation,0.0,0.0,505027.7802561831,"SEVERE flood expected in Aweil East this week: q50 0.0 km², above the 95th percentile of all August weeks since 2000. (Aweil East maps ~505,028 cattle in baseline.)"
2016-08-15,Aweil North,0.0,0.149,0,maturation,0.0,0.0,463800.5038861725,"No flood expected in Aweil North this week (q50 0.0 km²). Routine monitoring. (Aweil North maps ~463,801 cattle in baseline.)"
2016-08-15,Aweil South,0.0,0.162,0,maturation,0.0,0.0,141256.8006910938,"No flood expected in Aweil South this week (q50 0.0 km²). Routine monitoring. (Aweil South maps ~141,257 cattle in baseline.)"
2016-08-15,Aweil West,0.0,0.27,0,maturation,0.0,0.0,318964.9515941321,"No flood expected in Aweil West this week (q50 0.0 km²). Routine monitoring. (Aweil West maps ~318,965 cattle in baseline.)"
2016-08-22,Aweil Centre,1.61,0.893,2,maturation,0.0,0.0,364961.8333817694,"High flood risk in Aweil Centre this week: q50 1.6 km², above most August weeks since 2000. Maturation: grain is filling; flooding now damages the yield that is already banked. (Aweil Centre maps ~364,962 cattle in baseline.)"
2016-08-22,Aweil East,0.04,0.563,0,maturation,0.0,0.0,505027.7802561831,"SEVERE flood expected in Aweil East this week: q50 0.0 km², above the 95th percentile of all August weeks since 2000. (Aweil East maps ~505,028 cattle in baseline.)"
2016-08-22,Aweil North,0.0,0.079,0,maturation,0.0,0.0,463800.5038861725,"No flood expected in Aweil North this week (q50 0.0 km²). Routine monitoring. (Aweil North maps ~463,801 cattle in baseline.)"
2016-08-22,Aweil South,0.0,0.093,0,maturation,0.0,0.0,141256.8006910938,"No flood expected in Aweil South this week (q50 0.0 km²). Routine monitoring. (Aweil South maps ~141,257 cattle in baseline.)"
2016-08-22,Aweil West,0.64,0.762,2,maturation,0.0,0.0,318964.9515941321,"High flood risk in Aweil West this week: q50 0.6 km², above most August weeks since 2000. Maturation: grain is filling; flooding now damages the yield that is already banked. (Aweil West maps ~318,965 cattle in baseline.)"
2016-08-29,Aweil Centre,1.61,0.912,2,maturation,0.0,0.0,364961.8333817694,"High flood risk in Aweil Centre this week: q50 1.6 km², above most August weeks since 2000. Maturation: grain is filling; flooding now damages the yield that is already banked. (Aweil Centre maps ~364,962 cattle in baseline.)"
2016-08-29,Aweil East,1.61,0.859,0,maturation,0.0,0.0,505027.7802561831,"SEVERE flood expected in Aweil East this week: q50 1.6 km², above the 95th percentile of all August weeks since 2000. (Aweil East maps ~505,028 cattle in baseline.)"
2016-08-29,Aweil North,0.0,0.061,0,maturation,0.0,0.0,463800.5038861725,"No flood expected in Aweil North this week (q50 0.0 km²). Routine monitoring. (Aweil North maps ~463,801 cattle in baseline.)"
2016-08-29,Aweil South,0.05,0.544,0,maturation,0.0,0.0,141256.8006910938,"SEVERE flood expected in Aweil South this week: q50 0.1 km², above the 95th percentile of all August weeks since 2000. (Aweil South maps ~141,257 cattle in baseline.)"
2016-08-29,Aweil West,1.61,0.859,2,maturation,0.0,0.0,318964.9515941321,"High flood risk in Aweil West this week: q50 1.6 km², above most August weeks since 2000. Maturation: grain is filling; flooding now damages the yield that is already banked. (Aweil West maps ~318,965 cattle in baseline.)"
2016-09-05,Aweil Centre,0.05,0.543,0,maturation / grain filling,0.0,5.9,364961.8333817694,"SEVERE flood expected in Aweil Centre this week: q50 0.1 km², above the 95th percentile of all September weeks since 2000. Approx. 6 ha of rangeland at risk; plan early herd movement. (Aweil Centre maps ~364,962 cattle in baseline.)"
2016-09-05,Aweil East,0.64,0.874,0,maturation / grain filling,1.6,67.5,505027.7802561831,"SEVERE flood expected in Aweil East this week: q50 0.6 km², above the 95th percentile of all September weeks since 2000. Approx. 2 ha of mapped crops in the Aweil East floodplain are at risk. Approx. 67 ha of rangeland at risk; plan early herd movement. (Aweil East maps ~505,028 cattle in baseline.)"
2016-09-05,Aweil North,0.0,0.086,0,maturation / grain filling,0.0,0.0,463800.5038861725,"No flood expected in Aweil North this week (q50 0.0 km²). Routine monitoring. (Aweil North maps ~463,801 cattle in baseline.)"
2016-09-05,Aweil South,0.05,0.195,0,maturation / grain filling,1.0,27.6,141256.8006910938,"No flood expected in Aweil South this week (q50 0.1 km²). Routine monitoring. Approx. 1 ha of mapped crops in the Aweil South floodplain are at risk. Approx. 28 ha of rangeland at risk; plan early herd movement. (Aweil South maps ~141,257 cattle in baseline.)"
2016-09-05,Aweil West,0.04,0.552,0,maturation / grain filling,0.3,16.1,318964.9515941321,"SEVERE flood expected in Aweil West this week: q50 0.0 km², above the 95th percentile of all September weeks since 2000. Approx. 16 ha of rangeland at risk; plan early herd movement. (Aweil West maps ~318,965 cattle in baseline.)"
2016-09-12,Aweil Centre,0.0,0.356,0,maturation / grain filling,0.0,0.0,364961.8333817694,"No flood expected in Aweil Centre this week (q50 0.0 km²). Routine monitoring. (Aweil Centre maps ~364,962 cattle in baseline.)"
2016-09-12,Aweil East,0.04,0.802,0,maturation / grain filling,0.1,4.2,505027.7802561831,"SEVERE flood expected in Aweil East this week: q50 0.0 km², above the 95th percentile of all September weeks since 2000. Approx. 4 ha of rangeland at risk; plan early herd movement. (Aweil East maps ~505,028 cattle in baseline.)"
2016-09-12,Aweil North,0.0,0.099,0,maturation / grain filling,0.0,0.0,463800.5038861725,"No flood expected in Aweil North this week (q50 0.0 km²). Routine monitoring. (Aweil North maps ~463,801 cattle in baseline.)"
2016-09-12,Aweil South,0.04,0.479,0,maturation / grain filling,0.8,21.2,141256.8006910938,"No flood expected in Aweil South this week (q50 0.0 km²). Routine monitoring. Approx. 21 ha of rangeland at risk; plan early herd movement. (Aweil South maps ~141,257 cattle in baseline.)"
2016-09-12,Aweil West,0.04,0.592,0,maturation / grain filling,0.3,17.2,318964.9515941321,"SEVERE flood expected in Aweil West this week: q50 0.0 km², above the 95th percentile of all September weeks since 2000. Approx. 17 ha of rangeland at risk; plan early herd movement. (Aweil West maps ~318,965 cattle in baseline.)"
2016-09-19,Aweil Centre,0.01,0.504,0,maturation / grain filling,0.0,0.7,364961.8333817694,"SEVERE flood expected in Aweil Centre this week: q50 0.0 km², above the 95th percentile of all September weeks since 2000. (Aweil Centre maps ~364,962 cattle in baseline.)"
2016-09-19,Aweil East,0.05,0.795,0,maturation / grain filling,0.1,5.5,505027.7802561831,"SEVERE flood expected in Aweil East this week: q50 0.1 km², above the 95th percentile of all September weeks since 2000. Approx. 6 ha of rangeland at risk; plan early herd movement. (Aweil East maps ~505,028 cattle in baseline.)"
2016-09-19,Aweil North,0.0,0.108,0,maturation / grain filling,0.0,0.0,463800.5038861725,"No flood expected in Aweil North this week (q50 0.0 km²). Routine monitoring. (Aweil North maps ~463,801 cattle in baseline.)"
2016-09-19,Aweil South,0.04,0.662,0,maturation / grain filling,0.8,22.8,141256.8006910938,"SEVERE flood expected in Aweil South this week: q50 0.0 km², above the 95th percentile of all September weeks since 2000. Approx. 23 ha of rangeland at risk; plan early herd movement. (Aweil South maps ~141,257 cattle in baseline.)"
2016-09-19,Aweil West,0.04,0.566,0,maturation / grain filling,0.3,17.2,318964.9515941321,"SEVERE flood expected in Aweil West this week: q50 0.0 km², above the 95th percentile of all September weeks since 2000. Approx. 17 ha of rangeland at risk; plan early herd movement. (Aweil West maps ~318,965 cattle in baseline.)"
2016-09-26,Aweil Centre,0.0,0.254,0,maturation / grain filling,0.0,0.0,364961.8333817694,"No flood expected in Aweil Centre this week (q50 0.0 km²). Routine monitoring. (Aweil Centre maps ~364,962 cattle in baseline.)"
2016-09-26,Aweil East,1.61,0.922,0,maturation / grain filling,4.1,170.3,505027.7802561831,"SEVERE flood expected in Aweil East this week: q50 1.6 km², above the 95th percentile of all September weeks since 2000. Approx. 4 ha of mapped crops in the Aweil East floodplain are at risk. Approx. 170 ha of rangeland at risk; plan early herd movement. (Aweil East maps ~505,028 cattle in baseline.)"
2016-09-26,Aweil North,0.0,0.125,0,maturation / grain filling,0.0,0.0,463800.5038861725,"No flood expected in Aweil North this week (q50 0.0 km²). Routine monitoring. (Aweil North maps ~463,801 cattle in baseline.)"
2016-09-26,Aweil South,0.64,0.884,0,maturation / grain filling,12.7,340.2,141256.8006910938,"SEVERE flood expected in Aweil South this week: q50 0.6 km², above the 95th percentile of all September weeks since 2000. Approx. 13 ha of mapped crops in the Aweil South floodplain are at risk. Approx. 340 ha of rangeland at risk; plan early herd movement. (Aweil South maps ~141,257 cattle in baseline.)"
2016-09-26,Aweil West,0.05,0.758,0,maturation / grain filling,0.3,21.0,318964.9515941321,"SEVERE flood expected in Aweil West this week: q50 0.1 km², above the 95th percentile of all September weeks since 2000. Approx. 21 ha of rangeland at risk; plan early herd movement. (Aweil West maps ~318,965 cattle in baseline.)"
2016-10-03,Aweil Centre,0.0,0.296,0,harvest,0.0,0.0,364961.8333817694,"No flood expected in Aweil Centre this week (q50 0.0 km²). Routine monitoring. (Aweil Centre maps ~364,962 cattle in baseline.)"
2016-10-03,Aweil East,0.04,0.746,0,harvest,0.5,5.5,505027.7802561831,"SEVERE flood expected in Aweil East this week: q50 0.0 km², above the 95th percentile of all October weeks since 2000. Approx. 5 ha of rangeland at risk; plan early herd movement. (Aweil East maps ~505,028 cattle in baseline.)"
2016-10-03,Aweil North,0.0,0.137,0,harvest,0.0,0.0,463800.5038861725,"No flood expected in Aweil North this week (q50 0.0 km²). Routine monitoring. (Aweil North maps ~463,801 cattle in baseline.)"
2016-10-03,Aweil South,1.61,0.926,0,harvest,35.6,564.8,141256.8006910938,"SEVERE flood expected in Aweil South this week: q50 1.6 km², above the 95th percentile of all October weeks since 2000. Approx. 36 ha of mapped crops in the Aweil South floodplain are at risk. Approx. 565 ha of rangeland at risk; plan early herd movement. (Aweil South maps ~141,257 cattle in baseline.)"
2016-10-03,Aweil West,0.04,0.719,0,harvest,0.4,19.7,318964.9515941321,"SEVERE flood expected in Aweil West this week: q50 0.0 km², above the 95th percentile of all October weeks since 2000. Approx. 20 ha of rangeland at risk; plan early herd movement. (Aweil West maps ~318,965 cattle in baseline.)"
2016-10-10,Aweil Centre,0.0,0.252,0,harvest,0.0,0.0,364961.8333817694,"No flood expected in Aweil Centre this week (q50 0.0 km²). Routine monitoring. (Aweil Centre maps ~364,962 cattle in baseline.)"
2016-10-10,Aweil East,0.0,0.426,0,harvest,0.0,0.0,505027.7802561831,"No flood expected in Aweil East this week (q50 0.0 km²). Routine monitoring. (Aweil East maps ~505,028 cattle in baseline.)"
2016-10-10,Aweil North,0.0,0.101,0,harvest,0.0,0.0,463800.5038861725,"No flood expected in Aweil North this week (q50 0.0 km²). Routine monitoring. (Aweil North maps ~463,801 cattle in baseline.)"
2016-10-10,Aweil South,1.61,0.924,0,harvest,35.6,564.8,141256.8006910938,"SEVERE flood expected in Aweil South this week: q50 1.6 km², above the 95th percentile of all October weeks since 2000. Approx. 36 ha of mapped crops in the Aweil South floodplain are at risk. Approx. 565 ha of rangeland at risk; plan early herd movement. (Aweil South maps ~141,257 cattle in baseline.)"
2016-10-10,Aweil West,0.01,0.401,0,harvest,0.1,2.8,318964.9515941321,"No flood expected in Aweil West this week (q50 0.0 km²). Routine monitoring. Approx. 3 ha of rangeland at risk; plan early herd movement. (Aweil West maps ~318,965 cattle in baseline.)"
2016-10-17,Aweil Centre,0.0,0.268,0,harvest,0.0,0.0,364961.8333817694,"No flood expected in Aweil Centre this week (q50 0.0 km²). Routine monitoring. (Aweil Centre maps ~364,962 cattle in baseline.)"
2016-10-17,Aweil East,0.04,0.675,0,harvest,0.5,5.5,505027.7802561831,"SEVERE flood expected in Aweil East this week: q50 0.0 km², above the 95th percentile of all October weeks since 2000. Approx. 5 ha of rangeland at risk; plan early herd movement. (Aweil East maps ~505,028 cattle in baseline.)"
2016-10-17,Aweil North,0.0,0.136,0,harvest,0.0,0.0,463800.5038861725,"No flood expected in Aweil North this week (q50 0.0 km²). Routine monitoring. (Aweil North maps ~463,801 cattle in baseline.)"
2016-10-17,Aweil South,1.61,0.93,0,harvest,35.6,564.8,141256.8006910938,"SEVERE flood expected in Aweil South this week: q50 1.6 km², above the 95th percentile of all October weeks since 2000. Approx. 36 ha of mapped crops in the Aweil South floodplain are at risk. Approx. 565 ha of rangeland at risk; plan early herd movement. (Aweil South maps ~141,257 cattle in baseline.)"
2016-10-17,Aweil West,0.05,0.73,0,harvest,0.5,24.0,318964.9515941321,"SEVERE flood expected in Aweil West this week: q50 0.1 km², above the 95th percentile of all October weeks since 2000. Approx. 24 ha of rangeland at risk; plan early herd movement. (Aweil West maps ~318,965 cattle in baseline.)"
2016-10-24,Aweil Centre,0.0,0.241,0,harvest,0.0,0.0,364961.8333817694,"No flood expected in Aweil Centre this week (q50 0.0 km²). Routine monitoring. (Aweil Centre maps ~364,962 cattle in baseline.)"
2016-10-24,Aweil East,0.04,0.612,0,harvest,0.4,5.1,505027.7802561831,"SEVERE flood expected in Aweil East this week: q50 0.0 km², above the 95th percentile of all October weeks since 2000. Approx. 5 ha of rangeland at risk; plan early herd movement. (Aweil East maps ~505,028 cattle in baseline.)"
2016-10-24,Aweil North,0.0,0.11,0,harvest,0.0,0.0,463800.5038861725,"No flood expected in Aweil North this week (q50 0.0 km²). Routine monitoring. (Aweil North maps ~463,801 cattle in baseline.)"
2016-10-24,Aweil South,1.61,0.925,0,harvest,35.6,564.8,141256.8006910938,"SEVERE flood expected in Aweil South this week: q50 1.6 km², above the 95th percentile of all October weeks since 2000. Approx. 36 ha of mapped crops in the Aweil South floodplain are at risk. Approx. 565 ha of rangeland at risk; plan early herd movement. (Aweil South maps ~141,257 cattle in baseline.)"
2016-10-24,Aweil West,0.05,0.78,0,harvest,0.5,24.0,318964.9515941321,"SEVERE flood expected in Aweil West this week: q50 0.1 km², above the 95th percentile of all October weeks since 2000. Approx. 24 ha of rangeland at risk; plan early herd movement. (Aweil West maps ~318,965 cattle in baseline.)"
2016-10-31,Aweil Centre,0.0,0.16,0,harvest,0.0,0.0,364961.8333817694,"No flood expected in Aweil Centre this week (q50 0.0 km²). Routine monitoring. (Aweil Centre maps ~364,962 cattle in baseline.)"
2016-10-31,Aweil East,0.04,0.489,0,harvest,0.4,5.1,505027.7802561831,"No flood expected in Aweil East this week (q50 0.0 km²). Routine monitoring. Approx. 5 ha of rangeland at risk; plan early herd movement. (Aweil East maps ~505,028 cattle in baseline.)"
2016-10-31,Aweil North,0.0,0.074,0,harvest,0.0,0.0,463800.5038861725,"No flood expected in Aweil North this week (q50 0.0 km²). Routine monitoring. (Aweil North maps ~463,801 cattle in baseline.)"
2016-10-31,Aweil South,1.61,0.934,0,harvest,35.6,564.8,141256.8006910938,"SEVERE flood expected in Aweil South this week: q50 1.6 km², above the 95th percentile of all October weeks since 2000. Approx. 36 ha of mapped crops in the Aweil South floodplain are at risk. Approx. 565 ha of rangeland at risk; plan early herd movement. (Aweil South maps ~141,257 cattle in baseline.)"
2016-10-31,Aweil West,0.05,0.722,0,harvest,0.5,24.0,318964.9515941321,"SEVERE flood expected in Aweil West this week: q50 0.1 km², above the 95th percentile of all October weeks since 2000. Approx. 24 ha of rangeland at risk; plan early herd movement. (Aweil West maps ~318,965 cattle in baseline.)"
2016-11-07,Aweil Centre,0.0,0.181,0,harvest / drying,0.0,0.0,364961.8333817694,"No flood expected in Aweil Centre this week (q50 0.0 km²). Routine monitoring. (Aweil Centre maps ~364,962 cattle in baseline.)"
2016-11-07,Aweil East,0.0,0.414,0,harvest / drying,0.0,0.0,505027.7802561831,"No flood expected in Aweil East this week (q50 0.0 km²). Routine monitoring. (Aweil East maps ~505,028 cattle in baseline.)"
2016-11-07,Aweil North,0.0,0.097,0,harvest / drying,0.0,0.0,463800.5038861725,"No flood expected in Aweil North this week (q50 0.0 km²). Routine monitoring. (Aweil North maps ~463,801 cattle in baseline.)"
2016-11-07,Aweil South,0.64,0.901,0,harvest / drying,11.0,176.3,141256.8006910938,"SEVERE flood expected in Aweil South this week: q50 0.6 km², above the 95th percentile of all November weeks since 2000. Approx. 11 ha of mapped crops in the Aweil South floodplain are at risk. Approx. 176 ha of rangeland at risk; plan early herd movement. (Aweil South maps ~141,257 cattle in baseline.)"
2016-11-07,Aweil West,0.01,0.668,0,harvest / drying,0.4,17.4,318964.9515941321,"SEVERE flood expected in Aweil West this week: q50 0.0 km², above the 95th percentile of all November weeks since 2000. Approx. 17 ha of rangeland at risk; plan early herd movement. (Aweil West maps ~318,965 cattle in baseline.)"
2016-11-14,Aweil Centre,0.0,0.143,0,harvest / drying,0.0,0.0,364961.8333817694,"No flood expected in Aweil Centre this week (q50 0.0 km²). Routine monitoring. (Aweil Centre maps ~364,962 cattle in baseline.)"
2016-11-14,Aweil East,0.0,0.434,0,harvest / drying,0.0,0.0,505027.7802561831,"No flood expected in Aweil East this week (q50 0.0 km²). Routine monitoring. (Aweil East maps ~505,028 cattle in baseline.)"
2016-11-14,Aweil North,0.0,0.087,0,harvest / drying,0.0,0.0,463800.5038861725,"No flood expected in Aweil North this week (q50 0.0 km²). Routine monitoring. (Aweil North maps ~463,801 cattle in baseline.)"
2016-11-14,Aweil South,0.05,0.455,0,harvest / drying,0.8,12.6,141256.8006910938,"No flood expected in Aweil South this week (q50 0.0 km²). Routine monitoring. Approx. 13 ha of rangeland at risk; plan early herd movement. (Aweil South maps ~141,257 cattle in baseline.)"
2016-11-14,Aweil West,0.01,0.559,0,harvest / drying,0.4,17.4,318964.9515941321,"SEVERE flood expected in Aweil West this week: q50 0.0 km², above the 95th percentile of all November weeks since 2000. Approx. 17 ha of rangeland at risk; plan early herd movement. (Aweil West maps ~318,965 cattle in baseline.)"
2016-11-21,Aweil Centre,0.0,0.174,0,harvest / drying,0.0,0.0,364961.8333817694,"No flood expected in Aweil Centre this week (q50 0.0 km²). Routine monitoring. (Aweil Centre maps ~364,962 cattle in baseline.)"
2016-11-21,Aweil East,0.0,0.252,0,harvest / drying,0.0,0.0,505027.7802561831,"No flood expected in Aweil East this week (q50 0.0 km²). Routine monitoring. (Aweil East maps ~505,028 cattle in baseline.)"
2016-11-21,Aweil North,0.0,0.088,0,harvest / drying,0.0,0.0,463800.5038861725,"No flood expected in Aweil North this week (q50 0.0 km²). Routine monitoring. (Aweil North maps ~463,801 cattle in baseline.)"
2016-11-21,Aweil South,0.0,0.242,0,harvest / drying,0.0,0.0,141256.8006910938,"No flood expected in Aweil South this week (q50 0.0 km²). Routine monitoring. (Aweil South maps ~141,257 cattle in baseline.)"
2016-11-21,Aweil West,0.01,0.43,0,harvest / drying,0.3,11.5,318964.9515941321,"No flood expected in Aweil West this week (q50 0.0 km²). Routine monitoring. Approx. 12 ha of rangeland at risk; plan early herd movement. (Aweil West maps ~318,965 cattle in baseline.)"
2016-11-28,Aweil Centre,0.05,0.591,0,harvest / drying,0.0,7.9,364961.8333817694,"SEVERE flood expected in Aweil Centre this week: q50 0.1 km², above the 95th percentile of all November weeks since 2000. Approx. 8 ha of rangeland at risk; plan early herd movement. (Aweil Centre maps ~364,962 cattle in baseline.)"
2016-11-28,Aweil East,0.0,0.21,0,harvest / drying,0.0,0.0,505027.7802561831,"No flood expected in Aweil East this week (q50 0.0 km²). Routine monitoring. (Aweil East maps ~505,028 cattle in baseline.)"
2016-11-28,Aweil North,0.0,0.074,0,harvest / drying,0.0,0.0,463800.5038861725,"No flood expected in Aweil North this week (q50 0.0 km²). Routine monitoring. (Aweil North maps ~463,801 cattle in baseline.)"
2016-11-28,Aweil South,0.0,0.101,0,harvest / drying,0.0,0.0,141256.8006910938,"No flood expected in Aweil South this week (q50 0.0 km²). Routine monitoring. (Aweil South maps ~141,257 cattle in baseline.)"
2016-11-28,Aweil West,0.0,0.147,0,harvest / drying,0.0,0.0,318964.9515941321,"No flood expected in Aweil West this week (q50 0.0 km²). Routine monitoring. (Aweil West maps ~318,965 cattle in baseline.)"
2016-12-05,Aweil Centre,0.05,0.706,0,dry season,0.0,26.5,364961.8333817694,"SEVERE flood expected in Aweil Centre this week: q50 0.1 km², above the 95th percentile of all December weeks since 2000. Approx. 26 ha of rangeland at risk; plan early herd movement. (Aweil Centre maps ~364,962 cattle in baseline.)"
2016-12-05,Aweil East,0.0,0.146,0,dry season,0.0,0.0,505027.7802561831,"No flood expected in Aweil East this week (q50 0.0 km²). Routine monitoring. (Aweil East maps ~505,028 cattle in baseline.)"
2016-12-05,Aweil North,0.0,0.078,0,dry season,0.0,0.0,463800.5038861725,"No flood expected in Aweil North this week (q50 0.0 km²). Routine monitoring. (Aweil North maps ~463,801 cattle in baseline.)"
2016-12-05,Aweil South,0.0,0.087,0,dry season,0.0,0.0,141256.8006910938,"No flood expected in Aweil South this week (q50 0.0 km²). Routine monitoring. (Aweil South maps ~141,257 cattle in baseline.)"
2016-12-05,Aweil West,0.0,0.11,0,dry season,0.0,0.0,318964.9515941321,"No flood expected in Aweil West this week (q50 0.0 km²). Routine monitoring. (Aweil West maps ~318,965 cattle in baseline.)"
2016-12-12,Aweil Centre,0.0,0.289,0,dry season,0.0,0.0,364961.8333817694,"No flood expected in Aweil Centre this week (q50 0.0 km²). Routine monitoring. (Aweil Centre maps ~364,962 cattle in baseline.)"
2016-12-12,Aweil East,0.0,0.363,0,dry season,0.0,0.0,505027.7802561831,"No flood expected in Aweil East this week (q50 0.0 km²). Routine monitoring. (Aweil East maps ~505,028 cattle in baseline.)"
2016-12-12,Aweil North,0.0,0.082,0,dry season,0.0,0.0,463800.5038861725,"No flood expected in Aweil North this week (q50 0.0 km²). Routine monitoring. (Aweil North maps ~463,801 cattle in baseline.)"
2016-12-12,Aweil South,0.0,0.089,0,dry season,0.0,0.0,141256.8006910938,"No flood expected in Aweil South this week (q50 0.0 km²). Routine monitoring. (Aweil South maps ~141,257 cattle in baseline.)"
2016-12-12,Aweil West,0.0,0.081,0,dry season,0.0,0.0,318964.9515941321,"No flood expected in Aweil West this week (q50 0.0 km²). Routine monitoring. (Aweil West maps ~318,965 cattle in baseline.)"
2016-12-19,Aweil Centre,0.0,0.148,0,dry season,0.0,0.0,364961.8333817694,"No flood expected in Aweil Centre this week (q50 0.0 km²). Routine monitoring. (Aweil Centre maps ~364,962 cattle in baseline.)"
2016-12-19,Aweil East,0.0,0.255,0,dry season,0.0,0.0,505027.7802561831,"No flood expected in Aweil East this week (q50 0.0 km²). Routine monitoring. (Aweil East maps ~505,028 cattle in baseline.)"
2016-12-19,Aweil North,0.0,0.072,0,dry season,0.0,0.0,463800.5038861725,"No flood expected in Aweil North this week (q50 0.0 km²). Routine monitoring. (Aweil North maps ~463,801 cattle in baseline.)"
2016-12-19,Aweil South,0.0,0.083,0,dry season,0.0,0.0,141256.8006910938,"No flood expected in Aweil South this week (q50 0.0 km²). Routine monitoring. (Aweil South maps ~141,257 cattle in baseline.)"
2016-12-19,Aweil West,0.0,0.072,0,dry season,0.0,0.0,318964.9515941321,"No flood expected in Aweil West this week (q50 0.0 km²). Routine monitoring. (Aweil West maps ~318,965 cattle in baseline.)"
2016-12-26,Aweil Centre,0.0,0.089,0,dry season,0.0,0.0,364961.8333817694,"No flood expected in Aweil Centre this week (q50 0.0 km²). Routine monitoring. (Aweil Centre maps ~364,962 cattle in baseline.)"
2016-12-26,Aweil East,0.0,0.164,0,dry season,0.0,0.0,505027.7802561831,"No flood expected in Aweil East this week (q50 0.0 km²). Routine monitoring. (Aweil East maps ~505,028 cattle in baseline.)"
2016-12-26,Aweil North,0.0,0.075,0,dry season,0.0,0.0,463800.5038861725,"No flood expected in Aweil North this week (q50 0.0 km²). Routine monitoring. (Aweil North maps ~463,801 cattle in baseline.)"
2016-12-26,Aweil South,0.0,0.078,0,dry season,0.0,0.0,141256.8006910938,"No flood expected in Aweil South this week (q50 0.0 km²). Routine monitoring. (Aweil South maps ~141,257 cattle in baseline.)"
2016-12-26,Aweil West,0.0,0.078,0,dry season,0.0,0.0,318964.9515941321,"No flood expected in Aweil West this week (q50 0.0 km²). Routine monitoring. (Aweil West maps ~318,965 cattle in baseline.)"
2017-01-02,Aweil Centre,0.0,0.07,0,dry season (late phase),0.0,0.0,364961.8333817694,"No flood expected in Aweil Centre this week (q50 0.0 km²). Routine monitoring. (Aweil Centre maps ~364,962 cattle in baseline.)"
2017-01-02,Aweil East,0.0,0.093,0,dry season (late phase),0.0,0.0,505027.7802561831,"No flood expected in Aweil East this week (q50 0.0 km²). Routine monitoring. (Aweil East maps ~505,028 cattle in baseline.)"
2017-01-02,Aweil North,0.0,0.07,0,dry season (late phase),0.0,0.0,463800.5038861725,"No flood expected in Aweil North this week (q50 0.0 km²). Routine monitoring. (Aweil North maps ~463,801 cattle in baseline.)"
2017-01-02,Aweil South,0.0,0.064,0,dry season (late phase),0.0,0.0,141256.8006910938,"No flood expected in Aweil South this week (q50 0.0 km²). Routine monitoring. (Aweil South maps ~141,257 cattle in baseline.)"
2017-01-02,Aweil West,0.0,0.064,0,dry season (late phase),0.0,0.0,318964.9515941321,"No flood expected in Aweil West this week (q50 0.0 km²). Routine monitoring. (Aweil West maps ~318,965 cattle in baseline.)"
2017-01-09,Aweil Centre,0.0,0.075,0,dry season (late phase),0.0,0.0,364961.8333817694,"No flood expected in Aweil Centre this week (q50 0.0 km²). Routine monitoring. (Aweil Centre maps ~364,962 cattle in baseline.)"
2017-01-09,Aweil East,0.0,0.07,0,dry season (late phase),0.0,0.0,505027.7802561831,"No flood expected in Aweil East this week (q50 0.0 km²). Routine monitoring. (Aweil East maps ~505,028 cattle in baseline.)"
2017-01-09,Aweil North,0.0,0.068,0,dry season (late phase),0.0,0.0,463800.5038861725,"No flood expected in Aweil North this week (q50 0.0 km²). Routine monitoring. (Aweil North maps ~463,801 cattle in baseline.)"
2017-01-09,Aweil South,0.0,0.073,0,dry season (late phase),0.0,0.0,141256.8006910938,"No flood expected in Aweil South this week (q50 0.0 km²). Routine monitoring. (Aweil South maps ~141,257 cattle in baseline.)"
2017-01-09,Aweil West,0.0,0.07,0,dry season (late phase),0.0,0.0,318964.9515941321,"No flood expected in Aweil West this week (q50 0.0 km²). Routine monitoring. (Aweil West maps ~318,965 cattle in baseline.)"
2017-01-16,Aweil Centre,0.0,0.24,0,dry season (late phase),0.0,0.0,364961.8333817694,"No flood expected in Aweil Centre this week (q50 0.0 km²). Routine monitoring. (Aweil Centre maps ~364,962 cattle in baseline.)"
2017-01-16,Aweil East,0.0,0.075,0,dry season (late phase),0.0,0.0,505027.7802561831,"No flood expected in Aweil East this week (q50 0.0 km²). Routine monitoring. (Aweil East maps ~505,028 cattle in baseline.)"
2017-01-16,Aweil North,0.0,0.073,0,dry season (late phase),0.0,0.0,463800.5038861725,"No flood expected in Aweil North this week (q50 0.0 km²). Routine monitoring. (Aweil North maps ~463,801 cattle in baseline.)"
2017-01-16,Aweil South,0.0,0.073,0,dry season (late phase),0.0,0.0,141256.8006910938,"No flood expected in Aweil South this week (q50 0.0 km²). Routine monitoring. (Aweil South maps ~141,257 cattle in baseline.)"
2017-01-16,Aweil West,0.0,0.072,0,dry season (late phase),0.0,0.0,318964.9515941321,"No flood expected in Aweil West this week (q50 0.0 km²). Routine monitoring. (Aweil West maps ~318,965 cattle in baseline.)"
2017-01-23,Aweil Centre,0.0,0.1,0,dry season (late phase),0.0,0.0,364961.8333817694,"No flood expected in Aweil Centre this week (q50 0.0 km²). Routine monitoring. (Aweil Centre maps ~364,962 cattle in baseline.)"
2017-01-23,Aweil East,0.0,0.082,0,dry season (late phase),0.0,0.0,505027.7802561831,"No flood expected in Aweil East this week (q50 0.0 km²). Routine monitoring. (Aweil East maps ~505,028 cattle in baseline.)"
2017-01-23,Aweil North,0.0,0.083,0,dry season (late phase),0.0,0.0,463800.5038861725,"No flood expected in Aweil North this week (q50 0.0 km²). Routine monitoring. (Aweil North maps ~463,801 cattle in baseline.)"
2017-01-23,Aweil South,0.0,0.083,0,dry season (late phase),0.0,0.0,141256.8006910938,"No flood expected in Aweil South this week (q50 0.0 km²). Routine monitoring. (Aweil South maps ~141,257 cattle in baseline.)"
2017-01-23,Aweil West,0.0,0.083,0,dry season (late phase),0.0,0.0,318964.9515941321,"No flood expected in Aweil West this week (q50 0.0 km²). Routine monitoring. (Aweil West maps ~318,965 cattle in baseline.)"
2017-01-30,Aweil Centre,0.0,0.089,0,dry season (late phase),0.0,0.0,364961.8333817694,"No flood expected in Aweil Centre this week (q50 0.0 km²). Routine monitoring. (Aweil Centre maps ~364,962 cattle in baseline.)"
2017-01-30,Aweil East,0.0,0.056,0,dry season (late phase),0.0,0.0,505027.7802561831,"No flood expected in Aweil East this week (q50 0.0 km²). Routine monitoring. (Aweil East maps ~505,028 cattle in baseline.)"
2017-01-30,Aweil North,0.0,0.053,0,dry season (late phase),0.0,0.0,463800.5038861725,"No flood expected in Aweil North this week (q50 0.0 km²). Routine monitoring. (Aweil North maps ~463,801 cattle in baseline.)"
2017-01-30,Aweil South,0.0,0.053,0,dry season (late phase),0.0,0.0,141256.8006910938,"No flood expected in Aweil South this week (q50 0.0 km²). Routine monitoring. (Aweil South maps ~141,257 cattle in baseline.)"
2017-01-30,Aweil West,0.0,0.055,0,dry season (late phase),0.0,0.0,318964.9515941321,"No flood expected in Aweil West this week (q50 0.0 km²). Routine monitoring. (Aweil West maps ~318,965 cattle in baseline.)"
2017-02-06,Aweil Centre,0.0,0.072,0,dry season,0.0,0.0,364961.8333817694,"No flood expected in Aweil Centre this week (q50 0.0 km²). Routine monitoring. (Aweil Centre maps ~364,962 cattle in baseline.)"
2017-02-06,Aweil East,0.0,0.066,0,dry season,0.0,0.0,505027.7802561831,"No flood expected in Aweil East this week (q50 0.0 km²). Routine monitoring. (Aweil East maps ~505,028 cattle in baseline.)"
2017-02-06,Aweil North,0.0,0.069,0,dry season,0.0,0.0,463800.5038861725,"No flood expected in Aweil North this week (q50 0.0 km²). Routine monitoring. (Aweil North maps ~463,801 cattle in baseline.)"
2017-02-06,Aweil South,0.0,0.069,0,dry season,0.0,0.0,141256.8006910938,"No flood expected in Aweil South this week (q50 0.0 km²). Routine monitoring. (Aweil South maps ~141,257 cattle in baseline.)"
2017-02-06,Aweil West,0.0,0.067,0,dry season,0.0,0.0,318964.9515941321,"No flood expected in Aweil West this week (q50 0.0 km²). Routine monitoring. (Aweil West maps ~318,965 cattle in baseline.)"
2017-02-13,Aweil Centre,0.0,0.055,0,dry season,0.0,0.0,364961.8333817694,"No flood expected in Aweil Centre this week (q50 0.0 km²). Routine monitoring. (Aweil Centre maps ~364,962 cattle in baseline.)"
2017-02-13,Aweil East,0.0,0.049,0,dry season,0.0,0.0,505027.7802561831,"No flood expected in Aweil East this week (q50 0.0 km²). Routine monitoring. (Aweil East maps ~505,028 cattle in baseline.)"
2017-02-13,Aweil North,0.0,0.051,0,dry season,0.0,0.0,463800.5038861725,"No flood expected in Aweil North this week (q50 0.0 km²). Routine monitoring. (Aweil North maps ~463,801 cattle in baseline.)"
2017-02-13,Aweil South,0.0,0.051,0,dry season,0.0,0.0,141256.8006910938,"No flood expected in Aweil South this week (q50 0.0 km²). Routine monitoring. (Aweil South maps ~141,257 cattle in baseline.)"
2017-02-13,Aweil West,0.0,0.051,0,dry season,0.0,0.0,318964.9515941321,"No flood expected in Aweil West this week (q50 0.0 km²). Routine monitoring. (Aweil West maps ~318,965 cattle in baseline.)"
2017-02-20,Aweil Centre,0.0,0.084,0,dry season,0.0,0.0,364961.8333817694,"No flood expected in Aweil Centre this week (q50 0.0 km²). Routine monitoring. (Aweil Centre maps ~364,962 cattle in baseline.)"
2017-02-20,Aweil East,0.0,0.08,0,dry season,0.0,0.0,505027.7802561831,"No flood expected in Aweil East this week (q50 0.0 km²). Routine monitoring. (Aweil East maps ~505,028 cattle in baseline.)"
2017-02-20,Aweil North,0.0,0.079,0,dry season,0.0,0.0,463800.5038861725,"No flood expected in Aweil North this week (q50 0.0 km²). Routine monitoring. (Aweil North maps ~463,801 cattle in baseline.)"
2017-02-20,Aweil South,0.0,0.079,0,dry season,0.0,0.0,141256.8006910938,"No flood expected in Aweil South this week (q50 0.0 km²). Routine monitoring. (Aweil South maps ~141,257 cattle in baseline.)"
2017-02-20,Aweil West,0.0,0.081,0,dry season,0.0,0.0,318964.9515941321,"No flood expected in Aweil West this week (q50 0.0 km²). Routine monitoring. (Aweil West maps ~318,965 cattle in baseline.)"
2017-02-27,Aweil Centre,0.0,0.074,0,dry season,0.0,0.0,364961.8333817694,"No flood expected in Aweil Centre this week (q50 0.0 km²). Routine monitoring. (Aweil Centre maps ~364,962 cattle in baseline.)"
2017-02-27,Aweil East,0.0,0.071,0,dry season,0.0,0.0,505027.7802561831,"No flood expected in Aweil East this week (q50 0.0 km²). Routine monitoring. (Aweil East maps ~505,028 cattle in baseline.)"
2017-02-27,Aweil North,0.0,0.073,0,dry season,0.0,0.0,463800.5038861725,"No flood expected in Aweil North this week (q50 0.0 km²). Routine monitoring. (Aweil North maps ~463,801 cattle in baseline.)"
2017-02-27,Aweil South,0.0,0.074,0,dry season,0.0,0.0,141256.8006910938,"No flood expected in Aweil South this week (q50 0.0 km²). Routine monitoring. (Aweil South maps ~141,257 cattle in baseline.)"
2017-02-27,Aweil West,0.0,0.073,0,dry season,0.0,0.0,318964.9515941321,"No flood expected in Aweil West this week (q50 0.0 km²). Routine monitoring. (Aweil West maps ~318,965 cattle in baseline.)"
2017-03-06,Aweil Centre,0.0,0.073,0,early season (sowing),0.0,0.0,364961.8333817694,"No flood expected in Aweil Centre this week (q50 0.0 km²). Routine monitoring. (Aweil Centre maps ~364,962 cattle in baseline.)"
2017-03-06,Aweil East,0.0,0.072,0,early season (sowing),0.0,0.0,505027.7802561831,"No flood expected in Aweil East this week (q50 0.0 km²). Routine monitoring. (Aweil East maps ~505,028 cattle in baseline.)"
2017-03-06,Aweil North,0.0,0.072,0,early season (sowing),0.0,0.0,463800.5038861725,"No flood expected in Aweil North this week (q50 0.0 km²). Routine monitoring. (Aweil North maps ~463,801 cattle in baseline.)"
2017-03-06,Aweil South,0.0,0.073,0,early season (sowing),0.0,0.0,141256.8006910938,"No flood expected in Aweil South this week (q50 0.0 km²). Routine monitoring. (Aweil South maps ~141,257 cattle in baseline.)"
2017-03-06,Aweil West,0.0,0.072,0,early season (sowing),0.0,0.0,318964.9515941321,"No flood expected in Aweil West this week (q50 0.0 km²). Routine monitoring. (Aweil West maps ~318,965 cattle in baseline.)"
2017-03-13,Aweil Centre,0.0,0.084,0,early season (sowing),0.0,0.0,364961.8333817694,"No flood expected in Aweil Centre this week (q50 0.0 km²). Routine monitoring. (Aweil Centre maps ~364,962 cattle in baseline.)"
2017-03-13,Aweil East,0.0,0.08,0,early season (sowing),0.0,0.0,505027.7802561831,"No flood expected in Aweil East this week (q50 0.0 km²). Routine monitoring. (Aweil East maps ~505,028 cattle in baseline.)"
2017-03-13,Aweil North,0.0,0.076,0,early season (sowing),0.0,0.0,463800.5038861725,"No flood expected in Aweil North this week (q50 0.0 km²). Routine monitoring. (Aweil North maps ~463,801 cattle in baseline.)"
2017-03-13,Aweil South,0.0,0.077,0,early season (sowing),0.0,0.0,141256.8006910938,"No flood expected in Aweil South this week (q50 0.0 km²). Routine monitoring. (Aweil South maps ~141,257 cattle in baseline.)"
2017-03-13,Aweil West,0.0,0.076,0,early season (sowing),0.0,0.0,318964.9515941321,"No flood expected in Aweil West this week (q50 0.0 km²). Routine monitoring. (Aweil West maps ~318,965 cattle in baseline.)"
2017-03-20,Aweil Centre,0.0,0.097,0,early season (sowing),0.0,0.0,364961.8333817694,"No flood expected in Aweil Centre this week (q50 0.0 km²). Routine monitoring. (Aweil Centre maps ~364,962 cattle in baseline.)"
2017-03-20,Aweil East,0.0,0.096,0,early season (sowing),0.0,0.0,505027.7802561831,"No flood expected in Aweil East this week (q50 0.0 km²). Routine monitoring. (Aweil East maps ~505,028 cattle in baseline.)"
2017-03-20,Aweil North,0.0,0.088,0,early season (sowing),0.0,0.0,463800.5038861725,"No flood expected in Aweil North this week (q50 0.0 km²). Routine monitoring. (Aweil North maps ~463,801 cattle in baseline.)"
2017-03-20,Aweil South,0.0,0.089,0,early season (sowing),0.0,0.0,141256.8006910938,"No flood expected in Aweil South this week (q50 0.0 km²). Routine monitoring. (Aweil South maps ~141,257 cattle in baseline.)"
2017-03-20,Aweil West,0.0,0.088,0,early season (sowing),0.0,0.0,318964.9515941321,"No flood expected in Aweil West this week (q50 0.0 km²). Routine monitoring. (Aweil West maps ~318,965 cattle in baseline.)"
2017-03-27,Aweil Centre,0.0,0.081,0,early season (sowing),0.0,0.0,364961.8333817694,"No flood expected in Aweil Centre this week (q50 0.0 km²). Routine monitoring. (Aweil Centre maps ~364,962 cattle in baseline.)"
2017-03-27,Aweil East,0.0,0.08,0,early season (sowing),0.0,0.0,505027.7802561831,"No flood expected in Aweil East this week (q50 0.0 km²). Routine monitoring. (Aweil East maps ~505,028 cattle in baseline.)"
2017-03-27,Aweil North,0.0,0.072,0,early season (sowing),0.0,0.0,463800.5038861725,"No flood expected in Aweil North this week (q50 0.0 km²). Routine monitoring. (Aweil North maps ~463,801 cattle in baseline.)"
2017-03-27,Aweil South,0.0,0.073,0,early season (sowing),0.0,0.0,141256.8006910938,"No flood expected in Aweil South this week (q50 0.0 km²). Routine monitoring. (Aweil South maps ~141,257 cattle in baseline.)"
2017-03-27,Aweil West,0.0,0.072,0,early season (sowing),0.0,0.0,318964.9515941321,"No flood expected in Aweil West this week (q50 0.0 km²). Routine monitoring. (Aweil West maps ~318,965 cattle in baseline.)"
2017-04-03,Aweil Centre,0.0,0.071,0,crop establishment,0.0,0.0,364961.8333817694,"No flood expected in Aweil Centre this week (q50 0.0 km²). Routine monitoring. (Aweil Centre maps ~364,962 cattle in baseline.)"
2017-04-03,Aweil East,0.0,0.081,0,crop establishment,0.0,0.0,505027.7802561831,"No flood expected in Aweil East this week (q50 0.0 km²). Routine monitoring. (Aweil East maps ~505,028 cattle in baseline.)"
2017-04-03,Aweil North,0.0,0.066,0,crop establishment,0.0,0.0,463800.5038861725,"No flood expected in Aweil North this week (q50 0.0 km²). Routine monitoring. (Aweil North maps ~463,801 cattle in baseline.)"
2017-04-03,Aweil South,0.0,0.067,0,crop establishment,0.0,0.0,141256.8006910938,"No flood expected in Aweil South this week (q50 0.0 km²). Routine monitoring. (Aweil South maps ~141,257 cattle in baseline.)"
2017-04-03,Aweil West,0.0,0.071,0,crop establishment,0.0,0.0,318964.9515941321,"No flood expected in Aweil West this week (q50 0.0 km²). Routine monitoring. (Aweil West maps ~318,965 cattle in baseline.)"
2017-04-10,Aweil Centre,0.0,0.068,0,crop establishment,0.0,0.0,364961.8333817694,"No flood expected in Aweil Centre this week (q50 0.0 km²). Routine monitoring. (Aweil Centre maps ~364,962 cattle in baseline.)"
2017-04-10,Aweil East,0.0,0.073,0,crop establishment,0.0,0.0,505027.7802561831,"No flood expected in Aweil East this week (q50 0.0 km²). Routine monitoring. (Aweil East maps ~505,028 cattle in baseline.)"
2017-04-10,Aweil North,0.0,0.059,0,crop establishment,0.0,0.0,463800.5038861725,"No flood expected in Aweil North this week (q50 0.0 km²). Routine monitoring. (Aweil North maps ~463,801 cattle in baseline.)"
2017-04-10,Aweil South,0.0,0.057,0,crop establishment,0.0,0.0,141256.8006910938,"No flood expected in Aweil South this week (q50 0.0 km²). Routine monitoring. (Aweil South maps ~141,257 cattle in baseline.)"
2017-04-10,Aweil West,0.0,0.058,0,crop establishment,0.0,0.0,318964.9515941321,"No flood expected in Aweil West this week (q50 0.0 km²). Routine monitoring. (Aweil West maps ~318,965 cattle in baseline.)"
2017-04-17,Aweil Centre,0.0,0.033,0,crop establishment,0.0,0.0,364961.8333817694,"No flood expected in Aweil Centre this week (q50 0.0 km²). Routine monitoring. (Aweil Centre maps ~364,962 cattle in baseline.)"
2017-04-17,Aweil East,0.0,0.045,0,crop establishment,0.0,0.0,505027.7802561831,"No flood expected in Aweil East this week (q50 0.0 km²). Routine monitoring. (Aweil East maps ~505,028 cattle in baseline.)"
2017-04-17,Aweil North,0.0,0.028,0,crop establishment,0.0,0.0,463800.5038861725,"No flood expected in Aweil North this week (q50 0.0 km²). Routine monitoring. (Aweil North maps ~463,801 cattle in baseline.)"
2017-04-17,Aweil South,0.0,0.029,0,crop establishment,0.0,0.0,141256.8006910938,"No flood expected in Aweil South this week (q50 0.0 km²). Routine monitoring. (Aweil South maps ~141,257 cattle in baseline.)"
2017-04-17,Aweil West,0.0,0.03,0,crop establishment,0.0,0.0,318964.9515941321,"No flood expected in Aweil West this week (q50 0.0 km²). Routine monitoring. (Aweil West maps ~318,965 cattle in baseline.)"
2017-04-24,Aweil Centre,0.0,0.029,0,crop establishment,0.0,0.0,364961.8333817694,"No flood expected in Aweil Centre this week (q50 0.0 km²). Routine monitoring. (Aweil Centre maps ~364,962 cattle in baseline.)"
2017-04-24,Aweil East,0.0,0.035,0,crop establishment,0.0,0.0,505027.7802561831,"No flood expected in Aweil East this week (q50 0.0 km²). Routine monitoring. (Aweil East maps ~505,028 cattle in baseline.)"
2017-04-24,Aweil North,0.0,0.026,0,crop establishment,0.0,0.0,463800.5038861725,"No flood expected in Aweil North this week (q50 0.0 km²). Routine monitoring. (Aweil North maps ~463,801 cattle in baseline.)"
2017-04-24,Aweil South,0.0,0.026,0,crop establishment,0.0,0.0,141256.8006910938,"No flood expected in Aweil South this week (q50 0.0 km²). Routine monitoring. (Aweil South maps ~141,257 cattle in baseline.)"
2017-04-24,Aweil West,0.0,0.025,0,crop establishment,0.0,0.0,318964.9515941321,"No flood expected in Aweil West this week (q50 0.0 km²). Routine monitoring. (Aweil West maps ~318,965 cattle in baseline.)"
2017-05-01,Aweil Centre,0.0,0.022,0,vegetative growth,0.0,0.0,364961.8333817694,"No flood expected in Aweil Centre this week (q50 0.0 km²). Routine monitoring. (Aweil Centre maps ~364,962 cattle in baseline.)"
2017-05-01,Aweil East,0.0,0.028,0,vegetative growth,0.0,0.0,505027.7802561831,"No flood expected in Aweil East this week (q50 0.0 km²). Routine monitoring. (Aweil East maps ~505,028 cattle in baseline.)"
2017-05-01,Aweil North,0.0,0.02,0,vegetative growth,0.0,0.0,463800.5038861725,"No flood expected in Aweil North this week (q50 0.0 km²). Routine monitoring. (Aweil North maps ~463,801 cattle in baseline.)"
2017-05-01,Aweil South,0.0,0.021,0,vegetative growth,0.0,0.0,141256.8006910938,"No flood expected in Aweil South this week (q50 0.0 km²). Routine monitoring. (Aweil South maps ~141,257 cattle in baseline.)"
2017-05-01,Aweil West,0.0,0.022,0,vegetative growth,0.0,0.0,318964.9515941321,"No flood expected in Aweil West this week (q50 0.0 km²). Routine monitoring. (Aweil West maps ~318,965 cattle in baseline.)"
2017-05-08,Aweil Centre,0.0,0.022,0,vegetative growth,0.0,0.0,364961.8333817694,"No flood expected in Aweil Centre this week (q50 0.0 km²). Routine monitoring. (Aweil Centre maps ~364,962 cattle in baseline.)"
2017-05-08,Aweil East,0.0,0.027,0,vegetative growth,0.0,0.0,505027.7802561831,"No flood expected in Aweil East this week (q50 0.0 km²). Routine monitoring. (Aweil East maps ~505,028 cattle in baseline.)"
2017-05-08,Aweil North,0.0,0.016,0,vegetative growth,0.0,0.0,463800.5038861725,"No flood expected in Aweil North this week (q50 0.0 km²). Routine monitoring. (Aweil North maps ~463,801 cattle in baseline.)"
2017-05-08,Aweil South,0.0,0.017,0,vegetative growth,0.0,0.0,141256.8006910938,"No flood expected in Aweil South this week (q50 0.0 km²). Routine monitoring. (Aweil South maps ~141,257 cattle in baseline.)"
2017-05-08,Aweil West,0.0,0.018,0,vegetative growth,0.0,0.0,318964.9515941321,"No flood expected in Aweil West this week (q50 0.0 km²). Routine monitoring. (Aweil West maps ~318,965 cattle in baseline.)"
2017-05-15,Aweil Centre,0.0,0.02,0,vegetative growth,0.0,0.0,364961.8333817694,"No flood expected in Aweil Centre this week (q50 0.0 km²). Routine monitoring. (Aweil Centre maps ~364,962 cattle in baseline.)"
2017-05-15,Aweil East,0.0,0.024,0,vegetative growth,0.0,0.0,505027.7802561831,"No flood expected in Aweil East this week (q50 0.0 km²). Routine monitoring. (Aweil East maps ~505,028 cattle in baseline.)"
2017-05-15,Aweil North,0.0,0.017,0,vegetative growth,0.0,0.0,463800.5038861725,"No flood expected in Aweil North this week (q50 0.0 km²). Routine monitoring. (Aweil North maps ~463,801 cattle in baseline.)"
2017-05-15,Aweil South,0.0,0.018,0,vegetative growth,0.0,0.0,141256.8006910938,"No flood expected in Aweil South this week (q50 0.0 km²). Routine monitoring. (Aweil South maps ~141,257 cattle in baseline.)"
2017-05-15,Aweil West,0.0,0.018,0,vegetative growth,0.0,0.0,318964.9515941321,"No flood expected in Aweil West this week (q50 0.0 km²). Routine monitoring. (Aweil West maps ~318,965 cattle in baseline.)"
2017-05-22,Aweil Centre,0.0,0.021,0,vegetative growth,0.0,0.0,364961.8333817694,"No flood expected in Aweil Centre this week (q50 0.0 km²). Routine monitoring. (Aweil Centre maps ~364,962 cattle in baseline.)"
2017-05-22,Aweil East,0.0,0.026,0,vegetative growth,0.0,0.0,505027.7802561831,"No flood expected in Aweil East this week (q50 0.0 km²). Routine monitoring. (Aweil East maps ~505,028 cattle in baseline.)"
2017-05-22,Aweil North,0.0,0.014,0,vegetative growth,0.0,0.0,463800.5038861725,"No flood expected in Aweil North this week (q50 0.0 km²). Routine monitoring. (Aweil North maps ~463,801 cattle in baseline.)"
2017-05-22,Aweil South,0.0,0.015,0,vegetative growth,0.0,0.0,141256.8006910938,"No flood expected in Aweil South this week (q50 0.0 km²). Routine monitoring. (Aweil South maps ~141,257 cattle in baseline.)"
2017-05-22,Aweil West,0.0,0.016,0,vegetative growth,0.0,0.0,318964.9515941321,"No flood expected in Aweil West this week (q50 0.0 km²). Routine monitoring. (Aweil West maps ~318,965 cattle in baseline.)"
2017-05-29,Aweil Centre,0.0,0.032,0,vegetative growth,0.0,0.0,364961.8333817694,"No flood expected in Aweil Centre this week (q50 0.0 km²). Routine monitoring. (Aweil Centre maps ~364,962 cattle in baseline.)"
2017-05-29,Aweil East,0.0,0.037,0,vegetative growth,0.0,0.0,505027.7802561831,"No flood expected in Aweil East this week (q50 0.0 km²). Routine monitoring. (Aweil East maps ~505,028 cattle in baseline.)"
2017-05-29,Aweil North,0.0,0.026,0,vegetative growth,0.0,0.0,463800.5038861725,"No flood expected in Aweil North this week (q50 0.0 km²). Routine monitoring. (Aweil North maps ~463,801 cattle in baseline.)"
2017-05-29,Aweil South,0.0,0.028,0,vegetative growth,0.0,0.0,141256.8006910938,"No flood expected in Aweil South this week (q50 0.0 km²). Routine monitoring. (Aweil South maps ~141,257 cattle in baseline.)"
2017-05-29,Aweil West,0.0,0.15,0,vegetative growth,0.0,0.0,318964.9515941321,"No flood expected in Aweil West this week (q50 0.0 km²). Routine monitoring. (Aweil West maps ~318,965 cattle in baseline.)"
2017-06-05,Aweil Centre,0.0,0.021,0,vegetative growth (peak),0.0,0.0,364961.8333817694,"No flood expected in Aweil Centre this week (q50 0.0 km²). Routine monitoring. (Aweil Centre maps ~364,962 cattle in baseline.)"
2017-06-05,Aweil East,0.0,0.023,0,vegetative growth (peak),0.0,0.0,505027.7802561831,"No flood expected in Aweil East this week (q50 0.0 km²). Routine monitoring. (Aweil East maps ~505,028 cattle in baseline.)"
2017-06-05,Aweil North,0.0,0.016,0,vegetative growth (peak),0.0,0.0,463800.5038861725,"No flood expected in Aweil North this week (q50 0.0 km²). Routine monitoring. (Aweil North maps ~463,801 cattle in baseline.)"
2017-06-05,Aweil South,0.0,0.017,0,vegetative growth (peak),0.0,0.0,141256.8006910938,"No flood expected in Aweil South this week (q50 0.0 km²). Routine monitoring. (Aweil South maps ~141,257 cattle in baseline.)"
2017-06-05,Aweil West,0.0,0.143,0,vegetative growth (peak),0.0,0.0,318964.9515941321,"No flood expected in Aweil West this week (q50 0.0 km²). Routine monitoring. (Aweil West maps ~318,965 cattle in baseline.)"
2017-06-12,Aweil Centre,0.0,0.021,0,vegetative growth (peak),0.0,0.0,364961.8333817694,"No flood expected in Aweil Centre this week (q50 0.0 km²). Routine monitoring. (Aweil Centre maps ~364,962 cattle in baseline.)"
2017-06-12,Aweil East,0.0,0.023,0,vegetative growth (peak),0.0,0.0,505027.7802561831,"No flood expected in Aweil East this week (q50 0.0 km²). Routine monitoring. (Aweil East maps ~505,028 cattle in baseline.)"
2017-06-12,Aweil North,0.0,0.017,0,vegetative growth (peak),0.0,0.0,463800.5038861725,"No flood expected in Aweil North this week (q50 0.0 km²). Routine monitoring. (Aweil North maps ~463,801 cattle in baseline.)"
2017-06-12,Aweil South,0.0,0.018,0,vegetative growth (peak),0.0,0.0,141256.8006910938,"No flood expected in Aweil South this week (q50 0.0 km²). Routine monitoring. (Aweil South maps ~141,257 cattle in baseline.)"
2017-06-12,Aweil West,0.0,0.194,0,vegetative growth (peak),0.0,0.0,318964.9515941321,"No flood expected in Aweil West this week (q50 0.0 km²). Routine monitoring. (Aweil West maps ~318,965 cattle in baseline.)"
2017-06-19,Aweil Centre,0.0,0.021,0,vegetative growth (peak),0.0,0.0,364961.8333817694,"No flood expected in Aweil Centre this week (q50 0.0 km²). Routine monitoring. (Aweil Centre maps ~364,962 cattle in baseline.)"
2017-06-19,Aweil East,0.0,0.023,0,vegetative growth (peak),0.0,0.0,505027.7802561831,"No flood expected in Aweil East this week (q50 0.0 km²). Routine monitoring. (Aweil East maps ~505,028 cattle in baseline.)"
2017-06-19,Aweil North,0.0,0.016,0,vegetative growth (peak),0.0,0.0,463800.5038861725,"No flood expected in Aweil North this week (q50 0.0 km²). Routine monitoring. (Aweil North maps ~463,801 cattle in baseline.)"
2017-06-19,Aweil South,0.0,0.017,0,vegetative growth (peak),0.0,0.0,141256.8006910938,"No flood expected in Aweil South this week (q50 0.0 km²). Routine monitoring. (Aweil South maps ~141,257 cattle in baseline.)"
2017-06-19,Aweil West,0.0,0.055,0,vegetative growth (peak),0.0,0.0,318964.9515941321,"No flood expected in Aweil West this week (q50 0.0 km²). Routine monitoring. (Aweil West maps ~318,965 cattle in baseline.)"
2017-06-26,Aweil Centre,0.0,0.026,0,vegetative growth (peak),0.0,0.0,364961.8333817694,"No flood expected in Aweil Centre this week (q50 0.0 km²). Routine monitoring. (Aweil Centre maps ~364,962 cattle in baseline.)"
2017-06-26,Aweil East,0.0,0.03,0,vegetative growth (peak),0.0,0.0,505027.7802561831,"No flood expected in Aweil East this week (q50 0.0 km²). Routine monitoring. (Aweil East maps ~505,028 cattle in baseline.)"
2017-06-26,Aweil North,0.0,0.021,0,vegetative growth (peak),0.0,0.0,463800.5038861725,"No flood expected in Aweil North this week (q50 0.0 km²). Routine monitoring. (Aweil North maps ~463,801 cattle in baseline.)"
2017-06-26,Aweil South,0.0,0.021,0,vegetative growth (peak),0.0,0.0,141256.8006910938,"No flood expected in Aweil South this week (q50 0.0 km²). Routine monitoring. (Aweil South maps ~141,257 cattle in baseline.)"
2017-06-26,Aweil West,0.0,0.04,0,vegetative growth (peak),0.0,0.0,318964.9515941321,"No flood expected in Aweil West this week (q50 0.0 km²). Routine monitoring. (Aweil West maps ~318,965 cattle in baseline.)"
2017-07-03,Aweil Centre,0.0,0.019,0,vegetative growth (peak),0.0,0.0,364961.8333817694,"No flood expected in Aweil Centre this week (q50 0.0 km²). Routine monitoring. (Aweil Centre maps ~364,962 cattle in baseline.)"
2017-07-03,Aweil East,0.0,0.021,0,vegetative growth (peak),0.0,0.0,505027.7802561831,"No flood expected in Aweil East this week (q50 0.0 km²). Routine monitoring. (Aweil East maps ~505,028 cattle in baseline.)"
2017-07-03,Aweil North,0.0,0.015,0,vegetative growth (peak),0.0,0.0,463800.5038861725,"No flood expected in Aweil North this week (q50 0.0 km²). Routine monitoring. (Aweil North maps ~463,801 cattle in baseline.)"
2017-07-03,Aweil South,0.0,0.015,0,vegetative growth (peak),0.0,0.0,141256.8006910938,"No flood expected in Aweil South this week (q50 0.0 km²). Routine monitoring. (Aweil South maps ~141,257 cattle in baseline.)"
2017-07-03,Aweil West,0.0,0.018,0,vegetative growth (peak),0.0,0.0,318964.9515941321,"No flood expected in Aweil West this week (q50 0.0 km²). Routine monitoring. (Aweil West maps ~318,965 cattle in baseline.)"
2017-07-10,Aweil Centre,0.0,0.017,0,vegetative growth (peak),0.0,0.0,364961.8333817694,"No flood expected in Aweil Centre this week (q50 0.0 km²). Routine monitoring. (Aweil Centre maps ~364,962 cattle in baseline.)"
2017-07-10,Aweil East,0.0,0.021,0,vegetative growth (peak),0.0,0.0,505027.7802561831,"No flood expected in Aweil East this week (q50 0.0 km²). Routine monitoring. (Aweil East maps ~505,028 cattle in baseline.)"
2017-07-10,Aweil North,0.0,0.013,0,vegetative growth (peak),0.0,0.0,463800.5038861725,"No flood expected in Aweil North this week (q50 0.0 km²). Routine monitoring. (Aweil North maps ~463,801 cattle in baseline.)"
2017-07-10,Aweil South,0.0,0.014,0,vegetative growth (peak),0.0,0.0,141256.8006910938,"No flood expected in Aweil South this week (q50 0.0 km²). Routine monitoring. (Aweil South maps ~141,257 cattle in baseline.)"
2017-07-10,Aweil West,0.0,0.015,0,vegetative growth (peak),0.0,0.0,318964.9515941321,"No flood expected in Aweil West this week (q50 0.0 km²). Routine monitoring. (Aweil West maps ~318,965 cattle in baseline.)"
2017-07-17,Aweil Centre,0.0,0.022,0,vegetative growth (peak),0.0,0.0,364961.8333817694,"No flood expected in Aweil Centre this week (q50 0.0 km²). Routine monitoring. (Aweil Centre maps ~364,962 cattle in baseline.)"
2017-07-17,Aweil East,0.0,0.026,0,vegetative growth (peak),0.0,0.0,505027.7802561831,"No flood expected in Aweil East this week (q50 0.0 km²). Routine monitoring. (Aweil East maps ~505,028 cattle in baseline.)"
2017-07-17,Aweil North,0.0,0.014,0,vegetative growth (peak),0.0,0.0,463800.5038861725,"No flood expected in Aweil North this week (q50 0.0 km²). Routine monitoring. (Aweil North maps ~463,801 cattle in baseline.)"
2017-07-17,Aweil South,0.0,0.014,0,vegetative growth (peak),0.0,0.0,141256.8006910938,"No flood expected in Aweil South this week (q50 0.0 km²). Routine monitoring. (Aweil South maps ~141,257 cattle in baseline.)"
2017-07-17,Aweil West,0.0,0.015,0,vegetative growth (peak),0.0,0.0,318964.9515941321,"No flood expected in Aweil West this week (q50 0.0 km²). Routine monitoring. (Aweil West maps ~318,965 cattle in baseline.)"
2017-07-24,Aweil Centre,0.0,0.036,0,vegetative growth (peak),0.0,0.0,364961.8333817694,"No flood expected in Aweil Centre this week (q50 0.0 km²). Routine monitoring. (Aweil Centre maps ~364,962 cattle in baseline.)"
2017-07-24,Aweil East,0.0,0.047,0,vegetative growth (peak),0.0,0.0,505027.7802561831,"No flood expected in Aweil East this week (q50 0.0 km²). Routine monitoring. (Aweil East maps ~505,028 cattle in baseline.)"
2017-07-24,Aweil North,0.0,0.022,0,vegetative growth (peak),0.0,0.0,463800.5038861725,"No flood expected in Aweil North this week (q50 0.0 km²). Routine monitoring. (Aweil North maps ~463,801 cattle in baseline.)"
2017-07-24,Aweil South,0.0,0.024,0,vegetative growth (peak),0.0,0.0,141256.8006910938,"No flood expected in Aweil South this week (q50 0.0 km²). Routine monitoring. (Aweil South maps ~141,257 cattle in baseline.)"
2017-07-24,Aweil West,0.0,0.027,0,vegetative growth (peak),0.0,0.0,318964.9515941321,"No flood expected in Aweil West this week (q50 0.0 km²). Routine monitoring. (Aweil West maps ~318,965 cattle in baseline.)"
2017-07-31,Aweil Centre,0.0,0.042,0,vegetative growth (peak),0.0,0.0,364961.8333817694,"No flood expected in Aweil Centre this week (q50 0.0 km²). Routine monitoring. (Aweil Centre maps ~364,962 cattle in baseline.)"
2017-07-31,Aweil East,0.0,0.055,0,vegetative growth (peak),0.0,0.0,505027.7802561831,"No flood expected in Aweil East this week (q50 0.0 km²). Routine monitoring. (Aweil East maps ~505,028 cattle in baseline.)"
2017-07-31,Aweil North,0.0,0.028,0,vegetative growth (peak),0.0,0.0,463800.5038861725,"No flood expected in Aweil North this week (q50 0.0 km²). Routine monitoring. (Aweil North maps ~463,801 cattle in baseline.)"
2017-07-31,Aweil South,0.0,0.031,0,vegetative growth (peak),0.0,0.0,141256.8006910938,"No flood expected in Aweil South this week (q50 0.0 km²). Routine monitoring. (Aweil South maps ~141,257 cattle in baseline.)"
2017-07-31,Aweil West,0.0,0.032,0,vegetative growth (peak),0.0,0.0,318964.9515941321,"No flood expected in Aweil West this week (q50 0.0 km²). Routine monitoring. (Aweil West maps ~318,965 cattle in baseline.)"
2017-08-07,Aweil Centre,0.0,0.165,0,maturation,0.0,0.0,364961.8333817694,"No flood expected in Aweil Centre this week (q50 0.0 km²). Routine monitoring. (Aweil Centre maps ~364,962 cattle in baseline.)"
2017-08-07,Aweil East,0.0,0.203,0,maturation,0.0,0.0,505027.7802561831,"No flood expected in Aweil East this week (q50 0.0 km²). Routine monitoring. (Aweil East maps ~505,028 cattle in baseline.)"
2017-08-07,Aweil North,0.0,0.082,0,maturation,0.0,0.0,463800.5038861725,"No flood expected in Aweil North this week (q50 0.0 km²). Routine monitoring. (Aweil North maps ~463,801 cattle in baseline.)"
2017-08-07,Aweil South,0.0,0.088,0,maturation,0.0,0.0,141256.8006910938,"No flood expected in Aweil South this week (q50 0.0 km²). Routine monitoring. (Aweil South maps ~141,257 cattle in baseline.)"
2017-08-07,Aweil West,0.0,0.105,0,maturation,0.0,0.0,318964.9515941321,"No flood expected in Aweil West this week (q50 0.0 km²). Routine monitoring. (Aweil West maps ~318,965 cattle in baseline.)"
2017-08-14,Aweil Centre,0.0,0.219,0,maturation,0.0,0.0,364961.8333817694,"No flood expected in Aweil Centre this week (q50 0.0 km²). Routine monitoring. (Aweil Centre maps ~364,962 cattle in baseline.)"
2017-08-14,Aweil East,0.0,0.256,0,maturation,0.0,0.0,505027.7802561831,"No flood expected in Aweil East this week (q50 0.0 km²). Routine monitoring. (Aweil East maps ~505,028 cattle in baseline.)"
2017-08-14,Aweil North,0.0,0.097,0,maturation,0.0,0.0,463800.5038861725,"No flood expected in Aweil North this week (q50 0.0 km²). Routine monitoring. (Aweil North maps ~463,801 cattle in baseline.)"
2017-08-14,Aweil South,0.0,0.109,0,maturation,0.0,0.0,141256.8006910938,"No flood expected in Aweil South this week (q50 0.0 km²). Routine monitoring. (Aweil South maps ~141,257 cattle in baseline.)"
2017-08-14,Aweil West,0.0,0.119,0,maturation,0.0,0.0,318964.9515941321,"No flood expected in Aweil West this week (q50 0.0 km²). Routine monitoring. (Aweil West maps ~318,965 cattle in baseline.)"
2017-08-21,Aweil Centre,0.0,0.117,0,maturation,0.0,0.0,364961.8333817694,"No flood expected in Aweil Centre this week (q50 0.0 km²). Routine monitoring. (Aweil Centre maps ~364,962 cattle in baseline.)"
2017-08-21,Aweil East,0.0,0.134,0,maturation,0.0,0.0,505027.7802561831,"No flood expected in Aweil East this week (q50 0.0 km²). Routine monitoring. (Aweil East maps ~505,028 cattle in baseline.)"
2017-08-21,Aweil North,0.0,0.056,0,maturation,0.0,0.0,463800.5038861725,"No flood expected in Aweil North this week (q50 0.0 km²). Routine monitoring. (Aweil North maps ~463,801 cattle in baseline.)"
2017-08-21,Aweil South,0.0,0.057,0,maturation,0.0,0.0,141256.8006910938,"No flood expected in Aweil South this week (q50 0.0 km²). Routine monitoring. (Aweil South maps ~141,257 cattle in baseline.)"
2017-08-21,Aweil West,0.0,0.071,0,maturation,0.0,0.0,318964.9515941321,"No flood expected in Aweil West this week (q50 0.0 km²). Routine monitoring. (Aweil West maps ~318,965 cattle in baseline.)"
2017-08-28,Aweil Centre,0.0,0.174,0,maturation,0.0,0.0,364961.8333817694,"No flood expected in Aweil Centre this week (q50 0.0 km²). Routine monitoring. (Aweil Centre maps ~364,962 cattle in baseline.)"
2017-08-28,Aweil East,0.0,0.163,0,maturation,0.0,0.0,505027.7802561831,"No flood expected in Aweil East this week (q50 0.0 km²). Routine monitoring. (Aweil East maps ~505,028 cattle in baseline.)"
2017-08-28,Aweil North,0.0,0.092,0,maturation,0.0,0.0,463800.5038861725,"No flood expected in Aweil North this week (q50 0.0 km²). Routine monitoring. (Aweil North maps ~463,801 cattle in baseline.)"
2017-08-28,Aweil South,0.0,0.102,0,maturation,0.0,0.0,141256.8006910938,"No flood expected in Aweil South this week (q50 0.0 km²). Routine monitoring. (Aweil South maps ~141,257 cattle in baseline.)"
2017-08-28,Aweil West,0.0,0.114,0,maturation,0.0,0.0,318964.9515941321,"No flood expected in Aweil West this week (q50 0.0 km²). Routine monitoring. (Aweil West maps ~318,965 cattle in baseline.)"
2017-09-04,Aweil Centre,0.0,0.333,0,maturation / grain filling,0.0,0.0,364961.8333817694,"No flood expected in Aweil Centre this week (q50 0.0 km²). Routine monitoring. (Aweil Centre maps ~364,962 cattle in baseline.)"
2017-09-04,Aweil East,0.0,0.379,0,maturation / grain filling,0.0,0.0,505027.7802561831,"No flood expected in Aweil East this week (q50 0.0 km²). Routine monitoring. (Aweil East maps ~505,028 cattle in baseline.)"
2017-09-04,Aweil North,0.0,0.197,0,maturation / grain filling,0.0,0.0,463800.5038861725,"No flood expected in Aweil North this week (q50 0.0 km²). Routine monitoring. (Aweil North maps ~463,801 cattle in baseline.)"
2017-09-04,Aweil South,0.0,0.226,0,maturation / grain filling,0.0,0.0,141256.8006910938,"No flood expected in Aweil South this week (q50 0.0 km²). Routine monitoring. (Aweil South maps ~141,257 cattle in baseline.)"
2017-09-04,Aweil West,0.0,0.24,0,maturation / grain filling,0.0,0.0,318964.9515941321,"No flood expected in Aweil West this week (q50 0.0 km²). Routine monitoring. (Aweil West maps ~318,965 cattle in baseline.)"
2017-09-11,Aweil Centre,0.0,0.185,0,maturation / grain filling,0.0,0.0,364961.8333817694,"No flood expected in Aweil Centre this week (q50 0.0 km²). Routine monitoring. (Aweil Centre maps ~364,962 cattle in baseline.)"
2017-09-11,Aweil East,0.0,0.213,0,maturation / grain filling,0.0,0.0,505027.7802561831,"No flood expected in Aweil East this week (q50 0.0 km²). Routine monitoring. (Aweil East maps ~505,028 cattle in baseline.)"
2017-09-11,Aweil North,0.0,0.099,0,maturation / grain filling,0.0,0.0,463800.5038861725,"No flood expected in Aweil North this week (q50 0.0 km²). Routine monitoring. (Aweil North maps ~463,801 cattle in baseline.)"
2017-09-11,Aweil South,0.0,0.128,0,maturation / grain filling,0.0,0.0,141256.8006910938,"No flood expected in Aweil South this week (q50 0.0 km²). Routine monitoring. (Aweil South maps ~141,257 cattle in baseline.)"
2017-09-11,Aweil West,0.0,0.138,0,maturation / grain filling,0.0,0.0,318964.9515941321,"No flood expected in Aweil West this week (q50 0.0 km²). Routine monitoring. (Aweil West maps ~318,965 cattle in baseline.)"
2017-09-18,Aweil Centre,0.0,0.128,0,maturation / grain filling,0.0,0.0,364961.8333817694,"No flood expected in Aweil Centre this week (q50 0.0 km²). Routine monitoring. (Aweil Centre maps ~364,962 cattle in baseline.)"
2017-09-18,Aweil East,0.0,0.121,0,maturation / grain filling,0.0,0.0,505027.7802561831,"No flood expected in Aweil East this week (q50 0.0 km²). Routine monitoring. (Aweil East maps ~505,028 cattle in baseline.)"
2017-09-18,Aweil North,0.0,0.069,0,maturation / grain filling,0.0,0.0,463800.5038861725,"No flood expected in Aweil North this week (q50 0.0 km²). Routine monitoring. (Aweil North maps ~463,801 cattle in baseline.)"
2017-09-18,Aweil South,0.0,0.081,0,maturation / grain filling,0.0,0.0,141256.8006910938,"No flood expected in Aweil South this week (q50 0.0 km²). Routine monitoring. (Aweil South maps ~141,257 cattle in baseline.)"
2017-09-18,Aweil West,0.0,0.085,0,maturation / grain filling,0.0,0.0,318964.9515941321,"No flood expected in Aweil West this week (q50 0.0 km²). Routine monitoring. (Aweil West maps ~318,965 cattle in baseline.)"
2017-09-25,Aweil Centre,0.0,0.212,0,maturation / grain filling,0.0,0.0,364961.8333817694,"No flood expected in Aweil Centre this week (q50 0.0 km²). Routine monitoring. (Aweil Centre maps ~364,962 cattle in baseline.)"
2017-09-25,Aweil East,0.0,0.198,0,maturation / grain filling,0.0,0.0,505027.7802561831,"No flood expected in Aweil East this week (q50 0.0 km²). Routine monitoring. (Aweil East maps ~505,028 cattle in baseline.)"
2017-09-25,Aweil North,0.0,0.111,0,maturation / grain filling,0.0,0.0,463800.5038861725,"No flood expected in Aweil North this week (q50 0.0 km²). Routine monitoring. (Aweil North maps ~463,801 cattle in baseline.)"
2017-09-25,Aweil South,0.0,0.123,0,maturation / grain filling,0.0,0.0,141256.8006910938,"No flood expected in Aweil South this week (q50 0.0 km²). Routine monitoring. (Aweil South maps ~141,257 cattle in baseline.)"
2017-09-25,Aweil West,0.0,0.138,0,maturation / grain filling,0.0,0.0,318964.9515941321,"No flood expected in Aweil West this week (q50 0.0 km²). Routine monitoring. (Aweil West maps ~318,965 cattle in baseline.)"
2017-10-02,Aweil Centre,0.0,0.303,0,harvest,0.0,0.0,364961.8333817694,"No flood expected in Aweil Centre this week (q50 0.0 km²). Routine monitoring. (Aweil Centre maps ~364,962 cattle in baseline.)"
2017-10-02,Aweil East,0.64,0.803,0,harvest,7.1,81.9,505027.7802561831,"SEVERE flood expected in Aweil East this week: q50 0.6 km², above the 95th percentile of all October weeks since 2000. Approx. 7 ha of mapped crops in the Aweil East floodplain are at risk. Approx. 82 ha of rangeland at risk; plan early herd movement. (Aweil East maps ~505,028 cattle in baseline.)"
2017-10-02,Aweil North,0.0,0.185,0,harvest,0.0,0.0,463800.5038861725,"No flood expected in Aweil North this week (q50 0.0 km²). Routine monitoring. (Aweil North maps ~463,801 cattle in baseline.)"
2017-10-02,Aweil South,0.0,0.206,0,harvest,0.0,0.0,141256.8006910938,"No flood expected in Aweil South this week (q50 0.0 km²). Routine monitoring. (Aweil South maps ~141,257 cattle in baseline.)"
2017-10-02,Aweil West,0.0,0.218,0,harvest,0.0,0.0,318964.9515941321,"No flood expected in Aweil West this week (q50 0.0 km²). Routine monitoring. (Aweil West maps ~318,965 cattle in baseline.)"
2017-10-09,Aweil Centre,0.0,0.278,0,harvest,0.0,0.0,364961.8333817694,"No flood expected in Aweil Centre this week (q50 0.0 km²). Routine monitoring. (Aweil Centre maps ~364,962 cattle in baseline.)"
2017-10-09,Aweil East,0.64,0.881,0,harvest,7.1,81.9,505027.7802561831,"SEVERE flood expected in Aweil East this week: q50 0.6 km², above the 95th percentile of all October weeks since 2000. Approx. 7 ha of mapped crops in the Aweil East floodplain are at risk. Approx. 82 ha of rangeland at risk; plan early herd movement. (Aweil East maps ~505,028 cattle in baseline.)"
2017-10-09,Aweil North,0.0,0.15,0,harvest,0.0,0.0,463800.5038861725,"No flood expected in Aweil North this week (q50 0.0 km²). Routine monitoring. (Aweil North maps ~463,801 cattle in baseline.)"
2017-10-09,Aweil South,0.0,0.167,0,harvest,0.0,0.0,141256.8006910938,"No flood expected in Aweil South this week (q50 0.0 km²). Routine monitoring. (Aweil South maps ~141,257 cattle in baseline.)"
2017-10-09,Aweil West,0.0,0.174,0,harvest,0.0,0.0,318964.9515941321,"No flood expected in Aweil West this week (q50 0.0 km²). Routine monitoring. (Aweil West maps ~318,965 cattle in baseline.)"
2017-10-16,Aweil Centre,0.0,0.24,0,harvest,0.0,0.0,364961.8333817694,"No flood expected in Aweil Centre this week (q50 0.0 km²). Routine monitoring. (Aweil Centre maps ~364,962 cattle in baseline.)"
2017-10-16,Aweil East,0.05,0.514,0,harvest,0.6,6.7,505027.7802561831,"SEVERE flood expected in Aweil East this week: q50 0.1 km², above the 95th percentile of all October weeks since 2000. Approx. 7 ha of rangeland at risk; plan early herd movement. (Aweil East maps ~505,028 cattle in baseline.)"
2017-10-16,Aweil North,0.0,0.119,0,harvest,0.0,0.0,463800.5038861725,"No flood expected in Aweil North this week (q50 0.0 km²). Routine monitoring. (Aweil North maps ~463,801 cattle in baseline.)"
2017-10-16,Aweil South,0.0,0.142,0,harvest,0.0,0.0,141256.8006910938,"No flood expected in Aweil South this week (q50 0.0 km²). Routine monitoring. (Aweil South maps ~141,257 cattle in baseline.)"
2017-10-16,Aweil West,0.0,0.138,0,harvest,0.0,0.0,318964.9515941321,"No flood expected in Aweil West this week (q50 0.0 km²). Routine monitoring. (Aweil West maps ~318,965 cattle in baseline.)"
2017-10-23,Aweil Centre,0.05,0.662,0,harvest,0.0,2.3,364961.8333817694,"SEVERE flood expected in Aweil Centre this week: q50 0.1 km², above the 95th percentile of all October weeks since 2000. Approx. 2 ha of rangeland at risk; plan early herd movement. (Aweil Centre maps ~364,962 cattle in baseline.)"
2017-10-23,Aweil East,1.61,0.875,0,harvest,18.0,206.8,505027.7802561831,"SEVERE flood expected in Aweil East this week: q50 1.6 km², above the 95th percentile of all October weeks since 2000. Approx. 18 ha of mapped crops in the Aweil East floodplain are at risk. Approx. 207 ha of rangeland at risk; plan early herd movement. (Aweil East maps ~505,028 cattle in baseline.)"
2017-10-23,Aweil North,0.0,0.107,0,harvest,0.0,0.0,463800.5038861725,"No flood expected in Aweil North this week (q50 0.0 km²). Routine monitoring. (Aweil North maps ~463,801 cattle in baseline.)"
2017-10-23,Aweil South,0.05,0.718,0,harvest,1.2,18.2,141256.8006910938,"SEVERE flood expected in Aweil South this week: q50 0.1 km², above the 95th percentile of all October weeks since 2000. Approx. 1 ha of mapped crops in the Aweil South floodplain are at risk. Approx. 18 ha of rangeland at risk; plan early herd movement. (Aweil South maps ~141,257 cattle in baseline.)"
2017-10-23,Aweil West,0.0,0.126,0,harvest,0.0,0.0,318964.9515941321,"No flood expected in Aweil West this week (q50 0.0 km²). Routine monitoring. (Aweil West maps ~318,965 cattle in baseline.)"
2017-10-30,Aweil Centre,0.04,0.457,0,harvest,0.0,1.8,364961.8333817694,"No flood expected in Aweil Centre this week (q50 0.0 km²). Routine monitoring. Approx. 2 ha of rangeland at risk; plan early herd movement. (Aweil Centre maps ~364,962 cattle in baseline.)"
2017-10-30,Aweil East,0.05,0.321,0,harvest,0.5,5.9,505027.7802561831,"No flood expected in Aweil East this week (q50 0.0 km²). Routine monitoring. Approx. 6 ha of rangeland at risk; plan early herd movement. (Aweil East maps ~505,028 cattle in baseline.)"
2017-10-30,Aweil North,0.0,0.054,0,harvest,0.0,0.0,463800.5038861725,"No flood expected in Aweil North this week (q50 0.0 km²). Routine monitoring. (Aweil North maps ~463,801 cattle in baseline.)"
2017-10-30,Aweil South,0.64,0.787,0,harvest,14.1,223.7,141256.8006910938,"SEVERE flood expected in Aweil South this week: q50 0.6 km², above the 95th percentile of all October weeks since 2000. Approx. 14 ha of mapped crops in the Aweil South floodplain are at risk. Approx. 224 ha of rangeland at risk; plan early herd movement. (Aweil South maps ~141,257 cattle in baseline.)"
2017-10-30,Aweil West,0.05,0.422,0,harvest,0.5,24.0,318964.9515941321,"No flood expected in Aweil West this week (q50 0.1 km²). Routine monitoring. Approx. 24 ha of rangeland at risk; plan early herd movement. (Aweil West maps ~318,965 cattle in baseline.)"
2017-11-06,Aweil Centre,0.0,0.488,0,harvest / drying,0.0,0.0,364961.8333817694,"No flood expected in Aweil Centre this week (q50 0.0 km²). Routine monitoring. (Aweil Centre maps ~364,962 cattle in baseline.)"
2017-11-06,Aweil East,0.64,0.751,0,harvest / drying,10.8,141.7,505027.7802561831,"SEVERE flood expected in Aweil East this week: q50 0.6 km², above the 95th percentile of all November weeks since 2000. Approx. 11 ha of mapped crops in the Aweil East floodplain are at risk. Approx. 142 ha of rangeland at risk; plan early herd movement. (Aweil East maps ~505,028 cattle in baseline.)"
2017-11-06,Aweil North,0.0,0.046,0,harvest / drying,0.0,0.0,463800.5038861725,"No flood expected in Aweil North this week (q50 0.0 km²). Routine monitoring. (Aweil North maps ~463,801 cattle in baseline.)"
2017-11-06,Aweil South,1.61,0.89,0,harvest / drying,27.8,445.0,141256.8006910938,"SEVERE flood expected in Aweil South this week: q50 1.6 km², above the 95th percentile of all November weeks since 2000. Approx. 28 ha of mapped crops in the Aweil South floodplain are at risk. Approx. 445 ha of rangeland at risk; plan early herd movement. (Aweil South maps ~141,257 cattle in baseline.)"
2017-11-06,Aweil West,0.05,0.133,0,harvest / drying,2.3,100.3,318964.9515941321,"No flood expected in Aweil West this week (q50 0.1 km²). Routine monitoring. Approx. 2 ha of mapped crops in the Aweil West floodplain are at risk. Approx. 100 ha of rangeland at risk; plan early herd movement. (Aweil West maps ~318,965 cattle in baseline.)"
2017-11-13,Aweil Centre,0.01,0.565,0,harvest / drying,0.0,1.4,364961.8333817694,"SEVERE flood expected in Aweil Centre this week: q50 0.0 km², above the 95th percentile of all November weeks since 2000. Approx. 1 ha of rangeland at risk; plan early herd movement. (Aweil Centre maps ~364,962 cattle in baseline.)"
2017-11-13,Aweil East,0.64,0.856,0,harvest / drying,10.8,141.7,505027.7802561831,"SEVERE flood expected in Aweil East this week: q50 0.6 km², above the 95th percentile of all November weeks since 2000. Approx. 11 ha of mapped crops in the Aweil East floodplain are at risk. Approx. 142 ha of rangeland at risk; plan early herd movement. (Aweil East maps ~505,028 cattle in baseline.)"
2017-11-13,Aweil North,0.0,0.045,0,harvest / drying,0.0,0.0,463800.5038861725,"No flood expected in Aweil North this week (q50 0.0 km²). Routine monitoring. (Aweil North maps ~463,801 cattle in baseline.)"
2017-11-13,Aweil South,1.61,0.917,0,harvest / drying,27.8,445.0,141256.8006910938,"SEVERE flood expected in Aweil South this week: q50 1.6 km², above the 95th percentile of all November weeks since 2000. Approx. 28 ha of mapped crops in the Aweil South floodplain are at risk. Approx. 445 ha of rangeland at risk; plan early herd movement. (Aweil South maps ~141,257 cattle in baseline.)"
2017-11-13,Aweil West,0.0,0.119,0,harvest / drying,0.0,0.0,318964.9515941321,"No flood expected in Aweil West this week (q50 0.0 km²). Routine monitoring. (Aweil West maps ~318,965 cattle in baseline.)"
2017-11-20,Aweil Centre,0.0,0.315,0,harvest / drying,0.0,0.0,364961.8333817694,"No flood expected in Aweil Centre this week (q50 0.0 km²). Routine monitoring. (Aweil Centre maps ~364,962 cattle in baseline.)"
2017-11-20,Aweil East,0.0,0.574,0,harvest / drying,0.0,0.0,505027.7802561831,"SEVERE flood expected in Aweil East this week: q50 0.0 km², above the 95th percentile of all November weeks since 2000. (Aweil East maps ~505,028 cattle in baseline.)"
2017-11-20,Aweil North,0.0,0.215,0,harvest / drying,0.0,0.0,463800.5038861725,"No flood expected in Aweil North this week (q50 0.0 km²). Routine monitoring. (Aweil North maps ~463,801 cattle in baseline.)"
2017-11-20,Aweil South,1.61,0.918,0,harvest / drying,27.8,445.0,141256.8006910938,"SEVERE flood expected in Aweil South this week: q50 1.6 km², above the 95th percentile of all November weeks since 2000. Approx. 28 ha of mapped crops in the Aweil South floodplain are at risk. Approx. 445 ha of rangeland at risk; plan early herd movement. (Aweil South maps ~141,257 cattle in baseline.)"
2017-11-20,Aweil West,0.0,0.08,0,harvest / drying,0.0,0.0,318964.9515941321,"No flood expected in Aweil West this week (q50 0.0 km²). Routine monitoring. (Aweil West maps ~318,965 cattle in baseline.)"
2017-11-27,Aweil Centre,0.0,0.301,0,harvest / drying,0.0,0.0,364961.8333817694,"No flood expected in Aweil Centre this week (q50 0.0 km²). Routine monitoring. (Aweil Centre maps ~364,962 cattle in baseline.)"
2017-11-27,Aweil East,0.05,0.707,0,harvest / drying,0.9,11.6,505027.7802561831,"SEVERE flood expected in Aweil East this week: q50 0.1 km², above the 95th percentile of all November weeks since 2000. Approx. 12 ha of rangeland at risk; plan early herd movement. (Aweil East maps ~505,028 cattle in baseline.)"
2017-11-27,Aweil North,0.0,0.068,0,harvest / drying,0.0,0.0,463800.5038861725,"No flood expected in Aweil North this week (q50 0.0 km²). Routine monitoring. (Aweil North maps ~463,801 cattle in baseline.)"
2017-11-27,Aweil South,1.61,0.887,0,harvest / drying,27.8,445.0,141256.8006910938,"SEVERE flood expected in Aweil South this week: q50 1.6 km², above the 95th percentile of all November weeks since 2000. Approx. 28 ha of mapped crops in the Aweil South floodplain are at risk. Approx. 445 ha of rangeland at risk; plan early herd movement. (Aweil South maps ~141,257 cattle in baseline.)"
2017-11-27,Aweil West,0.0,0.069,0,harvest / drying,0.0,0.0,318964.9515941321,"No flood expected in Aweil West this week (q50 0.0 km²). Routine monitoring. (Aweil West maps ~318,965 cattle in baseline.)"
2017-12-04,Aweil Centre,0.0,0.118,0,dry season,0.0,0.0,364961.8333817694,"No flood expected in Aweil Centre this week (q50 0.0 km²). Routine monitoring. (Aweil Centre maps ~364,962 cattle in baseline.)"
2017-12-04,Aweil East,0.05,0.738,0,dry season,7.7,155.7,505027.7802561831,"SEVERE flood expected in Aweil East this week: q50 0.1 km², above the 95th percentile of all December weeks since 2000. Approx. 8 ha of mapped crops in the Aweil East floodplain are at risk. Approx. 156 ha of rangeland at risk; plan early herd movement. (Aweil East maps ~505,028 cattle in baseline.)"
2017-12-04,Aweil North,0.0,0.058,0,dry season,0.0,0.0,463800.5038861725,"No flood expected in Aweil North this week (q50 0.0 km²). Routine monitoring. (Aweil North maps ~463,801 cattle in baseline.)"
2017-12-04,Aweil South,0.64,0.859,0,dry season,30.8,617.2,141256.8006910938,"SEVERE flood expected in Aweil South this week: q50 0.6 km², above the 95th percentile of all December weeks since 2000. Approx. 31 ha of mapped crops in the Aweil South floodplain are at risk. Approx. 617 ha of rangeland at risk; plan early herd movement. (Aweil South maps ~141,257 cattle in baseline.)"
2017-12-04,Aweil West,0.0,0.046,0,dry season,0.0,0.0,318964.9515941321,"No flood expected in Aweil West this week (q50 0.0 km²). Routine monitoring. (Aweil West maps ~318,965 cattle in baseline.)"
2017-12-11,Aweil Centre,0.0,0.088,0,dry season,0.0,0.0,364961.8333817694,"No flood expected in Aweil Centre this week (q50 0.0 km²). Routine monitoring. (Aweil Centre maps ~364,962 cattle in baseline.)"
2017-12-11,Aweil East,0.64,0.821,0,dry season,94.1,1909.5,505027.7802561831,"SEVERE flood expected in Aweil East this week: q50 0.6 km², above the 95th percentile of all December weeks since 2000. Approx. 94 ha of mapped crops in the Aweil East floodplain are at risk. Approx. 1,909 ha of rangeland at risk; plan early herd movement. (Aweil East maps ~505,028 cattle in baseline.)"
2017-12-11,Aweil North,0.0,0.051,0,dry season,0.0,0.0,463800.5038861725,"No flood expected in Aweil North this week (q50 0.0 km²). Routine monitoring. (Aweil North maps ~463,801 cattle in baseline.)"
2017-12-11,Aweil South,0.64,0.883,0,dry season,30.8,617.2,141256.8006910938,"SEVERE flood expected in Aweil South this week: q50 0.6 km², above the 95th percentile of all December weeks since 2000. Approx. 31 ha of mapped crops in the Aweil South floodplain are at risk. Approx. 617 ha of rangeland at risk; plan early herd movement. (Aweil South maps ~141,257 cattle in baseline.)"
2017-12-11,Aweil West,0.0,0.049,0,dry season,0.0,0.0,318964.9515941321,"No flood expected in Aweil West this week (q50 0.0 km²). Routine monitoring. (Aweil West maps ~318,965 cattle in baseline.)"
2017-12-18,Aweil Centre,0.0,0.058,0,dry season,0.0,0.0,364961.8333817694,"No flood expected in Aweil Centre this week (q50 0.0 km²). Routine monitoring. (Aweil Centre maps ~364,962 cattle in baseline.)"
2017-12-18,Aweil East,0.0,0.309,0,dry season,0.0,0.0,505027.7802561831,"No flood expected in Aweil East this week (q50 0.0 km²). Routine monitoring. (Aweil East maps ~505,028 cattle in baseline.)"
2017-12-18,Aweil North,0.0,0.046,0,dry season,0.0,0.0,463800.5038861725,"No flood expected in Aweil North this week (q50 0.0 km²). Routine monitoring. (Aweil North maps ~463,801 cattle in baseline.)"
2017-12-18,Aweil South,0.01,0.514,0,dry season,0.4,8.7,141256.8006910938,"SEVERE flood expected in Aweil South this week: q50 0.0 km², above the 95th percentile of all December weeks since 2000. Approx. 9 ha of rangeland at risk; plan early herd movement. (Aweil South maps ~141,257 cattle in baseline.)"
2017-12-18,Aweil West,0.0,0.049,0,dry season,0.0,0.0,318964.9515941321,"No flood expected in Aweil West this week (q50 0.0 km²). Routine monitoring. (Aweil West maps ~318,965 cattle in baseline.)"
2017-12-25,Aweil Centre,0.0,0.335,0,dry season,0.0,0.0,364961.8333817694,"No flood expected in Aweil Centre this week (q50 0.0 km²). Routine monitoring. (Aweil Centre maps ~364,962 cattle in baseline.)"
2017-12-25,Aweil East,0.01,0.389,0,dry season,1.3,26.9,505027.7802561831,"No flood expected in Aweil East this week (q50 0.0 km²). Routine monitoring. Approx. 1 ha of mapped crops in the Aweil East floodplain are at risk. Approx. 27 ha of rangeland at risk; plan early herd movement. (Aweil East maps ~505,028 cattle in baseline.)"
2017-12-25,Aweil North,0.0,0.07,0,dry season,0.0,0.0,463800.5038861725,"No flood expected in Aweil North this week (q50 0.0 km²). Routine monitoring. (Aweil North maps ~463,801 cattle in baseline.)"
2017-12-25,Aweil South,0.05,0.596,0,dry season,2.5,50.3,141256.8006910938,"SEVERE flood expected in Aweil South this week: q50 0.1 km², above the 95th percentile of all December weeks since 2000. Approx. 3 ha of mapped crops in the Aweil South floodplain are at risk. Approx. 50 ha of rangeland at risk; plan early herd movement. (Aweil South maps ~141,257 cattle in baseline.)"
2017-12-25,Aweil West,0.0,0.079,0,dry season,0.0,0.0,318964.9515941321,"No flood expected in Aweil West this week (q50 0.0 km²). Routine monitoring. (Aweil West maps ~318,965 cattle in baseline.)"
2022-01-10,Aweil Centre,0.0,0.073,0,dry season (late phase),0.0,0.0,364961.8333817694,"No flood expected in Aweil Centre this week (q50 0.0 km²). Routine monitoring. (Aweil Centre maps ~364,962 cattle in baseline.)"
2022-01-10,Aweil East,0.0,0.198,0,dry season (late phase),0.0,0.0,505027.7802561831,"No flood expected in Aweil East this week (q50 0.0 km²). Routine monitoring. (Aweil East maps ~505,028 cattle in baseline.)"
2022-01-10,Aweil North,0.0,0.051,0,dry season (late phase),0.0,0.0,463800.5038861725,"No flood expected in Aweil North this week (q50 0.0 km²). Routine monitoring. (Aweil North maps ~463,801 cattle in baseline.)"
2022-01-10,Aweil South,0.0,0.064,0,dry season (late phase),0.0,0.0,141256.8006910938,"No flood expected in Aweil South this week (q50 0.0 km²). Routine monitoring. (Aweil South maps ~141,257 cattle in baseline.)"
2022-01-10,Aweil West,0.0,0.049,0,dry season (late phase),0.0,0.0,318964.9515941321,"No flood expected in Aweil West this week (q50 0.0 km²). Routine monitoring. (Aweil West maps ~318,965 cattle in baseline.)"
2022-01-17,Aweil Centre,0.0,0.058,0,dry season (late phase),0.0,0.0,364961.8333817694,"No flood expected in Aweil Centre this week (q50 0.0 km²). Routine monitoring. (Aweil Centre maps ~364,962 cattle in baseline.)"
2022-01-17,Aweil East,0.0,0.066,0,dry season (late phase),0.0,0.0,505027.7802561831,"No flood expected in Aweil East this week (q50 0.0 km²). Routine monitoring. (Aweil East maps ~505,028 cattle in baseline.)"
2022-01-17,Aweil North,0.0,0.042,0,dry season (late phase),0.0,0.0,463800.5038861725,"No flood expected in Aweil North this week (q50 0.0 km²). Routine monitoring. (Aweil North maps ~463,801 cattle in baseline.)"
2022-01-17,Aweil South,0.0,0.041,0,dry season (late phase),0.0,0.0,141256.8006910938,"No flood expected in Aweil South this week (q50 0.0 km²). Routine monitoring. (Aweil South maps ~141,257 cattle in baseline.)"
2022-01-17,Aweil West,0.0,0.037,0,dry season (late phase),0.0,0.0,318964.9515941321,"No flood expected in Aweil West this week (q50 0.0 km²). Routine monitoring. (Aweil West maps ~318,965 cattle in baseline.)"
2022-01-24,Aweil Centre,0.0,0.061,0,dry season (late phase),0.0,0.0,364961.8333817694,"No flood expected in Aweil Centre this week (q50 0.0 km²). Routine monitoring. (Aweil Centre maps ~364,962 cattle in baseline.)"
2022-01-24,Aweil East,0.0,0.053,0,dry season (late phase),0.0,0.0,505027.7802561831,"No flood expected in Aweil East this week (q50 0.0 km²). Routine monitoring. (Aweil East maps ~505,028 cattle in baseline.)"
2022-01-24,Aweil North,0.0,0.044,0,dry season (late phase),0.0,0.0,463800.5038861725,"No flood expected in Aweil North this week (q50 0.0 km²). Routine monitoring. (Aweil North maps ~463,801 cattle in baseline.)"
2022-01-24,Aweil South,0.0,0.046,0,dry season (late phase),0.0,0.0,141256.8006910938,"No flood expected in Aweil South this week (q50 0.0 km²). Routine monitoring. (Aweil South maps ~141,257 cattle in baseline.)"
2022-01-24,Aweil West,0.0,0.044,0,dry season (late phase),0.0,0.0,318964.9515941321,"No flood expected in Aweil West this week (q50 0.0 km²). Routine monitoring. (Aweil West maps ~318,965 cattle in baseline.)"
2022-01-31,Aweil Centre,0.01,0.137,0,dry season (late phase),0.0,72.6,364961.8333817694,"No flood expected in Aweil Centre this week (q50 0.0 km²). Routine monitoring. Approx. 73 ha of rangeland at risk; plan early herd movement. (Aweil Centre maps ~364,962 cattle in baseline.)"
2022-01-31,Aweil East,0.0,0.048,0,dry season (late phase),0.0,0.0,505027.7802561831,"No flood expected in Aweil East this week (q50 0.0 km²). Routine monitoring. (Aweil East maps ~505,028 cattle in baseline.)"
2022-01-31,Aweil North,0.0,0.042,0,dry season (late phase),0.0,0.0,463800.5038861725,"No flood expected in Aweil North this week (q50 0.0 km²). Routine monitoring. (Aweil North maps ~463,801 cattle in baseline.)"
2022-01-31,Aweil South,0.0,0.044,0,dry season (late phase),0.0,0.0,141256.8006910938,"No flood expected in Aweil South this week (q50 0.0 km²). Routine monitoring. (Aweil South maps ~141,257 cattle in baseline.)"
2022-01-31,Aweil West,0.0,0.038,0,dry season (late phase),0.0,0.0,318964.9515941321,"No flood expected in Aweil West this week (q50 0.0 km²). Routine monitoring. (Aweil West maps ~318,965 cattle in baseline.)"
2022-02-07,Aweil Centre,0.0,0.06,0,dry season,0.0,0.0,364961.8333817694,"No flood expected in Aweil Centre this week (q50 0.0 km²). Routine monitoring. (Aweil Centre maps ~364,962 cattle in baseline.)"
2022-02-07,Aweil East,0.0,0.045,0,dry season,0.0,0.0,505027.7802561831,"No flood expected in Aweil East this week (q50 0.0 km²). Routine monitoring. (Aweil East maps ~505,028 cattle in baseline.)"
2022-02-07,Aweil North,0.0,0.043,0,dry season,0.0,0.0,463800.5038861725,"No flood expected in Aweil North this week (q50 0.0 km²). Routine monitoring. (Aweil North maps ~463,801 cattle in baseline.)"
2022-02-07,Aweil South,0.0,0.046,0,dry season,0.0,0.0,141256.8006910938,"No flood expected in Aweil South this week (q50 0.0 km²). Routine monitoring. (Aweil South maps ~141,257 cattle in baseline.)"
2022-02-07,Aweil West,0.0,0.042,0,dry season,0.0,0.0,318964.9515941321,"No flood expected in Aweil West this week (q50 0.0 km²). Routine monitoring. (Aweil West maps ~318,965 cattle in baseline.)"
2022-02-14,Aweil Centre,0.0,0.057,0,dry season,0.0,0.0,364961.8333817694,"No flood expected in Aweil Centre this week (q50 0.0 km²). Routine monitoring. (Aweil Centre maps ~364,962 cattle in baseline.)"
2022-02-14,Aweil East,0.0,0.049,0,dry season,0.0,0.0,505027.7802561831,"No flood expected in Aweil East this week (q50 0.0 km²). Routine monitoring. (Aweil East maps ~505,028 cattle in baseline.)"
2022-02-14,Aweil North,0.0,0.045,0,dry season,0.0,0.0,463800.5038861725,"No flood expected in Aweil North this week (q50 0.0 km²). Routine monitoring. (Aweil North maps ~463,801 cattle in baseline.)"
2022-02-14,Aweil South,0.0,0.047,0,dry season,0.0,0.0,141256.8006910938,"No flood expected in Aweil South this week (q50 0.0 km²). Routine monitoring. (Aweil South maps ~141,257 cattle in baseline.)"
2022-02-14,Aweil West,0.0,0.044,0,dry season,0.0,0.0,318964.9515941321,"No flood expected in Aweil West this week (q50 0.0 km²). Routine monitoring. (Aweil West maps ~318,965 cattle in baseline.)"
2022-02-21,Aweil Centre,0.0,0.046,0,dry season,0.0,0.0,364961.8333817694,"No flood expected in Aweil Centre this week (q50 0.0 km²). Routine monitoring. (Aweil Centre maps ~364,962 cattle in baseline.)"
2022-02-21,Aweil East,0.0,0.045,0,dry season,0.0,0.0,505027.7802561831,"No flood expected in Aweil East this week (q50 0.0 km²). Routine monitoring. (Aweil East maps ~505,028 cattle in baseline.)"
2022-02-21,Aweil North,0.0,0.043,0,dry season,0.0,0.0,463800.5038861725,"No flood expected in Aweil North this week (q50 0.0 km²). Routine monitoring. (Aweil North maps ~463,801 cattle in baseline.)"
2022-02-21,Aweil South,0.0,0.045,0,dry season,0.0,0.0,141256.8006910938,"No flood expected in Aweil South this week (q50 0.0 km²). Routine monitoring. (Aweil South maps ~141,257 cattle in baseline.)"
2022-02-21,Aweil West,0.0,0.042,0,dry season,0.0,0.0,318964.9515941321,"No flood expected in Aweil West this week (q50 0.0 km²). Routine monitoring. (Aweil West maps ~318,965 cattle in baseline.)"
2022-02-28,Aweil Centre,0.0,0.047,0,dry season,0.0,0.0,364961.8333817694,"No flood expected in Aweil Centre this week (q50 0.0 km²). Routine monitoring. (Aweil Centre maps ~364,962 cattle in baseline.)"
2022-02-28,Aweil East,0.0,0.048,0,dry season,0.0,0.0,505027.7802561831,"No flood expected in Aweil East this week (q50 0.0 km²). Routine monitoring. (Aweil East maps ~505,028 cattle in baseline.)"
2022-02-28,Aweil North,0.0,0.043,0,dry season,0.0,0.0,463800.5038861725,"No flood expected in Aweil North this week (q50 0.0 km²). Routine monitoring. (Aweil North maps ~463,801 cattle in baseline.)"
2022-02-28,Aweil South,0.0,0.046,0,dry season,0.0,0.0,141256.8006910938,"No flood expected in Aweil South this week (q50 0.0 km²). Routine monitoring. (Aweil South maps ~141,257 cattle in baseline.)"
2022-02-28,Aweil West,0.0,0.04,0,dry season,0.0,0.0,318964.9515941321,"No flood expected in Aweil West this week (q50 0.0 km²). Routine monitoring. (Aweil West maps ~318,965 cattle in baseline.)"
2022-03-07,Aweil Centre,0.0,0.042,0,early season (sowing),0.0,0.0,364961.8333817694,"No flood expected in Aweil Centre this week (q50 0.0 km²). Routine monitoring. (Aweil Centre maps ~364,962 cattle in baseline.)"
2022-03-07,Aweil East,0.0,0.044,0,early season (sowing),0.0,0.0,505027.7802561831,"No flood expected in Aweil East this week (q50 0.0 km²). Routine monitoring. (Aweil East maps ~505,028 cattle in baseline.)"
2022-03-07,Aweil North,0.0,0.04,0,early season (sowing),0.0,0.0,463800.5038861725,"No flood expected in Aweil North this week (q50 0.0 km²). Routine monitoring. (Aweil North maps ~463,801 cattle in baseline.)"
2022-03-07,Aweil South,0.0,0.042,0,early season (sowing),0.0,0.0,141256.8006910938,"No flood expected in Aweil South this week (q50 0.0 km²). Routine monitoring. (Aweil South maps ~141,257 cattle in baseline.)"
2022-03-07,Aweil West,0.0,0.04,0,early season (sowing),0.0,0.0,318964.9515941321,"No flood expected in Aweil West this week (q50 0.0 km²). Routine monitoring. (Aweil West maps ~318,965 cattle in baseline.)"
2022-03-14,Aweil Centre,0.0,0.05,0,early season (sowing),0.0,0.0,364961.8333817694,"No flood expected in Aweil Centre this week (q50 0.0 km²). Routine monitoring. (Aweil Centre maps ~364,962 cattle in baseline.)"
2022-03-14,Aweil East,0.0,0.05,0,early season (sowing),0.0,0.0,505027.7802561831,"No flood expected in Aweil East this week (q50 0.0 km²). Routine monitoring. (Aweil East maps ~505,028 cattle in baseline.)"
2022-03-14,Aweil North,0.0,0.048,0,early season (sowing),0.0,0.0,463800.5038861725,"No flood expected in Aweil North this week (q50 0.0 km²). Routine monitoring. (Aweil North maps ~463,801 cattle in baseline.)"
2022-03-14,Aweil South,0.0,0.051,0,early season (sowing),0.0,0.0,141256.8006910938,"No flood expected in Aweil South this week (q50 0.0 km²). Routine monitoring. (Aweil South maps ~141,257 cattle in baseline.)"
2022-03-14,Aweil West,0.0,0.048,0,early season (sowing),0.0,0.0,318964.9515941321,"No flood expected in Aweil West this week (q50 0.0 km²). Routine monitoring. (Aweil West maps ~318,965 cattle in baseline.)"
2022-03-21,Aweil Centre,0.0,0.056,0,early season (sowing),0.0,0.0,364961.8333817694,"No flood expected in Aweil Centre this week (q50 0.0 km²). Routine monitoring. (Aweil Centre maps ~364,962 cattle in baseline.)"
2022-03-21,Aweil East,0.0,0.059,0,early season (sowing),0.0,0.0,505027.7802561831,"No flood expected in Aweil East this week (q50 0.0 km²). Routine monitoring. (Aweil East maps ~505,028 cattle in baseline.)"
2022-03-21,Aweil North,0.0,0.051,0,early season (sowing),0.0,0.0,463800.5038861725,"No flood expected in Aweil North this week (q50 0.0 km²). Routine monitoring. (Aweil North maps ~463,801 cattle in baseline.)"
2022-03-21,Aweil South,0.0,0.053,0,early season (sowing),0.0,0.0,141256.8006910938,"No flood expected in Aweil South this week (q50 0.0 km²). Routine monitoring. (Aweil South maps ~141,257 cattle in baseline.)"
2022-03-21,Aweil West,0.0,0.054,0,early season (sowing),0.0,0.0,318964.9515941321,"No flood expected in Aweil West this week (q50 0.0 km²). Routine monitoring. (Aweil West maps ~318,965 cattle in baseline.)"
2022-03-28,Aweil Centre,0.0,0.049,0,early season (sowing),0.0,0.0,364961.8333817694,"No flood expected in Aweil Centre this week (q50 0.0 km²). Routine monitoring. (Aweil Centre maps ~364,962 cattle in baseline.)"
2022-03-28,Aweil East,0.0,0.056,0,early season (sowing),0.0,0.0,505027.7802561831,"No flood expected in Aweil East this week (q50 0.0 km²). Routine monitoring. (Aweil East maps ~505,028 cattle in baseline.)"
2022-03-28,Aweil North,0.0,0.05,0,early season (sowing),0.0,0.0,463800.5038861725,"No flood expected in Aweil North this week (q50 0.0 km²). Routine monitoring. (Aweil North maps ~463,801 cattle in baseline.)"
2022-03-28,Aweil South,0.0,0.051,0,early season (sowing),0.0,0.0,141256.8006910938,"No flood expected in Aweil South this week (q50 0.0 km²). Routine monitoring. (Aweil South maps ~141,257 cattle in baseline.)"
2022-03-28,Aweil West,0.0,0.05,0,early season (sowing),0.0,0.0,318964.9515941321,"No flood expected in Aweil West this week (q50 0.0 km²). Routine monitoring. (Aweil West maps ~318,965 cattle in baseline.)"
2022-04-04,Aweil Centre,0.0,0.046,0,crop establishment,0.0,0.0,364961.8333817694,"No flood expected in Aweil Centre this week (q50 0.0 km²). Routine monitoring. (Aweil Centre maps ~364,962 cattle in baseline.)"
2022-04-04,Aweil East,0.0,0.05,0,crop establishment,0.0,0.0,505027.7802561831,"No flood expected in Aweil East this week (q50 0.0 km²). Routine monitoring. (Aweil East maps ~505,028 cattle in baseline.)"
2022-04-04,Aweil North,0.0,0.044,0,crop establishment,0.0,0.0,463800.5038861725,"No flood expected in Aweil North this week (q50 0.0 km²). Routine monitoring. (Aweil North maps ~463,801 cattle in baseline.)"
2022-04-04,Aweil South,0.0,0.047,0,crop establishment,0.0,0.0,141256.8006910938,"No flood expected in Aweil South this week (q50 0.0 km²). Routine monitoring. (Aweil South maps ~141,257 cattle in baseline.)"
2022-04-04,Aweil West,0.0,0.048,0,crop establishment,0.0,0.0,318964.9515941321,"No flood expected in Aweil West this week (q50 0.0 km²). Routine monitoring. (Aweil West maps ~318,965 cattle in baseline.)"
2022-04-11,Aweil Centre,0.0,0.03,0,crop establishment,0.0,0.0,364961.8333817694,"No flood expected in Aweil Centre this week (q50 0.0 km²). Routine monitoring. (Aweil Centre maps ~364,962 cattle in baseline.)"
2022-04-11,Aweil East,0.0,0.035,0,crop establishment,0.0,0.0,505027.7802561831,"No flood expected in Aweil East this week (q50 0.0 km²). Routine monitoring. (Aweil East maps ~505,028 cattle in baseline.)"
2022-04-11,Aweil North,0.0,0.029,0,crop establishment,0.0,0.0,463800.5038861725,"No flood expected in Aweil North this week (q50 0.0 km²). Routine monitoring. (Aweil North maps ~463,801 cattle in baseline.)"
2022-04-11,Aweil South,0.0,0.031,0,crop establishment,0.0,0.0,141256.8006910938,"No flood expected in Aweil South this week (q50 0.0 km²). Routine monitoring. (Aweil South maps ~141,257 cattle in baseline.)"
2022-04-11,Aweil West,0.0,0.03,0,crop establishment,0.0,0.0,318964.9515941321,"No flood expected in Aweil West this week (q50 0.0 km²). Routine monitoring. (Aweil West maps ~318,965 cattle in baseline.)"
2022-04-18,Aweil Centre,0.0,0.046,0,crop establishment,0.0,0.0,364961.8333817694,"No flood expected in Aweil Centre this week (q50 0.0 km²). Routine monitoring. (Aweil Centre maps ~364,962 cattle in baseline.)"
2022-04-18,Aweil East,0.0,0.06,0,crop establishment,0.0,0.0,505027.7802561831,"No flood expected in Aweil East this week (q50 0.0 km²). Routine monitoring. (Aweil East maps ~505,028 cattle in baseline.)"
2022-04-18,Aweil North,0.0,0.044,0,crop establishment,0.0,0.0,463800.5038861725,"No flood expected in Aweil North this week (q50 0.0 km²). Routine monitoring. (Aweil North maps ~463,801 cattle in baseline.)"
2022-04-18,Aweil South,0.0,0.047,0,crop establishment,0.0,0.0,141256.8006910938,"No flood expected in Aweil South this week (q50 0.0 km²). Routine monitoring. (Aweil South maps ~141,257 cattle in baseline.)"
2022-04-18,Aweil West,0.0,0.046,0,crop establishment,0.0,0.0,318964.9515941321,"No flood expected in Aweil West this week (q50 0.0 km²). Routine monitoring. (Aweil West maps ~318,965 cattle in baseline.)"
2022-04-25,Aweil Centre,0.0,0.032,0,crop establishment,0.0,0.0,364961.8333817694,"No flood expected in Aweil Centre this week (q50 0.0 km²). Routine monitoring. (Aweil Centre maps ~364,962 cattle in baseline.)"
2022-04-25,Aweil East,0.0,0.043,0,crop establishment,0.0,0.0,505027.7802561831,"No flood expected in Aweil East this week (q50 0.0 km²). Routine monitoring. (Aweil East maps ~505,028 cattle in baseline.)"
2022-04-25,Aweil North,0.0,0.028,0,crop establishment,0.0,0.0,463800.5038861725,"No flood expected in Aweil North this week (q50 0.0 km²). Routine monitoring. (Aweil North maps ~463,801 cattle in baseline.)"
2022-04-25,Aweil South,0.0,0.031,0,crop establishment,0.0,0.0,141256.8006910938,"No flood expected in Aweil South this week (q50 0.0 km²). Routine monitoring. (Aweil South maps ~141,257 cattle in baseline.)"
2022-04-25,Aweil West,0.0,0.028,0,crop establishment,0.0,0.0,318964.9515941321,"No flood expected in Aweil West this week (q50 0.0 km²). Routine monitoring. (Aweil West maps ~318,965 cattle in baseline.)"
2022-05-02,Aweil Centre,0.0,0.041,0,vegetative growth,0.0,0.0,364961.8333817694,"No flood expected in Aweil Centre this week (q50 0.0 km²). Routine monitoring. (Aweil Centre maps ~364,962 cattle in baseline.)"
2022-05-02,Aweil East,0.0,0.066,0,vegetative growth,0.0,0.0,505027.7802561831,"No flood expected in Aweil East this week (q50 0.0 km²). Routine monitoring. (Aweil East maps ~505,028 cattle in baseline.)"
2022-05-02,Aweil North,0.0,0.041,0,vegetative growth,0.0,0.0,463800.5038861725,"No flood expected in Aweil North this week (q50 0.0 km²). Routine monitoring. (Aweil North maps ~463,801 cattle in baseline.)"
2022-05-02,Aweil South,0.0,0.043,0,vegetative growth,0.0,0.0,141256.8006910938,"No flood expected in Aweil South this week (q50 0.0 km²). Routine monitoring. (Aweil South maps ~141,257 cattle in baseline.)"
2022-05-02,Aweil West,0.0,0.038,0,vegetative growth,0.0,0.0,318964.9515941321,"No flood expected in Aweil West this week (q50 0.0 km²). Routine monitoring. (Aweil West maps ~318,965 cattle in baseline.)"
2022-05-09,Aweil Centre,0.0,0.037,0,vegetative growth,0.0,0.0,364961.8333817694,"No flood expected in Aweil Centre this week (q50 0.0 km²). Routine monitoring. (Aweil Centre maps ~364,962 cattle in baseline.)"
2022-05-09,Aweil East,0.0,0.052,0,vegetative growth,0.0,0.0,505027.7802561831,"No flood expected in Aweil East this week (q50 0.0 km²). Routine monitoring. (Aweil East maps ~505,028 cattle in baseline.)"
2022-05-09,Aweil North,0.0,0.033,0,vegetative growth,0.0,0.0,463800.5038861725,"No flood expected in Aweil North this week (q50 0.0 km²). Routine monitoring. (Aweil North maps ~463,801 cattle in baseline.)"
2022-05-09,Aweil South,0.0,0.036,0,vegetative growth,0.0,0.0,141256.8006910938,"No flood expected in Aweil South this week (q50 0.0 km²). Routine monitoring. (Aweil South maps ~141,257 cattle in baseline.)"
2022-05-09,Aweil West,0.0,0.036,0,vegetative growth,0.0,0.0,318964.9515941321,"No flood expected in Aweil West this week (q50 0.0 km²). Routine monitoring. (Aweil West maps ~318,965 cattle in baseline.)"
2022-05-16,Aweil Centre,0.0,0.042,0,vegetative growth,0.0,0.0,364961.8333817694,"No flood expected in Aweil Centre this week (q50 0.0 km²). Routine monitoring. (Aweil Centre maps ~364,962 cattle in baseline.)"
2022-05-16,Aweil East,0.0,0.067,0,vegetative growth,0.0,0.0,505027.7802561831,"No flood expected in Aweil East this week (q50 0.0 km²). Routine monitoring. (Aweil East maps ~505,028 cattle in baseline.)"
2022-05-16,Aweil North,0.0,0.038,0,vegetative growth,0.0,0.0,463800.5038861725,"No flood expected in Aweil North this week (q50 0.0 km²). Routine monitoring. (Aweil North maps ~463,801 cattle in baseline.)"
2022-05-16,Aweil South,0.0,0.038,0,vegetative growth,0.0,0.0,141256.8006910938,"No flood expected in Aweil South this week (q50 0.0 km²). Routine monitoring. (Aweil South maps ~141,257 cattle in baseline.)"
2022-05-16,Aweil West,0.0,0.036,0,vegetative growth,0.0,0.0,318964.9515941321,"No flood expected in Aweil West this week (q50 0.0 km²). Routine monitoring. (Aweil West maps ~318,965 cattle in baseline.)"
2022-05-23,Aweil Centre,0.0,0.04,0,vegetative growth,0.0,0.0,364961.8333817694,"No flood expected in Aweil Centre this week (q50 0.0 km²). Routine monitoring. (Aweil Centre maps ~364,962 cattle in baseline.)"
2022-05-23,Aweil East,0.0,0.054,0,vegetative growth,0.0,0.0,505027.7802561831,"No flood expected in Aweil East this week (q50 0.0 km²). Routine monitoring. (Aweil East maps ~505,028 cattle in baseline.)"
2022-05-23,Aweil North,0.0,0.039,0,vegetative growth,0.0,0.0,463800.5038861725,"No flood expected in Aweil North this week (q50 0.0 km²). Routine monitoring. (Aweil North maps ~463,801 cattle in baseline.)"
2022-05-23,Aweil South,0.0,0.042,0,vegetative growth,0.0,0.0,141256.8006910938,"No flood expected in Aweil South this week (q50 0.0 km²). Routine monitoring. (Aweil South maps ~141,257 cattle in baseline.)"
2022-05-23,Aweil West,0.0,0.039,0,vegetative growth,0.0,0.0,318964.9515941321,"No flood expected in Aweil West this week (q50 0.0 km²). Routine monitoring. (Aweil West maps ~318,965 cattle in baseline.)"
2022-05-30,Aweil Centre,0.0,0.043,0,vegetative growth,0.0,0.0,364961.8333817694,"No flood expected in Aweil Centre this week (q50 0.0 km²). Routine monitoring. (Aweil Centre maps ~364,962 cattle in baseline.)"
2022-05-30,Aweil East,0.0,0.058,0,vegetative growth,0.0,0.0,505027.7802561831,"No flood expected in Aweil East this week (q50 0.0 km²). Routine monitoring. (Aweil East maps ~505,028 cattle in baseline.)"
2022-05-30,Aweil North,0.0,0.036,0,vegetative growth,0.0,0.0,463800.5038861725,"No flood expected in Aweil North this week (q50 0.0 km²). Routine monitoring. (Aweil North maps ~463,801 cattle in baseline.)"
2022-05-30,Aweil South,0.0,0.041,0,vegetative growth,0.0,0.0,141256.8006910938,"No flood expected in Aweil South this week (q50 0.0 km²). Routine monitoring. (Aweil South maps ~141,257 cattle in baseline.)"
2022-05-30,Aweil West,0.0,0.037,0,vegetative growth,0.0,0.0,318964.9515941321,"No flood expected in Aweil West this week (q50 0.0 km²). Routine monitoring. (Aweil West maps ~318,965 cattle in baseline.)"
2022-06-06,Aweil Centre,0.0,0.026,0,vegetative growth (peak),0.0,0.0,364961.8333817694,"No flood expected in Aweil Centre this week (q50 0.0 km²). Routine monitoring. (Aweil Centre maps ~364,962 cattle in baseline.)"
2022-06-06,Aweil East,0.04,0.105,0,vegetative growth (peak),0.0,0.0,505027.7802561831,"No flood expected in Aweil East this week (q50 0.0 km²). Routine monitoring. (Aweil East maps ~505,028 cattle in baseline.)"
2022-06-06,Aweil North,0.0,0.024,0,vegetative growth (peak),0.0,0.0,463800.5038861725,"No flood expected in Aweil North this week (q50 0.0 km²). Routine monitoring. (Aweil North maps ~463,801 cattle in baseline.)"
2022-06-06,Aweil South,0.0,0.025,0,vegetative growth (peak),0.0,0.0,141256.8006910938,"No flood expected in Aweil South this week (q50 0.0 km²). Routine monitoring. (Aweil South maps ~141,257 cattle in baseline.)"
2022-06-06,Aweil West,0.0,0.024,0,vegetative growth (peak),0.0,0.0,318964.9515941321,"No flood expected in Aweil West this week (q50 0.0 km²). Routine monitoring. (Aweil West maps ~318,965 cattle in baseline.)"
2022-06-13,Aweil Centre,0.0,0.034,0,vegetative growth (peak),0.0,0.0,364961.8333817694,"No flood expected in Aweil Centre this week (q50 0.0 km²). Routine monitoring. (Aweil Centre maps ~364,962 cattle in baseline.)"
2022-06-13,Aweil East,0.0,0.045,0,vegetative growth (peak),0.0,0.0,505027.7802561831,"No flood expected in Aweil East this week (q50 0.0 km²). Routine monitoring. (Aweil East maps ~505,028 cattle in baseline.)"
2022-06-13,Aweil North,0.0,0.036,0,vegetative growth (peak),0.0,0.0,463800.5038861725,"No flood expected in Aweil North this week (q50 0.0 km²). Routine monitoring. (Aweil North maps ~463,801 cattle in baseline.)"
2022-06-13,Aweil South,0.0,0.033,0,vegetative growth (peak),0.0,0.0,141256.8006910938,"No flood expected in Aweil South this week (q50 0.0 km²). Routine monitoring. (Aweil South maps ~141,257 cattle in baseline.)"
2022-06-13,Aweil West,0.0,0.034,0,vegetative growth (peak),0.0,0.0,318964.9515941321,"No flood expected in Aweil West this week (q50 0.0 km²). Routine monitoring. (Aweil West maps ~318,965 cattle in baseline.)"
2022-06-20,Aweil Centre,0.0,0.033,0,vegetative growth (peak),0.0,0.0,364961.8333817694,"No flood expected in Aweil Centre this week (q50 0.0 km²). Routine monitoring. (Aweil Centre maps ~364,962 cattle in baseline.)"
2022-06-20,Aweil East,0.0,0.056,0,vegetative growth (peak),0.0,0.0,505027.7802561831,"No flood expected in Aweil East this week (q50 0.0 km²). Routine monitoring. (Aweil East maps ~505,028 cattle in baseline.)"
2022-06-20,Aweil North,0.0,0.027,0,vegetative growth (peak),0.0,0.0,463800.5038861725,"No flood expected in Aweil North this week (q50 0.0 km²). Routine monitoring. (Aweil North maps ~463,801 cattle in baseline.)"
2022-06-20,Aweil South,0.0,0.028,0,vegetative growth (peak),0.0,0.0,141256.8006910938,"No flood expected in Aweil South this week (q50 0.0 km²). Routine monitoring. (Aweil South maps ~141,257 cattle in baseline.)"
2022-06-20,Aweil West,0.0,0.028,0,vegetative growth (peak),0.0,0.0,318964.9515941321,"No flood expected in Aweil West this week (q50 0.0 km²). Routine monitoring. (Aweil West maps ~318,965 cattle in baseline.)"
2022-06-27,Aweil Centre,0.0,0.033,0,vegetative growth (peak),0.0,0.0,364961.8333817694,"No flood expected in Aweil Centre this week (q50 0.0 km²). Routine monitoring. (Aweil Centre maps ~364,962 cattle in baseline.)"
2022-06-27,Aweil East,0.0,0.049,0,vegetative growth (peak),0.0,0.0,505027.7802561831,"No flood expected in Aweil East this week (q50 0.0 km²). Routine monitoring. (Aweil East maps ~505,028 cattle in baseline.)"
2022-06-27,Aweil North,0.0,0.035,0,vegetative growth (peak),0.0,0.0,463800.5038861725,"No flood expected in Aweil North this week (q50 0.0 km²). Routine monitoring. (Aweil North maps ~463,801 cattle in baseline.)"
2022-06-27,Aweil South,0.0,0.036,0,vegetative growth (peak),0.0,0.0,141256.8006910938,"No flood expected in Aweil South this week (q50 0.0 km²). Routine monitoring. (Aweil South maps ~141,257 cattle in baseline.)"
2022-06-27,Aweil West,0.0,0.037,0,vegetative growth (peak),0.0,0.0,318964.9515941321,"No flood expected in Aweil West this week (q50 0.0 km²). Routine monitoring. (Aweil West maps ~318,965 cattle in baseline.)"
2022-07-04,Aweil Centre,0.0,0.026,0,vegetative growth (peak),0.0,0.0,364961.8333817694,"No flood expected in Aweil Centre this week (q50 0.0 km²). Routine monitoring. (Aweil Centre maps ~364,962 cattle in baseline.)"
2022-07-04,Aweil East,0.0,0.031,0,vegetative growth (peak),0.0,0.0,505027.7802561831,"No flood expected in Aweil East this week (q50 0.0 km²). Routine monitoring. (Aweil East maps ~505,028 cattle in baseline.)"
2022-07-04,Aweil North,0.0,0.019,0,vegetative growth (peak),0.0,0.0,463800.5038861725,"No flood expected in Aweil North this week (q50 0.0 km²). Routine monitoring. (Aweil North maps ~463,801 cattle in baseline.)"
2022-07-04,Aweil South,0.0,0.022,0,vegetative growth (peak),0.0,0.0,141256.8006910938,"No flood expected in Aweil South this week (q50 0.0 km²). Routine monitoring. (Aweil South maps ~141,257 cattle in baseline.)"
2022-07-04,Aweil West,0.0,0.022,0,vegetative growth (peak),0.0,0.0,318964.9515941321,"No flood expected in Aweil West this week (q50 0.0 km²). Routine monitoring. (Aweil West maps ~318,965 cattle in baseline.)"
2022-07-11,Aweil Centre,0.0,0.023,0,vegetative growth (peak),0.0,0.0,364961.8333817694,"No flood expected in Aweil Centre this week (q50 0.0 km²). Routine monitoring. (Aweil Centre maps ~364,962 cattle in baseline.)"
2022-07-11,Aweil East,0.0,0.035,0,vegetative growth (peak),0.0,0.0,505027.7802561831,"No flood expected in Aweil East this week (q50 0.0 km²). Routine monitoring. (Aweil East maps ~505,028 cattle in baseline.)"
2022-07-11,Aweil North,0.0,0.021,0,vegetative growth (peak),0.0,0.0,463800.5038861725,"No flood expected in Aweil North this week (q50 0.0 km²). Routine monitoring. (Aweil North maps ~463,801 cattle in baseline.)"
2022-07-11,Aweil South,0.0,0.022,0,vegetative growth (peak),0.0,0.0,141256.8006910938,"No flood expected in Aweil South this week (q50 0.0 km²). Routine monitoring. (Aweil South maps ~141,257 cattle in baseline.)"
2022-07-11,Aweil West,0.0,0.024,0,vegetative growth (peak),0.0,0.0,318964.9515941321,"No flood expected in Aweil West this week (q50 0.0 km²). Routine monitoring. (Aweil West maps ~318,965 cattle in baseline.)"
2022-07-18,Aweil Centre,0.0,0.049,0,vegetative growth (peak),0.0,0.0,364961.8333817694,"No flood expected in Aweil Centre this week (q50 0.0 km²). Routine monitoring. (Aweil Centre maps ~364,962 cattle in baseline.)"
2022-07-18,Aweil East,0.0,0.062,0,vegetative growth (peak),0.0,0.0,505027.7802561831,"No flood expected in Aweil East this week (q50 0.0 km²). Routine monitoring. (Aweil East maps ~505,028 cattle in baseline.)"
2022-07-18,Aweil North,0.0,0.045,0,vegetative growth (peak),0.0,0.0,463800.5038861725,"No flood expected in Aweil North this week (q50 0.0 km²). Routine monitoring. (Aweil North maps ~463,801 cattle in baseline.)"
2022-07-18,Aweil South,0.0,0.05,0,vegetative growth (peak),0.0,0.0,141256.8006910938,"No flood expected in Aweil South this week (q50 0.0 km²). Routine monitoring. (Aweil South maps ~141,257 cattle in baseline.)"
2022-07-18,Aweil West,0.0,0.049,0,vegetative growth (peak),0.0,0.0,318964.9515941321,"No flood expected in Aweil West this week (q50 0.0 km²). Routine monitoring. (Aweil West maps ~318,965 cattle in baseline.)"
2022-07-25,Aweil Centre,0.0,0.103,0,vegetative growth (peak),0.0,0.0,364961.8333817694,"No flood expected in Aweil Centre this week (q50 0.0 km²). Routine monitoring. (Aweil Centre maps ~364,962 cattle in baseline.)"
2022-07-25,Aweil East,0.0,0.133,0,vegetative growth (peak),0.0,0.0,505027.7802561831,"No flood expected in Aweil East this week (q50 0.0 km²). Routine monitoring. (Aweil East maps ~505,028 cattle in baseline.)"
2022-07-25,Aweil North,0.0,0.078,0,vegetative growth (peak),0.0,0.0,463800.5038861725,"No flood expected in Aweil North this week (q50 0.0 km²). Routine monitoring. (Aweil North maps ~463,801 cattle in baseline.)"
2022-07-25,Aweil South,0.0,0.086,0,vegetative growth (peak),0.0,0.0,141256.8006910938,"No flood expected in Aweil South this week (q50 0.0 km²). Routine monitoring. (Aweil South maps ~141,257 cattle in baseline.)"
2022-07-25,Aweil West,0.0,0.099,0,vegetative growth (peak),0.0,0.0,318964.9515941321,"No flood expected in Aweil West this week (q50 0.0 km²). Routine monitoring. (Aweil West maps ~318,965 cattle in baseline.)"
2022-08-01,Aweil Centre,0.0,0.18,0,maturation,0.0,0.0,364961.8333817694,"No flood expected in Aweil Centre this week (q50 0.0 km²). Routine monitoring. (Aweil Centre maps ~364,962 cattle in baseline.)"
2022-08-01,Aweil East,0.0,0.268,0,maturation,0.0,0.0,505027.7802561831,"No flood expected in Aweil East this week (q50 0.0 km²). Routine monitoring. (Aweil East maps ~505,028 cattle in baseline.)"
2022-08-01,Aweil North,0.0,0.098,0,maturation,0.0,0.0,463800.5038861725,"No flood expected in Aweil North this week (q50 0.0 km²). Routine monitoring. (Aweil North maps ~463,801 cattle in baseline.)"
2022-08-01,Aweil South,0.0,0.126,0,maturation,0.0,0.0,141256.8006910938,"No flood expected in Aweil South this week (q50 0.0 km²). Routine monitoring. (Aweil South maps ~141,257 cattle in baseline.)"
2022-08-01,Aweil West,0.0,0.152,0,maturation,0.0,0.0,318964.9515941321,"No flood expected in Aweil West this week (q50 0.0 km²). Routine monitoring. (Aweil West maps ~318,965 cattle in baseline.)"
2022-08-08,Aweil Centre,0.0,0.188,0,maturation,0.0,0.0,364961.8333817694,"No flood expected in Aweil Centre this week (q50 0.0 km²). Routine monitoring. (Aweil Centre maps ~364,962 cattle in baseline.)"
2022-08-08,Aweil East,7.06,0.894,2,maturation,0.0,0.0,505027.7802561831,"High flood risk in Aweil East this week: q50 7.1 km², above most August weeks since 2000. Maturation: grain is filling; flooding now damages the yield that is already banked. (Aweil East maps ~505,028 cattle in baseline.)"
2022-08-08,Aweil North,0.0,0.122,0,maturation,0.0,0.0,463800.5038861725,"No flood expected in Aweil North this week (q50 0.0 km²). Routine monitoring. (Aweil North maps ~463,801 cattle in baseline.)"
2022-08-08,Aweil South,0.0,0.136,0,maturation,0.0,0.0,141256.8006910938,"No flood expected in Aweil South this week (q50 0.0 km²). Routine monitoring. (Aweil South maps ~141,257 cattle in baseline.)"
2022-08-08,Aweil West,0.0,0.154,0,maturation,0.0,0.0,318964.9515941321,"No flood expected in Aweil West this week (q50 0.0 km²). Routine monitoring. (Aweil West maps ~318,965 cattle in baseline.)"
2022-08-15,Aweil Centre,0.0,0.216,0,maturation,0.0,0.0,364961.8333817694,"No flood expected in Aweil Centre this week (q50 0.0 km²). Routine monitoring. (Aweil Centre maps ~364,962 cattle in baseline.)"
2022-08-15,Aweil East,0.39,0.483,0,maturation,0.0,0.0,505027.7802561831,"No flood expected in Aweil East this week (q50 0.4 km²). Routine monitoring. (Aweil East maps ~505,028 cattle in baseline.)"
2022-08-15,Aweil North,0.0,0.113,0,maturation,0.0,0.0,463800.5038861725,"No flood expected in Aweil North this week (q50 0.0 km²). Routine monitoring. (Aweil North maps ~463,801 cattle in baseline.)"
2022-08-15,Aweil South,0.0,0.155,0,maturation,0.0,0.0,141256.8006910938,"No flood expected in Aweil South this week (q50 0.0 km²). Routine monitoring. (Aweil South maps ~141,257 cattle in baseline.)"
2022-08-15,Aweil West,0.0,0.192,0,maturation,0.0,0.0,318964.9515941321,"No flood expected in Aweil West this week (q50 0.0 km²). Routine monitoring. (Aweil West maps ~318,965 cattle in baseline.)"
2022-08-22,Aweil Centre,0.0,0.162,0,maturation,0.0,0.0,364961.8333817694,"No flood expected in Aweil Centre this week (q50 0.0 km²). Routine monitoring. (Aweil Centre maps ~364,962 cattle in baseline.)"
2022-08-22,Aweil East,6.59,0.873,2,maturation,0.0,0.0,505027.7802561831,"High flood risk in Aweil East this week: q50 6.6 km², above most August weeks since 2000. Maturation: grain is filling; flooding now damages the yield that is already banked. (Aweil East maps ~505,028 cattle in baseline.)"
2022-08-22,Aweil North,0.0,0.108,0,maturation,0.0,0.0,463800.5038861725,"No flood expected in Aweil North this week (q50 0.0 km²). Routine monitoring. (Aweil North maps ~463,801 cattle in baseline.)"
2022-08-22,Aweil South,0.0,0.124,0,maturation,0.0,0.0,141256.8006910938,"No flood expected in Aweil South this week (q50 0.0 km²). Routine monitoring. (Aweil South maps ~141,257 cattle in baseline.)"
2022-08-22,Aweil West,0.0,0.157,0,maturation,0.0,0.0,318964.9515941321,"No flood expected in Aweil West this week (q50 0.0 km²). Routine monitoring. (Aweil West maps ~318,965 cattle in baseline.)"
2022-08-29,Aweil Centre,1.34,0.571,2,maturation,0.0,0.0,364961.8333817694,"High flood risk in Aweil Centre this week: q50 1.3 km², above most August weeks since 2000. Maturation: grain is filling; flooding now damages the yield that is already banked. (Aweil Centre maps ~364,962 cattle in baseline.)"
2022-08-29,Aweil East,12.83,0.884,2,maturation,0.0,0.0,505027.7802561831,"High flood risk in Aweil East this week: q50 12.8 km², above most August weeks since 2000. Maturation: grain is filling; flooding now damages the yield that is already banked. (Aweil East maps ~505,028 cattle in baseline.)"
2022-08-29,Aweil North,5.52,0.795,3,maturation,0.0,0.0,463800.5038861725,"SEVERE flood expected in Aweil North this week: q50 5.5 km², above the 95th percentile of all August weeks since 2000. Maturation: grain is filling; flooding now damages the yield that is already banked. (Aweil North maps ~463,801 cattle in baseline.)"
2022-08-29,Aweil South,0.0,0.169,0,maturation,0.0,0.0,141256.8006910938,"No flood expected in Aweil South this week (q50 0.0 km²). Routine monitoring. (Aweil South maps ~141,257 cattle in baseline.)"
2022-08-29,Aweil West,4.3,0.762,3,maturation,0.0,0.0,318964.9515941321,"SEVERE flood expected in Aweil West this week: q50 4.3 km², above the 95th percentile of all August weeks since 2000. Maturation: grain is filling; flooding now damages the yield that is already banked. (Aweil West maps ~318,965 cattle in baseline.)"
2022-09-05,Aweil Centre,1.26,0.631,0,maturation / grain filling,0.0,167.7,364961.8333817694,"SEVERE flood expected in Aweil Centre this week: q50 1.3 km², above the 95th percentile of all September weeks since 2000. Approx. 168 ha of rangeland at risk; plan early herd movement. (Aweil Centre maps ~364,962 cattle in baseline.)"
2022-09-05,Aweil East,3.02,0.812,0,maturation / grain filling,8.8,364.4,505027.7802561831,"SEVERE flood expected in Aweil East this week: q50 3.0 km², above the 95th percentile of all September weeks since 2000. Approx. 9 ha of mapped crops in the Aweil East floodplain are at risk. Approx. 364 ha of rangeland at risk; plan early herd movement. (Aweil East maps ~505,028 cattle in baseline.)"
2022-09-05,Aweil North,3.18,0.797,2,maturation / grain filling,43.1,2256.4,463800.5038861725,"High flood risk in Aweil North this week: q50 3.2 km², above most September weeks since 2000. Maturation / grain filling: grain is filling; flooding now damages the yield that is already banked. Approx. 43 ha of mapped crops in the Aweil North floodplain are at risk. Approx. 2,256 ha of rangeland at risk; plan early herd movement. (Aweil North maps ~463,801 cattle in baseline.)"
2022-09-05,Aweil South,0.0,0.172,0,maturation / grain filling,0.0,0.0,141256.8006910938,"No flood expected in Aweil South this week (q50 0.0 km²). Routine monitoring. (Aweil South maps ~141,257 cattle in baseline.)"
2022-09-05,Aweil West,21.24,0.897,2,maturation / grain filling,153.5,9726.7,318964.9515941321,"High flood risk in Aweil West this week: q50 21.2 km², above most September weeks since 2000. Maturation / grain filling: grain is filling; flooding now damages the yield that is already banked. Approx. 154 ha of mapped crops in the Aweil West floodplain are at risk. Approx. 9,727 ha of rangeland at risk; plan early herd movement. (Aweil West maps ~318,965 cattle in baseline.)"
2022-09-12,Aweil Centre,1.29,0.669,0,maturation / grain filling,0.0,170.8,364961.8333817694,"SEVERE flood expected in Aweil Centre this week: q50 1.3 km², above the 95th percentile of all September weeks since 2000. Approx. 171 ha of rangeland at risk; plan early herd movement. (Aweil Centre maps ~364,962 cattle in baseline.)"
2022-09-12,Aweil East,6.71,0.695,0,maturation / grain filling,19.6,808.9,505027.7802561831,"SEVERE flood expected in Aweil East this week: q50 6.7 km², above the 95th percentile of all September weeks since 2000. Approx. 20 ha of mapped crops in the Aweil East floodplain are at risk. Approx. 809 ha of rangeland at risk; plan early herd movement. (Aweil East maps ~505,028 cattle in baseline.)"
2022-09-12,Aweil North,4.6,0.889,2,maturation / grain filling,62.3,3263.4,463800.5038861725,"High flood risk in Aweil North this week: q50 4.6 km², above most September weeks since 2000. Maturation / grain filling: grain is filling; flooding now damages the yield that is already banked. Approx. 62 ha of mapped crops in the Aweil North floodplain are at risk. Approx. 3,263 ha of rangeland at risk; plan early herd movement. (Aweil North maps ~463,801 cattle in baseline.)"
2022-09-12,Aweil South,0.0,0.134,0,maturation / grain filling,0.0,0.0,141256.8006910938,"No flood expected in Aweil South this week (q50 0.0 km²). Routine monitoring. (Aweil South maps ~141,257 cattle in baseline.)"
2022-09-12,Aweil West,15.51,0.914,2,maturation / grain filling,112.1,7102.1,318964.9515941321,"High flood risk in Aweil West this week: q50 15.5 km², above most September weeks since 2000. Maturation / grain filling: grain is filling; flooding now damages the yield that is already banked. Approx. 112 ha of mapped crops in the Aweil West floodplain are at risk. Approx. 7,102 ha of rangeland at risk; plan early herd movement. (Aweil West maps ~318,965 cattle in baseline.)"
2022-09-19,Aweil Centre,2.28,0.812,0,maturation / grain filling,0.0,302.8,364961.8333817694,"SEVERE flood expected in Aweil Centre this week: q50 2.3 km², above the 95th percentile of all September weeks since 2000. Approx. 303 ha of rangeland at risk; plan early herd movement. (Aweil Centre maps ~364,962 cattle in baseline.)"
2022-09-19,Aweil East,23.12,0.898,1,maturation / grain filling,67.5,2788.4,505027.7802561831,"Elevated flood probability in Aweil East this week (q50 23.1 km², 90% detection chance). Maturation / grain filling: grain is filling; flooding now damages the yield that is already banked. Approx. 68 ha of mapped crops in the Aweil East floodplain are at risk. Approx. 2,788 ha of rangeland at risk; plan early herd movement. (Aweil East maps ~505,028 cattle in baseline.)"
2022-09-19,Aweil North,12.34,0.882,3,maturation / grain filling,79.0,4140.5,463800.5038861725,"SEVERE flood expected in Aweil North this week: q50 12.3 km², above the 95th percentile of all September weeks since 2000. Maturation / grain filling: grain is filling; flooding now damages the yield that is already banked. Approx. 79 ha of mapped crops in the Aweil North floodplain are at risk. Approx. 4,141 ha of rangeland at risk; plan early herd movement. (Aweil North maps ~463,801 cattle in baseline.)"
2022-09-19,Aweil South,11.07,0.816,2,maturation / grain filling,304.8,8189.9,141256.8006910938,"High flood risk in Aweil South this week: q50 11.1 km², above most September weeks since 2000. Maturation / grain filling: grain is filling; flooding now damages the yield that is already banked. Approx. 305 ha of mapped crops in the Aweil South floodplain are at risk. Approx. 8,190 ha of rangeland at risk; plan early herd movement. (Aweil South maps ~141,257 cattle in baseline.)"
2022-09-19,Aweil West,26.21,0.898,2,maturation / grain filling,175.4,11111.3,318964.9515941321,"High flood risk in Aweil West this week: q50 26.2 km², above most September weeks since 2000. Maturation / grain filling: grain is filling; flooding now damages the yield that is already banked. Approx. 175 ha of mapped crops in the Aweil West floodplain are at risk. Approx. 11,111 ha of rangeland at risk; plan early herd movement. (Aweil West maps ~318,965 cattle in baseline.)"
2022-09-26,Aweil Centre,8.13,0.932,2,maturation / grain filling,0.0,1077.4,364961.8333817694,"High flood risk in Aweil Centre this week: q50 8.1 km², above most September weeks since 2000. Maturation / grain filling: grain is filling; flooding now damages the yield that is already banked. Approx. 1,077 ha of rangeland at risk; plan early herd movement. (Aweil Centre maps ~364,962 cattle in baseline.)"
2022-09-26,Aweil East,27.15,0.939,1,maturation / grain filling,79.3,3274.7,505027.7802561831,"Elevated flood probability in Aweil East this week (q50 27.2 km², 94% detection chance). Maturation / grain filling: grain is filling; flooding now damages the yield that is already banked. Approx. 79 ha of mapped crops in the Aweil East floodplain are at risk. Approx. 3,275 ha of rangeland at risk; plan early herd movement. (Aweil East maps ~505,028 cattle in baseline.)"
2022-09-26,Aweil North,15.95,0.938,3,maturation / grain filling,79.0,4140.5,463800.5038861725,"SEVERE flood expected in Aweil North this week: q50 15.9 km², above the 95th percentile of all September weeks since 2000. Maturation / grain filling: grain is filling; flooding now damages the yield that is already banked. Approx. 79 ha of mapped crops in the Aweil North floodplain are at risk. Approx. 4,141 ha of rangeland at risk; plan early herd movement. (Aweil North maps ~463,801 cattle in baseline.)"
2022-09-26,Aweil South,21.67,0.931,3,maturation / grain filling,496.4,13340.3,141256.8006910938,"SEVERE flood expected in Aweil South this week: q50 21.7 km², above the 95th percentile of all September weeks since 2000. Maturation / grain filling: grain is filling; flooding now damages the yield that is already banked. Approx. 496 ha of mapped crops in the Aweil South floodplain are at risk. Approx. 13,340 ha of rangeland at risk; plan early herd movement. (Aweil South maps ~141,257 cattle in baseline.)"
2022-09-26,Aweil West,30.79,0.939,2,maturation / grain filling,175.4,11111.3,318964.9515941321,"High flood risk in Aweil West this week: q50 30.8 km², above most September weeks since 2000. Maturation / grain filling: grain is filling; flooding now damages the yield that is already banked. Approx. 175 ha of mapped crops in the Aweil West floodplain are at risk. Approx. 11,111 ha of rangeland at risk; plan early herd movement. (Aweil West maps ~318,965 cattle in baseline.)"
2022-10-03,Aweil Centre,4.61,0.961,0,harvest,0.0,216.2,364961.8333817694,"SEVERE flood expected in Aweil Centre this week: q50 4.6 km², above the 95th percentile of all October weeks since 2000. Approx. 216 ha of rangeland at risk; plan early herd movement. (Aweil Centre maps ~364,962 cattle in baseline.)"
2022-10-03,Aweil East,89.84,0.969,2,harvest,1335.1,15348.7,505027.7802561831,"High flood risk in Aweil East this week: q50 89.8 km², above most October weeks since 2000. Harvest: harvest window — move produce and equipment to higher ground before water rises. Approx. 1,335 ha of mapped crops in the Aweil East floodplain are at risk. Approx. 15,349 ha of rangeland at risk; plan early herd movement. (Aweil East maps ~505,028 cattle in baseline.)"
2022-10-03,Aweil North,23.57,0.966,3,harvest,380.3,9471.4,463800.5038861725,"SEVERE flood expected in Aweil North this week: q50 23.6 km², above the 95th percentile of all October weeks since 2000. Harvest: harvest window — move produce and equipment to higher ground before water rises. Approx. 380 ha of mapped crops in the Aweil North floodplain are at risk. Approx. 9,471 ha of rangeland at risk; plan early herd movement. (Aweil North maps ~463,801 cattle in baseline.)"
2022-10-03,Aweil South,78.24,0.963,3,harvest,2187.0,34651.6,141256.8006910938,"SEVERE flood expected in Aweil South this week: q50 78.2 km², above the 95th percentile of all October weeks since 2000. Harvest: harvest window — move produce and equipment to higher ground before water rises. Approx. 2,187 ha of mapped crops in the Aweil South floodplain are at risk. Approx. 34,652 ha of rangeland at risk; plan early herd movement. (Aweil South maps ~141,257 cattle in baseline.)"
2022-10-03,Aweil West,44.97,0.963,2,harvest,486.9,22701.9,318964.9515941321,"High flood risk in Aweil West this week: q50 45.0 km², above most October weeks since 2000. Harvest: harvest window — move produce and equipment to higher ground before water rises. Approx. 487 ha of mapped crops in the Aweil West floodplain are at risk. Approx. 22,702 ha of rangeland at risk; plan early herd movement. (Aweil West maps ~318,965 cattle in baseline.)"
2022-10-10,Aweil Centre,1.76,0.749,0,harvest,0.0,82.6,364961.8333817694,"SEVERE flood expected in Aweil Centre this week: q50 1.8 km², above the 95th percentile of all October weeks since 2000. Approx. 83 ha of rangeland at risk; plan early herd movement. (Aweil Centre maps ~364,962 cattle in baseline.)"
2022-10-10,Aweil East,45.85,0.93,1,harvest,681.3,7832.5,505027.7802561831,"Elevated flood probability in Aweil East this week (q50 45.8 km², 93% detection chance). Harvest: harvest window — move produce and equipment to higher ground before water rises. Approx. 681 ha of mapped crops in the Aweil East floodplain are at risk. Approx. 7,832 ha of rangeland at risk; plan early herd movement. (Aweil East maps ~505,028 cattle in baseline.)"
2022-10-10,Aweil North,10.04,0.931,2,harvest,380.3,9471.4,463800.5038861725,"High flood risk in Aweil North this week: q50 10.0 km², above most October weeks since 2000. Harvest: harvest window — move produce and equipment to higher ground before water rises. Approx. 380 ha of mapped crops in the Aweil North floodplain are at risk. Approx. 9,471 ha of rangeland at risk; plan early herd movement. (Aweil North maps ~463,801 cattle in baseline.)"
2022-10-10,Aweil South,80.35,0.945,3,harvest,2187.0,34651.6,141256.8006910938,"SEVERE flood expected in Aweil South this week: q50 80.4 km², above the 95th percentile of all October weeks since 2000. Harvest: harvest window — move produce and equipment to higher ground before water rises. Approx. 2,187 ha of mapped crops in the Aweil South floodplain are at risk. Approx. 34,652 ha of rangeland at risk; plan early herd movement. (Aweil South maps ~141,257 cattle in baseline.)"
2022-10-10,Aweil West,21.54,0.935,2,harvest,233.3,10877.1,318964.9515941321,"High flood risk in Aweil West this week: q50 21.5 km², above most October weeks since 2000. Harvest: harvest window — move produce and equipment to higher ground before water rises. Approx. 233 ha of mapped crops in the Aweil West floodplain are at risk. Approx. 10,877 ha of rangeland at risk; plan early herd movement. (Aweil West maps ~318,965 cattle in baseline.)"
2022-10-17,Aweil Centre,0.67,0.766,0,harvest,0.0,31.6,364961.8333817694,"SEVERE flood expected in Aweil Centre this week: q50 0.7 km², above the 95th percentile of all October weeks since 2000. Approx. 32 ha of rangeland at risk; plan early herd movement. (Aweil Centre maps ~364,962 cattle in baseline.)"
2022-10-17,Aweil East,9.97,0.953,0,harvest,148.2,1703.5,505027.7802561831,"SEVERE flood expected in Aweil East this week: q50 10.0 km², above the 95th percentile of all October weeks since 2000. Approx. 148 ha of mapped crops in the Aweil East floodplain are at risk. Approx. 1,703 ha of rangeland at risk; plan early herd movement. (Aweil East maps ~505,028 cattle in baseline.)"
2022-10-17,Aweil North,7.02,0.943,2,harvest,274.8,6844.2,463800.5038861725,"High flood risk in Aweil North this week: q50 7.0 km², above most October weeks since 2000. Harvest: harvest window — move produce and equipment to higher ground before water rises. Approx. 275 ha of mapped crops in the Aweil North floodplain are at risk. Approx. 6,844 ha of rangeland at risk; plan early herd movement. (Aweil North maps ~463,801 cattle in baseline.)"
2022-10-17,Aweil South,48.71,0.958,2,harvest,1499.4,23757.6,141256.8006910938,"High flood risk in Aweil South this week: q50 48.7 km², above most October weeks since 2000. Harvest: harvest window — move produce and equipment to higher ground before water rises. Approx. 1,499 ha of mapped crops in the Aweil South floodplain are at risk. Approx. 23,758 ha of rangeland at risk; plan early herd movement. (Aweil South maps ~141,257 cattle in baseline.)"
2022-10-17,Aweil West,22.74,0.944,2,harvest,246.3,11483.3,318964.9515941321,"High flood risk in Aweil West this week: q50 22.7 km², above most October weeks since 2000. Harvest: harvest window — move produce and equipment to higher ground before water rises. Approx. 246 ha of mapped crops in the Aweil West floodplain are at risk. Approx. 11,483 ha of rangeland at risk; plan early herd movement. (Aweil West maps ~318,965 cattle in baseline.)"
2022-10-24,Aweil Centre,0.16,0.531,0,harvest,0.0,7.4,364961.8333817694,"SEVERE flood expected in Aweil Centre this week: q50 0.2 km², above the 95th percentile of all October weeks since 2000. Approx. 7 ha of rangeland at risk; plan early herd movement. (Aweil Centre maps ~364,962 cattle in baseline.)"
2022-10-24,Aweil East,0.35,0.599,0,harvest,5.2,60.3,505027.7802561831,"SEVERE flood expected in Aweil East this week: q50 0.4 km², above the 95th percentile of all October weeks since 2000. Approx. 5 ha of mapped crops in the Aweil East floodplain are at risk. Approx. 60 ha of rangeland at risk; plan early herd movement. (Aweil East maps ~505,028 cattle in baseline.)"
2022-10-24,Aweil North,0.21,0.675,0,harvest,8.4,208.4,463800.5038861725,"SEVERE flood expected in Aweil North this week: q50 0.2 km², above the 95th percentile of all October weeks since 2000. Approx. 8 ha of mapped crops in the Aweil North floodplain are at risk. Approx. 208 ha of rangeland at risk; plan early herd movement. (Aweil North maps ~463,801 cattle in baseline.)"
2022-10-24,Aweil South,0.34,0.53,0,harvest,10.6,167.8,141256.8006910938,"SEVERE flood expected in Aweil South this week: q50 0.3 km², above the 95th percentile of all October weeks since 2000. Approx. 11 ha of mapped crops in the Aweil South floodplain are at risk. Approx. 168 ha of rangeland at risk; plan early herd movement. (Aweil South maps ~141,257 cattle in baseline.)"
2022-10-24,Aweil West,0.0,0.844,0,harvest,0.0,0.0,318964.9515941321,"SEVERE flood expected in Aweil West this week: q50 0.0 km², above the 95th percentile of all October weeks since 2000. (Aweil West maps ~318,965 cattle in baseline.)"
2022-10-31,Aweil Centre,2.83,0.903,0,harvest,0.0,132.8,364961.8333817694,"SEVERE flood expected in Aweil Centre this week: q50 2.8 km², above the 95th percentile of all October weeks since 2000. Approx. 133 ha of rangeland at risk; plan early herd movement. (Aweil Centre maps ~364,962 cattle in baseline.)"
2022-10-31,Aweil East,63.68,0.92,1,harvest,946.3,10879.2,505027.7802561831,"Elevated flood probability in Aweil East this week (q50 63.7 km², 92% detection chance). Harvest: harvest window — move produce and equipment to higher ground before water rises. Approx. 946 ha of mapped crops in the Aweil East floodplain are at risk. Approx. 10,879 ha of rangeland at risk; plan early herd movement. (Aweil East maps ~505,028 cattle in baseline.)"
2022-10-31,Aweil North,31.48,0.942,3,harvest,380.3,9471.4,463800.5038861725,"SEVERE flood expected in Aweil North this week: q50 31.5 km², above the 95th percentile of all October weeks since 2000. Harvest: harvest window — move produce and equipment to higher ground before water rises. Approx. 380 ha of mapped crops in the Aweil North floodplain are at risk. Approx. 9,471 ha of rangeland at risk; plan early herd movement. (Aweil North maps ~463,801 cattle in baseline.)"
2022-10-31,Aweil South,87.73,0.907,3,harvest,2187.0,34651.6,141256.8006910938,"SEVERE flood expected in Aweil South this week: q50 87.7 km², above the 95th percentile of all October weeks since 2000. Harvest: harvest window — move produce and equipment to higher ground before water rises. Approx. 2,187 ha of mapped crops in the Aweil South floodplain are at risk. Approx. 34,652 ha of rangeland at risk; plan early herd movement. (Aweil South maps ~141,257 cattle in baseline.)"
2022-10-31,Aweil West,31.55,0.934,2,harvest,341.6,15928.4,318964.9515941321,"High flood risk in Aweil West this week: q50 31.5 km², above most October weeks since 2000. Harvest: harvest window — move produce and equipment to higher ground before water rises. Approx. 342 ha of mapped crops in the Aweil West floodplain are at risk. Approx. 15,928 ha of rangeland at risk; plan early herd movement. (Aweil West maps ~318,965 cattle in baseline.)"
2022-11-07,Aweil Centre,1.67,0.844,0,harvest / drying,0.0,241.1,364961.8333817694,"SEVERE flood expected in Aweil Centre this week: q50 1.7 km², above the 95th percentile of all November weeks since 2000. Approx. 241 ha of rangeland at risk; plan early herd movement. (Aweil Centre maps ~364,962 cattle in baseline.)"
2022-11-07,Aweil East,20.45,0.922,0,harvest / drying,369.6,4836.4,505027.7802561831,"SEVERE flood expected in Aweil East this week: q50 20.4 km², above the 95th percentile of all November weeks since 2000. Approx. 370 ha of mapped crops in the Aweil East floodplain are at risk. Approx. 4,836 ha of rangeland at risk; plan early herd movement. (Aweil East maps ~505,028 cattle in baseline.)"
2022-11-07,Aweil North,1.31,0.921,3,harvest / drying,214.9,8258.8,463800.5038861725,"SEVERE flood expected in Aweil North this week: q50 1.3 km², above the 95th percentile of all November weeks since 2000. Harvest / drying: harvest window closing — move produce and equipment to higher ground before water rises. Approx. 215 ha of mapped crops in the Aweil North floodplain are at risk. Approx. 8,259 ha of rangeland at risk; plan early herd movement. (Aweil North maps ~463,801 cattle in baseline.)"
2022-11-07,Aweil South,84.75,0.924,3,harvest / drying,1772.4,28398.0,141256.8006910938,"SEVERE flood expected in Aweil South this week: q50 84.8 km², above the 95th percentile of all November weeks since 2000. Harvest / drying: harvest window closing — move produce and equipment to higher ground before water rises. Approx. 1,772 ha of mapped crops in the Aweil South floodplain are at risk. Approx. 28,398 ha of rangeland at risk; plan early herd movement. (Aweil South maps ~141,257 cattle in baseline.)"
2022-11-07,Aweil West,3.46,0.91,2,harvest / drying,131.4,5639.3,318964.9515941321,"High flood risk in Aweil West this week: q50 3.5 km², above most November weeks since 2000. Harvest / drying: harvest window closing — move produce and equipment to higher ground before water rises. Approx. 131 ha of mapped crops in the Aweil West floodplain are at risk. Approx. 5,639 ha of rangeland at risk; plan early herd movement. (Aweil West maps ~318,965 cattle in baseline.)"
2022-11-14,Aweil Centre,1.51,0.864,0,harvest / drying,0.0,217.3,364961.8333817694,"SEVERE flood expected in Aweil Centre this week: q50 1.5 km², above the 95th percentile of all November weeks since 2000. Approx. 217 ha of rangeland at risk; plan early herd movement. (Aweil Centre maps ~364,962 cattle in baseline.)"
2022-11-14,Aweil East,70.27,0.916,2,harvest / drying,1270.2,16621.6,505027.7802561831,"High flood risk in Aweil East this week: q50 70.3 km², above most November weeks since 2000. Harvest / drying: harvest window closing — move produce and equipment to higher ground before water rises. Approx. 1,270 ha of mapped crops in the Aweil East floodplain are at risk. Approx. 16,622 ha of rangeland at risk; plan early herd movement. (Aweil East maps ~505,028 cattle in baseline.)"
2022-11-14,Aweil North,0.28,0.721,2,harvest / drying,74.6,2868.3,463800.5038861725,"High flood risk in Aweil North this week: q50 0.3 km², above most November weeks since 2000. Harvest / drying: harvest window closing — move produce and equipment to higher ground before water rises. Approx. 75 ha of mapped crops in the Aweil North floodplain are at risk. Approx. 2,868 ha of rangeland at risk; plan early herd movement. (Aweil North maps ~463,801 cattle in baseline.)"
2022-11-14,Aweil South,85.68,0.914,3,harvest / drying,1791.7,28707.9,141256.8006910938,"SEVERE flood expected in Aweil South this week: q50 85.7 km², above the 95th percentile of all November weeks since 2000. Harvest / drying: harvest window closing — move produce and equipment to higher ground before water rises. Approx. 1,792 ha of mapped crops in the Aweil South floodplain are at risk. Approx. 28,708 ha of rangeland at risk; plan early herd movement. (Aweil South maps ~141,257 cattle in baseline.)"
2022-11-14,Aweil West,2.33,0.883,2,harvest / drying,88.6,3801.1,318964.9515941321,"High flood risk in Aweil West this week: q50 2.3 km², above most November weeks since 2000. Harvest / drying: harvest window closing — move produce and equipment to higher ground before water rises. Approx. 89 ha of mapped crops in the Aweil West floodplain are at risk. Approx. 3,801 ha of rangeland at risk; plan early herd movement. (Aweil West maps ~318,965 cattle in baseline.)"
2022-11-21,Aweil Centre,0.29,0.752,0,harvest / drying,0.0,42.3,364961.8333817694,"SEVERE flood expected in Aweil Centre this week: q50 0.3 km², above the 95th percentile of all November weeks since 2000. Approx. 42 ha of rangeland at risk; plan early herd movement. (Aweil Centre maps ~364,962 cattle in baseline.)"
2022-11-21,Aweil East,85.44,0.913,2,harvest / drying,1544.4,20209.2,505027.7802561831,"High flood risk in Aweil East this week: q50 85.4 km², above most November weeks since 2000. Harvest / drying: harvest window closing — move produce and equipment to higher ground before water rises. Approx. 1,544 ha of mapped crops in the Aweil East floodplain are at risk. Approx. 20,209 ha of rangeland at risk; plan early herd movement. (Aweil East maps ~505,028 cattle in baseline.)"
2022-11-21,Aweil North,0.1,0.354,0,harvest / drying,27.2,1043.7,463800.5038861725,"No flood expected in Aweil North this week (q50 0.1 km²). Routine monitoring. Approx. 27 ha of mapped crops in the Aweil North floodplain are at risk. Approx. 1,044 ha of rangeland at risk; plan early herd movement. (Aweil North maps ~463,801 cattle in baseline.)"
2022-11-21,Aweil South,85.45,0.915,3,harvest / drying,1787.0,28631.8,141256.8006910938,"SEVERE flood expected in Aweil South this week: q50 85.4 km², above the 95th percentile of all November weeks since 2000. Harvest / drying: harvest window closing — move produce and equipment to higher ground before water rises. Approx. 1,787 ha of mapped crops in the Aweil South floodplain are at risk. Approx. 28,632 ha of rangeland at risk; plan early herd movement. (Aweil South maps ~141,257 cattle in baseline.)"
2022-11-21,Aweil West,0.0,0.741,0,harvest / drying,0.1,3.1,318964.9515941321,"SEVERE flood expected in Aweil West this week: q50 0.0 km², above the 95th percentile of all November weeks since 2000. Approx. 3 ha of rangeland at risk; plan early herd movement. (Aweil West maps ~318,965 cattle in baseline.)"
2022-11-28,Aweil Centre,0.19,0.626,0,harvest / drying,0.0,27.3,364961.8333817694,"SEVERE flood expected in Aweil Centre this week: q50 0.2 km², above the 95th percentile of all November weeks since 2000. Approx. 27 ha of rangeland at risk; plan early herd movement. (Aweil Centre maps ~364,962 cattle in baseline.)"
2022-11-28,Aweil East,39.68,0.933,2,harvest / drying,717.3,9386.1,505027.7802561831,"High flood risk in Aweil East this week: q50 39.7 km², above most November weeks since 2000. Harvest / drying: harvest window closing — move produce and equipment to higher ground before water rises. Approx. 717 ha of mapped crops in the Aweil East floodplain are at risk. Approx. 9,386 ha of rangeland at risk; plan early herd movement. (Aweil East maps ~505,028 cattle in baseline.)"
2022-11-28,Aweil North,0.0,0.133,0,harvest / drying,1.0,37.8,463800.5038861725,"No flood expected in Aweil North this week (q50 0.0 km²). Routine monitoring. Approx. 38 ha of rangeland at risk; plan early herd movement. (Aweil North maps ~463,801 cattle in baseline.)"
2022-11-28,Aweil South,86.05,0.934,3,harvest / drying,1799.5,28832.3,141256.8006910938,"SEVERE flood expected in Aweil South this week: q50 86.0 km², above the 95th percentile of all November weeks since 2000. Harvest / drying: harvest window closing — move produce and equipment to higher ground before water rises. Approx. 1,800 ha of mapped crops in the Aweil South floodplain are at risk. Approx. 28,832 ha of rangeland at risk; plan early herd movement. (Aweil South maps ~141,257 cattle in baseline.)"
2022-11-28,Aweil West,0.14,0.323,0,harvest / drying,5.4,230.1,318964.9515941321,"No flood expected in Aweil West this week (q50 0.1 km²). Routine monitoring. Approx. 5 ha of mapped crops in the Aweil West floodplain are at risk. Approx. 230 ha of rangeland at risk; plan early herd movement. (Aweil West maps ~318,965 cattle in baseline.)"
2022-12-05,Aweil Centre,0.0,0.272,0,dry season,0.0,0.0,364961.8333817694,"No flood expected in Aweil Centre this week (q50 0.0 km²). Routine monitoring. (Aweil Centre maps ~364,962 cattle in baseline.)"
2022-12-05,Aweil East,3.34,0.909,2,dry season,620.7,12600.6,505027.7802561831,"High flood risk in Aweil East this week: q50 3.3 km², above most December weeks since 2000. Dry season: little active cropping; floodplain grazing and residual flooding dominate. Approx. 621 ha of mapped crops in the Aweil East floodplain are at risk. Approx. 12,601 ha of rangeland at risk; plan early herd movement. (Aweil East maps ~505,028 cattle in baseline.)"
2022-12-05,Aweil North,0.0,0.053,0,dry season,0.0,0.0,463800.5038861725,"No flood expected in Aweil North this week (q50 0.0 km²). Routine monitoring. (Aweil North maps ~463,801 cattle in baseline.)"
2022-12-05,Aweil South,85.39,0.911,3,dry season,1302.8,26094.0,141256.8006910938,"SEVERE flood expected in Aweil South this week: q50 85.4 km², above the 95th percentile of all December weeks since 2000. Dry season: little active cropping; floodplain grazing and residual flooding dominate. Approx. 1,303 ha of mapped crops in the Aweil South floodplain are at risk. Approx. 26,094 ha of rangeland at risk; plan early herd movement. (Aweil South maps ~141,257 cattle in baseline.)"
2022-12-05,Aweil West,0.0,0.089,0,dry season,0.0,0.0,318964.9515941321,"No flood expected in Aweil West this week (q50 0.0 km²). Routine monitoring. (Aweil West maps ~318,965 cattle in baseline.)"
2022-12-12,Aweil Centre,0.0,0.095,0,dry season,0.0,0.0,364961.8333817694,"No flood expected in Aweil Centre this week (q50 0.0 km²). Routine monitoring. (Aweil Centre maps ~364,962 cattle in baseline.)"
2022-12-12,Aweil East,5.08,0.91,3,dry season,944.6,19174.6,505027.7802561831,"SEVERE flood expected in Aweil East this week: q50 5.1 km², above the 95th percentile of all December weeks since 2000. Dry season: little active cropping; floodplain grazing and residual flooding dominate. Approx. 945 ha of mapped crops in the Aweil East floodplain are at risk. Approx. 19,175 ha of rangeland at risk; plan early herd movement. (Aweil East maps ~505,028 cattle in baseline.)"
2022-12-12,Aweil North,0.0,0.033,0,dry season,0.0,0.0,463800.5038861725,"No flood expected in Aweil North this week (q50 0.0 km²). Routine monitoring. (Aweil North maps ~463,801 cattle in baseline.)"
2022-12-12,Aweil South,82.16,0.914,3,dry season,1302.8,26094.0,141256.8006910938,"SEVERE flood expected in Aweil South this week: q50 82.2 km², above the 95th percentile of all December weeks since 2000. Dry season: little active cropping; floodplain grazing and residual flooding dominate. Approx. 1,303 ha of mapped crops in the Aweil South floodplain are at risk. Approx. 26,094 ha of rangeland at risk; plan early herd movement. (Aweil South maps ~141,257 cattle in baseline.)"
2022-12-12,Aweil West,0.0,0.053,0,dry season,0.0,0.0,318964.9515941321,"No flood expected in Aweil West this week (q50 0.0 km²). Routine monitoring. (Aweil West maps ~318,965 cattle in baseline.)"
2022-12-19,Aweil Centre,0.0,0.043,0,dry season,0.0,0.0,364961.8333817694,"No flood expected in Aweil Centre this week (q50 0.0 km²). Routine monitoring. (Aweil Centre maps ~364,962 cattle in baseline.)"
2022-12-19,Aweil East,2.31,0.892,2,dry season,428.8,8704.2,505027.7802561831,"High flood risk in Aweil East this week: q50 2.3 km², above most December weeks since 2000. Dry season: little active cropping; floodplain grazing and residual flooding dominate. Approx. 429 ha of mapped crops in the Aweil East floodplain are at risk. Approx. 8,704 ha of rangeland at risk; plan early herd movement. (Aweil East maps ~505,028 cattle in baseline.)"
2022-12-19,Aweil North,0.0,0.034,0,dry season,0.0,0.0,463800.5038861725,"No flood expected in Aweil North this week (q50 0.0 km²). Routine monitoring. (Aweil North maps ~463,801 cattle in baseline.)"
2022-12-19,Aweil South,30.3,0.9,3,dry season,1302.8,26094.0,141256.8006910938,"SEVERE flood expected in Aweil South this week: q50 30.3 km², above the 95th percentile of all December weeks since 2000. Dry season: little active cropping; floodplain grazing and residual flooding dominate. Approx. 1,303 ha of mapped crops in the Aweil South floodplain are at risk. Approx. 26,094 ha of rangeland at risk; plan early herd movement. (Aweil South maps ~141,257 cattle in baseline.)"
2022-12-19,Aweil West,0.0,0.034,0,dry season,0.0,0.0,318964.9515941321,"No flood expected in Aweil West this week (q50 0.0 km²). Routine monitoring. (Aweil West maps ~318,965 cattle in baseline.)"
2022-12-26,Aweil Centre,0.0,0.04,0,dry season,0.0,0.0,364961.8333817694,"No flood expected in Aweil Centre this week (q50 0.0 km²). Routine monitoring. (Aweil Centre maps ~364,962 cattle in baseline.)"
2022-12-26,Aweil East,0.51,0.779,0,dry season,94.4,1916.0,505027.7802561831,"SEVERE flood expected in Aweil East this week: q50 0.5 km², above the 95th percentile of all December weeks since 2000. Approx. 94 ha of mapped crops in the Aweil East floodplain are at risk. Approx. 1,916 ha of rangeland at risk; plan early herd movement. (Aweil East maps ~505,028 cattle in baseline.)"
2022-12-26,Aweil North,0.0,0.032,0,dry season,0.0,0.0,463800.5038861725,"No flood expected in Aweil North this week (q50 0.0 km²). Routine monitoring. (Aweil North maps ~463,801 cattle in baseline.)"
2022-12-26,Aweil South,6.96,0.92,2,dry season,439.0,8791.9,141256.8006910938,"High flood risk in Aweil South this week: q50 7.0 km², above most December weeks since 2000. Dry season: little active cropping; floodplain grazing and residual flooding dominate. Approx. 439 ha of mapped crops in the Aweil South floodplain are at risk. Approx. 8,792 ha of rangeland at risk; plan early herd movement. (Aweil South maps ~141,257 cattle in baseline.)"
2022-12-26,Aweil West,0.0,0.033,0,dry season,0.0,0.0,318964.9515941321,"No flood expected in Aweil West this week (q50 0.0 km²). Routine monitoring. (Aweil West maps ~318,965 cattle in baseline.)"
2023-01-02,Aweil Centre,0.0,0.048,0,dry season (late phase),0.0,0.0,364961.8333817694,"No flood expected in Aweil Centre this week (q50 0.0 km²). Routine monitoring. (Aweil Centre maps ~364,962 cattle in baseline.)"
2023-01-02,Aweil East,0.3,0.527,3,dry season (late phase),0.0,778.0,505027.7802561831,"SEVERE flood expected in Aweil East this week: q50 0.3 km², above the 95th percentile of all January weeks since 2000. Dry season (late phase): little active cropping; floodplain grazing and residual flooding dominate. Approx. 778 ha of rangeland at risk; plan early herd movement. (Aweil East maps ~505,028 cattle in baseline.)"
2023-01-02,Aweil North,0.0,0.031,0,dry season (late phase),0.0,0.0,463800.5038861725,"No flood expected in Aweil North this week (q50 0.0 km²). Routine monitoring. (Aweil North maps ~463,801 cattle in baseline.)"
2023-01-02,Aweil South,0.01,0.786,0,dry season (late phase),0.0,0.7,141256.8006910938,"SEVERE flood expected in Aweil South this week: q50 0.0 km², above the 95th percentile of all January weeks since 2000. (Aweil South maps ~141,257 cattle in baseline.)"
2023-01-02,Aweil West,0.0,0.029,0,dry season (late phase),0.0,0.0,318964.9515941321,"No flood expected in Aweil West this week (q50 0.0 km²). Routine monitoring. (Aweil West maps ~318,965 cattle in baseline.)"
2023-01-09,Aweil Centre,0.0,0.047,0,dry season (late phase),0.0,0.0,364961.8333817694,"No flood expected in Aweil Centre this week (q50 0.0 km²). Routine monitoring. (Aweil Centre maps ~364,962 cattle in baseline.)"
2023-01-09,Aweil East,0.12,0.323,2,dry season (late phase),0.0,667.3,505027.7802561831,"High flood risk in Aweil East this week: q50 0.1 km², above most January weeks since 2000. Dry season (late phase): little active cropping; floodplain grazing and residual flooding dominate. Approx. 667 ha of rangeland at risk; plan early herd movement. (Aweil East maps ~505,028 cattle in baseline.)"
2023-01-09,Aweil North,0.0,0.033,0,dry season (late phase),0.0,0.0,463800.5038861725,"No flood expected in Aweil North this week (q50 0.0 km²). Routine monitoring. (Aweil North maps ~463,801 cattle in baseline.)"
2023-01-09,Aweil South,0.19,0.386,2,dry season (late phase),0.4,14.1,141256.8006910938,"High flood risk in Aweil South this week: q50 0.2 km², above most January weeks since 2000. Dry season (late phase): little active cropping; floodplain grazing and residual flooding dominate. Approx. 14 ha of rangeland at risk; plan early herd movement. (Aweil South maps ~141,257 cattle in baseline.)"
2023-01-09,Aweil West,0.0,0.032,0,dry season (late phase),0.0,0.0,318964.9515941321,"No flood expected in Aweil West this week (q50 0.0 km²). Routine monitoring. (Aweil West maps ~318,965 cattle in baseline.)"
2023-01-16,Aweil Centre,0.0,0.045,0,dry season (late phase),0.0,0.0,364961.8333817694,"No flood expected in Aweil Centre this week (q50 0.0 km²). Routine monitoring. (Aweil Centre maps ~364,962 cattle in baseline.)"
2023-01-16,Aweil East,0.09,0.359,2,dry season (late phase),0.0,523.6,505027.7802561831,"High flood risk in Aweil East this week: q50 0.1 km², above most January weeks since 2000. Dry season (late phase): little active cropping; floodplain grazing and residual flooding dominate. Approx. 524 ha of rangeland at risk; plan early herd movement. (Aweil East maps ~505,028 cattle in baseline.)"
2023-01-16,Aweil North,0.0,0.031,0,dry season (late phase),0.0,0.0,463800.5038861725,"No flood expected in Aweil North this week (q50 0.0 km²). Routine monitoring. (Aweil North maps ~463,801 cattle in baseline.)"
2023-01-16,Aweil South,0.02,0.216,0,dry season (late phase),0.0,1.3,141256.8006910938,"No flood expected in Aweil South this week (q50 0.0 km²). Routine monitoring. Approx. 1 ha of rangeland at risk; plan early herd movement. (Aweil South maps ~141,257 cattle in baseline.)"
2023-01-16,Aweil West,0.0,0.03,0,dry season (late phase),0.0,0.0,318964.9515941321,"No flood expected in Aweil West this week (q50 0.0 km²). Routine monitoring. (Aweil West maps ~318,965 cattle in baseline.)"
2023-01-23,Aweil Centre,0.0,0.052,0,dry season (late phase),0.0,0.0,364961.8333817694,"No flood expected in Aweil Centre this week (q50 0.0 km²). Routine monitoring. (Aweil Centre maps ~364,962 cattle in baseline.)"
2023-01-23,Aweil East,0.13,0.344,2,dry season (late phase),0.0,702.6,505027.7802561831,"High flood risk in Aweil East this week: q50 0.1 km², above most January weeks since 2000. Dry season (late phase): little active cropping; floodplain grazing and residual flooding dominate. Approx. 703 ha of rangeland at risk; plan early herd movement. (Aweil East maps ~505,028 cattle in baseline.)"
2023-01-23,Aweil North,0.0,0.036,0,dry season (late phase),0.0,0.0,463800.5038861725,"No flood expected in Aweil North this week (q50 0.0 km²). Routine monitoring. (Aweil North maps ~463,801 cattle in baseline.)"
2023-01-23,Aweil South,0.0,0.102,0,dry season (late phase),0.0,0.0,141256.8006910938,"No flood expected in Aweil South this week (q50 0.0 km²). Routine monitoring. (Aweil South maps ~141,257 cattle in baseline.)"
2023-01-23,Aweil West,0.0,0.032,0,dry season (late phase),0.0,0.0,318964.9515941321,"No flood expected in Aweil West this week (q50 0.0 km²). Routine monitoring. (Aweil West maps ~318,965 cattle in baseline.)"
2023-01-30,Aweil Centre,0.0,0.047,0,dry season (late phase),0.0,0.0,364961.8333817694,"No flood expected in Aweil Centre this week (q50 0.0 km²). Routine monitoring. (Aweil Centre maps ~364,962 cattle in baseline.)"
2023-01-30,Aweil East,0.01,0.27,0,dry season (late phase),0.0,56.3,505027.7802561831,"No flood expected in Aweil East this week (q50 0.0 km²). Routine monitoring. Approx. 56 ha of rangeland at risk; plan early herd movement. (Aweil East maps ~505,028 cattle in baseline.)"
2023-01-30,Aweil North,0.0,0.032,0,dry season (late phase),0.0,0.0,463800.5038861725,"No flood expected in Aweil North this week (q50 0.0 km²). Routine monitoring. (Aweil North maps ~463,801 cattle in baseline.)"
2023-01-30,Aweil South,0.0,0.041,0,dry season (late phase),0.0,0.0,141256.8006910938,"No flood expected in Aweil South this week (q50 0.0 km²). Routine monitoring. (Aweil South maps ~141,257 cattle in baseline.)"
2023-01-30,Aweil West,0.0,0.028,0,dry season (late phase),0.0,0.0,318964.9515941321,"No flood expected in Aweil West this week (q50 0.0 km²). Routine monitoring. (Aweil West maps ~318,965 cattle in baseline.)"
2023-02-06,Aweil Centre,0.0,0.053,0,dry season,0.0,0.0,364961.8333817694,"No flood expected in Aweil Centre this week (q50 0.0 km²). Routine monitoring. (Aweil Centre maps ~364,962 cattle in baseline.)"
2023-02-06,Aweil East,0.0,0.105,0,dry season,0.0,0.0,505027.7802561831,"No flood expected in Aweil East this week (q50 0.0 km²). Routine monitoring. (Aweil East maps ~505,028 cattle in baseline.)"
2023-02-06,Aweil North,0.0,0.036,0,dry season,0.0,0.0,463800.5038861725,"No flood expected in Aweil North this week (q50 0.0 km²). Routine monitoring. (Aweil North maps ~463,801 cattle in baseline.)"
2023-02-06,Aweil South,0.0,0.039,0,dry season,0.0,0.0,141256.8006910938,"No flood expected in Aweil South this week (q50 0.0 km²). Routine monitoring. (Aweil South maps ~141,257 cattle in baseline.)"
2023-02-06,Aweil West,0.0,0.033,0,dry season,0.0,0.0,318964.9515941321,"No flood expected in Aweil West this week (q50 0.0 km²). Routine monitoring. (Aweil West maps ~318,965 cattle in baseline.)"
2023-02-13,Aweil Centre,0.0,0.031,0,dry season,0.0,0.0,364961.8333817694,"No flood expected in Aweil Centre this week (q50 0.0 km²). Routine monitoring. (Aweil Centre maps ~364,962 cattle in baseline.)"
2023-02-13,Aweil East,0.0,0.041,0,dry season,0.0,0.0,505027.7802561831,"No flood expected in Aweil East this week (q50 0.0 km²). Routine monitoring. (Aweil East maps ~505,028 cattle in baseline.)"
2023-02-13,Aweil North,0.0,0.027,0,dry season,0.0,0.0,463800.5038861725,"No flood expected in Aweil North this week (q50 0.0 km²). Routine monitoring. (Aweil North maps ~463,801 cattle in baseline.)"
2023-02-13,Aweil South,0.0,0.028,0,dry season,0.0,0.0,141256.8006910938,"No flood expected in Aweil South this week (q50 0.0 km²). Routine monitoring. (Aweil South maps ~141,257 cattle in baseline.)"
2023-02-13,Aweil West,0.0,0.028,0,dry season,0.0,0.0,318964.9515941321,"No flood expected in Aweil West this week (q50 0.0 km²). Routine monitoring. (Aweil West maps ~318,965 cattle in baseline.)"
2023-02-20,Aweil Centre,0.0,0.033,0,dry season,0.0,0.0,364961.8333817694,"No flood expected in Aweil Centre this week (q50 0.0 km²). Routine monitoring. (Aweil Centre maps ~364,962 cattle in baseline.)"
2023-02-20,Aweil East,0.0,0.035,0,dry season,0.0,0.0,505027.7802561831,"No flood expected in Aweil East this week (q50 0.0 km²). Routine monitoring. (Aweil East maps ~505,028 cattle in baseline.)"
2023-02-20,Aweil North,0.0,0.028,0,dry season,0.0,0.0,463800.5038861725,"No flood expected in Aweil North this week (q50 0.0 km²). Routine monitoring. (Aweil North maps ~463,801 cattle in baseline.)"
2023-02-20,Aweil South,0.0,0.03,0,dry season,0.0,0.0,141256.8006910938,"No flood expected in Aweil South this week (q50 0.0 km²). Routine monitoring. (Aweil South maps ~141,257 cattle in baseline.)"
2023-02-20,Aweil West,0.0,0.027,0,dry season,0.0,0.0,318964.9515941321,"No flood expected in Aweil West this week (q50 0.0 km²). Routine monitoring. (Aweil West maps ~318,965 cattle in baseline.)"
2023-02-27,Aweil Centre,0.0,0.032,0,dry season,0.0,0.0,364961.8333817694,"No flood expected in Aweil Centre this week (q50 0.0 km²). Routine monitoring. (Aweil Centre maps ~364,962 cattle in baseline.)"
2023-02-27,Aweil East,0.0,0.034,0,dry season,0.0,0.0,505027.7802561831,"No flood expected in Aweil East this week (q50 0.0 km²). Routine monitoring. (Aweil East maps ~505,028 cattle in baseline.)"
2023-02-27,Aweil North,0.0,0.029,0,dry season,0.0,0.0,463800.5038861725,"No flood expected in Aweil North this week (q50 0.0 km²). Routine monitoring. (Aweil North maps ~463,801 cattle in baseline.)"
2023-02-27,Aweil South,0.0,0.03,0,dry season,0.0,0.0,141256.8006910938,"No flood expected in Aweil South this week (q50 0.0 km²). Routine monitoring. (Aweil South maps ~141,257 cattle in baseline.)"
2023-02-27,Aweil West,0.0,0.029,0,dry season,0.0,0.0,318964.9515941321,"No flood expected in Aweil West this week (q50 0.0 km²). Routine monitoring. (Aweil West maps ~318,965 cattle in baseline.)"
2023-03-06,Aweil Centre,0.0,0.029,0,early season (sowing),0.0,0.0,364961.8333817694,"No flood expected in Aweil Centre this week (q50 0.0 km²). Routine monitoring. (Aweil Centre maps ~364,962 cattle in baseline.)"
2023-03-06,Aweil East,0.0,0.032,0,early season (sowing),0.0,0.0,505027.7802561831,"No flood expected in Aweil East this week (q50 0.0 km²). Routine monitoring. (Aweil East maps ~505,028 cattle in baseline.)"
2023-03-06,Aweil North,0.0,0.023,0,early season (sowing),0.0,0.0,463800.5038861725,"No flood expected in Aweil North this week (q50 0.0 km²). Routine monitoring. (Aweil North maps ~463,801 cattle in baseline.)"
2023-03-06,Aweil South,0.0,0.025,0,early season (sowing),0.0,0.0,141256.8006910938,"No flood expected in Aweil South this week (q50 0.0 km²). Routine monitoring. (Aweil South maps ~141,257 cattle in baseline.)"
2023-03-06,Aweil West,0.0,0.024,0,early season (sowing),0.0,0.0,318964.9515941321,"No flood expected in Aweil West this week (q50 0.0 km²). Routine monitoring. (Aweil West maps ~318,965 cattle in baseline.)"
2023-03-13,Aweil Centre,0.0,0.029,0,early season (sowing),0.0,0.0,364961.8333817694,"No flood expected in Aweil Centre this week (q50 0.0 km²). Routine monitoring. (Aweil Centre maps ~364,962 cattle in baseline.)"
2023-03-13,Aweil East,0.0,0.032,0,early season (sowing),0.0,0.0,505027.7802561831,"No flood expected in Aweil East this week (q50 0.0 km²). Routine monitoring. (Aweil East maps ~505,028 cattle in baseline.)"
2023-03-13,Aweil North,0.0,0.025,0,early season (sowing),0.0,0.0,463800.5038861725,"No flood expected in Aweil North this week (q50 0.0 km²). Routine monitoring. (Aweil North maps ~463,801 cattle in baseline.)"
2023-03-13,Aweil South,0.0,0.026,0,early season (sowing),0.0,0.0,141256.8006910938,"No flood expected in Aweil South this week (q50 0.0 km²). Routine monitoring. (Aweil South maps ~141,257 cattle in baseline.)"
2023-03-13,Aweil West,0.0,0.027,0,early season (sowing),0.0,0.0,318964.9515941321,"No flood expected in Aweil West this week (q50 0.0 km²). Routine monitoring. (Aweil West maps ~318,965 cattle in baseline.)"
2023-03-20,Aweil Centre,0.0,0.029,0,early season (sowing),0.0,0.0,364961.8333817694,"No flood expected in Aweil Centre this week (q50 0.0 km²). Routine monitoring. (Aweil Centre maps ~364,962 cattle in baseline.)"
2023-03-20,Aweil East,0.0,0.033,0,early season (sowing),0.0,0.0,505027.7802561831,"No flood expected in Aweil East this week (q50 0.0 km²). Routine monitoring. (Aweil East maps ~505,028 cattle in baseline.)"
2023-03-20,Aweil North,0.0,0.024,0,early season (sowing),0.0,0.0,463800.5038861725,"No flood expected in Aweil North this week (q50 0.0 km²). Routine monitoring. (Aweil North maps ~463,801 cattle in baseline.)"
2023-03-20,Aweil South,0.0,0.026,0,early season (sowing),0.0,0.0,141256.8006910938,"No flood expected in Aweil South this week (q50 0.0 km²). Routine monitoring. (Aweil South maps ~141,257 cattle in baseline.)"
2023-03-20,Aweil West,0.0,0.024,0,early season (sowing),0.0,0.0,318964.9515941321,"No flood expected in Aweil West this week (q50 0.0 km²). Routine monitoring. (Aweil West maps ~318,965 cattle in baseline.)"
2023-03-27,Aweil Centre,0.0,0.038,0,early season (sowing),0.0,0.0,364961.8333817694,"No flood expected in Aweil Centre this week (q50 0.0 km²). Routine monitoring. (Aweil Centre maps ~364,962 cattle in baseline.)"
2023-03-27,Aweil East,0.0,0.046,0,early season (sowing),0.0,0.0,505027.7802561831,"No flood expected in Aweil East this week (q50 0.0 km²). Routine monitoring. (Aweil East maps ~505,028 cattle in baseline.)"
2023-03-27,Aweil North,0.0,0.031,0,early season (sowing),0.0,0.0,463800.5038861725,"No flood expected in Aweil North this week (q50 0.0 km²). Routine monitoring. (Aweil North maps ~463,801 cattle in baseline.)"
2023-03-27,Aweil South,0.0,0.034,0,early season (sowing),0.0,0.0,141256.8006910938,"No flood expected in Aweil South this week (q50 0.0 km²). Routine monitoring. (Aweil South maps ~141,257 cattle in baseline.)"
2023-03-27,Aweil West,0.0,0.031,0,early season (sowing),0.0,0.0,318964.9515941321,"No flood expected in Aweil West this week (q50 0.0 km²). Routine monitoring. (Aweil West maps ~318,965 cattle in baseline.)"
2023-04-03,Aweil Centre,0.0,0.032,0,crop establishment,0.0,0.0,364961.8333817694,"No flood expected in Aweil Centre this week (q50 0.0 km²). Routine monitoring. (Aweil Centre maps ~364,962 cattle in baseline.)"
2023-04-03,Aweil East,0.0,0.035,0,crop establishment,0.0,0.0,505027.7802561831,"No flood expected in Aweil East this week (q50 0.0 km²). Routine monitoring. (Aweil East maps ~505,028 cattle in baseline.)"
2023-04-03,Aweil North,0.0,0.028,0,crop establishment,0.0,0.0,463800.5038861725,"No flood expected in Aweil North this week (q50 0.0 km²). Routine monitoring. (Aweil North maps ~463,801 cattle in baseline.)"
2023-04-03,Aweil South,0.0,0.029,0,crop establishment,0.0,0.0,141256.8006910938,"No flood expected in Aweil South this week (q50 0.0 km²). Routine monitoring. (Aweil South maps ~141,257 cattle in baseline.)"
2023-04-03,Aweil West,0.0,0.028,0,crop establishment,0.0,0.0,318964.9515941321,"No flood expected in Aweil West this week (q50 0.0 km²). Routine monitoring. (Aweil West maps ~318,965 cattle in baseline.)"
2023-04-10,Aweil Centre,0.0,0.029,0,crop establishment,0.0,0.0,364961.8333817694,"No flood expected in Aweil Centre this week (q50 0.0 km²). Routine monitoring. (Aweil Centre maps ~364,962 cattle in baseline.)"
2023-04-10,Aweil East,0.0,0.034,0,crop establishment,0.0,0.0,505027.7802561831,"No flood expected in Aweil East this week (q50 0.0 km²). Routine monitoring. (Aweil East maps ~505,028 cattle in baseline.)"
2023-04-10,Aweil North,0.0,0.027,0,crop establishment,0.0,0.0,463800.5038861725,"No flood expected in Aweil North this week (q50 0.0 km²). Routine monitoring. (Aweil North maps ~463,801 cattle in baseline.)"
2023-04-10,Aweil South,0.0,0.029,0,crop establishment,0.0,0.0,141256.8006910938,"No flood expected in Aweil South this week (q50 0.0 km²). Routine monitoring. (Aweil South maps ~141,257 cattle in baseline.)"
2023-04-10,Aweil West,0.0,0.027,0,crop establishment,0.0,0.0,318964.9515941321,"No flood expected in Aweil West this week (q50 0.0 km²). Routine monitoring. (Aweil West maps ~318,965 cattle in baseline.)"
2023-04-17,Aweil Centre,0.0,0.04,0,crop establishment,0.0,0.0,364961.8333817694,"No flood expected in Aweil Centre this week (q50 0.0 km²). Routine monitoring. (Aweil Centre maps ~364,962 cattle in baseline.)"
2023-04-17,Aweil East,0.0,0.049,0,crop establishment,0.0,0.0,505027.7802561831,"No flood expected in Aweil East this week (q50 0.0 km²). Routine monitoring. (Aweil East maps ~505,028 cattle in baseline.)"
2023-04-17,Aweil North,0.0,0.037,0,crop establishment,0.0,0.0,463800.5038861725,"No flood expected in Aweil North this week (q50 0.0 km²). Routine monitoring. (Aweil North maps ~463,801 cattle in baseline.)"
2023-04-17,Aweil South,0.0,0.038,0,crop establishment,0.0,0.0,141256.8006910938,"No flood expected in Aweil South this week (q50 0.0 km²). Routine monitoring. (Aweil South maps ~141,257 cattle in baseline.)"
2023-04-17,Aweil West,0.0,0.037,0,crop establishment,0.0,0.0,318964.9515941321,"No flood expected in Aweil West this week (q50 0.0 km²). Routine monitoring. (Aweil West maps ~318,965 cattle in baseline.)"
2023-04-24,Aweil Centre,0.0,0.041,0,crop establishment,0.0,0.0,364961.8333817694,"No flood expected in Aweil Centre this week (q50 0.0 km²). Routine monitoring. (Aweil Centre maps ~364,962 cattle in baseline.)"
2023-04-24,Aweil East,0.0,0.056,0,crop establishment,0.0,0.0,505027.7802561831,"No flood expected in Aweil East this week (q50 0.0 km²). Routine monitoring. (Aweil East maps ~505,028 cattle in baseline.)"
2023-04-24,Aweil North,0.0,0.037,0,crop establishment,0.0,0.0,463800.5038861725,"No flood expected in Aweil North this week (q50 0.0 km²). Routine monitoring. (Aweil North maps ~463,801 cattle in baseline.)"
2023-04-24,Aweil South,0.0,0.042,0,crop establishment,0.0,0.0,141256.8006910938,"No flood expected in Aweil South this week (q50 0.0 km²). Routine monitoring. (Aweil South maps ~141,257 cattle in baseline.)"
2023-04-24,Aweil West,0.0,0.038,0,crop establishment,0.0,0.0,318964.9515941321,"No flood expected in Aweil West this week (q50 0.0 km²). Routine monitoring. (Aweil West maps ~318,965 cattle in baseline.)"
2023-05-01,Aweil Centre,0.0,0.023,0,vegetative growth,0.0,0.0,364961.8333817694,"No flood expected in Aweil Centre this week (q50 0.0 km²). Routine monitoring. (Aweil Centre maps ~364,962 cattle in baseline.)"
2023-05-01,Aweil East,0.0,0.031,0,vegetative growth,0.0,0.0,505027.7802561831,"No flood expected in Aweil East this week (q50 0.0 km²). Routine monitoring. (Aweil East maps ~505,028 cattle in baseline.)"
2023-05-01,Aweil North,0.0,0.023,0,vegetative growth,0.0,0.0,463800.5038861725,"No flood expected in Aweil North this week (q50 0.0 km²). Routine monitoring. (Aweil North maps ~463,801 cattle in baseline.)"
2023-05-01,Aweil South,0.0,0.024,0,vegetative growth,0.0,0.0,141256.8006910938,"No flood expected in Aweil South this week (q50 0.0 km²). Routine monitoring. (Aweil South maps ~141,257 cattle in baseline.)"
2023-05-01,Aweil West,0.0,0.022,0,vegetative growth,0.0,0.0,318964.9515941321,"No flood expected in Aweil West this week (q50 0.0 km²). Routine monitoring. (Aweil West maps ~318,965 cattle in baseline.)"
2023-05-08,Aweil Centre,0.0,0.037,0,vegetative growth,0.0,0.0,364961.8333817694,"No flood expected in Aweil Centre this week (q50 0.0 km²). Routine monitoring. (Aweil Centre maps ~364,962 cattle in baseline.)"
2023-05-08,Aweil East,0.0,0.049,0,vegetative growth,0.0,0.0,505027.7802561831,"No flood expected in Aweil East this week (q50 0.0 km²). Routine monitoring. (Aweil East maps ~505,028 cattle in baseline.)"
2023-05-08,Aweil North,0.0,0.038,0,vegetative growth,0.0,0.0,463800.5038861725,"No flood expected in Aweil North this week (q50 0.0 km²). Routine monitoring. (Aweil North maps ~463,801 cattle in baseline.)"
2023-05-08,Aweil South,0.0,0.039,0,vegetative growth,0.0,0.0,141256.8006910938,"No flood expected in Aweil South this week (q50 0.0 km²). Routine monitoring. (Aweil South maps ~141,257 cattle in baseline.)"
2023-05-08,Aweil West,0.0,0.035,0,vegetative growth,0.0,0.0,318964.9515941321,"No flood expected in Aweil West this week (q50 0.0 km²). Routine monitoring. (Aweil West maps ~318,965 cattle in baseline.)"
2023-05-15,Aweil Centre,0.0,0.032,0,vegetative growth,0.0,0.0,364961.8333817694,"No flood expected in Aweil Centre this week (q50 0.0 km²). Routine monitoring. (Aweil Centre maps ~364,962 cattle in baseline.)"
2023-05-15,Aweil East,0.0,0.039,0,vegetative growth,0.0,0.0,505027.7802561831,"No flood expected in Aweil East this week (q50 0.0 km²). Routine monitoring. (Aweil East maps ~505,028 cattle in baseline.)"
2023-05-15,Aweil North,0.0,0.029,0,vegetative growth,0.0,0.0,463800.5038861725,"No flood expected in Aweil North this week (q50 0.0 km²). Routine monitoring. (Aweil North maps ~463,801 cattle in baseline.)"
2023-05-15,Aweil South,0.0,0.03,0,vegetative growth,0.0,0.0,141256.8006910938,"No flood expected in Aweil South this week (q50 0.0 km²). Routine monitoring. (Aweil South maps ~141,257 cattle in baseline.)"
2023-05-15,Aweil West,0.0,0.03,0,vegetative growth,0.0,0.0,318964.9515941321,"No flood expected in Aweil West this week (q50 0.0 km²). Routine monitoring. (Aweil West maps ~318,965 cattle in baseline.)"
2023-05-22,Aweil Centre,0.0,0.042,0,vegetative growth,0.0,0.0,364961.8333817694,"No flood expected in Aweil Centre this week (q50 0.0 km²). Routine monitoring. (Aweil Centre maps ~364,962 cattle in baseline.)"
2023-05-22,Aweil East,0.0,0.052,0,vegetative growth,0.0,0.0,505027.7802561831,"No flood expected in Aweil East this week (q50 0.0 km²). Routine monitoring. (Aweil East maps ~505,028 cattle in baseline.)"
2023-05-22,Aweil North,0.0,0.04,0,vegetative growth,0.0,0.0,463800.5038861725,"No flood expected in Aweil North this week (q50 0.0 km²). Routine monitoring. (Aweil North maps ~463,801 cattle in baseline.)"
2023-05-22,Aweil South,0.0,0.043,0,vegetative growth,0.0,0.0,141256.8006910938,"No flood expected in Aweil South this week (q50 0.0 km²). Routine monitoring. (Aweil South maps ~141,257 cattle in baseline.)"
2023-05-22,Aweil West,0.0,0.039,0,vegetative growth,0.0,0.0,318964.9515941321,"No flood expected in Aweil West this week (q50 0.0 km²). Routine monitoring. (Aweil West maps ~318,965 cattle in baseline.)"
2023-05-29,Aweil Centre,0.0,0.045,0,vegetative growth,0.0,0.0,364961.8333817694,"No flood expected in Aweil Centre this week (q50 0.0 km²). Routine monitoring. (Aweil Centre maps ~364,962 cattle in baseline.)"
2023-05-29,Aweil East,0.0,0.057,0,vegetative growth,0.0,0.0,505027.7802561831,"No flood expected in Aweil East this week (q50 0.0 km²). Routine monitoring. (Aweil East maps ~505,028 cattle in baseline.)"
2023-05-29,Aweil North,0.0,0.041,0,vegetative growth,0.0,0.0,463800.5038861725,"No flood expected in Aweil North this week (q50 0.0 km²). Routine monitoring. (Aweil North maps ~463,801 cattle in baseline.)"
2023-05-29,Aweil South,0.0,0.045,0,vegetative growth,0.0,0.0,141256.8006910938,"No flood expected in Aweil South this week (q50 0.0 km²). Routine monitoring. (Aweil South maps ~141,257 cattle in baseline.)"
2023-05-29,Aweil West,0.0,0.039,0,vegetative growth,0.0,0.0,318964.9515941321,"No flood expected in Aweil West this week (q50 0.0 km²). Routine monitoring. (Aweil West maps ~318,965 cattle in baseline.)"
2023-06-05,Aweil Centre,0.43,0.156,3,vegetative growth (peak),0.0,0.0,364961.8333817694,"SEVERE flood expected in Aweil Centre this week: q50 0.4 km², above the 95th percentile of all June weeks since 2000. Vegetative growth (peak): crops are at peak water demand — short flooding can be tolerated, sustained submergence is not. (Aweil Centre maps ~364,962 cattle in baseline.)"
2023-06-05,Aweil East,0.0,0.064,0,vegetative growth (peak),0.0,0.0,505027.7802561831,"No flood expected in Aweil East this week (q50 0.0 km²). Routine monitoring. (Aweil East maps ~505,028 cattle in baseline.)"
2023-06-05,Aweil North,0.0,0.048,0,vegetative growth (peak),0.0,0.0,463800.5038861725,"No flood expected in Aweil North this week (q50 0.0 km²). Routine monitoring. (Aweil North maps ~463,801 cattle in baseline.)"
2023-06-05,Aweil South,0.0,0.045,0,vegetative growth (peak),0.0,0.0,141256.8006910938,"No flood expected in Aweil South this week (q50 0.0 km²). Routine monitoring. (Aweil South maps ~141,257 cattle in baseline.)"
2023-06-05,Aweil West,0.0,0.04,0,vegetative growth (peak),0.0,0.0,318964.9515941321,"No flood expected in Aweil West this week (q50 0.0 km²). Routine monitoring. (Aweil West maps ~318,965 cattle in baseline.)"
2023-06-12,Aweil Centre,0.07,0.124,3,vegetative growth (peak),0.0,0.0,364961.8333817694,"SEVERE flood expected in Aweil Centre this week: q50 0.1 km², above the 95th percentile of all June weeks since 2000. Vegetative growth (peak): crops are at peak water demand — short flooding can be tolerated, sustained submergence is not. (Aweil Centre maps ~364,962 cattle in baseline.)"
2023-06-12,Aweil East,0.0,0.058,0,vegetative growth (peak),0.0,0.0,505027.7802561831,"No flood expected in Aweil East this week (q50 0.0 km²). Routine monitoring. (Aweil East maps ~505,028 cattle in baseline.)"
2023-06-12,Aweil North,0.0,0.039,0,vegetative growth (peak),0.0,0.0,463800.5038861725,"No flood expected in Aweil North this week (q50 0.0 km²). Routine monitoring. (Aweil North maps ~463,801 cattle in baseline.)"
2023-06-12,Aweil South,0.0,0.043,0,vegetative growth (peak),0.0,0.0,141256.8006910938,"No flood expected in Aweil South this week (q50 0.0 km²). Routine monitoring. (Aweil South maps ~141,257 cattle in baseline.)"
2023-06-12,Aweil West,0.0,0.045,0,vegetative growth (peak),0.0,0.0,318964.9515941321,"No flood expected in Aweil West this week (q50 0.0 km²). Routine monitoring. (Aweil West maps ~318,965 cattle in baseline.)"
2023-06-19,Aweil Centre,0.0,0.068,0,vegetative growth (peak),0.0,0.0,364961.8333817694,"No flood expected in Aweil Centre this week (q50 0.0 km²). Routine monitoring. (Aweil Centre maps ~364,962 cattle in baseline.)"
2023-06-19,Aweil East,0.0,0.042,0,vegetative growth (peak),0.0,0.0,505027.7802561831,"No flood expected in Aweil East this week (q50 0.0 km²). Routine monitoring. (Aweil East maps ~505,028 cattle in baseline.)"
2023-06-19,Aweil North,0.0,0.025,0,vegetative growth (peak),0.0,0.0,463800.5038861725,"No flood expected in Aweil North this week (q50 0.0 km²). Routine monitoring. (Aweil North maps ~463,801 cattle in baseline.)"
2023-06-19,Aweil South,0.0,0.026,0,vegetative growth (peak),0.0,0.0,141256.8006910938,"No flood expected in Aweil South this week (q50 0.0 km²). Routine monitoring. (Aweil South maps ~141,257 cattle in baseline.)"
2023-06-19,Aweil West,0.0,0.03,0,vegetative growth (peak),0.0,0.0,318964.9515941321,"No flood expected in Aweil West this week (q50 0.0 km²). Routine monitoring. (Aweil West maps ~318,965 cattle in baseline.)"
2023-06-26,Aweil Centre,0.0,0.048,0,vegetative growth (peak),0.0,0.0,364961.8333817694,"No flood expected in Aweil Centre this week (q50 0.0 km²). Routine monitoring. (Aweil Centre maps ~364,962 cattle in baseline.)"
2023-06-26,Aweil East,0.0,0.045,0,vegetative growth (peak),0.0,0.0,505027.7802561831,"No flood expected in Aweil East this week (q50 0.0 km²). Routine monitoring. (Aweil East maps ~505,028 cattle in baseline.)"
2023-06-26,Aweil North,0.0,0.032,0,vegetative growth (peak),0.0,0.0,463800.5038861725,"No flood expected in Aweil North this week (q50 0.0 km²). Routine monitoring. (Aweil North maps ~463,801 cattle in baseline.)"
2023-06-26,Aweil South,0.0,0.033,0,vegetative growth (peak),0.0,0.0,141256.8006910938,"No flood expected in Aweil South this week (q50 0.0 km²). Routine monitoring. (Aweil South maps ~141,257 cattle in baseline.)"
2023-06-26,Aweil West,0.0,0.038,0,vegetative growth (peak),0.0,0.0,318964.9515941321,"No flood expected in Aweil West this week (q50 0.0 km²). Routine monitoring. (Aweil West maps ~318,965 cattle in baseline.)"
2023-07-03,Aweil Centre,0.0,0.042,0,vegetative growth (peak),0.0,0.0,364961.8333817694,"No flood expected in Aweil Centre this week (q50 0.0 km²). Routine monitoring. (Aweil Centre maps ~364,962 cattle in baseline.)"
2023-07-03,Aweil East,0.0,0.057,0,vegetative growth (peak),0.0,0.0,505027.7802561831,"No flood expected in Aweil East this week (q50 0.0 km²). Routine monitoring. (Aweil East maps ~505,028 cattle in baseline.)"
2023-07-03,Aweil North,0.0,0.035,0,vegetative growth (peak),0.0,0.0,463800.5038861725,"No flood expected in Aweil North this week (q50 0.0 km²). Routine monitoring. (Aweil North maps ~463,801 cattle in baseline.)"
2023-07-03,Aweil South,0.0,0.036,0,vegetative growth (peak),0.0,0.0,141256.8006910938,"No flood expected in Aweil South this week (q50 0.0 km²). Routine monitoring. (Aweil South maps ~141,257 cattle in baseline.)"
2023-07-03,Aweil West,0.0,0.034,0,vegetative growth (peak),0.0,0.0,318964.9515941321,"No flood expected in Aweil West this week (q50 0.0 km²). Routine monitoring. (Aweil West maps ~318,965 cattle in baseline.)"
2023-07-10,Aweil Centre,0.0,0.036,0,vegetative growth (peak),0.0,0.0,364961.8333817694,"No flood expected in Aweil Centre this week (q50 0.0 km²). Routine monitoring. (Aweil Centre maps ~364,962 cattle in baseline.)"
2023-07-10,Aweil East,0.0,0.047,0,vegetative growth (peak),0.0,0.0,505027.7802561831,"No flood expected in Aweil East this week (q50 0.0 km²). Routine monitoring. (Aweil East maps ~505,028 cattle in baseline.)"
2023-07-10,Aweil North,0.0,0.032,0,vegetative growth (peak),0.0,0.0,463800.5038861725,"No flood expected in Aweil North this week (q50 0.0 km²). Routine monitoring. (Aweil North maps ~463,801 cattle in baseline.)"
2023-07-10,Aweil South,0.0,0.032,0,vegetative growth (peak),0.0,0.0,141256.8006910938,"No flood expected in Aweil South this week (q50 0.0 km²). Routine monitoring. (Aweil South maps ~141,257 cattle in baseline.)"
2023-07-10,Aweil West,0.0,0.038,0,vegetative growth (peak),0.0,0.0,318964.9515941321,"No flood expected in Aweil West this week (q50 0.0 km²). Routine monitoring. (Aweil West maps ~318,965 cattle in baseline.)"
2023-07-17,Aweil Centre,0.0,0.02,0,vegetative growth (peak),0.0,0.0,364961.8333817694,"No flood expected in Aweil Centre this week (q50 0.0 km²). Routine monitoring. (Aweil Centre maps ~364,962 cattle in baseline.)"
2023-07-17,Aweil East,1.18,0.534,3,vegetative growth (peak),0.0,0.0,505027.7802561831,"SEVERE flood expected in Aweil East this week: q50 1.2 km², above the 95th percentile of all July weeks since 2000. Vegetative growth (peak): crops are at peak water demand — short flooding can be tolerated, sustained submergence is not. (Aweil East maps ~505,028 cattle in baseline.)"
2023-07-17,Aweil North,0.0,0.016,0,vegetative growth (peak),0.0,0.0,463800.5038861725,"No flood expected in Aweil North this week (q50 0.0 km²). Routine monitoring. (Aweil North maps ~463,801 cattle in baseline.)"
2023-07-17,Aweil South,0.0,0.016,0,vegetative growth (peak),0.0,0.0,141256.8006910938,"No flood expected in Aweil South this week (q50 0.0 km²). Routine monitoring. (Aweil South maps ~141,257 cattle in baseline.)"
2023-07-17,Aweil West,0.0,0.017,0,vegetative growth (peak),0.0,0.0,318964.9515941321,"No flood expected in Aweil West this week (q50 0.0 km²). Routine monitoring. (Aweil West maps ~318,965 cattle in baseline.)"
2023-07-24,Aweil Centre,0.0,0.026,0,vegetative growth (peak),0.0,0.0,364961.8333817694,"No flood expected in Aweil Centre this week (q50 0.0 km²). Routine monitoring. (Aweil Centre maps ~364,962 cattle in baseline.)"
2023-07-24,Aweil East,1.27,0.642,3,vegetative growth (peak),0.0,0.0,505027.7802561831,"SEVERE flood expected in Aweil East this week: q50 1.3 km², above the 95th percentile of all July weeks since 2000. Vegetative growth (peak): crops are at peak water demand — short flooding can be tolerated, sustained submergence is not. (Aweil East maps ~505,028 cattle in baseline.)"
2023-07-24,Aweil North,0.0,0.021,0,vegetative growth (peak),0.0,0.0,463800.5038861725,"No flood expected in Aweil North this week (q50 0.0 km²). Routine monitoring. (Aweil North maps ~463,801 cattle in baseline.)"
2023-07-24,Aweil South,0.0,0.021,0,vegetative growth (peak),0.0,0.0,141256.8006910938,"No flood expected in Aweil South this week (q50 0.0 km²). Routine monitoring. (Aweil South maps ~141,257 cattle in baseline.)"
2023-07-24,Aweil West,0.0,0.024,0,vegetative growth (peak),0.0,0.0,318964.9515941321,"No flood expected in Aweil West this week (q50 0.0 km²). Routine monitoring. (Aweil West maps ~318,965 cattle in baseline.)"
2023-07-31,Aweil Centre,0.0,0.024,0,vegetative growth (peak),0.0,0.0,364961.8333817694,"No flood expected in Aweil Centre this week (q50 0.0 km²). Routine monitoring. (Aweil Centre maps ~364,962 cattle in baseline.)"
2023-07-31,Aweil East,0.38,0.372,2,vegetative growth (peak),0.0,0.0,505027.7802561831,"High flood risk in Aweil East this week: q50 0.4 km², above most July weeks since 2000. Vegetative growth (peak): crops are at peak water demand — short flooding can be tolerated, sustained submergence is not. (Aweil East maps ~505,028 cattle in baseline.)"
2023-07-31,Aweil North,0.0,0.016,0,vegetative growth (peak),0.0,0.0,463800.5038861725,"No flood expected in Aweil North this week (q50 0.0 km²). Routine monitoring. (Aweil North maps ~463,801 cattle in baseline.)"
2023-07-31,Aweil South,0.0,0.017,0,vegetative growth (peak),0.0,0.0,141256.8006910938,"No flood expected in Aweil South this week (q50 0.0 km²). Routine monitoring. (Aweil South maps ~141,257 cattle in baseline.)"
2023-07-31,Aweil West,0.0,0.019,0,vegetative growth (peak),0.0,0.0,318964.9515941321,"No flood expected in Aweil West this week (q50 0.0 km²). Routine monitoring. (Aweil West maps ~318,965 cattle in baseline.)"
2023-08-07,Aweil Centre,0.0,0.047,0,maturation,0.0,0.0,364961.8333817694,"No flood expected in Aweil Centre this week (q50 0.0 km²). Routine monitoring. (Aweil Centre maps ~364,962 cattle in baseline.)"
2023-08-07,Aweil East,0.11,0.501,0,maturation,0.0,0.0,505027.7802561831,"SEVERE flood expected in Aweil East this week: q50 0.1 km², above the 95th percentile of all August weeks since 2000. (Aweil East maps ~505,028 cattle in baseline.)"
2023-08-07,Aweil North,0.0,0.027,0,maturation,0.0,0.0,463800.5038861725,"No flood expected in Aweil North this week (q50 0.0 km²). Routine monitoring. (Aweil North maps ~463,801 cattle in baseline.)"
2023-08-07,Aweil South,0.0,0.037,0,maturation,0.0,0.0,141256.8006910938,"No flood expected in Aweil South this week (q50 0.0 km²). Routine monitoring. (Aweil South maps ~141,257 cattle in baseline.)"
2023-08-07,Aweil West,0.0,0.042,0,maturation,0.0,0.0,318964.9515941321,"No flood expected in Aweil West this week (q50 0.0 km²). Routine monitoring. (Aweil West maps ~318,965 cattle in baseline.)"
2023-08-14,Aweil Centre,0.0,0.083,0,maturation,0.0,0.0,364961.8333817694,"No flood expected in Aweil Centre this week (q50 0.0 km²). Routine monitoring. (Aweil Centre maps ~364,962 cattle in baseline.)"
2023-08-14,Aweil East,0.03,0.268,0,maturation,0.0,0.0,505027.7802561831,"No flood expected in Aweil East this week (q50 0.0 km²). Routine monitoring. (Aweil East maps ~505,028 cattle in baseline.)"
2023-08-14,Aweil North,0.0,0.043,0,maturation,0.0,0.0,463800.5038861725,"No flood expected in Aweil North this week (q50 0.0 km²). Routine monitoring. (Aweil North maps ~463,801 cattle in baseline.)"
2023-08-14,Aweil South,0.0,0.05,0,maturation,0.0,0.0,141256.8006910938,"No flood expected in Aweil South this week (q50 0.0 km²). Routine monitoring. (Aweil South maps ~141,257 cattle in baseline.)"
2023-08-14,Aweil West,0.0,0.067,0,maturation,0.0,0.0,318964.9515941321,"No flood expected in Aweil West this week (q50 0.0 km²). Routine monitoring. (Aweil West maps ~318,965 cattle in baseline.)"
2023-08-21,Aweil Centre,0.0,0.129,0,maturation,0.0,0.0,364961.8333817694,"No flood expected in Aweil Centre this week (q50 0.0 km²). Routine monitoring. (Aweil Centre maps ~364,962 cattle in baseline.)"
2023-08-21,Aweil East,0.0,0.289,0,maturation,0.0,0.0,505027.7802561831,"No flood expected in Aweil East this week (q50 0.0 km²). Routine monitoring. (Aweil East maps ~505,028 cattle in baseline.)"
2023-08-21,Aweil North,0.0,0.065,0,maturation,0.0,0.0,463800.5038861725,"No flood expected in Aweil North this week (q50 0.0 km²). Routine monitoring. (Aweil North maps ~463,801 cattle in baseline.)"
2023-08-21,Aweil South,0.0,0.094,0,maturation,0.0,0.0,141256.8006910938,"No flood expected in Aweil South this week (q50 0.0 km²). Routine monitoring. (Aweil South maps ~141,257 cattle in baseline.)"
2023-08-21,Aweil West,0.0,0.104,0,maturation,0.0,0.0,318964.9515941321,"No flood expected in Aweil West this week (q50 0.0 km²). Routine monitoring. (Aweil West maps ~318,965 cattle in baseline.)"
2023-08-28,Aweil Centre,0.0,0.088,0,maturation,0.0,0.0,364961.8333817694,"No flood expected in Aweil Centre this week (q50 0.0 km²). Routine monitoring. (Aweil Centre maps ~364,962 cattle in baseline.)"
2023-08-28,Aweil East,1.53,0.669,0,maturation,0.0,0.0,505027.7802561831,"SEVERE flood expected in Aweil East this week: q50 1.5 km², above the 95th percentile of all August weeks since 2000. (Aweil East maps ~505,028 cattle in baseline.)"
2023-08-28,Aweil North,0.0,0.056,0,maturation,0.0,0.0,463800.5038861725,"No flood expected in Aweil North this week (q50 0.0 km²). Routine monitoring. (Aweil North maps ~463,801 cattle in baseline.)"
2023-08-28,Aweil South,0.0,0.068,0,maturation,0.0,0.0,141256.8006910938,"No flood expected in Aweil South this week (q50 0.0 km²). Routine monitoring. (Aweil South maps ~141,257 cattle in baseline.)"
2023-08-28,Aweil West,0.6,0.345,0,maturation,0.0,0.0,318964.9515941321,"No flood expected in Aweil West this week (q50 0.6 km²). Routine monitoring. (Aweil West maps ~318,965 cattle in baseline.)"
2023-09-04,Aweil Centre,0.0,0.101,0,maturation / grain filling,0.0,0.0,364961.8333817694,"No flood expected in Aweil Centre this week (q50 0.0 km²). Routine monitoring. (Aweil Centre maps ~364,962 cattle in baseline.)"
2023-09-04,Aweil East,0.73,0.752,0,maturation / grain filling,2.1,88.6,505027.7802561831,"SEVERE flood expected in Aweil East this week: q50 0.7 km², above the 95th percentile of all September weeks since 2000. Approx. 2 ha of mapped crops in the Aweil East floodplain are at risk. Approx. 89 ha of rangeland at risk; plan early herd movement. (Aweil East maps ~505,028 cattle in baseline.)"
2023-09-04,Aweil North,0.0,0.063,0,maturation / grain filling,0.0,0.0,463800.5038861725,"No flood expected in Aweil North this week (q50 0.0 km²). Routine monitoring. (Aweil North maps ~463,801 cattle in baseline.)"
2023-09-04,Aweil South,0.0,0.084,0,maturation / grain filling,0.0,0.0,141256.8006910938,"No flood expected in Aweil South this week (q50 0.0 km²). Routine monitoring. (Aweil South maps ~141,257 cattle in baseline.)"
2023-09-04,Aweil West,0.01,0.165,0,maturation / grain filling,0.1,6.7,318964.9515941321,"No flood expected in Aweil West this week (q50 0.0 km²). Routine monitoring. Approx. 7 ha of rangeland at risk; plan early herd movement. (Aweil West maps ~318,965 cattle in baseline.)"
2023-09-11,Aweil Centre,0.0,0.071,0,maturation / grain filling,0.0,0.0,364961.8333817694,"No flood expected in Aweil Centre this week (q50 0.0 km²). Routine monitoring. (Aweil Centre maps ~364,962 cattle in baseline.)"
2023-09-11,Aweil East,1.11,0.822,0,maturation / grain filling,3.2,134.1,505027.7802561831,"SEVERE flood expected in Aweil East this week: q50 1.1 km², above the 95th percentile of all September weeks since 2000. Approx. 3 ha of mapped crops in the Aweil East floodplain are at risk. Approx. 134 ha of rangeland at risk; plan early herd movement. (Aweil East maps ~505,028 cattle in baseline.)"
2023-09-11,Aweil North,0.0,0.05,0,maturation / grain filling,0.0,0.0,463800.5038861725,"No flood expected in Aweil North this week (q50 0.0 km²). Routine monitoring. (Aweil North maps ~463,801 cattle in baseline.)"
2023-09-11,Aweil South,0.0,0.064,0,maturation / grain filling,0.0,0.0,141256.8006910938,"No flood expected in Aweil South this week (q50 0.0 km²). Routine monitoring. (Aweil South maps ~141,257 cattle in baseline.)"
2023-09-11,Aweil West,0.0,0.09,0,maturation / grain filling,0.0,0.0,318964.9515941321,"No flood expected in Aweil West this week (q50 0.0 km²). Routine monitoring. (Aweil West maps ~318,965 cattle in baseline.)"
2023-09-18,Aweil Centre,0.0,0.041,0,maturation / grain filling,0.0,0.0,364961.8333817694,"No flood expected in Aweil Centre this week (q50 0.0 km²). Routine monitoring. (Aweil Centre maps ~364,962 cattle in baseline.)"
2023-09-18,Aweil East,0.31,0.655,0,maturation / grain filling,0.9,36.9,505027.7802561831,"SEVERE flood expected in Aweil East this week: q50 0.3 km², above the 95th percentile of all September weeks since 2000. Approx. 37 ha of rangeland at risk; plan early herd movement. (Aweil East maps ~505,028 cattle in baseline.)"
2023-09-18,Aweil North,0.0,0.028,0,maturation / grain filling,0.0,0.0,463800.5038861725,"No flood expected in Aweil North this week (q50 0.0 km²). Routine monitoring. (Aweil North maps ~463,801 cattle in baseline.)"
2023-09-18,Aweil South,0.0,0.034,0,maturation / grain filling,0.0,0.0,141256.8006910938,"No flood expected in Aweil South this week (q50 0.0 km²). Routine monitoring. (Aweil South maps ~141,257 cattle in baseline.)"
2023-09-18,Aweil West,0.0,0.046,0,maturation / grain filling,0.0,0.0,318964.9515941321,"No flood expected in Aweil West this week (q50 0.0 km²). Routine monitoring. (Aweil West maps ~318,965 cattle in baseline.)"
2023-09-25,Aweil Centre,0.0,0.068,0,maturation / grain filling,0.0,0.0,364961.8333817694,"No flood expected in Aweil Centre this week (q50 0.0 km²). Routine monitoring. (Aweil Centre maps ~364,962 cattle in baseline.)"
2023-09-25,Aweil East,0.03,0.422,0,maturation / grain filling,0.1,3.6,505027.7802561831,"No flood expected in Aweil East this week (q50 0.0 km²). Routine monitoring. Approx. 4 ha of rangeland at risk; plan early herd movement. (Aweil East maps ~505,028 cattle in baseline.)"
2023-09-25,Aweil North,0.0,0.041,0,maturation / grain filling,0.0,0.0,463800.5038861725,"No flood expected in Aweil North this week (q50 0.0 km²). Routine monitoring. (Aweil North maps ~463,801 cattle in baseline.)"
2023-09-25,Aweil South,0.0,0.051,0,maturation / grain filling,0.0,0.0,141256.8006910938,"No flood expected in Aweil South this week (q50 0.0 km²). Routine monitoring. (Aweil South maps ~141,257 cattle in baseline.)"
2023-09-25,Aweil West,0.0,0.057,0,maturation / grain filling,0.0,0.0,318964.9515941321,"No flood expected in Aweil West this week (q50 0.0 km²). Routine monitoring. (Aweil West maps ~318,965 cattle in baseline.)"
2023-10-02,Aweil Centre,0.0,0.054,0,harvest,0.0,0.0,364961.8333817694,"No flood expected in Aweil Centre this week (q50 0.0 km²). Routine monitoring. (Aweil Centre maps ~364,962 cattle in baseline.)"
2023-10-02,Aweil East,0.32,0.459,0,harvest,4.7,54.5,505027.7802561831,"No flood expected in Aweil East this week (q50 0.3 km²). Routine monitoring. Approx. 5 ha of mapped crops in the Aweil East floodplain are at risk. Approx. 55 ha of rangeland at risk; plan early herd movement. (Aweil East maps ~505,028 cattle in baseline.)"
2023-10-02,Aweil North,0.0,0.029,0,harvest,0.0,0.0,463800.5038861725,"No flood expected in Aweil North this week (q50 0.0 km²). Routine monitoring. (Aweil North maps ~463,801 cattle in baseline.)"
2023-10-02,Aweil South,0.0,0.042,0,harvest,0.0,0.0,141256.8006910938,"No flood expected in Aweil South this week (q50 0.0 km²). Routine monitoring. (Aweil South maps ~141,257 cattle in baseline.)"
2023-10-02,Aweil West,0.0,0.037,0,harvest,0.0,0.0,318964.9515941321,"No flood expected in Aweil West this week (q50 0.0 km²). Routine monitoring. (Aweil West maps ~318,965 cattle in baseline.)"
2023-10-09,Aweil Centre,0.0,0.064,0,harvest,0.0,0.0,364961.8333817694,"No flood expected in Aweil Centre this week (q50 0.0 km²). Routine monitoring. (Aweil Centre maps ~364,962 cattle in baseline.)"
2023-10-09,Aweil East,0.35,0.685,0,harvest,5.2,59.6,505027.7802561831,"SEVERE flood expected in Aweil East this week: q50 0.3 km², above the 95th percentile of all October weeks since 2000. Approx. 5 ha of mapped crops in the Aweil East floodplain are at risk. Approx. 60 ha of rangeland at risk; plan early herd movement. (Aweil East maps ~505,028 cattle in baseline.)"
2023-10-09,Aweil North,0.0,0.05,0,harvest,0.0,0.0,463800.5038861725,"No flood expected in Aweil North this week (q50 0.0 km²). Routine monitoring. (Aweil North maps ~463,801 cattle in baseline.)"
2023-10-09,Aweil South,0.0,0.055,0,harvest,0.0,0.0,141256.8006910938,"No flood expected in Aweil South this week (q50 0.0 km²). Routine monitoring. (Aweil South maps ~141,257 cattle in baseline.)"
2023-10-09,Aweil West,0.0,0.054,0,harvest,0.0,0.0,318964.9515941321,"No flood expected in Aweil West this week (q50 0.0 km²). Routine monitoring. (Aweil West maps ~318,965 cattle in baseline.)"
2023-10-16,Aweil Centre,0.0,0.077,0,harvest,0.0,0.0,364961.8333817694,"No flood expected in Aweil Centre this week (q50 0.0 km²). Routine monitoring. (Aweil Centre maps ~364,962 cattle in baseline.)"
2023-10-16,Aweil East,0.02,0.372,0,harvest,0.4,4.1,505027.7802561831,"No flood expected in Aweil East this week (q50 0.0 km²). Routine monitoring. Approx. 4 ha of rangeland at risk; plan early herd movement. (Aweil East maps ~505,028 cattle in baseline.)"
2023-10-16,Aweil North,0.0,0.05,0,harvest,0.0,0.0,463800.5038861725,"No flood expected in Aweil North this week (q50 0.0 km²). Routine monitoring. (Aweil North maps ~463,801 cattle in baseline.)"
2023-10-16,Aweil South,0.0,0.063,0,harvest,0.0,0.0,141256.8006910938,"No flood expected in Aweil South this week (q50 0.0 km²). Routine monitoring. (Aweil South maps ~141,257 cattle in baseline.)"
2023-10-16,Aweil West,0.0,0.059,0,harvest,0.0,0.0,318964.9515941321,"No flood expected in Aweil West this week (q50 0.0 km²). Routine monitoring. (Aweil West maps ~318,965 cattle in baseline.)"
2023-10-23,Aweil Centre,0.0,0.079,0,harvest,0.0,0.0,364961.8333817694,"No flood expected in Aweil Centre this week (q50 0.0 km²). Routine monitoring. (Aweil Centre maps ~364,962 cattle in baseline.)"
2023-10-23,Aweil East,0.0,0.189,0,harvest,0.0,0.0,505027.7802561831,"No flood expected in Aweil East this week (q50 0.0 km²). Routine monitoring. (Aweil East maps ~505,028 cattle in baseline.)"
2023-10-23,Aweil North,0.0,0.042,0,harvest,0.0,0.0,463800.5038861725,"No flood expected in Aweil North this week (q50 0.0 km²). Routine monitoring. (Aweil North maps ~463,801 cattle in baseline.)"
2023-10-23,Aweil South,0.0,0.057,0,harvest,0.0,0.0,141256.8006910938,"No flood expected in Aweil South this week (q50 0.0 km²). Routine monitoring. (Aweil South maps ~141,257 cattle in baseline.)"
2023-10-23,Aweil West,0.0,0.054,0,harvest,0.0,0.0,318964.9515941321,"No flood expected in Aweil West this week (q50 0.0 km²). Routine monitoring. (Aweil West maps ~318,965 cattle in baseline.)"
2023-10-30,Aweil Centre,0.0,0.073,0,harvest,0.0,0.0,364961.8333817694,"No flood expected in Aweil Centre this week (q50 0.0 km²). Routine monitoring. (Aweil Centre maps ~364,962 cattle in baseline.)"
2023-10-30,Aweil East,0.0,0.132,0,harvest,0.0,0.0,505027.7802561831,"No flood expected in Aweil East this week (q50 0.0 km²). Routine monitoring. (Aweil East maps ~505,028 cattle in baseline.)"
2023-10-30,Aweil North,0.0,0.039,0,harvest,0.0,0.0,463800.5038861725,"No flood expected in Aweil North this week (q50 0.0 km²). Routine monitoring. (Aweil North maps ~463,801 cattle in baseline.)"
2023-10-30,Aweil South,0.0,0.048,0,harvest,0.0,0.0,141256.8006910938,"No flood expected in Aweil South this week (q50 0.0 km²). Routine monitoring. (Aweil South maps ~141,257 cattle in baseline.)"
2023-10-30,Aweil West,0.0,0.047,0,harvest,0.0,0.0,318964.9515941321,"No flood expected in Aweil West this week (q50 0.0 km²). Routine monitoring. (Aweil West maps ~318,965 cattle in baseline.)"
2023-11-06,Aweil Centre,0.0,0.072,0,harvest / drying,0.0,0.0,364961.8333817694,"No flood expected in Aweil Centre this week (q50 0.0 km²). Routine monitoring. (Aweil Centre maps ~364,962 cattle in baseline.)"
2023-11-06,Aweil East,0.0,0.086,0,harvest / drying,0.0,0.0,505027.7802561831,"No flood expected in Aweil East this week (q50 0.0 km²). Routine monitoring. (Aweil East maps ~505,028 cattle in baseline.)"
2023-11-06,Aweil North,0.0,0.034,0,harvest / drying,0.0,0.0,463800.5038861725,"No flood expected in Aweil North this week (q50 0.0 km²). Routine monitoring. (Aweil North maps ~463,801 cattle in baseline.)"
2023-11-06,Aweil South,0.0,0.047,0,harvest / drying,0.0,0.0,141256.8006910938,"No flood expected in Aweil South this week (q50 0.0 km²). Routine monitoring. (Aweil South maps ~141,257 cattle in baseline.)"
2023-11-06,Aweil West,0.0,0.049,0,harvest / drying,0.0,0.0,318964.9515941321,"No flood expected in Aweil West this week (q50 0.0 km²). Routine monitoring. (Aweil West maps ~318,965 cattle in baseline.)"
2023-11-13,Aweil Centre,0.35,0.307,0,harvest / drying,0.0,50.1,364961.8333817694,"No flood expected in Aweil Centre this week (q50 0.3 km²). Routine monitoring. Approx. 50 ha of rangeland at risk; plan early herd movement. (Aweil Centre maps ~364,962 cattle in baseline.)"
2023-11-13,Aweil East,0.41,0.322,0,harvest / drying,7.4,97.1,505027.7802561831,"No flood expected in Aweil East this week (q50 0.4 km²). Routine monitoring. Approx. 7 ha of mapped crops in the Aweil East floodplain are at risk. Approx. 97 ha of rangeland at risk; plan early herd movement. (Aweil East maps ~505,028 cattle in baseline.)"
2023-11-13,Aweil North,0.0,0.039,0,harvest / drying,0.0,0.0,463800.5038861725,"No flood expected in Aweil North this week (q50 0.0 km²). Routine monitoring. (Aweil North maps ~463,801 cattle in baseline.)"
2023-11-13,Aweil South,0.24,0.251,0,harvest / drying,5.1,81.2,141256.8006910938,"No flood expected in Aweil South this week (q50 0.2 km²). Routine monitoring. Approx. 5 ha of mapped crops in the Aweil South floodplain are at risk. Approx. 81 ha of rangeland at risk; plan early herd movement. (Aweil South maps ~141,257 cattle in baseline.)"
2023-11-13,Aweil West,0.28,0.215,0,harvest / drying,10.7,461.2,318964.9515941321,"No flood expected in Aweil West this week (q50 0.3 km²). Routine monitoring. Approx. 11 ha of mapped crops in the Aweil West floodplain are at risk. Approx. 461 ha of rangeland at risk; plan early herd movement. (Aweil West maps ~318,965 cattle in baseline.)"
2023-11-20,Aweil Centre,0.18,0.435,0,harvest / drying,0.0,25.7,364961.8333817694,"No flood expected in Aweil Centre this week (q50 0.2 km²). Routine monitoring. Approx. 26 ha of rangeland at risk; plan early herd movement. (Aweil Centre maps ~364,962 cattle in baseline.)"
2023-11-20,Aweil East,0.56,0.706,0,harvest / drying,10.1,131.9,505027.7802561831,"SEVERE flood expected in Aweil East this week: q50 0.6 km², above the 95th percentile of all November weeks since 2000. Approx. 10 ha of mapped crops in the Aweil East floodplain are at risk. Approx. 132 ha of rangeland at risk; plan early herd movement. (Aweil East maps ~505,028 cattle in baseline.)"
2023-11-20,Aweil North,0.0,0.069,0,harvest / drying,0.0,0.0,463800.5038861725,"No flood expected in Aweil North this week (q50 0.0 km²). Routine monitoring. (Aweil North maps ~463,801 cattle in baseline.)"
2023-11-20,Aweil South,0.01,0.164,0,harvest / drying,0.1,1.9,141256.8006910938,"No flood expected in Aweil South this week (q50 0.0 km²). Routine monitoring. Approx. 2 ha of rangeland at risk; plan early herd movement. (Aweil South maps ~141,257 cattle in baseline.)"
2023-11-20,Aweil West,0.17,0.36,0,harvest / drying,6.5,278.8,318964.9515941321,"No flood expected in Aweil West this week (q50 0.2 km²). Routine monitoring. Approx. 6 ha of mapped crops in the Aweil West floodplain are at risk. Approx. 279 ha of rangeland at risk; plan early herd movement. (Aweil West maps ~318,965 cattle in baseline.)"
2023-11-27,Aweil Centre,0.0,0.2,0,harvest / drying,0.0,0.3,364961.8333817694,"No flood expected in Aweil Centre this week (q50 0.0 km²). Routine monitoring. (Aweil Centre maps ~364,962 cattle in baseline.)"
2023-11-27,Aweil East,0.53,0.566,0,harvest / drying,9.5,124.4,505027.7802561831,"SEVERE flood expected in Aweil East this week: q50 0.5 km², above the 95th percentile of all November weeks since 2000. Approx. 10 ha of mapped crops in the Aweil East floodplain are at risk. Approx. 124 ha of rangeland at risk; plan early herd movement. (Aweil East maps ~505,028 cattle in baseline.)"
2023-11-27,Aweil North,0.0,0.058,0,harvest / drying,0.0,0.0,463800.5038861725,"No flood expected in Aweil North this week (q50 0.0 km²). Routine monitoring. (Aweil North maps ~463,801 cattle in baseline.)"
2023-11-27,Aweil South,0.0,0.107,0,harvest / drying,0.0,0.0,141256.8006910938,"No flood expected in Aweil South this week (q50 0.0 km²). Routine monitoring. (Aweil South maps ~141,257 cattle in baseline.)"
2023-11-27,Aweil West,0.01,0.181,0,harvest / drying,0.3,13.3,318964.9515941321,"No flood expected in Aweil West this week (q50 0.0 km²). Routine monitoring. Approx. 13 ha of rangeland at risk; plan early herd movement. (Aweil West maps ~318,965 cattle in baseline.)"
2023-12-04,Aweil Centre,0.0,0.073,0,dry season,0.0,0.0,364961.8333817694,"No flood expected in Aweil Centre this week (q50 0.0 km²). Routine monitoring. (Aweil Centre maps ~364,962 cattle in baseline.)"
2023-12-04,Aweil East,0.32,0.461,0,dry season,60.4,1225.4,505027.7802561831,"No flood expected in Aweil East this week (q50 0.3 km²). Routine monitoring. Approx. 60 ha of mapped crops in the Aweil East floodplain are at risk. Approx. 1,225 ha of rangeland at risk; plan early herd movement. (Aweil East maps ~505,028 cattle in baseline.)"
2023-12-04,Aweil North,0.0,0.048,0,dry season,0.0,0.0,463800.5038861725,"No flood expected in Aweil North this week (q50 0.0 km²). Routine monitoring. (Aweil North maps ~463,801 cattle in baseline.)"
2023-12-04,Aweil South,0.0,0.056,0,dry season,0.0,0.0,141256.8006910938,"No flood expected in Aweil South this week (q50 0.0 km²). Routine monitoring. (Aweil South maps ~141,257 cattle in baseline.)"
2023-12-04,Aweil West,0.04,0.311,3,dry season,0.0,255.6,318964.9515941321,"SEVERE flood expected in Aweil West this week: q50 0.0 km², above the 95th percentile of all December weeks since 2000. Dry season: little active cropping; floodplain grazing and residual flooding dominate. Approx. 256 ha of rangeland at risk; plan early herd movement. (Aweil West maps ~318,965 cattle in baseline.)"
2023-12-11,Aweil Centre,0.27,0.544,2,dry season,0.0,169.7,364961.8333817694,"High flood risk in Aweil Centre this week: q50 0.3 km², above most December weeks since 2000. Dry season: little active cropping; floodplain grazing and residual flooding dominate. Approx. 170 ha of rangeland at risk; plan early herd movement. (Aweil Centre maps ~364,962 cattle in baseline.)"
2023-12-11,Aweil East,0.0,0.116,0,dry season,0.0,0.0,505027.7802561831,"No flood expected in Aweil East this week (q50 0.0 km²). Routine monitoring. (Aweil East maps ~505,028 cattle in baseline.)"
2023-12-11,Aweil North,0.0,0.062,0,dry season,0.0,0.0,463800.5038861725,"No flood expected in Aweil North this week (q50 0.0 km²). Routine monitoring. (Aweil North maps ~463,801 cattle in baseline.)"
2023-12-11,Aweil South,0.32,0.588,0,dry season,20.4,408.2,141256.8006910938,"SEVERE flood expected in Aweil South this week: q50 0.3 km², above the 95th percentile of all December weeks since 2000. Approx. 20 ha of mapped crops in the Aweil South floodplain are at risk. Approx. 408 ha of rangeland at risk; plan early herd movement. (Aweil South maps ~141,257 cattle in baseline.)"
2023-12-11,Aweil West,0.0,0.065,0,dry season,0.0,0.0,318964.9515941321,"No flood expected in Aweil West this week (q50 0.0 km²). Routine monitoring. (Aweil West maps ~318,965 cattle in baseline.)"
2023-12-18,Aweil Centre,0.02,0.179,0,dry season,0.0,10.9,364961.8333817694,"No flood expected in Aweil Centre this week (q50 0.0 km²). Routine monitoring. Approx. 11 ha of rangeland at risk; plan early herd movement. (Aweil Centre maps ~364,962 cattle in baseline.)"
2023-12-18,Aweil East,0.0,0.096,0,dry season,0.0,0.0,505027.7802561831,"No flood expected in Aweil East this week (q50 0.0 km²). Routine monitoring. (Aweil East maps ~505,028 cattle in baseline.)"
2023-12-18,Aweil North,0.0,0.066,0,dry season,0.0,0.0,463800.5038861725,"No flood expected in Aweil North this week (q50 0.0 km²). Routine monitoring. (Aweil North maps ~463,801 cattle in baseline.)"
2023-12-18,Aweil South,0.99,0.794,0,dry season,62.3,1247.8,141256.8006910938,"SEVERE flood expected in Aweil South this week: q50 1.0 km², above the 95th percentile of all December weeks since 2000. Approx. 62 ha of mapped crops in the Aweil South floodplain are at risk. Approx. 1,248 ha of rangeland at risk; plan early herd movement. (Aweil South maps ~141,257 cattle in baseline.)"
2023-12-18,Aweil West,0.0,0.067,0,dry season,0.0,0.0,318964.9515941321,"No flood expected in Aweil West this week (q50 0.0 km²). Routine monitoring. (Aweil West maps ~318,965 cattle in baseline.)"
2023-12-25,Aweil Centre,0.0,0.103,0,dry season,0.0,0.0,364961.8333817694,"No flood expected in Aweil Centre this week (q50 0.0 km²). Routine monitoring. (Aweil Centre maps ~364,962 cattle in baseline.)"
2023-12-25,Aweil East,0.0,0.097,0,dry season,0.0,0.0,505027.7802561831,"No flood expected in Aweil East this week (q50 0.0 km²). Routine monitoring. (Aweil East maps ~505,028 cattle in baseline.)"
2023-12-25,Aweil North,0.0,0.061,0,dry season,0.0,0.0,463800.5038861725,"No flood expected in Aweil North this week (q50 0.0 km²). Routine monitoring. (Aweil North maps ~463,801 cattle in baseline.)"
2023-12-25,Aweil South,0.98,0.834,0,dry season,61.9,1238.9,141256.8006910938,"SEVERE flood expected in Aweil South this week: q50 1.0 km², above the 95th percentile of all December weeks since 2000. Approx. 62 ha of mapped crops in the Aweil South floodplain are at risk. Approx. 1,239 ha of rangeland at risk; plan early herd movement. (Aweil South maps ~141,257 cattle in baseline.)"
2023-12-25,Aweil West,0.0,0.061,0,dry season,0.0,0.0,318964.9515941321,"No flood expected in Aweil West this week (q50 0.0 km²). Routine monitoring. (Aweil West maps ~318,965 cattle in baseline.)"
2024-01-01,Aweil Centre,0.0,0.085,0,dry season (late phase),0.0,0.0,364961.8333817694,"No flood expected in Aweil Centre this week (q50 0.0 km²). Routine monitoring. (Aweil Centre maps ~364,962 cattle in baseline.)"
2024-01-01,Aweil East,0.03,0.136,2,dry season (late phase),0.0,174.9,505027.7802561831,"High flood risk in Aweil East this week: q50 0.0 km², above most January weeks since 2000. Dry season (late phase): little active cropping; floodplain grazing and residual flooding dominate. Approx. 175 ha of rangeland at risk; plan early herd movement. (Aweil East maps ~505,028 cattle in baseline.)"
2024-01-01,Aweil North,0.0,0.063,0,dry season (late phase),0.0,0.0,463800.5038861725,"No flood expected in Aweil North this week (q50 0.0 km²). Routine monitoring. (Aweil North maps ~463,801 cattle in baseline.)"
2024-01-01,Aweil South,0.32,0.542,2,dry season (late phase),0.7,23.4,141256.8006910938,"High flood risk in Aweil South this week: q50 0.3 km², above most January weeks since 2000. Dry season (late phase): little active cropping; floodplain grazing and residual flooding dominate. Approx. 23 ha of rangeland at risk; plan early herd movement. (Aweil South maps ~141,257 cattle in baseline.)"
2024-01-01,Aweil West,0.0,0.061,0,dry season (late phase),0.0,0.0,318964.9515941321,"No flood expected in Aweil West this week (q50 0.0 km²). Routine monitoring. (Aweil West maps ~318,965 cattle in baseline.)"
2024-01-08,Aweil Centre,0.01,0.224,2,dry season (late phase),0.0,109.0,364961.8333817694,"High flood risk in Aweil Centre this week: q50 0.0 km², above most January weeks since 2000. Dry season (late phase): little active cropping; floodplain grazing and residual flooding dominate. Approx. 109 ha of rangeland at risk; plan early herd movement. (Aweil Centre maps ~364,962 cattle in baseline.)"
2024-01-08,Aweil East,0.0,0.213,0,dry season (late phase),0.0,0.0,505027.7802561831,"No flood expected in Aweil East this week (q50 0.0 km²). Routine monitoring. (Aweil East maps ~505,028 cattle in baseline.)"
2024-01-08,Aweil North,0.0,0.062,0,dry season (late phase),0.0,0.0,463800.5038861725,"No flood expected in Aweil North this week (q50 0.0 km²). Routine monitoring. (Aweil North maps ~463,801 cattle in baseline.)"
2024-01-08,Aweil South,0.16,0.387,2,dry season (late phase),0.4,12.0,141256.8006910938,"High flood risk in Aweil South this week: q50 0.2 km², above most January weeks since 2000. Dry season (late phase): little active cropping; floodplain grazing and residual flooding dominate. Approx. 12 ha of rangeland at risk; plan early herd movement. (Aweil South maps ~141,257 cattle in baseline.)"
2024-01-08,Aweil West,0.0,0.056,0,dry season (late phase),0.0,0.0,318964.9515941321,"No flood expected in Aweil West this week (q50 0.0 km²). Routine monitoring. (Aweil West maps ~318,965 cattle in baseline.)"
2024-01-15,Aweil Centre,0.0,0.175,0,dry season (late phase),0.0,5.4,364961.8333817694,"No flood expected in Aweil Centre this week (q50 0.0 km²). Routine monitoring. Approx. 5 ha of rangeland at risk; plan early herd movement. (Aweil Centre maps ~364,962 cattle in baseline.)"
2024-01-15,Aweil East,0.29,0.582,3,dry season (late phase),0.0,778.0,505027.7802561831,"SEVERE flood expected in Aweil East this week: q50 0.3 km², above the 95th percentile of all January weeks since 2000. Dry season (late phase): little active cropping; floodplain grazing and residual flooding dominate. Approx. 778 ha of rangeland at risk; plan early herd movement. (Aweil East maps ~505,028 cattle in baseline.)"
2024-01-15,Aweil North,0.0,0.061,0,dry season (late phase),0.0,0.0,463800.5038861725,"No flood expected in Aweil North this week (q50 0.0 km²). Routine monitoring. (Aweil North maps ~463,801 cattle in baseline.)"
2024-01-15,Aweil South,0.07,0.337,0,dry season (late phase),0.2,5.5,141256.8006910938,"No flood expected in Aweil South this week (q50 0.1 km²). Routine monitoring. Approx. 6 ha of rangeland at risk; plan early herd movement. (Aweil South maps ~141,257 cattle in baseline.)"
2024-01-15,Aweil West,0.0,0.059,0,dry season (late phase),0.0,0.0,318964.9515941321,"No flood expected in Aweil West this week (q50 0.0 km²). Routine monitoring. (Aweil West maps ~318,965 cattle in baseline.)"
2024-01-22,Aweil Centre,0.0,0.113,0,dry season (late phase),0.0,0.0,364961.8333817694,"No flood expected in Aweil Centre this week (q50 0.0 km²). Routine monitoring. (Aweil Centre maps ~364,962 cattle in baseline.)"
2024-01-22,Aweil East,0.21,0.442,3,dry season (late phase),0.0,778.0,505027.7802561831,"SEVERE flood expected in Aweil East this week: q50 0.2 km², above the 95th percentile of all January weeks since 2000. Dry season (late phase): little active cropping; floodplain grazing and residual flooding dominate. Approx. 778 ha of rangeland at risk; plan early herd movement. (Aweil East maps ~505,028 cattle in baseline.)"
2024-01-22,Aweil North,0.0,0.061,0,dry season (late phase),0.0,0.0,463800.5038861725,"No flood expected in Aweil North this week (q50 0.0 km²). Routine monitoring. (Aweil North maps ~463,801 cattle in baseline.)"
2024-01-22,Aweil South,0.0,0.11,0,dry season (late phase),0.0,0.0,141256.8006910938,"No flood expected in Aweil South this week (q50 0.0 km²). Routine monitoring. (Aweil South maps ~141,257 cattle in baseline.)"
2024-01-22,Aweil West,0.0,0.06,0,dry season (late phase),0.0,0.0,318964.9515941321,"No flood expected in Aweil West this week (q50 0.0 km²). Routine monitoring. (Aweil West maps ~318,965 cattle in baseline.)"
2024-01-29,Aweil Centre,0.0,0.076,0,dry season (late phase),0.0,0.0,364961.8333817694,"No flood expected in Aweil Centre this week (q50 0.0 km²). Routine monitoring. (Aweil Centre maps ~364,962 cattle in baseline.)"
2024-01-29,Aweil East,0.29,0.545,3,dry season (late phase),0.0,778.0,505027.7802561831,"SEVERE flood expected in Aweil East this week: q50 0.3 km², above the 95th percentile of all January weeks since 2000. Dry season (late phase): little active cropping; floodplain grazing and residual flooding dominate. Approx. 778 ha of rangeland at risk; plan early herd movement. (Aweil East maps ~505,028 cattle in baseline.)"
2024-01-29,Aweil North,0.0,0.058,0,dry season (late phase),0.0,0.0,463800.5038861725,"No flood expected in Aweil North this week (q50 0.0 km²). Routine monitoring. (Aweil North maps ~463,801 cattle in baseline.)"
2024-01-29,Aweil South,0.0,0.071,0,dry season (late phase),0.0,0.0,141256.8006910938,"No flood expected in Aweil South this week (q50 0.0 km²). Routine monitoring. (Aweil South maps ~141,257 cattle in baseline.)"
2024-01-29,Aweil West,0.0,0.058,0,dry season (late phase),0.0,0.0,318964.9515941321,"No flood expected in Aweil West this week (q50 0.0 km²). Routine monitoring. (Aweil West maps ~318,965 cattle in baseline.)"
2024-02-05,Aweil Centre,0.0,0.068,0,dry season,0.0,0.0,364961.8333817694,"No flood expected in Aweil Centre this week (q50 0.0 km²). Routine monitoring. (Aweil Centre maps ~364,962 cattle in baseline.)"
2024-02-05,Aweil East,0.01,0.302,2,dry season,0.0,0.0,505027.7802561831,"High flood risk in Aweil East this week: q50 0.0 km², above most February weeks since 2000. Dry season: little active cropping; floodplain grazing and residual flooding dominate. (Aweil East maps ~505,028 cattle in baseline.)"
2024-02-05,Aweil North,0.0,0.056,0,dry season,0.0,0.0,463800.5038861725,"No flood expected in Aweil North this week (q50 0.0 km²). Routine monitoring. (Aweil North maps ~463,801 cattle in baseline.)"
2024-02-05,Aweil South,0.0,0.058,0,dry season,0.0,0.0,141256.8006910938,"No flood expected in Aweil South this week (q50 0.0 km²). Routine monitoring. (Aweil South maps ~141,257 cattle in baseline.)"
2024-02-05,Aweil West,0.0,0.052,0,dry season,0.0,0.0,318964.9515941321,"No flood expected in Aweil West this week (q50 0.0 km²). Routine monitoring. (Aweil West maps ~318,965 cattle in baseline.)"
2024-02-12,Aweil Centre,0.0,0.051,0,dry season,0.0,0.0,364961.8333817694,"No flood expected in Aweil Centre this week (q50 0.0 km²). Routine monitoring. (Aweil Centre maps ~364,962 cattle in baseline.)"
2024-02-12,Aweil East,0.0,0.112,0,dry season,0.0,0.0,505027.7802561831,"No flood expected in Aweil East this week (q50 0.0 km²). Routine monitoring. (Aweil East maps ~505,028 cattle in baseline.)"
2024-02-12,Aweil North,0.0,0.048,0,dry season,0.0,0.0,463800.5038861725,"No flood expected in Aweil North this week (q50 0.0 km²). Routine monitoring. (Aweil North maps ~463,801 cattle in baseline.)"
2024-02-12,Aweil South,0.0,0.051,0,dry season,0.0,0.0,141256.8006910938,"No flood expected in Aweil South this week (q50 0.0 km²). Routine monitoring. (Aweil South maps ~141,257 cattle in baseline.)"
2024-02-12,Aweil West,0.0,0.048,0,dry season,0.0,0.0,318964.9515941321,"No flood expected in Aweil West this week (q50 0.0 km²). Routine monitoring. (Aweil West maps ~318,965 cattle in baseline.)"
2024-02-19,Aweil Centre,0.05,0.162,3,dry season,0.0,311.2,364961.8333817694,"SEVERE flood expected in Aweil Centre this week: q50 0.1 km², above the 95th percentile of all February weeks since 2000. Dry season: little active cropping; floodplain grazing and residual flooding dominate. Approx. 311 ha of rangeland at risk; plan early herd movement. (Aweil Centre maps ~364,962 cattle in baseline.)"
2024-02-19,Aweil East,0.0,0.075,0,dry season,0.0,0.0,505027.7802561831,"No flood expected in Aweil East this week (q50 0.0 km²). Routine monitoring. (Aweil East maps ~505,028 cattle in baseline.)"
2024-02-19,Aweil North,0.0,0.053,0,dry season,0.0,0.0,463800.5038861725,"No flood expected in Aweil North this week (q50 0.0 km²). Routine monitoring. (Aweil North maps ~463,801 cattle in baseline.)"
2024-02-19,Aweil South,0.0,0.055,0,dry season,0.0,0.0,141256.8006910938,"No flood expected in Aweil South this week (q50 0.0 km²). Routine monitoring. (Aweil South maps ~141,257 cattle in baseline.)"
2024-02-19,Aweil West,0.0,0.054,0,dry season,0.0,0.0,318964.9515941321,"No flood expected in Aweil West this week (q50 0.0 km²). Routine monitoring. (Aweil West maps ~318,965 cattle in baseline.)"
2024-02-26,Aweil Centre,0.0,0.131,3,dry season,0.0,76.1,364961.8333817694,"SEVERE flood expected in Aweil Centre this week: q50 0.0 km², above the 95th percentile of all February weeks since 2000. Dry season: little active cropping; floodplain grazing and residual flooding dominate. Approx. 76 ha of rangeland at risk; plan early herd movement. (Aweil Centre maps ~364,962 cattle in baseline.)"
2024-02-26,Aweil East,0.0,0.053,0,dry season,0.0,0.0,505027.7802561831,"No flood expected in Aweil East this week (q50 0.0 km²). Routine monitoring. (Aweil East maps ~505,028 cattle in baseline.)"
2024-02-26,Aweil North,0.0,0.046,0,dry season,0.0,0.0,463800.5038861725,"No flood expected in Aweil North this week (q50 0.0 km²). Routine monitoring. (Aweil North maps ~463,801 cattle in baseline.)"
2024-02-26,Aweil South,0.0,0.049,0,dry season,0.0,0.0,141256.8006910938,"No flood expected in Aweil South this week (q50 0.0 km²). Routine monitoring. (Aweil South maps ~141,257 cattle in baseline.)"
2024-02-26,Aweil West,0.0,0.046,0,dry season,0.0,0.0,318964.9515941321,"No flood expected in Aweil West this week (q50 0.0 km²). Routine monitoring. (Aweil West maps ~318,965 cattle in baseline.)"
2024-03-04,Aweil Centre,0.0,0.11,0,early season (sowing),0.0,0.0,364961.8333817694,"No flood expected in Aweil Centre this week (q50 0.0 km²). Routine monitoring. (Aweil Centre maps ~364,962 cattle in baseline.)"
2024-03-04,Aweil East,0.0,0.072,0,early season (sowing),0.0,0.0,505027.7802561831,"No flood expected in Aweil East this week (q50 0.0 km²). Routine monitoring. (Aweil East maps ~505,028 cattle in baseline.)"
2024-03-04,Aweil North,0.0,0.068,0,early season (sowing),0.0,0.0,463800.5038861725,"No flood expected in Aweil North this week (q50 0.0 km²). Routine monitoring. (Aweil North maps ~463,801 cattle in baseline.)"
2024-03-04,Aweil South,0.0,0.073,0,early season (sowing),0.0,0.0,141256.8006910938,"No flood expected in Aweil South this week (q50 0.0 km²). Routine monitoring. (Aweil South maps ~141,257 cattle in baseline.)"
2024-03-04,Aweil West,0.0,0.064,0,early season (sowing),0.0,0.0,318964.9515941321,"No flood expected in Aweil West this week (q50 0.0 km²). Routine monitoring. (Aweil West maps ~318,965 cattle in baseline.)"
2024-03-11,Aweil Centre,0.0,0.063,0,early season (sowing),0.0,0.0,364961.8333817694,"No flood expected in Aweil Centre this week (q50 0.0 km²). Routine monitoring. (Aweil Centre maps ~364,962 cattle in baseline.)"
2024-03-11,Aweil East,0.0,0.059,0,early season (sowing),0.0,0.0,505027.7802561831,"No flood expected in Aweil East this week (q50 0.0 km²). Routine monitoring. (Aweil East maps ~505,028 cattle in baseline.)"
2024-03-11,Aweil North,0.0,0.054,0,early season (sowing),0.0,0.0,463800.5038861725,"No flood expected in Aweil North this week (q50 0.0 km²). Routine monitoring. (Aweil North maps ~463,801 cattle in baseline.)"
2024-03-11,Aweil South,0.0,0.056,0,early season (sowing),0.0,0.0,141256.8006910938,"No flood expected in Aweil South this week (q50 0.0 km²). Routine monitoring. (Aweil South maps ~141,257 cattle in baseline.)"
2024-03-11,Aweil West,0.0,0.054,0,early season (sowing),0.0,0.0,318964.9515941321,"No flood expected in Aweil West this week (q50 0.0 km²). Routine monitoring. (Aweil West maps ~318,965 cattle in baseline.)"
2024-03-18,Aweil Centre,0.0,0.058,0,early season (sowing),0.0,0.0,364961.8333817694,"No flood expected in Aweil Centre this week (q50 0.0 km²). Routine monitoring. (Aweil Centre maps ~364,962 cattle in baseline.)"
2024-03-18,Aweil East,0.0,0.058,0,early season (sowing),0.0,0.0,505027.7802561831,"No flood expected in Aweil East this week (q50 0.0 km²). Routine monitoring. (Aweil East maps ~505,028 cattle in baseline.)"
2024-03-18,Aweil North,0.0,0.051,0,early season (sowing),0.0,0.0,463800.5038861725,"No flood expected in Aweil North this week (q50 0.0 km²). Routine monitoring. (Aweil North maps ~463,801 cattle in baseline.)"
2024-03-18,Aweil South,0.0,0.053,0,early season (sowing),0.0,0.0,141256.8006910938,"No flood expected in Aweil South this week (q50 0.0 km²). Routine monitoring. (Aweil South maps ~141,257 cattle in baseline.)"
2024-03-18,Aweil West,0.0,0.051,0,early season (sowing),0.0,0.0,318964.9515941321,"No flood expected in Aweil West this week (q50 0.0 km²). Routine monitoring. (Aweil West maps ~318,965 cattle in baseline.)"
2024-03-25,Aweil Centre,0.0,0.056,0,early season (sowing),0.0,0.0,364961.8333817694,"No flood expected in Aweil Centre this week (q50 0.0 km²). Routine monitoring. (Aweil Centre maps ~364,962 cattle in baseline.)"
2024-03-25,Aweil East,0.0,0.058,0,early season (sowing),0.0,0.0,505027.7802561831,"No flood expected in Aweil East this week (q50 0.0 km²). Routine monitoring. (Aweil East maps ~505,028 cattle in baseline.)"
2024-03-25,Aweil North,0.0,0.053,0,early season (sowing),0.0,0.0,463800.5038861725,"No flood expected in Aweil North this week (q50 0.0 km²). Routine monitoring. (Aweil North maps ~463,801 cattle in baseline.)"
2024-03-25,Aweil South,0.0,0.057,0,early season (sowing),0.0,0.0,141256.8006910938,"No flood expected in Aweil South this week (q50 0.0 km²). Routine monitoring. (Aweil South maps ~141,257 cattle in baseline.)"
2024-03-25,Aweil West,0.06,0.164,3,early season (sowing),0.0,100.0,318964.9515941321,"SEVERE flood expected in Aweil West this week: q50 0.1 km², above the 95th percentile of all March weeks since 2000. Early season (sowing): sowing windows are opening — delayed or drowned seedlings are the main crop risk. Approx. 100 ha of rangeland at risk; plan early herd movement. (Aweil West maps ~318,965 cattle in baseline.)"
2024-04-01,Aweil Centre,0.0,0.054,0,crop establishment,0.0,0.0,364961.8333817694,"No flood expected in Aweil Centre this week (q50 0.0 km²). Routine monitoring. (Aweil Centre maps ~364,962 cattle in baseline.)"
2024-04-01,Aweil East,0.0,0.057,0,crop establishment,0.0,0.0,505027.7802561831,"No flood expected in Aweil East this week (q50 0.0 km²). Routine monitoring. (Aweil East maps ~505,028 cattle in baseline.)"
2024-04-01,Aweil North,0.0,0.049,0,crop establishment,0.0,0.0,463800.5038861725,"No flood expected in Aweil North this week (q50 0.0 km²). Routine monitoring. (Aweil North maps ~463,801 cattle in baseline.)"
2024-04-01,Aweil South,0.0,0.052,0,crop establishment,0.0,0.0,141256.8006910938,"No flood expected in Aweil South this week (q50 0.0 km²). Routine monitoring. (Aweil South maps ~141,257 cattle in baseline.)"
2024-04-01,Aweil West,0.0,0.103,0,crop establishment,0.0,0.0,318964.9515941321,"No flood expected in Aweil West this week (q50 0.0 km²). Routine monitoring. (Aweil West maps ~318,965 cattle in baseline.)"
2024-04-08,Aweil Centre,0.0,0.051,0,crop establishment,0.0,0.0,364961.8333817694,"No flood expected in Aweil Centre this week (q50 0.0 km²). Routine monitoring. (Aweil Centre maps ~364,962 cattle in baseline.)"
2024-04-08,Aweil East,0.0,0.061,0,crop establishment,0.0,0.0,505027.7802561831,"No flood expected in Aweil East this week (q50 0.0 km²). Routine monitoring. (Aweil East maps ~505,028 cattle in baseline.)"
2024-04-08,Aweil North,0.0,0.049,0,crop establishment,0.0,0.0,463800.5038861725,"No flood expected in Aweil North this week (q50 0.0 km²). Routine monitoring. (Aweil North maps ~463,801 cattle in baseline.)"
2024-04-08,Aweil South,0.0,0.053,0,crop establishment,0.0,0.0,141256.8006910938,"No flood expected in Aweil South this week (q50 0.0 km²). Routine monitoring. (Aweil South maps ~141,257 cattle in baseline.)"
2024-04-08,Aweil West,0.0,0.071,0,crop establishment,0.0,0.0,318964.9515941321,"No flood expected in Aweil West this week (q50 0.0 km²). Routine monitoring. (Aweil West maps ~318,965 cattle in baseline.)"
2024-04-15,Aweil Centre,0.0,0.045,0,crop establishment,0.0,0.0,364961.8333817694,"No flood expected in Aweil Centre this week (q50 0.0 km²). Routine monitoring. (Aweil Centre maps ~364,962 cattle in baseline.)"
2024-04-15,Aweil East,0.0,0.056,0,crop establishment,0.0,0.0,505027.7802561831,"No flood expected in Aweil East this week (q50 0.0 km²). Routine monitoring. (Aweil East maps ~505,028 cattle in baseline.)"
2024-04-15,Aweil North,0.0,0.043,0,crop establishment,0.0,0.0,463800.5038861725,"No flood expected in Aweil North this week (q50 0.0 km²). Routine monitoring. (Aweil North maps ~463,801 cattle in baseline.)"
2024-04-15,Aweil South,0.0,0.046,0,crop establishment,0.0,0.0,141256.8006910938,"No flood expected in Aweil South this week (q50 0.0 km²). Routine monitoring. (Aweil South maps ~141,257 cattle in baseline.)"
2024-04-15,Aweil West,0.0,0.041,0,crop establishment,0.0,0.0,318964.9515941321,"No flood expected in Aweil West this week (q50 0.0 km²). Routine monitoring. (Aweil West maps ~318,965 cattle in baseline.)"
2024-04-22,Aweil Centre,0.0,0.048,0,crop establishment,0.0,0.0,364961.8333817694,"No flood expected in Aweil Centre this week (q50 0.0 km²). Routine monitoring. (Aweil Centre maps ~364,962 cattle in baseline.)"
2024-04-22,Aweil East,0.0,0.063,0,crop establishment,0.0,0.0,505027.7802561831,"No flood expected in Aweil East this week (q50 0.0 km²). Routine monitoring. (Aweil East maps ~505,028 cattle in baseline.)"
2024-04-22,Aweil North,0.0,0.048,0,crop establishment,0.0,0.0,463800.5038861725,"No flood expected in Aweil North this week (q50 0.0 km²). Routine monitoring. (Aweil North maps ~463,801 cattle in baseline.)"
2024-04-22,Aweil South,0.0,0.052,0,crop establishment,0.0,0.0,141256.8006910938,"No flood expected in Aweil South this week (q50 0.0 km²). Routine monitoring. (Aweil South maps ~141,257 cattle in baseline.)"
2024-04-22,Aweil West,0.0,0.047,0,crop establishment,0.0,0.0,318964.9515941321,"No flood expected in Aweil West this week (q50 0.0 km²). Routine monitoring. (Aweil West maps ~318,965 cattle in baseline.)"
2024-04-29,Aweil Centre,0.0,0.048,0,crop establishment,0.0,0.0,364961.8333817694,"No flood expected in Aweil Centre this week (q50 0.0 km²). Routine monitoring. (Aweil Centre maps ~364,962 cattle in baseline.)"
2024-04-29,Aweil East,0.0,0.057,0,crop establishment,0.0,0.0,505027.7802561831,"No flood expected in Aweil East this week (q50 0.0 km²). Routine monitoring. (Aweil East maps ~505,028 cattle in baseline.)"
2024-04-29,Aweil North,0.0,0.048,0,crop establishment,0.0,0.0,463800.5038861725,"No flood expected in Aweil North this week (q50 0.0 km²). Routine monitoring. (Aweil North maps ~463,801 cattle in baseline.)"
2024-04-29,Aweil South,0.0,0.05,0,crop establishment,0.0,0.0,141256.8006910938,"No flood expected in Aweil South this week (q50 0.0 km²). Routine monitoring. (Aweil South maps ~141,257 cattle in baseline.)"
2024-04-29,Aweil West,0.0,0.047,0,crop establishment,0.0,0.0,318964.9515941321,"No flood expected in Aweil West this week (q50 0.0 km²). Routine monitoring. (Aweil West maps ~318,965 cattle in baseline.)"
2024-05-06,Aweil Centre,0.0,0.047,0,vegetative growth,0.0,0.0,364961.8333817694,"No flood expected in Aweil Centre this week (q50 0.0 km²). Routine monitoring. (Aweil Centre maps ~364,962 cattle in baseline.)"
2024-05-06,Aweil East,0.0,0.065,0,vegetative growth,0.0,0.0,505027.7802561831,"No flood expected in Aweil East this week (q50 0.0 km²). Routine monitoring. (Aweil East maps ~505,028 cattle in baseline.)"
2024-05-06,Aweil North,0.0,0.048,0,vegetative growth,0.0,0.0,463800.5038861725,"No flood expected in Aweil North this week (q50 0.0 km²). Routine monitoring. (Aweil North maps ~463,801 cattle in baseline.)"
2024-05-06,Aweil South,0.0,0.05,0,vegetative growth,0.0,0.0,141256.8006910938,"No flood expected in Aweil South this week (q50 0.0 km²). Routine monitoring. (Aweil South maps ~141,257 cattle in baseline.)"
2024-05-06,Aweil West,0.0,0.042,0,vegetative growth,0.0,0.0,318964.9515941321,"No flood expected in Aweil West this week (q50 0.0 km²). Routine monitoring. (Aweil West maps ~318,965 cattle in baseline.)"
2024-05-13,Aweil Centre,0.0,0.044,0,vegetative growth,0.0,0.0,364961.8333817694,"No flood expected in Aweil Centre this week (q50 0.0 km²). Routine monitoring. (Aweil Centre maps ~364,962 cattle in baseline.)"
2024-05-13,Aweil East,0.0,0.053,0,vegetative growth,0.0,0.0,505027.7802561831,"No flood expected in Aweil East this week (q50 0.0 km²). Routine monitoring. (Aweil East maps ~505,028 cattle in baseline.)"
2024-05-13,Aweil North,0.0,0.046,0,vegetative growth,0.0,0.0,463800.5038861725,"No flood expected in Aweil North this week (q50 0.0 km²). Routine monitoring. (Aweil North maps ~463,801 cattle in baseline.)"
2024-05-13,Aweil South,0.0,0.048,0,vegetative growth,0.0,0.0,141256.8006910938,"No flood expected in Aweil South this week (q50 0.0 km²). Routine monitoring. (Aweil South maps ~141,257 cattle in baseline.)"
2024-05-13,Aweil West,0.0,0.045,0,vegetative growth,0.0,0.0,318964.9515941321,"No flood expected in Aweil West this week (q50 0.0 km²). Routine monitoring. (Aweil West maps ~318,965 cattle in baseline.)"
2024-05-20,Aweil Centre,0.0,0.034,0,vegetative growth,0.0,0.0,364961.8333817694,"No flood expected in Aweil Centre this week (q50 0.0 km²). Routine monitoring. (Aweil Centre maps ~364,962 cattle in baseline.)"
2024-05-20,Aweil East,0.0,0.044,0,vegetative growth,0.0,0.0,505027.7802561831,"No flood expected in Aweil East this week (q50 0.0 km²). Routine monitoring. (Aweil East maps ~505,028 cattle in baseline.)"
2024-05-20,Aweil North,0.0,0.03,0,vegetative growth,0.0,0.0,463800.5038861725,"No flood expected in Aweil North this week (q50 0.0 km²). Routine monitoring. (Aweil North maps ~463,801 cattle in baseline.)"
2024-05-20,Aweil South,0.0,0.031,0,vegetative growth,0.0,0.0,141256.8006910938,"No flood expected in Aweil South this week (q50 0.0 km²). Routine monitoring. (Aweil South maps ~141,257 cattle in baseline.)"
2024-05-20,Aweil West,0.0,0.032,0,vegetative growth,0.0,0.0,318964.9515941321,"No flood expected in Aweil West this week (q50 0.0 km²). Routine monitoring. (Aweil West maps ~318,965 cattle in baseline.)"
2024-05-27,Aweil Centre,0.0,0.032,0,vegetative growth,0.0,0.0,364961.8333817694,"No flood expected in Aweil Centre this week (q50 0.0 km²). Routine monitoring. (Aweil Centre maps ~364,962 cattle in baseline.)"
2024-05-27,Aweil East,0.0,0.041,0,vegetative growth,0.0,0.0,505027.7802561831,"No flood expected in Aweil East this week (q50 0.0 km²). Routine monitoring. (Aweil East maps ~505,028 cattle in baseline.)"
2024-05-27,Aweil North,0.0,0.032,0,vegetative growth,0.0,0.0,463800.5038861725,"No flood expected in Aweil North this week (q50 0.0 km²). Routine monitoring. (Aweil North maps ~463,801 cattle in baseline.)"
2024-05-27,Aweil South,0.0,0.032,0,vegetative growth,0.0,0.0,141256.8006910938,"No flood expected in Aweil South this week (q50 0.0 km²). Routine monitoring. (Aweil South maps ~141,257 cattle in baseline.)"
2024-05-27,Aweil West,0.0,0.032,0,vegetative growth,0.0,0.0,318964.9515941321,"No flood expected in Aweil West this week (q50 0.0 km²). Routine monitoring. (Aweil West maps ~318,965 cattle in baseline.)"
2024-06-03,Aweil Centre,0.0,0.04,0,vegetative growth (peak),0.0,0.0,364961.8333817694,"No flood expected in Aweil Centre this week (q50 0.0 km²). Routine monitoring. (Aweil Centre maps ~364,962 cattle in baseline.)"
2024-06-03,Aweil East,0.0,0.055,0,vegetative growth (peak),0.0,0.0,505027.7802561831,"No flood expected in Aweil East this week (q50 0.0 km²). Routine monitoring. (Aweil East maps ~505,028 cattle in baseline.)"
2024-06-03,Aweil North,0.0,0.042,0,vegetative growth (peak),0.0,0.0,463800.5038861725,"No flood expected in Aweil North this week (q50 0.0 km²). Routine monitoring. (Aweil North maps ~463,801 cattle in baseline.)"
2024-06-03,Aweil South,0.0,0.043,0,vegetative growth (peak),0.0,0.0,141256.8006910938,"No flood expected in Aweil South this week (q50 0.0 km²). Routine monitoring. (Aweil South maps ~141,257 cattle in baseline.)"
2024-06-03,Aweil West,0.0,0.038,0,vegetative growth (peak),0.0,0.0,318964.9515941321,"No flood expected in Aweil West this week (q50 0.0 km²). Routine monitoring. (Aweil West maps ~318,965 cattle in baseline.)"
2024-06-10,Aweil Centre,0.0,0.035,0,vegetative growth (peak),0.0,0.0,364961.8333817694,"No flood expected in Aweil Centre this week (q50 0.0 km²). Routine monitoring. (Aweil Centre maps ~364,962 cattle in baseline.)"
2024-06-10,Aweil East,0.0,0.046,0,vegetative growth (peak),0.0,0.0,505027.7802561831,"No flood expected in Aweil East this week (q50 0.0 km²). Routine monitoring. (Aweil East maps ~505,028 cattle in baseline.)"
2024-06-10,Aweil North,0.0,0.033,0,vegetative growth (peak),0.0,0.0,463800.5038861725,"No flood expected in Aweil North this week (q50 0.0 km²). Routine monitoring. (Aweil North maps ~463,801 cattle in baseline.)"
2024-06-10,Aweil South,0.0,0.036,0,vegetative growth (peak),0.0,0.0,141256.8006910938,"No flood expected in Aweil South this week (q50 0.0 km²). Routine monitoring. (Aweil South maps ~141,257 cattle in baseline.)"
2024-06-10,Aweil West,0.0,0.031,0,vegetative growth (peak),0.0,0.0,318964.9515941321,"No flood expected in Aweil West this week (q50 0.0 km²). Routine monitoring. (Aweil West maps ~318,965 cattle in baseline.)"
2024-06-17,Aweil Centre,0.0,0.033,0,vegetative growth (peak),0.0,0.0,364961.8333817694,"No flood expected in Aweil Centre this week (q50 0.0 km²). Routine monitoring. (Aweil Centre maps ~364,962 cattle in baseline.)"
2024-06-17,Aweil East,0.0,0.051,0,vegetative growth (peak),0.0,0.0,505027.7802561831,"No flood expected in Aweil East this week (q50 0.0 km²). Routine monitoring. (Aweil East maps ~505,028 cattle in baseline.)"
2024-06-17,Aweil North,0.0,0.028,0,vegetative growth (peak),0.0,0.0,463800.5038861725,"No flood expected in Aweil North this week (q50 0.0 km²). Routine monitoring. (Aweil North maps ~463,801 cattle in baseline.)"
2024-06-17,Aweil South,0.0,0.032,0,vegetative growth (peak),0.0,0.0,141256.8006910938,"No flood expected in Aweil South this week (q50 0.0 km²). Routine monitoring. (Aweil South maps ~141,257 cattle in baseline.)"
2024-06-17,Aweil West,0.0,0.029,0,vegetative growth (peak),0.0,0.0,318964.9515941321,"No flood expected in Aweil West this week (q50 0.0 km²). Routine monitoring. (Aweil West maps ~318,965 cattle in baseline.)"
2024-06-24,Aweil Centre,0.0,0.035,0,vegetative growth (peak),0.0,0.0,364961.8333817694,"No flood expected in Aweil Centre this week (q50 0.0 km²). Routine monitoring. (Aweil Centre maps ~364,962 cattle in baseline.)"
2024-06-24,Aweil East,0.0,0.048,0,vegetative growth (peak),0.0,0.0,505027.7802561831,"No flood expected in Aweil East this week (q50 0.0 km²). Routine monitoring. (Aweil East maps ~505,028 cattle in baseline.)"
2024-06-24,Aweil North,0.0,0.033,0,vegetative growth (peak),0.0,0.0,463800.5038861725,"No flood expected in Aweil North this week (q50 0.0 km²). Routine monitoring. (Aweil North maps ~463,801 cattle in baseline.)"
2024-06-24,Aweil South,0.0,0.035,0,vegetative growth (peak),0.0,0.0,141256.8006910938,"No flood expected in Aweil South this week (q50 0.0 km²). Routine monitoring. (Aweil South maps ~141,257 cattle in baseline.)"
2024-06-24,Aweil West,0.0,0.032,0,vegetative growth (peak),0.0,0.0,318964.9515941321,"No flood expected in Aweil West this week (q50 0.0 km²). Routine monitoring. (Aweil West maps ~318,965 cattle in baseline.)"
2024-07-01,Aweil Centre,0.0,0.03,0,vegetative growth (peak),0.0,0.0,364961.8333817694,"No flood expected in Aweil Centre this week (q50 0.0 km²). Routine monitoring. (Aweil Centre maps ~364,962 cattle in baseline.)"
2024-07-01,Aweil East,0.0,0.046,0,vegetative growth (peak),0.0,0.0,505027.7802561831,"No flood expected in Aweil East this week (q50 0.0 km²). Routine monitoring. (Aweil East maps ~505,028 cattle in baseline.)"
2024-07-01,Aweil North,0.0,0.03,0,vegetative growth (peak),0.0,0.0,463800.5038861725,"No flood expected in Aweil North this week (q50 0.0 km²). Routine monitoring. (Aweil North maps ~463,801 cattle in baseline.)"
2024-07-01,Aweil South,0.0,0.031,0,vegetative growth (peak),0.0,0.0,141256.8006910938,"No flood expected in Aweil South this week (q50 0.0 km²). Routine monitoring. (Aweil South maps ~141,257 cattle in baseline.)"
2024-07-01,Aweil West,0.0,0.03,0,vegetative growth (peak),0.0,0.0,318964.9515941321,"No flood expected in Aweil West this week (q50 0.0 km²). Routine monitoring. (Aweil West maps ~318,965 cattle in baseline.)"
2024-07-08,Aweil Centre,0.0,0.02,0,vegetative growth (peak),0.0,0.0,364961.8333817694,"No flood expected in Aweil Centre this week (q50 0.0 km²). Routine monitoring. (Aweil Centre maps ~364,962 cattle in baseline.)"
2024-07-08,Aweil East,0.03,0.226,0,vegetative growth (peak),0.0,0.0,505027.7802561831,"No flood expected in Aweil East this week (q50 0.0 km²). Routine monitoring. (Aweil East maps ~505,028 cattle in baseline.)"
2024-07-08,Aweil North,0.0,0.014,0,vegetative growth (peak),0.0,0.0,463800.5038861725,"No flood expected in Aweil North this week (q50 0.0 km²). Routine monitoring. (Aweil North maps ~463,801 cattle in baseline.)"
2024-07-08,Aweil South,0.0,0.018,0,vegetative growth (peak),0.0,0.0,141256.8006910938,"No flood expected in Aweil South this week (q50 0.0 km²). Routine monitoring. (Aweil South maps ~141,257 cattle in baseline.)"
2024-07-08,Aweil West,0.0,0.021,0,vegetative growth (peak),0.0,0.0,318964.9515941321,"No flood expected in Aweil West this week (q50 0.0 km²). Routine monitoring. (Aweil West maps ~318,965 cattle in baseline.)"
2024-07-15,Aweil Centre,0.0,0.016,0,vegetative growth (peak),0.0,0.0,364961.8333817694,"No flood expected in Aweil Centre this week (q50 0.0 km²). Routine monitoring. (Aweil Centre maps ~364,962 cattle in baseline.)"
2024-07-15,Aweil East,0.02,0.099,0,vegetative growth (peak),0.0,0.0,505027.7802561831,"No flood expected in Aweil East this week (q50 0.0 km²). Routine monitoring. (Aweil East maps ~505,028 cattle in baseline.)"
2024-07-15,Aweil North,0.0,0.014,0,vegetative growth (peak),0.0,0.0,463800.5038861725,"No flood expected in Aweil North this week (q50 0.0 km²). Routine monitoring. (Aweil North maps ~463,801 cattle in baseline.)"
2024-07-15,Aweil South,0.0,0.015,0,vegetative growth (peak),0.0,0.0,141256.8006910938,"No flood expected in Aweil South this week (q50 0.0 km²). Routine monitoring. (Aweil South maps ~141,257 cattle in baseline.)"
2024-07-15,Aweil West,0.0,0.017,0,vegetative growth (peak),0.0,0.0,318964.9515941321,"No flood expected in Aweil West this week (q50 0.0 km²). Routine monitoring. (Aweil West maps ~318,965 cattle in baseline.)"
2024-07-22,Aweil Centre,0.0,0.018,0,vegetative growth (peak),0.0,0.0,364961.8333817694,"No flood expected in Aweil Centre this week (q50 0.0 km²). Routine monitoring. (Aweil Centre maps ~364,962 cattle in baseline.)"
2024-07-22,Aweil East,0.0,0.073,0,vegetative growth (peak),0.0,0.0,505027.7802561831,"No flood expected in Aweil East this week (q50 0.0 km²). Routine monitoring. (Aweil East maps ~505,028 cattle in baseline.)"
2024-07-22,Aweil North,0.0,0.016,0,vegetative growth (peak),0.0,0.0,463800.5038861725,"No flood expected in Aweil North this week (q50 0.0 km²). Routine monitoring. (Aweil North maps ~463,801 cattle in baseline.)"
2024-07-22,Aweil South,0.0,0.02,0,vegetative growth (peak),0.0,0.0,141256.8006910938,"No flood expected in Aweil South this week (q50 0.0 km²). Routine monitoring. (Aweil South maps ~141,257 cattle in baseline.)"
2024-07-22,Aweil West,0.0,0.02,0,vegetative growth (peak),0.0,0.0,318964.9515941321,"No flood expected in Aweil West this week (q50 0.0 km²). Routine monitoring. (Aweil West maps ~318,965 cattle in baseline.)"
2024-07-29,Aweil Centre,0.0,0.064,0,vegetative growth (peak),0.0,0.0,364961.8333817694,"No flood expected in Aweil Centre this week (q50 0.0 km²). Routine monitoring. (Aweil Centre maps ~364,962 cattle in baseline.)"
2024-07-29,Aweil East,1.04,0.368,3,vegetative growth (peak),0.0,0.0,505027.7802561831,"SEVERE flood expected in Aweil East this week: q50 1.0 km², above the 95th percentile of all July weeks since 2000. Vegetative growth (peak): crops are at peak water demand — short flooding can be tolerated, sustained submergence is not. (Aweil East maps ~505,028 cattle in baseline.)"
2024-07-29,Aweil North,0.0,0.049,0,vegetative growth (peak),0.0,0.0,463800.5038861725,"No flood expected in Aweil North this week (q50 0.0 km²). Routine monitoring. (Aweil North maps ~463,801 cattle in baseline.)"
2024-07-29,Aweil South,0.0,0.056,0,vegetative growth (peak),0.0,0.0,141256.8006910938,"No flood expected in Aweil South this week (q50 0.0 km²). Routine monitoring. (Aweil South maps ~141,257 cattle in baseline.)"
2024-07-29,Aweil West,0.0,0.06,0,vegetative growth (peak),0.0,0.0,318964.9515941321,"No flood expected in Aweil West this week (q50 0.0 km²). Routine monitoring. (Aweil West maps ~318,965 cattle in baseline.)"
2024-08-05,Aweil Centre,0.0,0.113,0,maturation,0.0,0.0,364961.8333817694,"No flood expected in Aweil Centre this week (q50 0.0 km²). Routine monitoring. (Aweil Centre maps ~364,962 cattle in baseline.)"
2024-08-05,Aweil East,0.04,0.299,0,maturation,0.0,0.0,505027.7802561831,"No flood expected in Aweil East this week (q50 0.0 km²). Routine monitoring. (Aweil East maps ~505,028 cattle in baseline.)"
2024-08-05,Aweil North,0.0,0.077,0,maturation,0.0,0.0,463800.5038861725,"No flood expected in Aweil North this week (q50 0.0 km²). Routine monitoring. (Aweil North maps ~463,801 cattle in baseline.)"
2024-08-05,Aweil South,0.0,0.083,0,maturation,0.0,0.0,141256.8006910938,"No flood expected in Aweil South this week (q50 0.0 km²). Routine monitoring. (Aweil South maps ~141,257 cattle in baseline.)"
2024-08-05,Aweil West,0.0,0.117,0,maturation,0.0,0.0,318964.9515941321,"No flood expected in Aweil West this week (q50 0.0 km²). Routine monitoring. (Aweil West maps ~318,965 cattle in baseline.)"
2024-08-12,Aweil Centre,0.0,0.081,0,maturation,0.0,0.0,364961.8333817694,"No flood expected in Aweil Centre this week (q50 0.0 km²). Routine monitoring. (Aweil Centre maps ~364,962 cattle in baseline.)"
2024-08-12,Aweil East,0.05,0.219,0,maturation,0.0,0.0,505027.7802561831,"No flood expected in Aweil East this week (q50 0.1 km²). Routine monitoring. (Aweil East maps ~505,028 cattle in baseline.)"
2024-08-12,Aweil North,0.0,0.044,0,maturation,0.0,0.0,463800.5038861725,"No flood expected in Aweil North this week (q50 0.0 km²). Routine monitoring. (Aweil North maps ~463,801 cattle in baseline.)"
2024-08-12,Aweil South,0.0,0.058,0,maturation,0.0,0.0,141256.8006910938,"No flood expected in Aweil South this week (q50 0.0 km²). Routine monitoring. (Aweil South maps ~141,257 cattle in baseline.)"
2024-08-12,Aweil West,0.0,0.09,0,maturation,0.0,0.0,318964.9515941321,"No flood expected in Aweil West this week (q50 0.0 km²). Routine monitoring. (Aweil West maps ~318,965 cattle in baseline.)"
2024-08-19,Aweil Centre,0.0,0.284,0,maturation,0.0,0.0,364961.8333817694,"No flood expected in Aweil Centre this week (q50 0.0 km²). Routine monitoring. (Aweil Centre maps ~364,962 cattle in baseline.)"
2024-08-19,Aweil East,0.01,0.38,0,maturation,0.0,0.0,505027.7802561831,"No flood expected in Aweil East this week (q50 0.0 km²). Routine monitoring. (Aweil East maps ~505,028 cattle in baseline.)"
2024-08-19,Aweil North,0.0,0.199,0,maturation,0.0,0.0,463800.5038861725,"No flood expected in Aweil North this week (q50 0.0 km²). Routine monitoring. (Aweil North maps ~463,801 cattle in baseline.)"
2024-08-19,Aweil South,0.0,0.185,0,maturation,0.0,0.0,141256.8006910938,"No flood expected in Aweil South this week (q50 0.0 km²). Routine monitoring. (Aweil South maps ~141,257 cattle in baseline.)"
2024-08-19,Aweil West,0.0,0.257,0,maturation,0.0,0.0,318964.9515941321,"No flood expected in Aweil West this week (q50 0.0 km²). Routine monitoring. (Aweil West maps ~318,965 cattle in baseline.)"
2024-08-26,Aweil Centre,0.0,0.28,0,maturation,0.0,0.0,364961.8333817694,"No flood expected in Aweil Centre this week (q50 0.0 km²). Routine monitoring. (Aweil Centre maps ~364,962 cattle in baseline.)"
2024-08-26,Aweil East,0.0,0.388,0,maturation,0.0,0.0,505027.7802561831,"No flood expected in Aweil East this week (q50 0.0 km²). Routine monitoring. (Aweil East maps ~505,028 cattle in baseline.)"
2024-08-26,Aweil North,0.0,0.195,0,maturation,0.0,0.0,463800.5038861725,"No flood expected in Aweil North this week (q50 0.0 km²). Routine monitoring. (Aweil North maps ~463,801 cattle in baseline.)"
2024-08-26,Aweil South,0.0,0.232,0,maturation,0.0,0.0,141256.8006910938,"No flood expected in Aweil South this week (q50 0.0 km²). Routine monitoring. (Aweil South maps ~141,257 cattle in baseline.)"
2024-08-26,Aweil West,0.0,0.252,0,maturation,0.0,0.0,318964.9515941321,"No flood expected in Aweil West this week (q50 0.0 km²). Routine monitoring. (Aweil West maps ~318,965 cattle in baseline.)"
2024-09-02,Aweil Centre,0.0,0.31,0,maturation / grain filling,0.0,0.0,364961.8333817694,"No flood expected in Aweil Centre this week (q50 0.0 km²). Routine monitoring. (Aweil Centre maps ~364,962 cattle in baseline.)"
2024-09-02,Aweil East,0.0,0.418,0,maturation / grain filling,0.0,0.0,505027.7802561831,"No flood expected in Aweil East this week (q50 0.0 km²). Routine monitoring. (Aweil East maps ~505,028 cattle in baseline.)"
2024-09-02,Aweil North,0.0,0.227,0,maturation / grain filling,0.0,0.0,463800.5038861725,"No flood expected in Aweil North this week (q50 0.0 km²). Routine monitoring. (Aweil North maps ~463,801 cattle in baseline.)"
2024-09-02,Aweil South,0.0,0.252,0,maturation / grain filling,0.0,0.0,141256.8006910938,"No flood expected in Aweil South this week (q50 0.0 km²). Routine monitoring. (Aweil South maps ~141,257 cattle in baseline.)"
2024-09-02,Aweil West,0.0,0.314,0,maturation / grain filling,0.0,0.0,318964.9515941321,"No flood expected in Aweil West this week (q50 0.0 km²). Routine monitoring. (Aweil West maps ~318,965 cattle in baseline.)"
2024-09-09,Aweil Centre,3.61,0.872,0,maturation / grain filling,0.0,478.9,364961.8333817694,"SEVERE flood expected in Aweil Centre this week: q50 3.6 km², above the 95th percentile of all September weeks since 2000. Approx. 479 ha of rangeland at risk; plan early herd movement. (Aweil Centre maps ~364,962 cattle in baseline.)"
2024-09-09,Aweil East,14.83,0.92,0,maturation / grain filling,43.3,1788.2,505027.7802561831,"SEVERE flood expected in Aweil East this week: q50 14.8 km², above the 95th percentile of all September weeks since 2000. Approx. 43 ha of mapped crops in the Aweil East floodplain are at risk. Approx. 1,788 ha of rangeland at risk; plan early herd movement. (Aweil East maps ~505,028 cattle in baseline.)"
2024-09-09,Aweil North,2.86,0.803,2,maturation / grain filling,38.8,2032.2,463800.5038861725,"High flood risk in Aweil North this week: q50 2.9 km², above most September weeks since 2000. Maturation / grain filling: grain is filling; flooding now damages the yield that is already banked. Approx. 39 ha of mapped crops in the Aweil North floodplain are at risk. Approx. 2,032 ha of rangeland at risk; plan early herd movement. (Aweil North maps ~463,801 cattle in baseline.)"
2024-09-09,Aweil South,6.71,0.906,2,maturation / grain filling,184.8,4964.9,141256.8006910938,"High flood risk in Aweil South this week: q50 6.7 km², above most September weeks since 2000. Maturation / grain filling: grain is filling; flooding now damages the yield that is already banked. Approx. 185 ha of mapped crops in the Aweil South floodplain are at risk. Approx. 4,965 ha of rangeland at risk; plan early herd movement. (Aweil South maps ~141,257 cattle in baseline.)"
2024-09-09,Aweil West,2.61,0.821,0,maturation / grain filling,18.9,1196.1,318964.9515941321,"SEVERE flood expected in Aweil West this week: q50 2.6 km², above the 95th percentile of all September weeks since 2000. Approx. 19 ha of mapped crops in the Aweil West floodplain are at risk. Approx. 1,196 ha of rangeland at risk; plan early herd movement. (Aweil West maps ~318,965 cattle in baseline.)"
2024-09-16,Aweil Centre,0.67,0.726,0,maturation / grain filling,0.0,89.0,364961.8333817694,"SEVERE flood expected in Aweil Centre this week: q50 0.7 km², above the 95th percentile of all September weeks since 2000. Approx. 89 ha of rangeland at risk; plan early herd movement. (Aweil Centre maps ~364,962 cattle in baseline.)"
2024-09-16,Aweil East,13.68,0.947,0,maturation / grain filling,40.0,1649.7,505027.7802561831,"SEVERE flood expected in Aweil East this week: q50 13.7 km², above the 95th percentile of all September weeks since 2000. Approx. 40 ha of mapped crops in the Aweil East floodplain are at risk. Approx. 1,650 ha of rangeland at risk; plan early herd movement. (Aweil East maps ~505,028 cattle in baseline.)"
2024-09-16,Aweil North,0.84,0.701,0,maturation / grain filling,11.3,592.4,463800.5038861725,"SEVERE flood expected in Aweil North this week: q50 0.8 km², above the 95th percentile of all September weeks since 2000. Approx. 11 ha of mapped crops in the Aweil North floodplain are at risk. Approx. 592 ha of rangeland at risk; plan early herd movement. (Aweil North maps ~463,801 cattle in baseline.)"
2024-09-16,Aweil South,2.22,0.864,0,maturation / grain filling,61.0,1639.9,141256.8006910938,"SEVERE flood expected in Aweil South this week: q50 2.2 km², above the 95th percentile of all September weeks since 2000. Approx. 61 ha of mapped crops in the Aweil South floodplain are at risk. Approx. 1,640 ha of rangeland at risk; plan early herd movement. (Aweil South maps ~141,257 cattle in baseline.)"
2024-09-16,Aweil West,3.93,0.908,0,maturation / grain filling,28.4,1798.5,318964.9515941321,"SEVERE flood expected in Aweil West this week: q50 3.9 km², above the 95th percentile of all September weeks since 2000. Approx. 28 ha of mapped crops in the Aweil West floodplain are at risk. Approx. 1,798 ha of rangeland at risk; plan early herd movement. (Aweil West maps ~318,965 cattle in baseline.)"
2024-09-23,Aweil Centre,2.66,0.783,0,maturation / grain filling,0.0,353.1,364961.8333817694,"SEVERE flood expected in Aweil Centre this week: q50 2.7 km², above the 95th percentile of all September weeks since 2000. Approx. 353 ha of rangeland at risk; plan early herd movement. (Aweil Centre maps ~364,962 cattle in baseline.)"
2024-09-23,Aweil East,16.36,0.924,0,maturation / grain filling,47.8,1973.3,505027.7802561831,"SEVERE flood expected in Aweil East this week: q50 16.4 km², above the 95th percentile of all September weeks since 2000. Approx. 48 ha of mapped crops in the Aweil East floodplain are at risk. Approx. 1,973 ha of rangeland at risk; plan early herd movement. (Aweil East maps ~505,028 cattle in baseline.)"
2024-09-23,Aweil North,5.48,0.843,2,maturation / grain filling,74.2,3887.4,463800.5038861725,"High flood risk in Aweil North this week: q50 5.5 km², above most September weeks since 2000. Maturation / grain filling: grain is filling; flooding now damages the yield that is already banked. Approx. 74 ha of mapped crops in the Aweil North floodplain are at risk. Approx. 3,887 ha of rangeland at risk; plan early herd movement. (Aweil North maps ~463,801 cattle in baseline.)"
2024-09-23,Aweil South,9.94,0.923,2,maturation / grain filling,273.8,7356.6,141256.8006910938,"High flood risk in Aweil South this week: q50 9.9 km², above most September weeks since 2000. Maturation / grain filling: grain is filling; flooding now damages the yield that is already banked. Approx. 274 ha of mapped crops in the Aweil South floodplain are at risk. Approx. 7,357 ha of rangeland at risk; plan early herd movement. (Aweil South maps ~141,257 cattle in baseline.)"
2024-09-23,Aweil West,11.03,0.908,2,maturation / grain filling,79.7,5052.5,318964.9515941321,"High flood risk in Aweil West this week: q50 11.0 km², above most September weeks since 2000. Maturation / grain filling: grain is filling; flooding now damages the yield that is already banked. Approx. 80 ha of mapped crops in the Aweil West floodplain are at risk. Approx. 5,053 ha of rangeland at risk; plan early herd movement. (Aweil West maps ~318,965 cattle in baseline.)"
2024-09-30,Aweil Centre,3.2,0.706,0,maturation / grain filling,0.0,423.9,364961.8333817694,"SEVERE flood expected in Aweil Centre this week: q50 3.2 km², above the 95th percentile of all September weeks since 2000. Approx. 424 ha of rangeland at risk; plan early herd movement. (Aweil Centre maps ~364,962 cattle in baseline.)"
2024-09-30,Aweil East,35.87,0.942,2,maturation / grain filling,104.8,4326.7,505027.7802561831,"High flood risk in Aweil East this week: q50 35.9 km², above most September weeks since 2000. Maturation / grain filling: grain is filling; flooding now damages the yield that is already banked. Approx. 105 ha of mapped crops in the Aweil East floodplain are at risk. Approx. 4,327 ha of rangeland at risk; plan early herd movement. (Aweil East maps ~505,028 cattle in baseline.)"
2024-09-30,Aweil North,3.11,0.853,2,maturation / grain filling,42.1,2207.4,463800.5038861725,"High flood risk in Aweil North this week: q50 3.1 km², above most September weeks since 2000. Maturation / grain filling: grain is filling; flooding now damages the yield that is already banked. Approx. 42 ha of mapped crops in the Aweil North floodplain are at risk. Approx. 2,207 ha of rangeland at risk; plan early herd movement. (Aweil North maps ~463,801 cattle in baseline.)"
2024-09-30,Aweil South,12.32,0.946,2,maturation / grain filling,339.3,9118.5,141256.8006910938,"High flood risk in Aweil South this week: q50 12.3 km², above most September weeks since 2000. Maturation / grain filling: grain is filling; flooding now damages the yield that is already banked. Approx. 339 ha of mapped crops in the Aweil South floodplain are at risk. Approx. 9,119 ha of rangeland at risk; plan early herd movement. (Aweil South maps ~141,257 cattle in baseline.)"
2024-09-30,Aweil West,5.26,0.934,2,maturation / grain filling,38.0,2406.9,318964.9515941321,"High flood risk in Aweil West this week: q50 5.3 km², above most September weeks since 2000. Maturation / grain filling: grain is filling; flooding now damages the yield that is already banked. Approx. 38 ha of mapped crops in the Aweil West floodplain are at risk. Approx. 2,407 ha of rangeland at risk; plan early herd movement. (Aweil West maps ~318,965 cattle in baseline.)"
2024-10-07,Aweil Centre,0.24,0.465,0,harvest,0.0,11.3,364961.8333817694,"No flood expected in Aweil Centre this week (q50 0.2 km²). Routine monitoring. Approx. 11 ha of rangeland at risk; plan early herd movement. (Aweil Centre maps ~364,962 cattle in baseline.)"
2024-10-07,Aweil East,41.49,0.935,0,harvest,616.6,7088.4,505027.7802561831,"SEVERE flood expected in Aweil East this week: q50 41.5 km², above the 95th percentile of all October weeks since 2000. Approx. 617 ha of mapped crops in the Aweil East floodplain are at risk. Approx. 7,088 ha of rangeland at risk; plan early herd movement. (Aweil East maps ~505,028 cattle in baseline.)"
2024-10-07,Aweil North,1.98,0.79,2,harvest,77.5,1930.7,463800.5038861725,"High flood risk in Aweil North this week: q50 2.0 km², above most October weeks since 2000. Harvest: harvest window — move produce and equipment to higher ground before water rises. Approx. 78 ha of mapped crops in the Aweil North floodplain are at risk. Approx. 1,931 ha of rangeland at risk; plan early herd movement. (Aweil North maps ~463,801 cattle in baseline.)"
2024-10-07,Aweil South,25.9,0.949,2,harvest,797.5,12635.8,141256.8006910938,"High flood risk in Aweil South this week: q50 25.9 km², above most October weeks since 2000. Harvest: harvest window — move produce and equipment to higher ground before water rises. Approx. 797 ha of mapped crops in the Aweil South floodplain are at risk. Approx. 12,636 ha of rangeland at risk; plan early herd movement. (Aweil South maps ~141,257 cattle in baseline.)"
2024-10-07,Aweil West,8.39,0.925,0,harvest,90.9,4237.7,318964.9515941321,"SEVERE flood expected in Aweil West this week: q50 8.4 km², above the 95th percentile of all October weeks since 2000. Approx. 91 ha of mapped crops in the Aweil West floodplain are at risk. Approx. 4,238 ha of rangeland at risk; plan early herd movement. (Aweil West maps ~318,965 cattle in baseline.)"
2024-10-14,Aweil Centre,0.07,0.433,0,harvest,0.0,3.2,364961.8333817694,"No flood expected in Aweil Centre this week (q50 0.1 km²). Routine monitoring. Approx. 3 ha of rangeland at risk; plan early herd movement. (Aweil Centre maps ~364,962 cattle in baseline.)"
2024-10-14,Aweil East,24.55,0.951,0,harvest,364.8,4193.3,505027.7802561831,"SEVERE flood expected in Aweil East this week: q50 24.5 km², above the 95th percentile of all October weeks since 2000. Approx. 365 ha of mapped crops in the Aweil East floodplain are at risk. Approx. 4,193 ha of rangeland at risk; plan early herd movement. (Aweil East maps ~505,028 cattle in baseline.)"
2024-10-14,Aweil North,0.86,0.723,0,harvest,33.8,842.3,463800.5038861725,"SEVERE flood expected in Aweil North this week: q50 0.9 km², above the 95th percentile of all October weeks since 2000. Approx. 34 ha of mapped crops in the Aweil North floodplain are at risk. Approx. 842 ha of rangeland at risk; plan early herd movement. (Aweil North maps ~463,801 cattle in baseline.)"
2024-10-14,Aweil South,21.95,0.962,2,harvest,675.8,10707.9,141256.8006910938,"High flood risk in Aweil South this week: q50 22.0 km², above most October weeks since 2000. Harvest: harvest window — move produce and equipment to higher ground before water rises. Approx. 676 ha of mapped crops in the Aweil South floodplain are at risk. Approx. 10,708 ha of rangeland at risk; plan early herd movement. (Aweil South maps ~141,257 cattle in baseline.)"
2024-10-14,Aweil West,3.32,0.919,0,harvest,36.0,1676.5,318964.9515941321,"SEVERE flood expected in Aweil West this week: q50 3.3 km², above the 95th percentile of all October weeks since 2000. Approx. 36 ha of mapped crops in the Aweil West floodplain are at risk. Approx. 1,676 ha of rangeland at risk; plan early herd movement. (Aweil West maps ~318,965 cattle in baseline.)"
2024-10-21,Aweil Centre,0.0,0.288,0,harvest,0.0,0.1,364961.8333817694,"No flood expected in Aweil Centre this week (q50 0.0 km²). Routine monitoring. (Aweil Centre maps ~364,962 cattle in baseline.)"
2024-10-21,Aweil East,90.13,0.962,2,harvest,1339.4,15397.7,505027.7802561831,"High flood risk in Aweil East this week: q50 90.1 km², above most October weeks since 2000. Harvest: harvest window — move produce and equipment to higher ground before water rises. Approx. 1,339 ha of mapped crops in the Aweil East floodplain are at risk. Approx. 15,398 ha of rangeland at risk; plan early herd movement. (Aweil East maps ~505,028 cattle in baseline.)"
2024-10-21,Aweil North,1.18,0.808,0,harvest,46.1,1147.2,463800.5038861725,"SEVERE flood expected in Aweil North this week: q50 1.2 km², above the 95th percentile of all October weeks since 2000. Approx. 46 ha of mapped crops in the Aweil North floodplain are at risk. Approx. 1,147 ha of rangeland at risk; plan early herd movement. (Aweil North maps ~463,801 cattle in baseline.)"
2024-10-21,Aweil South,86.09,0.97,3,harvest,2187.0,34651.6,141256.8006910938,"SEVERE flood expected in Aweil South this week: q50 86.1 km², above the 95th percentile of all October weeks since 2000. Harvest: harvest window — move produce and equipment to higher ground before water rises. Approx. 2,187 ha of mapped crops in the Aweil South floodplain are at risk. Approx. 34,652 ha of rangeland at risk; plan early herd movement. (Aweil South maps ~141,257 cattle in baseline.)"
2024-10-21,Aweil West,8.61,0.95,0,harvest,93.3,4348.3,318964.9515941321,"SEVERE flood expected in Aweil West this week: q50 8.6 km², above the 95th percentile of all October weeks since 2000. Approx. 93 ha of mapped crops in the Aweil West floodplain are at risk. Approx. 4,348 ha of rangeland at risk; plan early herd movement. (Aweil West maps ~318,965 cattle in baseline.)"
2024-10-28,Aweil Centre,0.35,0.665,0,harvest,0.0,16.3,364961.8333817694,"SEVERE flood expected in Aweil Centre this week: q50 0.3 km², above the 95th percentile of all October weeks since 2000. Approx. 16 ha of rangeland at risk; plan early herd movement. (Aweil Centre maps ~364,962 cattle in baseline.)"
2024-10-28,Aweil East,90.53,0.952,2,harvest,1345.4,15466.7,505027.7802561831,"High flood risk in Aweil East this week: q50 90.5 km², above most October weeks since 2000. Harvest: harvest window — move produce and equipment to higher ground before water rises. Approx. 1,345 ha of mapped crops in the Aweil East floodplain are at risk. Approx. 15,467 ha of rangeland at risk; plan early herd movement. (Aweil East maps ~505,028 cattle in baseline.)"
2024-10-28,Aweil North,2.99,0.95,2,harvest,117.1,2915.1,463800.5038861725,"High flood risk in Aweil North this week: q50 3.0 km², above most October weeks since 2000. Harvest: harvest window — move produce and equipment to higher ground before water rises. Approx. 117 ha of mapped crops in the Aweil North floodplain are at risk. Approx. 2,915 ha of rangeland at risk; plan early herd movement. (Aweil North maps ~463,801 cattle in baseline.)"
2024-10-28,Aweil South,53.31,0.953,3,harvest,1641.1,26003.4,141256.8006910938,"SEVERE flood expected in Aweil South this week: q50 53.3 km², above the 95th percentile of all October weeks since 2000. Harvest: harvest window — move produce and equipment to higher ground before water rises. Approx. 1,641 ha of mapped crops in the Aweil South floodplain are at risk. Approx. 26,003 ha of rangeland at risk; plan early herd movement. (Aweil South maps ~141,257 cattle in baseline.)"
2024-10-28,Aweil West,8.49,0.938,0,harvest,91.9,4284.8,318964.9515941321,"SEVERE flood expected in Aweil West this week: q50 8.5 km², above the 95th percentile of all October weeks since 2000. Approx. 92 ha of mapped crops in the Aweil West floodplain are at risk. Approx. 4,285 ha of rangeland at risk; plan early herd movement. (Aweil West maps ~318,965 cattle in baseline.)"
2024-11-04,Aweil Centre,1.13,0.789,0,harvest / drying,0.0,163.3,364961.8333817694,"SEVERE flood expected in Aweil Centre this week: q50 1.1 km², above the 95th percentile of all November weeks since 2000. Approx. 163 ha of rangeland at risk; plan early herd movement. (Aweil Centre maps ~364,962 cattle in baseline.)"
2024-11-04,Aweil East,95.63,0.953,2,harvest / drying,1728.6,22620.2,505027.7802561831,"High flood risk in Aweil East this week: q50 95.6 km², above most November weeks since 2000. Harvest / drying: harvest window closing — move produce and equipment to higher ground before water rises. Approx. 1,729 ha of mapped crops in the Aweil East floodplain are at risk. Approx. 22,620 ha of rangeland at risk; plan early herd movement. (Aweil East maps ~505,028 cattle in baseline.)"
2024-11-04,Aweil North,6.37,0.932,3,harvest / drying,214.9,8258.8,463800.5038861725,"SEVERE flood expected in Aweil North this week: q50 6.4 km², above the 95th percentile of all November weeks since 2000. Harvest / drying: harvest window closing — move produce and equipment to higher ground before water rises. Approx. 215 ha of mapped crops in the Aweil North floodplain are at risk. Approx. 8,259 ha of rangeland at risk; plan early herd movement. (Aweil North maps ~463,801 cattle in baseline.)"
2024-11-04,Aweil South,80.58,0.951,3,harvest / drying,1685.2,27000.4,141256.8006910938,"SEVERE flood expected in Aweil South this week: q50 80.6 km², above the 95th percentile of all November weeks since 2000. Harvest / drying: harvest window closing — move produce and equipment to higher ground before water rises. Approx. 1,685 ha of mapped crops in the Aweil South floodplain are at risk. Approx. 27,000 ha of rangeland at risk; plan early herd movement. (Aweil South maps ~141,257 cattle in baseline.)"
2024-11-04,Aweil West,21.59,0.921,3,harvest / drying,366.8,15738.4,318964.9515941321,"SEVERE flood expected in Aweil West this week: q50 21.6 km², above the 95th percentile of all November weeks since 2000. Harvest / drying: harvest window closing — move produce and equipment to higher ground before water rises. Approx. 367 ha of mapped crops in the Aweil West floodplain are at risk. Approx. 15,738 ha of rangeland at risk; plan early herd movement. (Aweil West maps ~318,965 cattle in baseline.)"
2024-11-11,Aweil Centre,0.55,0.754,0,harvest / drying,0.0,78.9,364961.8333817694,"SEVERE flood expected in Aweil Centre this week: q50 0.5 km², above the 95th percentile of all November weeks since 2000. Approx. 79 ha of rangeland at risk; plan early herd movement. (Aweil Centre maps ~364,962 cattle in baseline.)"
2024-11-11,Aweil East,86.46,0.927,2,harvest / drying,1562.9,20452.2,505027.7802561831,"High flood risk in Aweil East this week: q50 86.5 km², above most November weeks since 2000. Harvest / drying: harvest window closing — move produce and equipment to higher ground before water rises. Approx. 1,563 ha of mapped crops in the Aweil East floodplain are at risk. Approx. 20,452 ha of rangeland at risk; plan early herd movement. (Aweil East maps ~505,028 cattle in baseline.)"
2024-11-11,Aweil North,2.31,0.91,3,harvest / drying,214.9,8258.8,463800.5038861725,"SEVERE flood expected in Aweil North this week: q50 2.3 km², above the 95th percentile of all November weeks since 2000. Harvest / drying: harvest window closing — move produce and equipment to higher ground before water rises. Approx. 215 ha of mapped crops in the Aweil North floodplain are at risk. Approx. 8,259 ha of rangeland at risk; plan early herd movement. (Aweil North maps ~463,801 cattle in baseline.)"
2024-11-11,Aweil South,83.54,0.928,3,harvest / drying,1747.1,27991.9,141256.8006910938,"SEVERE flood expected in Aweil South this week: q50 83.5 km², above the 95th percentile of all November weeks since 2000. Harvest / drying: harvest window closing — move produce and equipment to higher ground before water rises. Approx. 1,747 ha of mapped crops in the Aweil South floodplain are at risk. Approx. 27,992 ha of rangeland at risk; plan early herd movement. (Aweil South maps ~141,257 cattle in baseline.)"
2024-11-11,Aweil West,8.36,0.903,3,harvest / drying,317.5,13626.7,318964.9515941321,"SEVERE flood expected in Aweil West this week: q50 8.4 km², above the 95th percentile of all November weeks since 2000. Harvest / drying: harvest window closing — move produce and equipment to higher ground before water rises. Approx. 318 ha of mapped crops in the Aweil West floodplain are at risk. Approx. 13,627 ha of rangeland at risk; plan early herd movement. (Aweil West maps ~318,965 cattle in baseline.)"
2024-11-18,Aweil Centre,0.19,0.57,0,harvest / drying,0.0,27.7,364961.8333817694,"SEVERE flood expected in Aweil Centre this week: q50 0.2 km², above the 95th percentile of all November weeks since 2000. Approx. 28 ha of rangeland at risk; plan early herd movement. (Aweil Centre maps ~364,962 cattle in baseline.)"
2024-11-18,Aweil East,86.35,0.913,2,harvest / drying,1560.9,20425.5,505027.7802561831,"High flood risk in Aweil East this week: q50 86.4 km², above most November weeks since 2000. Harvest / drying: harvest window closing — move produce and equipment to higher ground before water rises. Approx. 1,561 ha of mapped crops in the Aweil East floodplain are at risk. Approx. 20,425 ha of rangeland at risk; plan early herd movement. (Aweil East maps ~505,028 cattle in baseline.)"
2024-11-18,Aweil North,0.35,0.704,2,harvest / drying,93.1,3579.7,463800.5038861725,"High flood risk in Aweil North this week: q50 0.3 km², above most November weeks since 2000. Harvest / drying: harvest window closing — move produce and equipment to higher ground before water rises. Approx. 93 ha of mapped crops in the Aweil North floodplain are at risk. Approx. 3,580 ha of rangeland at risk; plan early herd movement. (Aweil North maps ~463,801 cattle in baseline.)"
2024-11-18,Aweil South,56.88,0.915,2,harvest / drying,1189.5,19058.7,141256.8006910938,"High flood risk in Aweil South this week: q50 56.9 km², above most November weeks since 2000. Harvest / drying: harvest window closing — move produce and equipment to higher ground before water rises. Approx. 1,190 ha of mapped crops in the Aweil South floodplain are at risk. Approx. 19,059 ha of rangeland at risk; plan early herd movement. (Aweil South maps ~141,257 cattle in baseline.)"
2024-11-18,Aweil West,1.35,0.888,0,harvest / drying,51.4,2203.6,318964.9515941321,"SEVERE flood expected in Aweil West this week: q50 1.4 km², above the 95th percentile of all November weeks since 2000. Approx. 51 ha of mapped crops in the Aweil West floodplain are at risk. Approx. 2,204 ha of rangeland at risk; plan early herd movement. (Aweil West maps ~318,965 cattle in baseline.)"
2024-11-25,Aweil Centre,0.0,0.212,0,harvest / drying,0.0,0.5,364961.8333817694,"No flood expected in Aweil Centre this week (q50 0.0 km²). Routine monitoring. (Aweil Centre maps ~364,962 cattle in baseline.)"
2024-11-25,Aweil East,70.01,0.92,2,harvest / drying,1265.5,16560.3,505027.7802561831,"High flood risk in Aweil East this week: q50 70.0 km², above most November weeks since 2000. Harvest / drying: harvest window closing — move produce and equipment to higher ground before water rises. Approx. 1,266 ha of mapped crops in the Aweil East floodplain are at risk. Approx. 16,560 ha of rangeland at risk; plan early herd movement. (Aweil East maps ~505,028 cattle in baseline.)"
2024-11-25,Aweil North,0.09,0.353,0,harvest / drying,24.8,954.3,463800.5038861725,"No flood expected in Aweil North this week (q50 0.1 km²). Routine monitoring. Approx. 25 ha of mapped crops in the Aweil North floodplain are at risk. Approx. 954 ha of rangeland at risk; plan early herd movement. (Aweil North maps ~463,801 cattle in baseline.)"
2024-11-25,Aweil South,45.63,0.921,2,harvest / drying,954.2,15288.8,141256.8006910938,"High flood risk in Aweil South this week: q50 45.6 km², above most November weeks since 2000. Harvest / drying: harvest window closing — move produce and equipment to higher ground before water rises. Approx. 954 ha of mapped crops in the Aweil South floodplain are at risk. Approx. 15,289 ha of rangeland at risk; plan early herd movement. (Aweil South maps ~141,257 cattle in baseline.)"
2024-11-25,Aweil West,0.15,0.364,0,harvest / drying,5.6,242.1,318964.9515941321,"No flood expected in Aweil West this week (q50 0.1 km²). Routine monitoring. Approx. 6 ha of mapped crops in the Aweil West floodplain are at risk. Approx. 242 ha of rangeland at risk; plan early herd movement. (Aweil West maps ~318,965 cattle in baseline.)"
2024-12-02,Aweil Centre,0.06,0.247,0,dry season,0.0,38.8,364961.8333817694,"No flood expected in Aweil Centre this week (q50 0.1 km²). Routine monitoring. Approx. 39 ha of rangeland at risk; plan early herd movement. (Aweil Centre maps ~364,962 cattle in baseline.)"
2024-12-02,Aweil East,82.98,0.91,3,dry season,1286.7,26119.9,505027.7802561831,"SEVERE flood expected in Aweil East this week: q50 83.0 km², above the 95th percentile of all December weeks since 2000. Dry season: little active cropping; floodplain grazing and residual flooding dominate. Approx. 1,287 ha of mapped crops in the Aweil East floodplain are at risk. Approx. 26,120 ha of rangeland at risk; plan early herd movement. (Aweil East maps ~505,028 cattle in baseline.)"
2024-12-02,Aweil North,0.0,0.096,0,dry season,0.0,0.0,463800.5038861725,"No flood expected in Aweil North this week (q50 0.0 km²). Routine monitoring. (Aweil North maps ~463,801 cattle in baseline.)"
2024-12-02,Aweil South,53.64,0.911,3,dry season,1302.8,26094.0,141256.8006910938,"SEVERE flood expected in Aweil South this week: q50 53.6 km², above the 95th percentile of all December weeks since 2000. Dry season: little active cropping; floodplain grazing and residual flooding dominate. Approx. 1,303 ha of mapped crops in the Aweil South floodplain are at risk. Approx. 26,094 ha of rangeland at risk; plan early herd movement. (Aweil South maps ~141,257 cattle in baseline.)"
2024-12-02,Aweil West,0.0,0.088,0,dry season,0.0,0.0,318964.9515941321,"No flood expected in Aweil West this week (q50 0.0 km²). Routine monitoring. (Aweil West maps ~318,965 cattle in baseline.)"
2024-12-09,Aweil Centre,0.17,0.44,0,dry season,0.0,105.6,364961.8333817694,"No flood expected in Aweil Centre this week (q50 0.2 km²). Routine monitoring. Approx. 106 ha of rangeland at risk; plan early herd movement. (Aweil Centre maps ~364,962 cattle in baseline.)"
2024-12-09,Aweil East,30.06,0.922,3,dry season,1286.7,26119.9,505027.7802561831,"SEVERE flood expected in Aweil East this week: q50 30.1 km², above the 95th percentile of all December weeks since 2000. Dry season: little active cropping; floodplain grazing and residual flooding dominate. Approx. 1,287 ha of mapped crops in the Aweil East floodplain are at risk. Approx. 26,120 ha of rangeland at risk; plan early herd movement. (Aweil East maps ~505,028 cattle in baseline.)"
2024-12-09,Aweil North,0.0,0.055,0,dry season,0.0,0.0,463800.5038861725,"No flood expected in Aweil North this week (q50 0.0 km²). Routine monitoring. (Aweil North maps ~463,801 cattle in baseline.)"
2024-12-09,Aweil South,45.46,0.924,3,dry season,1302.8,26094.0,141256.8006910938,"SEVERE flood expected in Aweil South this week: q50 45.5 km², above the 95th percentile of all December weeks since 2000. Dry season: little active cropping; floodplain grazing and residual flooding dominate. Approx. 1,303 ha of mapped crops in the Aweil South floodplain are at risk. Approx. 26,094 ha of rangeland at risk; plan early herd movement. (Aweil South maps ~141,257 cattle in baseline.)"
2024-12-09,Aweil West,0.08,0.349,3,dry season,0.0,255.6,318964.9515941321,"SEVERE flood expected in Aweil West this week: q50 0.1 km², above the 95th percentile of all December weeks since 2000. Dry season: little active cropping; floodplain grazing and residual flooding dominate. Approx. 256 ha of rangeland at risk; plan early herd movement. (Aweil West maps ~318,965 cattle in baseline.)"
2024-12-16,Aweil Centre,0.0,0.095,0,dry season,0.0,0.6,364961.8333817694,"No flood expected in Aweil Centre this week (q50 0.0 km²). Routine monitoring. (Aweil Centre maps ~364,962 cattle in baseline.)"
2024-12-16,Aweil East,3.32,0.911,2,dry season,616.7,12519.0,505027.7802561831,"High flood risk in Aweil East this week: q50 3.3 km², above most December weeks since 2000. Dry season: little active cropping; floodplain grazing and residual flooding dominate. Approx. 617 ha of mapped crops in the Aweil East floodplain are at risk. Approx. 12,519 ha of rangeland at risk; plan early herd movement. (Aweil East maps ~505,028 cattle in baseline.)"
2024-12-16,Aweil North,0.0,0.029,0,dry season,0.0,0.0,463800.5038861725,"No flood expected in Aweil North this week (q50 0.0 km²). Routine monitoring. (Aweil North maps ~463,801 cattle in baseline.)"
2024-12-16,Aweil South,26.92,0.913,3,dry season,1302.8,26094.0,141256.8006910938,"SEVERE flood expected in Aweil South this week: q50 26.9 km², above the 95th percentile of all December weeks since 2000. Dry season: little active cropping; floodplain grazing and residual flooding dominate. Approx. 1,303 ha of mapped crops in the Aweil South floodplain are at risk. Approx. 26,094 ha of rangeland at risk; plan early herd movement. (Aweil South maps ~141,257 cattle in baseline.)"
2024-12-16,Aweil West,0.0,0.063,0,dry season,0.0,2.7,318964.9515941321,"No flood expected in Aweil West this week (q50 0.0 km²). Routine monitoring. Approx. 3 ha of rangeland at risk; plan early herd movement. (Aweil West maps ~318,965 cattle in baseline.)"
2024-12-23,Aweil Centre,0.1,0.237,0,dry season,0.0,59.6,364961.8333817694,"No flood expected in Aweil Centre this week (q50 0.1 km²). Routine monitoring. Approx. 60 ha of rangeland at risk; plan early herd movement. (Aweil Centre maps ~364,962 cattle in baseline.)"
2024-12-23,Aweil East,1.64,0.93,2,dry season,304.8,6187.2,505027.7802561831,"High flood risk in Aweil East this week: q50 1.6 km², above most December weeks since 2000. Dry season: little active cropping; floodplain grazing and residual flooding dominate. Approx. 305 ha of mapped crops in the Aweil East floodplain are at risk. Approx. 6,187 ha of rangeland at risk; plan early herd movement. (Aweil East maps ~505,028 cattle in baseline.)"
2024-12-23,Aweil North,0.0,0.043,0,dry season,0.0,0.0,463800.5038861725,"No flood expected in Aweil North this week (q50 0.0 km²). Routine monitoring. (Aweil North maps ~463,801 cattle in baseline.)"
2024-12-23,Aweil South,6.84,0.934,2,dry season,431.2,8637.3,141256.8006910938,"High flood risk in Aweil South this week: q50 6.8 km², above most December weeks since 2000. Dry season: little active cropping; floodplain grazing and residual flooding dominate. Approx. 431 ha of mapped crops in the Aweil South floodplain are at risk. Approx. 8,637 ha of rangeland at risk; plan early herd movement. (Aweil South maps ~141,257 cattle in baseline.)"
2024-12-23,Aweil West,0.0,0.052,0,dry season,0.0,0.0,318964.9515941321,"No flood expected in Aweil West this week (q50 0.0 km²). Routine monitoring. (Aweil West maps ~318,965 cattle in baseline.)"
2024-12-30,Aweil Centre,0.0,0.072,0,dry season,0.0,0.0,364961.8333817694,"No flood expected in Aweil Centre this week (q50 0.0 km²). Routine monitoring. (Aweil Centre maps ~364,962 cattle in baseline.)"
2024-12-30,Aweil East,2.25,0.873,2,dry season,419.3,8511.7,505027.7802561831,"High flood risk in Aweil East this week: q50 2.3 km², above most December weeks since 2000. Dry season: little active cropping; floodplain grazing and residual flooding dominate. Approx. 419 ha of mapped crops in the Aweil East floodplain are at risk. Approx. 8,512 ha of rangeland at risk; plan early herd movement. (Aweil East maps ~505,028 cattle in baseline.)"
2024-12-30,Aweil North,0.0,0.043,0,dry season,0.0,0.0,463800.5038861725,"No flood expected in Aweil North this week (q50 0.0 km²). Routine monitoring. (Aweil North maps ~463,801 cattle in baseline.)"
2024-12-30,Aweil South,4.92,0.88,2,dry season,310.0,6209.0,141256.8006910938,"High flood risk in Aweil South this week: q50 4.9 km², above most December weeks since 2000. Dry season: little active cropping; floodplain grazing and residual flooding dominate. Approx. 310 ha of mapped crops in the Aweil South floodplain are at risk. Approx. 6,209 ha of rangeland at risk; plan early herd movement. (Aweil South maps ~141,257 cattle in baseline.)"
2024-12-30,Aweil West,0.0,0.046,0,dry season,0.0,0.0,318964.9515941321,"No flood expected in Aweil West this week (q50 0.0 km²). Routine monitoring. (Aweil West maps ~318,965 cattle in baseline.)"
