week,county,q50_km2,det_prob,tier,phase,crop_exposed_ha,rangeland_exposed_ha,cattle_mapped,advisory
2010-01-11,Aweil Centre,0.0,0.043,0,dry season (late phase),0.0,0.0,364961.8333817694,"No flood expected in Aweil Centre this week (q50 0.0 km²). Routine monitoring. (Aweil Centre maps ~364,962 cattle in baseline.)"
2010-01-11,Aweil East,0.0,0.044,0,dry season (late phase),0.0,0.0,505027.7802561831,"No flood expected in Aweil East this week (q50 0.0 km²). Routine monitoring. (Aweil East maps ~505,028 cattle in baseline.)"
2010-01-11,Aweil North,0.0,0.043,0,dry season (late phase),0.0,0.0,463800.5038861725,"No flood expected in Aweil North this week (q50 0.0 km²). Routine monitoring. (Aweil North maps ~463,801 cattle in baseline.)"
2010-01-11,Aweil South,0.0,0.027,0,dry season (late phase),0.0,0.0,141256.8006910938,"No flood expected in Aweil South this week (q50 0.0 km²). Routine monitoring. (Aweil South maps ~141,257 cattle in baseline.)"
2010-01-11,Aweil West,0.0,0.028,0,dry season (late phase),0.0,0.0,318964.9515941321,"No flood expected in Aweil West this week (q50 0.0 km²). Routine monitoring. (Aweil West maps ~318,965 cattle in baseline.)"
2010-01-18,Aweil Centre,0.0,0.04,0,dry season (late phase),0.0,0.0,364961.8333817694,"No flood expected in Aweil Centre this week (q50 0.0 km²). Routine monitoring. (Aweil Centre maps ~364,962 cattle in baseline.)"
2010-01-18,Aweil East,0.0,0.04,0,dry season (late phase),0.0,0.0,505027.7802561831,"No flood expected in Aweil East this week (q50 0.0 km²). Routine monitoring. (Aweil East maps ~505,028 cattle in baseline.)"
2010-01-18,Aweil North,0.0,0.037,0,dry season (late phase),0.0,0.0,463800.5038861725,"No flood expected in Aweil North this week (q50 0.0 km²). Routine monitoring. (Aweil North maps ~463,801 cattle in baseline.)"
2010-01-18,Aweil South,0.0,0.019,0,dry season (late phase),0.0,0.0,141256.8006910938,"No flood expected in Aweil South this week (q50 0.0 km²). Routine monitoring. (Aweil South maps ~141,257 cattle in baseline.)"
2010-01-18,Aweil West,0.0,0.02,0,dry season (late phase),0.0,0.0,318964.9515941321,"No flood expected in Aweil West this week (q50 0.0 km²). Routine monitoring. (Aweil West maps ~318,965 cattle in baseline.)"
2010-01-25,Aweil Centre,0.0,0.037,0,dry season (late phase),0.0,0.0,364961.8333817694,"No flood expected in Aweil Centre this week (q50 0.0 km²). Routine monitoring. (Aweil Centre maps ~364,962 cattle in baseline.)"
2010-01-25,Aweil East,0.0,0.039,0,dry season (late phase),0.0,0.0,505027.7802561831,"No flood expected in Aweil East this week (q50 0.0 km²). Routine monitoring. (Aweil East maps ~505,028 cattle in baseline.)"
2010-01-25,Aweil North,0.0,0.015,0,dry season (late phase),0.0,0.0,463800.5038861725,"No flood expected in Aweil North this week (q50 0.0 km²). Routine monitoring. (Aweil North maps ~463,801 cattle in baseline.)"
2010-01-25,Aweil South,0.0,0.015,0,dry season (late phase),0.0,0.0,141256.8006910938,"No flood expected in Aweil South this week (q50 0.0 km²). Routine monitoring. (Aweil South maps ~141,257 cattle in baseline.)"
2010-01-25,Aweil West,0.0,0.019,0,dry season (late phase),0.0,0.0,318964.9515941321,"No flood expected in Aweil West this week (q50 0.0 km²). Routine monitoring. (Aweil West maps ~318,965 cattle in baseline.)"
2010-02-01,Aweil Centre,0.0,0.117,3,dry season,0.0,0.0,364961.8333817694,"SEVERE flood expected in Aweil Centre this week: q50 0.0 km², above the 95th percentile of all February weeks since 2000. Dry season: little active cropping; floodplain grazing and residual flooding dominate. (Aweil Centre maps ~364,962 cattle in baseline.)"
2010-02-01,Aweil East,0.0,0.031,0,dry season,0.0,0.0,505027.7802561831,"No flood expected in Aweil East this week (q50 0.0 km²). Routine monitoring. (Aweil East maps ~505,028 cattle in baseline.)"
2010-02-01,Aweil North,0.0,0.019,0,dry season,0.0,0.0,463800.5038861725,"No flood expected in Aweil North this week (q50 0.0 km²). Routine monitoring. (Aweil North maps ~463,801 cattle in baseline.)"
2010-02-01,Aweil South,0.0,0.019,0,dry season,0.0,0.0,141256.8006910938,"No flood expected in Aweil South this week (q50 0.0 km²). Routine monitoring. (Aweil South maps ~141,257 cattle in baseline.)"
2010-02-01,Aweil West,0.0,0.019,0,dry season,0.0,0.0,318964.9515941321,"No flood expected in Aweil West this week (q50 0.0 km²). Routine monitoring. (Aweil West maps ~318,965 cattle in baseline.)"
2010-02-08,Aweil Centre,0.0,0.072,0,dry season,0.0,0.0,364961.8333817694,"No flood expected in Aweil Centre this week (q50 0.0 km²). Routine monitoring. (Aweil Centre maps ~364,962 cattle in baseline.)"
2010-02-08,Aweil East,0.0,0.04,0,dry season,0.0,0.0,505027.7802561831,"No flood expected in Aweil East this week (q50 0.0 km²). Routine monitoring. (Aweil East maps ~505,028 cattle in baseline.)"
2010-02-08,Aweil North,0.0,0.029,0,dry season,0.0,0.0,463800.5038861725,"No flood expected in Aweil North this week (q50 0.0 km²). Routine monitoring. (Aweil North maps ~463,801 cattle in baseline.)"
2010-02-08,Aweil South,0.0,0.029,0,dry season,0.0,0.0,141256.8006910938,"No flood expected in Aweil South this week (q50 0.0 km²). Routine monitoring. (Aweil South maps ~141,257 cattle in baseline.)"
2010-02-08,Aweil West,0.0,0.03,0,dry season,0.0,0.0,318964.9515941321,"No flood expected in Aweil West this week (q50 0.0 km²). Routine monitoring. (Aweil West maps ~318,965 cattle in baseline.)"
2010-02-15,Aweil Centre,0.0,0.063,0,dry season,0.0,0.0,364961.8333817694,"No flood expected in Aweil Centre this week (q50 0.0 km²). Routine monitoring. (Aweil Centre maps ~364,962 cattle in baseline.)"
2010-02-15,Aweil East,0.0,0.031,0,dry season,0.0,0.0,505027.7802561831,"No flood expected in Aweil East this week (q50 0.0 km²). Routine monitoring. (Aweil East maps ~505,028 cattle in baseline.)"
2010-02-15,Aweil North,0.0,0.02,0,dry season,0.0,0.0,463800.5038861725,"No flood expected in Aweil North this week (q50 0.0 km²). Routine monitoring. (Aweil North maps ~463,801 cattle in baseline.)"
2010-02-15,Aweil South,0.0,0.02,0,dry season,0.0,0.0,141256.8006910938,"No flood expected in Aweil South this week (q50 0.0 km²). Routine monitoring. (Aweil South maps ~141,257 cattle in baseline.)"
2010-02-15,Aweil West,0.0,0.021,0,dry season,0.0,0.0,318964.9515941321,"No flood expected in Aweil West this week (q50 0.0 km²). Routine monitoring. (Aweil West maps ~318,965 cattle in baseline.)"
2010-02-22,Aweil Centre,0.0,0.034,0,dry season,0.0,0.0,364961.8333817694,"No flood expected in Aweil Centre this week (q50 0.0 km²). Routine monitoring. (Aweil Centre maps ~364,962 cattle in baseline.)"
2010-02-22,Aweil East,0.0,0.031,0,dry season,0.0,0.0,505027.7802561831,"No flood expected in Aweil East this week (q50 0.0 km²). Routine monitoring. (Aweil East maps ~505,028 cattle in baseline.)"
2010-02-22,Aweil North,0.0,0.02,0,dry season,0.0,0.0,463800.5038861725,"No flood expected in Aweil North this week (q50 0.0 km²). Routine monitoring. (Aweil North maps ~463,801 cattle in baseline.)"
2010-02-22,Aweil South,0.0,0.02,0,dry season,0.0,0.0,141256.8006910938,"No flood expected in Aweil South this week (q50 0.0 km²). Routine monitoring. (Aweil South maps ~141,257 cattle in baseline.)"
2010-02-22,Aweil West,0.0,0.02,0,dry season,0.0,0.0,318964.9515941321,"No flood expected in Aweil West this week (q50 0.0 km²). Routine monitoring. (Aweil West maps ~318,965 cattle in baseline.)"
2010-03-01,Aweil Centre,0.0,0.034,0,early season (sowing),0.0,0.0,364961.8333817694,"No flood expected in Aweil Centre this week (q50 0.0 km²). Routine monitoring. (Aweil Centre maps ~364,962 cattle in baseline.)"
2010-03-01,Aweil East,0.0,0.043,0,early season (sowing),0.0,0.0,505027.7802561831,"No flood expected in Aweil East this week (q50 0.0 km²). Routine monitoring. (Aweil East maps ~505,028 cattle in baseline.)"
2010-03-01,Aweil North,0.0,0.02,0,early season (sowing),0.0,0.0,463800.5038861725,"No flood expected in Aweil North this week (q50 0.0 km²). Routine monitoring. (Aweil North maps ~463,801 cattle in baseline.)"
2010-03-01,Aweil South,0.0,0.02,0,early season (sowing),0.0,0.0,141256.8006910938,"No flood expected in Aweil South this week (q50 0.0 km²). Routine monitoring. (Aweil South maps ~141,257 cattle in baseline.)"
2010-03-01,Aweil West,0.0,0.021,0,early season (sowing),0.0,0.0,318964.9515941321,"No flood expected in Aweil West this week (q50 0.0 km²). Routine monitoring. (Aweil West maps ~318,965 cattle in baseline.)"
2010-03-08,Aweil Centre,0.0,0.034,0,early season (sowing),0.0,0.0,364961.8333817694,"No flood expected in Aweil Centre this week (q50 0.0 km²). Routine monitoring. (Aweil Centre maps ~364,962 cattle in baseline.)"
2010-03-08,Aweil East,0.0,0.037,0,early season (sowing),0.0,0.0,505027.7802561831,"No flood expected in Aweil East this week (q50 0.0 km²). Routine monitoring. (Aweil East maps ~505,028 cattle in baseline.)"
2010-03-08,Aweil North,0.0,0.019,0,early season (sowing),0.0,0.0,463800.5038861725,"No flood expected in Aweil North this week (q50 0.0 km²). Routine monitoring. (Aweil North maps ~463,801 cattle in baseline.)"
2010-03-08,Aweil South,0.0,0.019,0,early season (sowing),0.0,0.0,141256.8006910938,"No flood expected in Aweil South this week (q50 0.0 km²). Routine monitoring. (Aweil South maps ~141,257 cattle in baseline.)"
2010-03-08,Aweil West,0.0,0.02,0,early season (sowing),0.0,0.0,318964.9515941321,"No flood expected in Aweil West this week (q50 0.0 km²). Routine monitoring. (Aweil West maps ~318,965 cattle in baseline.)"
2010-03-15,Aweil Centre,0.0,0.043,0,early season (sowing),0.0,0.0,364961.8333817694,"No flood expected in Aweil Centre this week (q50 0.0 km²). Routine monitoring. (Aweil Centre maps ~364,962 cattle in baseline.)"
2010-03-15,Aweil East,0.0,0.069,0,early season (sowing),0.0,0.0,505027.7802561831,"No flood expected in Aweil East this week (q50 0.0 km²). Routine monitoring. (Aweil East maps ~505,028 cattle in baseline.)"
2010-03-15,Aweil North,0.0,0.03,0,early season (sowing),0.0,0.0,463800.5038861725,"No flood expected in Aweil North this week (q50 0.0 km²). Routine monitoring. (Aweil North maps ~463,801 cattle in baseline.)"
2010-03-15,Aweil South,0.0,0.03,0,early season (sowing),0.0,0.0,141256.8006910938,"No flood expected in Aweil South this week (q50 0.0 km²). Routine monitoring. (Aweil South maps ~141,257 cattle in baseline.)"
2010-03-15,Aweil West,0.0,0.129,0,early season (sowing),0.0,4.3,318964.9515941321,"No flood expected in Aweil West this week (q50 0.0 km²). Routine monitoring. Approx. 4 ha of rangeland at risk; plan early herd movement. (Aweil West maps ~318,965 cattle in baseline.)"
2010-03-22,Aweil Centre,0.0,0.038,0,early season (sowing),0.0,0.0,364961.8333817694,"No flood expected in Aweil Centre this week (q50 0.0 km²). Routine monitoring. (Aweil Centre maps ~364,962 cattle in baseline.)"
2010-03-22,Aweil East,0.0,0.037,0,early season (sowing),0.0,0.0,505027.7802561831,"No flood expected in Aweil East this week (q50 0.0 km²). Routine monitoring. (Aweil East maps ~505,028 cattle in baseline.)"
2010-03-22,Aweil North,0.0,0.022,0,early season (sowing),0.0,0.0,463800.5038861725,"No flood expected in Aweil North this week (q50 0.0 km²). Routine monitoring. (Aweil North maps ~463,801 cattle in baseline.)"
2010-03-22,Aweil South,0.0,0.022,0,early season (sowing),0.0,0.0,141256.8006910938,"No flood expected in Aweil South this week (q50 0.0 km²). Routine monitoring. (Aweil South maps ~141,257 cattle in baseline.)"
2010-03-22,Aweil West,0.0,0.045,0,early season (sowing),0.0,0.0,318964.9515941321,"No flood expected in Aweil West this week (q50 0.0 km²). Routine monitoring. (Aweil West maps ~318,965 cattle in baseline.)"
2010-03-29,Aweil Centre,0.0,0.043,0,early season (sowing),0.0,0.0,364961.8333817694,"No flood expected in Aweil Centre this week (q50 0.0 km²). Routine monitoring. (Aweil Centre maps ~364,962 cattle in baseline.)"
2010-03-29,Aweil East,0.0,0.041,0,early season (sowing),0.0,0.0,505027.7802561831,"No flood expected in Aweil East this week (q50 0.0 km²). Routine monitoring. (Aweil East maps ~505,028 cattle in baseline.)"
2010-03-29,Aweil North,0.0,0.025,0,early season (sowing),0.0,0.0,463800.5038861725,"No flood expected in Aweil North this week (q50 0.0 km²). Routine monitoring. (Aweil North maps ~463,801 cattle in baseline.)"
2010-03-29,Aweil South,0.0,0.025,0,early season (sowing),0.0,0.0,141256.8006910938,"No flood expected in Aweil South this week (q50 0.0 km²). Routine monitoring. (Aweil South maps ~141,257 cattle in baseline.)"
2010-03-29,Aweil West,0.0,0.06,0,early season (sowing),0.0,0.0,318964.9515941321,"No flood expected in Aweil West this week (q50 0.0 km²). Routine monitoring. (Aweil West maps ~318,965 cattle in baseline.)"
2010-04-05,Aweil Centre,0.0,0.043,0,crop establishment,0.0,0.0,364961.8333817694,"No flood expected in Aweil Centre this week (q50 0.0 km²). Routine monitoring. (Aweil Centre maps ~364,962 cattle in baseline.)"
2010-04-05,Aweil East,0.0,0.041,0,crop establishment,0.0,0.0,505027.7802561831,"No flood expected in Aweil East this week (q50 0.0 km²). Routine monitoring. (Aweil East maps ~505,028 cattle in baseline.)"
2010-04-05,Aweil North,0.0,0.025,0,crop establishment,0.0,0.0,463800.5038861725,"No flood expected in Aweil North this week (q50 0.0 km²). Routine monitoring. (Aweil North maps ~463,801 cattle in baseline.)"
2010-04-05,Aweil South,0.0,0.025,0,crop establishment,0.0,0.0,141256.8006910938,"No flood expected in Aweil South this week (q50 0.0 km²). Routine monitoring. (Aweil South maps ~141,257 cattle in baseline.)"
2010-04-05,Aweil West,0.0,0.027,0,crop establishment,0.0,0.0,318964.9515941321,"No flood expected in Aweil West this week (q50 0.0 km²). Routine monitoring. (Aweil West maps ~318,965 cattle in baseline.)"
2010-04-12,Aweil Centre,0.0,0.034,0,crop establishment,0.0,0.0,364961.8333817694,"No flood expected in Aweil Centre this week (q50 0.0 km²). Routine monitoring. (Aweil Centre maps ~364,962 cattle in baseline.)"
2010-04-12,Aweil East,0.0,0.031,0,crop establishment,0.0,0.0,505027.7802561831,"No flood expected in Aweil East this week (q50 0.0 km²). Routine monitoring. (Aweil East maps ~505,028 cattle in baseline.)"
2010-04-12,Aweil North,0.0,0.02,0,crop establishment,0.0,0.0,463800.5038861725,"No flood expected in Aweil North this week (q50 0.0 km²). Routine monitoring. (Aweil North maps ~463,801 cattle in baseline.)"
2010-04-12,Aweil South,0.0,0.02,0,crop establishment,0.0,0.0,141256.8006910938,"No flood expected in Aweil South this week (q50 0.0 km²). Routine monitoring. (Aweil South maps ~141,257 cattle in baseline.)"
2010-04-12,Aweil West,0.0,0.021,0,crop establishment,0.0,0.0,318964.9515941321,"No flood expected in Aweil West this week (q50 0.0 km²). Routine monitoring. (Aweil West maps ~318,965 cattle in baseline.)"
2010-04-19,Aweil Centre,0.0,0.035,0,crop establishment,0.0,0.0,364961.8333817694,"No flood expected in Aweil Centre this week (q50 0.0 km²). Routine monitoring. (Aweil Centre maps ~364,962 cattle in baseline.)"
2010-04-19,Aweil East,0.0,0.041,0,crop establishment,0.0,0.0,505027.7802561831,"No flood expected in Aweil East this week (q50 0.0 km²). Routine monitoring. (Aweil East maps ~505,028 cattle in baseline.)"
2010-04-19,Aweil North,0.0,0.023,0,crop establishment,0.0,0.0,463800.5038861725,"No flood expected in Aweil North this week (q50 0.0 km²). Routine monitoring. (Aweil North maps ~463,801 cattle in baseline.)"
2010-04-19,Aweil South,0.0,0.023,0,crop establishment,0.0,0.0,141256.8006910938,"No flood expected in Aweil South this week (q50 0.0 km²). Routine monitoring. (Aweil South maps ~141,257 cattle in baseline.)"
2010-04-19,Aweil West,0.0,0.025,0,crop establishment,0.0,0.0,318964.9515941321,"No flood expected in Aweil West this week (q50 0.0 km²). Routine monitoring. (Aweil West maps ~318,965 cattle in baseline.)"
2010-04-26,Aweil Centre,0.0,0.032,0,crop establishment,0.0,0.0,364961.8333817694,"No flood expected in Aweil Centre this week (q50 0.0 km²). Routine monitoring. (Aweil Centre maps ~364,962 cattle in baseline.)"
2010-04-26,Aweil East,0.0,0.037,0,crop establishment,0.0,0.0,505027.7802561831,"No flood expected in Aweil East this week (q50 0.0 km²). Routine monitoring. (Aweil East maps ~505,028 cattle in baseline.)"
2010-04-26,Aweil North,0.0,0.015,0,crop establishment,0.0,0.0,463800.5038861725,"No flood expected in Aweil North this week (q50 0.0 km²). Routine monitoring. (Aweil North maps ~463,801 cattle in baseline.)"
2010-04-26,Aweil South,0.0,0.015,0,crop establishment,0.0,0.0,141256.8006910938,"No flood expected in Aweil South this week (q50 0.0 km²). Routine monitoring. (Aweil South maps ~141,257 cattle in baseline.)"
2010-04-26,Aweil West,0.0,0.018,0,crop establishment,0.0,0.0,318964.9515941321,"No flood expected in Aweil West this week (q50 0.0 km²). Routine monitoring. (Aweil West maps ~318,965 cattle in baseline.)"
2010-05-03,Aweil Centre,0.0,0.03,0,vegetative growth,0.0,0.0,364961.8333817694,"No flood expected in Aweil Centre this week (q50 0.0 km²). Routine monitoring. (Aweil Centre maps ~364,962 cattle in baseline.)"
2010-05-03,Aweil East,0.02,0.119,0,vegetative growth,0.0,0.0,505027.7802561831,"No flood expected in Aweil East this week (q50 0.0 km²). Routine monitoring. (Aweil East maps ~505,028 cattle in baseline.)"
2010-05-03,Aweil North,0.0,0.02,0,vegetative growth,0.0,0.0,463800.5038861725,"No flood expected in Aweil North this week (q50 0.0 km²). Routine monitoring. (Aweil North maps ~463,801 cattle in baseline.)"
2010-05-03,Aweil South,0.0,0.014,0,vegetative growth,0.0,0.0,141256.8006910938,"No flood expected in Aweil South this week (q50 0.0 km²). Routine monitoring. (Aweil South maps ~141,257 cattle in baseline.)"
2010-05-03,Aweil West,0.0,0.019,0,vegetative growth,0.0,0.0,318964.9515941321,"No flood expected in Aweil West this week (q50 0.0 km²). Routine monitoring. (Aweil West maps ~318,965 cattle in baseline.)"
2010-05-10,Aweil Centre,0.0,0.029,0,vegetative growth,0.0,0.0,364961.8333817694,"No flood expected in Aweil Centre this week (q50 0.0 km²). Routine monitoring. (Aweil Centre maps ~364,962 cattle in baseline.)"
2010-05-10,Aweil East,0.0,0.067,0,vegetative growth,0.0,0.0,505027.7802561831,"No flood expected in Aweil East this week (q50 0.0 km²). Routine monitoring. (Aweil East maps ~505,028 cattle in baseline.)"
2010-05-10,Aweil North,0.0,0.017,0,vegetative growth,0.0,0.0,463800.5038861725,"No flood expected in Aweil North this week (q50 0.0 km²). Routine monitoring. (Aweil North maps ~463,801 cattle in baseline.)"
2010-05-10,Aweil South,0.0,0.014,0,vegetative growth,0.0,0.0,141256.8006910938,"No flood expected in Aweil South this week (q50 0.0 km²). Routine monitoring. (Aweil South maps ~141,257 cattle in baseline.)"
2010-05-10,Aweil West,0.0,0.019,0,vegetative growth,0.0,0.0,318964.9515941321,"No flood expected in Aweil West this week (q50 0.0 km²). Routine monitoring. (Aweil West maps ~318,965 cattle in baseline.)"
2010-05-17,Aweil Centre,0.0,0.025,0,vegetative growth,0.0,0.0,364961.8333817694,"No flood expected in Aweil Centre this week (q50 0.0 km²). Routine monitoring. (Aweil Centre maps ~364,962 cattle in baseline.)"
2010-05-17,Aweil East,0.0,0.055,0,vegetative growth,0.0,0.0,505027.7802561831,"No flood expected in Aweil East this week (q50 0.0 km²). Routine monitoring. (Aweil East maps ~505,028 cattle in baseline.)"
2010-05-17,Aweil North,0.0,0.022,0,vegetative growth,0.0,0.0,463800.5038861725,"No flood expected in Aweil North this week (q50 0.0 km²). Routine monitoring. (Aweil North maps ~463,801 cattle in baseline.)"
2010-05-17,Aweil South,0.0,0.012,0,vegetative growth,0.0,0.0,141256.8006910938,"No flood expected in Aweil South this week (q50 0.0 km²). Routine monitoring. (Aweil South maps ~141,257 cattle in baseline.)"
2010-05-17,Aweil West,0.0,0.017,0,vegetative growth,0.0,0.0,318964.9515941321,"No flood expected in Aweil West this week (q50 0.0 km²). Routine monitoring. (Aweil West maps ~318,965 cattle in baseline.)"
2010-05-24,Aweil Centre,0.0,0.029,0,vegetative growth,0.0,0.0,364961.8333817694,"No flood expected in Aweil Centre this week (q50 0.0 km²). Routine monitoring. (Aweil Centre maps ~364,962 cattle in baseline.)"
2010-05-24,Aweil East,0.0,0.034,0,vegetative growth,0.0,0.0,505027.7802561831,"No flood expected in Aweil East this week (q50 0.0 km²). Routine monitoring. (Aweil East maps ~505,028 cattle in baseline.)"
2010-05-24,Aweil North,0.0,0.018,0,vegetative growth,0.0,0.0,463800.5038861725,"No flood expected in Aweil North this week (q50 0.0 km²). Routine monitoring. (Aweil North maps ~463,801 cattle in baseline.)"
2010-05-24,Aweil South,0.0,0.018,0,vegetative growth,0.0,0.0,141256.8006910938,"No flood expected in Aweil South this week (q50 0.0 km²). Routine monitoring. (Aweil South maps ~141,257 cattle in baseline.)"
2010-05-24,Aweil West,0.0,0.024,0,vegetative growth,0.0,0.0,318964.9515941321,"No flood expected in Aweil West this week (q50 0.0 km²). Routine monitoring. (Aweil West maps ~318,965 cattle in baseline.)"
2010-05-31,Aweil Centre,0.0,0.025,0,vegetative growth,0.0,0.0,364961.8333817694,"No flood expected in Aweil Centre this week (q50 0.0 km²). Routine monitoring. (Aweil Centre maps ~364,962 cattle in baseline.)"
2010-05-31,Aweil East,0.0,0.029,0,vegetative growth,0.0,0.0,505027.7802561831,"No flood expected in Aweil East this week (q50 0.0 km²). Routine monitoring. (Aweil East maps ~505,028 cattle in baseline.)"
2010-05-31,Aweil North,0.0,0.012,0,vegetative growth,0.0,0.0,463800.5038861725,"No flood expected in Aweil North this week (q50 0.0 km²). Routine monitoring. (Aweil North maps ~463,801 cattle in baseline.)"
2010-05-31,Aweil South,0.0,0.012,0,vegetative growth,0.0,0.0,141256.8006910938,"No flood expected in Aweil South this week (q50 0.0 km²). Routine monitoring. (Aweil South maps ~141,257 cattle in baseline.)"
2010-05-31,Aweil West,0.0,0.017,0,vegetative growth,0.0,0.0,318964.9515941321,"No flood expected in Aweil West this week (q50 0.0 km²). Routine monitoring. (Aweil West maps ~318,965 cattle in baseline.)"
2010-06-07,Aweil Centre,0.0,0.032,0,vegetative growth (peak),0.0,0.0,364961.8333817694,"No flood expected in Aweil Centre this week (q50 0.0 km²). Routine monitoring. (Aweil Centre maps ~364,962 cattle in baseline.)"
2010-06-07,Aweil East,0.0,0.036,0,vegetative growth (peak),0.0,0.0,505027.7802561831,"No flood expected in Aweil East this week (q50 0.0 km²). Routine monitoring. (Aweil East maps ~505,028 cattle in baseline.)"
2010-06-07,Aweil North,0.0,0.016,0,vegetative growth (peak),0.0,0.0,463800.5038861725,"No flood expected in Aweil North this week (q50 0.0 km²). Routine monitoring. (Aweil North maps ~463,801 cattle in baseline.)"
2010-06-07,Aweil South,0.0,0.016,0,vegetative growth (peak),0.0,0.0,141256.8006910938,"No flood expected in Aweil South this week (q50 0.0 km²). Routine monitoring. (Aweil South maps ~141,257 cattle in baseline.)"
2010-06-07,Aweil West,0.0,0.021,0,vegetative growth (peak),0.0,0.0,318964.9515941321,"No flood expected in Aweil West this week (q50 0.0 km²). Routine monitoring. (Aweil West maps ~318,965 cattle in baseline.)"
2010-06-14,Aweil Centre,0.0,0.031,0,vegetative growth (peak),0.0,0.0,364961.8333817694,"No flood expected in Aweil Centre this week (q50 0.0 km²). Routine monitoring. (Aweil Centre maps ~364,962 cattle in baseline.)"
2010-06-14,Aweil East,0.0,0.035,0,vegetative growth (peak),0.0,0.0,505027.7802561831,"No flood expected in Aweil East this week (q50 0.0 km²). Routine monitoring. (Aweil East maps ~505,028 cattle in baseline.)"
2010-06-14,Aweil North,0.0,0.019,0,vegetative growth (peak),0.0,0.0,463800.5038861725,"No flood expected in Aweil North this week (q50 0.0 km²). Routine monitoring. (Aweil North maps ~463,801 cattle in baseline.)"
2010-06-14,Aweil South,0.0,0.019,0,vegetative growth (peak),0.0,0.0,141256.8006910938,"No flood expected in Aweil South this week (q50 0.0 km²). Routine monitoring. (Aweil South maps ~141,257 cattle in baseline.)"
2010-06-14,Aweil West,0.0,0.026,0,vegetative growth (peak),0.0,0.0,318964.9515941321,"No flood expected in Aweil West this week (q50 0.0 km²). Routine monitoring. (Aweil West maps ~318,965 cattle in baseline.)"
2010-06-21,Aweil Centre,0.0,0.028,0,vegetative growth (peak),0.0,0.0,364961.8333817694,"No flood expected in Aweil Centre this week (q50 0.0 km²). Routine monitoring. (Aweil Centre maps ~364,962 cattle in baseline.)"
2010-06-21,Aweil East,0.0,0.034,0,vegetative growth (peak),0.0,0.0,505027.7802561831,"No flood expected in Aweil East this week (q50 0.0 km²). Routine monitoring. (Aweil East maps ~505,028 cattle in baseline.)"
2010-06-21,Aweil North,0.0,0.014,0,vegetative growth (peak),0.0,0.0,463800.5038861725,"No flood expected in Aweil North this week (q50 0.0 km²). Routine monitoring. (Aweil North maps ~463,801 cattle in baseline.)"
2010-06-21,Aweil South,0.0,0.014,0,vegetative growth (peak),0.0,0.0,141256.8006910938,"No flood expected in Aweil South this week (q50 0.0 km²). Routine monitoring. (Aweil South maps ~141,257 cattle in baseline.)"
2010-06-21,Aweil West,0.0,0.019,0,vegetative growth (peak),0.0,0.0,318964.9515941321,"No flood expected in Aweil West this week (q50 0.0 km²). Routine monitoring. (Aweil West maps ~318,965 cattle in baseline.)"
2010-06-28,Aweil Centre,0.0,0.043,0,vegetative growth (peak),0.0,0.0,364961.8333817694,"No flood expected in Aweil Centre this week (q50 0.0 km²). Routine monitoring. (Aweil Centre maps ~364,962 cattle in baseline.)"
2010-06-28,Aweil East,0.0,0.049,0,vegetative growth (peak),0.0,0.0,505027.7802561831,"No flood expected in Aweil East this week (q50 0.0 km²). Routine monitoring. (Aweil East maps ~505,028 cattle in baseline.)"
2010-06-28,Aweil North,0.0,0.024,0,vegetative growth (peak),0.0,0.0,463800.5038861725,"No flood expected in Aweil North this week (q50 0.0 km²). Routine monitoring. (Aweil North maps ~463,801 cattle in baseline.)"
2010-06-28,Aweil South,0.0,0.026,0,vegetative growth (peak),0.0,0.0,141256.8006910938,"No flood expected in Aweil South this week (q50 0.0 km²). Routine monitoring. (Aweil South maps ~141,257 cattle in baseline.)"
2010-06-28,Aweil West,0.0,0.031,0,vegetative growth (peak),0.0,0.0,318964.9515941321,"No flood expected in Aweil West this week (q50 0.0 km²). Routine monitoring. (Aweil West maps ~318,965 cattle in baseline.)"
2010-07-05,Aweil Centre,0.0,0.032,0,vegetative growth (peak),0.0,0.0,364961.8333817694,"No flood expected in Aweil Centre this week (q50 0.0 km²). Routine monitoring. (Aweil Centre maps ~364,962 cattle in baseline.)"
2010-07-05,Aweil East,0.0,0.036,0,vegetative growth (peak),0.0,0.0,505027.7802561831,"No flood expected in Aweil East this week (q50 0.0 km²). Routine monitoring. (Aweil East maps ~505,028 cattle in baseline.)"
2010-07-05,Aweil North,0.0,0.02,0,vegetative growth (peak),0.0,0.0,463800.5038861725,"No flood expected in Aweil North this week (q50 0.0 km²). Routine monitoring. (Aweil North maps ~463,801 cattle in baseline.)"
2010-07-05,Aweil South,0.0,0.022,0,vegetative growth (peak),0.0,0.0,141256.8006910938,"No flood expected in Aweil South this week (q50 0.0 km²). Routine monitoring. (Aweil South maps ~141,257 cattle in baseline.)"
2010-07-05,Aweil West,0.0,0.027,0,vegetative growth (peak),0.0,0.0,318964.9515941321,"No flood expected in Aweil West this week (q50 0.0 km²). Routine monitoring. (Aweil West maps ~318,965 cattle in baseline.)"
2010-07-12,Aweil Centre,0.0,0.049,0,vegetative growth (peak),0.0,0.0,364961.8333817694,"No flood expected in Aweil Centre this week (q50 0.0 km²). Routine monitoring. (Aweil Centre maps ~364,962 cattle in baseline.)"
2010-07-12,Aweil East,0.0,0.057,0,vegetative growth (peak),0.0,0.0,505027.7802561831,"No flood expected in Aweil East this week (q50 0.0 km²). Routine monitoring. (Aweil East maps ~505,028 cattle in baseline.)"
2010-07-12,Aweil North,0.0,0.022,0,vegetative growth (peak),0.0,0.0,463800.5038861725,"No flood expected in Aweil North this week (q50 0.0 km²). Routine monitoring. (Aweil North maps ~463,801 cattle in baseline.)"
2010-07-12,Aweil South,0.0,0.024,0,vegetative growth (peak),0.0,0.0,141256.8006910938,"No flood expected in Aweil South this week (q50 0.0 km²). Routine monitoring. (Aweil South maps ~141,257 cattle in baseline.)"
2010-07-12,Aweil West,0.0,0.029,0,vegetative growth (peak),0.0,0.0,318964.9515941321,"No flood expected in Aweil West this week (q50 0.0 km²). Routine monitoring. (Aweil West maps ~318,965 cattle in baseline.)"
2010-07-19,Aweil Centre,0.0,0.041,0,vegetative growth (peak),0.0,0.0,364961.8333817694,"No flood expected in Aweil Centre this week (q50 0.0 km²). Routine monitoring. (Aweil Centre maps ~364,962 cattle in baseline.)"
2010-07-19,Aweil East,0.0,0.05,0,vegetative growth (peak),0.0,0.0,505027.7802561831,"No flood expected in Aweil East this week (q50 0.0 km²). Routine monitoring. (Aweil East maps ~505,028 cattle in baseline.)"
2010-07-19,Aweil North,0.0,0.021,0,vegetative growth (peak),0.0,0.0,463800.5038861725,"No flood expected in Aweil North this week (q50 0.0 km²). Routine monitoring. (Aweil North maps ~463,801 cattle in baseline.)"
2010-07-19,Aweil South,0.0,0.023,0,vegetative growth (peak),0.0,0.0,141256.8006910938,"No flood expected in Aweil South this week (q50 0.0 km²). Routine monitoring. (Aweil South maps ~141,257 cattle in baseline.)"
2010-07-19,Aweil West,0.0,0.027,0,vegetative growth (peak),0.0,0.0,318964.9515941321,"No flood expected in Aweil West this week (q50 0.0 km²). Routine monitoring. (Aweil West maps ~318,965 cattle in baseline.)"
2010-07-26,Aweil Centre,0.0,0.041,0,vegetative growth (peak),0.0,0.0,364961.8333817694,"No flood expected in Aweil Centre this week (q50 0.0 km²). Routine monitoring. (Aweil Centre maps ~364,962 cattle in baseline.)"
2010-07-26,Aweil East,0.0,0.047,0,vegetative growth (peak),0.0,0.0,505027.7802561831,"No flood expected in Aweil East this week (q50 0.0 km²). Routine monitoring. (Aweil East maps ~505,028 cattle in baseline.)"
2010-07-26,Aweil North,0.0,0.023,0,vegetative growth (peak),0.0,0.0,463800.5038861725,"No flood expected in Aweil North this week (q50 0.0 km²). Routine monitoring. (Aweil North maps ~463,801 cattle in baseline.)"
2010-07-26,Aweil South,0.0,0.026,0,vegetative growth (peak),0.0,0.0,141256.8006910938,"No flood expected in Aweil South this week (q50 0.0 km²). Routine monitoring. (Aweil South maps ~141,257 cattle in baseline.)"
2010-07-26,Aweil West,0.0,0.032,0,vegetative growth (peak),0.0,0.0,318964.9515941321,"No flood expected in Aweil West this week (q50 0.0 km²). Routine monitoring. (Aweil West maps ~318,965 cattle in baseline.)"
2010-08-02,Aweil Centre,0.0,0.074,0,maturation,0.0,0.0,364961.8333817694,"No flood expected in Aweil Centre this week (q50 0.0 km²). Routine monitoring. (Aweil Centre maps ~364,962 cattle in baseline.)"
2010-08-02,Aweil East,0.0,0.086,0,maturation,0.0,0.0,505027.7802561831,"No flood expected in Aweil East this week (q50 0.0 km²). Routine monitoring. (Aweil East maps ~505,028 cattle in baseline.)"
2010-08-02,Aweil North,0.0,0.042,0,maturation,0.0,0.0,463800.5038861725,"No flood expected in Aweil North this week (q50 0.0 km²). Routine monitoring. (Aweil North maps ~463,801 cattle in baseline.)"
2010-08-02,Aweil South,0.0,0.046,0,maturation,0.0,0.0,141256.8006910938,"No flood expected in Aweil South this week (q50 0.0 km²). Routine monitoring. (Aweil South maps ~141,257 cattle in baseline.)"
2010-08-02,Aweil West,0.0,0.054,0,maturation,0.0,0.0,318964.9515941321,"No flood expected in Aweil West this week (q50 0.0 km²). Routine monitoring. (Aweil West maps ~318,965 cattle in baseline.)"
2010-08-09,Aweil Centre,0.0,0.096,0,maturation,0.0,0.0,364961.8333817694,"No flood expected in Aweil Centre this week (q50 0.0 km²). Routine monitoring. (Aweil Centre maps ~364,962 cattle in baseline.)"
2010-08-09,Aweil East,0.0,0.108,0,maturation,0.0,0.0,505027.7802561831,"No flood expected in Aweil East this week (q50 0.0 km²). Routine monitoring. (Aweil East maps ~505,028 cattle in baseline.)"
2010-08-09,Aweil North,0.0,0.049,0,maturation,0.0,0.0,463800.5038861725,"No flood expected in Aweil North this week (q50 0.0 km²). Routine monitoring. (Aweil North maps ~463,801 cattle in baseline.)"
2010-08-09,Aweil South,0.0,0.053,0,maturation,0.0,0.0,141256.8006910938,"No flood expected in Aweil South this week (q50 0.0 km²). Routine monitoring. (Aweil South maps ~141,257 cattle in baseline.)"
2010-08-09,Aweil West,0.0,0.061,0,maturation,0.0,0.0,318964.9515941321,"No flood expected in Aweil West this week (q50 0.0 km²). Routine monitoring. (Aweil West maps ~318,965 cattle in baseline.)"
2010-08-16,Aweil Centre,0.0,0.321,0,maturation,0.0,0.0,364961.8333817694,"No flood expected in Aweil Centre this week (q50 0.0 km²). Routine monitoring. (Aweil Centre maps ~364,962 cattle in baseline.)"
2010-08-16,Aweil East,0.0,0.343,0,maturation,0.0,0.0,505027.7802561831,"No flood expected in Aweil East this week (q50 0.0 km²). Routine monitoring. (Aweil East maps ~505,028 cattle in baseline.)"
2010-08-16,Aweil North,0.0,0.233,0,maturation,0.0,0.0,463800.5038861725,"No flood expected in Aweil North this week (q50 0.0 km²). Routine monitoring. (Aweil North maps ~463,801 cattle in baseline.)"
2010-08-16,Aweil South,0.0,0.252,0,maturation,0.0,0.0,141256.8006910938,"No flood expected in Aweil South this week (q50 0.0 km²). Routine monitoring. (Aweil South maps ~141,257 cattle in baseline.)"
2010-08-16,Aweil West,0.0,0.276,0,maturation,0.0,0.0,318964.9515941321,"No flood expected in Aweil West this week (q50 0.0 km²). Routine monitoring. (Aweil West maps ~318,965 cattle in baseline.)"
2010-08-23,Aweil Centre,0.11,0.74,0,maturation,0.0,0.0,364961.8333817694,"SEVERE flood expected in Aweil Centre this week: q50 0.1 km², above the 95th percentile of all August weeks since 2000. (Aweil Centre maps ~364,962 cattle in baseline.)"
2010-08-23,Aweil East,0.11,0.746,0,maturation,0.0,0.0,505027.7802561831,"SEVERE flood expected in Aweil East this week: q50 0.1 km², above the 95th percentile of all August weeks since 2000. (Aweil East maps ~505,028 cattle in baseline.)"
2010-08-23,Aweil North,0.0,0.205,0,maturation,0.0,0.0,463800.5038861725,"No flood expected in Aweil North this week (q50 0.0 km²). Routine monitoring. (Aweil North maps ~463,801 cattle in baseline.)"
2010-08-23,Aweil South,0.0,0.223,0,maturation,0.0,0.0,141256.8006910938,"No flood expected in Aweil South this week (q50 0.0 km²). Routine monitoring. (Aweil South maps ~141,257 cattle in baseline.)"
2010-08-23,Aweil West,0.11,0.695,0,maturation,0.0,0.0,318964.9515941321,"SEVERE flood expected in Aweil West this week: q50 0.1 km², above the 95th percentile of all August weeks since 2000. (Aweil West maps ~318,965 cattle in baseline.)"
2010-08-30,Aweil Centre,0.12,0.65,0,maturation,0.0,0.0,364961.8333817694,"SEVERE flood expected in Aweil Centre this week: q50 0.1 km², above the 95th percentile of all August weeks since 2000. (Aweil Centre maps ~364,962 cattle in baseline.)"
2010-08-30,Aweil East,0.02,0.498,0,maturation,0.0,0.0,505027.7802561831,"No flood expected in Aweil East this week (q50 0.0 km²). Routine monitoring. (Aweil East maps ~505,028 cattle in baseline.)"
2010-08-30,Aweil North,0.0,0.265,0,maturation,0.0,0.0,463800.5038861725,"No flood expected in Aweil North this week (q50 0.0 km²). Routine monitoring. (Aweil North maps ~463,801 cattle in baseline.)"
2010-08-30,Aweil South,0.0,0.288,0,maturation,0.0,0.0,141256.8006910938,"No flood expected in Aweil South this week (q50 0.0 km²). Routine monitoring. (Aweil South maps ~141,257 cattle in baseline.)"
2010-08-30,Aweil West,0.01,0.339,0,maturation,0.0,0.0,318964.9515941321,"No flood expected in Aweil West this week (q50 0.0 km²). Routine monitoring. (Aweil West maps ~318,965 cattle in baseline.)"
2010-09-06,Aweil Centre,0.13,0.733,0,maturation / grain filling,0.0,14.5,364961.8333817694,"SEVERE flood expected in Aweil Centre this week: q50 0.1 km², above the 95th percentile of all September weeks since 2000. Approx. 14 ha of rangeland at risk; plan early herd movement. (Aweil Centre maps ~364,962 cattle in baseline.)"
2010-09-06,Aweil East,2.02,0.834,0,maturation / grain filling,5.1,212.0,505027.7802561831,"SEVERE flood expected in Aweil East this week: q50 2.0 km², above the 95th percentile of all September weeks since 2000. Approx. 5 ha of mapped crops in the Aweil East floodplain are at risk. Approx. 212 ha of rangeland at risk; plan early herd movement. (Aweil East maps ~505,028 cattle in baseline.)"
2010-09-06,Aweil North,0.0,0.207,0,maturation / grain filling,0.0,0.0,463800.5038861725,"No flood expected in Aweil North this week (q50 0.0 km²). Routine monitoring. (Aweil North maps ~463,801 cattle in baseline.)"
2010-09-06,Aweil South,0.0,0.224,0,maturation / grain filling,0.0,0.0,141256.8006910938,"No flood expected in Aweil South this week (q50 0.0 km²). Routine monitoring. (Aweil South maps ~141,257 cattle in baseline.)"
2010-09-06,Aweil West,0.0,0.327,0,maturation / grain filling,0.0,0.1,318964.9515941321,"No flood expected in Aweil West this week (q50 0.0 km²). Routine monitoring. (Aweil West maps ~318,965 cattle in baseline.)"
2010-09-13,Aweil Centre,0.1,0.777,0,maturation / grain filling,0.0,10.8,364961.8333817694,"SEVERE flood expected in Aweil Centre this week: q50 0.1 km², above the 95th percentile of all September weeks since 2000. Approx. 11 ha of rangeland at risk; plan early herd movement. (Aweil Centre maps ~364,962 cattle in baseline.)"
2010-09-13,Aweil East,6.38,0.926,0,maturation / grain filling,16.2,669.0,505027.7802561831,"SEVERE flood expected in Aweil East this week: q50 6.4 km², above the 95th percentile of all September weeks since 2000. Approx. 16 ha of mapped crops in the Aweil East floodplain are at risk. Approx. 669 ha of rangeland at risk; plan early herd movement. (Aweil East maps ~505,028 cattle in baseline.)"
2010-09-13,Aweil North,0.0,0.281,0,maturation / grain filling,0.0,0.0,463800.5038861725,"No flood expected in Aweil North this week (q50 0.0 km²). Routine monitoring. (Aweil North maps ~463,801 cattle in baseline.)"
2010-09-13,Aweil South,0.0,0.305,0,maturation / grain filling,0.0,0.0,141256.8006910938,"No flood expected in Aweil South this week (q50 0.0 km²). Routine monitoring. (Aweil South maps ~141,257 cattle in baseline.)"
2010-09-13,Aweil West,0.0,0.385,0,maturation / grain filling,0.0,0.0,318964.9515941321,"No flood expected in Aweil West this week (q50 0.0 km²). Routine monitoring. (Aweil West maps ~318,965 cattle in baseline.)"
2010-09-20,Aweil Centre,0.13,0.798,0,maturation / grain filling,0.0,14.4,364961.8333817694,"SEVERE flood expected in Aweil Centre this week: q50 0.1 km², above the 95th percentile of all September weeks since 2000. Approx. 14 ha of rangeland at risk; plan early herd movement. (Aweil Centre maps ~364,962 cattle in baseline.)"
2010-09-20,Aweil East,2.02,0.895,0,maturation / grain filling,5.1,212.0,505027.7802561831,"SEVERE flood expected in Aweil East this week: q50 2.0 km², above the 95th percentile of all September weeks since 2000. Approx. 5 ha of mapped crops in the Aweil East floodplain are at risk. Approx. 212 ha of rangeland at risk; plan early herd movement. (Aweil East maps ~505,028 cattle in baseline.)"
2010-09-20,Aweil North,0.0,0.201,0,maturation / grain filling,0.0,0.0,463800.5038861725,"No flood expected in Aweil North this week (q50 0.0 km²). Routine monitoring. (Aweil North maps ~463,801 cattle in baseline.)"
2010-09-20,Aweil South,0.0,0.223,0,maturation / grain filling,0.0,0.0,141256.8006910938,"No flood expected in Aweil South this week (q50 0.0 km²). Routine monitoring. (Aweil South maps ~141,257 cattle in baseline.)"
2010-09-20,Aweil West,0.0,0.256,0,maturation / grain filling,0.0,0.0,318964.9515941321,"No flood expected in Aweil West this week (q50 0.0 km²). Routine monitoring. (Aweil West maps ~318,965 cattle in baseline.)"
2010-09-27,Aweil Centre,2.12,0.871,0,maturation / grain filling,0.0,236.2,364961.8333817694,"SEVERE flood expected in Aweil Centre this week: q50 2.1 km², above the 95th percentile of all September weeks since 2000. Approx. 236 ha of rangeland at risk; plan early herd movement. (Aweil Centre maps ~364,962 cattle in baseline.)"
2010-09-27,Aweil East,6.38,0.937,0,maturation / grain filling,16.2,669.0,505027.7802561831,"SEVERE flood expected in Aweil East this week: q50 6.4 km², above the 95th percentile of all September weeks since 2000. Approx. 16 ha of mapped crops in the Aweil East floodplain are at risk. Approx. 669 ha of rangeland at risk; plan early herd movement. (Aweil East maps ~505,028 cattle in baseline.)"
2010-09-27,Aweil North,0.0,0.202,0,maturation / grain filling,0.0,0.0,463800.5038861725,"No flood expected in Aweil North this week (q50 0.0 km²). Routine monitoring. (Aweil North maps ~463,801 cattle in baseline.)"
2010-09-27,Aweil South,0.24,0.607,0,maturation / grain filling,3.3,89.6,141256.8006910938,"SEVERE flood expected in Aweil South this week: q50 0.2 km², above the 95th percentile of all September weeks since 2000. Approx. 3 ha of mapped crops in the Aweil South floodplain are at risk. Approx. 90 ha of rangeland at risk; plan early herd movement. (Aweil South maps ~141,257 cattle in baseline.)"
2010-09-27,Aweil West,0.44,0.671,0,maturation / grain filling,1.8,115.9,318964.9515941321,"SEVERE flood expected in Aweil West this week: q50 0.4 km², above the 95th percentile of all September weeks since 2000. Approx. 2 ha of mapped crops in the Aweil West floodplain are at risk. Approx. 116 ha of rangeland at risk; plan early herd movement. (Aweil West maps ~318,965 cattle in baseline.)"
2010-10-04,Aweil Centre,6.28,0.862,1,harvest,0.0,245.9,364961.8333817694,"Elevated flood probability in Aweil Centre this week (q50 6.3 km², 86% detection chance). Harvest: harvest window — move produce and equipment to higher ground before water rises. Approx. 246 ha of rangeland at risk; plan early herd movement. (Aweil Centre maps ~364,962 cattle in baseline.)"
2010-10-04,Aweil East,6.28,0.906,0,harvest,59.4,683.0,505027.7802561831,"SEVERE flood expected in Aweil East this week: q50 6.3 km², above the 95th percentile of all October weeks since 2000. Approx. 59 ha of mapped crops in the Aweil East floodplain are at risk. Approx. 683 ha of rangeland at risk; plan early herd movement. (Aweil East maps ~505,028 cattle in baseline.)"
2010-10-04,Aweil North,2.02,0.694,2,harvest,112.7,2806.7,463800.5038861725,"High flood risk in Aweil North this week: q50 2.0 km², above most October weeks since 2000. Harvest: harvest window — move produce and equipment to higher ground before water rises. Approx. 113 ha of mapped crops in the Aweil North floodplain are at risk. Approx. 2,807 ha of rangeland at risk; plan early herd movement. (Aweil North maps ~463,801 cattle in baseline.)"
2010-10-04,Aweil South,2.02,0.72,0,harvest,36.5,577.9,141256.8006910938,"SEVERE flood expected in Aweil South this week: q50 2.0 km², above the 95th percentile of all October weeks since 2000. Approx. 36 ha of mapped crops in the Aweil South floodplain are at risk. Approx. 578 ha of rangeland at risk; plan early herd movement. (Aweil South maps ~141,257 cattle in baseline.)"
2010-10-04,Aweil West,6.28,0.774,0,harvest,59.2,2758.8,318964.9515941321,"SEVERE flood expected in Aweil West this week: q50 6.3 km², above the 95th percentile of all October weeks since 2000. Approx. 59 ha of mapped crops in the Aweil West floodplain are at risk. Approx. 2,759 ha of rangeland at risk; plan early herd movement. (Aweil West maps ~318,965 cattle in baseline.)"
2010-10-11,Aweil Centre,6.38,0.957,1,harvest,0.0,249.7,364961.8333817694,"Elevated flood probability in Aweil Centre this week (q50 6.4 km², 96% detection chance). Harvest: harvest window — move produce and equipment to higher ground before water rises. Approx. 250 ha of rangeland at risk; plan early herd movement. (Aweil Centre maps ~364,962 cattle in baseline.)"
2010-10-11,Aweil East,6.38,0.957,0,harvest,60.3,693.8,505027.7802561831,"SEVERE flood expected in Aweil East this week: q50 6.4 km², above the 95th percentile of all October weeks since 2000. Approx. 60 ha of mapped crops in the Aweil East floodplain are at risk. Approx. 694 ha of rangeland at risk; plan early herd movement. (Aweil East maps ~505,028 cattle in baseline.)"
2010-10-11,Aweil North,5.0,0.869,2,harvest,278.5,6935.5,463800.5038861725,"High flood risk in Aweil North this week: q50 5.0 km², above most October weeks since 2000. Harvest: harvest window — move produce and equipment to higher ground before water rises. Approx. 279 ha of mapped crops in the Aweil North floodplain are at risk. Approx. 6,935 ha of rangeland at risk; plan early herd movement. (Aweil North maps ~463,801 cattle in baseline.)"
2010-10-11,Aweil South,1.01,0.868,0,harvest,18.2,288.6,141256.8006910938,"SEVERE flood expected in Aweil South this week: q50 1.0 km², above the 95th percentile of all October weeks since 2000. Approx. 18 ha of mapped crops in the Aweil South floodplain are at risk. Approx. 289 ha of rangeland at risk; plan early herd movement. (Aweil South maps ~141,257 cattle in baseline.)"
2010-10-11,Aweil West,6.38,0.93,0,harvest,60.1,2802.0,318964.9515941321,"SEVERE flood expected in Aweil West this week: q50 6.4 km², above the 95th percentile of all October weeks since 2000. Approx. 60 ha of mapped crops in the Aweil West floodplain are at risk. Approx. 2,802 ha of rangeland at risk; plan early herd movement. (Aweil West maps ~318,965 cattle in baseline.)"
2010-10-18,Aweil Centre,6.28,0.912,1,harvest,0.0,245.9,364961.8333817694,"Elevated flood probability in Aweil Centre this week (q50 6.3 km², 91% detection chance). Harvest: harvest window — move produce and equipment to higher ground before water rises. Approx. 246 ha of rangeland at risk; plan early herd movement. (Aweil Centre maps ~364,962 cattle in baseline.)"
2010-10-18,Aweil East,6.28,0.912,0,harvest,59.4,683.0,505027.7802561831,"SEVERE flood expected in Aweil East this week: q50 6.3 km², above the 95th percentile of all October weeks since 2000. Approx. 59 ha of mapped crops in the Aweil East floodplain are at risk. Approx. 683 ha of rangeland at risk; plan early herd movement. (Aweil East maps ~505,028 cattle in baseline.)"
2010-10-18,Aweil North,6.28,0.816,2,harvest,350.2,8721.9,463800.5038861725,"High flood risk in Aweil North this week: q50 6.3 km², above most October weeks since 2000. Harvest: harvest window — move produce and equipment to higher ground before water rises. Approx. 350 ha of mapped crops in the Aweil North floodplain are at risk. Approx. 8,722 ha of rangeland at risk; plan early herd movement. (Aweil North maps ~463,801 cattle in baseline.)"
2010-10-18,Aweil South,6.28,0.91,0,harvest,113.3,1795.9,141256.8006910938,"SEVERE flood expected in Aweil South this week: q50 6.3 km², above the 95th percentile of all October weeks since 2000. Approx. 113 ha of mapped crops in the Aweil South floodplain are at risk. Approx. 1,796 ha of rangeland at risk; plan early herd movement. (Aweil South maps ~141,257 cattle in baseline.)"
2010-10-18,Aweil West,6.28,0.909,0,harvest,59.2,2758.8,318964.9515941321,"SEVERE flood expected in Aweil West this week: q50 6.3 km², above the 95th percentile of all October weeks since 2000. Approx. 59 ha of mapped crops in the Aweil West floodplain are at risk. Approx. 2,759 ha of rangeland at risk; plan early herd movement. (Aweil West maps ~318,965 cattle in baseline.)"
2010-10-25,Aweil Centre,2.13,0.891,0,harvest,0.0,83.3,364961.8333817694,"SEVERE flood expected in Aweil Centre this week: q50 2.1 km², above the 95th percentile of all October weeks since 2000. Approx. 83 ha of rangeland at risk; plan early herd movement. (Aweil Centre maps ~364,962 cattle in baseline.)"
2010-10-25,Aweil East,6.38,0.941,0,harvest,60.3,693.8,505027.7802561831,"SEVERE flood expected in Aweil East this week: q50 6.4 km², above the 95th percentile of all October weeks since 2000. Approx. 60 ha of mapped crops in the Aweil East floodplain are at risk. Approx. 694 ha of rangeland at risk; plan early herd movement. (Aweil East maps ~505,028 cattle in baseline.)"
2010-10-25,Aweil North,6.38,0.923,2,harvest,355.7,8858.7,463800.5038861725,"High flood risk in Aweil North this week: q50 6.4 km², above most October weeks since 2000. Harvest: harvest window — move produce and equipment to higher ground before water rises. Approx. 356 ha of mapped crops in the Aweil North floodplain are at risk. Approx. 8,859 ha of rangeland at risk; plan early herd movement. (Aweil North maps ~463,801 cattle in baseline.)"
2010-10-25,Aweil South,6.38,0.935,0,harvest,115.1,1824.1,141256.8006910938,"SEVERE flood expected in Aweil South this week: q50 6.4 km², above the 95th percentile of all October weeks since 2000. Approx. 115 ha of mapped crops in the Aweil South floodplain are at risk. Approx. 1,824 ha of rangeland at risk; plan early herd movement. (Aweil South maps ~141,257 cattle in baseline.)"
2010-10-25,Aweil West,6.38,0.934,0,harvest,60.1,2802.0,318964.9515941321,"SEVERE flood expected in Aweil West this week: q50 6.4 km², above the 95th percentile of all October weeks since 2000. Approx. 60 ha of mapped crops in the Aweil West floodplain are at risk. Approx. 2,802 ha of rangeland at risk; plan early herd movement. (Aweil West maps ~318,965 cattle in baseline.)"
2010-11-01,Aweil Centre,0.24,0.848,0,harvest / drying,0.0,26.4,364961.8333817694,"SEVERE flood expected in Aweil Centre this week: q50 0.2 km², above the 95th percentile of all November weeks since 2000. Approx. 26 ha of rangeland at risk; plan early herd movement. (Aweil Centre maps ~364,962 cattle in baseline.)"
2010-11-01,Aweil East,6.38,0.924,0,harvest / drying,87.1,1140.2,505027.7802561831,"SEVERE flood expected in Aweil East this week: q50 6.4 km², above the 95th percentile of all November weeks since 2000. Approx. 87 ha of mapped crops in the Aweil East floodplain are at risk. Approx. 1,140 ha of rangeland at risk; plan early herd movement. (Aweil East maps ~505,028 cattle in baseline.)"
2010-11-01,Aweil North,4.38,0.906,3,harvest / drying,214.9,8258.8,463800.5038861725,"SEVERE flood expected in Aweil North this week: q50 4.4 km², above the 95th percentile of all November weeks since 2000. Harvest / drying: harvest window closing — move produce and equipment to higher ground before water rises. Approx. 215 ha of mapped crops in the Aweil North floodplain are at risk. Approx. 8,259 ha of rangeland at risk; plan early herd movement. (Aweil North maps ~463,801 cattle in baseline.)"
2010-11-01,Aweil South,6.38,0.924,0,harvest / drying,97.6,1564.5,141256.8006910938,"SEVERE flood expected in Aweil South this week: q50 6.4 km², above the 95th percentile of all November weeks since 2000. Approx. 98 ha of mapped crops in the Aweil South floodplain are at risk. Approx. 1,564 ha of rangeland at risk; plan early herd movement. (Aweil South maps ~141,257 cattle in baseline.)"
2010-11-01,Aweil West,6.38,0.923,2,harvest / drying,171.4,7353.6,318964.9515941321,"High flood risk in Aweil West this week: q50 6.4 km², above most November weeks since 2000. Harvest / drying: harvest window closing — move produce and equipment to higher ground before water rises. Approx. 171 ha of mapped crops in the Aweil West floodplain are at risk. Approx. 7,354 ha of rangeland at risk; plan early herd movement. (Aweil West maps ~318,965 cattle in baseline.)"
2010-11-08,Aweil Centre,0.22,0.901,0,harvest / drying,0.0,23.9,364961.8333817694,"SEVERE flood expected in Aweil Centre this week: q50 0.2 km², above the 95th percentile of all November weeks since 2000. Approx. 24 ha of rangeland at risk; plan early herd movement. (Aweil Centre maps ~364,962 cattle in baseline.)"
2010-11-08,Aweil East,6.38,0.96,0,harvest / drying,87.1,1140.2,505027.7802561831,"SEVERE flood expected in Aweil East this week: q50 6.4 km², above the 95th percentile of all November weeks since 2000. Approx. 87 ha of mapped crops in the Aweil East floodplain are at risk. Approx. 1,140 ha of rangeland at risk; plan early herd movement. (Aweil East maps ~505,028 cattle in baseline.)"
2010-11-08,Aweil North,0.22,0.876,0,harvest / drying,35.3,1358.1,463800.5038861725,"SEVERE flood expected in Aweil North this week: q50 0.2 km², above the 95th percentile of all November weeks since 2000. Approx. 35 ha of mapped crops in the Aweil North floodplain are at risk. Approx. 1,358 ha of rangeland at risk; plan early herd movement. (Aweil North maps ~463,801 cattle in baseline.)"
2010-11-08,Aweil South,6.38,0.955,0,harvest / drying,97.6,1564.5,141256.8006910938,"SEVERE flood expected in Aweil South this week: q50 6.4 km², above the 95th percentile of all November weeks since 2000. Approx. 98 ha of mapped crops in the Aweil South floodplain are at risk. Approx. 1,564 ha of rangeland at risk; plan early herd movement. (Aweil South maps ~141,257 cattle in baseline.)"
2010-11-08,Aweil West,0.99,0.919,0,harvest / drying,26.7,1146.7,318964.9515941321,"SEVERE flood expected in Aweil West this week: q50 1.0 km², above the 95th percentile of all November weeks since 2000. Approx. 27 ha of mapped crops in the Aweil West floodplain are at risk. Approx. 1,147 ha of rangeland at risk; plan early herd movement. (Aweil West maps ~318,965 cattle in baseline.)"
2010-11-15,Aweil Centre,0.21,0.868,0,harvest / drying,0.0,23.4,364961.8333817694,"SEVERE flood expected in Aweil Centre this week: q50 0.2 km², above the 95th percentile of all November weeks since 2000. Approx. 23 ha of rangeland at risk; plan early herd movement. (Aweil Centre maps ~364,962 cattle in baseline.)"
2010-11-15,Aweil East,6.38,0.947,0,harvest / drying,87.1,1140.2,505027.7802561831,"SEVERE flood expected in Aweil East this week: q50 6.4 km², above the 95th percentile of all November weeks since 2000. Approx. 87 ha of mapped crops in the Aweil East floodplain are at risk. Approx. 1,140 ha of rangeland at risk; plan early herd movement. (Aweil East maps ~505,028 cattle in baseline.)"
2010-11-15,Aweil North,0.0,0.279,0,harvest / drying,0.3,11.7,463800.5038861725,"No flood expected in Aweil North this week (q50 0.0 km²). Routine monitoring. Approx. 12 ha of rangeland at risk; plan early herd movement. (Aweil North maps ~463,801 cattle in baseline.)"
2010-11-15,Aweil South,6.38,0.94,0,harvest / drying,97.6,1564.5,141256.8006910938,"SEVERE flood expected in Aweil South this week: q50 6.4 km², above the 95th percentile of all November weeks since 2000. Approx. 98 ha of mapped crops in the Aweil South floodplain are at risk. Approx. 1,564 ha of rangeland at risk; plan early herd movement. (Aweil South maps ~141,257 cattle in baseline.)"
2010-11-15,Aweil West,0.21,0.86,0,harvest / drying,5.5,237.8,318964.9515941321,"SEVERE flood expected in Aweil West this week: q50 0.2 km², above the 95th percentile of all November weeks since 2000. Approx. 6 ha of mapped crops in the Aweil West floodplain are at risk. Approx. 238 ha of rangeland at risk; plan early herd movement. (Aweil West maps ~318,965 cattle in baseline.)"
2010-11-22,Aweil Centre,0.44,0.856,0,harvest / drying,0.0,48.0,364961.8333817694,"SEVERE flood expected in Aweil Centre this week: q50 0.4 km², above the 95th percentile of all November weeks since 2000. Approx. 48 ha of rangeland at risk; plan early herd movement. (Aweil Centre maps ~364,962 cattle in baseline.)"
2010-11-22,Aweil East,6.38,0.944,0,harvest / drying,87.1,1140.2,505027.7802561831,"SEVERE flood expected in Aweil East this week: q50 6.4 km², above the 95th percentile of all November weeks since 2000. Approx. 87 ha of mapped crops in the Aweil East floodplain are at risk. Approx. 1,140 ha of rangeland at risk; plan early herd movement. (Aweil East maps ~505,028 cattle in baseline.)"
2010-11-22,Aweil North,0.0,0.388,0,harvest / drying,0.5,20.4,463800.5038861725,"No flood expected in Aweil North this week (q50 0.0 km²). Routine monitoring. Approx. 20 ha of rangeland at risk; plan early herd movement. (Aweil North maps ~463,801 cattle in baseline.)"
2010-11-22,Aweil South,6.38,0.938,0,harvest / drying,97.6,1564.5,141256.8006910938,"SEVERE flood expected in Aweil South this week: q50 6.4 km², above the 95th percentile of all November weeks since 2000. Approx. 98 ha of mapped crops in the Aweil South floodplain are at risk. Approx. 1,564 ha of rangeland at risk; plan early herd movement. (Aweil South maps ~141,257 cattle in baseline.)"
2010-11-22,Aweil West,0.21,0.851,0,harvest / drying,5.5,237.8,318964.9515941321,"SEVERE flood expected in Aweil West this week: q50 0.2 km², above the 95th percentile of all November weeks since 2000. Approx. 6 ha of mapped crops in the Aweil West floodplain are at risk. Approx. 238 ha of rangeland at risk; plan early herd movement. (Aweil West maps ~318,965 cattle in baseline.)"
2010-11-29,Aweil Centre,0.01,0.524,0,harvest / drying,0.0,1.6,364961.8333817694,"SEVERE flood expected in Aweil Centre this week: q50 0.0 km², above the 95th percentile of all November weeks since 2000. Approx. 2 ha of rangeland at risk; plan early herd movement. (Aweil Centre maps ~364,962 cattle in baseline.)"
2010-11-29,Aweil East,6.25,0.95,0,harvest / drying,85.4,1117.5,505027.7802561831,"SEVERE flood expected in Aweil East this week: q50 6.3 km², above the 95th percentile of all November weeks since 2000. Approx. 85 ha of mapped crops in the Aweil East floodplain are at risk. Approx. 1,117 ha of rangeland at risk; plan early herd movement. (Aweil East maps ~505,028 cattle in baseline.)"
2010-11-29,Aweil North,0.0,0.121,0,harvest / drying,0.0,0.0,463800.5038861725,"No flood expected in Aweil North this week (q50 0.0 km²). Routine monitoring. (Aweil North maps ~463,801 cattle in baseline.)"
2010-11-29,Aweil South,6.25,0.941,0,harvest / drying,95.7,1533.4,141256.8006910938,"SEVERE flood expected in Aweil South this week: q50 6.3 km², above the 95th percentile of all November weeks since 2000. Approx. 96 ha of mapped crops in the Aweil South floodplain are at risk. Approx. 1,533 ha of rangeland at risk; plan early herd movement. (Aweil South maps ~141,257 cattle in baseline.)"
2010-11-29,Aweil West,0.01,0.439,0,harvest / drying,0.4,16.4,318964.9515941321,"No flood expected in Aweil West this week (q50 0.0 km²). Routine monitoring. Approx. 16 ha of rangeland at risk; plan early herd movement. (Aweil West maps ~318,965 cattle in baseline.)"
2010-12-06,Aweil Centre,0.02,0.481,0,dry season,0.0,6.1,364961.8333817694,"No flood expected in Aweil Centre this week (q50 0.0 km²). Routine monitoring. Approx. 6 ha of rangeland at risk; plan early herd movement. (Aweil Centre maps ~364,962 cattle in baseline.)"
2010-12-06,Aweil East,6.25,0.926,2,dry season,603.0,12241.3,505027.7802561831,"High flood risk in Aweil East this week: q50 6.3 km², above most December weeks since 2000. Dry season: little active cropping; floodplain grazing and residual flooding dominate. Approx. 603 ha of mapped crops in the Aweil East floodplain are at risk. Approx. 12,241 ha of rangeland at risk; plan early herd movement. (Aweil East maps ~505,028 cattle in baseline.)"
2010-12-06,Aweil North,0.0,0.028,0,dry season,0.0,0.0,463800.5038861725,"No flood expected in Aweil North this week (q50 0.0 km²). Routine monitoring. (Aweil North maps ~463,801 cattle in baseline.)"
2010-12-06,Aweil South,6.25,0.911,0,dry season,227.2,4550.8,141256.8006910938,"SEVERE flood expected in Aweil South this week: q50 6.3 km², above the 95th percentile of all December weeks since 2000. Approx. 227 ha of mapped crops in the Aweil South floodplain are at risk. Approx. 4,551 ha of rangeland at risk; plan early herd movement. (Aweil South maps ~141,257 cattle in baseline.)"
2010-12-06,Aweil West,0.0,0.126,3,dry season,0.0,0.0,318964.9515941321,"SEVERE flood expected in Aweil West this week: q50 0.0 km², above the 95th percentile of all December weeks since 2000. Dry season: little active cropping; floodplain grazing and residual flooding dominate. (Aweil West maps ~318,965 cattle in baseline.)"
2010-12-13,Aweil Centre,0.0,0.128,0,dry season,0.0,0.0,364961.8333817694,"No flood expected in Aweil Centre this week (q50 0.0 km²). Routine monitoring. (Aweil Centre maps ~364,962 cattle in baseline.)"
2010-12-13,Aweil East,1.97,0.921,0,dry season,190.3,3862.4,505027.7802561831,"SEVERE flood expected in Aweil East this week: q50 2.0 km², above the 95th percentile of all December weeks since 2000. Approx. 190 ha of mapped crops in the Aweil East floodplain are at risk. Approx. 3,862 ha of rangeland at risk; plan early herd movement. (Aweil East maps ~505,028 cattle in baseline.)"
2010-12-13,Aweil North,0.0,0.021,0,dry season,0.0,0.0,463800.5038861725,"No flood expected in Aweil North this week (q50 0.0 km²). Routine monitoring. (Aweil North maps ~463,801 cattle in baseline.)"
2010-12-13,Aweil South,6.25,0.906,0,dry season,227.2,4550.8,141256.8006910938,"SEVERE flood expected in Aweil South this week: q50 6.3 km², above the 95th percentile of all December weeks since 2000. Approx. 227 ha of mapped crops in the Aweil South floodplain are at risk. Approx. 4,551 ha of rangeland at risk; plan early herd movement. (Aweil South maps ~141,257 cattle in baseline.)"
2010-12-13,Aweil West,0.0,0.047,0,dry season,0.0,0.0,318964.9515941321,"No flood expected in Aweil West this week (q50 0.0 km²). Routine monitoring. (Aweil West maps ~318,965 cattle in baseline.)"
2010-12-20,Aweil Centre,0.0,0.085,0,dry season,0.0,0.0,364961.8333817694,"No flood expected in Aweil Centre this week (q50 0.0 km²). Routine monitoring. (Aweil Centre maps ~364,962 cattle in baseline.)"
2010-12-20,Aweil East,0.28,0.804,0,dry season,26.6,539.1,505027.7802561831,"SEVERE flood expected in Aweil East this week: q50 0.3 km², above the 95th percentile of all December weeks since 2000. Approx. 27 ha of mapped crops in the Aweil East floodplain are at risk. Approx. 539 ha of rangeland at risk; plan early herd movement. (Aweil East maps ~505,028 cattle in baseline.)"
2010-12-20,Aweil North,0.0,0.021,0,dry season,0.0,0.0,463800.5038861725,"No flood expected in Aweil North this week (q50 0.0 km²). Routine monitoring. (Aweil North maps ~463,801 cattle in baseline.)"
2010-12-20,Aweil South,6.25,0.896,0,dry season,227.2,4550.8,141256.8006910938,"SEVERE flood expected in Aweil South this week: q50 6.3 km², above the 95th percentile of all December weeks since 2000. Approx. 227 ha of mapped crops in the Aweil South floodplain are at risk. Approx. 4,551 ha of rangeland at risk; plan early herd movement. (Aweil South maps ~141,257 cattle in baseline.)"
2010-12-20,Aweil West,0.0,0.025,0,dry season,0.0,0.0,318964.9515941321,"No flood expected in Aweil West this week (q50 0.0 km²). Routine monitoring. (Aweil West maps ~318,965 cattle in baseline.)"
2010-12-27,Aweil Centre,0.0,0.047,0,dry season,0.0,0.0,364961.8333817694,"No flood expected in Aweil Centre this week (q50 0.0 km²). Routine monitoring. (Aweil Centre maps ~364,962 cattle in baseline.)"
2010-12-27,Aweil East,0.03,0.557,0,dry season,2.5,50.5,505027.7802561831,"SEVERE flood expected in Aweil East this week: q50 0.0 km², above the 95th percentile of all December weeks since 2000. Approx. 2 ha of mapped crops in the Aweil East floodplain are at risk. Approx. 51 ha of rangeland at risk; plan early herd movement. (Aweil East maps ~505,028 cattle in baseline.)"
2010-12-27,Aweil North,0.0,0.022,0,dry season,0.0,0.0,463800.5038861725,"No flood expected in Aweil North this week (q50 0.0 km²). Routine monitoring. (Aweil North maps ~463,801 cattle in baseline.)"
2010-12-27,Aweil South,0.06,0.728,0,dry season,2.2,44.0,141256.8006910938,"SEVERE flood expected in Aweil South this week: q50 0.1 km², above the 95th percentile of all December weeks since 2000. Approx. 2 ha of mapped crops in the Aweil South floodplain are at risk. Approx. 44 ha of rangeland at risk; plan early herd movement. (Aweil South maps ~141,257 cattle in baseline.)"
2010-12-27,Aweil West,0.0,0.027,0,dry season,0.0,0.0,318964.9515941321,"No flood expected in Aweil West this week (q50 0.0 km²). Routine monitoring. (Aweil West maps ~318,965 cattle in baseline.)"
2011-01-03,Aweil Centre,0.0,0.029,0,dry season (late phase),0.0,0.0,364961.8333817694,"No flood expected in Aweil Centre this week (q50 0.0 km²). Routine monitoring. (Aweil Centre maps ~364,962 cattle in baseline.)"
2011-01-03,Aweil East,0.03,0.448,1,dry season (late phase),0.0,213.6,505027.7802561831,"Elevated flood probability in Aweil East this week (q50 0.0 km², 45% detection chance). Dry season (late phase): little active cropping; floodplain grazing and residual flooding dominate. Approx. 214 ha of rangeland at risk; plan early herd movement. (Aweil East maps ~505,028 cattle in baseline.)"
2011-01-03,Aweil North,0.0,0.028,0,dry season (late phase),0.0,0.0,463800.5038861725,"No flood expected in Aweil North this week (q50 0.0 km²). Routine monitoring. (Aweil North maps ~463,801 cattle in baseline.)"
2011-01-03,Aweil South,0.01,0.236,0,dry season (late phase),0.1,3.0,141256.8006910938,"No flood expected in Aweil South this week (q50 0.0 km²). Routine monitoring. Approx. 3 ha of rangeland at risk; plan early herd movement. (Aweil South maps ~141,257 cattle in baseline.)"
2011-01-03,Aweil West,0.0,0.02,0,dry season (late phase),0.0,0.0,318964.9515941321,"No flood expected in Aweil West this week (q50 0.0 km²). Routine monitoring. (Aweil West maps ~318,965 cattle in baseline.)"
2011-01-10,Aweil Centre,0.0,0.036,0,dry season (late phase),0.0,0.0,364961.8333817694,"No flood expected in Aweil Centre this week (q50 0.0 km²). Routine monitoring. (Aweil Centre maps ~364,962 cattle in baseline.)"
2011-01-10,Aweil East,0.01,0.419,0,dry season (late phase),0.0,92.1,505027.7802561831,"No flood expected in Aweil East this week (q50 0.0 km²). Routine monitoring. Approx. 92 ha of rangeland at risk; plan early herd movement. (Aweil East maps ~505,028 cattle in baseline.)"
2011-01-10,Aweil North,0.0,0.036,0,dry season (late phase),0.0,0.0,463800.5038861725,"No flood expected in Aweil North this week (q50 0.0 km²). Routine monitoring. (Aweil North maps ~463,801 cattle in baseline.)"
2011-01-10,Aweil South,0.0,0.082,0,dry season (late phase),0.0,0.3,141256.8006910938,"No flood expected in Aweil South this week (q50 0.0 km²). Routine monitoring. (Aweil South maps ~141,257 cattle in baseline.)"
2011-01-10,Aweil West,0.0,0.017,0,dry season (late phase),0.0,0.0,318964.9515941321,"No flood expected in Aweil West this week (q50 0.0 km²). Routine monitoring. (Aweil West maps ~318,965 cattle in baseline.)"
2011-01-17,Aweil Centre,0.0,0.029,0,dry season (late phase),0.0,0.0,364961.8333817694,"No flood expected in Aweil Centre this week (q50 0.0 km²). Routine monitoring. (Aweil Centre maps ~364,962 cattle in baseline.)"
2011-01-17,Aweil East,0.0,0.183,0,dry season (late phase),0.0,3.5,505027.7802561831,"No flood expected in Aweil East this week (q50 0.0 km²). Routine monitoring. Approx. 4 ha of rangeland at risk; plan early herd movement. (Aweil East maps ~505,028 cattle in baseline.)"
2011-01-17,Aweil North,0.0,0.025,0,dry season (late phase),0.0,0.0,463800.5038861725,"No flood expected in Aweil North this week (q50 0.0 km²). Routine monitoring. (Aweil North maps ~463,801 cattle in baseline.)"
2011-01-17,Aweil South,0.0,0.025,0,dry season (late phase),0.0,0.0,141256.8006910938,"No flood expected in Aweil South this week (q50 0.0 km²). Routine monitoring. (Aweil South maps ~141,257 cattle in baseline.)"
2011-01-17,Aweil West,0.0,0.016,0,dry season (late phase),0.0,0.0,318964.9515941321,"No flood expected in Aweil West this week (q50 0.0 km²). Routine monitoring. (Aweil West maps ~318,965 cattle in baseline.)"
2011-01-24,Aweil Centre,0.0,0.028,0,dry season (late phase),0.0,0.0,364961.8333817694,"No flood expected in Aweil Centre this week (q50 0.0 km²). Routine monitoring. (Aweil Centre maps ~364,962 cattle in baseline.)"
2011-01-24,Aweil East,0.0,0.083,0,dry season (late phase),0.0,0.0,505027.7802561831,"No flood expected in Aweil East this week (q50 0.0 km²). Routine monitoring. (Aweil East maps ~505,028 cattle in baseline.)"
2011-01-24,Aweil North,0.0,0.015,0,dry season (late phase),0.0,0.0,463800.5038861725,"No flood expected in Aweil North this week (q50 0.0 km²). Routine monitoring. (Aweil North maps ~463,801 cattle in baseline.)"
2011-01-24,Aweil South,0.0,0.015,0,dry season (late phase),0.0,0.0,141256.8006910938,"No flood expected in Aweil South this week (q50 0.0 km²). Routine monitoring. (Aweil South maps ~141,257 cattle in baseline.)"
2011-01-24,Aweil West,0.0,0.019,0,dry season (late phase),0.0,0.0,318964.9515941321,"No flood expected in Aweil West this week (q50 0.0 km²). Routine monitoring. (Aweil West maps ~318,965 cattle in baseline.)"
2011-01-31,Aweil Centre,0.0,0.029,0,dry season (late phase),0.0,0.0,364961.8333817694,"No flood expected in Aweil Centre this week (q50 0.0 km²). Routine monitoring. (Aweil Centre maps ~364,962 cattle in baseline.)"
2011-01-31,Aweil East,0.0,0.047,0,dry season (late phase),0.0,0.0,505027.7802561831,"No flood expected in Aweil East this week (q50 0.0 km²). Routine monitoring. (Aweil East maps ~505,028 cattle in baseline.)"
2011-01-31,Aweil North,0.0,0.012,0,dry season (late phase),0.0,0.0,463800.5038861725,"No flood expected in Aweil North this week (q50 0.0 km²). Routine monitoring. (Aweil North maps ~463,801 cattle in baseline.)"
2011-01-31,Aweil South,0.0,0.012,0,dry season (late phase),0.0,0.0,141256.8006910938,"No flood expected in Aweil South this week (q50 0.0 km²). Routine monitoring. (Aweil South maps ~141,257 cattle in baseline.)"
2011-01-31,Aweil West,0.0,0.016,0,dry season (late phase),0.0,0.0,318964.9515941321,"No flood expected in Aweil West this week (q50 0.0 km²). Routine monitoring. (Aweil West maps ~318,965 cattle in baseline.)"
2011-02-07,Aweil Centre,0.0,0.031,0,dry season,0.0,0.0,364961.8333817694,"No flood expected in Aweil Centre this week (q50 0.0 km²). Routine monitoring. (Aweil Centre maps ~364,962 cattle in baseline.)"
2011-02-07,Aweil East,0.0,0.029,0,dry season,0.0,0.0,505027.7802561831,"No flood expected in Aweil East this week (q50 0.0 km²). Routine monitoring. (Aweil East maps ~505,028 cattle in baseline.)"
2011-02-07,Aweil North,0.0,0.016,0,dry season,0.0,0.0,463800.5038861725,"No flood expected in Aweil North this week (q50 0.0 km²). Routine monitoring. (Aweil North maps ~463,801 cattle in baseline.)"
2011-02-07,Aweil South,0.0,0.016,0,dry season,0.0,0.0,141256.8006910938,"No flood expected in Aweil South this week (q50 0.0 km²). Routine monitoring. (Aweil South maps ~141,257 cattle in baseline.)"
2011-02-07,Aweil West,0.0,0.021,0,dry season,0.0,0.0,318964.9515941321,"No flood expected in Aweil West this week (q50 0.0 km²). Routine monitoring. (Aweil West maps ~318,965 cattle in baseline.)"
2011-02-14,Aweil Centre,0.0,0.024,0,dry season,0.0,0.0,364961.8333817694,"No flood expected in Aweil Centre this week (q50 0.0 km²). Routine monitoring. (Aweil Centre maps ~364,962 cattle in baseline.)"
2011-02-14,Aweil East,0.0,0.022,0,dry season,0.0,0.0,505027.7802561831,"No flood expected in Aweil East this week (q50 0.0 km²). Routine monitoring. (Aweil East maps ~505,028 cattle in baseline.)"
2011-02-14,Aweil North,0.0,0.01,0,dry season,0.0,0.0,463800.5038861725,"No flood expected in Aweil North this week (q50 0.0 km²). Routine monitoring. (Aweil North maps ~463,801 cattle in baseline.)"
2011-02-14,Aweil South,0.0,0.01,0,dry season,0.0,0.0,141256.8006910938,"No flood expected in Aweil South this week (q50 0.0 km²). Routine monitoring. (Aweil South maps ~141,257 cattle in baseline.)"
2011-02-14,Aweil West,0.0,0.013,0,dry season,0.0,0.0,318964.9515941321,"No flood expected in Aweil West this week (q50 0.0 km²). Routine monitoring. (Aweil West maps ~318,965 cattle in baseline.)"
2011-02-21,Aweil Centre,0.0,0.024,0,dry season,0.0,0.0,364961.8333817694,"No flood expected in Aweil Centre this week (q50 0.0 km²). Routine monitoring. (Aweil Centre maps ~364,962 cattle in baseline.)"
2011-02-21,Aweil East,0.0,0.021,0,dry season,0.0,0.0,505027.7802561831,"No flood expected in Aweil East this week (q50 0.0 km²). Routine monitoring. (Aweil East maps ~505,028 cattle in baseline.)"
2011-02-21,Aweil North,0.0,0.01,0,dry season,0.0,0.0,463800.5038861725,"No flood expected in Aweil North this week (q50 0.0 km²). Routine monitoring. (Aweil North maps ~463,801 cattle in baseline.)"
2011-02-21,Aweil South,0.0,0.01,0,dry season,0.0,0.0,141256.8006910938,"No flood expected in Aweil South this week (q50 0.0 km²). Routine monitoring. (Aweil South maps ~141,257 cattle in baseline.)"
2011-02-21,Aweil West,0.0,0.013,0,dry season,0.0,0.0,318964.9515941321,"No flood expected in Aweil West this week (q50 0.0 km²). Routine monitoring. (Aweil West maps ~318,965 cattle in baseline.)"
2011-02-28,Aweil Centre,0.0,0.028,0,dry season,0.0,0.0,364961.8333817694,"No flood expected in Aweil Centre this week (q50 0.0 km²). Routine monitoring. (Aweil Centre maps ~364,962 cattle in baseline.)"
2011-02-28,Aweil East,0.0,0.026,0,dry season,0.0,0.0,505027.7802561831,"No flood expected in Aweil East this week (q50 0.0 km²). Routine monitoring. (Aweil East maps ~505,028 cattle in baseline.)"
2011-02-28,Aweil North,0.0,0.015,0,dry season,0.0,0.0,463800.5038861725,"No flood expected in Aweil North this week (q50 0.0 km²). Routine monitoring. (Aweil North maps ~463,801 cattle in baseline.)"
2011-02-28,Aweil South,0.0,0.015,0,dry season,0.0,0.0,141256.8006910938,"No flood expected in Aweil South this week (q50 0.0 km²). Routine monitoring. (Aweil South maps ~141,257 cattle in baseline.)"
2011-02-28,Aweil West,0.0,0.019,0,dry season,0.0,0.0,318964.9515941321,"No flood expected in Aweil West this week (q50 0.0 km²). Routine monitoring. (Aweil West maps ~318,965 cattle in baseline.)"
2011-03-07,Aweil Centre,0.0,0.028,0,early season (sowing),0.0,0.0,364961.8333817694,"No flood expected in Aweil Centre this week (q50 0.0 km²). Routine monitoring. (Aweil Centre maps ~364,962 cattle in baseline.)"
2011-03-07,Aweil East,0.0,0.027,0,early season (sowing),0.0,0.0,505027.7802561831,"No flood expected in Aweil East this week (q50 0.0 km²). Routine monitoring. (Aweil East maps ~505,028 cattle in baseline.)"
2011-03-07,Aweil North,0.0,0.015,0,early season (sowing),0.0,0.0,463800.5038861725,"No flood expected in Aweil North this week (q50 0.0 km²). Routine monitoring. (Aweil North maps ~463,801 cattle in baseline.)"
2011-03-07,Aweil South,0.0,0.015,0,early season (sowing),0.0,0.0,141256.8006910938,"No flood expected in Aweil South this week (q50 0.0 km²). Routine monitoring. (Aweil South maps ~141,257 cattle in baseline.)"
2011-03-07,Aweil West,0.0,0.019,0,early season (sowing),0.0,0.0,318964.9515941321,"No flood expected in Aweil West this week (q50 0.0 km²). Routine monitoring. (Aweil West maps ~318,965 cattle in baseline.)"
2011-03-14,Aweil Centre,0.0,0.024,0,early season (sowing),0.0,0.0,364961.8333817694,"No flood expected in Aweil Centre this week (q50 0.0 km²). Routine monitoring. (Aweil Centre maps ~364,962 cattle in baseline.)"
2011-03-14,Aweil East,0.0,0.023,0,early season (sowing),0.0,0.0,505027.7802561831,"No flood expected in Aweil East this week (q50 0.0 km²). Routine monitoring. (Aweil East maps ~505,028 cattle in baseline.)"
2011-03-14,Aweil North,0.0,0.01,0,early season (sowing),0.0,0.0,463800.5038861725,"No flood expected in Aweil North this week (q50 0.0 km²). Routine monitoring. (Aweil North maps ~463,801 cattle in baseline.)"
2011-03-14,Aweil South,0.0,0.01,0,early season (sowing),0.0,0.0,141256.8006910938,"No flood expected in Aweil South this week (q50 0.0 km²). Routine monitoring. (Aweil South maps ~141,257 cattle in baseline.)"
2011-03-14,Aweil West,0.0,0.013,0,early season (sowing),0.0,0.0,318964.9515941321,"No flood expected in Aweil West this week (q50 0.0 km²). Routine monitoring. (Aweil West maps ~318,965 cattle in baseline.)"
2011-03-21,Aweil Centre,0.0,0.028,0,early season (sowing),0.0,0.0,364961.8333817694,"No flood expected in Aweil Centre this week (q50 0.0 km²). Routine monitoring. (Aweil Centre maps ~364,962 cattle in baseline.)"
2011-03-21,Aweil East,0.0,0.027,0,early season (sowing),0.0,0.0,505027.7802561831,"No flood expected in Aweil East this week (q50 0.0 km²). Routine monitoring. (Aweil East maps ~505,028 cattle in baseline.)"
2011-03-21,Aweil North,0.0,0.012,0,early season (sowing),0.0,0.0,463800.5038861725,"No flood expected in Aweil North this week (q50 0.0 km²). Routine monitoring. (Aweil North maps ~463,801 cattle in baseline.)"
2011-03-21,Aweil South,0.0,0.012,0,early season (sowing),0.0,0.0,141256.8006910938,"No flood expected in Aweil South this week (q50 0.0 km²). Routine monitoring. (Aweil South maps ~141,257 cattle in baseline.)"
2011-03-21,Aweil West,0.0,0.016,0,early season (sowing),0.0,0.0,318964.9515941321,"No flood expected in Aweil West this week (q50 0.0 km²). Routine monitoring. (Aweil West maps ~318,965 cattle in baseline.)"
2011-03-28,Aweil Centre,0.0,0.031,0,early season (sowing),0.0,0.0,364961.8333817694,"No flood expected in Aweil Centre this week (q50 0.0 km²). Routine monitoring. (Aweil Centre maps ~364,962 cattle in baseline.)"
2011-03-28,Aweil East,0.0,0.029,0,early season (sowing),0.0,0.0,505027.7802561831,"No flood expected in Aweil East this week (q50 0.0 km²). Routine monitoring. (Aweil East maps ~505,028 cattle in baseline.)"
2011-03-28,Aweil North,0.0,0.014,0,early season (sowing),0.0,0.0,463800.5038861725,"No flood expected in Aweil North this week (q50 0.0 km²). Routine monitoring. (Aweil North maps ~463,801 cattle in baseline.)"
2011-03-28,Aweil South,0.0,0.014,0,early season (sowing),0.0,0.0,141256.8006910938,"No flood expected in Aweil South this week (q50 0.0 km²). Routine monitoring. (Aweil South maps ~141,257 cattle in baseline.)"
2011-03-28,Aweil West,0.0,0.018,0,early season (sowing),0.0,0.0,318964.9515941321,"No flood expected in Aweil West this week (q50 0.0 km²). Routine monitoring. (Aweil West maps ~318,965 cattle in baseline.)"
2011-04-04,Aweil Centre,0.0,0.033,0,crop establishment,0.0,0.0,364961.8333817694,"No flood expected in Aweil Centre this week (q50 0.0 km²). Routine monitoring. (Aweil Centre maps ~364,962 cattle in baseline.)"
2011-04-04,Aweil East,0.0,0.03,0,crop establishment,0.0,0.0,505027.7802561831,"No flood expected in Aweil East this week (q50 0.0 km²). Routine monitoring. (Aweil East maps ~505,028 cattle in baseline.)"
2011-04-04,Aweil North,0.0,0.02,0,crop establishment,0.0,0.0,463800.5038861725,"No flood expected in Aweil North this week (q50 0.0 km²). Routine monitoring. (Aweil North maps ~463,801 cattle in baseline.)"
2011-04-04,Aweil South,0.0,0.02,0,crop establishment,0.0,0.0,141256.8006910938,"No flood expected in Aweil South this week (q50 0.0 km²). Routine monitoring. (Aweil South maps ~141,257 cattle in baseline.)"
2011-04-04,Aweil West,0.0,0.023,0,crop establishment,0.0,0.0,318964.9515941321,"No flood expected in Aweil West this week (q50 0.0 km²). Routine monitoring. (Aweil West maps ~318,965 cattle in baseline.)"
2011-04-11,Aweil Centre,0.0,0.036,0,crop establishment,0.0,0.0,364961.8333817694,"No flood expected in Aweil Centre this week (q50 0.0 km²). Routine monitoring. (Aweil Centre maps ~364,962 cattle in baseline.)"
2011-04-11,Aweil East,0.0,0.034,0,crop establishment,0.0,0.0,505027.7802561831,"No flood expected in Aweil East this week (q50 0.0 km²). Routine monitoring. (Aweil East maps ~505,028 cattle in baseline.)"
2011-04-11,Aweil North,0.0,0.024,0,crop establishment,0.0,0.0,463800.5038861725,"No flood expected in Aweil North this week (q50 0.0 km²). Routine monitoring. (Aweil North maps ~463,801 cattle in baseline.)"
2011-04-11,Aweil South,0.0,0.024,0,crop establishment,0.0,0.0,141256.8006910938,"No flood expected in Aweil South this week (q50 0.0 km²). Routine monitoring. (Aweil South maps ~141,257 cattle in baseline.)"
2011-04-11,Aweil West,0.0,0.025,0,crop establishment,0.0,0.0,318964.9515941321,"No flood expected in Aweil West this week (q50 0.0 km²). Routine monitoring. (Aweil West maps ~318,965 cattle in baseline.)"
2011-04-18,Aweil Centre,0.0,0.028,0,crop establishment,0.0,0.0,364961.8333817694,"No flood expected in Aweil Centre this week (q50 0.0 km²). Routine monitoring. (Aweil Centre maps ~364,962 cattle in baseline.)"
2011-04-18,Aweil East,0.0,0.029,0,crop establishment,0.0,0.0,505027.7802561831,"No flood expected in Aweil East this week (q50 0.0 km²). Routine monitoring. (Aweil East maps ~505,028 cattle in baseline.)"
2011-04-18,Aweil North,0.0,0.015,0,crop establishment,0.0,0.0,463800.5038861725,"No flood expected in Aweil North this week (q50 0.0 km²). Routine monitoring. (Aweil North maps ~463,801 cattle in baseline.)"
2011-04-18,Aweil South,0.0,0.015,0,crop establishment,0.0,0.0,141256.8006910938,"No flood expected in Aweil South this week (q50 0.0 km²). Routine monitoring. (Aweil South maps ~141,257 cattle in baseline.)"
2011-04-18,Aweil West,0.0,0.018,0,crop establishment,0.0,0.0,318964.9515941321,"No flood expected in Aweil West this week (q50 0.0 km²). Routine monitoring. (Aweil West maps ~318,965 cattle in baseline.)"
2011-04-25,Aweil Centre,0.0,0.039,0,crop establishment,0.0,0.0,364961.8333817694,"No flood expected in Aweil Centre this week (q50 0.0 km²). Routine monitoring. (Aweil Centre maps ~364,962 cattle in baseline.)"
2011-04-25,Aweil East,0.0,0.043,0,crop establishment,0.0,0.0,505027.7802561831,"No flood expected in Aweil East this week (q50 0.0 km²). Routine monitoring. (Aweil East maps ~505,028 cattle in baseline.)"
2011-04-25,Aweil North,0.0,0.019,0,crop establishment,0.0,0.0,463800.5038861725,"No flood expected in Aweil North this week (q50 0.0 km²). Routine monitoring. (Aweil North maps ~463,801 cattle in baseline.)"
2011-04-25,Aweil South,0.0,0.019,0,crop establishment,0.0,0.0,141256.8006910938,"No flood expected in Aweil South this week (q50 0.0 km²). Routine monitoring. (Aweil South maps ~141,257 cattle in baseline.)"
2011-04-25,Aweil West,0.0,0.026,0,crop establishment,0.0,0.0,318964.9515941321,"No flood expected in Aweil West this week (q50 0.0 km²). Routine monitoring. (Aweil West maps ~318,965 cattle in baseline.)"
2011-05-02,Aweil Centre,0.0,0.031,0,vegetative growth,0.0,0.0,364961.8333817694,"No flood expected in Aweil Centre this week (q50 0.0 km²). Routine monitoring. (Aweil Centre maps ~364,962 cattle in baseline.)"
2011-05-02,Aweil East,0.0,0.035,0,vegetative growth,0.0,0.0,505027.7802561831,"No flood expected in Aweil East this week (q50 0.0 km²). Routine monitoring. (Aweil East maps ~505,028 cattle in baseline.)"
2011-05-02,Aweil North,0.0,0.014,0,vegetative growth,0.0,0.0,463800.5038861725,"No flood expected in Aweil North this week (q50 0.0 km²). Routine monitoring. (Aweil North maps ~463,801 cattle in baseline.)"
2011-05-02,Aweil South,0.0,0.014,0,vegetative growth,0.0,0.0,141256.8006910938,"No flood expected in Aweil South this week (q50 0.0 km²). Routine monitoring. (Aweil South maps ~141,257 cattle in baseline.)"
2011-05-02,Aweil West,0.0,0.019,0,vegetative growth,0.0,0.0,318964.9515941321,"No flood expected in Aweil West this week (q50 0.0 km²). Routine monitoring. (Aweil West maps ~318,965 cattle in baseline.)"
2011-05-09,Aweil Centre,0.0,0.034,0,vegetative growth,0.0,0.0,364961.8333817694,"No flood expected in Aweil Centre this week (q50 0.0 km²). Routine monitoring. (Aweil Centre maps ~364,962 cattle in baseline.)"
2011-05-09,Aweil East,0.0,0.039,0,vegetative growth,0.0,0.0,505027.7802561831,"No flood expected in Aweil East this week (q50 0.0 km²). Routine monitoring. (Aweil East maps ~505,028 cattle in baseline.)"
2011-05-09,Aweil North,0.0,0.014,0,vegetative growth,0.0,0.0,463800.5038861725,"No flood expected in Aweil North this week (q50 0.0 km²). Routine monitoring. (Aweil North maps ~463,801 cattle in baseline.)"
2011-05-09,Aweil South,0.0,0.014,0,vegetative growth,0.0,0.0,141256.8006910938,"No flood expected in Aweil South this week (q50 0.0 km²). Routine monitoring. (Aweil South maps ~141,257 cattle in baseline.)"
2011-05-09,Aweil West,0.0,0.019,0,vegetative growth,0.0,0.0,318964.9515941321,"No flood expected in Aweil West this week (q50 0.0 km²). Routine monitoring. (Aweil West maps ~318,965 cattle in baseline.)"
2011-05-16,Aweil Centre,0.0,0.036,0,vegetative growth,0.0,0.0,364961.8333817694,"No flood expected in Aweil Centre this week (q50 0.0 km²). Routine monitoring. (Aweil Centre maps ~364,962 cattle in baseline.)"
2011-05-16,Aweil East,0.0,0.042,0,vegetative growth,0.0,0.0,505027.7802561831,"No flood expected in Aweil East this week (q50 0.0 km²). Routine monitoring. (Aweil East maps ~505,028 cattle in baseline.)"
2011-05-16,Aweil North,0.0,0.015,0,vegetative growth,0.0,0.0,463800.5038861725,"No flood expected in Aweil North this week (q50 0.0 km²). Routine monitoring. (Aweil North maps ~463,801 cattle in baseline.)"
2011-05-16,Aweil South,0.0,0.015,0,vegetative growth,0.0,0.0,141256.8006910938,"No flood expected in Aweil South this week (q50 0.0 km²). Routine monitoring. (Aweil South maps ~141,257 cattle in baseline.)"
2011-05-16,Aweil West,0.0,0.02,0,vegetative growth,0.0,0.0,318964.9515941321,"No flood expected in Aweil West this week (q50 0.0 km²). Routine monitoring. (Aweil West maps ~318,965 cattle in baseline.)"
2011-05-23,Aweil Centre,0.0,0.034,0,vegetative growth,0.0,0.0,364961.8333817694,"No flood expected in Aweil Centre this week (q50 0.0 km²). Routine monitoring. (Aweil Centre maps ~364,962 cattle in baseline.)"
2011-05-23,Aweil East,0.0,0.04,0,vegetative growth,0.0,0.0,505027.7802561831,"No flood expected in Aweil East this week (q50 0.0 km²). Routine monitoring. (Aweil East maps ~505,028 cattle in baseline.)"
2011-05-23,Aweil North,0.0,0.014,0,vegetative growth,0.0,0.0,463800.5038861725,"No flood expected in Aweil North this week (q50 0.0 km²). Routine monitoring. (Aweil North maps ~463,801 cattle in baseline.)"
2011-05-23,Aweil South,0.0,0.014,0,vegetative growth,0.0,0.0,141256.8006910938,"No flood expected in Aweil South this week (q50 0.0 km²). Routine monitoring. (Aweil South maps ~141,257 cattle in baseline.)"
2011-05-23,Aweil West,0.0,0.019,0,vegetative growth,0.0,0.0,318964.9515941321,"No flood expected in Aweil West this week (q50 0.0 km²). Routine monitoring. (Aweil West maps ~318,965 cattle in baseline.)"
2011-05-30,Aweil Centre,0.0,0.037,0,vegetative growth,0.0,0.0,364961.8333817694,"No flood expected in Aweil Centre this week (q50 0.0 km²). Routine monitoring. (Aweil Centre maps ~364,962 cattle in baseline.)"
2011-05-30,Aweil East,0.0,0.041,0,vegetative growth,0.0,0.0,505027.7802561831,"No flood expected in Aweil East this week (q50 0.0 km²). Routine monitoring. (Aweil East maps ~505,028 cattle in baseline.)"
2011-05-30,Aweil North,0.0,0.018,0,vegetative growth,0.0,0.0,463800.5038861725,"No flood expected in Aweil North this week (q50 0.0 km²). Routine monitoring. (Aweil North maps ~463,801 cattle in baseline.)"
2011-05-30,Aweil South,0.0,0.018,0,vegetative growth,0.0,0.0,141256.8006910938,"No flood expected in Aweil South this week (q50 0.0 km²). Routine monitoring. (Aweil South maps ~141,257 cattle in baseline.)"
2011-05-30,Aweil West,0.0,0.024,0,vegetative growth,0.0,0.0,318964.9515941321,"No flood expected in Aweil West this week (q50 0.0 km²). Routine monitoring. (Aweil West maps ~318,965 cattle in baseline.)"
2011-06-06,Aweil Centre,0.0,0.033,0,vegetative growth (peak),0.0,0.0,364961.8333817694,"No flood expected in Aweil Centre this week (q50 0.0 km²). Routine monitoring. (Aweil Centre maps ~364,962 cattle in baseline.)"
2011-06-06,Aweil East,0.0,0.038,0,vegetative growth (peak),0.0,0.0,505027.7802561831,"No flood expected in Aweil East this week (q50 0.0 km²). Routine monitoring. (Aweil East maps ~505,028 cattle in baseline.)"
2011-06-06,Aweil North,0.0,0.017,0,vegetative growth (peak),0.0,0.0,463800.5038861725,"No flood expected in Aweil North this week (q50 0.0 km²). Routine monitoring. (Aweil North maps ~463,801 cattle in baseline.)"
2011-06-06,Aweil South,0.0,0.017,0,vegetative growth (peak),0.0,0.0,141256.8006910938,"No flood expected in Aweil South this week (q50 0.0 km²). Routine monitoring. (Aweil South maps ~141,257 cattle in baseline.)"
2011-06-06,Aweil West,0.0,0.022,0,vegetative growth (peak),0.0,0.0,318964.9515941321,"No flood expected in Aweil West this week (q50 0.0 km²). Routine monitoring. (Aweil West maps ~318,965 cattle in baseline.)"
2011-06-13,Aweil Centre,0.0,0.043,0,vegetative growth (peak),0.0,0.0,364961.8333817694,"No flood expected in Aweil Centre this week (q50 0.0 km²). Routine monitoring. (Aweil Centre maps ~364,962 cattle in baseline.)"
2011-06-13,Aweil East,0.0,0.048,0,vegetative growth (peak),0.0,0.0,505027.7802561831,"No flood expected in Aweil East this week (q50 0.0 km²). Routine monitoring. (Aweil East maps ~505,028 cattle in baseline.)"
2011-06-13,Aweil North,0.0,0.022,0,vegetative growth (peak),0.0,0.0,463800.5038861725,"No flood expected in Aweil North this week (q50 0.0 km²). Routine monitoring. (Aweil North maps ~463,801 cattle in baseline.)"
2011-06-13,Aweil South,0.0,0.022,0,vegetative growth (peak),0.0,0.0,141256.8006910938,"No flood expected in Aweil South this week (q50 0.0 km²). Routine monitoring. (Aweil South maps ~141,257 cattle in baseline.)"
2011-06-13,Aweil West,0.0,0.029,0,vegetative growth (peak),0.0,0.0,318964.9515941321,"No flood expected in Aweil West this week (q50 0.0 km²). Routine monitoring. (Aweil West maps ~318,965 cattle in baseline.)"
2011-06-20,Aweil Centre,0.0,0.025,0,vegetative growth (peak),0.0,0.0,364961.8333817694,"No flood expected in Aweil Centre this week (q50 0.0 km²). Routine monitoring. (Aweil Centre maps ~364,962 cattle in baseline.)"
2011-06-20,Aweil East,0.0,0.028,0,vegetative growth (peak),0.0,0.0,505027.7802561831,"No flood expected in Aweil East this week (q50 0.0 km²). Routine monitoring. (Aweil East maps ~505,028 cattle in baseline.)"
2011-06-20,Aweil North,0.0,0.013,0,vegetative growth (peak),0.0,0.0,463800.5038861725,"No flood expected in Aweil North this week (q50 0.0 km²). Routine monitoring. (Aweil North maps ~463,801 cattle in baseline.)"
2011-06-20,Aweil South,0.0,0.013,0,vegetative growth (peak),0.0,0.0,141256.8006910938,"No flood expected in Aweil South this week (q50 0.0 km²). Routine monitoring. (Aweil South maps ~141,257 cattle in baseline.)"
2011-06-20,Aweil West,0.0,0.017,0,vegetative growth (peak),0.0,0.0,318964.9515941321,"No flood expected in Aweil West this week (q50 0.0 km²). Routine monitoring. (Aweil West maps ~318,965 cattle in baseline.)"
2011-06-27,Aweil Centre,0.0,0.026,0,vegetative growth (peak),0.0,0.0,364961.8333817694,"No flood expected in Aweil Centre this week (q50 0.0 km²). Routine monitoring. (Aweil Centre maps ~364,962 cattle in baseline.)"
2011-06-27,Aweil East,0.0,0.029,0,vegetative growth (peak),0.0,0.0,505027.7802561831,"No flood expected in Aweil East this week (q50 0.0 km²). Routine monitoring. (Aweil East maps ~505,028 cattle in baseline.)"
2011-06-27,Aweil North,0.0,0.013,0,vegetative growth (peak),0.0,0.0,463800.5038861725,"No flood expected in Aweil North this week (q50 0.0 km²). Routine monitoring. (Aweil North maps ~463,801 cattle in baseline.)"
2011-06-27,Aweil South,0.0,0.015,0,vegetative growth (peak),0.0,0.0,141256.8006910938,"No flood expected in Aweil South this week (q50 0.0 km²). Routine monitoring. (Aweil South maps ~141,257 cattle in baseline.)"
2011-06-27,Aweil West,0.0,0.018,0,vegetative growth (peak),0.0,0.0,318964.9515941321,"No flood expected in Aweil West this week (q50 0.0 km²). Routine monitoring. (Aweil West maps ~318,965 cattle in baseline.)"
2011-07-04,Aweil Centre,0.0,0.027,0,vegetative growth (peak),0.0,0.0,364961.8333817694,"No flood expected in Aweil Centre this week (q50 0.0 km²). Routine monitoring. (Aweil Centre maps ~364,962 cattle in baseline.)"
2011-07-04,Aweil East,0.0,0.03,0,vegetative growth (peak),0.0,0.0,505027.7802561831,"No flood expected in Aweil East this week (q50 0.0 km²). Routine monitoring. (Aweil East maps ~505,028 cattle in baseline.)"
2011-07-04,Aweil North,0.0,0.013,0,vegetative growth (peak),0.0,0.0,463800.5038861725,"No flood expected in Aweil North this week (q50 0.0 km²). Routine monitoring. (Aweil North maps ~463,801 cattle in baseline.)"
2011-07-04,Aweil South,0.0,0.015,0,vegetative growth (peak),0.0,0.0,141256.8006910938,"No flood expected in Aweil South this week (q50 0.0 km²). Routine monitoring. (Aweil South maps ~141,257 cattle in baseline.)"
2011-07-04,Aweil West,0.0,0.018,0,vegetative growth (peak),0.0,0.0,318964.9515941321,"No flood expected in Aweil West this week (q50 0.0 km²). Routine monitoring. (Aweil West maps ~318,965 cattle in baseline.)"
2011-07-11,Aweil Centre,0.0,0.036,0,vegetative growth (peak),0.0,0.0,364961.8333817694,"No flood expected in Aweil Centre this week (q50 0.0 km²). Routine monitoring. (Aweil Centre maps ~364,962 cattle in baseline.)"
2011-07-11,Aweil East,0.0,0.042,0,vegetative growth (peak),0.0,0.0,505027.7802561831,"No flood expected in Aweil East this week (q50 0.0 km²). Routine monitoring. (Aweil East maps ~505,028 cattle in baseline.)"
2011-07-11,Aweil North,0.0,0.021,0,vegetative growth (peak),0.0,0.0,463800.5038861725,"No flood expected in Aweil North this week (q50 0.0 km²). Routine monitoring. (Aweil North maps ~463,801 cattle in baseline.)"
2011-07-11,Aweil South,0.0,0.023,0,vegetative growth (peak),0.0,0.0,141256.8006910938,"No flood expected in Aweil South this week (q50 0.0 km²). Routine monitoring. (Aweil South maps ~141,257 cattle in baseline.)"
2011-07-11,Aweil West,0.0,0.028,0,vegetative growth (peak),0.0,0.0,318964.9515941321,"No flood expected in Aweil West this week (q50 0.0 km²). Routine monitoring. (Aweil West maps ~318,965 cattle in baseline.)"
2011-07-18,Aweil Centre,0.0,0.027,0,vegetative growth (peak),0.0,0.0,364961.8333817694,"No flood expected in Aweil Centre this week (q50 0.0 km²). Routine monitoring. (Aweil Centre maps ~364,962 cattle in baseline.)"
2011-07-18,Aweil East,0.0,0.032,0,vegetative growth (peak),0.0,0.0,505027.7802561831,"No flood expected in Aweil East this week (q50 0.0 km²). Routine monitoring. (Aweil East maps ~505,028 cattle in baseline.)"
2011-07-18,Aweil North,0.0,0.016,0,vegetative growth (peak),0.0,0.0,463800.5038861725,"No flood expected in Aweil North this week (q50 0.0 km²). Routine monitoring. (Aweil North maps ~463,801 cattle in baseline.)"
2011-07-18,Aweil South,0.0,0.018,0,vegetative growth (peak),0.0,0.0,141256.8006910938,"No flood expected in Aweil South this week (q50 0.0 km²). Routine monitoring. (Aweil South maps ~141,257 cattle in baseline.)"
2011-07-18,Aweil West,0.0,0.022,0,vegetative growth (peak),0.0,0.0,318964.9515941321,"No flood expected in Aweil West this week (q50 0.0 km²). Routine monitoring. (Aweil West maps ~318,965 cattle in baseline.)"
2011-07-25,Aweil Centre,0.0,0.032,0,vegetative growth (peak),0.0,0.0,364961.8333817694,"No flood expected in Aweil Centre this week (q50 0.0 km²). Routine monitoring. (Aweil Centre maps ~364,962 cattle in baseline.)"
2011-07-25,Aweil East,0.0,0.04,0,vegetative growth (peak),0.0,0.0,505027.7802561831,"No flood expected in Aweil East this week (q50 0.0 km²). Routine monitoring. (Aweil East maps ~505,028 cattle in baseline.)"
2011-07-25,Aweil North,0.0,0.014,0,vegetative growth (peak),0.0,0.0,463800.5038861725,"No flood expected in Aweil North this week (q50 0.0 km²). Routine monitoring. (Aweil North maps ~463,801 cattle in baseline.)"
2011-07-25,Aweil South,0.0,0.016,0,vegetative growth (peak),0.0,0.0,141256.8006910938,"No flood expected in Aweil South this week (q50 0.0 km²). Routine monitoring. (Aweil South maps ~141,257 cattle in baseline.)"
2011-07-25,Aweil West,0.0,0.019,0,vegetative growth (peak),0.0,0.0,318964.9515941321,"No flood expected in Aweil West this week (q50 0.0 km²). Routine monitoring. (Aweil West maps ~318,965 cattle in baseline.)"
2011-08-01,Aweil Centre,0.0,0.064,0,maturation,0.0,0.0,364961.8333817694,"No flood expected in Aweil Centre this week (q50 0.0 km²). Routine monitoring. (Aweil Centre maps ~364,962 cattle in baseline.)"
2011-08-01,Aweil East,0.0,0.079,0,maturation,0.0,0.0,505027.7802561831,"No flood expected in Aweil East this week (q50 0.0 km²). Routine monitoring. (Aweil East maps ~505,028 cattle in baseline.)"
2011-08-01,Aweil North,0.0,0.021,0,maturation,0.0,0.0,463800.5038861725,"No flood expected in Aweil North this week (q50 0.0 km²). Routine monitoring. (Aweil North maps ~463,801 cattle in baseline.)"
2011-08-01,Aweil South,0.0,0.024,0,maturation,0.0,0.0,141256.8006910938,"No flood expected in Aweil South this week (q50 0.0 km²). Routine monitoring. (Aweil South maps ~141,257 cattle in baseline.)"
2011-08-01,Aweil West,0.0,0.029,0,maturation,0.0,0.0,318964.9515941321,"No flood expected in Aweil West this week (q50 0.0 km²). Routine monitoring. (Aweil West maps ~318,965 cattle in baseline.)"
2011-08-08,Aweil Centre,0.0,0.097,0,maturation,0.0,0.0,364961.8333817694,"No flood expected in Aweil Centre this week (q50 0.0 km²). Routine monitoring. (Aweil Centre maps ~364,962 cattle in baseline.)"
2011-08-08,Aweil East,0.0,0.121,0,maturation,0.0,0.0,505027.7802561831,"No flood expected in Aweil East this week (q50 0.0 km²). Routine monitoring. (Aweil East maps ~505,028 cattle in baseline.)"
2011-08-08,Aweil North,0.0,0.034,0,maturation,0.0,0.0,463800.5038861725,"No flood expected in Aweil North this week (q50 0.0 km²). Routine monitoring. (Aweil North maps ~463,801 cattle in baseline.)"
2011-08-08,Aweil South,0.0,0.039,0,maturation,0.0,0.0,141256.8006910938,"No flood expected in Aweil South this week (q50 0.0 km²). Routine monitoring. (Aweil South maps ~141,257 cattle in baseline.)"
2011-08-08,Aweil West,0.0,0.047,0,maturation,0.0,0.0,318964.9515941321,"No flood expected in Aweil West this week (q50 0.0 km²). Routine monitoring. (Aweil West maps ~318,965 cattle in baseline.)"
2011-08-15,Aweil Centre,0.0,0.126,0,maturation,0.0,0.0,364961.8333817694,"No flood expected in Aweil Centre this week (q50 0.0 km²). Routine monitoring. (Aweil Centre maps ~364,962 cattle in baseline.)"
2011-08-15,Aweil East,0.0,0.156,0,maturation,0.0,0.0,505027.7802561831,"No flood expected in Aweil East this week (q50 0.0 km²). Routine monitoring. (Aweil East maps ~505,028 cattle in baseline.)"
2011-08-15,Aweil North,0.0,0.057,0,maturation,0.0,0.0,463800.5038861725,"No flood expected in Aweil North this week (q50 0.0 km²). Routine monitoring. (Aweil North maps ~463,801 cattle in baseline.)"
2011-08-15,Aweil South,0.0,0.064,0,maturation,0.0,0.0,141256.8006910938,"No flood expected in Aweil South this week (q50 0.0 km²). Routine monitoring. (Aweil South maps ~141,257 cattle in baseline.)"
2011-08-15,Aweil West,0.0,0.078,0,maturation,0.0,0.0,318964.9515941321,"No flood expected in Aweil West this week (q50 0.0 km²). Routine monitoring. (Aweil West maps ~318,965 cattle in baseline.)"
2011-08-22,Aweil Centre,0.0,0.243,0,maturation,0.0,0.0,364961.8333817694,"No flood expected in Aweil Centre this week (q50 0.0 km²). Routine monitoring. (Aweil Centre maps ~364,962 cattle in baseline.)"
2011-08-22,Aweil East,0.0,0.247,0,maturation,0.0,0.0,505027.7802561831,"No flood expected in Aweil East this week (q50 0.0 km²). Routine monitoring. (Aweil East maps ~505,028 cattle in baseline.)"
2011-08-22,Aweil North,0.0,0.115,0,maturation,0.0,0.0,463800.5038861725,"No flood expected in Aweil North this week (q50 0.0 km²). Routine monitoring. (Aweil North maps ~463,801 cattle in baseline.)"
2011-08-22,Aweil South,0.0,0.129,0,maturation,0.0,0.0,141256.8006910938,"No flood expected in Aweil South this week (q50 0.0 km²). Routine monitoring. (Aweil South maps ~141,257 cattle in baseline.)"
2011-08-22,Aweil West,0.0,0.14,0,maturation,0.0,0.0,318964.9515941321,"No flood expected in Aweil West this week (q50 0.0 km²). Routine monitoring. (Aweil West maps ~318,965 cattle in baseline.)"
2011-08-29,Aweil Centre,0.0,0.185,0,maturation,0.0,0.0,364961.8333817694,"No flood expected in Aweil Centre this week (q50 0.0 km²). Routine monitoring. (Aweil Centre maps ~364,962 cattle in baseline.)"
2011-08-29,Aweil East,0.04,0.34,0,maturation,0.0,0.0,505027.7802561831,"No flood expected in Aweil East this week (q50 0.0 km²). Routine monitoring. (Aweil East maps ~505,028 cattle in baseline.)"
2011-08-29,Aweil North,0.0,0.068,0,maturation,0.0,0.0,463800.5038861725,"No flood expected in Aweil North this week (q50 0.0 km²). Routine monitoring. (Aweil North maps ~463,801 cattle in baseline.)"
2011-08-29,Aweil South,0.0,0.076,0,maturation,0.0,0.0,141256.8006910938,"No flood expected in Aweil South this week (q50 0.0 km²). Routine monitoring. (Aweil South maps ~141,257 cattle in baseline.)"
2011-08-29,Aweil West,0.0,0.083,0,maturation,0.0,0.0,318964.9515941321,"No flood expected in Aweil West this week (q50 0.0 km²). Routine monitoring. (Aweil West maps ~318,965 cattle in baseline.)"
2011-09-05,Aweil Centre,0.0,0.138,0,maturation / grain filling,0.0,0.0,364961.8333817694,"No flood expected in Aweil Centre this week (q50 0.0 km²). Routine monitoring. (Aweil Centre maps ~364,962 cattle in baseline.)"
2011-09-05,Aweil East,0.0,0.234,0,maturation / grain filling,0.0,0.0,505027.7802561831,"No flood expected in Aweil East this week (q50 0.0 km²). Routine monitoring. (Aweil East maps ~505,028 cattle in baseline.)"
2011-09-05,Aweil North,0.0,0.049,0,maturation / grain filling,0.0,0.0,463800.5038861725,"No flood expected in Aweil North this week (q50 0.0 km²). Routine monitoring. (Aweil North maps ~463,801 cattle in baseline.)"
2011-09-05,Aweil South,0.0,0.055,0,maturation / grain filling,0.0,0.0,141256.8006910938,"No flood expected in Aweil South this week (q50 0.0 km²). Routine monitoring. (Aweil South maps ~141,257 cattle in baseline.)"
2011-09-05,Aweil West,0.0,0.06,0,maturation / grain filling,0.0,0.0,318964.9515941321,"No flood expected in Aweil West this week (q50 0.0 km²). Routine monitoring. (Aweil West maps ~318,965 cattle in baseline.)"
2011-09-12,Aweil Centre,0.0,0.289,0,maturation / grain filling,0.0,0.0,364961.8333817694,"No flood expected in Aweil Centre this week (q50 0.0 km²). Routine monitoring. (Aweil Centre maps ~364,962 cattle in baseline.)"
2011-09-12,Aweil East,0.0,0.344,0,maturation / grain filling,0.0,0.1,505027.7802561831,"No flood expected in Aweil East this week (q50 0.0 km²). Routine monitoring. (Aweil East maps ~505,028 cattle in baseline.)"
2011-09-12,Aweil North,0.0,0.128,0,maturation / grain filling,0.0,0.0,463800.5038861725,"No flood expected in Aweil North this week (q50 0.0 km²). Routine monitoring. (Aweil North maps ~463,801 cattle in baseline.)"
2011-09-12,Aweil South,0.0,0.142,0,maturation / grain filling,0.0,0.0,141256.8006910938,"No flood expected in Aweil South this week (q50 0.0 km²). Routine monitoring. (Aweil South maps ~141,257 cattle in baseline.)"
2011-09-12,Aweil West,0.07,0.395,0,maturation / grain filling,0.3,19.2,318964.9515941321,"No flood expected in Aweil West this week (q50 0.1 km²). Routine monitoring. Approx. 19 ha of rangeland at risk; plan early herd movement. (Aweil West maps ~318,965 cattle in baseline.)"
2011-09-19,Aweil Centre,0.0,0.558,0,maturation / grain filling,0.0,0.0,364961.8333817694,"SEVERE flood expected in Aweil Centre this week: q50 0.0 km², above the 95th percentile of all September weeks since 2000. (Aweil Centre maps ~364,962 cattle in baseline.)"
2011-09-19,Aweil East,0.14,0.869,0,maturation / grain filling,0.3,14.2,505027.7802561831,"SEVERE flood expected in Aweil East this week: q50 0.1 km², above the 95th percentile of all September weeks since 2000. Approx. 14 ha of rangeland at risk; plan early herd movement. (Aweil East maps ~505,028 cattle in baseline.)"
2011-09-19,Aweil North,0.11,0.529,0,maturation / grain filling,0.8,44.3,463800.5038861725,"SEVERE flood expected in Aweil North this week: q50 0.1 km², above the 95th percentile of all September weeks since 2000. Approx. 44 ha of rangeland at risk; plan early herd movement. (Aweil North maps ~463,801 cattle in baseline.)"
2011-09-19,Aweil South,0.0,0.328,0,maturation / grain filling,0.0,0.0,141256.8006910938,"No flood expected in Aweil South this week (q50 0.0 km²). Routine monitoring. (Aweil South maps ~141,257 cattle in baseline.)"
2011-09-19,Aweil West,0.35,0.824,0,maturation / grain filling,1.4,91.5,318964.9515941321,"SEVERE flood expected in Aweil West this week: q50 0.4 km², above the 95th percentile of all September weeks since 2000. Approx. 1 ha of mapped crops in the Aweil West floodplain are at risk. Approx. 91 ha of rangeland at risk; plan early herd movement. (Aweil West maps ~318,965 cattle in baseline.)"
2011-09-26,Aweil Centre,0.0,0.448,0,maturation / grain filling,0.0,0.0,364961.8333817694,"No flood expected in Aweil Centre this week (q50 0.0 km²). Routine monitoring. (Aweil Centre maps ~364,962 cattle in baseline.)"
2011-09-26,Aweil East,0.22,0.656,0,maturation / grain filling,0.6,23.0,505027.7802561831,"SEVERE flood expected in Aweil East this week: q50 0.2 km², above the 95th percentile of all September weeks since 2000. Approx. 23 ha of rangeland at risk; plan early herd movement. (Aweil East maps ~505,028 cattle in baseline.)"
2011-09-26,Aweil North,0.01,0.242,0,maturation / grain filling,0.0,2.4,463800.5038861725,"No flood expected in Aweil North this week (q50 0.0 km²). Routine monitoring. Approx. 2 ha of rangeland at risk; plan early herd movement. (Aweil North maps ~463,801 cattle in baseline.)"
2011-09-26,Aweil South,0.0,0.249,0,maturation / grain filling,0.0,0.0,141256.8006910938,"No flood expected in Aweil South this week (q50 0.0 km²). Routine monitoring. (Aweil South maps ~141,257 cattle in baseline.)"
2011-09-26,Aweil West,0.23,0.791,0,maturation / grain filling,1.0,61.2,318964.9515941321,"SEVERE flood expected in Aweil West this week: q50 0.2 km², above the 95th percentile of all September weeks since 2000. Approx. 61 ha of rangeland at risk; plan early herd movement. (Aweil West maps ~318,965 cattle in baseline.)"
2011-10-03,Aweil Centre,0.0,0.328,0,harvest,0.0,0.0,364961.8333817694,"No flood expected in Aweil Centre this week (q50 0.0 km²). Routine monitoring. (Aweil Centre maps ~364,962 cattle in baseline.)"
2011-10-03,Aweil East,6.38,0.87,0,harvest,60.3,693.8,505027.7802561831,"SEVERE flood expected in Aweil East this week: q50 6.4 km², above the 95th percentile of all October weeks since 2000. Approx. 60 ha of mapped crops in the Aweil East floodplain are at risk. Approx. 694 ha of rangeland at risk; plan early herd movement. (Aweil East maps ~505,028 cattle in baseline.)"
2011-10-03,Aweil North,0.0,0.186,0,harvest,0.0,0.8,463800.5038861725,"No flood expected in Aweil North this week (q50 0.0 km²). Routine monitoring. (Aweil North maps ~463,801 cattle in baseline.)"
2011-10-03,Aweil South,0.0,0.184,0,harvest,0.0,0.0,141256.8006910938,"No flood expected in Aweil South this week (q50 0.0 km²). Routine monitoring. (Aweil South maps ~141,257 cattle in baseline.)"
2011-10-03,Aweil West,1.0,0.814,0,harvest,9.5,441.0,318964.9515941321,"SEVERE flood expected in Aweil West this week: q50 1.0 km², above the 95th percentile of all October weeks since 2000. Approx. 9 ha of mapped crops in the Aweil West floodplain are at risk. Approx. 441 ha of rangeland at risk; plan early herd movement. (Aweil West maps ~318,965 cattle in baseline.)"
2011-10-10,Aweil Centre,0.0,0.217,0,harvest,0.0,0.0,364961.8333817694,"No flood expected in Aweil Centre this week (q50 0.0 km²). Routine monitoring. (Aweil Centre maps ~364,962 cattle in baseline.)"
2011-10-10,Aweil East,5.28,0.889,0,harvest,50.0,574.3,505027.7802561831,"SEVERE flood expected in Aweil East this week: q50 5.3 km², above the 95th percentile of all October weeks since 2000. Approx. 50 ha of mapped crops in the Aweil East floodplain are at risk. Approx. 574 ha of rangeland at risk; plan early herd movement. (Aweil East maps ~505,028 cattle in baseline.)"
2011-10-10,Aweil North,0.0,0.075,0,harvest,0.0,0.0,463800.5038861725,"No flood expected in Aweil North this week (q50 0.0 km²). Routine monitoring. (Aweil North maps ~463,801 cattle in baseline.)"
2011-10-10,Aweil South,0.0,0.096,0,harvest,0.0,0.0,141256.8006910938,"No flood expected in Aweil South this week (q50 0.0 km²). Routine monitoring. (Aweil South maps ~141,257 cattle in baseline.)"
2011-10-10,Aweil West,0.1,0.802,0,harvest,0.9,42.1,318964.9515941321,"SEVERE flood expected in Aweil West this week: q50 0.1 km², above the 95th percentile of all October weeks since 2000. Approx. 42 ha of rangeland at risk; plan early herd movement. (Aweil West maps ~318,965 cattle in baseline.)"
2011-10-17,Aweil Centre,0.0,0.226,0,harvest,0.0,0.0,364961.8333817694,"No flood expected in Aweil Centre this week (q50 0.0 km²). Routine monitoring. (Aweil Centre maps ~364,962 cattle in baseline.)"
2011-10-17,Aweil East,0.05,0.639,0,harvest,0.5,5.6,505027.7802561831,"SEVERE flood expected in Aweil East this week: q50 0.1 km², above the 95th percentile of all October weeks since 2000. Approx. 6 ha of rangeland at risk; plan early herd movement. (Aweil East maps ~505,028 cattle in baseline.)"
2011-10-17,Aweil North,0.0,0.082,0,harvest,0.0,0.0,463800.5038861725,"No flood expected in Aweil North this week (q50 0.0 km²). Routine monitoring. (Aweil North maps ~463,801 cattle in baseline.)"
2011-10-17,Aweil South,0.0,0.107,0,harvest,0.0,0.0,141256.8006910938,"No flood expected in Aweil South this week (q50 0.0 km²). Routine monitoring. (Aweil South maps ~141,257 cattle in baseline.)"
2011-10-17,Aweil West,0.01,0.45,0,harvest,0.1,6.5,318964.9515941321,"No flood expected in Aweil West this week (q50 0.0 km²). Routine monitoring. Approx. 7 ha of rangeland at risk; plan early herd movement. (Aweil West maps ~318,965 cattle in baseline.)"
2011-10-24,Aweil Centre,0.0,0.32,0,harvest,0.0,0.0,364961.8333817694,"No flood expected in Aweil Centre this week (q50 0.0 km²). Routine monitoring. (Aweil Centre maps ~364,962 cattle in baseline.)"
2011-10-24,Aweil East,2.14,0.925,0,harvest,20.2,232.3,505027.7802561831,"SEVERE flood expected in Aweil East this week: q50 2.1 km², above the 95th percentile of all October weeks since 2000. Approx. 20 ha of mapped crops in the Aweil East floodplain are at risk. Approx. 232 ha of rangeland at risk; plan early herd movement. (Aweil East maps ~505,028 cattle in baseline.)"
2011-10-24,Aweil North,0.0,0.145,0,harvest,0.0,0.0,463800.5038861725,"No flood expected in Aweil North this week (q50 0.0 km²). Routine monitoring. (Aweil North maps ~463,801 cattle in baseline.)"
2011-10-24,Aweil South,0.24,0.689,0,harvest,4.3,68.7,141256.8006910938,"SEVERE flood expected in Aweil South this week: q50 0.2 km², above the 95th percentile of all October weeks since 2000. Approx. 4 ha of mapped crops in the Aweil South floodplain are at risk. Approx. 69 ha of rangeland at risk; plan early herd movement. (Aweil South maps ~141,257 cattle in baseline.)"
2011-10-24,Aweil West,0.24,0.808,0,harvest,2.3,105.9,318964.9515941321,"SEVERE flood expected in Aweil West this week: q50 0.2 km², above the 95th percentile of all October weeks since 2000. Approx. 2 ha of mapped crops in the Aweil West floodplain are at risk. Approx. 106 ha of rangeland at risk; plan early herd movement. (Aweil West maps ~318,965 cattle in baseline.)"
2011-10-31,Aweil Centre,0.0,0.393,0,harvest,0.0,0.0,364961.8333817694,"No flood expected in Aweil Centre this week (q50 0.0 km²). Routine monitoring. (Aweil Centre maps ~364,962 cattle in baseline.)"
2011-10-31,Aweil East,0.02,0.745,0,harvest,0.2,2.1,505027.7802561831,"SEVERE flood expected in Aweil East this week: q50 0.0 km², above the 95th percentile of all October weeks since 2000. Approx. 2 ha of rangeland at risk; plan early herd movement. (Aweil East maps ~505,028 cattle in baseline.)"
2011-10-31,Aweil North,0.0,0.195,0,harvest,0.0,0.0,463800.5038861725,"No flood expected in Aweil North this week (q50 0.0 km²). Routine monitoring. (Aweil North maps ~463,801 cattle in baseline.)"
2011-10-31,Aweil South,0.01,0.304,0,harvest,0.1,1.6,141256.8006910938,"No flood expected in Aweil South this week (q50 0.0 km²). Routine monitoring. Approx. 2 ha of rangeland at risk; plan early herd movement. (Aweil South maps ~141,257 cattle in baseline.)"
2011-10-31,Aweil West,0.02,0.516,0,harvest,0.2,8.2,318964.9515941321,"SEVERE flood expected in Aweil West this week: q50 0.0 km², above the 95th percentile of all October weeks since 2000. Approx. 8 ha of rangeland at risk; plan early herd movement. (Aweil West maps ~318,965 cattle in baseline.)"
2011-11-07,Aweil Centre,0.02,0.524,0,harvest / drying,0.0,2.2,364961.8333817694,"SEVERE flood expected in Aweil Centre this week: q50 0.0 km², above the 95th percentile of all November weeks since 2000. Approx. 2 ha of rangeland at risk; plan early herd movement. (Aweil Centre maps ~364,962 cattle in baseline.)"
2011-11-07,Aweil East,0.05,0.759,0,harvest / drying,0.7,9.4,505027.7802561831,"SEVERE flood expected in Aweil East this week: q50 0.1 km², above the 95th percentile of all November weeks since 2000. Approx. 9 ha of rangeland at risk; plan early herd movement. (Aweil East maps ~505,028 cattle in baseline.)"
2011-11-07,Aweil North,0.0,0.089,0,harvest / drying,0.0,0.0,463800.5038861725,"No flood expected in Aweil North this week (q50 0.0 km²). Routine monitoring. (Aweil North maps ~463,801 cattle in baseline.)"
2011-11-07,Aweil South,0.27,0.675,0,harvest / drying,4.1,65.6,141256.8006910938,"SEVERE flood expected in Aweil South this week: q50 0.3 km², above the 95th percentile of all November weeks since 2000. Approx. 4 ha of mapped crops in the Aweil South floodplain are at risk. Approx. 66 ha of rangeland at risk; plan early herd movement. (Aweil South maps ~141,257 cattle in baseline.)"
2011-11-07,Aweil West,0.0,0.144,0,harvest / drying,0.0,1.5,318964.9515941321,"No flood expected in Aweil West this week (q50 0.0 km²). Routine monitoring. Approx. 2 ha of rangeland at risk; plan early herd movement. (Aweil West maps ~318,965 cattle in baseline.)"
2011-11-14,Aweil Centre,0.0,0.464,0,harvest / drying,0.0,0.4,364961.8333817694,"No flood expected in Aweil Centre this week (q50 0.0 km²). Routine monitoring. (Aweil Centre maps ~364,962 cattle in baseline.)"
2011-11-14,Aweil East,0.0,0.452,0,harvest / drying,0.0,0.0,505027.7802561831,"No flood expected in Aweil East this week (q50 0.0 km²). Routine monitoring. (Aweil East maps ~505,028 cattle in baseline.)"
2011-11-14,Aweil North,0.0,0.046,0,harvest / drying,0.0,0.0,463800.5038861725,"No flood expected in Aweil North this week (q50 0.0 km²). Routine monitoring. (Aweil North maps ~463,801 cattle in baseline.)"
2011-11-14,Aweil South,1.97,0.907,0,harvest / drying,30.2,483.5,141256.8006910938,"SEVERE flood expected in Aweil South this week: q50 2.0 km², above the 95th percentile of all November weeks since 2000. Approx. 30 ha of mapped crops in the Aweil South floodplain are at risk. Approx. 483 ha of rangeland at risk; plan early herd movement. (Aweil South maps ~141,257 cattle in baseline.)"
2011-11-14,Aweil West,0.0,0.112,0,harvest / drying,0.0,0.0,318964.9515941321,"No flood expected in Aweil West this week (q50 0.0 km²). Routine monitoring. (Aweil West maps ~318,965 cattle in baseline.)"
2011-11-21,Aweil Centre,0.0,0.273,0,harvest / drying,0.0,0.0,364961.8333817694,"No flood expected in Aweil Centre this week (q50 0.0 km²). Routine monitoring. (Aweil Centre maps ~364,962 cattle in baseline.)"
2011-11-21,Aweil East,0.0,0.162,0,harvest / drying,0.0,0.0,505027.7802561831,"No flood expected in Aweil East this week (q50 0.0 km²). Routine monitoring. (Aweil East maps ~505,028 cattle in baseline.)"
2011-11-21,Aweil North,0.0,0.025,0,harvest / drying,0.0,0.0,463800.5038861725,"No flood expected in Aweil North this week (q50 0.0 km²). Routine monitoring. (Aweil North maps ~463,801 cattle in baseline.)"
2011-11-21,Aweil South,0.56,0.658,0,harvest / drying,8.6,137.4,141256.8006910938,"SEVERE flood expected in Aweil South this week: q50 0.6 km², above the 95th percentile of all November weeks since 2000. Approx. 9 ha of mapped crops in the Aweil South floodplain are at risk. Approx. 137 ha of rangeland at risk; plan early herd movement. (Aweil South maps ~141,257 cattle in baseline.)"
2011-11-21,Aweil West,0.0,0.032,0,harvest / drying,0.0,0.0,318964.9515941321,"No flood expected in Aweil West this week (q50 0.0 km²). Routine monitoring. (Aweil West maps ~318,965 cattle in baseline.)"
2011-11-28,Aweil Centre,0.06,0.555,0,harvest / drying,0.0,6.5,364961.8333817694,"SEVERE flood expected in Aweil Centre this week: q50 0.1 km², above the 95th percentile of all November weeks since 2000. Approx. 6 ha of rangeland at risk; plan early herd movement. (Aweil Centre maps ~364,962 cattle in baseline.)"
2011-11-28,Aweil East,0.02,0.404,0,harvest / drying,0.2,2.9,505027.7802561831,"No flood expected in Aweil East this week (q50 0.0 km²). Routine monitoring. Approx. 3 ha of rangeland at risk; plan early herd movement. (Aweil East maps ~505,028 cattle in baseline.)"
2011-11-28,Aweil North,0.0,0.033,0,harvest / drying,0.0,0.0,463800.5038861725,"No flood expected in Aweil North this week (q50 0.0 km²). Routine monitoring. (Aweil North maps ~463,801 cattle in baseline.)"
2011-11-28,Aweil South,0.85,0.841,0,harvest / drying,13.1,209.3,141256.8006910938,"SEVERE flood expected in Aweil South this week: q50 0.9 km², above the 95th percentile of all November weeks since 2000. Approx. 13 ha of mapped crops in the Aweil South floodplain are at risk. Approx. 209 ha of rangeland at risk; plan early herd movement. (Aweil South maps ~141,257 cattle in baseline.)"
2011-11-28,Aweil West,0.0,0.036,0,harvest / drying,0.0,0.0,318964.9515941321,"No flood expected in Aweil West this week (q50 0.0 km²). Routine monitoring. (Aweil West maps ~318,965 cattle in baseline.)"
2011-12-05,Aweil Centre,0.0,0.111,0,dry season,0.0,0.0,364961.8333817694,"No flood expected in Aweil Centre this week (q50 0.0 km²). Routine monitoring. (Aweil Centre maps ~364,962 cattle in baseline.)"
2011-12-05,Aweil East,0.0,0.217,0,dry season,0.1,1.1,505027.7802561831,"No flood expected in Aweil East this week (q50 0.0 km²). Routine monitoring. Approx. 1 ha of rangeland at risk; plan early herd movement. (Aweil East maps ~505,028 cattle in baseline.)"
2011-12-05,Aweil North,0.0,0.025,0,dry season,0.0,0.0,463800.5038861725,"No flood expected in Aweil North this week (q50 0.0 km²). Routine monitoring. (Aweil North maps ~463,801 cattle in baseline.)"
2011-12-05,Aweil South,0.57,0.796,0,dry season,20.6,413.5,141256.8006910938,"SEVERE flood expected in Aweil South this week: q50 0.6 km², above the 95th percentile of all December weeks since 2000. Approx. 21 ha of mapped crops in the Aweil South floodplain are at risk. Approx. 413 ha of rangeland at risk; plan early herd movement. (Aweil South maps ~141,257 cattle in baseline.)"
2011-12-05,Aweil West,0.0,0.025,0,dry season,0.0,0.0,318964.9515941321,"No flood expected in Aweil West this week (q50 0.0 km²). Routine monitoring. (Aweil West maps ~318,965 cattle in baseline.)"
2011-12-12,Aweil Centre,0.0,0.154,0,dry season,0.0,0.0,364961.8333817694,"No flood expected in Aweil Centre this week (q50 0.0 km²). Routine monitoring. (Aweil Centre maps ~364,962 cattle in baseline.)"
2011-12-12,Aweil East,0.05,0.486,0,dry season,4.8,96.8,505027.7802561831,"No flood expected in Aweil East this week (q50 0.0 km²). Routine monitoring. Approx. 5 ha of mapped crops in the Aweil East floodplain are at risk. Approx. 97 ha of rangeland at risk; plan early herd movement. (Aweil East maps ~505,028 cattle in baseline.)"
2011-12-12,Aweil North,0.0,0.025,0,dry season,0.0,0.0,463800.5038861725,"No flood expected in Aweil North this week (q50 0.0 km²). Routine monitoring. (Aweil North maps ~463,801 cattle in baseline.)"
2011-12-12,Aweil South,0.85,0.794,0,dry season,30.8,617.9,141256.8006910938,"SEVERE flood expected in Aweil South this week: q50 0.8 km², above the 95th percentile of all December weeks since 2000. Approx. 31 ha of mapped crops in the Aweil South floodplain are at risk. Approx. 618 ha of rangeland at risk; plan early herd movement. (Aweil South maps ~141,257 cattle in baseline.)"
2011-12-12,Aweil West,0.0,0.025,0,dry season,0.0,0.0,318964.9515941321,"No flood expected in Aweil West this week (q50 0.0 km²). Routine monitoring. (Aweil West maps ~318,965 cattle in baseline.)"
2011-12-19,Aweil Centre,0.0,0.093,0,dry season,0.0,0.0,364961.8333817694,"No flood expected in Aweil Centre this week (q50 0.0 km²). Routine monitoring. (Aweil Centre maps ~364,962 cattle in baseline.)"
2011-12-19,Aweil East,0.01,0.31,0,dry season,1.3,26.4,505027.7802561831,"No flood expected in Aweil East this week (q50 0.0 km²). Routine monitoring. Approx. 1 ha of mapped crops in the Aweil East floodplain are at risk. Approx. 26 ha of rangeland at risk; plan early herd movement. (Aweil East maps ~505,028 cattle in baseline.)"
2011-12-19,Aweil North,0.0,0.029,0,dry season,0.0,0.0,463800.5038861725,"No flood expected in Aweil North this week (q50 0.0 km²). Routine monitoring. (Aweil North maps ~463,801 cattle in baseline.)"
2011-12-19,Aweil South,0.06,0.715,0,dry season,2.2,44.0,141256.8006910938,"SEVERE flood expected in Aweil South this week: q50 0.1 km², above the 95th percentile of all December weeks since 2000. Approx. 2 ha of mapped crops in the Aweil South floodplain are at risk. Approx. 44 ha of rangeland at risk; plan early herd movement. (Aweil South maps ~141,257 cattle in baseline.)"
2011-12-19,Aweil West,0.0,0.029,0,dry season,0.0,0.0,318964.9515941321,"No flood expected in Aweil West this week (q50 0.0 km²). Routine monitoring. (Aweil West maps ~318,965 cattle in baseline.)"
2011-12-26,Aweil Centre,0.0,0.06,0,dry season,0.0,0.0,364961.8333817694,"No flood expected in Aweil Centre this week (q50 0.0 km²). Routine monitoring. (Aweil Centre maps ~364,962 cattle in baseline.)"
2011-12-26,Aweil East,0.05,0.515,0,dry season,4.8,96.8,505027.7802561831,"SEVERE flood expected in Aweil East this week: q50 0.0 km², above the 95th percentile of all December weeks since 2000. Approx. 5 ha of mapped crops in the Aweil East floodplain are at risk. Approx. 97 ha of rangeland at risk; plan early herd movement. (Aweil East maps ~505,028 cattle in baseline.)"
2011-12-26,Aweil North,0.0,0.033,0,dry season,0.0,0.0,463800.5038861725,"No flood expected in Aweil North this week (q50 0.0 km²). Routine monitoring. (Aweil North maps ~463,801 cattle in baseline.)"
2011-12-26,Aweil South,0.85,0.718,0,dry season,30.8,617.9,141256.8006910938,"SEVERE flood expected in Aweil South this week: q50 0.8 km², above the 95th percentile of all December weeks since 2000. Approx. 31 ha of mapped crops in the Aweil South floodplain are at risk. Approx. 618 ha of rangeland at risk; plan early herd movement. (Aweil South maps ~141,257 cattle in baseline.)"
2011-12-26,Aweil West,0.0,0.034,0,dry season,0.0,0.0,318964.9515941321,"No flood expected in Aweil West this week (q50 0.0 km²). Routine monitoring. (Aweil West maps ~318,965 cattle in baseline.)"
2016-01-11,Aweil Centre,0.0,0.066,0,dry season (late phase),0.0,0.0,364961.8333817694,"No flood expected in Aweil Centre this week (q50 0.0 km²). Routine monitoring. (Aweil Centre maps ~364,962 cattle in baseline.)"
2016-01-11,Aweil East,0.0,0.225,0,dry season (late phase),0.0,13.1,505027.7802561831,"No flood expected in Aweil East this week (q50 0.0 km²). Routine monitoring. Approx. 13 ha of rangeland at risk; plan early herd movement. (Aweil East maps ~505,028 cattle in baseline.)"
2016-01-11,Aweil North,0.0,0.074,0,dry season (late phase),0.0,0.0,463800.5038861725,"No flood expected in Aweil North this week (q50 0.0 km²). Routine monitoring. (Aweil North maps ~463,801 cattle in baseline.)"
2016-01-11,Aweil South,0.0,0.067,0,dry season (late phase),0.0,0.0,141256.8006910938,"No flood expected in Aweil South this week (q50 0.0 km²). Routine monitoring. (Aweil South maps ~141,257 cattle in baseline.)"
2016-01-11,Aweil West,0.0,0.047,0,dry season (late phase),0.0,0.0,318964.9515941321,"No flood expected in Aweil West this week (q50 0.0 km²). Routine monitoring. (Aweil West maps ~318,965 cattle in baseline.)"
2016-01-18,Aweil Centre,0.0,0.068,0,dry season (late phase),0.0,0.0,364961.8333817694,"No flood expected in Aweil Centre this week (q50 0.0 km²). Routine monitoring. (Aweil Centre maps ~364,962 cattle in baseline.)"
2016-01-18,Aweil East,0.0,0.112,0,dry season (late phase),0.0,0.0,505027.7802561831,"No flood expected in Aweil East this week (q50 0.0 km²). Routine monitoring. (Aweil East maps ~505,028 cattle in baseline.)"
2016-01-18,Aweil North,0.0,0.078,0,dry season (late phase),0.0,0.0,463800.5038861725,"No flood expected in Aweil North this week (q50 0.0 km²). Routine monitoring. (Aweil North maps ~463,801 cattle in baseline.)"
2016-01-18,Aweil South,0.0,0.056,0,dry season (late phase),0.0,0.0,141256.8006910938,"No flood expected in Aweil South this week (q50 0.0 km²). Routine monitoring. (Aweil South maps ~141,257 cattle in baseline.)"
2016-01-18,Aweil West,0.0,0.049,0,dry season (late phase),0.0,0.0,318964.9515941321,"No flood expected in Aweil West this week (q50 0.0 km²). Routine monitoring. (Aweil West maps ~318,965 cattle in baseline.)"
2016-01-25,Aweil Centre,0.0,0.072,0,dry season (late phase),0.0,0.0,364961.8333817694,"No flood expected in Aweil Centre this week (q50 0.0 km²). Routine monitoring. (Aweil Centre maps ~364,962 cattle in baseline.)"
2016-01-25,Aweil East,0.0,0.068,0,dry season (late phase),0.0,0.0,505027.7802561831,"No flood expected in Aweil East this week (q50 0.0 km²). Routine monitoring. (Aweil East maps ~505,028 cattle in baseline.)"
2016-01-25,Aweil North,0.0,0.049,0,dry season (late phase),0.0,0.0,463800.5038861725,"No flood expected in Aweil North this week (q50 0.0 km²). Routine monitoring. (Aweil North maps ~463,801 cattle in baseline.)"
2016-01-25,Aweil South,0.0,0.051,0,dry season (late phase),0.0,0.0,141256.8006910938,"No flood expected in Aweil South this week (q50 0.0 km²). Routine monitoring. (Aweil South maps ~141,257 cattle in baseline.)"
2016-01-25,Aweil West,0.0,0.051,0,dry season (late phase),0.0,0.0,318964.9515941321,"No flood expected in Aweil West this week (q50 0.0 km²). Routine monitoring. (Aweil West maps ~318,965 cattle in baseline.)"
2016-02-01,Aweil Centre,0.0,0.07,0,dry season,0.0,0.0,364961.8333817694,"No flood expected in Aweil Centre this week (q50 0.0 km²). Routine monitoring. (Aweil Centre maps ~364,962 cattle in baseline.)"
2016-02-01,Aweil East,0.0,0.065,0,dry season,0.0,0.0,505027.7802561831,"No flood expected in Aweil East this week (q50 0.0 km²). Routine monitoring. (Aweil East maps ~505,028 cattle in baseline.)"
2016-02-01,Aweil North,0.0,0.048,0,dry season,0.0,0.0,463800.5038861725,"No flood expected in Aweil North this week (q50 0.0 km²). Routine monitoring. (Aweil North maps ~463,801 cattle in baseline.)"
2016-02-01,Aweil South,0.0,0.049,0,dry season,0.0,0.0,141256.8006910938,"No flood expected in Aweil South this week (q50 0.0 km²). Routine monitoring. (Aweil South maps ~141,257 cattle in baseline.)"
2016-02-01,Aweil West,0.0,0.049,0,dry season,0.0,0.0,318964.9515941321,"No flood expected in Aweil West this week (q50 0.0 km²). Routine monitoring. (Aweil West maps ~318,965 cattle in baseline.)"
2016-02-08,Aweil Centre,0.0,0.073,0,dry season,0.0,0.0,364961.8333817694,"No flood expected in Aweil Centre this week (q50 0.0 km²). Routine monitoring. (Aweil Centre maps ~364,962 cattle in baseline.)"
2016-02-08,Aweil East,0.0,0.065,0,dry season,0.0,0.0,505027.7802561831,"No flood expected in Aweil East this week (q50 0.0 km²). Routine monitoring. (Aweil East maps ~505,028 cattle in baseline.)"
2016-02-08,Aweil North,0.0,0.056,0,dry season,0.0,0.0,463800.5038861725,"No flood expected in Aweil North this week (q50 0.0 km²). Routine monitoring. (Aweil North maps ~463,801 cattle in baseline.)"
2016-02-08,Aweil South,0.0,0.059,0,dry season,0.0,0.0,141256.8006910938,"No flood expected in Aweil South this week (q50 0.0 km²). Routine monitoring. (Aweil South maps ~141,257 cattle in baseline.)"
2016-02-08,Aweil West,0.0,0.059,0,dry season,0.0,0.0,318964.9515941321,"No flood expected in Aweil West this week (q50 0.0 km²). Routine monitoring. (Aweil West maps ~318,965 cattle in baseline.)"
2016-02-15,Aweil Centre,0.0,0.062,0,dry season,0.0,0.0,364961.8333817694,"No flood expected in Aweil Centre this week (q50 0.0 km²). Routine monitoring. (Aweil Centre maps ~364,962 cattle in baseline.)"
2016-02-15,Aweil East,0.0,0.058,0,dry season,0.0,0.0,505027.7802561831,"No flood expected in Aweil East this week (q50 0.0 km²). Routine monitoring. (Aweil East maps ~505,028 cattle in baseline.)"
2016-02-15,Aweil North,0.0,0.052,0,dry season,0.0,0.0,463800.5038861725,"No flood expected in Aweil North this week (q50 0.0 km²). Routine monitoring. (Aweil North maps ~463,801 cattle in baseline.)"
2016-02-15,Aweil South,0.0,0.054,0,dry season,0.0,0.0,141256.8006910938,"No flood expected in Aweil South this week (q50 0.0 km²). Routine monitoring. (Aweil South maps ~141,257 cattle in baseline.)"
2016-02-15,Aweil West,0.0,0.054,0,dry season,0.0,0.0,318964.9515941321,"No flood expected in Aweil West this week (q50 0.0 km²). Routine monitoring. (Aweil West maps ~318,965 cattle in baseline.)"
2016-02-22,Aweil Centre,0.0,0.069,0,dry season,0.0,0.0,364961.8333817694,"No flood expected in Aweil Centre this week (q50 0.0 km²). Routine monitoring. (Aweil Centre maps ~364,962 cattle in baseline.)"
2016-02-22,Aweil East,0.0,0.067,0,dry season,0.0,0.0,505027.7802561831,"No flood expected in Aweil East this week (q50 0.0 km²). Routine monitoring. (Aweil East maps ~505,028 cattle in baseline.)"
2016-02-22,Aweil North,0.0,0.056,0,dry season,0.0,0.0,463800.5038861725,"No flood expected in Aweil North this week (q50 0.0 km²). Routine monitoring. (Aweil North maps ~463,801 cattle in baseline.)"
2016-02-22,Aweil South,0.0,0.059,0,dry season,0.0,0.0,141256.8006910938,"No flood expected in Aweil South this week (q50 0.0 km²). Routine monitoring. (Aweil South maps ~141,257 cattle in baseline.)"
2016-02-22,Aweil West,0.0,0.059,0,dry season,0.0,0.0,318964.9515941321,"No flood expected in Aweil West this week (q50 0.0 km²). Routine monitoring. (Aweil West maps ~318,965 cattle in baseline.)"
2016-02-29,Aweil Centre,0.0,0.064,0,dry season,0.0,0.0,364961.8333817694,"No flood expected in Aweil Centre this week (q50 0.0 km²). Routine monitoring. (Aweil Centre maps ~364,962 cattle in baseline.)"
2016-02-29,Aweil East,0.0,0.064,0,dry season,0.0,0.0,505027.7802561831,"No flood expected in Aweil East this week (q50 0.0 km²). Routine monitoring. (Aweil East maps ~505,028 cattle in baseline.)"
2016-02-29,Aweil North,0.0,0.062,0,dry season,0.0,0.0,463800.5038861725,"No flood expected in Aweil North this week (q50 0.0 km²). Routine monitoring. (Aweil North maps ~463,801 cattle in baseline.)"
2016-02-29,Aweil South,0.0,0.065,0,dry season,0.0,0.0,141256.8006910938,"No flood expected in Aweil South this week (q50 0.0 km²). Routine monitoring. (Aweil South maps ~141,257 cattle in baseline.)"
2016-02-29,Aweil West,0.0,0.065,0,dry season,0.0,0.0,318964.9515941321,"No flood expected in Aweil West this week (q50 0.0 km²). Routine monitoring. (Aweil West maps ~318,965 cattle in baseline.)"
2016-03-07,Aweil Centre,0.0,0.056,0,early season (sowing),0.0,0.0,364961.8333817694,"No flood expected in Aweil Centre this week (q50 0.0 km²). Routine monitoring. (Aweil Centre maps ~364,962 cattle in baseline.)"
2016-03-07,Aweil East,0.0,0.055,0,early season (sowing),0.0,0.0,505027.7802561831,"No flood expected in Aweil East this week (q50 0.0 km²). Routine monitoring. (Aweil East maps ~505,028 cattle in baseline.)"
2016-03-07,Aweil North,0.0,0.042,0,early season (sowing),0.0,0.0,463800.5038861725,"No flood expected in Aweil North this week (q50 0.0 km²). Routine monitoring. (Aweil North maps ~463,801 cattle in baseline.)"
2016-03-07,Aweil South,0.0,0.044,0,early season (sowing),0.0,0.0,141256.8006910938,"No flood expected in Aweil South this week (q50 0.0 km²). Routine monitoring. (Aweil South maps ~141,257 cattle in baseline.)"
2016-03-07,Aweil West,0.0,0.047,0,early season (sowing),0.0,0.0,318964.9515941321,"No flood expected in Aweil West this week (q50 0.0 km²). Routine monitoring. (Aweil West maps ~318,965 cattle in baseline.)"
2016-03-14,Aweil Centre,0.0,0.069,0,early season (sowing),0.0,0.0,364961.8333817694,"No flood expected in Aweil Centre this week (q50 0.0 km²). Routine monitoring. (Aweil Centre maps ~364,962 cattle in baseline.)"
2016-03-14,Aweil East,0.0,0.068,0,early season (sowing),0.0,0.0,505027.7802561831,"No flood expected in Aweil East this week (q50 0.0 km²). Routine monitoring. (Aweil East maps ~505,028 cattle in baseline.)"
2016-03-14,Aweil North,0.0,0.051,0,early season (sowing),0.0,0.0,463800.5038861725,"No flood expected in Aweil North this week (q50 0.0 km²). Routine monitoring. (Aweil North maps ~463,801 cattle in baseline.)"
2016-03-14,Aweil South,0.0,0.053,0,early season (sowing),0.0,0.0,141256.8006910938,"No flood expected in Aweil South this week (q50 0.0 km²). Routine monitoring. (Aweil South maps ~141,257 cattle in baseline.)"
2016-03-14,Aweil West,0.0,0.057,0,early season (sowing),0.0,0.0,318964.9515941321,"No flood expected in Aweil West this week (q50 0.0 km²). Routine monitoring. (Aweil West maps ~318,965 cattle in baseline.)"
2016-03-21,Aweil Centre,0.0,0.027,0,early season (sowing),0.0,0.0,364961.8333817694,"No flood expected in Aweil Centre this week (q50 0.0 km²). Routine monitoring. (Aweil Centre maps ~364,962 cattle in baseline.)"
2016-03-21,Aweil East,0.0,0.028,0,early season (sowing),0.0,0.0,505027.7802561831,"No flood expected in Aweil East this week (q50 0.0 km²). Routine monitoring. (Aweil East maps ~505,028 cattle in baseline.)"
2016-03-21,Aweil North,0.0,0.02,0,early season (sowing),0.0,0.0,463800.5038861725,"No flood expected in Aweil North this week (q50 0.0 km²). Routine monitoring. (Aweil North maps ~463,801 cattle in baseline.)"
2016-03-21,Aweil South,0.0,0.02,0,early season (sowing),0.0,0.0,141256.8006910938,"No flood expected in Aweil South this week (q50 0.0 km²). Routine monitoring. (Aweil South maps ~141,257 cattle in baseline.)"
2016-03-21,Aweil West,0.0,0.021,0,early season (sowing),0.0,0.0,318964.9515941321,"No flood expected in Aweil West this week (q50 0.0 km²). Routine monitoring. (Aweil West maps ~318,965 cattle in baseline.)"
2016-03-28,Aweil Centre,0.0,0.072,0,early season (sowing),0.0,0.0,364961.8333817694,"No flood expected in Aweil Centre this week (q50 0.0 km²). Routine monitoring. (Aweil Centre maps ~364,962 cattle in baseline.)"
2016-03-28,Aweil East,0.0,0.07,0,early season (sowing),0.0,0.0,505027.7802561831,"No flood expected in Aweil East this week (q50 0.0 km²). Routine monitoring. (Aweil East maps ~505,028 cattle in baseline.)"
2016-03-28,Aweil North,0.0,0.055,0,early season (sowing),0.0,0.0,463800.5038861725,"No flood expected in Aweil North this week (q50 0.0 km²). Routine monitoring. (Aweil North maps ~463,801 cattle in baseline.)"
2016-03-28,Aweil South,0.0,0.057,0,early season (sowing),0.0,0.0,141256.8006910938,"No flood expected in Aweil South this week (q50 0.0 km²). Routine monitoring. (Aweil South maps ~141,257 cattle in baseline.)"
2016-03-28,Aweil West,0.0,0.06,0,early season (sowing),0.0,0.0,318964.9515941321,"No flood expected in Aweil West this week (q50 0.0 km²). Routine monitoring. (Aweil West maps ~318,965 cattle in baseline.)"
2016-04-04,Aweil Centre,0.0,0.069,0,crop establishment,0.0,0.0,364961.8333817694,"No flood expected in Aweil Centre this week (q50 0.0 km²). Routine monitoring. (Aweil Centre maps ~364,962 cattle in baseline.)"
2016-04-04,Aweil East,0.0,0.066,0,crop establishment,0.0,0.0,505027.7802561831,"No flood expected in Aweil East this week (q50 0.0 km²). Routine monitoring. (Aweil East maps ~505,028 cattle in baseline.)"
2016-04-04,Aweil North,0.0,0.048,0,crop establishment,0.0,0.0,463800.5038861725,"No flood expected in Aweil North this week (q50 0.0 km²). Routine monitoring. (Aweil North maps ~463,801 cattle in baseline.)"
2016-04-04,Aweil South,0.0,0.051,0,crop establishment,0.0,0.0,141256.8006910938,"No flood expected in Aweil South this week (q50 0.0 km²). Routine monitoring. (Aweil South maps ~141,257 cattle in baseline.)"
2016-04-04,Aweil West,0.0,0.053,0,crop establishment,0.0,0.0,318964.9515941321,"No flood expected in Aweil West this week (q50 0.0 km²). Routine monitoring. (Aweil West maps ~318,965 cattle in baseline.)"
2016-04-11,Aweil Centre,0.0,0.062,0,crop establishment,0.0,0.0,364961.8333817694,"No flood expected in Aweil Centre this week (q50 0.0 km²). Routine monitoring. (Aweil Centre maps ~364,962 cattle in baseline.)"
2016-04-11,Aweil East,0.0,0.069,0,crop establishment,0.0,0.0,505027.7802561831,"No flood expected in Aweil East this week (q50 0.0 km²). Routine monitoring. (Aweil East maps ~505,028 cattle in baseline.)"
2016-04-11,Aweil North,0.0,0.048,0,crop establishment,0.0,0.0,463800.5038861725,"No flood expected in Aweil North this week (q50 0.0 km²). Routine monitoring. (Aweil North maps ~463,801 cattle in baseline.)"
2016-04-11,Aweil South,0.0,0.05,0,crop establishment,0.0,0.0,141256.8006910938,"No flood expected in Aweil South this week (q50 0.0 km²). Routine monitoring. (Aweil South maps ~141,257 cattle in baseline.)"
2016-04-11,Aweil West,0.0,0.051,0,crop establishment,0.0,0.0,318964.9515941321,"No flood expected in Aweil West this week (q50 0.0 km²). Routine monitoring. (Aweil West maps ~318,965 cattle in baseline.)"
2016-04-18,Aweil Centre,0.0,0.035,0,crop establishment,0.0,0.0,364961.8333817694,"No flood expected in Aweil Centre this week (q50 0.0 km²). Routine monitoring. (Aweil Centre maps ~364,962 cattle in baseline.)"
2016-04-18,Aweil East,0.0,0.06,0,crop establishment,0.0,0.0,505027.7802561831,"No flood expected in Aweil East this week (q50 0.0 km²). Routine monitoring. (Aweil East maps ~505,028 cattle in baseline.)"
2016-04-18,Aweil North,0.0,0.029,0,crop establishment,0.0,0.0,463800.5038861725,"No flood expected in Aweil North this week (q50 0.0 km²). Routine monitoring. (Aweil North maps ~463,801 cattle in baseline.)"
2016-04-18,Aweil South,0.0,0.03,0,crop establishment,0.0,0.0,141256.8006910938,"No flood expected in Aweil South this week (q50 0.0 km²). Routine monitoring. (Aweil South maps ~141,257 cattle in baseline.)"
2016-04-18,Aweil West,0.0,0.031,0,crop establishment,0.0,0.0,318964.9515941321,"No flood expected in Aweil West this week (q50 0.0 km²). Routine monitoring. (Aweil West maps ~318,965 cattle in baseline.)"
2016-04-25,Aweil Centre,0.0,0.026,0,crop establishment,0.0,0.0,364961.8333817694,"No flood expected in Aweil Centre this week (q50 0.0 km²). Routine monitoring. (Aweil Centre maps ~364,962 cattle in baseline.)"
2016-04-25,Aweil East,0.0,0.035,0,crop establishment,0.0,0.0,505027.7802561831,"No flood expected in Aweil East this week (q50 0.0 km²). Routine monitoring. (Aweil East maps ~505,028 cattle in baseline.)"
2016-04-25,Aweil North,0.0,0.02,0,crop establishment,0.0,0.0,463800.5038861725,"No flood expected in Aweil North this week (q50 0.0 km²). Routine monitoring. (Aweil North maps ~463,801 cattle in baseline.)"
2016-04-25,Aweil South,0.0,0.021,0,crop establishment,0.0,0.0,141256.8006910938,"No flood expected in Aweil South this week (q50 0.0 km²). Routine monitoring. (Aweil South maps ~141,257 cattle in baseline.)"
2016-04-25,Aweil West,0.0,0.023,0,crop establishment,0.0,0.0,318964.9515941321,"No flood expected in Aweil West this week (q50 0.0 km²). Routine monitoring. (Aweil West maps ~318,965 cattle in baseline.)"
2016-05-02,Aweil Centre,0.0,0.049,0,vegetative growth,0.0,0.0,364961.8333817694,"No flood expected in Aweil Centre this week (q50 0.0 km²). Routine monitoring. (Aweil Centre maps ~364,962 cattle in baseline.)"
2016-05-02,Aweil East,0.0,0.075,0,vegetative growth,0.0,0.0,505027.7802561831,"No flood expected in Aweil East this week (q50 0.0 km²). Routine monitoring. (Aweil East maps ~505,028 cattle in baseline.)"
2016-05-02,Aweil North,0.0,0.039,0,vegetative growth,0.0,0.0,463800.5038861725,"No flood expected in Aweil North this week (q50 0.0 km²). Routine monitoring. (Aweil North maps ~463,801 cattle in baseline.)"
2016-05-02,Aweil South,0.0,0.042,0,vegetative growth,0.0,0.0,141256.8006910938,"No flood expected in Aweil South this week (q50 0.0 km²). Routine monitoring. (Aweil South maps ~141,257 cattle in baseline.)"
2016-05-02,Aweil West,0.0,0.041,0,vegetative growth,0.0,0.0,318964.9515941321,"No flood expected in Aweil West this week (q50 0.0 km²). Routine monitoring. (Aweil West maps ~318,965 cattle in baseline.)"
2016-05-09,Aweil Centre,0.0,0.044,0,vegetative growth,0.0,0.0,364961.8333817694,"No flood expected in Aweil Centre this week (q50 0.0 km²). Routine monitoring. (Aweil Centre maps ~364,962 cattle in baseline.)"
2016-05-09,Aweil East,0.0,0.059,0,vegetative growth,0.0,0.0,505027.7802561831,"No flood expected in Aweil East this week (q50 0.0 km²). Routine monitoring. (Aweil East maps ~505,028 cattle in baseline.)"
2016-05-09,Aweil North,0.0,0.034,0,vegetative growth,0.0,0.0,463800.5038861725,"No flood expected in Aweil North this week (q50 0.0 km²). Routine monitoring. (Aweil North maps ~463,801 cattle in baseline.)"
2016-05-09,Aweil South,0.0,0.036,0,vegetative growth,0.0,0.0,141256.8006910938,"No flood expected in Aweil South this week (q50 0.0 km²). Routine monitoring. (Aweil South maps ~141,257 cattle in baseline.)"
2016-05-09,Aweil West,0.0,0.035,0,vegetative growth,0.0,0.0,318964.9515941321,"No flood expected in Aweil West this week (q50 0.0 km²). Routine monitoring. (Aweil West maps ~318,965 cattle in baseline.)"
2016-05-16,Aweil Centre,0.0,0.013,0,vegetative growth,0.0,0.0,364961.8333817694,"No flood expected in Aweil Centre this week (q50 0.0 km²). Routine monitoring. (Aweil Centre maps ~364,962 cattle in baseline.)"
2016-05-16,Aweil East,0.0,0.018,0,vegetative growth,0.0,0.0,505027.7802561831,"No flood expected in Aweil East this week (q50 0.0 km²). Routine monitoring. (Aweil East maps ~505,028 cattle in baseline.)"
2016-05-16,Aweil North,0.0,0.009,0,vegetative growth,0.0,0.0,463800.5038861725,"No flood expected in Aweil North this week (q50 0.0 km²). Routine monitoring. (Aweil North maps ~463,801 cattle in baseline.)"
2016-05-16,Aweil South,0.0,0.01,0,vegetative growth,0.0,0.0,141256.8006910938,"No flood expected in Aweil South this week (q50 0.0 km²). Routine monitoring. (Aweil South maps ~141,257 cattle in baseline.)"
2016-05-16,Aweil West,0.0,0.07,0,vegetative growth,0.0,0.0,318964.9515941321,"No flood expected in Aweil West this week (q50 0.0 km²). Routine monitoring. (Aweil West maps ~318,965 cattle in baseline.)"
2016-05-23,Aweil Centre,0.0,0.011,0,vegetative growth,0.0,0.0,364961.8333817694,"No flood expected in Aweil Centre this week (q50 0.0 km²). Routine monitoring. (Aweil Centre maps ~364,962 cattle in baseline.)"
2016-05-23,Aweil East,0.0,0.014,0,vegetative growth,0.0,0.0,505027.7802561831,"No flood expected in Aweil East this week (q50 0.0 km²). Routine monitoring. (Aweil East maps ~505,028 cattle in baseline.)"
2016-05-23,Aweil North,0.0,0.008,0,vegetative growth,0.0,0.0,463800.5038861725,"No flood expected in Aweil North this week (q50 0.0 km²). Routine monitoring. (Aweil North maps ~463,801 cattle in baseline.)"
2016-05-23,Aweil South,0.0,0.008,0,vegetative growth,0.0,0.0,141256.8006910938,"No flood expected in Aweil South this week (q50 0.0 km²). Routine monitoring. (Aweil South maps ~141,257 cattle in baseline.)"
2016-05-23,Aweil West,0.0,0.008,0,vegetative growth,0.0,0.0,318964.9515941321,"No flood expected in Aweil West this week (q50 0.0 km²). Routine monitoring. (Aweil West maps ~318,965 cattle in baseline.)"
2016-05-30,Aweil Centre,0.0,0.014,0,vegetative growth,0.0,0.0,364961.8333817694,"No flood expected in Aweil Centre this week (q50 0.0 km²). Routine monitoring. (Aweil Centre maps ~364,962 cattle in baseline.)"
2016-05-30,Aweil East,0.0,0.023,0,vegetative growth,0.0,0.0,505027.7802561831,"No flood expected in Aweil East this week (q50 0.0 km²). Routine monitoring. (Aweil East maps ~505,028 cattle in baseline.)"
2016-05-30,Aweil North,0.0,0.01,0,vegetative growth,0.0,0.0,463800.5038861725,"No flood expected in Aweil North this week (q50 0.0 km²). Routine monitoring. (Aweil North maps ~463,801 cattle in baseline.)"
2016-05-30,Aweil South,0.0,0.011,0,vegetative growth,0.0,0.0,141256.8006910938,"No flood expected in Aweil South this week (q50 0.0 km²). Routine monitoring. (Aweil South maps ~141,257 cattle in baseline.)"
2016-05-30,Aweil West,0.0,0.015,0,vegetative growth,0.0,0.0,318964.9515941321,"No flood expected in Aweil West this week (q50 0.0 km²). Routine monitoring. (Aweil West maps ~318,965 cattle in baseline.)"
2016-06-06,Aweil Centre,0.0,0.037,0,vegetative growth (peak),0.0,0.0,364961.8333817694,"No flood expected in Aweil Centre this week (q50 0.0 km²). Routine monitoring. (Aweil Centre maps ~364,962 cattle in baseline.)"
2016-06-06,Aweil East,0.0,0.068,0,vegetative growth (peak),0.0,0.0,505027.7802561831,"No flood expected in Aweil East this week (q50 0.0 km²). Routine monitoring. (Aweil East maps ~505,028 cattle in baseline.)"
2016-06-06,Aweil North,0.0,0.03,0,vegetative growth (peak),0.0,0.0,463800.5038861725,"No flood expected in Aweil North this week (q50 0.0 km²). Routine monitoring. (Aweil North maps ~463,801 cattle in baseline.)"
2016-06-06,Aweil South,0.0,0.033,0,vegetative growth (peak),0.0,0.0,141256.8006910938,"No flood expected in Aweil South this week (q50 0.0 km²). Routine monitoring. (Aweil South maps ~141,257 cattle in baseline.)"
2016-06-06,Aweil West,0.0,0.035,0,vegetative growth (peak),0.0,0.0,318964.9515941321,"No flood expected in Aweil West this week (q50 0.0 km²). Routine monitoring. (Aweil West maps ~318,965 cattle in baseline.)"
2016-06-13,Aweil Centre,0.0,0.022,0,vegetative growth (peak),0.0,0.0,364961.8333817694,"No flood expected in Aweil Centre this week (q50 0.0 km²). Routine monitoring. (Aweil Centre maps ~364,962 cattle in baseline.)"
2016-06-13,Aweil East,0.0,0.037,0,vegetative growth (peak),0.0,0.0,505027.7802561831,"No flood expected in Aweil East this week (q50 0.0 km²). Routine monitoring. (Aweil East maps ~505,028 cattle in baseline.)"
2016-06-13,Aweil North,0.0,0.018,0,vegetative growth (peak),0.0,0.0,463800.5038861725,"No flood expected in Aweil North this week (q50 0.0 km²). Routine monitoring. (Aweil North maps ~463,801 cattle in baseline.)"
2016-06-13,Aweil South,0.0,0.018,0,vegetative growth (peak),0.0,0.0,141256.8006910938,"No flood expected in Aweil South this week (q50 0.0 km²). Routine monitoring. (Aweil South maps ~141,257 cattle in baseline.)"
2016-06-13,Aweil West,0.0,0.021,0,vegetative growth (peak),0.0,0.0,318964.9515941321,"No flood expected in Aweil West this week (q50 0.0 km²). Routine monitoring. (Aweil West maps ~318,965 cattle in baseline.)"
2016-06-20,Aweil Centre,0.0,0.021,0,vegetative growth (peak),0.0,0.0,364961.8333817694,"No flood expected in Aweil Centre this week (q50 0.0 km²). Routine monitoring. (Aweil Centre maps ~364,962 cattle in baseline.)"
2016-06-20,Aweil East,0.0,0.034,0,vegetative growth (peak),0.0,0.0,505027.7802561831,"No flood expected in Aweil East this week (q50 0.0 km²). Routine monitoring. (Aweil East maps ~505,028 cattle in baseline.)"
2016-06-20,Aweil North,0.0,0.015,0,vegetative growth (peak),0.0,0.0,463800.5038861725,"No flood expected in Aweil North this week (q50 0.0 km²). Routine monitoring. (Aweil North maps ~463,801 cattle in baseline.)"
2016-06-20,Aweil South,0.0,0.015,0,vegetative growth (peak),0.0,0.0,141256.8006910938,"No flood expected in Aweil South this week (q50 0.0 km²). Routine monitoring. (Aweil South maps ~141,257 cattle in baseline.)"
2016-06-20,Aweil West,0.0,0.016,0,vegetative growth (peak),0.0,0.0,318964.9515941321,"No flood expected in Aweil West this week (q50 0.0 km²). Routine monitoring. (Aweil West maps ~318,965 cattle in baseline.)"
2016-06-27,Aweil Centre,0.0,0.017,0,vegetative growth (peak),0.0,0.0,364961.8333817694,"No flood expected in Aweil Centre this week (q50 0.0 km²). Routine monitoring. (Aweil Centre maps ~364,962 cattle in baseline.)"
2016-06-27,Aweil East,0.0,0.031,0,vegetative growth (peak),0.0,0.0,505027.7802561831,"No flood expected in Aweil East this week (q50 0.0 km²). Routine monitoring. (Aweil East maps ~505,028 cattle in baseline.)"
2016-06-27,Aweil North,0.0,0.013,0,vegetative growth (peak),0.0,0.0,463800.5038861725,"No flood expected in Aweil North this week (q50 0.0 km²). Routine monitoring. (Aweil North maps ~463,801 cattle in baseline.)"
2016-06-27,Aweil South,0.0,0.014,0,vegetative growth (peak),0.0,0.0,141256.8006910938,"No flood expected in Aweil South this week (q50 0.0 km²). Routine monitoring. (Aweil South maps ~141,257 cattle in baseline.)"
2016-06-27,Aweil West,0.0,0.015,0,vegetative growth (peak),0.0,0.0,318964.9515941321,"No flood expected in Aweil West this week (q50 0.0 km²). Routine monitoring. (Aweil West maps ~318,965 cattle in baseline.)"
2016-07-04,Aweil Centre,0.0,0.021,0,vegetative growth (peak),0.0,0.0,364961.8333817694,"No flood expected in Aweil Centre this week (q50 0.0 km²). Routine monitoring. (Aweil Centre maps ~364,962 cattle in baseline.)"
2016-07-04,Aweil East,0.0,0.03,0,vegetative growth (peak),0.0,0.0,505027.7802561831,"No flood expected in Aweil East this week (q50 0.0 km²). Routine monitoring. (Aweil East maps ~505,028 cattle in baseline.)"
2016-07-04,Aweil North,0.0,0.013,0,vegetative growth (peak),0.0,0.0,463800.5038861725,"No flood expected in Aweil North this week (q50 0.0 km²). Routine monitoring. (Aweil North maps ~463,801 cattle in baseline.)"
2016-07-04,Aweil South,0.0,0.014,0,vegetative growth (peak),0.0,0.0,141256.8006910938,"No flood expected in Aweil South this week (q50 0.0 km²). Routine monitoring. (Aweil South maps ~141,257 cattle in baseline.)"
2016-07-04,Aweil West,0.0,0.016,0,vegetative growth (peak),0.0,0.0,318964.9515941321,"No flood expected in Aweil West this week (q50 0.0 km²). Routine monitoring. (Aweil West maps ~318,965 cattle in baseline.)"
2016-07-11,Aweil Centre,0.0,0.019,0,vegetative growth (peak),0.0,0.0,364961.8333817694,"No flood expected in Aweil Centre this week (q50 0.0 km²). Routine monitoring. (Aweil Centre maps ~364,962 cattle in baseline.)"
2016-07-11,Aweil East,0.0,0.027,0,vegetative growth (peak),0.0,0.0,505027.7802561831,"No flood expected in Aweil East this week (q50 0.0 km²). Routine monitoring. (Aweil East maps ~505,028 cattle in baseline.)"
2016-07-11,Aweil North,0.0,0.011,0,vegetative growth (peak),0.0,0.0,463800.5038861725,"No flood expected in Aweil North this week (q50 0.0 km²). Routine monitoring. (Aweil North maps ~463,801 cattle in baseline.)"
2016-07-11,Aweil South,0.0,0.013,0,vegetative growth (peak),0.0,0.0,141256.8006910938,"No flood expected in Aweil South this week (q50 0.0 km²). Routine monitoring. (Aweil South maps ~141,257 cattle in baseline.)"
2016-07-11,Aweil West,0.0,0.014,0,vegetative growth (peak),0.0,0.0,318964.9515941321,"No flood expected in Aweil West this week (q50 0.0 km²). Routine monitoring. (Aweil West maps ~318,965 cattle in baseline.)"
2016-07-18,Aweil Centre,0.0,0.031,0,vegetative growth (peak),0.0,0.0,364961.8333817694,"No flood expected in Aweil Centre this week (q50 0.0 km²). Routine monitoring. (Aweil Centre maps ~364,962 cattle in baseline.)"
2016-07-18,Aweil East,0.16,0.636,2,vegetative growth (peak),0.0,0.0,505027.7802561831,"High flood risk in Aweil East this week: q50 0.2 km², above most July weeks since 2000. Vegetative growth (peak): crops are at peak water demand — short flooding can be tolerated, sustained submergence is not. (Aweil East maps ~505,028 cattle in baseline.)"
2016-07-18,Aweil North,0.0,0.022,0,vegetative growth (peak),0.0,0.0,463800.5038861725,"No flood expected in Aweil North this week (q50 0.0 km²). Routine monitoring. (Aweil North maps ~463,801 cattle in baseline.)"
2016-07-18,Aweil South,0.0,0.026,0,vegetative growth (peak),0.0,0.0,141256.8006910938,"No flood expected in Aweil South this week (q50 0.0 km²). Routine monitoring. (Aweil South maps ~141,257 cattle in baseline.)"
2016-07-18,Aweil West,0.0,0.031,0,vegetative growth (peak),0.0,0.0,318964.9515941321,"No flood expected in Aweil West this week (q50 0.0 km²). Routine monitoring. (Aweil West maps ~318,965 cattle in baseline.)"
2016-07-25,Aweil Centre,0.0,0.026,0,vegetative growth (peak),0.0,0.0,364961.8333817694,"No flood expected in Aweil Centre this week (q50 0.0 km²). Routine monitoring. (Aweil Centre maps ~364,962 cattle in baseline.)"
2016-07-25,Aweil East,0.02,0.12,0,vegetative growth (peak),0.0,0.0,505027.7802561831,"No flood expected in Aweil East this week (q50 0.0 km²). Routine monitoring. (Aweil East maps ~505,028 cattle in baseline.)"
2016-07-25,Aweil North,0.0,0.02,0,vegetative growth (peak),0.0,0.0,463800.5038861725,"No flood expected in Aweil North this week (q50 0.0 km²). Routine monitoring. (Aweil North maps ~463,801 cattle in baseline.)"
2016-07-25,Aweil South,0.0,0.024,0,vegetative growth (peak),0.0,0.0,141256.8006910938,"No flood expected in Aweil South this week (q50 0.0 km²). Routine monitoring. (Aweil South maps ~141,257 cattle in baseline.)"
2016-07-25,Aweil West,0.0,0.029,0,vegetative growth (peak),0.0,0.0,318964.9515941321,"No flood expected in Aweil West this week (q50 0.0 km²). Routine monitoring. (Aweil West maps ~318,965 cattle in baseline.)"
2016-08-01,Aweil Centre,0.0,0.087,0,maturation,0.0,0.0,364961.8333817694,"No flood expected in Aweil Centre this week (q50 0.0 km²). Routine monitoring. (Aweil Centre maps ~364,962 cattle in baseline.)"
2016-08-01,Aweil East,2.21,0.884,0,maturation,0.0,0.0,505027.7802561831,"SEVERE flood expected in Aweil East this week: q50 2.2 km², above the 95th percentile of all August weeks since 2000. (Aweil East maps ~505,028 cattle in baseline.)"
2016-08-01,Aweil North,0.0,0.04,0,maturation,0.0,0.0,463800.5038861725,"No flood expected in Aweil North this week (q50 0.0 km²). Routine monitoring. (Aweil North maps ~463,801 cattle in baseline.)"
2016-08-01,Aweil South,0.0,0.046,0,maturation,0.0,0.0,141256.8006910938,"No flood expected in Aweil South this week (q50 0.0 km²). Routine monitoring. (Aweil South maps ~141,257 cattle in baseline.)"
2016-08-01,Aweil West,0.02,0.229,0,maturation,0.0,0.0,318964.9515941321,"No flood expected in Aweil West this week (q50 0.0 km²). Routine monitoring. (Aweil West maps ~318,965 cattle in baseline.)"
2016-08-08,Aweil Centre,0.0,0.153,0,maturation,0.0,0.0,364961.8333817694,"No flood expected in Aweil Centre this week (q50 0.0 km²). Routine monitoring. (Aweil Centre maps ~364,962 cattle in baseline.)"
2016-08-08,Aweil East,0.07,0.803,0,maturation,0.0,0.0,505027.7802561831,"SEVERE flood expected in Aweil East this week: q50 0.1 km², above the 95th percentile of all August weeks since 2000. (Aweil East maps ~505,028 cattle in baseline.)"
2016-08-08,Aweil North,0.0,0.071,0,maturation,0.0,0.0,463800.5038861725,"No flood expected in Aweil North this week (q50 0.0 km²). Routine monitoring. (Aweil North maps ~463,801 cattle in baseline.)"
2016-08-08,Aweil South,0.0,0.083,0,maturation,0.0,0.0,141256.8006910938,"No flood expected in Aweil South this week (q50 0.0 km²). Routine monitoring. (Aweil South maps ~141,257 cattle in baseline.)"
2016-08-08,Aweil West,0.0,0.129,0,maturation,0.0,0.0,318964.9515941321,"No flood expected in Aweil West this week (q50 0.0 km²). Routine monitoring. (Aweil West maps ~318,965 cattle in baseline.)"
2016-08-15,Aweil Centre,0.19,0.844,0,maturation,0.0,0.0,364961.8333817694,"SEVERE flood expected in Aweil Centre this week: q50 0.2 km², above the 95th percentile of all August weeks since 2000. (Aweil Centre maps ~364,962 cattle in baseline.)"
2016-08-15,Aweil East,0.05,0.779,0,maturation,0.0,0.0,505027.7802561831,"SEVERE flood expected in Aweil East this week: q50 0.0 km², above the 95th percentile of all August weeks since 2000. (Aweil East maps ~505,028 cattle in baseline.)"
2016-08-15,Aweil North,0.0,0.237,0,maturation,0.0,0.0,463800.5038861725,"No flood expected in Aweil North this week (q50 0.0 km²). Routine monitoring. (Aweil North maps ~463,801 cattle in baseline.)"
2016-08-15,Aweil South,0.0,0.269,0,maturation,0.0,0.0,141256.8006910938,"No flood expected in Aweil South this week (q50 0.0 km²). Routine monitoring. (Aweil South maps ~141,257 cattle in baseline.)"
2016-08-15,Aweil West,0.0,0.422,0,maturation,0.0,0.0,318964.9515941321,"No flood expected in Aweil West this week (q50 0.0 km²). Routine monitoring. (Aweil West maps ~318,965 cattle in baseline.)"
2016-08-22,Aweil Centre,2.21,0.918,2,maturation,0.0,0.0,364961.8333817694,"High flood risk in Aweil Centre this week: q50 2.2 km², above most August weeks since 2000. Maturation: grain is filling; flooding now damages the yield that is already banked. (Aweil Centre maps ~364,962 cattle in baseline.)"
2016-08-22,Aweil East,0.05,0.69,0,maturation,0.0,0.0,505027.7802561831,"SEVERE flood expected in Aweil East this week: q50 0.0 km², above the 95th percentile of all August weeks since 2000. (Aweil East maps ~505,028 cattle in baseline.)"
2016-08-22,Aweil North,0.0,0.122,0,maturation,0.0,0.0,463800.5038861725,"No flood expected in Aweil North this week (q50 0.0 km²). Routine monitoring. (Aweil North maps ~463,801 cattle in baseline.)"
2016-08-22,Aweil South,0.0,0.157,0,maturation,0.0,0.0,141256.8006910938,"No flood expected in Aweil South this week (q50 0.0 km²). Routine monitoring. (Aweil South maps ~141,257 cattle in baseline.)"
2016-08-22,Aweil West,0.19,0.757,0,maturation,0.0,0.0,318964.9515941321,"SEVERE flood expected in Aweil West this week: q50 0.2 km², above the 95th percentile of all August weeks since 2000. (Aweil West maps ~318,965 cattle in baseline.)"
2016-08-29,Aweil Centre,2.21,0.915,2,maturation,0.0,0.0,364961.8333817694,"High flood risk in Aweil Centre this week: q50 2.2 km², above most August weeks since 2000. Maturation: grain is filling; flooding now damages the yield that is already banked. (Aweil Centre maps ~364,962 cattle in baseline.)"
2016-08-29,Aweil East,2.21,0.905,0,maturation,0.0,0.0,505027.7802561831,"SEVERE flood expected in Aweil East this week: q50 2.2 km², above the 95th percentile of all August weeks since 2000. (Aweil East maps ~505,028 cattle in baseline.)"
2016-08-29,Aweil North,0.0,0.062,0,maturation,0.0,0.0,463800.5038861725,"No flood expected in Aweil North this week (q50 0.0 km²). Routine monitoring. (Aweil North maps ~463,801 cattle in baseline.)"
2016-08-29,Aweil South,0.06,0.571,0,maturation,0.0,0.0,141256.8006910938,"SEVERE flood expected in Aweil South this week: q50 0.1 km², above the 95th percentile of all August weeks since 2000. (Aweil South maps ~141,257 cattle in baseline.)"
2016-08-29,Aweil West,2.21,0.906,3,maturation,0.0,0.0,318964.9515941321,"SEVERE flood expected in Aweil West this week: q50 2.2 km², above the 95th percentile of all August weeks since 2000. Maturation: grain is filling; flooding now damages the yield that is already banked. (Aweil West maps ~318,965 cattle in baseline.)"
2016-09-05,Aweil Centre,0.04,0.586,0,maturation / grain filling,0.0,4.0,364961.8333817694,"SEVERE flood expected in Aweil Centre this week: q50 0.0 km², above the 95th percentile of all September weeks since 2000. Approx. 4 ha of rangeland at risk; plan early herd movement. (Aweil Centre maps ~364,962 cattle in baseline.)"
2016-09-05,Aweil East,0.47,0.824,0,maturation / grain filling,1.2,49.2,505027.7802561831,"SEVERE flood expected in Aweil East this week: q50 0.5 km², above the 95th percentile of all September weeks since 2000. Approx. 1 ha of mapped crops in the Aweil East floodplain are at risk. Approx. 49 ha of rangeland at risk; plan early herd movement. (Aweil East maps ~505,028 cattle in baseline.)"
2016-09-05,Aweil North,0.0,0.092,0,maturation / grain filling,0.0,0.0,463800.5038861725,"No flood expected in Aweil North this week (q50 0.0 km²). Routine monitoring. (Aweil North maps ~463,801 cattle in baseline.)"
2016-09-05,Aweil South,0.04,0.209,0,maturation / grain filling,0.7,18.8,141256.8006910938,"No flood expected in Aweil South this week (q50 0.0 km²). Routine monitoring. Approx. 19 ha of rangeland at risk; plan early herd movement. (Aweil South maps ~141,257 cattle in baseline.)"
2016-09-05,Aweil West,0.06,0.525,0,maturation / grain filling,0.4,24.0,318964.9515941321,"SEVERE flood expected in Aweil West this week: q50 0.1 km², above the 95th percentile of all September weeks since 2000. Approx. 24 ha of rangeland at risk; plan early herd movement. (Aweil West maps ~318,965 cattle in baseline.)"
2016-09-12,Aweil Centre,0.0,0.407,0,maturation / grain filling,0.0,0.0,364961.8333817694,"No flood expected in Aweil Centre this week (q50 0.0 km²). Routine monitoring. (Aweil Centre maps ~364,962 cattle in baseline.)"
2016-09-12,Aweil East,0.05,0.715,0,maturation / grain filling,0.1,5.8,505027.7802561831,"SEVERE flood expected in Aweil East this week: q50 0.1 km², above the 95th percentile of all September weeks since 2000. Approx. 6 ha of rangeland at risk; plan early herd movement. (Aweil East maps ~505,028 cattle in baseline.)"
2016-09-12,Aweil North,0.0,0.136,0,maturation / grain filling,0.0,0.0,463800.5038861725,"No flood expected in Aweil North this week (q50 0.0 km²). Routine monitoring. (Aweil North maps ~463,801 cattle in baseline.)"
2016-09-12,Aweil South,0.05,0.442,0,maturation / grain filling,1.0,25.6,141256.8006910938,"No flood expected in Aweil South this week (q50 0.0 km²). Routine monitoring. Approx. 26 ha of rangeland at risk; plan early herd movement. (Aweil South maps ~141,257 cattle in baseline.)"
2016-09-12,Aweil West,0.05,0.543,0,maturation / grain filling,0.3,20.5,318964.9515941321,"SEVERE flood expected in Aweil West this week: q50 0.1 km², above the 95th percentile of all September weeks since 2000. Approx. 20 ha of rangeland at risk; plan early herd movement. (Aweil West maps ~318,965 cattle in baseline.)"
2016-09-19,Aweil Centre,0.04,0.6,0,maturation / grain filling,0.0,4.5,364961.8333817694,"SEVERE flood expected in Aweil Centre this week: q50 0.0 km², above the 95th percentile of all September weeks since 2000. Approx. 5 ha of rangeland at risk; plan early herd movement. (Aweil Centre maps ~364,962 cattle in baseline.)"
2016-09-19,Aweil East,0.18,0.769,0,maturation / grain filling,0.5,19.2,505027.7802561831,"SEVERE flood expected in Aweil East this week: q50 0.2 km², above the 95th percentile of all September weeks since 2000. Approx. 19 ha of rangeland at risk; plan early herd movement. (Aweil East maps ~505,028 cattle in baseline.)"
2016-09-19,Aweil North,0.0,0.114,0,maturation / grain filling,0.0,0.0,463800.5038861725,"No flood expected in Aweil North this week (q50 0.0 km²). Routine monitoring. (Aweil North maps ~463,801 cattle in baseline.)"
2016-09-19,Aweil South,0.04,0.572,0,maturation / grain filling,0.8,22.7,141256.8006910938,"SEVERE flood expected in Aweil South this week: q50 0.0 km², above the 95th percentile of all September weeks since 2000. Approx. 23 ha of rangeland at risk; plan early herd movement. (Aweil South maps ~141,257 cattle in baseline.)"
2016-09-19,Aweil West,0.06,0.557,0,maturation / grain filling,0.4,22.3,318964.9515941321,"SEVERE flood expected in Aweil West this week: q50 0.1 km², above the 95th percentile of all September weeks since 2000. Approx. 22 ha of rangeland at risk; plan early herd movement. (Aweil West maps ~318,965 cattle in baseline.)"
2016-09-26,Aweil Centre,0.0,0.233,0,maturation / grain filling,0.0,0.0,364961.8333817694,"No flood expected in Aweil Centre this week (q50 0.0 km²). Routine monitoring. (Aweil Centre maps ~364,962 cattle in baseline.)"
2016-09-26,Aweil East,1.71,0.954,0,maturation / grain filling,4.4,180.7,505027.7802561831,"SEVERE flood expected in Aweil East this week: q50 1.7 km², above the 95th percentile of all September weeks since 2000. Approx. 4 ha of mapped crops in the Aweil East floodplain are at risk. Approx. 181 ha of rangeland at risk; plan early herd movement. (Aweil East maps ~505,028 cattle in baseline.)"
2016-09-26,Aweil North,0.0,0.107,0,maturation / grain filling,0.0,0.0,463800.5038861725,"No flood expected in Aweil North this week (q50 0.0 km²). Routine monitoring. (Aweil North maps ~463,801 cattle in baseline.)"
2016-09-26,Aweil South,1.23,0.829,0,maturation / grain filling,24.4,654.5,141256.8006910938,"SEVERE flood expected in Aweil South this week: q50 1.2 km², above the 95th percentile of all September weeks since 2000. Approx. 24 ha of mapped crops in the Aweil South floodplain are at risk. Approx. 655 ha of rangeland at risk; plan early herd movement. (Aweil South maps ~141,257 cattle in baseline.)"
2016-09-26,Aweil West,0.19,0.729,0,maturation / grain filling,1.2,77.2,318964.9515941321,"SEVERE flood expected in Aweil West this week: q50 0.2 km², above the 95th percentile of all September weeks since 2000. Approx. 1 ha of mapped crops in the Aweil West floodplain are at risk. Approx. 77 ha of rangeland at risk; plan early herd movement. (Aweil West maps ~318,965 cattle in baseline.)"
2016-10-03,Aweil Centre,0.0,0.354,0,harvest,0.0,0.0,364961.8333817694,"No flood expected in Aweil Centre this week (q50 0.0 km²). Routine monitoring. (Aweil Centre maps ~364,962 cattle in baseline.)"
2016-10-03,Aweil East,0.07,0.801,0,harvest,0.8,9.6,505027.7802561831,"SEVERE flood expected in Aweil East this week: q50 0.1 km², above the 95th percentile of all October weeks since 2000. Approx. 10 ha of rangeland at risk; plan early herd movement. (Aweil East maps ~505,028 cattle in baseline.)"
2016-10-03,Aweil North,0.0,0.148,0,harvest,0.0,0.0,463800.5038861725,"No flood expected in Aweil North this week (q50 0.0 km²). Routine monitoring. (Aweil North maps ~463,801 cattle in baseline.)"
2016-10-03,Aweil South,1.71,0.957,0,harvest,37.8,599.3,141256.8006910938,"SEVERE flood expected in Aweil South this week: q50 1.7 km², above the 95th percentile of all October weeks since 2000. Approx. 38 ha of mapped crops in the Aweil South floodplain are at risk. Approx. 599 ha of rangeland at risk; plan early herd movement. (Aweil South maps ~141,257 cattle in baseline.)"
2016-10-03,Aweil West,0.06,0.715,0,harvest,0.6,28.4,318964.9515941321,"SEVERE flood expected in Aweil West this week: q50 0.1 km², above the 95th percentile of all October weeks since 2000. Approx. 28 ha of rangeland at risk; plan early herd movement. (Aweil West maps ~318,965 cattle in baseline.)"
2016-10-10,Aweil Centre,0.0,0.258,0,harvest,0.0,0.0,364961.8333817694,"No flood expected in Aweil Centre this week (q50 0.0 km²). Routine monitoring. (Aweil Centre maps ~364,962 cattle in baseline.)"
2016-10-10,Aweil East,0.0,0.585,0,harvest,0.0,0.0,505027.7802561831,"SEVERE flood expected in Aweil East this week: q50 0.0 km², above the 95th percentile of all October weeks since 2000. (Aweil East maps ~505,028 cattle in baseline.)"
2016-10-10,Aweil North,0.0,0.088,0,harvest,0.0,0.0,463800.5038861725,"No flood expected in Aweil North this week (q50 0.0 km²). Routine monitoring. (Aweil North maps ~463,801 cattle in baseline.)"
2016-10-10,Aweil South,1.69,0.957,0,harvest,37.4,592.5,141256.8006910938,"SEVERE flood expected in Aweil South this week: q50 1.7 km², above the 95th percentile of all October weeks since 2000. Approx. 37 ha of mapped crops in the Aweil South floodplain are at risk. Approx. 592 ha of rangeland at risk; plan early herd movement. (Aweil South maps ~141,257 cattle in baseline.)"
2016-10-10,Aweil West,0.02,0.41,0,harvest,0.2,7.2,318964.9515941321,"No flood expected in Aweil West this week (q50 0.0 km²). Routine monitoring. Approx. 7 ha of rangeland at risk; plan early herd movement. (Aweil West maps ~318,965 cattle in baseline.)"
2016-10-17,Aweil Centre,0.0,0.391,0,harvest,0.0,0.0,364961.8333817694,"No flood expected in Aweil Centre this week (q50 0.0 km²). Routine monitoring. (Aweil Centre maps ~364,962 cattle in baseline.)"
2016-10-17,Aweil East,0.01,0.751,0,harvest,0.1,1.6,505027.7802561831,"SEVERE flood expected in Aweil East this week: q50 0.0 km², above the 95th percentile of all October weeks since 2000. Approx. 2 ha of rangeland at risk; plan early herd movement. (Aweil East maps ~505,028 cattle in baseline.)"
2016-10-17,Aweil North,0.0,0.175,0,harvest,0.0,0.0,463800.5038861725,"No flood expected in Aweil North this week (q50 0.0 km²). Routine monitoring. (Aweil North maps ~463,801 cattle in baseline.)"
2016-10-17,Aweil South,1.7,0.955,0,harvest,37.5,593.9,141256.8006910938,"SEVERE flood expected in Aweil South this week: q50 1.7 km², above the 95th percentile of all October weeks since 2000. Approx. 37 ha of mapped crops in the Aweil South floodplain are at risk. Approx. 594 ha of rangeland at risk; plan early herd movement. (Aweil South maps ~141,257 cattle in baseline.)"
2016-10-17,Aweil West,0.15,0.761,0,harvest,1.5,71.1,318964.9515941321,"SEVERE flood expected in Aweil West this week: q50 0.2 km², above the 95th percentile of all October weeks since 2000. Approx. 2 ha of mapped crops in the Aweil West floodplain are at risk. Approx. 71 ha of rangeland at risk; plan early herd movement. (Aweil West maps ~318,965 cattle in baseline.)"
2016-10-24,Aweil Centre,0.0,0.312,0,harvest,0.0,0.0,364961.8333817694,"No flood expected in Aweil Centre this week (q50 0.0 km²). Routine monitoring. (Aweil Centre maps ~364,962 cattle in baseline.)"
2016-10-24,Aweil East,0.01,0.604,0,harvest,0.1,1.4,505027.7802561831,"SEVERE flood expected in Aweil East this week: q50 0.0 km², above the 95th percentile of all October weeks since 2000. Approx. 1 ha of rangeland at risk; plan early herd movement. (Aweil East maps ~505,028 cattle in baseline.)"
2016-10-24,Aweil North,0.0,0.123,0,harvest,0.0,0.0,463800.5038861725,"No flood expected in Aweil North this week (q50 0.0 km²). Routine monitoring. (Aweil North maps ~463,801 cattle in baseline.)"
2016-10-24,Aweil South,1.7,0.959,0,harvest,37.5,593.9,141256.8006910938,"SEVERE flood expected in Aweil South this week: q50 1.7 km², above the 95th percentile of all October weeks since 2000. Approx. 37 ha of mapped crops in the Aweil South floodplain are at risk. Approx. 594 ha of rangeland at risk; plan early herd movement. (Aweil South maps ~141,257 cattle in baseline.)"
2016-10-24,Aweil West,0.16,0.738,0,harvest,1.6,74.1,318964.9515941321,"SEVERE flood expected in Aweil West this week: q50 0.2 km², above the 95th percentile of all October weeks since 2000. Approx. 2 ha of mapped crops in the Aweil West floodplain are at risk. Approx. 74 ha of rangeland at risk; plan early herd movement. (Aweil West maps ~318,965 cattle in baseline.)"
2016-10-31,Aweil Centre,0.0,0.301,0,harvest,0.0,0.0,364961.8333817694,"No flood expected in Aweil Centre this week (q50 0.0 km²). Routine monitoring. (Aweil Centre maps ~364,962 cattle in baseline.)"
2016-10-31,Aweil East,0.01,0.589,0,harvest,0.1,1.0,505027.7802561831,"SEVERE flood expected in Aweil East this week: q50 0.0 km², above the 95th percentile of all October weeks since 2000. Approx. 1 ha of rangeland at risk; plan early herd movement. (Aweil East maps ~505,028 cattle in baseline.)"
2016-10-31,Aweil North,0.0,0.096,0,harvest,0.0,0.0,463800.5038861725,"No flood expected in Aweil North this week (q50 0.0 km²). Routine monitoring. (Aweil North maps ~463,801 cattle in baseline.)"
2016-10-31,Aweil South,1.7,0.96,0,harvest,37.5,593.9,141256.8006910938,"SEVERE flood expected in Aweil South this week: q50 1.7 km², above the 95th percentile of all October weeks since 2000. Approx. 37 ha of mapped crops in the Aweil South floodplain are at risk. Approx. 594 ha of rangeland at risk; plan early herd movement. (Aweil South maps ~141,257 cattle in baseline.)"
2016-10-31,Aweil West,0.16,0.68,0,harvest,1.6,72.8,318964.9515941321,"SEVERE flood expected in Aweil West this week: q50 0.2 km², above the 95th percentile of all October weeks since 2000. Approx. 2 ha of mapped crops in the Aweil West floodplain are at risk. Approx. 73 ha of rangeland at risk; plan early herd movement. (Aweil West maps ~318,965 cattle in baseline.)"
2016-11-07,Aweil Centre,0.0,0.282,0,harvest / drying,0.0,0.0,364961.8333817694,"No flood expected in Aweil Centre this week (q50 0.0 km²). Routine monitoring. (Aweil Centre maps ~364,962 cattle in baseline.)"
2016-11-07,Aweil East,0.0,0.496,0,harvest / drying,0.0,0.0,505027.7802561831,"No flood expected in Aweil East this week (q50 0.0 km²). Routine monitoring. (Aweil East maps ~505,028 cattle in baseline.)"
2016-11-07,Aweil North,0.0,0.116,0,harvest / drying,0.0,0.0,463800.5038861725,"No flood expected in Aweil North this week (q50 0.0 km²). Routine monitoring. (Aweil North maps ~463,801 cattle in baseline.)"
2016-11-07,Aweil South,0.16,0.905,0,harvest / drying,2.8,44.4,141256.8006910938,"SEVERE flood expected in Aweil South this week: q50 0.2 km², above the 95th percentile of all November weeks since 2000. Approx. 3 ha of mapped crops in the Aweil South floodplain are at risk. Approx. 44 ha of rangeland at risk; plan early herd movement. (Aweil South maps ~141,257 cattle in baseline.)"
2016-11-07,Aweil West,0.02,0.6,0,harvest / drying,0.8,34.2,318964.9515941321,"SEVERE flood expected in Aweil West this week: q50 0.0 km², above the 95th percentile of all November weeks since 2000. Approx. 34 ha of rangeland at risk; plan early herd movement. (Aweil West maps ~318,965 cattle in baseline.)"
2016-11-14,Aweil Centre,0.0,0.27,0,harvest / drying,0.0,0.0,364961.8333817694,"No flood expected in Aweil Centre this week (q50 0.0 km²). Routine monitoring. (Aweil Centre maps ~364,962 cattle in baseline.)"
2016-11-14,Aweil East,0.01,0.51,0,harvest / drying,0.1,1.5,505027.7802561831,"SEVERE flood expected in Aweil East this week: q50 0.0 km², above the 95th percentile of all November weeks since 2000. Approx. 2 ha of rangeland at risk; plan early herd movement. (Aweil East maps ~505,028 cattle in baseline.)"
2016-11-14,Aweil North,0.0,0.113,0,harvest / drying,0.0,0.0,463800.5038861725,"No flood expected in Aweil North this week (q50 0.0 km²). Routine monitoring. (Aweil North maps ~463,801 cattle in baseline.)"
2016-11-14,Aweil South,0.02,0.567,0,harvest / drying,0.3,5.4,141256.8006910938,"SEVERE flood expected in Aweil South this week: q50 0.0 km², above the 95th percentile of all November weeks since 2000. Approx. 5 ha of rangeland at risk; plan early herd movement. (Aweil South maps ~141,257 cattle in baseline.)"
2016-11-14,Aweil West,0.01,0.488,0,harvest / drying,0.7,28.6,318964.9515941321,"No flood expected in Aweil West this week (q50 0.0 km²). Routine monitoring. Approx. 29 ha of rangeland at risk; plan early herd movement. (Aweil West maps ~318,965 cattle in baseline.)"
2016-11-21,Aweil Centre,0.0,0.297,0,harvest / drying,0.0,0.0,364961.8333817694,"No flood expected in Aweil Centre this week (q50 0.0 km²). Routine monitoring. (Aweil Centre maps ~364,962 cattle in baseline.)"
2016-11-21,Aweil East,0.0,0.379,0,harvest / drying,0.0,0.0,505027.7802561831,"No flood expected in Aweil East this week (q50 0.0 km²). Routine monitoring. (Aweil East maps ~505,028 cattle in baseline.)"
2016-11-21,Aweil North,0.0,0.137,0,harvest / drying,0.0,0.0,463800.5038861725,"No flood expected in Aweil North this week (q50 0.0 km²). Routine monitoring. (Aweil North maps ~463,801 cattle in baseline.)"
2016-11-21,Aweil South,0.0,0.36,0,harvest / drying,0.0,0.0,141256.8006910938,"No flood expected in Aweil South this week (q50 0.0 km²). Routine monitoring. (Aweil South maps ~141,257 cattle in baseline.)"
2016-11-21,Aweil West,0.01,0.474,0,harvest / drying,0.3,13.4,318964.9515941321,"No flood expected in Aweil West this week (q50 0.0 km²). Routine monitoring. Approx. 13 ha of rangeland at risk; plan early herd movement. (Aweil West maps ~318,965 cattle in baseline.)"
2016-11-28,Aweil Centre,0.15,0.63,0,harvest / drying,0.0,22.9,364961.8333817694,"SEVERE flood expected in Aweil Centre this week: q50 0.2 km², above the 95th percentile of all November weeks since 2000. Approx. 23 ha of rangeland at risk; plan early herd movement. (Aweil Centre maps ~364,962 cattle in baseline.)"
2016-11-28,Aweil East,0.0,0.315,0,harvest / drying,0.0,0.0,505027.7802561831,"No flood expected in Aweil East this week (q50 0.0 km²). Routine monitoring. (Aweil East maps ~505,028 cattle in baseline.)"
2016-11-28,Aweil North,0.0,0.127,0,harvest / drying,0.0,0.0,463800.5038861725,"No flood expected in Aweil North this week (q50 0.0 km²). Routine monitoring. (Aweil North maps ~463,801 cattle in baseline.)"
2016-11-28,Aweil South,0.0,0.181,0,harvest / drying,0.0,0.0,141256.8006910938,"No flood expected in Aweil South this week (q50 0.0 km²). Routine monitoring. (Aweil South maps ~141,257 cattle in baseline.)"
2016-11-28,Aweil West,0.0,0.239,0,harvest / drying,0.0,0.0,318964.9515941321,"No flood expected in Aweil West this week (q50 0.0 km²). Routine monitoring. (Aweil West maps ~318,965 cattle in baseline.)"
2016-12-05,Aweil Centre,0.03,0.728,0,dry season,0.0,15.1,364961.8333817694,"SEVERE flood expected in Aweil Centre this week: q50 0.0 km², above the 95th percentile of all December weeks since 2000. Approx. 15 ha of rangeland at risk; plan early herd movement. (Aweil Centre maps ~364,962 cattle in baseline.)"
2016-12-05,Aweil East,0.0,0.117,0,dry season,0.0,0.0,505027.7802561831,"No flood expected in Aweil East this week (q50 0.0 km²). Routine monitoring. (Aweil East maps ~505,028 cattle in baseline.)"
2016-12-05,Aweil North,0.0,0.071,0,dry season,0.0,0.0,463800.5038861725,"No flood expected in Aweil North this week (q50 0.0 km²). Routine monitoring. (Aweil North maps ~463,801 cattle in baseline.)"
2016-12-05,Aweil South,0.0,0.078,0,dry season,0.0,0.0,141256.8006910938,"No flood expected in Aweil South this week (q50 0.0 km²). Routine monitoring. (Aweil South maps ~141,257 cattle in baseline.)"
2016-12-05,Aweil West,0.0,0.07,0,dry season,0.0,0.0,318964.9515941321,"No flood expected in Aweil West this week (q50 0.0 km²). Routine monitoring. (Aweil West maps ~318,965 cattle in baseline.)"
2016-12-12,Aweil Centre,0.02,0.299,0,dry season,0.0,10.0,364961.8333817694,"No flood expected in Aweil Centre this week (q50 0.0 km²). Routine monitoring. Approx. 10 ha of rangeland at risk; plan early herd movement. (Aweil Centre maps ~364,962 cattle in baseline.)"
2016-12-12,Aweil East,0.0,0.453,0,dry season,0.6,12.2,505027.7802561831,"No flood expected in Aweil East this week (q50 0.0 km²). Routine monitoring. Approx. 12 ha of rangeland at risk; plan early herd movement. (Aweil East maps ~505,028 cattle in baseline.)"
2016-12-12,Aweil North,0.0,0.062,0,dry season,0.0,0.0,463800.5038861725,"No flood expected in Aweil North this week (q50 0.0 km²). Routine monitoring. (Aweil North maps ~463,801 cattle in baseline.)"
2016-12-12,Aweil South,0.0,0.064,0,dry season,0.0,0.0,141256.8006910938,"No flood expected in Aweil South this week (q50 0.0 km²). Routine monitoring. (Aweil South maps ~141,257 cattle in baseline.)"
2016-12-12,Aweil West,0.0,0.058,0,dry season,0.0,0.0,318964.9515941321,"No flood expected in Aweil West this week (q50 0.0 km²). Routine monitoring. (Aweil West maps ~318,965 cattle in baseline.)"
2016-12-19,Aweil Centre,0.0,0.113,0,dry season,0.0,0.0,364961.8333817694,"No flood expected in Aweil Centre this week (q50 0.0 km²). Routine monitoring. (Aweil Centre maps ~364,962 cattle in baseline.)"
2016-12-19,Aweil East,0.0,0.225,0,dry season,0.6,11.7,505027.7802561831,"No flood expected in Aweil East this week (q50 0.0 km²). Routine monitoring. Approx. 12 ha of rangeland at risk; plan early herd movement. (Aweil East maps ~505,028 cattle in baseline.)"
2016-12-19,Aweil North,0.0,0.056,0,dry season,0.0,0.0,463800.5038861725,"No flood expected in Aweil North this week (q50 0.0 km²). Routine monitoring. (Aweil North maps ~463,801 cattle in baseline.)"
2016-12-19,Aweil South,0.0,0.058,0,dry season,0.0,0.0,141256.8006910938,"No flood expected in Aweil South this week (q50 0.0 km²). Routine monitoring. (Aweil South maps ~141,257 cattle in baseline.)"
2016-12-19,Aweil West,0.0,0.054,0,dry season,0.0,0.0,318964.9515941321,"No flood expected in Aweil West this week (q50 0.0 km²). Routine monitoring. (Aweil West maps ~318,965 cattle in baseline.)"
2016-12-26,Aweil Centre,0.0,0.075,0,dry season,0.0,0.0,364961.8333817694,"No flood expected in Aweil Centre this week (q50 0.0 km²). Routine monitoring. (Aweil Centre maps ~364,962 cattle in baseline.)"
2016-12-26,Aweil East,0.0,0.135,0,dry season,0.0,0.0,505027.7802561831,"No flood expected in Aweil East this week (q50 0.0 km²). Routine monitoring. (Aweil East maps ~505,028 cattle in baseline.)"
2016-12-26,Aweil North,0.0,0.059,0,dry season,0.0,0.0,463800.5038861725,"No flood expected in Aweil North this week (q50 0.0 km²). Routine monitoring. (Aweil North maps ~463,801 cattle in baseline.)"
2016-12-26,Aweil South,0.0,0.061,0,dry season,0.0,0.0,141256.8006910938,"No flood expected in Aweil South this week (q50 0.0 km²). Routine monitoring. (Aweil South maps ~141,257 cattle in baseline.)"
2016-12-26,Aweil West,0.0,0.057,0,dry season,0.0,0.0,318964.9515941321,"No flood expected in Aweil West this week (q50 0.0 km²). Routine monitoring. (Aweil West maps ~318,965 cattle in baseline.)"
2017-01-02,Aweil Centre,0.0,0.069,0,dry season (late phase),0.0,0.0,364961.8333817694,"No flood expected in Aweil Centre this week (q50 0.0 km²). Routine monitoring. (Aweil Centre maps ~364,962 cattle in baseline.)"
2017-01-02,Aweil East,0.0,0.075,0,dry season (late phase),0.0,0.0,505027.7802561831,"No flood expected in Aweil East this week (q50 0.0 km²). Routine monitoring. (Aweil East maps ~505,028 cattle in baseline.)"
2017-01-02,Aweil North,0.0,0.075,0,dry season (late phase),0.0,0.0,463800.5038861725,"No flood expected in Aweil North this week (q50 0.0 km²). Routine monitoring. (Aweil North maps ~463,801 cattle in baseline.)"
2017-01-02,Aweil South,0.0,0.047,0,dry season (late phase),0.0,0.0,141256.8006910938,"No flood expected in Aweil South this week (q50 0.0 km²). Routine monitoring. (Aweil South maps ~141,257 cattle in baseline.)"
2017-01-02,Aweil West,0.0,0.047,0,dry season (late phase),0.0,0.0,318964.9515941321,"No flood expected in Aweil West this week (q50 0.0 km²). Routine monitoring. (Aweil West maps ~318,965 cattle in baseline.)"
2017-01-09,Aweil Centre,0.0,0.075,0,dry season (late phase),0.0,0.0,364961.8333817694,"No flood expected in Aweil Centre this week (q50 0.0 km²). Routine monitoring. (Aweil Centre maps ~364,962 cattle in baseline.)"
2017-01-09,Aweil East,0.0,0.068,0,dry season (late phase),0.0,0.0,505027.7802561831,"No flood expected in Aweil East this week (q50 0.0 km²). Routine monitoring. (Aweil East maps ~505,028 cattle in baseline.)"
2017-01-09,Aweil North,0.0,0.084,0,dry season (late phase),0.0,0.0,463800.5038861725,"No flood expected in Aweil North this week (q50 0.0 km²). Routine monitoring. (Aweil North maps ~463,801 cattle in baseline.)"
2017-01-09,Aweil South,0.0,0.063,0,dry season (late phase),0.0,0.0,141256.8006910938,"No flood expected in Aweil South this week (q50 0.0 km²). Routine monitoring. (Aweil South maps ~141,257 cattle in baseline.)"
2017-01-09,Aweil West,0.0,0.063,0,dry season (late phase),0.0,0.0,318964.9515941321,"No flood expected in Aweil West this week (q50 0.0 km²). Routine monitoring. (Aweil West maps ~318,965 cattle in baseline.)"
2017-01-16,Aweil Centre,0.0,0.254,0,dry season (late phase),0.0,0.0,364961.8333817694,"No flood expected in Aweil Centre this week (q50 0.0 km²). Routine monitoring. (Aweil Centre maps ~364,962 cattle in baseline.)"
2017-01-16,Aweil East,0.0,0.065,0,dry season (late phase),0.0,0.0,505027.7802561831,"No flood expected in Aweil East this week (q50 0.0 km²). Routine monitoring. (Aweil East maps ~505,028 cattle in baseline.)"
2017-01-16,Aweil North,0.0,0.081,0,dry season (late phase),0.0,0.0,463800.5038861725,"No flood expected in Aweil North this week (q50 0.0 km²). Routine monitoring. (Aweil North maps ~463,801 cattle in baseline.)"
2017-01-16,Aweil South,0.0,0.06,0,dry season (late phase),0.0,0.0,141256.8006910938,"No flood expected in Aweil South this week (q50 0.0 km²). Routine monitoring. (Aweil South maps ~141,257 cattle in baseline.)"
2017-01-16,Aweil West,0.0,0.06,0,dry season (late phase),0.0,0.0,318964.9515941321,"No flood expected in Aweil West this week (q50 0.0 km²). Routine monitoring. (Aweil West maps ~318,965 cattle in baseline.)"
2017-01-23,Aweil Centre,0.0,0.081,0,dry season (late phase),0.0,0.0,364961.8333817694,"No flood expected in Aweil Centre this week (q50 0.0 km²). Routine monitoring. (Aweil Centre maps ~364,962 cattle in baseline.)"
2017-01-23,Aweil East,0.0,0.072,0,dry season (late phase),0.0,0.0,505027.7802561831,"No flood expected in Aweil East this week (q50 0.0 km²). Routine monitoring. (Aweil East maps ~505,028 cattle in baseline.)"
2017-01-23,Aweil North,0.0,0.06,0,dry season (late phase),0.0,0.0,463800.5038861725,"No flood expected in Aweil North this week (q50 0.0 km²). Routine monitoring. (Aweil North maps ~463,801 cattle in baseline.)"
2017-01-23,Aweil South,0.0,0.063,0,dry season (late phase),0.0,0.0,141256.8006910938,"No flood expected in Aweil South this week (q50 0.0 km²). Routine monitoring. (Aweil South maps ~141,257 cattle in baseline.)"
2017-01-23,Aweil West,0.0,0.063,0,dry season (late phase),0.0,0.0,318964.9515941321,"No flood expected in Aweil West this week (q50 0.0 km²). Routine monitoring. (Aweil West maps ~318,965 cattle in baseline.)"
2017-01-30,Aweil Centre,0.0,0.07,0,dry season (late phase),0.0,0.0,364961.8333817694,"No flood expected in Aweil Centre this week (q50 0.0 km²). Routine monitoring. (Aweil Centre maps ~364,962 cattle in baseline.)"
2017-01-30,Aweil East,0.0,0.066,0,dry season (late phase),0.0,0.0,505027.7802561831,"No flood expected in Aweil East this week (q50 0.0 km²). Routine monitoring. (Aweil East maps ~505,028 cattle in baseline.)"
2017-01-30,Aweil North,0.0,0.048,0,dry season (late phase),0.0,0.0,463800.5038861725,"No flood expected in Aweil North this week (q50 0.0 km²). Routine monitoring. (Aweil North maps ~463,801 cattle in baseline.)"
2017-01-30,Aweil South,0.0,0.051,0,dry season (late phase),0.0,0.0,141256.8006910938,"No flood expected in Aweil South this week (q50 0.0 km²). Routine monitoring. (Aweil South maps ~141,257 cattle in baseline.)"
2017-01-30,Aweil West,0.0,0.057,0,dry season (late phase),0.0,0.0,318964.9515941321,"No flood expected in Aweil West this week (q50 0.0 km²). Routine monitoring. (Aweil West maps ~318,965 cattle in baseline.)"
2017-02-06,Aweil Centre,0.0,0.078,0,dry season,0.0,0.0,364961.8333817694,"No flood expected in Aweil Centre this week (q50 0.0 km²). Routine monitoring. (Aweil Centre maps ~364,962 cattle in baseline.)"
2017-02-06,Aweil East,0.0,0.07,0,dry season,0.0,0.0,505027.7802561831,"No flood expected in Aweil East this week (q50 0.0 km²). Routine monitoring. (Aweil East maps ~505,028 cattle in baseline.)"
2017-02-06,Aweil North,0.0,0.056,0,dry season,0.0,0.0,463800.5038861725,"No flood expected in Aweil North this week (q50 0.0 km²). Routine monitoring. (Aweil North maps ~463,801 cattle in baseline.)"
2017-02-06,Aweil South,0.0,0.058,0,dry season,0.0,0.0,141256.8006910938,"No flood expected in Aweil South this week (q50 0.0 km²). Routine monitoring. (Aweil South maps ~141,257 cattle in baseline.)"
2017-02-06,Aweil West,0.0,0.058,0,dry season,0.0,0.0,318964.9515941321,"No flood expected in Aweil West this week (q50 0.0 km²). Routine monitoring. (Aweil West maps ~318,965 cattle in baseline.)"
2017-02-13,Aweil Centre,0.0,0.064,0,dry season,0.0,0.0,364961.8333817694,"No flood expected in Aweil Centre this week (q50 0.0 km²). Routine monitoring. (Aweil Centre maps ~364,962 cattle in baseline.)"
2017-02-13,Aweil East,0.0,0.06,0,dry season,0.0,0.0,505027.7802561831,"No flood expected in Aweil East this week (q50 0.0 km²). Routine monitoring. (Aweil East maps ~505,028 cattle in baseline.)"
2017-02-13,Aweil North,0.0,0.058,0,dry season,0.0,0.0,463800.5038861725,"No flood expected in Aweil North this week (q50 0.0 km²). Routine monitoring. (Aweil North maps ~463,801 cattle in baseline.)"
2017-02-13,Aweil South,0.0,0.061,0,dry season,0.0,0.0,141256.8006910938,"No flood expected in Aweil South this week (q50 0.0 km²). Routine monitoring. (Aweil South maps ~141,257 cattle in baseline.)"
2017-02-13,Aweil West,0.0,0.061,0,dry season,0.0,0.0,318964.9515941321,"No flood expected in Aweil West this week (q50 0.0 km²). Routine monitoring. (Aweil West maps ~318,965 cattle in baseline.)"
2017-02-20,Aweil Centre,0.0,0.087,0,dry season,0.0,0.0,364961.8333817694,"No flood expected in Aweil Centre this week (q50 0.0 km²). Routine monitoring. (Aweil Centre maps ~364,962 cattle in baseline.)"
2017-02-20,Aweil East,0.0,0.087,0,dry season,0.0,0.0,505027.7802561831,"No flood expected in Aweil East this week (q50 0.0 km²). Routine monitoring. (Aweil East maps ~505,028 cattle in baseline.)"
2017-02-20,Aweil North,0.0,0.075,0,dry season,0.0,0.0,463800.5038861725,"No flood expected in Aweil North this week (q50 0.0 km²). Routine monitoring. (Aweil North maps ~463,801 cattle in baseline.)"
2017-02-20,Aweil South,0.0,0.079,0,dry season,0.0,0.0,141256.8006910938,"No flood expected in Aweil South this week (q50 0.0 km²). Routine monitoring. (Aweil South maps ~141,257 cattle in baseline.)"
2017-02-20,Aweil West,0.0,0.087,0,dry season,0.0,0.0,318964.9515941321,"No flood expected in Aweil West this week (q50 0.0 km²). Routine monitoring. (Aweil West maps ~318,965 cattle in baseline.)"
2017-02-27,Aweil Centre,0.0,0.079,0,dry season,0.0,0.0,364961.8333817694,"No flood expected in Aweil Centre this week (q50 0.0 km²). Routine monitoring. (Aweil Centre maps ~364,962 cattle in baseline.)"
2017-02-27,Aweil East,0.0,0.079,0,dry season,0.0,0.0,505027.7802561831,"No flood expected in Aweil East this week (q50 0.0 km²). Routine monitoring. (Aweil East maps ~505,028 cattle in baseline.)"
2017-02-27,Aweil North,0.0,0.076,0,dry season,0.0,0.0,463800.5038861725,"No flood expected in Aweil North this week (q50 0.0 km²). Routine monitoring. (Aweil North maps ~463,801 cattle in baseline.)"
2017-02-27,Aweil South,0.0,0.08,0,dry season,0.0,0.0,141256.8006910938,"No flood expected in Aweil South this week (q50 0.0 km²). Routine monitoring. (Aweil South maps ~141,257 cattle in baseline.)"
2017-02-27,Aweil West,0.0,0.08,0,dry season,0.0,0.0,318964.9515941321,"No flood expected in Aweil West this week (q50 0.0 km²). Routine monitoring. (Aweil West maps ~318,965 cattle in baseline.)"
2017-03-06,Aweil Centre,0.0,0.082,0,early season (sowing),0.0,0.0,364961.8333817694,"No flood expected in Aweil Centre this week (q50 0.0 km²). Routine monitoring. (Aweil Centre maps ~364,962 cattle in baseline.)"
2017-03-06,Aweil East,0.0,0.082,0,early season (sowing),0.0,0.0,505027.7802561831,"No flood expected in Aweil East this week (q50 0.0 km²). Routine monitoring. (Aweil East maps ~505,028 cattle in baseline.)"
2017-03-06,Aweil North,0.0,0.073,0,early season (sowing),0.0,0.0,463800.5038861725,"No flood expected in Aweil North this week (q50 0.0 km²). Routine monitoring. (Aweil North maps ~463,801 cattle in baseline.)"
2017-03-06,Aweil South,0.0,0.076,0,early season (sowing),0.0,0.0,141256.8006910938,"No flood expected in Aweil South this week (q50 0.0 km²). Routine monitoring. (Aweil South maps ~141,257 cattle in baseline.)"
2017-03-06,Aweil West,0.0,0.081,0,early season (sowing),0.0,0.0,318964.9515941321,"No flood expected in Aweil West this week (q50 0.0 km²). Routine monitoring. (Aweil West maps ~318,965 cattle in baseline.)"
2017-03-13,Aweil Centre,0.0,0.082,0,early season (sowing),0.0,0.0,364961.8333817694,"No flood expected in Aweil Centre this week (q50 0.0 km²). Routine monitoring. (Aweil Centre maps ~364,962 cattle in baseline.)"
2017-03-13,Aweil East,0.0,0.082,0,early season (sowing),0.0,0.0,505027.7802561831,"No flood expected in Aweil East this week (q50 0.0 km²). Routine monitoring. (Aweil East maps ~505,028 cattle in baseline.)"
2017-03-13,Aweil North,0.0,0.075,0,early season (sowing),0.0,0.0,463800.5038861725,"No flood expected in Aweil North this week (q50 0.0 km²). Routine monitoring. (Aweil North maps ~463,801 cattle in baseline.)"
2017-03-13,Aweil South,0.0,0.079,0,early season (sowing),0.0,0.0,141256.8006910938,"No flood expected in Aweil South this week (q50 0.0 km²). Routine monitoring. (Aweil South maps ~141,257 cattle in baseline.)"
2017-03-13,Aweil West,0.0,0.083,0,early season (sowing),0.0,0.0,318964.9515941321,"No flood expected in Aweil West this week (q50 0.0 km²). Routine monitoring. (Aweil West maps ~318,965 cattle in baseline.)"
2017-03-20,Aweil Centre,0.0,0.087,0,early season (sowing),0.0,0.0,364961.8333817694,"No flood expected in Aweil Centre this week (q50 0.0 km²). Routine monitoring. (Aweil Centre maps ~364,962 cattle in baseline.)"
2017-03-20,Aweil East,0.0,0.087,0,early season (sowing),0.0,0.0,505027.7802561831,"No flood expected in Aweil East this week (q50 0.0 km²). Routine monitoring. (Aweil East maps ~505,028 cattle in baseline.)"
2017-03-20,Aweil North,0.0,0.078,0,early season (sowing),0.0,0.0,463800.5038861725,"No flood expected in Aweil North this week (q50 0.0 km²). Routine monitoring. (Aweil North maps ~463,801 cattle in baseline.)"
2017-03-20,Aweil South,0.0,0.082,0,early season (sowing),0.0,0.0,141256.8006910938,"No flood expected in Aweil South this week (q50 0.0 km²). Routine monitoring. (Aweil South maps ~141,257 cattle in baseline.)"
2017-03-20,Aweil West,0.0,0.087,0,early season (sowing),0.0,0.0,318964.9515941321,"No flood expected in Aweil West this week (q50 0.0 km²). Routine monitoring. (Aweil West maps ~318,965 cattle in baseline.)"
2017-03-27,Aweil Centre,0.0,0.075,0,early season (sowing),0.0,0.0,364961.8333817694,"No flood expected in Aweil Centre this week (q50 0.0 km²). Routine monitoring. (Aweil Centre maps ~364,962 cattle in baseline.)"
2017-03-27,Aweil East,0.0,0.08,0,early season (sowing),0.0,0.0,505027.7802561831,"No flood expected in Aweil East this week (q50 0.0 km²). Routine monitoring. (Aweil East maps ~505,028 cattle in baseline.)"
2017-03-27,Aweil North,0.0,0.07,0,early season (sowing),0.0,0.0,463800.5038861725,"No flood expected in Aweil North this week (q50 0.0 km²). Routine monitoring. (Aweil North maps ~463,801 cattle in baseline.)"
2017-03-27,Aweil South,0.0,0.073,0,early season (sowing),0.0,0.0,141256.8006910938,"No flood expected in Aweil South this week (q50 0.0 km²). Routine monitoring. (Aweil South maps ~141,257 cattle in baseline.)"
2017-03-27,Aweil West,0.0,0.078,0,early season (sowing),0.0,0.0,318964.9515941321,"No flood expected in Aweil West this week (q50 0.0 km²). Routine monitoring. (Aweil West maps ~318,965 cattle in baseline.)"
2017-04-03,Aweil Centre,0.0,0.075,0,crop establishment,0.0,0.0,364961.8333817694,"No flood expected in Aweil Centre this week (q50 0.0 km²). Routine monitoring. (Aweil Centre maps ~364,962 cattle in baseline.)"
2017-04-03,Aweil East,0.0,0.08,0,crop establishment,0.0,0.0,505027.7802561831,"No flood expected in Aweil East this week (q50 0.0 km²). Routine monitoring. (Aweil East maps ~505,028 cattle in baseline.)"
2017-04-03,Aweil North,0.0,0.065,0,crop establishment,0.0,0.0,463800.5038861725,"No flood expected in Aweil North this week (q50 0.0 km²). Routine monitoring. (Aweil North maps ~463,801 cattle in baseline.)"
2017-04-03,Aweil South,0.0,0.07,0,crop establishment,0.0,0.0,141256.8006910938,"No flood expected in Aweil South this week (q50 0.0 km²). Routine monitoring. (Aweil South maps ~141,257 cattle in baseline.)"
2017-04-03,Aweil West,0.0,0.071,0,crop establishment,0.0,0.0,318964.9515941321,"No flood expected in Aweil West this week (q50 0.0 km²). Routine monitoring. (Aweil West maps ~318,965 cattle in baseline.)"
2017-04-10,Aweil Centre,0.0,0.066,0,crop establishment,0.0,0.0,364961.8333817694,"No flood expected in Aweil Centre this week (q50 0.0 km²). Routine monitoring. (Aweil Centre maps ~364,962 cattle in baseline.)"
2017-04-10,Aweil East,0.0,0.074,0,crop establishment,0.0,0.0,505027.7802561831,"No flood expected in Aweil East this week (q50 0.0 km²). Routine monitoring. (Aweil East maps ~505,028 cattle in baseline.)"
2017-04-10,Aweil North,0.0,0.051,0,crop establishment,0.0,0.0,463800.5038861725,"No flood expected in Aweil North this week (q50 0.0 km²). Routine monitoring. (Aweil North maps ~463,801 cattle in baseline.)"
2017-04-10,Aweil South,0.0,0.054,0,crop establishment,0.0,0.0,141256.8006910938,"No flood expected in Aweil South this week (q50 0.0 km²). Routine monitoring. (Aweil South maps ~141,257 cattle in baseline.)"
2017-04-10,Aweil West,0.0,0.055,0,crop establishment,0.0,0.0,318964.9515941321,"No flood expected in Aweil West this week (q50 0.0 km²). Routine monitoring. (Aweil West maps ~318,965 cattle in baseline.)"
2017-04-17,Aweil Centre,0.0,0.036,0,crop establishment,0.0,0.0,364961.8333817694,"No flood expected in Aweil Centre this week (q50 0.0 km²). Routine monitoring. (Aweil Centre maps ~364,962 cattle in baseline.)"
2017-04-17,Aweil East,0.0,0.049,0,crop establishment,0.0,0.0,505027.7802561831,"No flood expected in Aweil East this week (q50 0.0 km²). Routine monitoring. (Aweil East maps ~505,028 cattle in baseline.)"
2017-04-17,Aweil North,0.0,0.024,0,crop establishment,0.0,0.0,463800.5038861725,"No flood expected in Aweil North this week (q50 0.0 km²). Routine monitoring. (Aweil North maps ~463,801 cattle in baseline.)"
2017-04-17,Aweil South,0.0,0.025,0,crop establishment,0.0,0.0,141256.8006910938,"No flood expected in Aweil South this week (q50 0.0 km²). Routine monitoring. (Aweil South maps ~141,257 cattle in baseline.)"
2017-04-17,Aweil West,0.0,0.027,0,crop establishment,0.0,0.0,318964.9515941321,"No flood expected in Aweil West this week (q50 0.0 km²). Routine monitoring. (Aweil West maps ~318,965 cattle in baseline.)"
2017-04-24,Aweil Centre,0.0,0.022,0,crop establishment,0.0,0.0,364961.8333817694,"No flood expected in Aweil Centre this week (q50 0.0 km²). Routine monitoring. (Aweil Centre maps ~364,962 cattle in baseline.)"
2017-04-24,Aweil East,0.0,0.031,0,crop establishment,0.0,0.0,505027.7802561831,"No flood expected in Aweil East this week (q50 0.0 km²). Routine monitoring. (Aweil East maps ~505,028 cattle in baseline.)"
2017-04-24,Aweil North,0.0,0.017,0,crop establishment,0.0,0.0,463800.5038861725,"No flood expected in Aweil North this week (q50 0.0 km²). Routine monitoring. (Aweil North maps ~463,801 cattle in baseline.)"
2017-04-24,Aweil South,0.0,0.018,0,crop establishment,0.0,0.0,141256.8006910938,"No flood expected in Aweil South this week (q50 0.0 km²). Routine monitoring. (Aweil South maps ~141,257 cattle in baseline.)"
2017-04-24,Aweil West,0.0,0.018,0,crop establishment,0.0,0.0,318964.9515941321,"No flood expected in Aweil West this week (q50 0.0 km²). Routine monitoring. (Aweil West maps ~318,965 cattle in baseline.)"
2017-05-01,Aweil Centre,0.0,0.022,0,vegetative growth,0.0,0.0,364961.8333817694,"No flood expected in Aweil Centre this week (q50 0.0 km²). Routine monitoring. (Aweil Centre maps ~364,962 cattle in baseline.)"
2017-05-01,Aweil East,0.0,0.028,0,vegetative growth,0.0,0.0,505027.7802561831,"No flood expected in Aweil East this week (q50 0.0 km²). Routine monitoring. (Aweil East maps ~505,028 cattle in baseline.)"
2017-05-01,Aweil North,0.0,0.017,0,vegetative growth,0.0,0.0,463800.5038861725,"No flood expected in Aweil North this week (q50 0.0 km²). Routine monitoring. (Aweil North maps ~463,801 cattle in baseline.)"
2017-05-01,Aweil South,0.0,0.018,0,vegetative growth,0.0,0.0,141256.8006910938,"No flood expected in Aweil South this week (q50 0.0 km²). Routine monitoring. (Aweil South maps ~141,257 cattle in baseline.)"
2017-05-01,Aweil West,0.0,0.018,0,vegetative growth,0.0,0.0,318964.9515941321,"No flood expected in Aweil West this week (q50 0.0 km²). Routine monitoring. (Aweil West maps ~318,965 cattle in baseline.)"
2017-05-08,Aweil Centre,0.0,0.016,0,vegetative growth,0.0,0.0,364961.8333817694,"No flood expected in Aweil Centre this week (q50 0.0 km²). Routine monitoring. (Aweil Centre maps ~364,962 cattle in baseline.)"
2017-05-08,Aweil East,0.0,0.018,0,vegetative growth,0.0,0.0,505027.7802561831,"No flood expected in Aweil East this week (q50 0.0 km²). Routine monitoring. (Aweil East maps ~505,028 cattle in baseline.)"
2017-05-08,Aweil North,0.0,0.012,0,vegetative growth,0.0,0.0,463800.5038861725,"No flood expected in Aweil North this week (q50 0.0 km²). Routine monitoring. (Aweil North maps ~463,801 cattle in baseline.)"
2017-05-08,Aweil South,0.0,0.012,0,vegetative growth,0.0,0.0,141256.8006910938,"No flood expected in Aweil South this week (q50 0.0 km²). Routine monitoring. (Aweil South maps ~141,257 cattle in baseline.)"
2017-05-08,Aweil West,0.0,0.013,0,vegetative growth,0.0,0.0,318964.9515941321,"No flood expected in Aweil West this week (q50 0.0 km²). Routine monitoring. (Aweil West maps ~318,965 cattle in baseline.)"
2017-05-15,Aweil Centre,0.0,0.019,0,vegetative growth,0.0,0.0,364961.8333817694,"No flood expected in Aweil Centre this week (q50 0.0 km²). Routine monitoring. (Aweil Centre maps ~364,962 cattle in baseline.)"
2017-05-15,Aweil East,0.0,0.023,0,vegetative growth,0.0,0.0,505027.7802561831,"No flood expected in Aweil East this week (q50 0.0 km²). Routine monitoring. (Aweil East maps ~505,028 cattle in baseline.)"
2017-05-15,Aweil North,0.0,0.013,0,vegetative growth,0.0,0.0,463800.5038861725,"No flood expected in Aweil North this week (q50 0.0 km²). Routine monitoring. (Aweil North maps ~463,801 cattle in baseline.)"
2017-05-15,Aweil South,0.0,0.014,0,vegetative growth,0.0,0.0,141256.8006910938,"No flood expected in Aweil South this week (q50 0.0 km²). Routine monitoring. (Aweil South maps ~141,257 cattle in baseline.)"
2017-05-15,Aweil West,0.0,0.015,0,vegetative growth,0.0,0.0,318964.9515941321,"No flood expected in Aweil West this week (q50 0.0 km²). Routine monitoring. (Aweil West maps ~318,965 cattle in baseline.)"
2017-05-22,Aweil Centre,0.0,0.015,0,vegetative growth,0.0,0.0,364961.8333817694,"No flood expected in Aweil Centre this week (q50 0.0 km²). Routine monitoring. (Aweil Centre maps ~364,962 cattle in baseline.)"
2017-05-22,Aweil East,0.0,0.019,0,vegetative growth,0.0,0.0,505027.7802561831,"No flood expected in Aweil East this week (q50 0.0 km²). Routine monitoring. (Aweil East maps ~505,028 cattle in baseline.)"
2017-05-22,Aweil North,0.0,0.011,0,vegetative growth,0.0,0.0,463800.5038861725,"No flood expected in Aweil North this week (q50 0.0 km²). Routine monitoring. (Aweil North maps ~463,801 cattle in baseline.)"
2017-05-22,Aweil South,0.0,0.012,0,vegetative growth,0.0,0.0,141256.8006910938,"No flood expected in Aweil South this week (q50 0.0 km²). Routine monitoring. (Aweil South maps ~141,257 cattle in baseline.)"
2017-05-22,Aweil West,0.0,0.012,0,vegetative growth,0.0,0.0,318964.9515941321,"No flood expected in Aweil West this week (q50 0.0 km²). Routine monitoring. (Aweil West maps ~318,965 cattle in baseline.)"
2017-05-29,Aweil Centre,0.0,0.021,0,vegetative growth,0.0,0.0,364961.8333817694,"No flood expected in Aweil Centre this week (q50 0.0 km²). Routine monitoring. (Aweil Centre maps ~364,962 cattle in baseline.)"
2017-05-29,Aweil East,0.0,0.027,0,vegetative growth,0.0,0.0,505027.7802561831,"No flood expected in Aweil East this week (q50 0.0 km²). Routine monitoring. (Aweil East maps ~505,028 cattle in baseline.)"
2017-05-29,Aweil North,0.0,0.018,0,vegetative growth,0.0,0.0,463800.5038861725,"No flood expected in Aweil North this week (q50 0.0 km²). Routine monitoring. (Aweil North maps ~463,801 cattle in baseline.)"
2017-05-29,Aweil South,0.0,0.02,0,vegetative growth,0.0,0.0,141256.8006910938,"No flood expected in Aweil South this week (q50 0.0 km²). Routine monitoring. (Aweil South maps ~141,257 cattle in baseline.)"
2017-05-29,Aweil West,0.02,0.153,3,vegetative growth,0.0,0.0,318964.9515941321,"SEVERE flood expected in Aweil West this week: q50 0.0 km², above the 95th percentile of all May weeks since 2000. Vegetative growth: crops are at peak water demand — short flooding can be tolerated, sustained submergence is not. (Aweil West maps ~318,965 cattle in baseline.)"
2017-06-05,Aweil Centre,0.0,0.014,0,vegetative growth (peak),0.0,0.0,364961.8333817694,"No flood expected in Aweil Centre this week (q50 0.0 km²). Routine monitoring. (Aweil Centre maps ~364,962 cattle in baseline.)"
2017-06-05,Aweil East,0.0,0.017,0,vegetative growth (peak),0.0,0.0,505027.7802561831,"No flood expected in Aweil East this week (q50 0.0 km²). Routine monitoring. (Aweil East maps ~505,028 cattle in baseline.)"
2017-06-05,Aweil North,0.0,0.012,0,vegetative growth (peak),0.0,0.0,463800.5038861725,"No flood expected in Aweil North this week (q50 0.0 km²). Routine monitoring. (Aweil North maps ~463,801 cattle in baseline.)"
2017-06-05,Aweil South,0.0,0.012,0,vegetative growth (peak),0.0,0.0,141256.8006910938,"No flood expected in Aweil South this week (q50 0.0 km²). Routine monitoring. (Aweil South maps ~141,257 cattle in baseline.)"
2017-06-05,Aweil West,0.0,0.104,0,vegetative growth (peak),0.0,0.0,318964.9515941321,"No flood expected in Aweil West this week (q50 0.0 km²). Routine monitoring. (Aweil West maps ~318,965 cattle in baseline.)"
2017-06-12,Aweil Centre,0.0,0.016,0,vegetative growth (peak),0.0,0.0,364961.8333817694,"No flood expected in Aweil Centre this week (q50 0.0 km²). Routine monitoring. (Aweil Centre maps ~364,962 cattle in baseline.)"
2017-06-12,Aweil East,0.0,0.018,0,vegetative growth (peak),0.0,0.0,505027.7802561831,"No flood expected in Aweil East this week (q50 0.0 km²). Routine monitoring. (Aweil East maps ~505,028 cattle in baseline.)"
2017-06-12,Aweil North,0.0,0.012,0,vegetative growth (peak),0.0,0.0,463800.5038861725,"No flood expected in Aweil North this week (q50 0.0 km²). Routine monitoring. (Aweil North maps ~463,801 cattle in baseline.)"
2017-06-12,Aweil South,0.0,0.013,0,vegetative growth (peak),0.0,0.0,141256.8006910938,"No flood expected in Aweil South this week (q50 0.0 km²). Routine monitoring. (Aweil South maps ~141,257 cattle in baseline.)"
2017-06-12,Aweil West,0.01,0.159,0,vegetative growth (peak),0.0,0.0,318964.9515941321,"No flood expected in Aweil West this week (q50 0.0 km²). Routine monitoring. (Aweil West maps ~318,965 cattle in baseline.)"
2017-06-19,Aweil Centre,0.0,0.015,0,vegetative growth (peak),0.0,0.0,364961.8333817694,"No flood expected in Aweil Centre this week (q50 0.0 km²). Routine monitoring. (Aweil Centre maps ~364,962 cattle in baseline.)"
2017-06-19,Aweil East,0.0,0.019,0,vegetative growth (peak),0.0,0.0,505027.7802561831,"No flood expected in Aweil East this week (q50 0.0 km²). Routine monitoring. (Aweil East maps ~505,028 cattle in baseline.)"
2017-06-19,Aweil North,0.0,0.011,0,vegetative growth (peak),0.0,0.0,463800.5038861725,"No flood expected in Aweil North this week (q50 0.0 km²). Routine monitoring. (Aweil North maps ~463,801 cattle in baseline.)"
2017-06-19,Aweil South,0.0,0.012,0,vegetative growth (peak),0.0,0.0,141256.8006910938,"No flood expected in Aweil South this week (q50 0.0 km²). Routine monitoring. (Aweil South maps ~141,257 cattle in baseline.)"
2017-06-19,Aweil West,0.0,0.04,0,vegetative growth (peak),0.0,0.0,318964.9515941321,"No flood expected in Aweil West this week (q50 0.0 km²). Routine monitoring. (Aweil West maps ~318,965 cattle in baseline.)"
2017-06-26,Aweil Centre,0.0,0.02,0,vegetative growth (peak),0.0,0.0,364961.8333817694,"No flood expected in Aweil Centre this week (q50 0.0 km²). Routine monitoring. (Aweil Centre maps ~364,962 cattle in baseline.)"
2017-06-26,Aweil East,0.0,0.024,0,vegetative growth (peak),0.0,0.0,505027.7802561831,"No flood expected in Aweil East this week (q50 0.0 km²). Routine monitoring. (Aweil East maps ~505,028 cattle in baseline.)"
2017-06-26,Aweil North,0.0,0.015,0,vegetative growth (peak),0.0,0.0,463800.5038861725,"No flood expected in Aweil North this week (q50 0.0 km²). Routine monitoring. (Aweil North maps ~463,801 cattle in baseline.)"
2017-06-26,Aweil South,0.0,0.018,0,vegetative growth (peak),0.0,0.0,141256.8006910938,"No flood expected in Aweil South this week (q50 0.0 km²). Routine monitoring. (Aweil South maps ~141,257 cattle in baseline.)"
2017-06-26,Aweil West,0.0,0.026,0,vegetative growth (peak),0.0,0.0,318964.9515941321,"No flood expected in Aweil West this week (q50 0.0 km²). Routine monitoring. (Aweil West maps ~318,965 cattle in baseline.)"
2017-07-03,Aweil Centre,0.0,0.01,0,vegetative growth (peak),0.0,0.0,364961.8333817694,"No flood expected in Aweil Centre this week (q50 0.0 km²). Routine monitoring. (Aweil Centre maps ~364,962 cattle in baseline.)"
2017-07-03,Aweil East,0.0,0.014,0,vegetative growth (peak),0.0,0.0,505027.7802561831,"No flood expected in Aweil East this week (q50 0.0 km²). Routine monitoring. (Aweil East maps ~505,028 cattle in baseline.)"
2017-07-03,Aweil North,0.0,0.008,0,vegetative growth (peak),0.0,0.0,463800.5038861725,"No flood expected in Aweil North this week (q50 0.0 km²). Routine monitoring. (Aweil North maps ~463,801 cattle in baseline.)"
2017-07-03,Aweil South,0.0,0.008,0,vegetative growth (peak),0.0,0.0,141256.8006910938,"No flood expected in Aweil South this week (q50 0.0 km²). Routine monitoring. (Aweil South maps ~141,257 cattle in baseline.)"
2017-07-03,Aweil West,0.0,0.009,0,vegetative growth (peak),0.0,0.0,318964.9515941321,"No flood expected in Aweil West this week (q50 0.0 km²). Routine monitoring. (Aweil West maps ~318,965 cattle in baseline.)"
2017-07-10,Aweil Centre,0.0,0.012,0,vegetative growth (peak),0.0,0.0,364961.8333817694,"No flood expected in Aweil Centre this week (q50 0.0 km²). Routine monitoring. (Aweil Centre maps ~364,962 cattle in baseline.)"
2017-07-10,Aweil East,0.0,0.015,0,vegetative growth (peak),0.0,0.0,505027.7802561831,"No flood expected in Aweil East this week (q50 0.0 km²). Routine monitoring. (Aweil East maps ~505,028 cattle in baseline.)"
2017-07-10,Aweil North,0.0,0.008,0,vegetative growth (peak),0.0,0.0,463800.5038861725,"No flood expected in Aweil North this week (q50 0.0 km²). Routine monitoring. (Aweil North maps ~463,801 cattle in baseline.)"
2017-07-10,Aweil South,0.0,0.009,0,vegetative growth (peak),0.0,0.0,141256.8006910938,"No flood expected in Aweil South this week (q50 0.0 km²). Routine monitoring. (Aweil South maps ~141,257 cattle in baseline.)"
2017-07-10,Aweil West,0.0,0.01,0,vegetative growth (peak),0.0,0.0,318964.9515941321,"No flood expected in Aweil West this week (q50 0.0 km²). Routine monitoring. (Aweil West maps ~318,965 cattle in baseline.)"
2017-07-17,Aweil Centre,0.0,0.012,0,vegetative growth (peak),0.0,0.0,364961.8333817694,"No flood expected in Aweil Centre this week (q50 0.0 km²). Routine monitoring. (Aweil Centre maps ~364,962 cattle in baseline.)"
2017-07-17,Aweil East,0.0,0.014,0,vegetative growth (peak),0.0,0.0,505027.7802561831,"No flood expected in Aweil East this week (q50 0.0 km²). Routine monitoring. (Aweil East maps ~505,028 cattle in baseline.)"
2017-07-17,Aweil North,0.0,0.007,0,vegetative growth (peak),0.0,0.0,463800.5038861725,"No flood expected in Aweil North this week (q50 0.0 km²). Routine monitoring. (Aweil North maps ~463,801 cattle in baseline.)"
2017-07-17,Aweil South,0.0,0.008,0,vegetative growth (peak),0.0,0.0,141256.8006910938,"No flood expected in Aweil South this week (q50 0.0 km²). Routine monitoring. (Aweil South maps ~141,257 cattle in baseline.)"
2017-07-17,Aweil West,0.0,0.01,0,vegetative growth (peak),0.0,0.0,318964.9515941321,"No flood expected in Aweil West this week (q50 0.0 km²). Routine monitoring. (Aweil West maps ~318,965 cattle in baseline.)"
2017-07-24,Aweil Centre,0.0,0.028,0,vegetative growth (peak),0.0,0.0,364961.8333817694,"No flood expected in Aweil Centre this week (q50 0.0 km²). Routine monitoring. (Aweil Centre maps ~364,962 cattle in baseline.)"
2017-07-24,Aweil East,0.0,0.039,0,vegetative growth (peak),0.0,0.0,505027.7802561831,"No flood expected in Aweil East this week (q50 0.0 km²). Routine monitoring. (Aweil East maps ~505,028 cattle in baseline.)"
2017-07-24,Aweil North,0.0,0.02,0,vegetative growth (peak),0.0,0.0,463800.5038861725,"No flood expected in Aweil North this week (q50 0.0 km²). Routine monitoring. (Aweil North maps ~463,801 cattle in baseline.)"
2017-07-24,Aweil South,0.0,0.024,0,vegetative growth (peak),0.0,0.0,141256.8006910938,"No flood expected in Aweil South this week (q50 0.0 km²). Routine monitoring. (Aweil South maps ~141,257 cattle in baseline.)"
2017-07-24,Aweil West,0.0,0.026,0,vegetative growth (peak),0.0,0.0,318964.9515941321,"No flood expected in Aweil West this week (q50 0.0 km²). Routine monitoring. (Aweil West maps ~318,965 cattle in baseline.)"
2017-07-31,Aweil Centre,0.0,0.052,0,vegetative growth (peak),0.0,0.0,364961.8333817694,"No flood expected in Aweil Centre this week (q50 0.0 km²). Routine monitoring. (Aweil Centre maps ~364,962 cattle in baseline.)"
2017-07-31,Aweil East,0.0,0.074,0,vegetative growth (peak),0.0,0.0,505027.7802561831,"No flood expected in Aweil East this week (q50 0.0 km²). Routine monitoring. (Aweil East maps ~505,028 cattle in baseline.)"
2017-07-31,Aweil North,0.0,0.037,0,vegetative growth (peak),0.0,0.0,463800.5038861725,"No flood expected in Aweil North this week (q50 0.0 km²). Routine monitoring. (Aweil North maps ~463,801 cattle in baseline.)"
2017-07-31,Aweil South,0.0,0.045,0,vegetative growth (peak),0.0,0.0,141256.8006910938,"No flood expected in Aweil South this week (q50 0.0 km²). Routine monitoring. (Aweil South maps ~141,257 cattle in baseline.)"
2017-07-31,Aweil West,0.0,0.051,0,vegetative growth (peak),0.0,0.0,318964.9515941321,"No flood expected in Aweil West this week (q50 0.0 km²). Routine monitoring. (Aweil West maps ~318,965 cattle in baseline.)"
2017-08-07,Aweil Centre,0.0,0.194,0,maturation,0.0,0.0,364961.8333817694,"No flood expected in Aweil Centre this week (q50 0.0 km²). Routine monitoring. (Aweil Centre maps ~364,962 cattle in baseline.)"
2017-08-07,Aweil East,0.0,0.307,0,maturation,0.0,0.0,505027.7802561831,"No flood expected in Aweil East this week (q50 0.0 km²). Routine monitoring. (Aweil East maps ~505,028 cattle in baseline.)"
2017-08-07,Aweil North,0.0,0.087,0,maturation,0.0,0.0,463800.5038861725,"No flood expected in Aweil North this week (q50 0.0 km²). Routine monitoring. (Aweil North maps ~463,801 cattle in baseline.)"
2017-08-07,Aweil South,0.0,0.096,0,maturation,0.0,0.0,141256.8006910938,"No flood expected in Aweil South this week (q50 0.0 km²). Routine monitoring. (Aweil South maps ~141,257 cattle in baseline.)"
2017-08-07,Aweil West,0.0,0.101,0,maturation,0.0,0.0,318964.9515941321,"No flood expected in Aweil West this week (q50 0.0 km²). Routine monitoring. (Aweil West maps ~318,965 cattle in baseline.)"
2017-08-14,Aweil Centre,0.0,0.255,0,maturation,0.0,0.0,364961.8333817694,"No flood expected in Aweil Centre this week (q50 0.0 km²). Routine monitoring. (Aweil Centre maps ~364,962 cattle in baseline.)"
2017-08-14,Aweil East,0.0,0.358,0,maturation,0.0,0.0,505027.7802561831,"No flood expected in Aweil East this week (q50 0.0 km²). Routine monitoring. (Aweil East maps ~505,028 cattle in baseline.)"
2017-08-14,Aweil North,0.0,0.102,0,maturation,0.0,0.0,463800.5038861725,"No flood expected in Aweil North this week (q50 0.0 km²). Routine monitoring. (Aweil North maps ~463,801 cattle in baseline.)"
2017-08-14,Aweil South,0.0,0.123,0,maturation,0.0,0.0,141256.8006910938,"No flood expected in Aweil South this week (q50 0.0 km²). Routine monitoring. (Aweil South maps ~141,257 cattle in baseline.)"
2017-08-14,Aweil West,0.0,0.15,0,maturation,0.0,0.0,318964.9515941321,"No flood expected in Aweil West this week (q50 0.0 km²). Routine monitoring. (Aweil West maps ~318,965 cattle in baseline.)"
2017-08-21,Aweil Centre,0.0,0.153,0,maturation,0.0,0.0,364961.8333817694,"No flood expected in Aweil Centre this week (q50 0.0 km²). Routine monitoring. (Aweil Centre maps ~364,962 cattle in baseline.)"
2017-08-21,Aweil East,0.0,0.205,0,maturation,0.0,0.0,505027.7802561831,"No flood expected in Aweil East this week (q50 0.0 km²). Routine monitoring. (Aweil East maps ~505,028 cattle in baseline.)"
2017-08-21,Aweil North,0.0,0.052,0,maturation,0.0,0.0,463800.5038861725,"No flood expected in Aweil North this week (q50 0.0 km²). Routine monitoring. (Aweil North maps ~463,801 cattle in baseline.)"
2017-08-21,Aweil South,0.0,0.062,0,maturation,0.0,0.0,141256.8006910938,"No flood expected in Aweil South this week (q50 0.0 km²). Routine monitoring. (Aweil South maps ~141,257 cattle in baseline.)"
2017-08-21,Aweil West,0.0,0.072,0,maturation,0.0,0.0,318964.9515941321,"No flood expected in Aweil West this week (q50 0.0 km²). Routine monitoring. (Aweil West maps ~318,965 cattle in baseline.)"
2017-08-28,Aweil Centre,0.0,0.239,0,maturation,0.0,0.0,364961.8333817694,"No flood expected in Aweil Centre this week (q50 0.0 km²). Routine monitoring. (Aweil Centre maps ~364,962 cattle in baseline.)"
2017-08-28,Aweil East,0.0,0.301,0,maturation,0.0,0.0,505027.7802561831,"No flood expected in Aweil East this week (q50 0.0 km²). Routine monitoring. (Aweil East maps ~505,028 cattle in baseline.)"
2017-08-28,Aweil North,0.0,0.093,0,maturation,0.0,0.0,463800.5038861725,"No flood expected in Aweil North this week (q50 0.0 km²). Routine monitoring. (Aweil North maps ~463,801 cattle in baseline.)"
2017-08-28,Aweil South,0.0,0.108,0,maturation,0.0,0.0,141256.8006910938,"No flood expected in Aweil South this week (q50 0.0 km²). Routine monitoring. (Aweil South maps ~141,257 cattle in baseline.)"
2017-08-28,Aweil West,0.0,0.133,0,maturation,0.0,0.0,318964.9515941321,"No flood expected in Aweil West this week (q50 0.0 km²). Routine monitoring. (Aweil West maps ~318,965 cattle in baseline.)"
2017-09-04,Aweil Centre,0.0,0.386,0,maturation / grain filling,0.0,0.0,364961.8333817694,"No flood expected in Aweil Centre this week (q50 0.0 km²). Routine monitoring. (Aweil Centre maps ~364,962 cattle in baseline.)"
2017-09-04,Aweil East,0.0,0.495,0,maturation / grain filling,0.0,0.0,505027.7802561831,"No flood expected in Aweil East this week (q50 0.0 km²). Routine monitoring. (Aweil East maps ~505,028 cattle in baseline.)"
2017-09-04,Aweil North,0.0,0.241,0,maturation / grain filling,0.0,0.0,463800.5038861725,"No flood expected in Aweil North this week (q50 0.0 km²). Routine monitoring. (Aweil North maps ~463,801 cattle in baseline.)"
2017-09-04,Aweil South,0.0,0.282,0,maturation / grain filling,0.0,0.0,141256.8006910938,"No flood expected in Aweil South this week (q50 0.0 km²). Routine monitoring. (Aweil South maps ~141,257 cattle in baseline.)"
2017-09-04,Aweil West,0.0,0.324,0,maturation / grain filling,0.0,0.0,318964.9515941321,"No flood expected in Aweil West this week (q50 0.0 km²). Routine monitoring. (Aweil West maps ~318,965 cattle in baseline.)"
2017-09-11,Aweil Centre,0.0,0.148,0,maturation / grain filling,0.0,0.0,364961.8333817694,"No flood expected in Aweil Centre this week (q50 0.0 km²). Routine monitoring. (Aweil Centre maps ~364,962 cattle in baseline.)"
2017-09-11,Aweil East,0.0,0.209,0,maturation / grain filling,0.0,0.0,505027.7802561831,"No flood expected in Aweil East this week (q50 0.0 km²). Routine monitoring. (Aweil East maps ~505,028 cattle in baseline.)"
2017-09-11,Aweil North,0.0,0.074,0,maturation / grain filling,0.0,0.0,463800.5038861725,"No flood expected in Aweil North this week (q50 0.0 km²). Routine monitoring. (Aweil North maps ~463,801 cattle in baseline.)"
2017-09-11,Aweil South,0.0,0.106,0,maturation / grain filling,0.0,0.0,141256.8006910938,"No flood expected in Aweil South this week (q50 0.0 km²). Routine monitoring. (Aweil South maps ~141,257 cattle in baseline.)"
2017-09-11,Aweil West,0.0,0.136,0,maturation / grain filling,0.0,0.0,318964.9515941321,"No flood expected in Aweil West this week (q50 0.0 km²). Routine monitoring. (Aweil West maps ~318,965 cattle in baseline.)"
2017-09-18,Aweil Centre,0.0,0.131,0,maturation / grain filling,0.0,0.0,364961.8333817694,"No flood expected in Aweil Centre this week (q50 0.0 km²). Routine monitoring. (Aweil Centre maps ~364,962 cattle in baseline.)"
2017-09-18,Aweil East,0.0,0.177,0,maturation / grain filling,0.0,0.0,505027.7802561831,"No flood expected in Aweil East this week (q50 0.0 km²). Routine monitoring. (Aweil East maps ~505,028 cattle in baseline.)"
2017-09-18,Aweil North,0.0,0.06,0,maturation / grain filling,0.0,0.0,463800.5038861725,"No flood expected in Aweil North this week (q50 0.0 km²). Routine monitoring. (Aweil North maps ~463,801 cattle in baseline.)"
2017-09-18,Aweil South,0.0,0.089,0,maturation / grain filling,0.0,0.0,141256.8006910938,"No flood expected in Aweil South this week (q50 0.0 km²). Routine monitoring. (Aweil South maps ~141,257 cattle in baseline.)"
2017-09-18,Aweil West,0.0,0.108,0,maturation / grain filling,0.0,0.0,318964.9515941321,"No flood expected in Aweil West this week (q50 0.0 km²). Routine monitoring. (Aweil West maps ~318,965 cattle in baseline.)"
2017-09-25,Aweil Centre,0.0,0.247,0,maturation / grain filling,0.0,0.0,364961.8333817694,"No flood expected in Aweil Centre this week (q50 0.0 km²). Routine monitoring. (Aweil Centre maps ~364,962 cattle in baseline.)"
2017-09-25,Aweil East,0.0,0.301,0,maturation / grain filling,0.0,0.0,505027.7802561831,"No flood expected in Aweil East this week (q50 0.0 km²). Routine monitoring. (Aweil East maps ~505,028 cattle in baseline.)"
2017-09-25,Aweil North,0.0,0.102,0,maturation / grain filling,0.0,0.0,463800.5038861725,"No flood expected in Aweil North this week (q50 0.0 km²). Routine monitoring. (Aweil North maps ~463,801 cattle in baseline.)"
2017-09-25,Aweil South,0.0,0.129,0,maturation / grain filling,0.0,0.0,141256.8006910938,"No flood expected in Aweil South this week (q50 0.0 km²). Routine monitoring. (Aweil South maps ~141,257 cattle in baseline.)"
2017-09-25,Aweil West,0.0,0.151,0,maturation / grain filling,0.0,0.0,318964.9515941321,"No flood expected in Aweil West this week (q50 0.0 km²). Routine monitoring. (Aweil West maps ~318,965 cattle in baseline.)"
2017-10-02,Aweil Centre,0.0,0.351,0,harvest,0.0,0.0,364961.8333817694,"No flood expected in Aweil Centre this week (q50 0.0 km²). Routine monitoring. (Aweil Centre maps ~364,962 cattle in baseline.)"
2017-10-02,Aweil East,0.46,0.838,0,harvest,5.2,59.2,505027.7802561831,"SEVERE flood expected in Aweil East this week: q50 0.5 km², above the 95th percentile of all October weeks since 2000. Approx. 5 ha of mapped crops in the Aweil East floodplain are at risk. Approx. 59 ha of rangeland at risk; plan early herd movement. (Aweil East maps ~505,028 cattle in baseline.)"
2017-10-02,Aweil North,0.0,0.211,0,harvest,0.0,0.0,463800.5038861725,"No flood expected in Aweil North this week (q50 0.0 km²). Routine monitoring. (Aweil North maps ~463,801 cattle in baseline.)"
2017-10-02,Aweil South,0.0,0.266,0,harvest,0.0,0.0,141256.8006910938,"No flood expected in Aweil South this week (q50 0.0 km²). Routine monitoring. (Aweil South maps ~141,257 cattle in baseline.)"
2017-10-02,Aweil West,0.0,0.3,0,harvest,0.0,0.0,318964.9515941321,"No flood expected in Aweil West this week (q50 0.0 km²). Routine monitoring. (Aweil West maps ~318,965 cattle in baseline.)"
2017-10-09,Aweil Centre,0.0,0.351,0,harvest,0.0,0.0,364961.8333817694,"No flood expected in Aweil Centre this week (q50 0.0 km²). Routine monitoring. (Aweil Centre maps ~364,962 cattle in baseline.)"
2017-10-09,Aweil East,1.23,0.9,0,harvest,13.7,157.6,505027.7802561831,"SEVERE flood expected in Aweil East this week: q50 1.2 km², above the 95th percentile of all October weeks since 2000. Approx. 14 ha of mapped crops in the Aweil East floodplain are at risk. Approx. 158 ha of rangeland at risk; plan early herd movement. (Aweil East maps ~505,028 cattle in baseline.)"
2017-10-09,Aweil North,0.0,0.141,0,harvest,0.0,0.0,463800.5038861725,"No flood expected in Aweil North this week (q50 0.0 km²). Routine monitoring. (Aweil North maps ~463,801 cattle in baseline.)"
2017-10-09,Aweil South,0.0,0.184,0,harvest,0.0,0.0,141256.8006910938,"No flood expected in Aweil South this week (q50 0.0 km²). Routine monitoring. (Aweil South maps ~141,257 cattle in baseline.)"
2017-10-09,Aweil West,0.0,0.208,0,harvest,0.0,0.0,318964.9515941321,"No flood expected in Aweil West this week (q50 0.0 km²). Routine monitoring. (Aweil West maps ~318,965 cattle in baseline.)"
2017-10-16,Aweil Centre,0.0,0.315,0,harvest,0.0,0.0,364961.8333817694,"No flood expected in Aweil Centre this week (q50 0.0 km²). Routine monitoring. (Aweil Centre maps ~364,962 cattle in baseline.)"
2017-10-16,Aweil East,0.04,0.604,0,harvest,0.4,4.5,505027.7802561831,"SEVERE flood expected in Aweil East this week: q50 0.0 km², above the 95th percentile of all October weeks since 2000. Approx. 5 ha of rangeland at risk; plan early herd movement. (Aweil East maps ~505,028 cattle in baseline.)"
2017-10-16,Aweil North,0.0,0.11,0,harvest,0.0,0.0,463800.5038861725,"No flood expected in Aweil North this week (q50 0.0 km²). Routine monitoring. (Aweil North maps ~463,801 cattle in baseline.)"
2017-10-16,Aweil South,0.0,0.138,0,harvest,0.0,0.0,141256.8006910938,"No flood expected in Aweil South this week (q50 0.0 km²). Routine monitoring. (Aweil South maps ~141,257 cattle in baseline.)"
2017-10-16,Aweil West,0.0,0.15,0,harvest,0.0,0.0,318964.9515941321,"No flood expected in Aweil West this week (q50 0.0 km²). Routine monitoring. (Aweil West maps ~318,965 cattle in baseline.)"
2017-10-23,Aweil Centre,0.15,0.641,0,harvest,0.0,6.5,364961.8333817694,"SEVERE flood expected in Aweil Centre this week: q50 0.1 km², above the 95th percentile of all October weeks since 2000. Approx. 7 ha of rangeland at risk; plan early herd movement. (Aweil Centre maps ~364,962 cattle in baseline.)"
2017-10-23,Aweil East,1.69,0.944,0,harvest,18.9,216.9,505027.7802561831,"SEVERE flood expected in Aweil East this week: q50 1.7 km², above the 95th percentile of all October weeks since 2000. Approx. 19 ha of mapped crops in the Aweil East floodplain are at risk. Approx. 217 ha of rangeland at risk; plan early herd movement. (Aweil East maps ~505,028 cattle in baseline.)"
2017-10-23,Aweil North,0.0,0.087,0,harvest,0.0,0.0,463800.5038861725,"No flood expected in Aweil North this week (q50 0.0 km²). Routine monitoring. (Aweil North maps ~463,801 cattle in baseline.)"
2017-10-23,Aweil South,0.15,0.693,0,harvest,3.2,51.2,141256.8006910938,"SEVERE flood expected in Aweil South this week: q50 0.1 km², above the 95th percentile of all October weeks since 2000. Approx. 3 ha of mapped crops in the Aweil South floodplain are at risk. Approx. 51 ha of rangeland at risk; plan early herd movement. (Aweil South maps ~141,257 cattle in baseline.)"
2017-10-23,Aweil West,0.0,0.121,0,harvest,0.0,0.0,318964.9515941321,"No flood expected in Aweil West this week (q50 0.0 km²). Routine monitoring. (Aweil West maps ~318,965 cattle in baseline.)"
2017-10-30,Aweil Centre,0.02,0.454,0,harvest,0.0,1.0,364961.8333817694,"No flood expected in Aweil Centre this week (q50 0.0 km²). Routine monitoring. Approx. 1 ha of rangeland at risk; plan early herd movement. (Aweil Centre maps ~364,962 cattle in baseline.)"
2017-10-30,Aweil East,0.04,0.427,0,harvest,0.4,4.5,505027.7802561831,"No flood expected in Aweil East this week (q50 0.0 km²). Routine monitoring. Approx. 5 ha of rangeland at risk; plan early herd movement. (Aweil East maps ~505,028 cattle in baseline.)"
2017-10-30,Aweil North,0.0,0.05,0,harvest,0.0,0.0,463800.5038861725,"No flood expected in Aweil North this week (q50 0.0 km²). Routine monitoring. (Aweil North maps ~463,801 cattle in baseline.)"
2017-10-30,Aweil South,0.43,0.762,0,harvest,9.5,151.0,141256.8006910938,"SEVERE flood expected in Aweil South this week: q50 0.4 km², above the 95th percentile of all October weeks since 2000. Approx. 10 ha of mapped crops in the Aweil South floodplain are at risk. Approx. 151 ha of rangeland at risk; plan early herd movement. (Aweil South maps ~141,257 cattle in baseline.)"
2017-10-30,Aweil West,0.02,0.352,0,harvest,0.2,8.2,318964.9515941321,"No flood expected in Aweil West this week (q50 0.0 km²). Routine monitoring. Approx. 8 ha of rangeland at risk; plan early herd movement. (Aweil West maps ~318,965 cattle in baseline.)"
2017-11-06,Aweil Centre,0.01,0.408,0,harvest / drying,0.0,1.2,364961.8333817694,"No flood expected in Aweil Centre this week (q50 0.0 km²). Routine monitoring. Approx. 1 ha of rangeland at risk; plan early herd movement. (Aweil Centre maps ~364,962 cattle in baseline.)"
2017-11-06,Aweil East,1.21,0.711,0,harvest / drying,20.5,268.4,505027.7802561831,"SEVERE flood expected in Aweil East this week: q50 1.2 km², above the 95th percentile of all November weeks since 2000. Approx. 21 ha of mapped crops in the Aweil East floodplain are at risk. Approx. 268 ha of rangeland at risk; plan early herd movement. (Aweil East maps ~505,028 cattle in baseline.)"
2017-11-06,Aweil North,0.0,0.034,0,harvest / drying,0.0,0.0,463800.5038861725,"No flood expected in Aweil North this week (q50 0.0 km²). Routine monitoring. (Aweil North maps ~463,801 cattle in baseline.)"
2017-11-06,Aweil South,2.21,0.924,0,harvest / drying,38.1,609.8,141256.8006910938,"SEVERE flood expected in Aweil South this week: q50 2.2 km², above the 95th percentile of all November weeks since 2000. Approx. 38 ha of mapped crops in the Aweil South floodplain are at risk. Approx. 610 ha of rangeland at risk; plan early herd movement. (Aweil South maps ~141,257 cattle in baseline.)"
2017-11-06,Aweil West,0.02,0.117,0,harvest / drying,0.8,33.0,318964.9515941321,"No flood expected in Aweil West this week (q50 0.0 km²). Routine monitoring. Approx. 33 ha of rangeland at risk; plan early herd movement. (Aweil West maps ~318,965 cattle in baseline.)"
2017-11-13,Aweil Centre,0.0,0.582,0,harvest / drying,0.0,0.4,364961.8333817694,"SEVERE flood expected in Aweil Centre this week: q50 0.0 km², above the 95th percentile of all November weeks since 2000. (Aweil Centre maps ~364,962 cattle in baseline.)"
2017-11-13,Aweil East,0.43,0.896,0,harvest / drying,7.3,95.7,505027.7802561831,"SEVERE flood expected in Aweil East this week: q50 0.4 km², above the 95th percentile of all November weeks since 2000. Approx. 7 ha of mapped crops in the Aweil East floodplain are at risk. Approx. 96 ha of rangeland at risk; plan early herd movement. (Aweil East maps ~505,028 cattle in baseline.)"
2017-11-13,Aweil North,0.0,0.045,0,harvest / drying,0.0,0.0,463800.5038861725,"No flood expected in Aweil North this week (q50 0.0 km²). Routine monitoring. (Aweil North maps ~463,801 cattle in baseline.)"
2017-11-13,Aweil South,2.21,0.954,0,harvest / drying,38.1,609.8,141256.8006910938,"SEVERE flood expected in Aweil South this week: q50 2.2 km², above the 95th percentile of all November weeks since 2000. Approx. 38 ha of mapped crops in the Aweil South floodplain are at risk. Approx. 610 ha of rangeland at risk; plan early herd movement. (Aweil South maps ~141,257 cattle in baseline.)"
2017-11-13,Aweil West,0.0,0.137,0,harvest / drying,0.0,0.0,318964.9515941321,"No flood expected in Aweil West this week (q50 0.0 km²). Routine monitoring. (Aweil West maps ~318,965 cattle in baseline.)"
2017-11-20,Aweil Centre,0.0,0.446,0,harvest / drying,0.0,0.0,364961.8333817694,"No flood expected in Aweil Centre this week (q50 0.0 km²). Routine monitoring. (Aweil Centre maps ~364,962 cattle in baseline.)"
2017-11-20,Aweil East,0.01,0.515,0,harvest / drying,0.1,1.5,505027.7802561831,"SEVERE flood expected in Aweil East this week: q50 0.0 km², above the 95th percentile of all November weeks since 2000. Approx. 1 ha of rangeland at risk; plan early herd movement. (Aweil East maps ~505,028 cattle in baseline.)"
2017-11-20,Aweil North,0.0,0.145,0,harvest / drying,0.0,0.0,463800.5038861725,"No flood expected in Aweil North this week (q50 0.0 km²). Routine monitoring. (Aweil North maps ~463,801 cattle in baseline.)"
2017-11-20,Aweil South,2.21,0.957,0,harvest / drying,38.1,609.8,141256.8006910938,"SEVERE flood expected in Aweil South this week: q50 2.2 km², above the 95th percentile of all November weeks since 2000. Approx. 38 ha of mapped crops in the Aweil South floodplain are at risk. Approx. 610 ha of rangeland at risk; plan early herd movement. (Aweil South maps ~141,257 cattle in baseline.)"
2017-11-20,Aweil West,0.0,0.066,0,harvest / drying,0.0,0.0,318964.9515941321,"No flood expected in Aweil West this week (q50 0.0 km²). Routine monitoring. (Aweil West maps ~318,965 cattle in baseline.)"
2017-11-27,Aweil Centre,0.0,0.341,0,harvest / drying,0.0,0.4,364961.8333817694,"No flood expected in Aweil Centre this week (q50 0.0 km²). Routine monitoring. (Aweil Centre maps ~364,962 cattle in baseline.)"
2017-11-27,Aweil East,0.15,0.802,0,harvest / drying,2.5,33.3,505027.7802561831,"SEVERE flood expected in Aweil East this week: q50 0.2 km², above the 95th percentile of all November weeks since 2000. Approx. 3 ha of mapped crops in the Aweil East floodplain are at risk. Approx. 33 ha of rangeland at risk; plan early herd movement. (Aweil East maps ~505,028 cattle in baseline.)"
2017-11-27,Aweil North,0.0,0.064,0,harvest / drying,0.0,0.0,463800.5038861725,"No flood expected in Aweil North this week (q50 0.0 km²). Routine monitoring. (Aweil North maps ~463,801 cattle in baseline.)"
2017-11-27,Aweil South,1.69,0.952,0,harvest / drying,29.1,466.8,141256.8006910938,"SEVERE flood expected in Aweil South this week: q50 1.7 km², above the 95th percentile of all November weeks since 2000. Approx. 29 ha of mapped crops in the Aweil South floodplain are at risk. Approx. 467 ha of rangeland at risk; plan early herd movement. (Aweil South maps ~141,257 cattle in baseline.)"
2017-11-27,Aweil West,0.0,0.068,0,harvest / drying,0.0,0.0,318964.9515941321,"No flood expected in Aweil West this week (q50 0.0 km²). Routine monitoring. (Aweil West maps ~318,965 cattle in baseline.)"
2017-12-04,Aweil Centre,0.0,0.136,0,dry season,0.0,0.0,364961.8333817694,"No flood expected in Aweil Centre this week (q50 0.0 km²). Routine monitoring. (Aweil Centre maps ~364,962 cattle in baseline.)"
2017-12-04,Aweil East,0.15,0.799,0,dry season,22.1,448.2,505027.7802561831,"SEVERE flood expected in Aweil East this week: q50 0.2 km², above the 95th percentile of all December weeks since 2000. Approx. 22 ha of mapped crops in the Aweil East floodplain are at risk. Approx. 448 ha of rangeland at risk; plan early herd movement. (Aweil East maps ~505,028 cattle in baseline.)"
2017-12-04,Aweil North,0.0,0.038,0,dry season,0.0,0.0,463800.5038861725,"No flood expected in Aweil North this week (q50 0.0 km²). Routine monitoring. (Aweil North maps ~463,801 cattle in baseline.)"
2017-12-04,Aweil South,1.21,0.862,0,dry season,58.3,1168.5,141256.8006910938,"SEVERE flood expected in Aweil South this week: q50 1.2 km², above the 95th percentile of all December weeks since 2000. Approx. 58 ha of mapped crops in the Aweil South floodplain are at risk. Approx. 1,169 ha of rangeland at risk; plan early herd movement. (Aweil South maps ~141,257 cattle in baseline.)"
2017-12-04,Aweil West,0.0,0.037,0,dry season,0.0,0.0,318964.9515941321,"No flood expected in Aweil West this week (q50 0.0 km²). Routine monitoring. (Aweil West maps ~318,965 cattle in baseline.)"
2017-12-11,Aweil Centre,0.0,0.069,0,dry season,0.0,0.0,364961.8333817694,"No flood expected in Aweil Centre this week (q50 0.0 km²). Routine monitoring. (Aweil Centre maps ~364,962 cattle in baseline.)"
2017-12-11,Aweil East,0.43,0.869,0,dry season,63.5,1289.0,505027.7802561831,"SEVERE flood expected in Aweil East this week: q50 0.4 km², above the 95th percentile of all December weeks since 2000. Approx. 63 ha of mapped crops in the Aweil East floodplain are at risk. Approx. 1,289 ha of rangeland at risk; plan early herd movement. (Aweil East maps ~505,028 cattle in baseline.)"
2017-12-11,Aweil North,0.0,0.036,0,dry season,0.0,0.0,463800.5038861725,"No flood expected in Aweil North this week (q50 0.0 km²). Routine monitoring. (Aweil North maps ~463,801 cattle in baseline.)"
2017-12-11,Aweil South,1.21,0.857,0,dry season,58.3,1168.5,141256.8006910938,"SEVERE flood expected in Aweil South this week: q50 1.2 km², above the 95th percentile of all December weeks since 2000. Approx. 58 ha of mapped crops in the Aweil South floodplain are at risk. Approx. 1,169 ha of rangeland at risk; plan early herd movement. (Aweil South maps ~141,257 cattle in baseline.)"
2017-12-11,Aweil West,0.0,0.033,0,dry season,0.0,0.0,318964.9515941321,"No flood expected in Aweil West this week (q50 0.0 km²). Routine monitoring. (Aweil West maps ~318,965 cattle in baseline.)"
2017-12-18,Aweil Centre,0.0,0.042,0,dry season,0.0,0.0,364961.8333817694,"No flood expected in Aweil Centre this week (q50 0.0 km²). Routine monitoring. (Aweil Centre maps ~364,962 cattle in baseline.)"
2017-12-18,Aweil East,0.02,0.344,0,dry season,2.9,58.5,505027.7802561831,"No flood expected in Aweil East this week (q50 0.0 km²). Routine monitoring. Approx. 3 ha of mapped crops in the Aweil East floodplain are at risk. Approx. 59 ha of rangeland at risk; plan early herd movement. (Aweil East maps ~505,028 cattle in baseline.)"
2017-12-18,Aweil North,0.0,0.035,0,dry season,0.0,0.0,463800.5038861725,"No flood expected in Aweil North this week (q50 0.0 km²). Routine monitoring. (Aweil North maps ~463,801 cattle in baseline.)"
2017-12-18,Aweil South,0.01,0.474,0,dry season,0.4,7.5,141256.8006910938,"No flood expected in Aweil South this week (q50 0.0 km²). Routine monitoring. Approx. 8 ha of rangeland at risk; plan early herd movement. (Aweil South maps ~141,257 cattle in baseline.)"
2017-12-18,Aweil West,0.0,0.034,0,dry season,0.0,0.0,318964.9515941321,"No flood expected in Aweil West this week (q50 0.0 km²). Routine monitoring. (Aweil West maps ~318,965 cattle in baseline.)"
2017-12-25,Aweil Centre,0.01,0.272,0,dry season,0.0,3.5,364961.8333817694,"No flood expected in Aweil Centre this week (q50 0.0 km²). Routine monitoring. Approx. 4 ha of rangeland at risk; plan early herd movement. (Aweil Centre maps ~364,962 cattle in baseline.)"
2017-12-25,Aweil East,0.0,0.503,0,dry season,0.6,11.9,505027.7802561831,"SEVERE flood expected in Aweil East this week: q50 0.0 km², above the 95th percentile of all December weeks since 2000. Approx. 12 ha of rangeland at risk; plan early herd movement. (Aweil East maps ~505,028 cattle in baseline.)"
2017-12-25,Aweil North,0.0,0.057,0,dry season,0.0,0.0,463800.5038861725,"No flood expected in Aweil North this week (q50 0.0 km²). Routine monitoring. (Aweil North maps ~463,801 cattle in baseline.)"
2017-12-25,Aweil South,0.15,0.562,0,dry season,7.2,145.1,141256.8006910938,"SEVERE flood expected in Aweil South this week: q50 0.2 km², above the 95th percentile of all December weeks since 2000. Approx. 7 ha of mapped crops in the Aweil South floodplain are at risk. Approx. 145 ha of rangeland at risk; plan early herd movement. (Aweil South maps ~141,257 cattle in baseline.)"
2017-12-25,Aweil West,0.0,0.053,0,dry season,0.0,0.0,318964.9515941321,"No flood expected in Aweil West this week (q50 0.0 km²). Routine monitoring. (Aweil West maps ~318,965 cattle in baseline.)"
2022-01-10,Aweil Centre,0.0,0.08,0,dry season (late phase),0.0,0.0,364961.8333817694,"No flood expected in Aweil Centre this week (q50 0.0 km²). Routine monitoring. (Aweil Centre maps ~364,962 cattle in baseline.)"
2022-01-10,Aweil East,0.0,0.191,0,dry season (late phase),0.0,26.9,505027.7802561831,"No flood expected in Aweil East this week (q50 0.0 km²). Routine monitoring. Approx. 27 ha of rangeland at risk; plan early herd movement. (Aweil East maps ~505,028 cattle in baseline.)"
2022-01-10,Aweil North,0.0,0.067,0,dry season (late phase),0.0,0.0,463800.5038861725,"No flood expected in Aweil North this week (q50 0.0 km²). Routine monitoring. (Aweil North maps ~463,801 cattle in baseline.)"
2022-01-10,Aweil South,0.0,0.064,0,dry season (late phase),0.0,0.0,141256.8006910938,"No flood expected in Aweil South this week (q50 0.0 km²). Routine monitoring. (Aweil South maps ~141,257 cattle in baseline.)"
2022-01-10,Aweil West,0.0,0.054,0,dry season (late phase),0.0,0.0,318964.9515941321,"No flood expected in Aweil West this week (q50 0.0 km²). Routine monitoring. (Aweil West maps ~318,965 cattle in baseline.)"
2022-01-17,Aweil Centre,0.0,0.073,0,dry season (late phase),0.0,0.0,364961.8333817694,"No flood expected in Aweil Centre this week (q50 0.0 km²). Routine monitoring. (Aweil Centre maps ~364,962 cattle in baseline.)"
2022-01-17,Aweil East,0.0,0.053,0,dry season (late phase),0.0,3.0,505027.7802561831,"No flood expected in Aweil East this week (q50 0.0 km²). Routine monitoring. Approx. 3 ha of rangeland at risk; plan early herd movement. (Aweil East maps ~505,028 cattle in baseline.)"
2022-01-17,Aweil North,0.0,0.042,0,dry season (late phase),0.0,0.0,463800.5038861725,"No flood expected in Aweil North this week (q50 0.0 km²). Routine monitoring. (Aweil North maps ~463,801 cattle in baseline.)"
2022-01-17,Aweil South,0.0,0.039,0,dry season (late phase),0.0,0.0,141256.8006910938,"No flood expected in Aweil South this week (q50 0.0 km²). Routine monitoring. (Aweil South maps ~141,257 cattle in baseline.)"
2022-01-17,Aweil West,0.0,0.036,0,dry season (late phase),0.0,0.0,318964.9515941321,"No flood expected in Aweil West this week (q50 0.0 km²). Routine monitoring. (Aweil West maps ~318,965 cattle in baseline.)"
2022-01-24,Aweil Centre,0.0,0.079,0,dry season (late phase),0.0,0.0,364961.8333817694,"No flood expected in Aweil Centre this week (q50 0.0 km²). Routine monitoring. (Aweil Centre maps ~364,962 cattle in baseline.)"
2022-01-24,Aweil East,0.0,0.051,0,dry season (late phase),0.0,0.0,505027.7802561831,"No flood expected in Aweil East this week (q50 0.0 km²). Routine monitoring. (Aweil East maps ~505,028 cattle in baseline.)"
2022-01-24,Aweil North,0.0,0.047,0,dry season (late phase),0.0,0.0,463800.5038861725,"No flood expected in Aweil North this week (q50 0.0 km²). Routine monitoring. (Aweil North maps ~463,801 cattle in baseline.)"
2022-01-24,Aweil South,0.0,0.047,0,dry season (late phase),0.0,0.0,141256.8006910938,"No flood expected in Aweil South this week (q50 0.0 km²). Routine monitoring. (Aweil South maps ~141,257 cattle in baseline.)"
2022-01-24,Aweil West,0.0,0.042,0,dry season (late phase),0.0,0.0,318964.9515941321,"No flood expected in Aweil West this week (q50 0.0 km²). Routine monitoring. (Aweil West maps ~318,965 cattle in baseline.)"
2022-01-31,Aweil Centre,0.05,0.138,2,dry season (late phase),0.0,346.3,364961.8333817694,"High flood risk in Aweil Centre this week: q50 0.0 km², above most January weeks since 2000. Dry season (late phase): little active cropping; floodplain grazing and residual flooding dominate. Approx. 346 ha of rangeland at risk; plan early herd movement. (Aweil Centre maps ~364,962 cattle in baseline.)"
2022-01-31,Aweil East,0.0,0.045,0,dry season (late phase),0.0,0.0,505027.7802561831,"No flood expected in Aweil East this week (q50 0.0 km²). Routine monitoring. (Aweil East maps ~505,028 cattle in baseline.)"
2022-01-31,Aweil North,0.0,0.044,0,dry season (late phase),0.0,0.0,463800.5038861725,"No flood expected in Aweil North this week (q50 0.0 km²). Routine monitoring. (Aweil North maps ~463,801 cattle in baseline.)"
2022-01-31,Aweil South,0.0,0.044,0,dry season (late phase),0.0,0.0,141256.8006910938,"No flood expected in Aweil South this week (q50 0.0 km²). Routine monitoring. (Aweil South maps ~141,257 cattle in baseline.)"
2022-01-31,Aweil West,0.0,0.041,0,dry season (late phase),0.0,0.0,318964.9515941321,"No flood expected in Aweil West this week (q50 0.0 km²). Routine monitoring. (Aweil West maps ~318,965 cattle in baseline.)"
2022-02-07,Aweil Centre,0.0,0.049,0,dry season,0.0,0.0,364961.8333817694,"No flood expected in Aweil Centre this week (q50 0.0 km²). Routine monitoring. (Aweil Centre maps ~364,962 cattle in baseline.)"
2022-02-07,Aweil East,0.0,0.044,0,dry season,0.0,0.0,505027.7802561831,"No flood expected in Aweil East this week (q50 0.0 km²). Routine monitoring. (Aweil East maps ~505,028 cattle in baseline.)"
2022-02-07,Aweil North,0.0,0.046,0,dry season,0.0,0.0,463800.5038861725,"No flood expected in Aweil North this week (q50 0.0 km²). Routine monitoring. (Aweil North maps ~463,801 cattle in baseline.)"
2022-02-07,Aweil South,0.0,0.045,0,dry season,0.0,0.0,141256.8006910938,"No flood expected in Aweil South this week (q50 0.0 km²). Routine monitoring. (Aweil South maps ~141,257 cattle in baseline.)"
2022-02-07,Aweil West,0.0,0.044,0,dry season,0.0,0.0,318964.9515941321,"No flood expected in Aweil West this week (q50 0.0 km²). Routine monitoring. (Aweil West maps ~318,965 cattle in baseline.)"
2022-02-14,Aweil Centre,0.0,0.061,0,dry season,0.0,0.0,364961.8333817694,"No flood expected in Aweil Centre this week (q50 0.0 km²). Routine monitoring. (Aweil Centre maps ~364,962 cattle in baseline.)"
2022-02-14,Aweil East,0.0,0.059,0,dry season,0.0,0.0,505027.7802561831,"No flood expected in Aweil East this week (q50 0.0 km²). Routine monitoring. (Aweil East maps ~505,028 cattle in baseline.)"
2022-02-14,Aweil North,0.0,0.062,0,dry season,0.0,0.0,463800.5038861725,"No flood expected in Aweil North this week (q50 0.0 km²). Routine monitoring. (Aweil North maps ~463,801 cattle in baseline.)"
2022-02-14,Aweil South,0.0,0.062,0,dry season,0.0,0.0,141256.8006910938,"No flood expected in Aweil South this week (q50 0.0 km²). Routine monitoring. (Aweil South maps ~141,257 cattle in baseline.)"
2022-02-14,Aweil West,0.0,0.061,0,dry season,0.0,0.0,318964.9515941321,"No flood expected in Aweil West this week (q50 0.0 km²). Routine monitoring. (Aweil West maps ~318,965 cattle in baseline.)"
2022-02-21,Aweil Centre,0.0,0.041,0,dry season,0.0,0.0,364961.8333817694,"No flood expected in Aweil Centre this week (q50 0.0 km²). Routine monitoring. (Aweil Centre maps ~364,962 cattle in baseline.)"
2022-02-21,Aweil East,0.0,0.04,0,dry season,0.0,0.0,505027.7802561831,"No flood expected in Aweil East this week (q50 0.0 km²). Routine monitoring. (Aweil East maps ~505,028 cattle in baseline.)"
2022-02-21,Aweil North,0.0,0.042,0,dry season,0.0,0.0,463800.5038861725,"No flood expected in Aweil North this week (q50 0.0 km²). Routine monitoring. (Aweil North maps ~463,801 cattle in baseline.)"
2022-02-21,Aweil South,0.0,0.042,0,dry season,0.0,0.0,141256.8006910938,"No flood expected in Aweil South this week (q50 0.0 km²). Routine monitoring. (Aweil South maps ~141,257 cattle in baseline.)"
2022-02-21,Aweil West,0.0,0.041,0,dry season,0.0,0.0,318964.9515941321,"No flood expected in Aweil West this week (q50 0.0 km²). Routine monitoring. (Aweil West maps ~318,965 cattle in baseline.)"
2022-02-28,Aweil Centre,0.0,0.041,0,dry season,0.0,0.0,364961.8333817694,"No flood expected in Aweil Centre this week (q50 0.0 km²). Routine monitoring. (Aweil Centre maps ~364,962 cattle in baseline.)"
2022-02-28,Aweil East,0.0,0.04,0,dry season,0.0,0.0,505027.7802561831,"No flood expected in Aweil East this week (q50 0.0 km²). Routine monitoring. (Aweil East maps ~505,028 cattle in baseline.)"
2022-02-28,Aweil North,0.0,0.042,0,dry season,0.0,0.0,463800.5038861725,"No flood expected in Aweil North this week (q50 0.0 km²). Routine monitoring. (Aweil North maps ~463,801 cattle in baseline.)"
2022-02-28,Aweil South,0.0,0.042,0,dry season,0.0,0.0,141256.8006910938,"No flood expected in Aweil South this week (q50 0.0 km²). Routine monitoring. (Aweil South maps ~141,257 cattle in baseline.)"
2022-02-28,Aweil West,0.0,0.041,0,dry season,0.0,0.0,318964.9515941321,"No flood expected in Aweil West this week (q50 0.0 km²). Routine monitoring. (Aweil West maps ~318,965 cattle in baseline.)"
2022-03-07,Aweil Centre,0.0,0.043,0,early season (sowing),0.0,0.0,364961.8333817694,"No flood expected in Aweil Centre this week (q50 0.0 km²). Routine monitoring. (Aweil Centre maps ~364,962 cattle in baseline.)"
2022-03-07,Aweil East,0.0,0.042,0,early season (sowing),0.0,0.0,505027.7802561831,"No flood expected in Aweil East this week (q50 0.0 km²). Routine monitoring. (Aweil East maps ~505,028 cattle in baseline.)"
2022-03-07,Aweil North,0.0,0.044,0,early season (sowing),0.0,0.0,463800.5038861725,"No flood expected in Aweil North this week (q50 0.0 km²). Routine monitoring. (Aweil North maps ~463,801 cattle in baseline.)"
2022-03-07,Aweil South,0.0,0.044,0,early season (sowing),0.0,0.0,141256.8006910938,"No flood expected in Aweil South this week (q50 0.0 km²). Routine monitoring. (Aweil South maps ~141,257 cattle in baseline.)"
2022-03-07,Aweil West,0.0,0.041,0,early season (sowing),0.0,0.0,318964.9515941321,"No flood expected in Aweil West this week (q50 0.0 km²). Routine monitoring. (Aweil West maps ~318,965 cattle in baseline.)"
2022-03-14,Aweil Centre,0.0,0.045,0,early season (sowing),0.0,0.0,364961.8333817694,"No flood expected in Aweil Centre this week (q50 0.0 km²). Routine monitoring. (Aweil Centre maps ~364,962 cattle in baseline.)"
2022-03-14,Aweil East,0.0,0.046,0,early season (sowing),0.0,0.0,505027.7802561831,"No flood expected in Aweil East this week (q50 0.0 km²). Routine monitoring. (Aweil East maps ~505,028 cattle in baseline.)"
2022-03-14,Aweil North,0.0,0.047,0,early season (sowing),0.0,0.0,463800.5038861725,"No flood expected in Aweil North this week (q50 0.0 km²). Routine monitoring. (Aweil North maps ~463,801 cattle in baseline.)"
2022-03-14,Aweil South,0.0,0.046,0,early season (sowing),0.0,0.0,141256.8006910938,"No flood expected in Aweil South this week (q50 0.0 km²). Routine monitoring. (Aweil South maps ~141,257 cattle in baseline.)"
2022-03-14,Aweil West,0.0,0.043,0,early season (sowing),0.0,0.0,318964.9515941321,"No flood expected in Aweil West this week (q50 0.0 km²). Routine monitoring. (Aweil West maps ~318,965 cattle in baseline.)"
2022-03-21,Aweil Centre,0.0,0.097,0,early season (sowing),0.0,0.0,364961.8333817694,"No flood expected in Aweil Centre this week (q50 0.0 km²). Routine monitoring. (Aweil Centre maps ~364,962 cattle in baseline.)"
2022-03-21,Aweil East,0.0,0.103,0,early season (sowing),0.0,0.0,505027.7802561831,"No flood expected in Aweil East this week (q50 0.0 km²). Routine monitoring. (Aweil East maps ~505,028 cattle in baseline.)"
2022-03-21,Aweil North,0.0,0.104,0,early season (sowing),0.0,0.0,463800.5038861725,"No flood expected in Aweil North this week (q50 0.0 km²). Routine monitoring. (Aweil North maps ~463,801 cattle in baseline.)"
2022-03-21,Aweil South,0.0,0.104,0,early season (sowing),0.0,0.0,141256.8006910938,"No flood expected in Aweil South this week (q50 0.0 km²). Routine monitoring. (Aweil South maps ~141,257 cattle in baseline.)"
2022-03-21,Aweil West,0.0,0.1,0,early season (sowing),0.0,0.0,318964.9515941321,"No flood expected in Aweil West this week (q50 0.0 km²). Routine monitoring. (Aweil West maps ~318,965 cattle in baseline.)"
2022-03-28,Aweil Centre,0.0,0.078,0,early season (sowing),0.0,0.0,364961.8333817694,"No flood expected in Aweil Centre this week (q50 0.0 km²). Routine monitoring. (Aweil Centre maps ~364,962 cattle in baseline.)"
2022-03-28,Aweil East,0.0,0.082,0,early season (sowing),0.0,0.0,505027.7802561831,"No flood expected in Aweil East this week (q50 0.0 km²). Routine monitoring. (Aweil East maps ~505,028 cattle in baseline.)"
2022-03-28,Aweil North,0.0,0.081,0,early season (sowing),0.0,0.0,463800.5038861725,"No flood expected in Aweil North this week (q50 0.0 km²). Routine monitoring. (Aweil North maps ~463,801 cattle in baseline.)"
2022-03-28,Aweil South,0.0,0.08,0,early season (sowing),0.0,0.0,141256.8006910938,"No flood expected in Aweil South this week (q50 0.0 km²). Routine monitoring. (Aweil South maps ~141,257 cattle in baseline.)"
2022-03-28,Aweil West,0.0,0.075,0,early season (sowing),0.0,0.0,318964.9515941321,"No flood expected in Aweil West this week (q50 0.0 km²). Routine monitoring. (Aweil West maps ~318,965 cattle in baseline.)"
2022-04-04,Aweil Centre,0.0,0.075,0,crop establishment,0.0,0.0,364961.8333817694,"No flood expected in Aweil Centre this week (q50 0.0 km²). Routine monitoring. (Aweil Centre maps ~364,962 cattle in baseline.)"
2022-04-04,Aweil East,0.0,0.076,0,crop establishment,0.0,0.0,505027.7802561831,"No flood expected in Aweil East this week (q50 0.0 km²). Routine monitoring. (Aweil East maps ~505,028 cattle in baseline.)"
2022-04-04,Aweil North,0.0,0.077,0,crop establishment,0.0,0.0,463800.5038861725,"No flood expected in Aweil North this week (q50 0.0 km²). Routine monitoring. (Aweil North maps ~463,801 cattle in baseline.)"
2022-04-04,Aweil South,0.0,0.076,0,crop establishment,0.0,0.0,141256.8006910938,"No flood expected in Aweil South this week (q50 0.0 km²). Routine monitoring. (Aweil South maps ~141,257 cattle in baseline.)"
2022-04-04,Aweil West,0.0,0.071,0,crop establishment,0.0,0.0,318964.9515941321,"No flood expected in Aweil West this week (q50 0.0 km²). Routine monitoring. (Aweil West maps ~318,965 cattle in baseline.)"
2022-04-11,Aweil Centre,0.0,0.061,0,crop establishment,0.0,0.0,364961.8333817694,"No flood expected in Aweil Centre this week (q50 0.0 km²). Routine monitoring. (Aweil Centre maps ~364,962 cattle in baseline.)"
2022-04-11,Aweil East,0.0,0.059,0,crop establishment,0.0,0.0,505027.7802561831,"No flood expected in Aweil East this week (q50 0.0 km²). Routine monitoring. (Aweil East maps ~505,028 cattle in baseline.)"
2022-04-11,Aweil North,0.0,0.058,0,crop establishment,0.0,0.0,463800.5038861725,"No flood expected in Aweil North this week (q50 0.0 km²). Routine monitoring. (Aweil North maps ~463,801 cattle in baseline.)"
2022-04-11,Aweil South,0.0,0.058,0,crop establishment,0.0,0.0,141256.8006910938,"No flood expected in Aweil South this week (q50 0.0 km²). Routine monitoring. (Aweil South maps ~141,257 cattle in baseline.)"
2022-04-11,Aweil West,0.0,0.055,0,crop establishment,0.0,0.0,318964.9515941321,"No flood expected in Aweil West this week (q50 0.0 km²). Routine monitoring. (Aweil West maps ~318,965 cattle in baseline.)"
2022-04-18,Aweil Centre,0.0,0.063,0,crop establishment,0.0,0.0,364961.8333817694,"No flood expected in Aweil Centre this week (q50 0.0 km²). Routine monitoring. (Aweil Centre maps ~364,962 cattle in baseline.)"
2022-04-18,Aweil East,0.0,0.066,0,crop establishment,0.0,0.0,505027.7802561831,"No flood expected in Aweil East this week (q50 0.0 km²). Routine monitoring. (Aweil East maps ~505,028 cattle in baseline.)"
2022-04-18,Aweil North,0.0,0.066,0,crop establishment,0.0,0.0,463800.5038861725,"No flood expected in Aweil North this week (q50 0.0 km²). Routine monitoring. (Aweil North maps ~463,801 cattle in baseline.)"
2022-04-18,Aweil South,0.0,0.065,0,crop establishment,0.0,0.0,141256.8006910938,"No flood expected in Aweil South this week (q50 0.0 km²). Routine monitoring. (Aweil South maps ~141,257 cattle in baseline.)"
2022-04-18,Aweil West,0.0,0.059,0,crop establishment,0.0,0.0,318964.9515941321,"No flood expected in Aweil West this week (q50 0.0 km²). Routine monitoring. (Aweil West maps ~318,965 cattle in baseline.)"
2022-04-25,Aweil Centre,0.0,0.053,0,crop establishment,0.0,0.0,364961.8333817694,"No flood expected in Aweil Centre this week (q50 0.0 km²). Routine monitoring. (Aweil Centre maps ~364,962 cattle in baseline.)"
2022-04-25,Aweil East,0.0,0.058,0,crop establishment,0.0,0.0,505027.7802561831,"No flood expected in Aweil East this week (q50 0.0 km²). Routine monitoring. (Aweil East maps ~505,028 cattle in baseline.)"
2022-04-25,Aweil North,0.0,0.049,0,crop establishment,0.0,0.0,463800.5038861725,"No flood expected in Aweil North this week (q50 0.0 km²). Routine monitoring. (Aweil North maps ~463,801 cattle in baseline.)"
2022-04-25,Aweil South,0.0,0.049,0,crop establishment,0.0,0.0,141256.8006910938,"No flood expected in Aweil South this week (q50 0.0 km²). Routine monitoring. (Aweil South maps ~141,257 cattle in baseline.)"
2022-04-25,Aweil West,0.0,0.049,0,crop establishment,0.0,0.0,318964.9515941321,"No flood expected in Aweil West this week (q50 0.0 km²). Routine monitoring. (Aweil West maps ~318,965 cattle in baseline.)"
2022-05-02,Aweil Centre,0.0,0.068,0,vegetative growth,0.0,0.0,364961.8333817694,"No flood expected in Aweil Centre this week (q50 0.0 km²). Routine monitoring. (Aweil Centre maps ~364,962 cattle in baseline.)"
2022-05-02,Aweil East,0.0,0.092,0,vegetative growth,0.0,0.0,505027.7802561831,"No flood expected in Aweil East this week (q50 0.0 km²). Routine monitoring. (Aweil East maps ~505,028 cattle in baseline.)"
2022-05-02,Aweil North,0.0,0.071,0,vegetative growth,0.0,0.0,463800.5038861725,"No flood expected in Aweil North this week (q50 0.0 km²). Routine monitoring. (Aweil North maps ~463,801 cattle in baseline.)"
2022-05-02,Aweil South,0.0,0.071,0,vegetative growth,0.0,0.0,141256.8006910938,"No flood expected in Aweil South this week (q50 0.0 km²). Routine monitoring. (Aweil South maps ~141,257 cattle in baseline.)"
2022-05-02,Aweil West,0.0,0.067,0,vegetative growth,0.0,0.0,318964.9515941321,"No flood expected in Aweil West this week (q50 0.0 km²). Routine monitoring. (Aweil West maps ~318,965 cattle in baseline.)"
2022-05-09,Aweil Centre,0.0,0.061,0,vegetative growth,0.0,0.0,364961.8333817694,"No flood expected in Aweil Centre this week (q50 0.0 km²). Routine monitoring. (Aweil Centre maps ~364,962 cattle in baseline.)"
2022-05-09,Aweil East,0.0,0.077,0,vegetative growth,0.0,0.0,505027.7802561831,"No flood expected in Aweil East this week (q50 0.0 km²). Routine monitoring. (Aweil East maps ~505,028 cattle in baseline.)"
2022-05-09,Aweil North,0.0,0.065,0,vegetative growth,0.0,0.0,463800.5038861725,"No flood expected in Aweil North this week (q50 0.0 km²). Routine monitoring. (Aweil North maps ~463,801 cattle in baseline.)"
2022-05-09,Aweil South,0.0,0.064,0,vegetative growth,0.0,0.0,141256.8006910938,"No flood expected in Aweil South this week (q50 0.0 km²). Routine monitoring. (Aweil South maps ~141,257 cattle in baseline.)"
2022-05-09,Aweil West,0.0,0.06,0,vegetative growth,0.0,0.0,318964.9515941321,"No flood expected in Aweil West this week (q50 0.0 km²). Routine monitoring. (Aweil West maps ~318,965 cattle in baseline.)"
2022-05-16,Aweil Centre,0.0,0.054,0,vegetative growth,0.0,0.0,364961.8333817694,"No flood expected in Aweil Centre this week (q50 0.0 km²). Routine monitoring. (Aweil Centre maps ~364,962 cattle in baseline.)"
2022-05-16,Aweil East,0.0,0.079,0,vegetative growth,0.0,0.0,505027.7802561831,"No flood expected in Aweil East this week (q50 0.0 km²). Routine monitoring. (Aweil East maps ~505,028 cattle in baseline.)"
2022-05-16,Aweil North,0.0,0.056,0,vegetative growth,0.0,0.0,463800.5038861725,"No flood expected in Aweil North this week (q50 0.0 km²). Routine monitoring. (Aweil North maps ~463,801 cattle in baseline.)"
2022-05-16,Aweil South,0.0,0.056,0,vegetative growth,0.0,0.0,141256.8006910938,"No flood expected in Aweil South this week (q50 0.0 km²). Routine monitoring. (Aweil South maps ~141,257 cattle in baseline.)"
2022-05-16,Aweil West,0.0,0.052,0,vegetative growth,0.0,0.0,318964.9515941321,"No flood expected in Aweil West this week (q50 0.0 km²). Routine monitoring. (Aweil West maps ~318,965 cattle in baseline.)"
2022-05-23,Aweil Centre,0.0,0.06,0,vegetative growth,0.0,0.0,364961.8333817694,"No flood expected in Aweil Centre this week (q50 0.0 km²). Routine monitoring. (Aweil Centre maps ~364,962 cattle in baseline.)"
2022-05-23,Aweil East,0.0,0.063,0,vegetative growth,0.0,0.0,505027.7802561831,"No flood expected in Aweil East this week (q50 0.0 km²). Routine monitoring. (Aweil East maps ~505,028 cattle in baseline.)"
2022-05-23,Aweil North,0.0,0.06,0,vegetative growth,0.0,0.0,463800.5038861725,"No flood expected in Aweil North this week (q50 0.0 km²). Routine monitoring. (Aweil North maps ~463,801 cattle in baseline.)"
2022-05-23,Aweil South,0.0,0.059,0,vegetative growth,0.0,0.0,141256.8006910938,"No flood expected in Aweil South this week (q50 0.0 km²). Routine monitoring. (Aweil South maps ~141,257 cattle in baseline.)"
2022-05-23,Aweil West,0.0,0.055,0,vegetative growth,0.0,0.0,318964.9515941321,"No flood expected in Aweil West this week (q50 0.0 km²). Routine monitoring. (Aweil West maps ~318,965 cattle in baseline.)"
2022-05-30,Aweil Centre,0.0,0.069,0,vegetative growth,0.0,0.0,364961.8333817694,"No flood expected in Aweil Centre this week (q50 0.0 km²). Routine monitoring. (Aweil Centre maps ~364,962 cattle in baseline.)"
2022-05-30,Aweil East,0.0,0.076,0,vegetative growth,0.0,0.0,505027.7802561831,"No flood expected in Aweil East this week (q50 0.0 km²). Routine monitoring. (Aweil East maps ~505,028 cattle in baseline.)"
2022-05-30,Aweil North,0.0,0.066,0,vegetative growth,0.0,0.0,463800.5038861725,"No flood expected in Aweil North this week (q50 0.0 km²). Routine monitoring. (Aweil North maps ~463,801 cattle in baseline.)"
2022-05-30,Aweil South,0.0,0.066,0,vegetative growth,0.0,0.0,141256.8006910938,"No flood expected in Aweil South this week (q50 0.0 km²). Routine monitoring. (Aweil South maps ~141,257 cattle in baseline.)"
2022-05-30,Aweil West,0.0,0.063,0,vegetative growth,0.0,0.0,318964.9515941321,"No flood expected in Aweil West this week (q50 0.0 km²). Routine monitoring. (Aweil West maps ~318,965 cattle in baseline.)"
2022-06-06,Aweil Centre,0.0,0.024,0,vegetative growth (peak),0.0,0.0,364961.8333817694,"No flood expected in Aweil Centre this week (q50 0.0 km²). Routine monitoring. (Aweil Centre maps ~364,962 cattle in baseline.)"
2022-06-06,Aweil East,0.11,0.086,0,vegetative growth (peak),0.0,0.0,505027.7802561831,"No flood expected in Aweil East this week (q50 0.1 km²). Routine monitoring. (Aweil East maps ~505,028 cattle in baseline.)"
2022-06-06,Aweil North,0.0,0.028,0,vegetative growth (peak),0.0,0.0,463800.5038861725,"No flood expected in Aweil North this week (q50 0.0 km²). Routine monitoring. (Aweil North maps ~463,801 cattle in baseline.)"
2022-06-06,Aweil South,0.0,0.028,0,vegetative growth (peak),0.0,0.0,141256.8006910938,"No flood expected in Aweil South this week (q50 0.0 km²). Routine monitoring. (Aweil South maps ~141,257 cattle in baseline.)"
2022-06-06,Aweil West,0.0,0.026,0,vegetative growth (peak),0.0,0.0,318964.9515941321,"No flood expected in Aweil West this week (q50 0.0 km²). Routine monitoring. (Aweil West maps ~318,965 cattle in baseline.)"
2022-06-13,Aweil Centre,0.0,0.051,0,vegetative growth (peak),0.0,0.0,364961.8333817694,"No flood expected in Aweil Centre this week (q50 0.0 km²). Routine monitoring. (Aweil Centre maps ~364,962 cattle in baseline.)"
2022-06-13,Aweil East,0.0,0.076,0,vegetative growth (peak),0.0,0.0,505027.7802561831,"No flood expected in Aweil East this week (q50 0.0 km²). Routine monitoring. (Aweil East maps ~505,028 cattle in baseline.)"
2022-06-13,Aweil North,0.0,0.053,0,vegetative growth (peak),0.0,0.0,463800.5038861725,"No flood expected in Aweil North this week (q50 0.0 km²). Routine monitoring. (Aweil North maps ~463,801 cattle in baseline.)"
2022-06-13,Aweil South,0.0,0.052,0,vegetative growth (peak),0.0,0.0,141256.8006910938,"No flood expected in Aweil South this week (q50 0.0 km²). Routine monitoring. (Aweil South maps ~141,257 cattle in baseline.)"
2022-06-13,Aweil West,0.0,0.054,0,vegetative growth (peak),0.0,0.0,318964.9515941321,"No flood expected in Aweil West this week (q50 0.0 km²). Routine monitoring. (Aweil West maps ~318,965 cattle in baseline.)"
2022-06-20,Aweil Centre,0.0,0.031,0,vegetative growth (peak),0.0,0.0,364961.8333817694,"No flood expected in Aweil Centre this week (q50 0.0 km²). Routine monitoring. (Aweil Centre maps ~364,962 cattle in baseline.)"
2022-06-20,Aweil East,0.0,0.035,0,vegetative growth (peak),0.0,0.0,505027.7802561831,"No flood expected in Aweil East this week (q50 0.0 km²). Routine monitoring. (Aweil East maps ~505,028 cattle in baseline.)"
2022-06-20,Aweil North,0.0,0.032,0,vegetative growth (peak),0.0,0.0,463800.5038861725,"No flood expected in Aweil North this week (q50 0.0 km²). Routine monitoring. (Aweil North maps ~463,801 cattle in baseline.)"
2022-06-20,Aweil South,0.0,0.032,0,vegetative growth (peak),0.0,0.0,141256.8006910938,"No flood expected in Aweil South this week (q50 0.0 km²). Routine monitoring. (Aweil South maps ~141,257 cattle in baseline.)"
2022-06-20,Aweil West,0.0,0.034,0,vegetative growth (peak),0.0,0.0,318964.9515941321,"No flood expected in Aweil West this week (q50 0.0 km²). Routine monitoring. (Aweil West maps ~318,965 cattle in baseline.)"
2022-06-27,Aweil Centre,0.0,0.029,0,vegetative growth (peak),0.0,0.0,364961.8333817694,"No flood expected in Aweil Centre this week (q50 0.0 km²). Routine monitoring. (Aweil Centre maps ~364,962 cattle in baseline.)"
2022-06-27,Aweil East,0.0,0.031,0,vegetative growth (peak),0.0,0.0,505027.7802561831,"No flood expected in Aweil East this week (q50 0.0 km²). Routine monitoring. (Aweil East maps ~505,028 cattle in baseline.)"
2022-06-27,Aweil North,0.0,0.034,0,vegetative growth (peak),0.0,0.0,463800.5038861725,"No flood expected in Aweil North this week (q50 0.0 km²). Routine monitoring. (Aweil North maps ~463,801 cattle in baseline.)"
2022-06-27,Aweil South,0.0,0.034,0,vegetative growth (peak),0.0,0.0,141256.8006910938,"No flood expected in Aweil South this week (q50 0.0 km²). Routine monitoring. (Aweil South maps ~141,257 cattle in baseline.)"
2022-06-27,Aweil West,0.0,0.039,0,vegetative growth (peak),0.0,0.0,318964.9515941321,"No flood expected in Aweil West this week (q50 0.0 km²). Routine monitoring. (Aweil West maps ~318,965 cattle in baseline.)"
2022-07-04,Aweil Centre,0.0,0.022,0,vegetative growth (peak),0.0,0.0,364961.8333817694,"No flood expected in Aweil Centre this week (q50 0.0 km²). Routine monitoring. (Aweil Centre maps ~364,962 cattle in baseline.)"
2022-07-04,Aweil East,0.0,0.023,0,vegetative growth (peak),0.0,0.0,505027.7802561831,"No flood expected in Aweil East this week (q50 0.0 km²). Routine monitoring. (Aweil East maps ~505,028 cattle in baseline.)"
2022-07-04,Aweil North,0.0,0.021,0,vegetative growth (peak),0.0,0.0,463800.5038861725,"No flood expected in Aweil North this week (q50 0.0 km²). Routine monitoring. (Aweil North maps ~463,801 cattle in baseline.)"
2022-07-04,Aweil South,0.0,0.021,0,vegetative growth (peak),0.0,0.0,141256.8006910938,"No flood expected in Aweil South this week (q50 0.0 km²). Routine monitoring. (Aweil South maps ~141,257 cattle in baseline.)"
2022-07-04,Aweil West,0.0,0.024,0,vegetative growth (peak),0.0,0.0,318964.9515941321,"No flood expected in Aweil West this week (q50 0.0 km²). Routine monitoring. (Aweil West maps ~318,965 cattle in baseline.)"
2022-07-11,Aweil Centre,0.0,0.02,0,vegetative growth (peak),0.0,0.0,364961.8333817694,"No flood expected in Aweil Centre this week (q50 0.0 km²). Routine monitoring. (Aweil Centre maps ~364,962 cattle in baseline.)"
2022-07-11,Aweil East,0.0,0.025,0,vegetative growth (peak),0.0,0.0,505027.7802561831,"No flood expected in Aweil East this week (q50 0.0 km²). Routine monitoring. (Aweil East maps ~505,028 cattle in baseline.)"
2022-07-11,Aweil North,0.0,0.022,0,vegetative growth (peak),0.0,0.0,463800.5038861725,"No flood expected in Aweil North this week (q50 0.0 km²). Routine monitoring. (Aweil North maps ~463,801 cattle in baseline.)"
2022-07-11,Aweil South,0.0,0.021,0,vegetative growth (peak),0.0,0.0,141256.8006910938,"No flood expected in Aweil South this week (q50 0.0 km²). Routine monitoring. (Aweil South maps ~141,257 cattle in baseline.)"
2022-07-11,Aweil West,0.0,0.025,0,vegetative growth (peak),0.0,0.0,318964.9515941321,"No flood expected in Aweil West this week (q50 0.0 km²). Routine monitoring. (Aweil West maps ~318,965 cattle in baseline.)"
2022-07-18,Aweil Centre,0.0,0.04,0,vegetative growth (peak),0.0,0.0,364961.8333817694,"No flood expected in Aweil Centre this week (q50 0.0 km²). Routine monitoring. (Aweil Centre maps ~364,962 cattle in baseline.)"
2022-07-18,Aweil East,0.0,0.043,0,vegetative growth (peak),0.0,0.0,505027.7802561831,"No flood expected in Aweil East this week (q50 0.0 km²). Routine monitoring. (Aweil East maps ~505,028 cattle in baseline.)"
2022-07-18,Aweil North,0.0,0.043,0,vegetative growth (peak),0.0,0.0,463800.5038861725,"No flood expected in Aweil North this week (q50 0.0 km²). Routine monitoring. (Aweil North maps ~463,801 cattle in baseline.)"
2022-07-18,Aweil South,0.0,0.042,0,vegetative growth (peak),0.0,0.0,141256.8006910938,"No flood expected in Aweil South this week (q50 0.0 km²). Routine monitoring. (Aweil South maps ~141,257 cattle in baseline.)"
2022-07-18,Aweil West,0.0,0.048,0,vegetative growth (peak),0.0,0.0,318964.9515941321,"No flood expected in Aweil West this week (q50 0.0 km²). Routine monitoring. (Aweil West maps ~318,965 cattle in baseline.)"
2022-07-25,Aweil Centre,0.0,0.081,0,vegetative growth (peak),0.0,0.0,364961.8333817694,"No flood expected in Aweil Centre this week (q50 0.0 km²). Routine monitoring. (Aweil Centre maps ~364,962 cattle in baseline.)"
2022-07-25,Aweil East,0.0,0.103,0,vegetative growth (peak),0.0,0.0,505027.7802561831,"No flood expected in Aweil East this week (q50 0.0 km²). Routine monitoring. (Aweil East maps ~505,028 cattle in baseline.)"
2022-07-25,Aweil North,0.0,0.063,0,vegetative growth (peak),0.0,0.0,463800.5038861725,"No flood expected in Aweil North this week (q50 0.0 km²). Routine monitoring. (Aweil North maps ~463,801 cattle in baseline.)"
2022-07-25,Aweil South,0.0,0.063,0,vegetative growth (peak),0.0,0.0,141256.8006910938,"No flood expected in Aweil South this week (q50 0.0 km²). Routine monitoring. (Aweil South maps ~141,257 cattle in baseline.)"
2022-07-25,Aweil West,0.0,0.08,0,vegetative growth (peak),0.0,0.0,318964.9515941321,"No flood expected in Aweil West this week (q50 0.0 km²). Routine monitoring. (Aweil West maps ~318,965 cattle in baseline.)"
2022-08-01,Aweil Centre,0.0,0.132,0,maturation,0.0,0.0,364961.8333817694,"No flood expected in Aweil Centre this week (q50 0.0 km²). Routine monitoring. (Aweil Centre maps ~364,962 cattle in baseline.)"
2022-08-01,Aweil East,0.0,0.175,0,maturation,0.0,0.0,505027.7802561831,"No flood expected in Aweil East this week (q50 0.0 km²). Routine monitoring. (Aweil East maps ~505,028 cattle in baseline.)"
2022-08-01,Aweil North,0.0,0.099,0,maturation,0.0,0.0,463800.5038861725,"No flood expected in Aweil North this week (q50 0.0 km²). Routine monitoring. (Aweil North maps ~463,801 cattle in baseline.)"
2022-08-01,Aweil South,0.0,0.099,0,maturation,0.0,0.0,141256.8006910938,"No flood expected in Aweil South this week (q50 0.0 km²). Routine monitoring. (Aweil South maps ~141,257 cattle in baseline.)"
2022-08-01,Aweil West,0.0,0.127,0,maturation,0.0,0.0,318964.9515941321,"No flood expected in Aweil West this week (q50 0.0 km²). Routine monitoring. (Aweil West maps ~318,965 cattle in baseline.)"
2022-08-08,Aweil Centre,0.0,0.209,0,maturation,0.0,0.0,364961.8333817694,"No flood expected in Aweil Centre this week (q50 0.0 km²). Routine monitoring. (Aweil Centre maps ~364,962 cattle in baseline.)"
2022-08-08,Aweil East,5.94,0.91,2,maturation,0.0,0.0,505027.7802561831,"High flood risk in Aweil East this week: q50 5.9 km², above most August weeks since 2000. Maturation: grain is filling; flooding now damages the yield that is already banked. (Aweil East maps ~505,028 cattle in baseline.)"
2022-08-08,Aweil North,0.0,0.143,0,maturation,0.0,0.0,463800.5038861725,"No flood expected in Aweil North this week (q50 0.0 km²). Routine monitoring. (Aweil North maps ~463,801 cattle in baseline.)"
2022-08-08,Aweil South,0.0,0.143,0,maturation,0.0,0.0,141256.8006910938,"No flood expected in Aweil South this week (q50 0.0 km²). Routine monitoring. (Aweil South maps ~141,257 cattle in baseline.)"
2022-08-08,Aweil West,0.0,0.18,0,maturation,0.0,0.0,318964.9515941321,"No flood expected in Aweil West this week (q50 0.0 km²). Routine monitoring. (Aweil West maps ~318,965 cattle in baseline.)"
2022-08-15,Aweil Centre,0.0,0.22,0,maturation,0.0,0.0,364961.8333817694,"No flood expected in Aweil Centre this week (q50 0.0 km²). Routine monitoring. (Aweil Centre maps ~364,962 cattle in baseline.)"
2022-08-15,Aweil East,0.16,0.526,0,maturation,0.0,0.0,505027.7802561831,"SEVERE flood expected in Aweil East this week: q50 0.2 km², above the 95th percentile of all August weeks since 2000. (Aweil East maps ~505,028 cattle in baseline.)"
2022-08-15,Aweil North,0.0,0.126,0,maturation,0.0,0.0,463800.5038861725,"No flood expected in Aweil North this week (q50 0.0 km²). Routine monitoring. (Aweil North maps ~463,801 cattle in baseline.)"
2022-08-15,Aweil South,0.0,0.127,0,maturation,0.0,0.0,141256.8006910938,"No flood expected in Aweil South this week (q50 0.0 km²). Routine monitoring. (Aweil South maps ~141,257 cattle in baseline.)"
2022-08-15,Aweil West,0.0,0.193,0,maturation,0.0,0.0,318964.9515941321,"No flood expected in Aweil West this week (q50 0.0 km²). Routine monitoring. (Aweil West maps ~318,965 cattle in baseline.)"
2022-08-22,Aweil Centre,0.0,0.167,0,maturation,0.0,0.0,364961.8333817694,"No flood expected in Aweil Centre this week (q50 0.0 km²). Routine monitoring. (Aweil Centre maps ~364,962 cattle in baseline.)"
2022-08-22,Aweil East,6.5,0.9,2,maturation,0.0,0.0,505027.7802561831,"High flood risk in Aweil East this week: q50 6.5 km², above most August weeks since 2000. Maturation: grain is filling; flooding now damages the yield that is already banked. (Aweil East maps ~505,028 cattle in baseline.)"
2022-08-22,Aweil North,0.0,0.139,0,maturation,0.0,0.0,463800.5038861725,"No flood expected in Aweil North this week (q50 0.0 km²). Routine monitoring. (Aweil North maps ~463,801 cattle in baseline.)"
2022-08-22,Aweil South,0.0,0.153,0,maturation,0.0,0.0,141256.8006910938,"No flood expected in Aweil South this week (q50 0.0 km²). Routine monitoring. (Aweil South maps ~141,257 cattle in baseline.)"
2022-08-22,Aweil West,0.0,0.181,0,maturation,0.0,0.0,318964.9515941321,"No flood expected in Aweil West this week (q50 0.0 km²). Routine monitoring. (Aweil West maps ~318,965 cattle in baseline.)"
2022-08-29,Aweil Centre,1.85,0.592,2,maturation,0.0,0.0,364961.8333817694,"High flood risk in Aweil Centre this week: q50 1.9 km², above most August weeks since 2000. Maturation: grain is filling; flooding now damages the yield that is already banked. (Aweil Centre maps ~364,962 cattle in baseline.)"
2022-08-29,Aweil East,11.24,0.916,2,maturation,0.0,0.0,505027.7802561831,"High flood risk in Aweil East this week: q50 11.2 km², above most August weeks since 2000. Maturation: grain is filling; flooding now damages the yield that is already banked. (Aweil East maps ~505,028 cattle in baseline.)"
2022-08-29,Aweil North,5.45,0.789,3,maturation,0.0,0.0,463800.5038861725,"SEVERE flood expected in Aweil North this week: q50 5.5 km², above the 95th percentile of all August weeks since 2000. Maturation: grain is filling; flooding now damages the yield that is already banked. (Aweil North maps ~463,801 cattle in baseline.)"
2022-08-29,Aweil South,0.0,0.185,0,maturation,0.0,0.0,141256.8006910938,"No flood expected in Aweil South this week (q50 0.0 km²). Routine monitoring. (Aweil South maps ~141,257 cattle in baseline.)"
2022-08-29,Aweil West,3.9,0.771,3,maturation,0.0,0.0,318964.9515941321,"SEVERE flood expected in Aweil West this week: q50 3.9 km², above the 95th percentile of all August weeks since 2000. Maturation: grain is filling; flooding now damages the yield that is already banked. (Aweil West maps ~318,965 cattle in baseline.)"
2022-09-05,Aweil Centre,1.54,0.666,0,maturation / grain filling,0.0,204.0,364961.8333817694,"SEVERE flood expected in Aweil Centre this week: q50 1.5 km², above the 95th percentile of all September weeks since 2000. Approx. 204 ha of rangeland at risk; plan early herd movement. (Aweil Centre maps ~364,962 cattle in baseline.)"
2022-09-05,Aweil East,2.66,0.796,0,maturation / grain filling,7.8,320.6,505027.7802561831,"SEVERE flood expected in Aweil East this week: q50 2.7 km², above the 95th percentile of all September weeks since 2000. Approx. 8 ha of mapped crops in the Aweil East floodplain are at risk. Approx. 321 ha of rangeland at risk; plan early herd movement. (Aweil East maps ~505,028 cattle in baseline.)"
2022-09-05,Aweil North,2.65,0.827,2,maturation / grain filling,35.9,1880.5,463800.5038861725,"High flood risk in Aweil North this week: q50 2.7 km², above most September weeks since 2000. Maturation / grain filling: grain is filling; flooding now damages the yield that is already banked. Approx. 36 ha of mapped crops in the Aweil North floodplain are at risk. Approx. 1,881 ha of rangeland at risk; plan early herd movement. (Aweil North maps ~463,801 cattle in baseline.)"
2022-09-05,Aweil South,0.0,0.21,0,maturation / grain filling,0.0,0.0,141256.8006910938,"No flood expected in Aweil South this week (q50 0.0 km²). Routine monitoring. (Aweil South maps ~141,257 cattle in baseline.)"
2022-09-05,Aweil West,20.14,0.925,2,maturation / grain filling,145.5,9220.7,318964.9515941321,"High flood risk in Aweil West this week: q50 20.1 km², above most September weeks since 2000. Maturation / grain filling: grain is filling; flooding now damages the yield that is already banked. Approx. 146 ha of mapped crops in the Aweil West floodplain are at risk. Approx. 9,221 ha of rangeland at risk; plan early herd movement. (Aweil West maps ~318,965 cattle in baseline.)"
2022-09-12,Aweil Centre,1.96,0.694,0,maturation / grain filling,0.0,259.1,364961.8333817694,"SEVERE flood expected in Aweil Centre this week: q50 2.0 km², above the 95th percentile of all September weeks since 2000. Approx. 259 ha of rangeland at risk; plan early herd movement. (Aweil Centre maps ~364,962 cattle in baseline.)"
2022-09-12,Aweil East,4.28,0.789,0,maturation / grain filling,12.5,515.9,505027.7802561831,"SEVERE flood expected in Aweil East this week: q50 4.3 km², above the 95th percentile of all September weeks since 2000. Approx. 12 ha of mapped crops in the Aweil East floodplain are at risk. Approx. 516 ha of rangeland at risk; plan early herd movement. (Aweil East maps ~505,028 cattle in baseline.)"
2022-09-12,Aweil North,6.55,0.92,2,maturation / grain filling,79.0,4140.5,463800.5038861725,"High flood risk in Aweil North this week: q50 6.6 km², above most September weeks since 2000. Maturation / grain filling: grain is filling; flooding now damages the yield that is already banked. Approx. 79 ha of mapped crops in the Aweil North floodplain are at risk. Approx. 4,141 ha of rangeland at risk; plan early herd movement. (Aweil North maps ~463,801 cattle in baseline.)"
2022-09-12,Aweil South,0.0,0.165,0,maturation / grain filling,0.0,0.0,141256.8006910938,"No flood expected in Aweil South this week (q50 0.0 km²). Routine monitoring. (Aweil South maps ~141,257 cattle in baseline.)"
2022-09-12,Aweil West,15.65,0.922,2,maturation / grain filling,113.1,7167.5,318964.9515941321,"High flood risk in Aweil West this week: q50 15.7 km², above most September weeks since 2000. Maturation / grain filling: grain is filling; flooding now damages the yield that is already banked. Approx. 113 ha of mapped crops in the Aweil West floodplain are at risk. Approx. 7,168 ha of rangeland at risk; plan early herd movement. (Aweil West maps ~318,965 cattle in baseline.)"
2022-09-19,Aweil Centre,2.78,0.788,0,maturation / grain filling,0.0,368.8,364961.8333817694,"SEVERE flood expected in Aweil Centre this week: q50 2.8 km², above the 95th percentile of all September weeks since 2000. Approx. 369 ha of rangeland at risk; plan early herd movement. (Aweil Centre maps ~364,962 cattle in baseline.)"
2022-09-19,Aweil East,24.19,0.908,1,maturation / grain filling,70.7,2917.6,505027.7802561831,"Elevated flood probability in Aweil East this week (q50 24.2 km², 91% detection chance). Maturation / grain filling: grain is filling; flooding now damages the yield that is already banked. Approx. 71 ha of mapped crops in the Aweil East floodplain are at risk. Approx. 2,918 ha of rangeland at risk; plan early herd movement. (Aweil East maps ~505,028 cattle in baseline.)"
2022-09-19,Aweil North,12.53,0.912,3,maturation / grain filling,79.0,4140.5,463800.5038861725,"SEVERE flood expected in Aweil North this week: q50 12.5 km², above the 95th percentile of all September weeks since 2000. Maturation / grain filling: grain is filling; flooding now damages the yield that is already banked. Approx. 79 ha of mapped crops in the Aweil North floodplain are at risk. Approx. 4,141 ha of rangeland at risk; plan early herd movement. (Aweil North maps ~463,801 cattle in baseline.)"
2022-09-19,Aweil South,10.02,0.867,2,maturation / grain filling,275.9,7414.8,141256.8006910938,"High flood risk in Aweil South this week: q50 10.0 km², above most September weeks since 2000. Maturation / grain filling: grain is filling; flooding now damages the yield that is already banked. Approx. 276 ha of mapped crops in the Aweil South floodplain are at risk. Approx. 7,415 ha of rangeland at risk; plan early herd movement. (Aweil South maps ~141,257 cattle in baseline.)"
2022-09-19,Aweil West,29.37,0.913,2,maturation / grain filling,175.4,11111.3,318964.9515941321,"High flood risk in Aweil West this week: q50 29.4 km², above most September weeks since 2000. Maturation / grain filling: grain is filling; flooding now damages the yield that is already banked. Approx. 175 ha of mapped crops in the Aweil West floodplain are at risk. Approx. 11,111 ha of rangeland at risk; plan early herd movement. (Aweil West maps ~318,965 cattle in baseline.)"
2022-09-26,Aweil Centre,7.46,0.948,2,maturation / grain filling,0.0,988.8,364961.8333817694,"High flood risk in Aweil Centre this week: q50 7.5 km², above most September weeks since 2000. Maturation / grain filling: grain is filling; flooding now damages the yield that is already banked. Approx. 989 ha of rangeland at risk; plan early herd movement. (Aweil Centre maps ~364,962 cattle in baseline.)"
2022-09-26,Aweil East,26.07,0.952,1,maturation / grain filling,76.2,3144.5,505027.7802561831,"Elevated flood probability in Aweil East this week (q50 26.1 km², 95% detection chance). Maturation / grain filling: grain is filling; flooding now damages the yield that is already banked. Approx. 76 ha of mapped crops in the Aweil East floodplain are at risk. Approx. 3,145 ha of rangeland at risk; plan early herd movement. (Aweil East maps ~505,028 cattle in baseline.)"
2022-09-26,Aweil North,13.65,0.952,3,maturation / grain filling,79.0,4140.5,463800.5038861725,"SEVERE flood expected in Aweil North this week: q50 13.6 km², above the 95th percentile of all September weeks since 2000. Maturation / grain filling: grain is filling; flooding now damages the yield that is already banked. Approx. 79 ha of mapped crops in the Aweil North floodplain are at risk. Approx. 4,141 ha of rangeland at risk; plan early herd movement. (Aweil North maps ~463,801 cattle in baseline.)"
2022-09-26,Aweil South,20.38,0.948,3,maturation / grain filling,496.4,13340.3,141256.8006910938,"SEVERE flood expected in Aweil South this week: q50 20.4 km², above the 95th percentile of all September weeks since 2000. Maturation / grain filling: grain is filling; flooding now damages the yield that is already banked. Approx. 496 ha of mapped crops in the Aweil South floodplain are at risk. Approx. 13,340 ha of rangeland at risk; plan early herd movement. (Aweil South maps ~141,257 cattle in baseline.)"
2022-09-26,Aweil West,31.93,0.952,2,maturation / grain filling,175.4,11111.3,318964.9515941321,"High flood risk in Aweil West this week: q50 31.9 km², above most September weeks since 2000. Maturation / grain filling: grain is filling; flooding now damages the yield that is already banked. Approx. 175 ha of mapped crops in the Aweil West floodplain are at risk. Approx. 11,111 ha of rangeland at risk; plan early herd movement. (Aweil West maps ~318,965 cattle in baseline.)"
2022-10-03,Aweil Centre,4.71,0.96,0,harvest,0.0,221.0,364961.8333817694,"SEVERE flood expected in Aweil Centre this week: q50 4.7 km², above the 95th percentile of all October weeks since 2000. Approx. 221 ha of rangeland at risk; plan early herd movement. (Aweil Centre maps ~364,962 cattle in baseline.)"
2022-10-03,Aweil East,78.12,0.966,2,harvest,1160.9,13346.3,505027.7802561831,"High flood risk in Aweil East this week: q50 78.1 km², above most October weeks since 2000. Harvest: harvest window — move produce and equipment to higher ground before water rises. Approx. 1,161 ha of mapped crops in the Aweil East floodplain are at risk. Approx. 13,346 ha of rangeland at risk; plan early herd movement. (Aweil East maps ~505,028 cattle in baseline.)"
2022-10-03,Aweil North,23.33,0.965,3,harvest,380.3,9471.4,463800.5038861725,"SEVERE flood expected in Aweil North this week: q50 23.3 km², above the 95th percentile of all October weeks since 2000. Harvest: harvest window — move produce and equipment to higher ground before water rises. Approx. 380 ha of mapped crops in the Aweil North floodplain are at risk. Approx. 9,471 ha of rangeland at risk; plan early herd movement. (Aweil North maps ~463,801 cattle in baseline.)"
2022-10-03,Aweil South,76.86,0.956,3,harvest,2187.0,34651.6,141256.8006910938,"SEVERE flood expected in Aweil South this week: q50 76.9 km², above the 95th percentile of all October weeks since 2000. Harvest: harvest window — move produce and equipment to higher ground before water rises. Approx. 2,187 ha of mapped crops in the Aweil South floodplain are at risk. Approx. 34,652 ha of rangeland at risk; plan early herd movement. (Aweil South maps ~141,257 cattle in baseline.)"
2022-10-03,Aweil West,45.23,0.967,2,harvest,489.8,22835.0,318964.9515941321,"High flood risk in Aweil West this week: q50 45.2 km², above most October weeks since 2000. Harvest: harvest window — move produce and equipment to higher ground before water rises. Approx. 490 ha of mapped crops in the Aweil West floodplain are at risk. Approx. 22,835 ha of rangeland at risk; plan early herd movement. (Aweil West maps ~318,965 cattle in baseline.)"
2022-10-10,Aweil Centre,1.03,0.777,0,harvest,0.0,48.1,364961.8333817694,"SEVERE flood expected in Aweil Centre this week: q50 1.0 km², above the 95th percentile of all October weeks since 2000. Approx. 48 ha of rangeland at risk; plan early herd movement. (Aweil Centre maps ~364,962 cattle in baseline.)"
2022-10-10,Aweil East,44.85,0.925,0,harvest,666.5,7661.8,505027.7802561831,"SEVERE flood expected in Aweil East this week: q50 44.8 km², above the 95th percentile of all October weeks since 2000. Approx. 666 ha of mapped crops in the Aweil East floodplain are at risk. Approx. 7,662 ha of rangeland at risk; plan early herd movement. (Aweil East maps ~505,028 cattle in baseline.)"
2022-10-10,Aweil North,7.79,0.928,2,harvest,304.7,7587.7,463800.5038861725,"High flood risk in Aweil North this week: q50 7.8 km², above most October weeks since 2000. Harvest: harvest window — move produce and equipment to higher ground before water rises. Approx. 305 ha of mapped crops in the Aweil North floodplain are at risk. Approx. 7,588 ha of rangeland at risk; plan early herd movement. (Aweil North maps ~463,801 cattle in baseline.)"
2022-10-10,Aweil South,83.45,0.928,3,harvest,2187.0,34651.6,141256.8006910938,"SEVERE flood expected in Aweil South this week: q50 83.5 km², above the 95th percentile of all October weeks since 2000. Harvest: harvest window — move produce and equipment to higher ground before water rises. Approx. 2,187 ha of mapped crops in the Aweil South floodplain are at risk. Approx. 34,652 ha of rangeland at risk; plan early herd movement. (Aweil South maps ~141,257 cattle in baseline.)"
2022-10-10,Aweil West,17.9,0.928,2,harvest,193.8,9035.0,318964.9515941321,"High flood risk in Aweil West this week: q50 17.9 km², above most October weeks since 2000. Harvest: harvest window — move produce and equipment to higher ground before water rises. Approx. 194 ha of mapped crops in the Aweil West floodplain are at risk. Approx. 9,035 ha of rangeland at risk; plan early herd movement. (Aweil West maps ~318,965 cattle in baseline.)"
2022-10-17,Aweil Centre,0.67,0.772,0,harvest,0.0,31.6,364961.8333817694,"SEVERE flood expected in Aweil Centre this week: q50 0.7 km², above the 95th percentile of all October weeks since 2000. Approx. 32 ha of rangeland at risk; plan early herd movement. (Aweil Centre maps ~364,962 cattle in baseline.)"
2022-10-17,Aweil East,8.84,0.955,0,harvest,131.4,1510.6,505027.7802561831,"SEVERE flood expected in Aweil East this week: q50 8.8 km², above the 95th percentile of all October weeks since 2000. Approx. 131 ha of mapped crops in the Aweil East floodplain are at risk. Approx. 1,511 ha of rangeland at risk; plan early herd movement. (Aweil East maps ~505,028 cattle in baseline.)"
2022-10-17,Aweil North,7.04,0.953,2,harvest,275.5,6860.9,463800.5038861725,"High flood risk in Aweil North this week: q50 7.0 km², above most October weeks since 2000. Harvest: harvest window — move produce and equipment to higher ground before water rises. Approx. 276 ha of mapped crops in the Aweil North floodplain are at risk. Approx. 6,861 ha of rangeland at risk; plan early herd movement. (Aweil North maps ~463,801 cattle in baseline.)"
2022-10-17,Aweil South,52.04,0.954,2,harvest,1602.2,25386.6,141256.8006910938,"High flood risk in Aweil South this week: q50 52.0 km², above most October weeks since 2000. Harvest: harvest window — move produce and equipment to higher ground before water rises. Approx. 1,602 ha of mapped crops in the Aweil South floodplain are at risk. Approx. 25,387 ha of rangeland at risk; plan early herd movement. (Aweil South maps ~141,257 cattle in baseline.)"
2022-10-17,Aweil West,26.52,0.952,2,harvest,287.2,13389.4,318964.9515941321,"High flood risk in Aweil West this week: q50 26.5 km², above most October weeks since 2000. Harvest: harvest window — move produce and equipment to higher ground before water rises. Approx. 287 ha of mapped crops in the Aweil West floodplain are at risk. Approx. 13,389 ha of rangeland at risk; plan early herd movement. (Aweil West maps ~318,965 cattle in baseline.)"
2022-10-24,Aweil Centre,0.13,0.548,0,harvest,0.0,5.9,364961.8333817694,"SEVERE flood expected in Aweil Centre this week: q50 0.1 km², above the 95th percentile of all October weeks since 2000. Approx. 6 ha of rangeland at risk; plan early herd movement. (Aweil Centre maps ~364,962 cattle in baseline.)"
2022-10-24,Aweil East,0.48,0.673,0,harvest,7.1,81.7,505027.7802561831,"SEVERE flood expected in Aweil East this week: q50 0.5 km², above the 95th percentile of all October weeks since 2000. Approx. 7 ha of mapped crops in the Aweil East floodplain are at risk. Approx. 82 ha of rangeland at risk; plan early herd movement. (Aweil East maps ~505,028 cattle in baseline.)"
2022-10-24,Aweil North,0.54,0.634,0,harvest,21.3,530.3,463800.5038861725,"SEVERE flood expected in Aweil North this week: q50 0.5 km², above the 95th percentile of all October weeks since 2000. Approx. 21 ha of mapped crops in the Aweil North floodplain are at risk. Approx. 530 ha of rangeland at risk; plan early herd movement. (Aweil North maps ~463,801 cattle in baseline.)"
2022-10-24,Aweil South,0.46,0.6,0,harvest,14.2,225.1,141256.8006910938,"SEVERE flood expected in Aweil South this week: q50 0.5 km², above the 95th percentile of all October weeks since 2000. Approx. 14 ha of mapped crops in the Aweil South floodplain are at risk. Approx. 225 ha of rangeland at risk; plan early herd movement. (Aweil South maps ~141,257 cattle in baseline.)"
2022-10-24,Aweil West,1.15,0.841,0,harvest,12.4,578.9,318964.9515941321,"SEVERE flood expected in Aweil West this week: q50 1.1 km², above the 95th percentile of all October weeks since 2000. Approx. 12 ha of mapped crops in the Aweil West floodplain are at risk. Approx. 579 ha of rangeland at risk; plan early herd movement. (Aweil West maps ~318,965 cattle in baseline.)"
2022-10-31,Aweil Centre,2.7,0.908,0,harvest,0.0,126.7,364961.8333817694,"SEVERE flood expected in Aweil Centre this week: q50 2.7 km², above the 95th percentile of all October weeks since 2000. Approx. 127 ha of rangeland at risk; plan early herd movement. (Aweil Centre maps ~364,962 cattle in baseline.)"
2022-10-31,Aweil East,71.65,0.915,1,harvest,1064.7,12240.4,505027.7802561831,"Elevated flood probability in Aweil East this week (q50 71.6 km², 91% detection chance). Harvest: harvest window — move produce and equipment to higher ground before water rises. Approx. 1,065 ha of mapped crops in the Aweil East floodplain are at risk. Approx. 12,240 ha of rangeland at risk; plan early herd movement. (Aweil East maps ~505,028 cattle in baseline.)"
2022-10-31,Aweil North,31.26,0.948,3,harvest,380.3,9471.4,463800.5038861725,"SEVERE flood expected in Aweil North this week: q50 31.3 km², above the 95th percentile of all October weeks since 2000. Harvest: harvest window — move produce and equipment to higher ground before water rises. Approx. 380 ha of mapped crops in the Aweil North floodplain are at risk. Approx. 9,471 ha of rangeland at risk; plan early herd movement. (Aweil North maps ~463,801 cattle in baseline.)"
2022-10-31,Aweil South,74.11,0.906,3,harvest,2187.0,34651.6,141256.8006910938,"SEVERE flood expected in Aweil South this week: q50 74.1 km², above the 95th percentile of all October weeks since 2000. Harvest: harvest window — move produce and equipment to higher ground before water rises. Approx. 2,187 ha of mapped crops in the Aweil South floodplain are at risk. Approx. 34,652 ha of rangeland at risk; plan early herd movement. (Aweil South maps ~141,257 cattle in baseline.)"
2022-10-31,Aweil West,31.82,0.945,2,harvest,344.5,16063.7,318964.9515941321,"High flood risk in Aweil West this week: q50 31.8 km², above most October weeks since 2000. Harvest: harvest window — move produce and equipment to higher ground before water rises. Approx. 345 ha of mapped crops in the Aweil West floodplain are at risk. Approx. 16,064 ha of rangeland at risk; plan early herd movement. (Aweil West maps ~318,965 cattle in baseline.)"
2022-11-07,Aweil Centre,0.95,0.823,0,harvest / drying,0.0,136.7,364961.8333817694,"SEVERE flood expected in Aweil Centre this week: q50 0.9 km², above the 95th percentile of all November weeks since 2000. Approx. 137 ha of rangeland at risk; plan early herd movement. (Aweil Centre maps ~364,962 cattle in baseline.)"
2022-11-07,Aweil East,27.91,0.94,0,harvest / drying,504.6,6602.9,505027.7802561831,"SEVERE flood expected in Aweil East this week: q50 27.9 km², above the 95th percentile of all November weeks since 2000. Approx. 505 ha of mapped crops in the Aweil East floodplain are at risk. Approx. 6,603 ha of rangeland at risk; plan early herd movement. (Aweil East maps ~505,028 cattle in baseline.)"
2022-11-07,Aweil North,1.29,0.932,3,harvest / drying,214.9,8258.8,463800.5038861725,"SEVERE flood expected in Aweil North this week: q50 1.3 km², above the 95th percentile of all November weeks since 2000. Harvest / drying: harvest window closing — move produce and equipment to higher ground before water rises. Approx. 215 ha of mapped crops in the Aweil North floodplain are at risk. Approx. 8,259 ha of rangeland at risk; plan early herd movement. (Aweil North maps ~463,801 cattle in baseline.)"
2022-11-07,Aweil South,80.92,0.939,3,harvest / drying,1692.3,27114.9,141256.8006910938,"SEVERE flood expected in Aweil South this week: q50 80.9 km², above the 95th percentile of all November weeks since 2000. Harvest / drying: harvest window closing — move produce and equipment to higher ground before water rises. Approx. 1,692 ha of mapped crops in the Aweil South floodplain are at risk. Approx. 27,115 ha of rangeland at risk; plan early herd movement. (Aweil South maps ~141,257 cattle in baseline.)"
2022-11-07,Aweil West,6.12,0.932,3,harvest / drying,232.4,9974.1,318964.9515941321,"SEVERE flood expected in Aweil West this week: q50 6.1 km², above the 95th percentile of all November weeks since 2000. Harvest / drying: harvest window closing — move produce and equipment to higher ground before water rises. Approx. 232 ha of mapped crops in the Aweil West floodplain are at risk. Approx. 9,974 ha of rangeland at risk; plan early herd movement. (Aweil West maps ~318,965 cattle in baseline.)"
2022-11-14,Aweil Centre,0.73,0.801,0,harvest / drying,0.0,104.9,364961.8333817694,"SEVERE flood expected in Aweil Centre this week: q50 0.7 km², above the 95th percentile of all November weeks since 2000. Approx. 105 ha of rangeland at risk; plan early herd movement. (Aweil Centre maps ~364,962 cattle in baseline.)"
2022-11-14,Aweil East,70.68,0.927,2,harvest / drying,1277.7,16719.1,505027.7802561831,"High flood risk in Aweil East this week: q50 70.7 km², above most November weeks since 2000. Harvest / drying: harvest window closing — move produce and equipment to higher ground before water rises. Approx. 1,278 ha of mapped crops in the Aweil East floodplain are at risk. Approx. 16,719 ha of rangeland at risk; plan early herd movement. (Aweil East maps ~505,028 cattle in baseline.)"
2022-11-14,Aweil North,0.15,0.772,0,harvest / drying,39.4,1512.7,463800.5038861725,"SEVERE flood expected in Aweil North this week: q50 0.1 km², above the 95th percentile of all November weeks since 2000. Approx. 39 ha of mapped crops in the Aweil North floodplain are at risk. Approx. 1,513 ha of rangeland at risk; plan early herd movement. (Aweil North maps ~463,801 cattle in baseline.)"
2022-11-14,Aweil South,81.44,0.923,3,harvest / drying,1703.2,27289.0,141256.8006910938,"SEVERE flood expected in Aweil South this week: q50 81.4 km², above the 95th percentile of all November weeks since 2000. Harvest / drying: harvest window closing — move produce and equipment to higher ground before water rises. Approx. 1,703 ha of mapped crops in the Aweil South floodplain are at risk. Approx. 27,289 ha of rangeland at risk; plan early herd movement. (Aweil South maps ~141,257 cattle in baseline.)"
2022-11-14,Aweil West,1.17,0.931,0,harvest / drying,44.3,1900.8,318964.9515941321,"SEVERE flood expected in Aweil West this week: q50 1.2 km², above the 95th percentile of all November weeks since 2000. Approx. 44 ha of mapped crops in the Aweil West floodplain are at risk. Approx. 1,901 ha of rangeland at risk; plan early herd movement. (Aweil West maps ~318,965 cattle in baseline.)"
2022-11-21,Aweil Centre,0.19,0.727,0,harvest / drying,0.0,27.9,364961.8333817694,"SEVERE flood expected in Aweil Centre this week: q50 0.2 km², above the 95th percentile of all November weeks since 2000. Approx. 28 ha of rangeland at risk; plan early herd movement. (Aweil Centre maps ~364,962 cattle in baseline.)"
2022-11-21,Aweil East,81.87,0.938,2,harvest / drying,1479.9,19366.0,505027.7802561831,"High flood risk in Aweil East this week: q50 81.9 km², above most November weeks since 2000. Harvest / drying: harvest window closing — move produce and equipment to higher ground before water rises. Approx. 1,480 ha of mapped crops in the Aweil East floodplain are at risk. Approx. 19,366 ha of rangeland at risk; plan early herd movement. (Aweil East maps ~505,028 cattle in baseline.)"
2022-11-21,Aweil North,0.05,0.396,0,harvest / drying,13.1,502.8,463800.5038861725,"No flood expected in Aweil North this week (q50 0.0 km²). Routine monitoring. Approx. 13 ha of mapped crops in the Aweil North floodplain are at risk. Approx. 503 ha of rangeland at risk; plan early herd movement. (Aweil North maps ~463,801 cattle in baseline.)"
2022-11-21,Aweil South,82.06,0.936,3,harvest / drying,1716.1,27495.6,141256.8006910938,"SEVERE flood expected in Aweil South this week: q50 82.1 km², above the 95th percentile of all November weeks since 2000. Harvest / drying: harvest window closing — move produce and equipment to higher ground before water rises. Approx. 1,716 ha of mapped crops in the Aweil South floodplain are at risk. Approx. 27,496 ha of rangeland at risk; plan early herd movement. (Aweil South maps ~141,257 cattle in baseline.)"
2022-11-21,Aweil West,0.13,0.802,0,harvest / drying,4.9,208.7,318964.9515941321,"SEVERE flood expected in Aweil West this week: q50 0.1 km², above the 95th percentile of all November weeks since 2000. Approx. 5 ha of mapped crops in the Aweil West floodplain are at risk. Approx. 209 ha of rangeland at risk; plan early herd movement. (Aweil West maps ~318,965 cattle in baseline.)"
2022-11-28,Aweil Centre,0.09,0.63,0,harvest / drying,0.0,13.5,364961.8333817694,"SEVERE flood expected in Aweil Centre this week: q50 0.1 km², above the 95th percentile of all November weeks since 2000. Approx. 13 ha of rangeland at risk; plan early herd movement. (Aweil Centre maps ~364,962 cattle in baseline.)"
2022-11-28,Aweil East,46.81,0.948,2,harvest / drying,846.1,11071.5,505027.7802561831,"High flood risk in Aweil East this week: q50 46.8 km², above most November weeks since 2000. Harvest / drying: harvest window closing — move produce and equipment to higher ground before water rises. Approx. 846 ha of mapped crops in the Aweil East floodplain are at risk. Approx. 11,072 ha of rangeland at risk; plan early herd movement. (Aweil East maps ~505,028 cattle in baseline.)"
2022-11-28,Aweil North,0.01,0.109,0,harvest / drying,1.9,71.3,463800.5038861725,"No flood expected in Aweil North this week (q50 0.0 km²). Routine monitoring. Approx. 2 ha of mapped crops in the Aweil North floodplain are at risk. Approx. 71 ha of rangeland at risk; plan early herd movement. (Aweil North maps ~463,801 cattle in baseline.)"
2022-11-28,Aweil South,81.87,0.945,3,harvest / drying,1712.2,27433.3,141256.8006910938,"SEVERE flood expected in Aweil South this week: q50 81.9 km², above the 95th percentile of all November weeks since 2000. Harvest / drying: harvest window closing — move produce and equipment to higher ground before water rises. Approx. 1,712 ha of mapped crops in the Aweil South floodplain are at risk. Approx. 27,433 ha of rangeland at risk; plan early herd movement. (Aweil South maps ~141,257 cattle in baseline.)"
2022-11-28,Aweil West,0.08,0.35,0,harvest / drying,2.9,124.1,318964.9515941321,"No flood expected in Aweil West this week (q50 0.1 km²). Routine monitoring. Approx. 3 ha of mapped crops in the Aweil West floodplain are at risk. Approx. 124 ha of rangeland at risk; plan early herd movement. (Aweil West maps ~318,965 cattle in baseline.)"
2022-12-05,Aweil Centre,0.0,0.253,0,dry season,0.0,0.0,364961.8333817694,"No flood expected in Aweil Centre this week (q50 0.0 km²). Routine monitoring. (Aweil Centre maps ~364,962 cattle in baseline.)"
2022-12-05,Aweil East,4.88,0.935,3,dry season,907.4,18420.3,505027.7802561831,"SEVERE flood expected in Aweil East this week: q50 4.9 km², above the 95th percentile of all December weeks since 2000. Dry season: little active cropping; floodplain grazing and residual flooding dominate. Approx. 907 ha of mapped crops in the Aweil East floodplain are at risk. Approx. 18,420 ha of rangeland at risk; plan early herd movement. (Aweil East maps ~505,028 cattle in baseline.)"
2022-12-05,Aweil North,0.0,0.046,0,dry season,0.0,0.0,463800.5038861725,"No flood expected in Aweil North this week (q50 0.0 km²). Routine monitoring. (Aweil North maps ~463,801 cattle in baseline.)"
2022-12-05,Aweil South,81.73,0.935,3,dry season,1302.8,26094.0,141256.8006910938,"SEVERE flood expected in Aweil South this week: q50 81.7 km², above the 95th percentile of all December weeks since 2000. Dry season: little active cropping; floodplain grazing and residual flooding dominate. Approx. 1,303 ha of mapped crops in the Aweil South floodplain are at risk. Approx. 26,094 ha of rangeland at risk; plan early herd movement. (Aweil South maps ~141,257 cattle in baseline.)"
2022-12-05,Aweil West,0.0,0.074,0,dry season,0.0,0.0,318964.9515941321,"No flood expected in Aweil West this week (q50 0.0 km²). Routine monitoring. (Aweil West maps ~318,965 cattle in baseline.)"
2022-12-12,Aweil Centre,0.0,0.071,0,dry season,0.0,1.2,364961.8333817694,"No flood expected in Aweil Centre this week (q50 0.0 km²). Routine monitoring. Approx. 1 ha of rangeland at risk; plan early herd movement. (Aweil Centre maps ~364,962 cattle in baseline.)"
2022-12-12,Aweil East,6.59,0.931,3,dry season,1224.8,24863.7,505027.7802561831,"SEVERE flood expected in Aweil East this week: q50 6.6 km², above the 95th percentile of all December weeks since 2000. Dry season: little active cropping; floodplain grazing and residual flooding dominate. Approx. 1,225 ha of mapped crops in the Aweil East floodplain are at risk. Approx. 24,864 ha of rangeland at risk; plan early herd movement. (Aweil East maps ~505,028 cattle in baseline.)"
2022-12-12,Aweil North,0.0,0.028,0,dry season,0.0,0.0,463800.5038861725,"No flood expected in Aweil North this week (q50 0.0 km²). Routine monitoring. (Aweil North maps ~463,801 cattle in baseline.)"
2022-12-12,Aweil South,81.77,0.932,3,dry season,1302.8,26094.0,141256.8006910938,"SEVERE flood expected in Aweil South this week: q50 81.8 km², above the 95th percentile of all December weeks since 2000. Dry season: little active cropping; floodplain grazing and residual flooding dominate. Approx. 1,303 ha of mapped crops in the Aweil South floodplain are at risk. Approx. 26,094 ha of rangeland at risk; plan early herd movement. (Aweil South maps ~141,257 cattle in baseline.)"
2022-12-12,Aweil West,0.0,0.029,0,dry season,0.0,0.0,318964.9515941321,"No flood expected in Aweil West this week (q50 0.0 km²). Routine monitoring. (Aweil West maps ~318,965 cattle in baseline.)"
2022-12-19,Aweil Centre,0.0,0.039,0,dry season,0.0,0.0,364961.8333817694,"No flood expected in Aweil Centre this week (q50 0.0 km²). Routine monitoring. (Aweil Centre maps ~364,962 cattle in baseline.)"
2022-12-19,Aweil East,1.56,0.928,2,dry season,290.0,5886.9,505027.7802561831,"High flood risk in Aweil East this week: q50 1.6 km², above most December weeks since 2000. Dry season: little active cropping; floodplain grazing and residual flooding dominate. Approx. 290 ha of mapped crops in the Aweil East floodplain are at risk. Approx. 5,887 ha of rangeland at risk; plan early herd movement. (Aweil East maps ~505,028 cattle in baseline.)"
2022-12-19,Aweil North,0.0,0.027,0,dry season,0.0,0.0,463800.5038861725,"No flood expected in Aweil North this week (q50 0.0 km²). Routine monitoring. (Aweil North maps ~463,801 cattle in baseline.)"
2022-12-19,Aweil South,38.77,0.929,3,dry season,1302.8,26094.0,141256.8006910938,"SEVERE flood expected in Aweil South this week: q50 38.8 km², above the 95th percentile of all December weeks since 2000. Dry season: little active cropping; floodplain grazing and residual flooding dominate. Approx. 1,303 ha of mapped crops in the Aweil South floodplain are at risk. Approx. 26,094 ha of rangeland at risk; plan early herd movement. (Aweil South maps ~141,257 cattle in baseline.)"
2022-12-19,Aweil West,0.0,0.026,0,dry season,0.0,0.0,318964.9515941321,"No flood expected in Aweil West this week (q50 0.0 km²). Routine monitoring. (Aweil West maps ~318,965 cattle in baseline.)"
2022-12-26,Aweil Centre,0.0,0.031,0,dry season,0.0,0.0,364961.8333817694,"No flood expected in Aweil Centre this week (q50 0.0 km²). Routine monitoring. (Aweil Centre maps ~364,962 cattle in baseline.)"
2022-12-26,Aweil East,0.35,0.771,0,dry season,65.1,1321.5,505027.7802561831,"SEVERE flood expected in Aweil East this week: q50 0.4 km², above the 95th percentile of all December weeks since 2000. Approx. 65 ha of mapped crops in the Aweil East floodplain are at risk. Approx. 1,322 ha of rangeland at risk; plan early herd movement. (Aweil East maps ~505,028 cattle in baseline.)"
2022-12-26,Aweil North,0.0,0.026,0,dry season,0.0,0.0,463800.5038861725,"No flood expected in Aweil North this week (q50 0.0 km²). Routine monitoring. (Aweil North maps ~463,801 cattle in baseline.)"
2022-12-26,Aweil South,10.39,0.937,2,dry season,655.2,13122.5,141256.8006910938,"High flood risk in Aweil South this week: q50 10.4 km², above most December weeks since 2000. Dry season: little active cropping; floodplain grazing and residual flooding dominate. Approx. 655 ha of mapped crops in the Aweil South floodplain are at risk. Approx. 13,122 ha of rangeland at risk; plan early herd movement. (Aweil South maps ~141,257 cattle in baseline.)"
2022-12-26,Aweil West,0.0,0.025,0,dry season,0.0,0.0,318964.9515941321,"No flood expected in Aweil West this week (q50 0.0 km²). Routine monitoring. (Aweil West maps ~318,965 cattle in baseline.)"
2023-01-02,Aweil Centre,0.0,0.051,0,dry season (late phase),0.0,0.0,364961.8333817694,"No flood expected in Aweil Centre this week (q50 0.0 km²). Routine monitoring. (Aweil Centre maps ~364,962 cattle in baseline.)"
2023-01-02,Aweil East,0.11,0.551,2,dry season (late phase),0.0,626.7,505027.7802561831,"High flood risk in Aweil East this week: q50 0.1 km², above most January weeks since 2000. Dry season (late phase): little active cropping; floodplain grazing and residual flooding dominate. Approx. 627 ha of rangeland at risk; plan early herd movement. (Aweil East maps ~505,028 cattle in baseline.)"
2023-01-02,Aweil North,0.0,0.033,0,dry season (late phase),0.0,0.0,463800.5038861725,"No flood expected in Aweil North this week (q50 0.0 km²). Routine monitoring. (Aweil North maps ~463,801 cattle in baseline.)"
2023-01-02,Aweil South,0.0,0.812,0,dry season (late phase),0.0,0.0,141256.8006910938,"SEVERE flood expected in Aweil South this week: q50 0.0 km², above the 95th percentile of all January weeks since 2000. (Aweil South maps ~141,257 cattle in baseline.)"
2023-01-02,Aweil West,0.0,0.027,0,dry season (late phase),0.0,0.0,318964.9515941321,"No flood expected in Aweil West this week (q50 0.0 km²). Routine monitoring. (Aweil West maps ~318,965 cattle in baseline.)"
2023-01-09,Aweil Centre,0.0,0.055,0,dry season (late phase),0.0,0.0,364961.8333817694,"No flood expected in Aweil Centre this week (q50 0.0 km²). Routine monitoring. (Aweil Centre maps ~364,962 cattle in baseline.)"
2023-01-09,Aweil East,0.0,0.419,0,dry season (late phase),0.0,0.0,505027.7802561831,"No flood expected in Aweil East this week (q50 0.0 km²). Routine monitoring. (Aweil East maps ~505,028 cattle in baseline.)"
2023-01-09,Aweil North,0.0,0.031,0,dry season (late phase),0.0,0.0,463800.5038861725,"No flood expected in Aweil North this week (q50 0.0 km²). Routine monitoring. (Aweil North maps ~463,801 cattle in baseline.)"
2023-01-09,Aweil South,0.05,0.476,0,dry season (late phase),0.1,3.6,141256.8006910938,"No flood expected in Aweil South this week (q50 0.0 km²). Routine monitoring. Approx. 4 ha of rangeland at risk; plan early herd movement. (Aweil South maps ~141,257 cattle in baseline.)"
2023-01-09,Aweil West,0.0,0.03,0,dry season (late phase),0.0,0.0,318964.9515941321,"No flood expected in Aweil West this week (q50 0.0 km²). Routine monitoring. (Aweil West maps ~318,965 cattle in baseline.)"
2023-01-16,Aweil Centre,0.0,0.052,0,dry season (late phase),0.0,0.0,364961.8333817694,"No flood expected in Aweil Centre this week (q50 0.0 km²). Routine monitoring. (Aweil Centre maps ~364,962 cattle in baseline.)"
2023-01-16,Aweil East,0.05,0.34,2,dry season (late phase),0.0,249.9,505027.7802561831,"High flood risk in Aweil East this week: q50 0.0 km², above most January weeks since 2000. Dry season (late phase): little active cropping; floodplain grazing and residual flooding dominate. Approx. 250 ha of rangeland at risk; plan early herd movement. (Aweil East maps ~505,028 cattle in baseline.)"
2023-01-16,Aweil North,0.0,0.029,0,dry season (late phase),0.0,0.0,463800.5038861725,"No flood expected in Aweil North this week (q50 0.0 km²). Routine monitoring. (Aweil North maps ~463,801 cattle in baseline.)"
2023-01-16,Aweil South,0.0,0.243,0,dry season (late phase),0.0,0.0,141256.8006910938,"No flood expected in Aweil South this week (q50 0.0 km²). Routine monitoring. (Aweil South maps ~141,257 cattle in baseline.)"
2023-01-16,Aweil West,0.0,0.028,0,dry season (late phase),0.0,0.0,318964.9515941321,"No flood expected in Aweil West this week (q50 0.0 km²). Routine monitoring. (Aweil West maps ~318,965 cattle in baseline.)"
2023-01-23,Aweil Centre,0.0,0.049,0,dry season (late phase),0.0,0.0,364961.8333817694,"No flood expected in Aweil Centre this week (q50 0.0 km²). Routine monitoring. (Aweil Centre maps ~364,962 cattle in baseline.)"
2023-01-23,Aweil East,0.07,0.336,2,dry season (late phase),0.0,375.5,505027.7802561831,"High flood risk in Aweil East this week: q50 0.1 km², above most January weeks since 2000. Dry season (late phase): little active cropping; floodplain grazing and residual flooding dominate. Approx. 376 ha of rangeland at risk; plan early herd movement. (Aweil East maps ~505,028 cattle in baseline.)"
2023-01-23,Aweil North,0.0,0.026,0,dry season (late phase),0.0,0.0,463800.5038861725,"No flood expected in Aweil North this week (q50 0.0 km²). Routine monitoring. (Aweil North maps ~463,801 cattle in baseline.)"
2023-01-23,Aweil South,0.0,0.069,0,dry season (late phase),0.0,0.0,141256.8006910938,"No flood expected in Aweil South this week (q50 0.0 km²). Routine monitoring. (Aweil South maps ~141,257 cattle in baseline.)"
2023-01-23,Aweil West,0.0,0.026,0,dry season (late phase),0.0,0.0,318964.9515941321,"No flood expected in Aweil West this week (q50 0.0 km²). Routine monitoring. (Aweil West maps ~318,965 cattle in baseline.)"
2023-01-30,Aweil Centre,0.0,0.026,0,dry season (late phase),0.0,0.0,364961.8333817694,"No flood expected in Aweil Centre this week (q50 0.0 km²). Routine monitoring. (Aweil Centre maps ~364,962 cattle in baseline.)"
2023-01-30,Aweil East,0.0,0.263,0,dry season (late phase),0.0,10.8,505027.7802561831,"No flood expected in Aweil East this week (q50 0.0 km²). Routine monitoring. Approx. 11 ha of rangeland at risk; plan early herd movement. (Aweil East maps ~505,028 cattle in baseline.)"
2023-01-30,Aweil North,0.0,0.023,0,dry season (late phase),0.0,0.0,463800.5038861725,"No flood expected in Aweil North this week (q50 0.0 km²). Routine monitoring. (Aweil North maps ~463,801 cattle in baseline.)"
2023-01-30,Aweil South,0.0,0.035,0,dry season (late phase),0.0,0.0,141256.8006910938,"No flood expected in Aweil South this week (q50 0.0 km²). Routine monitoring. (Aweil South maps ~141,257 cattle in baseline.)"
2023-01-30,Aweil West,0.0,0.023,0,dry season (late phase),0.0,0.0,318964.9515941321,"No flood expected in Aweil West this week (q50 0.0 km²). Routine monitoring. (Aweil West maps ~318,965 cattle in baseline.)"
2023-02-06,Aweil Centre,0.0,0.031,0,dry season,0.0,0.0,364961.8333817694,"No flood expected in Aweil Centre this week (q50 0.0 km²). Routine monitoring. (Aweil Centre maps ~364,962 cattle in baseline.)"
2023-02-06,Aweil East,0.0,0.09,0,dry season,0.0,0.0,505027.7802561831,"No flood expected in Aweil East this week (q50 0.0 km²). Routine monitoring. (Aweil East maps ~505,028 cattle in baseline.)"
2023-02-06,Aweil North,0.0,0.031,0,dry season,0.0,0.0,463800.5038861725,"No flood expected in Aweil North this week (q50 0.0 km²). Routine monitoring. (Aweil North maps ~463,801 cattle in baseline.)"
2023-02-06,Aweil South,0.0,0.031,0,dry season,0.0,0.0,141256.8006910938,"No flood expected in Aweil South this week (q50 0.0 km²). Routine monitoring. (Aweil South maps ~141,257 cattle in baseline.)"
2023-02-06,Aweil West,0.0,0.031,0,dry season,0.0,0.0,318964.9515941321,"No flood expected in Aweil West this week (q50 0.0 km²). Routine monitoring. (Aweil West maps ~318,965 cattle in baseline.)"
2023-02-13,Aweil Centre,0.0,0.022,0,dry season,0.0,0.0,364961.8333817694,"No flood expected in Aweil Centre this week (q50 0.0 km²). Routine monitoring. (Aweil Centre maps ~364,962 cattle in baseline.)"
2023-02-13,Aweil East,0.0,0.031,0,dry season,0.0,0.0,505027.7802561831,"No flood expected in Aweil East this week (q50 0.0 km²). Routine monitoring. (Aweil East maps ~505,028 cattle in baseline.)"
2023-02-13,Aweil North,0.0,0.022,0,dry season,0.0,0.0,463800.5038861725,"No flood expected in Aweil North this week (q50 0.0 km²). Routine monitoring. (Aweil North maps ~463,801 cattle in baseline.)"
2023-02-13,Aweil South,0.0,0.022,0,dry season,0.0,0.0,141256.8006910938,"No flood expected in Aweil South this week (q50 0.0 km²). Routine monitoring. (Aweil South maps ~141,257 cattle in baseline.)"
2023-02-13,Aweil West,0.0,0.022,0,dry season,0.0,0.0,318964.9515941321,"No flood expected in Aweil West this week (q50 0.0 km²). Routine monitoring. (Aweil West maps ~318,965 cattle in baseline.)"
2023-02-20,Aweil Centre,0.0,0.022,0,dry season,0.0,0.0,364961.8333817694,"No flood expected in Aweil Centre this week (q50 0.0 km²). Routine monitoring. (Aweil Centre maps ~364,962 cattle in baseline.)"
2023-02-20,Aweil East,0.0,0.021,0,dry season,0.0,0.0,505027.7802561831,"No flood expected in Aweil East this week (q50 0.0 km²). Routine monitoring. (Aweil East maps ~505,028 cattle in baseline.)"
2023-02-20,Aweil North,0.0,0.023,0,dry season,0.0,0.0,463800.5038861725,"No flood expected in Aweil North this week (q50 0.0 km²). Routine monitoring. (Aweil North maps ~463,801 cattle in baseline.)"
2023-02-20,Aweil South,0.0,0.023,0,dry season,0.0,0.0,141256.8006910938,"No flood expected in Aweil South this week (q50 0.0 km²). Routine monitoring. (Aweil South maps ~141,257 cattle in baseline.)"
2023-02-20,Aweil West,0.0,0.023,0,dry season,0.0,0.0,318964.9515941321,"No flood expected in Aweil West this week (q50 0.0 km²). Routine monitoring. (Aweil West maps ~318,965 cattle in baseline.)"
2023-02-27,Aweil Centre,0.0,0.022,0,dry season,0.0,0.0,364961.8333817694,"No flood expected in Aweil Centre this week (q50 0.0 km²). Routine monitoring. (Aweil Centre maps ~364,962 cattle in baseline.)"
2023-02-27,Aweil East,0.0,0.022,0,dry season,0.0,0.0,505027.7802561831,"No flood expected in Aweil East this week (q50 0.0 km²). Routine monitoring. (Aweil East maps ~505,028 cattle in baseline.)"
2023-02-27,Aweil North,0.0,0.025,0,dry season,0.0,0.0,463800.5038861725,"No flood expected in Aweil North this week (q50 0.0 km²). Routine monitoring. (Aweil North maps ~463,801 cattle in baseline.)"
2023-02-27,Aweil South,0.0,0.025,0,dry season,0.0,0.0,141256.8006910938,"No flood expected in Aweil South this week (q50 0.0 km²). Routine monitoring. (Aweil South maps ~141,257 cattle in baseline.)"
2023-02-27,Aweil West,0.0,0.025,0,dry season,0.0,0.0,318964.9515941321,"No flood expected in Aweil West this week (q50 0.0 km²). Routine monitoring. (Aweil West maps ~318,965 cattle in baseline.)"
2023-03-06,Aweil Centre,0.0,0.022,0,early season (sowing),0.0,0.0,364961.8333817694,"No flood expected in Aweil Centre this week (q50 0.0 km²). Routine monitoring. (Aweil Centre maps ~364,962 cattle in baseline.)"
2023-03-06,Aweil East,0.0,0.022,0,early season (sowing),0.0,0.0,505027.7802561831,"No flood expected in Aweil East this week (q50 0.0 km²). Routine monitoring. (Aweil East maps ~505,028 cattle in baseline.)"
2023-03-06,Aweil North,0.0,0.024,0,early season (sowing),0.0,0.0,463800.5038861725,"No flood expected in Aweil North this week (q50 0.0 km²). Routine monitoring. (Aweil North maps ~463,801 cattle in baseline.)"
2023-03-06,Aweil South,0.0,0.024,0,early season (sowing),0.0,0.0,141256.8006910938,"No flood expected in Aweil South this week (q50 0.0 km²). Routine monitoring. (Aweil South maps ~141,257 cattle in baseline.)"
2023-03-06,Aweil West,0.0,0.023,0,early season (sowing),0.0,0.0,318964.9515941321,"No flood expected in Aweil West this week (q50 0.0 km²). Routine monitoring. (Aweil West maps ~318,965 cattle in baseline.)"
2023-03-13,Aweil Centre,0.0,0.022,0,early season (sowing),0.0,0.0,364961.8333817694,"No flood expected in Aweil Centre this week (q50 0.0 km²). Routine monitoring. (Aweil Centre maps ~364,962 cattle in baseline.)"
2023-03-13,Aweil East,0.0,0.021,0,early season (sowing),0.0,0.0,505027.7802561831,"No flood expected in Aweil East this week (q50 0.0 km²). Routine monitoring. (Aweil East maps ~505,028 cattle in baseline.)"
2023-03-13,Aweil North,0.0,0.023,0,early season (sowing),0.0,0.0,463800.5038861725,"No flood expected in Aweil North this week (q50 0.0 km²). Routine monitoring. (Aweil North maps ~463,801 cattle in baseline.)"
2023-03-13,Aweil South,0.0,0.023,0,early season (sowing),0.0,0.0,141256.8006910938,"No flood expected in Aweil South this week (q50 0.0 km²). Routine monitoring. (Aweil South maps ~141,257 cattle in baseline.)"
2023-03-13,Aweil West,0.0,0.023,0,early season (sowing),0.0,0.0,318964.9515941321,"No flood expected in Aweil West this week (q50 0.0 km²). Routine monitoring. (Aweil West maps ~318,965 cattle in baseline.)"
2023-03-20,Aweil Centre,0.0,0.027,0,early season (sowing),0.0,0.0,364961.8333817694,"No flood expected in Aweil Centre this week (q50 0.0 km²). Routine monitoring. (Aweil Centre maps ~364,962 cattle in baseline.)"
2023-03-20,Aweil East,0.0,0.026,0,early season (sowing),0.0,0.0,505027.7802561831,"No flood expected in Aweil East this week (q50 0.0 km²). Routine monitoring. (Aweil East maps ~505,028 cattle in baseline.)"
2023-03-20,Aweil North,0.0,0.026,0,early season (sowing),0.0,0.0,463800.5038861725,"No flood expected in Aweil North this week (q50 0.0 km²). Routine monitoring. (Aweil North maps ~463,801 cattle in baseline.)"
2023-03-20,Aweil South,0.0,0.026,0,early season (sowing),0.0,0.0,141256.8006910938,"No flood expected in Aweil South this week (q50 0.0 km²). Routine monitoring. (Aweil South maps ~141,257 cattle in baseline.)"
2023-03-20,Aweil West,0.0,0.025,0,early season (sowing),0.0,0.0,318964.9515941321,"No flood expected in Aweil West this week (q50 0.0 km²). Routine monitoring. (Aweil West maps ~318,965 cattle in baseline.)"
2023-03-27,Aweil Centre,0.0,0.035,0,early season (sowing),0.0,0.0,364961.8333817694,"No flood expected in Aweil Centre this week (q50 0.0 km²). Routine monitoring. (Aweil Centre maps ~364,962 cattle in baseline.)"
2023-03-27,Aweil East,0.0,0.037,0,early season (sowing),0.0,0.0,505027.7802561831,"No flood expected in Aweil East this week (q50 0.0 km²). Routine monitoring. (Aweil East maps ~505,028 cattle in baseline.)"
2023-03-27,Aweil North,0.0,0.039,0,early season (sowing),0.0,0.0,463800.5038861725,"No flood expected in Aweil North this week (q50 0.0 km²). Routine monitoring. (Aweil North maps ~463,801 cattle in baseline.)"
2023-03-27,Aweil South,0.0,0.039,0,early season (sowing),0.0,0.0,141256.8006910938,"No flood expected in Aweil South this week (q50 0.0 km²). Routine monitoring. (Aweil South maps ~141,257 cattle in baseline.)"
2023-03-27,Aweil West,0.0,0.038,0,early season (sowing),0.0,0.0,318964.9515941321,"No flood expected in Aweil West this week (q50 0.0 km²). Routine monitoring. (Aweil West maps ~318,965 cattle in baseline.)"
2023-04-03,Aweil Centre,0.0,0.029,0,crop establishment,0.0,0.0,364961.8333817694,"No flood expected in Aweil Centre this week (q50 0.0 km²). Routine monitoring. (Aweil Centre maps ~364,962 cattle in baseline.)"
2023-04-03,Aweil East,0.0,0.029,0,crop establishment,0.0,0.0,505027.7802561831,"No flood expected in Aweil East this week (q50 0.0 km²). Routine monitoring. (Aweil East maps ~505,028 cattle in baseline.)"
2023-04-03,Aweil North,0.0,0.03,0,crop establishment,0.0,0.0,463800.5038861725,"No flood expected in Aweil North this week (q50 0.0 km²). Routine monitoring. (Aweil North maps ~463,801 cattle in baseline.)"
2023-04-03,Aweil South,0.0,0.03,0,crop establishment,0.0,0.0,141256.8006910938,"No flood expected in Aweil South this week (q50 0.0 km²). Routine monitoring. (Aweil South maps ~141,257 cattle in baseline.)"
2023-04-03,Aweil West,0.0,0.029,0,crop establishment,0.0,0.0,318964.9515941321,"No flood expected in Aweil West this week (q50 0.0 km²). Routine monitoring. (Aweil West maps ~318,965 cattle in baseline.)"
2023-04-10,Aweil Centre,0.0,0.027,0,crop establishment,0.0,0.0,364961.8333817694,"No flood expected in Aweil Centre this week (q50 0.0 km²). Routine monitoring. (Aweil Centre maps ~364,962 cattle in baseline.)"
2023-04-10,Aweil East,0.0,0.027,0,crop establishment,0.0,0.0,505027.7802561831,"No flood expected in Aweil East this week (q50 0.0 km²). Routine monitoring. (Aweil East maps ~505,028 cattle in baseline.)"
2023-04-10,Aweil North,0.0,0.029,0,crop establishment,0.0,0.0,463800.5038861725,"No flood expected in Aweil North this week (q50 0.0 km²). Routine monitoring. (Aweil North maps ~463,801 cattle in baseline.)"
2023-04-10,Aweil South,0.0,0.029,0,crop establishment,0.0,0.0,141256.8006910938,"No flood expected in Aweil South this week (q50 0.0 km²). Routine monitoring. (Aweil South maps ~141,257 cattle in baseline.)"
2023-04-10,Aweil West,0.0,0.027,0,crop establishment,0.0,0.0,318964.9515941321,"No flood expected in Aweil West this week (q50 0.0 km²). Routine monitoring. (Aweil West maps ~318,965 cattle in baseline.)"
2023-04-17,Aweil Centre,0.0,0.037,0,crop establishment,0.0,0.0,364961.8333817694,"No flood expected in Aweil Centre this week (q50 0.0 km²). Routine monitoring. (Aweil Centre maps ~364,962 cattle in baseline.)"
2023-04-17,Aweil East,0.0,0.038,0,crop establishment,0.0,0.0,505027.7802561831,"No flood expected in Aweil East this week (q50 0.0 km²). Routine monitoring. (Aweil East maps ~505,028 cattle in baseline.)"
2023-04-17,Aweil North,0.0,0.037,0,crop establishment,0.0,0.0,463800.5038861725,"No flood expected in Aweil North this week (q50 0.0 km²). Routine monitoring. (Aweil North maps ~463,801 cattle in baseline.)"
2023-04-17,Aweil South,0.0,0.036,0,crop establishment,0.0,0.0,141256.8006910938,"No flood expected in Aweil South this week (q50 0.0 km²). Routine monitoring. (Aweil South maps ~141,257 cattle in baseline.)"
2023-04-17,Aweil West,0.0,0.033,0,crop establishment,0.0,0.0,318964.9515941321,"No flood expected in Aweil West this week (q50 0.0 km²). Routine monitoring. (Aweil West maps ~318,965 cattle in baseline.)"
2023-04-24,Aweil Centre,0.0,0.063,0,crop establishment,0.0,0.0,364961.8333817694,"No flood expected in Aweil Centre this week (q50 0.0 km²). Routine monitoring. (Aweil Centre maps ~364,962 cattle in baseline.)"
2023-04-24,Aweil East,0.0,0.069,0,crop establishment,0.0,0.0,505027.7802561831,"No flood expected in Aweil East this week (q50 0.0 km²). Routine monitoring. (Aweil East maps ~505,028 cattle in baseline.)"
2023-04-24,Aweil North,0.0,0.063,0,crop establishment,0.0,0.0,463800.5038861725,"No flood expected in Aweil North this week (q50 0.0 km²). Routine monitoring. (Aweil North maps ~463,801 cattle in baseline.)"
2023-04-24,Aweil South,0.0,0.063,0,crop establishment,0.0,0.0,141256.8006910938,"No flood expected in Aweil South this week (q50 0.0 km²). Routine monitoring. (Aweil South maps ~141,257 cattle in baseline.)"
2023-04-24,Aweil West,0.0,0.06,0,crop establishment,0.0,0.0,318964.9515941321,"No flood expected in Aweil West this week (q50 0.0 km²). Routine monitoring. (Aweil West maps ~318,965 cattle in baseline.)"
2023-05-01,Aweil Centre,0.0,0.024,0,vegetative growth,0.0,0.0,364961.8333817694,"No flood expected in Aweil Centre this week (q50 0.0 km²). Routine monitoring. (Aweil Centre maps ~364,962 cattle in baseline.)"
2023-05-01,Aweil East,0.0,0.026,0,vegetative growth,0.0,0.0,505027.7802561831,"No flood expected in Aweil East this week (q50 0.0 km²). Routine monitoring. (Aweil East maps ~505,028 cattle in baseline.)"
2023-05-01,Aweil North,0.0,0.026,0,vegetative growth,0.0,0.0,463800.5038861725,"No flood expected in Aweil North this week (q50 0.0 km²). Routine monitoring. (Aweil North maps ~463,801 cattle in baseline.)"
2023-05-01,Aweil South,0.0,0.026,0,vegetative growth,0.0,0.0,141256.8006910938,"No flood expected in Aweil South this week (q50 0.0 km²). Routine monitoring. (Aweil South maps ~141,257 cattle in baseline.)"
2023-05-01,Aweil West,0.0,0.025,0,vegetative growth,0.0,0.0,318964.9515941321,"No flood expected in Aweil West this week (q50 0.0 km²). Routine monitoring. (Aweil West maps ~318,965 cattle in baseline.)"
2023-05-08,Aweil Centre,0.0,0.053,0,vegetative growth,0.0,0.0,364961.8333817694,"No flood expected in Aweil Centre this week (q50 0.0 km²). Routine monitoring. (Aweil Centre maps ~364,962 cattle in baseline.)"
2023-05-08,Aweil East,0.0,0.056,0,vegetative growth,0.0,0.0,505027.7802561831,"No flood expected in Aweil East this week (q50 0.0 km²). Routine monitoring. (Aweil East maps ~505,028 cattle in baseline.)"
2023-05-08,Aweil North,0.0,0.055,0,vegetative growth,0.0,0.0,463800.5038861725,"No flood expected in Aweil North this week (q50 0.0 km²). Routine monitoring. (Aweil North maps ~463,801 cattle in baseline.)"
2023-05-08,Aweil South,0.0,0.054,0,vegetative growth,0.0,0.0,141256.8006910938,"No flood expected in Aweil South this week (q50 0.0 km²). Routine monitoring. (Aweil South maps ~141,257 cattle in baseline.)"
2023-05-08,Aweil West,0.0,0.05,0,vegetative growth,0.0,0.0,318964.9515941321,"No flood expected in Aweil West this week (q50 0.0 km²). Routine monitoring. (Aweil West maps ~318,965 cattle in baseline.)"
2023-05-15,Aweil Centre,0.0,0.033,0,vegetative growth,0.0,0.0,364961.8333817694,"No flood expected in Aweil Centre this week (q50 0.0 km²). Routine monitoring. (Aweil Centre maps ~364,962 cattle in baseline.)"
2023-05-15,Aweil East,0.0,0.037,0,vegetative growth,0.0,0.0,505027.7802561831,"No flood expected in Aweil East this week (q50 0.0 km²). Routine monitoring. (Aweil East maps ~505,028 cattle in baseline.)"
2023-05-15,Aweil North,0.0,0.037,0,vegetative growth,0.0,0.0,463800.5038861725,"No flood expected in Aweil North this week (q50 0.0 km²). Routine monitoring. (Aweil North maps ~463,801 cattle in baseline.)"
2023-05-15,Aweil South,0.0,0.037,0,vegetative growth,0.0,0.0,141256.8006910938,"No flood expected in Aweil South this week (q50 0.0 km²). Routine monitoring. (Aweil South maps ~141,257 cattle in baseline.)"
2023-05-15,Aweil West,0.0,0.037,0,vegetative growth,0.0,0.0,318964.9515941321,"No flood expected in Aweil West this week (q50 0.0 km²). Routine monitoring. (Aweil West maps ~318,965 cattle in baseline.)"
2023-05-22,Aweil Centre,0.0,0.063,0,vegetative growth,0.0,0.0,364961.8333817694,"No flood expected in Aweil Centre this week (q50 0.0 km²). Routine monitoring. (Aweil Centre maps ~364,962 cattle in baseline.)"
2023-05-22,Aweil East,0.0,0.067,0,vegetative growth,0.0,0.0,505027.7802561831,"No flood expected in Aweil East this week (q50 0.0 km²). Routine monitoring. (Aweil East maps ~505,028 cattle in baseline.)"
2023-05-22,Aweil North,0.0,0.063,0,vegetative growth,0.0,0.0,463800.5038861725,"No flood expected in Aweil North this week (q50 0.0 km²). Routine monitoring. (Aweil North maps ~463,801 cattle in baseline.)"
2023-05-22,Aweil South,0.0,0.062,0,vegetative growth,0.0,0.0,141256.8006910938,"No flood expected in Aweil South this week (q50 0.0 km²). Routine monitoring. (Aweil South maps ~141,257 cattle in baseline.)"
2023-05-22,Aweil West,0.0,0.06,0,vegetative growth,0.0,0.0,318964.9515941321,"No flood expected in Aweil West this week (q50 0.0 km²). Routine monitoring. (Aweil West maps ~318,965 cattle in baseline.)"
2023-05-29,Aweil Centre,0.0,0.075,0,vegetative growth,0.0,0.0,364961.8333817694,"No flood expected in Aweil Centre this week (q50 0.0 km²). Routine monitoring. (Aweil Centre maps ~364,962 cattle in baseline.)"
2023-05-29,Aweil East,0.0,0.082,0,vegetative growth,0.0,0.0,505027.7802561831,"No flood expected in Aweil East this week (q50 0.0 km²). Routine monitoring. (Aweil East maps ~505,028 cattle in baseline.)"
2023-05-29,Aweil North,0.0,0.078,0,vegetative growth,0.0,0.0,463800.5038861725,"No flood expected in Aweil North this week (q50 0.0 km²). Routine monitoring. (Aweil North maps ~463,801 cattle in baseline.)"
2023-05-29,Aweil South,0.0,0.078,0,vegetative growth,0.0,0.0,141256.8006910938,"No flood expected in Aweil South this week (q50 0.0 km²). Routine monitoring. (Aweil South maps ~141,257 cattle in baseline.)"
2023-05-29,Aweil West,0.0,0.076,0,vegetative growth,0.0,0.0,318964.9515941321,"No flood expected in Aweil West this week (q50 0.0 km²). Routine monitoring. (Aweil West maps ~318,965 cattle in baseline.)"
2023-06-05,Aweil Centre,0.07,0.16,3,vegetative growth (peak),0.0,0.0,364961.8333817694,"SEVERE flood expected in Aweil Centre this week: q50 0.1 km², above the 95th percentile of all June weeks since 2000. Vegetative growth (peak): crops are at peak water demand — short flooding can be tolerated, sustained submergence is not. (Aweil Centre maps ~364,962 cattle in baseline.)"
2023-06-05,Aweil East,0.0,0.06,0,vegetative growth (peak),0.0,0.0,505027.7802561831,"No flood expected in Aweil East this week (q50 0.0 km²). Routine monitoring. (Aweil East maps ~505,028 cattle in baseline.)"
2023-06-05,Aweil North,0.0,0.06,0,vegetative growth (peak),0.0,0.0,463800.5038861725,"No flood expected in Aweil North this week (q50 0.0 km²). Routine monitoring. (Aweil North maps ~463,801 cattle in baseline.)"
2023-06-05,Aweil South,0.0,0.059,0,vegetative growth (peak),0.0,0.0,141256.8006910938,"No flood expected in Aweil South this week (q50 0.0 km²). Routine monitoring. (Aweil South maps ~141,257 cattle in baseline.)"
2023-06-05,Aweil West,0.0,0.057,0,vegetative growth (peak),0.0,0.0,318964.9515941321,"No flood expected in Aweil West this week (q50 0.0 km²). Routine monitoring. (Aweil West maps ~318,965 cattle in baseline.)"
2023-06-12,Aweil Centre,0.02,0.132,3,vegetative growth (peak),0.0,0.0,364961.8333817694,"SEVERE flood expected in Aweil Centre this week: q50 0.0 km², above the 95th percentile of all June weeks since 2000. Vegetative growth (peak): crops are at peak water demand — short flooding can be tolerated, sustained submergence is not. (Aweil Centre maps ~364,962 cattle in baseline.)"
2023-06-12,Aweil East,0.0,0.054,0,vegetative growth (peak),0.0,0.0,505027.7802561831,"No flood expected in Aweil East this week (q50 0.0 km²). Routine monitoring. (Aweil East maps ~505,028 cattle in baseline.)"
2023-06-12,Aweil North,0.0,0.049,0,vegetative growth (peak),0.0,0.0,463800.5038861725,"No flood expected in Aweil North this week (q50 0.0 km²). Routine monitoring. (Aweil North maps ~463,801 cattle in baseline.)"
2023-06-12,Aweil South,0.0,0.049,0,vegetative growth (peak),0.0,0.0,141256.8006910938,"No flood expected in Aweil South this week (q50 0.0 km²). Routine monitoring. (Aweil South maps ~141,257 cattle in baseline.)"
2023-06-12,Aweil West,0.0,0.051,0,vegetative growth (peak),0.0,0.0,318964.9515941321,"No flood expected in Aweil West this week (q50 0.0 km²). Routine monitoring. (Aweil West maps ~318,965 cattle in baseline.)"
2023-06-19,Aweil Centre,0.02,0.076,3,vegetative growth (peak),0.0,0.0,364961.8333817694,"SEVERE flood expected in Aweil Centre this week: q50 0.0 km², above the 95th percentile of all June weeks since 2000. Vegetative growth (peak): crops are at peak water demand — short flooding can be tolerated, sustained submergence is not. (Aweil Centre maps ~364,962 cattle in baseline.)"
2023-06-19,Aweil East,0.0,0.033,0,vegetative growth (peak),0.0,0.0,505027.7802561831,"No flood expected in Aweil East this week (q50 0.0 km²). Routine monitoring. (Aweil East maps ~505,028 cattle in baseline.)"
2023-06-19,Aweil North,0.0,0.029,0,vegetative growth (peak),0.0,0.0,463800.5038861725,"No flood expected in Aweil North this week (q50 0.0 km²). Routine monitoring. (Aweil North maps ~463,801 cattle in baseline.)"
2023-06-19,Aweil South,0.0,0.028,0,vegetative growth (peak),0.0,0.0,141256.8006910938,"No flood expected in Aweil South this week (q50 0.0 km²). Routine monitoring. (Aweil South maps ~141,257 cattle in baseline.)"
2023-06-19,Aweil West,0.0,0.03,0,vegetative growth (peak),0.0,0.0,318964.9515941321,"No flood expected in Aweil West this week (q50 0.0 km²). Routine monitoring. (Aweil West maps ~318,965 cattle in baseline.)"
2023-06-26,Aweil Centre,0.0,0.045,0,vegetative growth (peak),0.0,0.0,364961.8333817694,"No flood expected in Aweil Centre this week (q50 0.0 km²). Routine monitoring. (Aweil Centre maps ~364,962 cattle in baseline.)"
2023-06-26,Aweil East,0.0,0.038,0,vegetative growth (peak),0.0,0.0,505027.7802561831,"No flood expected in Aweil East this week (q50 0.0 km²). Routine monitoring. (Aweil East maps ~505,028 cattle in baseline.)"
2023-06-26,Aweil North,0.0,0.04,0,vegetative growth (peak),0.0,0.0,463800.5038861725,"No flood expected in Aweil North this week (q50 0.0 km²). Routine monitoring. (Aweil North maps ~463,801 cattle in baseline.)"
2023-06-26,Aweil South,0.0,0.039,0,vegetative growth (peak),0.0,0.0,141256.8006910938,"No flood expected in Aweil South this week (q50 0.0 km²). Routine monitoring. (Aweil South maps ~141,257 cattle in baseline.)"
2023-06-26,Aweil West,0.0,0.043,0,vegetative growth (peak),0.0,0.0,318964.9515941321,"No flood expected in Aweil West this week (q50 0.0 km²). Routine monitoring. (Aweil West maps ~318,965 cattle in baseline.)"
2023-07-03,Aweil Centre,0.0,0.054,0,vegetative growth (peak),0.0,0.0,364961.8333817694,"No flood expected in Aweil Centre this week (q50 0.0 km²). Routine monitoring. (Aweil Centre maps ~364,962 cattle in baseline.)"
2023-07-03,Aweil East,0.0,0.059,0,vegetative growth (peak),0.0,0.0,505027.7802561831,"No flood expected in Aweil East this week (q50 0.0 km²). Routine monitoring. (Aweil East maps ~505,028 cattle in baseline.)"
2023-07-03,Aweil North,0.0,0.054,0,vegetative growth (peak),0.0,0.0,463800.5038861725,"No flood expected in Aweil North this week (q50 0.0 km²). Routine monitoring. (Aweil North maps ~463,801 cattle in baseline.)"
2023-07-03,Aweil South,0.0,0.053,0,vegetative growth (peak),0.0,0.0,141256.8006910938,"No flood expected in Aweil South this week (q50 0.0 km²). Routine monitoring. (Aweil South maps ~141,257 cattle in baseline.)"
2023-07-03,Aweil West,0.0,0.056,0,vegetative growth (peak),0.0,0.0,318964.9515941321,"No flood expected in Aweil West this week (q50 0.0 km²). Routine monitoring. (Aweil West maps ~318,965 cattle in baseline.)"
2023-07-10,Aweil Centre,0.0,0.03,0,vegetative growth (peak),0.0,0.0,364961.8333817694,"No flood expected in Aweil Centre this week (q50 0.0 km²). Routine monitoring. (Aweil Centre maps ~364,962 cattle in baseline.)"
2023-07-10,Aweil East,0.0,0.04,0,vegetative growth (peak),0.0,0.0,505027.7802561831,"No flood expected in Aweil East this week (q50 0.0 km²). Routine monitoring. (Aweil East maps ~505,028 cattle in baseline.)"
2023-07-10,Aweil North,0.0,0.034,0,vegetative growth (peak),0.0,0.0,463800.5038861725,"No flood expected in Aweil North this week (q50 0.0 km²). Routine monitoring. (Aweil North maps ~463,801 cattle in baseline.)"
2023-07-10,Aweil South,0.0,0.034,0,vegetative growth (peak),0.0,0.0,141256.8006910938,"No flood expected in Aweil South this week (q50 0.0 km²). Routine monitoring. (Aweil South maps ~141,257 cattle in baseline.)"
2023-07-10,Aweil West,0.0,0.037,0,vegetative growth (peak),0.0,0.0,318964.9515941321,"No flood expected in Aweil West this week (q50 0.0 km²). Routine monitoring. (Aweil West maps ~318,965 cattle in baseline.)"
2023-07-17,Aweil Centre,0.0,0.019,0,vegetative growth (peak),0.0,0.0,364961.8333817694,"No flood expected in Aweil Centre this week (q50 0.0 km²). Routine monitoring. (Aweil Centre maps ~364,962 cattle in baseline.)"
2023-07-17,Aweil East,0.52,0.564,2,vegetative growth (peak),0.0,0.0,505027.7802561831,"High flood risk in Aweil East this week: q50 0.5 km², above most July weeks since 2000. Vegetative growth (peak): crops are at peak water demand — short flooding can be tolerated, sustained submergence is not. (Aweil East maps ~505,028 cattle in baseline.)"
2023-07-17,Aweil North,0.0,0.021,0,vegetative growth (peak),0.0,0.0,463800.5038861725,"No flood expected in Aweil North this week (q50 0.0 km²). Routine monitoring. (Aweil North maps ~463,801 cattle in baseline.)"
2023-07-17,Aweil South,0.0,0.021,0,vegetative growth (peak),0.0,0.0,141256.8006910938,"No flood expected in Aweil South this week (q50 0.0 km²). Routine monitoring. (Aweil South maps ~141,257 cattle in baseline.)"
2023-07-17,Aweil West,0.0,0.023,0,vegetative growth (peak),0.0,0.0,318964.9515941321,"No flood expected in Aweil West this week (q50 0.0 km²). Routine monitoring. (Aweil West maps ~318,965 cattle in baseline.)"
2023-07-24,Aweil Centre,0.0,0.043,0,vegetative growth (peak),0.0,0.0,364961.8333817694,"No flood expected in Aweil Centre this week (q50 0.0 km²). Routine monitoring. (Aweil Centre maps ~364,962 cattle in baseline.)"
2023-07-24,Aweil East,0.59,0.784,2,vegetative growth (peak),0.0,0.0,505027.7802561831,"High flood risk in Aweil East this week: q50 0.6 km², above most July weeks since 2000. Vegetative growth (peak): crops are at peak water demand — short flooding can be tolerated, sustained submergence is not. (Aweil East maps ~505,028 cattle in baseline.)"
2023-07-24,Aweil North,0.0,0.037,0,vegetative growth (peak),0.0,0.0,463800.5038861725,"No flood expected in Aweil North this week (q50 0.0 km²). Routine monitoring. (Aweil North maps ~463,801 cattle in baseline.)"
2023-07-24,Aweil South,0.0,0.037,0,vegetative growth (peak),0.0,0.0,141256.8006910938,"No flood expected in Aweil South this week (q50 0.0 km²). Routine monitoring. (Aweil South maps ~141,257 cattle in baseline.)"
2023-07-24,Aweil West,0.0,0.04,0,vegetative growth (peak),0.0,0.0,318964.9515941321,"No flood expected in Aweil West this week (q50 0.0 km²). Routine monitoring. (Aweil West maps ~318,965 cattle in baseline.)"
2023-07-31,Aweil Centre,0.0,0.015,0,vegetative growth (peak),0.0,0.0,364961.8333817694,"No flood expected in Aweil Centre this week (q50 0.0 km²). Routine monitoring. (Aweil Centre maps ~364,962 cattle in baseline.)"
2023-07-31,Aweil East,0.07,0.426,0,vegetative growth (peak),0.0,0.0,505027.7802561831,"No flood expected in Aweil East this week (q50 0.1 km²). Routine monitoring. (Aweil East maps ~505,028 cattle in baseline.)"
2023-07-31,Aweil North,0.0,0.014,0,vegetative growth (peak),0.0,0.0,463800.5038861725,"No flood expected in Aweil North this week (q50 0.0 km²). Routine monitoring. (Aweil North maps ~463,801 cattle in baseline.)"
2023-07-31,Aweil South,0.0,0.014,0,vegetative growth (peak),0.0,0.0,141256.8006910938,"No flood expected in Aweil South this week (q50 0.0 km²). Routine monitoring. (Aweil South maps ~141,257 cattle in baseline.)"
2023-07-31,Aweil West,0.0,0.016,0,vegetative growth (peak),0.0,0.0,318964.9515941321,"No flood expected in Aweil West this week (q50 0.0 km²). Routine monitoring. (Aweil West maps ~318,965 cattle in baseline.)"
2023-08-07,Aweil Centre,0.0,0.074,0,maturation,0.0,0.0,364961.8333817694,"No flood expected in Aweil Centre this week (q50 0.0 km²). Routine monitoring. (Aweil Centre maps ~364,962 cattle in baseline.)"
2023-08-07,Aweil East,0.15,0.499,0,maturation,0.0,0.0,505027.7802561831,"No flood expected in Aweil East this week (q50 0.2 km²). Routine monitoring. (Aweil East maps ~505,028 cattle in baseline.)"
2023-08-07,Aweil North,0.0,0.065,0,maturation,0.0,0.0,463800.5038861725,"No flood expected in Aweil North this week (q50 0.0 km²). Routine monitoring. (Aweil North maps ~463,801 cattle in baseline.)"
2023-08-07,Aweil South,0.0,0.065,0,maturation,0.0,0.0,141256.8006910938,"No flood expected in Aweil South this week (q50 0.0 km²). Routine monitoring. (Aweil South maps ~141,257 cattle in baseline.)"
2023-08-07,Aweil West,0.0,0.072,0,maturation,0.0,0.0,318964.9515941321,"No flood expected in Aweil West this week (q50 0.0 km²). Routine monitoring. (Aweil West maps ~318,965 cattle in baseline.)"
2023-08-14,Aweil Centre,0.0,0.116,0,maturation,0.0,0.0,364961.8333817694,"No flood expected in Aweil Centre this week (q50 0.0 km²). Routine monitoring. (Aweil Centre maps ~364,962 cattle in baseline.)"
2023-08-14,Aweil East,0.0,0.265,0,maturation,0.0,0.0,505027.7802561831,"No flood expected in Aweil East this week (q50 0.0 km²). Routine monitoring. (Aweil East maps ~505,028 cattle in baseline.)"
2023-08-14,Aweil North,0.0,0.093,0,maturation,0.0,0.0,463800.5038861725,"No flood expected in Aweil North this week (q50 0.0 km²). Routine monitoring. (Aweil North maps ~463,801 cattle in baseline.)"
2023-08-14,Aweil South,0.0,0.092,0,maturation,0.0,0.0,141256.8006910938,"No flood expected in Aweil South this week (q50 0.0 km²). Routine monitoring. (Aweil South maps ~141,257 cattle in baseline.)"
2023-08-14,Aweil West,0.0,0.106,0,maturation,0.0,0.0,318964.9515941321,"No flood expected in Aweil West this week (q50 0.0 km²). Routine monitoring. (Aweil West maps ~318,965 cattle in baseline.)"
2023-08-21,Aweil Centre,0.0,0.138,0,maturation,0.0,0.0,364961.8333817694,"No flood expected in Aweil Centre this week (q50 0.0 km²). Routine monitoring. (Aweil Centre maps ~364,962 cattle in baseline.)"
2023-08-21,Aweil East,0.0,0.22,0,maturation,0.0,0.0,505027.7802561831,"No flood expected in Aweil East this week (q50 0.0 km²). Routine monitoring. (Aweil East maps ~505,028 cattle in baseline.)"
2023-08-21,Aweil North,0.0,0.101,0,maturation,0.0,0.0,463800.5038861725,"No flood expected in Aweil North this week (q50 0.0 km²). Routine monitoring. (Aweil North maps ~463,801 cattle in baseline.)"
2023-08-21,Aweil South,0.0,0.107,0,maturation,0.0,0.0,141256.8006910938,"No flood expected in Aweil South this week (q50 0.0 km²). Routine monitoring. (Aweil South maps ~141,257 cattle in baseline.)"
2023-08-21,Aweil West,0.0,0.124,0,maturation,0.0,0.0,318964.9515941321,"No flood expected in Aweil West this week (q50 0.0 km²). Routine monitoring. (Aweil West maps ~318,965 cattle in baseline.)"
2023-08-28,Aweil Centre,0.0,0.096,0,maturation,0.0,0.0,364961.8333817694,"No flood expected in Aweil Centre this week (q50 0.0 km²). Routine monitoring. (Aweil Centre maps ~364,962 cattle in baseline.)"
2023-08-28,Aweil East,1.0,0.707,0,maturation,0.0,0.0,505027.7802561831,"SEVERE flood expected in Aweil East this week: q50 1.0 km², above the 95th percentile of all August weeks since 2000. (Aweil East maps ~505,028 cattle in baseline.)"
2023-08-28,Aweil North,0.0,0.069,0,maturation,0.0,0.0,463800.5038861725,"No flood expected in Aweil North this week (q50 0.0 km²). Routine monitoring. (Aweil North maps ~463,801 cattle in baseline.)"
2023-08-28,Aweil South,0.0,0.076,0,maturation,0.0,0.0,141256.8006910938,"No flood expected in Aweil South this week (q50 0.0 km²). Routine monitoring. (Aweil South maps ~141,257 cattle in baseline.)"
2023-08-28,Aweil West,0.28,0.401,0,maturation,0.0,0.0,318964.9515941321,"No flood expected in Aweil West this week (q50 0.3 km²). Routine monitoring. (Aweil West maps ~318,965 cattle in baseline.)"
2023-09-04,Aweil Centre,0.0,0.091,0,maturation / grain filling,0.0,0.0,364961.8333817694,"No flood expected in Aweil Centre this week (q50 0.0 km²). Routine monitoring. (Aweil Centre maps ~364,962 cattle in baseline.)"
2023-09-04,Aweil East,0.8,0.655,0,maturation / grain filling,2.3,96.9,505027.7802561831,"SEVERE flood expected in Aweil East this week: q50 0.8 km², above the 95th percentile of all September weeks since 2000. Approx. 2 ha of mapped crops in the Aweil East floodplain are at risk. Approx. 97 ha of rangeland at risk; plan early herd movement. (Aweil East maps ~505,028 cattle in baseline.)"
2023-09-04,Aweil North,0.0,0.07,0,maturation / grain filling,0.0,0.0,463800.5038861725,"No flood expected in Aweil North this week (q50 0.0 km²). Routine monitoring. (Aweil North maps ~463,801 cattle in baseline.)"
2023-09-04,Aweil South,0.0,0.075,0,maturation / grain filling,0.0,0.0,141256.8006910938,"No flood expected in Aweil South this week (q50 0.0 km²). Routine monitoring. (Aweil South maps ~141,257 cattle in baseline.)"
2023-09-04,Aweil West,0.01,0.171,0,maturation / grain filling,0.1,5.0,318964.9515941321,"No flood expected in Aweil West this week (q50 0.0 km²). Routine monitoring. Approx. 5 ha of rangeland at risk; plan early herd movement. (Aweil West maps ~318,965 cattle in baseline.)"
2023-09-11,Aweil Centre,0.0,0.076,0,maturation / grain filling,0.0,0.0,364961.8333817694,"No flood expected in Aweil Centre this week (q50 0.0 km²). Routine monitoring. (Aweil Centre maps ~364,962 cattle in baseline.)"
2023-09-11,Aweil East,0.96,0.745,0,maturation / grain filling,2.8,115.6,505027.7802561831,"SEVERE flood expected in Aweil East this week: q50 1.0 km², above the 95th percentile of all September weeks since 2000. Approx. 3 ha of mapped crops in the Aweil East floodplain are at risk. Approx. 116 ha of rangeland at risk; plan early herd movement. (Aweil East maps ~505,028 cattle in baseline.)"
2023-09-11,Aweil North,0.0,0.063,0,maturation / grain filling,0.0,0.0,463800.5038861725,"No flood expected in Aweil North this week (q50 0.0 km²). Routine monitoring. (Aweil North maps ~463,801 cattle in baseline.)"
2023-09-11,Aweil South,0.0,0.063,0,maturation / grain filling,0.0,0.0,141256.8006910938,"No flood expected in Aweil South this week (q50 0.0 km²). Routine monitoring. (Aweil South maps ~141,257 cattle in baseline.)"
2023-09-11,Aweil West,0.0,0.092,0,maturation / grain filling,0.0,0.1,318964.9515941321,"No flood expected in Aweil West this week (q50 0.0 km²). Routine monitoring. (Aweil West maps ~318,965 cattle in baseline.)"
2023-09-18,Aweil Centre,0.0,0.052,0,maturation / grain filling,0.0,0.0,364961.8333817694,"No flood expected in Aweil Centre this week (q50 0.0 km²). Routine monitoring. (Aweil Centre maps ~364,962 cattle in baseline.)"
2023-09-18,Aweil East,1.01,0.655,0,maturation / grain filling,2.9,121.7,505027.7802561831,"SEVERE flood expected in Aweil East this week: q50 1.0 km², above the 95th percentile of all September weeks since 2000. Approx. 3 ha of mapped crops in the Aweil East floodplain are at risk. Approx. 122 ha of rangeland at risk; plan early herd movement. (Aweil East maps ~505,028 cattle in baseline.)"
2023-09-18,Aweil North,0.0,0.043,0,maturation / grain filling,0.0,0.0,463800.5038861725,"No flood expected in Aweil North this week (q50 0.0 km²). Routine monitoring. (Aweil North maps ~463,801 cattle in baseline.)"
2023-09-18,Aweil South,0.0,0.044,0,maturation / grain filling,0.0,0.0,141256.8006910938,"No flood expected in Aweil South this week (q50 0.0 km²). Routine monitoring. (Aweil South maps ~141,257 cattle in baseline.)"
2023-09-18,Aweil West,0.0,0.054,0,maturation / grain filling,0.0,0.0,318964.9515941321,"No flood expected in Aweil West this week (q50 0.0 km²). Routine monitoring. (Aweil West maps ~318,965 cattle in baseline.)"
2023-09-25,Aweil Centre,0.0,0.066,0,maturation / grain filling,0.0,0.0,364961.8333817694,"No flood expected in Aweil Centre this week (q50 0.0 km²). Routine monitoring. (Aweil Centre maps ~364,962 cattle in baseline.)"
2023-09-25,Aweil East,0.02,0.336,0,maturation / grain filling,0.0,1.9,505027.7802561831,"No flood expected in Aweil East this week (q50 0.0 km²). Routine monitoring. Approx. 2 ha of rangeland at risk; plan early herd movement. (Aweil East maps ~505,028 cattle in baseline.)"
2023-09-25,Aweil North,0.0,0.055,0,maturation / grain filling,0.0,0.0,463800.5038861725,"No flood expected in Aweil North this week (q50 0.0 km²). Routine monitoring. (Aweil North maps ~463,801 cattle in baseline.)"
2023-09-25,Aweil South,0.0,0.056,0,maturation / grain filling,0.0,0.0,141256.8006910938,"No flood expected in Aweil South this week (q50 0.0 km²). Routine monitoring. (Aweil South maps ~141,257 cattle in baseline.)"
2023-09-25,Aweil West,0.0,0.06,0,maturation / grain filling,0.0,0.0,318964.9515941321,"No flood expected in Aweil West this week (q50 0.0 km²). Routine monitoring. (Aweil West maps ~318,965 cattle in baseline.)"
2023-10-02,Aweil Centre,0.0,0.052,0,harvest,0.0,0.0,364961.8333817694,"No flood expected in Aweil Centre this week (q50 0.0 km²). Routine monitoring. (Aweil Centre maps ~364,962 cattle in baseline.)"
2023-10-02,Aweil East,0.87,0.454,0,harvest,12.9,148.8,505027.7802561831,"No flood expected in Aweil East this week (q50 0.9 km²). Routine monitoring. Approx. 13 ha of mapped crops in the Aweil East floodplain are at risk. Approx. 149 ha of rangeland at risk; plan early herd movement. (Aweil East maps ~505,028 cattle in baseline.)"
2023-10-02,Aweil North,0.0,0.037,0,harvest,0.0,0.0,463800.5038861725,"No flood expected in Aweil North this week (q50 0.0 km²). Routine monitoring. (Aweil North maps ~463,801 cattle in baseline.)"
2023-10-02,Aweil South,0.0,0.039,0,harvest,0.0,0.0,141256.8006910938,"No flood expected in Aweil South this week (q50 0.0 km²). Routine monitoring. (Aweil South maps ~141,257 cattle in baseline.)"
2023-10-02,Aweil West,0.0,0.044,0,harvest,0.0,0.0,318964.9515941321,"No flood expected in Aweil West this week (q50 0.0 km²). Routine monitoring. (Aweil West maps ~318,965 cattle in baseline.)"
2023-10-09,Aweil Centre,0.0,0.056,0,harvest,0.0,0.0,364961.8333817694,"No flood expected in Aweil Centre this week (q50 0.0 km²). Routine monitoring. (Aweil Centre maps ~364,962 cattle in baseline.)"
2023-10-09,Aweil East,0.6,0.576,0,harvest,8.9,102.5,505027.7802561831,"SEVERE flood expected in Aweil East this week: q50 0.6 km², above the 95th percentile of all October weeks since 2000. Approx. 9 ha of mapped crops in the Aweil East floodplain are at risk. Approx. 102 ha of rangeland at risk; plan early herd movement. (Aweil East maps ~505,028 cattle in baseline.)"
2023-10-09,Aweil North,0.0,0.044,0,harvest,0.0,0.0,463800.5038861725,"No flood expected in Aweil North this week (q50 0.0 km²). Routine monitoring. (Aweil North maps ~463,801 cattle in baseline.)"
2023-10-09,Aweil South,0.0,0.045,0,harvest,0.0,0.0,141256.8006910938,"No flood expected in Aweil South this week (q50 0.0 km²). Routine monitoring. (Aweil South maps ~141,257 cattle in baseline.)"
2023-10-09,Aweil West,0.0,0.05,0,harvest,0.0,0.0,318964.9515941321,"No flood expected in Aweil West this week (q50 0.0 km²). Routine monitoring. (Aweil West maps ~318,965 cattle in baseline.)"
2023-10-16,Aweil Centre,0.0,0.064,0,harvest,0.0,0.0,364961.8333817694,"No flood expected in Aweil Centre this week (q50 0.0 km²). Routine monitoring. (Aweil Centre maps ~364,962 cattle in baseline.)"
2023-10-16,Aweil East,0.0,0.307,0,harvest,0.1,0.8,505027.7802561831,"No flood expected in Aweil East this week (q50 0.0 km²). Routine monitoring. (Aweil East maps ~505,028 cattle in baseline.)"
2023-10-16,Aweil North,0.0,0.042,0,harvest,0.0,0.0,463800.5038861725,"No flood expected in Aweil North this week (q50 0.0 km²). Routine monitoring. (Aweil North maps ~463,801 cattle in baseline.)"
2023-10-16,Aweil South,0.0,0.045,0,harvest,0.0,0.0,141256.8006910938,"No flood expected in Aweil South this week (q50 0.0 km²). Routine monitoring. (Aweil South maps ~141,257 cattle in baseline.)"
2023-10-16,Aweil West,0.0,0.049,0,harvest,0.0,0.0,318964.9515941321,"No flood expected in Aweil West this week (q50 0.0 km²). Routine monitoring. (Aweil West maps ~318,965 cattle in baseline.)"
2023-10-23,Aweil Centre,0.0,0.084,0,harvest,0.0,0.0,364961.8333817694,"No flood expected in Aweil Centre this week (q50 0.0 km²). Routine monitoring. (Aweil Centre maps ~364,962 cattle in baseline.)"
2023-10-23,Aweil East,0.01,0.195,0,harvest,0.1,0.9,505027.7802561831,"No flood expected in Aweil East this week (q50 0.0 km²). Routine monitoring. (Aweil East maps ~505,028 cattle in baseline.)"
2023-10-23,Aweil North,0.0,0.046,0,harvest,0.0,0.0,463800.5038861725,"No flood expected in Aweil North this week (q50 0.0 km²). Routine monitoring. (Aweil North maps ~463,801 cattle in baseline.)"
2023-10-23,Aweil South,0.0,0.049,0,harvest,0.0,0.0,141256.8006910938,"No flood expected in Aweil South this week (q50 0.0 km²). Routine monitoring. (Aweil South maps ~141,257 cattle in baseline.)"
2023-10-23,Aweil West,0.0,0.053,0,harvest,0.0,0.0,318964.9515941321,"No flood expected in Aweil West this week (q50 0.0 km²). Routine monitoring. (Aweil West maps ~318,965 cattle in baseline.)"
2023-10-30,Aweil Centre,0.0,0.057,0,harvest,0.0,0.0,364961.8333817694,"No flood expected in Aweil Centre this week (q50 0.0 km²). Routine monitoring. (Aweil Centre maps ~364,962 cattle in baseline.)"
2023-10-30,Aweil East,0.0,0.096,0,harvest,0.0,0.0,505027.7802561831,"No flood expected in Aweil East this week (q50 0.0 km²). Routine monitoring. (Aweil East maps ~505,028 cattle in baseline.)"
2023-10-30,Aweil North,0.0,0.032,0,harvest,0.0,0.0,463800.5038861725,"No flood expected in Aweil North this week (q50 0.0 km²). Routine monitoring. (Aweil North maps ~463,801 cattle in baseline.)"
2023-10-30,Aweil South,0.0,0.034,0,harvest,0.0,0.0,141256.8006910938,"No flood expected in Aweil South this week (q50 0.0 km²). Routine monitoring. (Aweil South maps ~141,257 cattle in baseline.)"
2023-10-30,Aweil West,0.0,0.037,0,harvest,0.0,0.0,318964.9515941321,"No flood expected in Aweil West this week (q50 0.0 km²). Routine monitoring. (Aweil West maps ~318,965 cattle in baseline.)"
2023-11-06,Aweil Centre,0.0,0.052,0,harvest / drying,0.0,0.0,364961.8333817694,"No flood expected in Aweil Centre this week (q50 0.0 km²). Routine monitoring. (Aweil Centre maps ~364,962 cattle in baseline.)"
2023-11-06,Aweil East,0.0,0.071,0,harvest / drying,0.0,0.0,505027.7802561831,"No flood expected in Aweil East this week (q50 0.0 km²). Routine monitoring. (Aweil East maps ~505,028 cattle in baseline.)"
2023-11-06,Aweil North,0.0,0.029,0,harvest / drying,0.0,0.0,463800.5038861725,"No flood expected in Aweil North this week (q50 0.0 km²). Routine monitoring. (Aweil North maps ~463,801 cattle in baseline.)"
2023-11-06,Aweil South,0.0,0.032,0,harvest / drying,0.0,0.0,141256.8006910938,"No flood expected in Aweil South this week (q50 0.0 km²). Routine monitoring. (Aweil South maps ~141,257 cattle in baseline.)"
2023-11-06,Aweil West,0.0,0.034,0,harvest / drying,0.0,0.0,318964.9515941321,"No flood expected in Aweil West this week (q50 0.0 km²). Routine monitoring. (Aweil West maps ~318,965 cattle in baseline.)"
2023-11-13,Aweil Centre,0.12,0.378,0,harvest / drying,0.0,17.8,364961.8333817694,"No flood expected in Aweil Centre this week (q50 0.1 km²). Routine monitoring. Approx. 18 ha of rangeland at risk; plan early herd movement. (Aweil Centre maps ~364,962 cattle in baseline.)"
2023-11-13,Aweil East,0.21,0.299,0,harvest / drying,3.9,50.8,505027.7802561831,"No flood expected in Aweil East this week (q50 0.2 km²). Routine monitoring. Approx. 4 ha of mapped crops in the Aweil East floodplain are at risk. Approx. 51 ha of rangeland at risk; plan early herd movement. (Aweil East maps ~505,028 cattle in baseline.)"
2023-11-13,Aweil North,0.0,0.041,0,harvest / drying,0.0,0.0,463800.5038861725,"No flood expected in Aweil North this week (q50 0.0 km²). Routine monitoring. (Aweil North maps ~463,801 cattle in baseline.)"
2023-11-13,Aweil South,0.21,0.23,0,harvest / drying,4.4,70.1,141256.8006910938,"No flood expected in Aweil South this week (q50 0.2 km²). Routine monitoring. Approx. 4 ha of mapped crops in the Aweil South floodplain are at risk. Approx. 70 ha of rangeland at risk; plan early herd movement. (Aweil South maps ~141,257 cattle in baseline.)"
2023-11-13,Aweil West,0.09,0.228,0,harvest / drying,3.5,148.5,318964.9515941321,"No flood expected in Aweil West this week (q50 0.1 km²). Routine monitoring. Approx. 3 ha of mapped crops in the Aweil West floodplain are at risk. Approx. 149 ha of rangeland at risk; plan early herd movement. (Aweil West maps ~318,965 cattle in baseline.)"
2023-11-20,Aweil Centre,0.12,0.426,0,harvest / drying,0.0,17.3,364961.8333817694,"No flood expected in Aweil Centre this week (q50 0.1 km²). Routine monitoring. Approx. 17 ha of rangeland at risk; plan early herd movement. (Aweil Centre maps ~364,962 cattle in baseline.)"
2023-11-20,Aweil East,0.41,0.582,0,harvest / drying,7.5,98.1,505027.7802561831,"SEVERE flood expected in Aweil East this week: q50 0.4 km², above the 95th percentile of all November weeks since 2000. Approx. 7 ha of mapped crops in the Aweil East floodplain are at risk. Approx. 98 ha of rangeland at risk; plan early herd movement. (Aweil East maps ~505,028 cattle in baseline.)"
2023-11-20,Aweil North,0.0,0.065,0,harvest / drying,0.0,0.0,463800.5038861725,"No flood expected in Aweil North this week (q50 0.0 km²). Routine monitoring. (Aweil North maps ~463,801 cattle in baseline.)"
2023-11-20,Aweil South,0.0,0.154,0,harvest / drying,0.0,0.5,141256.8006910938,"No flood expected in Aweil South this week (q50 0.0 km²). Routine monitoring. (Aweil South maps ~141,257 cattle in baseline.)"
2023-11-20,Aweil West,0.09,0.375,0,harvest / drying,3.4,147.1,318964.9515941321,"No flood expected in Aweil West this week (q50 0.1 km²). Routine monitoring. Approx. 3 ha of mapped crops in the Aweil West floodplain are at risk. Approx. 147 ha of rangeland at risk; plan early herd movement. (Aweil West maps ~318,965 cattle in baseline.)"
2023-11-27,Aweil Centre,0.02,0.279,0,harvest / drying,0.0,2.4,364961.8333817694,"No flood expected in Aweil Centre this week (q50 0.0 km²). Routine monitoring. Approx. 2 ha of rangeland at risk; plan early herd movement. (Aweil Centre maps ~364,962 cattle in baseline.)"
2023-11-27,Aweil East,0.23,0.553,0,harvest / drying,4.2,54.6,505027.7802561831,"SEVERE flood expected in Aweil East this week: q50 0.2 km², above the 95th percentile of all November weeks since 2000. Approx. 4 ha of mapped crops in the Aweil East floodplain are at risk. Approx. 55 ha of rangeland at risk; plan early herd movement. (Aweil East maps ~505,028 cattle in baseline.)"
2023-11-27,Aweil North,0.0,0.066,0,harvest / drying,0.0,0.0,463800.5038861725,"No flood expected in Aweil North this week (q50 0.0 km²). Routine monitoring. (Aweil North maps ~463,801 cattle in baseline.)"
2023-11-27,Aweil South,0.0,0.094,0,harvest / drying,0.1,1.1,141256.8006910938,"No flood expected in Aweil South this week (q50 0.0 km²). Routine monitoring. Approx. 1 ha of rangeland at risk; plan early herd movement. (Aweil South maps ~141,257 cattle in baseline.)"
2023-11-27,Aweil West,0.01,0.193,0,harvest / drying,0.5,22.5,318964.9515941321,"No flood expected in Aweil West this week (q50 0.0 km²). Routine monitoring. Approx. 22 ha of rangeland at risk; plan early herd movement. (Aweil West maps ~318,965 cattle in baseline.)"
2023-12-04,Aweil Centre,0.0,0.073,0,dry season,0.0,1.6,364961.8333817694,"No flood expected in Aweil Centre this week (q50 0.0 km²). Routine monitoring. Approx. 2 ha of rangeland at risk; plan early herd movement. (Aweil Centre maps ~364,962 cattle in baseline.)"
2023-12-04,Aweil East,0.15,0.52,0,dry season,27.2,552.2,505027.7802561831,"SEVERE flood expected in Aweil East this week: q50 0.1 km², above the 95th percentile of all December weeks since 2000. Approx. 27 ha of mapped crops in the Aweil East floodplain are at risk. Approx. 552 ha of rangeland at risk; plan early herd movement. (Aweil East maps ~505,028 cattle in baseline.)"
2023-12-04,Aweil North,0.0,0.056,0,dry season,0.0,0.0,463800.5038861725,"No flood expected in Aweil North this week (q50 0.0 km²). Routine monitoring. (Aweil North maps ~463,801 cattle in baseline.)"
2023-12-04,Aweil South,0.0,0.055,0,dry season,0.0,0.0,141256.8006910938,"No flood expected in Aweil South this week (q50 0.0 km²). Routine monitoring. (Aweil South maps ~141,257 cattle in baseline.)"
2023-12-04,Aweil West,0.06,0.337,3,dry season,0.0,255.6,318964.9515941321,"SEVERE flood expected in Aweil West this week: q50 0.1 km², above the 95th percentile of all December weeks since 2000. Dry season: little active cropping; floodplain grazing and residual flooding dominate. Approx. 256 ha of rangeland at risk; plan early herd movement. (Aweil West maps ~318,965 cattle in baseline.)"
2023-12-11,Aweil Centre,0.23,0.571,2,dry season,0.0,143.1,364961.8333817694,"High flood risk in Aweil Centre this week: q50 0.2 km², above most December weeks since 2000. Dry season: little active cropping; floodplain grazing and residual flooding dominate. Approx. 143 ha of rangeland at risk; plan early herd movement. (Aweil Centre maps ~364,962 cattle in baseline.)"
2023-12-11,Aweil East,0.0,0.106,0,dry season,0.0,0.0,505027.7802561831,"No flood expected in Aweil East this week (q50 0.0 km²). Routine monitoring. (Aweil East maps ~505,028 cattle in baseline.)"
2023-12-11,Aweil North,0.0,0.054,0,dry season,0.0,0.0,463800.5038861725,"No flood expected in Aweil North this week (q50 0.0 km²). Routine monitoring. (Aweil North maps ~463,801 cattle in baseline.)"
2023-12-11,Aweil South,0.38,0.533,0,dry season,23.7,474.2,141256.8006910938,"SEVERE flood expected in Aweil South this week: q50 0.4 km², above the 95th percentile of all December weeks since 2000. Approx. 24 ha of mapped crops in the Aweil South floodplain are at risk. Approx. 474 ha of rangeland at risk; plan early herd movement. (Aweil South maps ~141,257 cattle in baseline.)"
2023-12-11,Aweil West,0.0,0.074,0,dry season,0.0,0.0,318964.9515941321,"No flood expected in Aweil West this week (q50 0.0 km²). Routine monitoring. (Aweil West maps ~318,965 cattle in baseline.)"
2023-12-18,Aweil Centre,0.06,0.251,0,dry season,0.0,37.9,364961.8333817694,"No flood expected in Aweil Centre this week (q50 0.1 km²). Routine monitoring. Approx. 38 ha of rangeland at risk; plan early herd movement. (Aweil Centre maps ~364,962 cattle in baseline.)"
2023-12-18,Aweil East,0.0,0.155,0,dry season,0.0,0.0,505027.7802561831,"No flood expected in Aweil East this week (q50 0.0 km²). Routine monitoring. (Aweil East maps ~505,028 cattle in baseline.)"
2023-12-18,Aweil North,0.0,0.099,0,dry season,0.0,0.0,463800.5038861725,"No flood expected in Aweil North this week (q50 0.0 km²). Routine monitoring. (Aweil North maps ~463,801 cattle in baseline.)"
2023-12-18,Aweil South,0.73,0.722,0,dry season,45.9,919.7,141256.8006910938,"SEVERE flood expected in Aweil South this week: q50 0.7 km², above the 95th percentile of all December weeks since 2000. Approx. 46 ha of mapped crops in the Aweil South floodplain are at risk. Approx. 920 ha of rangeland at risk; plan early herd movement. (Aweil South maps ~141,257 cattle in baseline.)"
2023-12-18,Aweil West,0.0,0.095,0,dry season,0.0,0.0,318964.9515941321,"No flood expected in Aweil West this week (q50 0.0 km²). Routine monitoring. (Aweil West maps ~318,965 cattle in baseline.)"
2023-12-25,Aweil Centre,0.0,0.143,0,dry season,0.0,1.5,364961.8333817694,"No flood expected in Aweil Centre this week (q50 0.0 km²). Routine monitoring. Approx. 1 ha of rangeland at risk; plan early herd movement. (Aweil Centre maps ~364,962 cattle in baseline.)"
2023-12-25,Aweil East,0.0,0.143,0,dry season,0.0,0.0,505027.7802561831,"No flood expected in Aweil East this week (q50 0.0 km²). Routine monitoring. (Aweil East maps ~505,028 cattle in baseline.)"
2023-12-25,Aweil North,0.0,0.093,0,dry season,0.0,0.0,463800.5038861725,"No flood expected in Aweil North this week (q50 0.0 km²). Routine monitoring. (Aweil North maps ~463,801 cattle in baseline.)"
2023-12-25,Aweil South,1.05,0.785,0,dry season,66.5,1331.3,141256.8006910938,"SEVERE flood expected in Aweil South this week: q50 1.1 km², above the 95th percentile of all December weeks since 2000. Approx. 66 ha of mapped crops in the Aweil South floodplain are at risk. Approx. 1,331 ha of rangeland at risk; plan early herd movement. (Aweil South maps ~141,257 cattle in baseline.)"
2023-12-25,Aweil West,0.0,0.086,0,dry season,0.0,0.0,318964.9515941321,"No flood expected in Aweil West this week (q50 0.0 km²). Routine monitoring. (Aweil West maps ~318,965 cattle in baseline.)"
2024-01-01,Aweil Centre,0.0,0.113,0,dry season (late phase),0.0,0.0,364961.8333817694,"No flood expected in Aweil Centre this week (q50 0.0 km²). Routine monitoring. (Aweil Centre maps ~364,962 cattle in baseline.)"
2024-01-01,Aweil East,0.06,0.281,2,dry season (late phase),0.0,353.4,505027.7802561831,"High flood risk in Aweil East this week: q50 0.1 km², above most January weeks since 2000. Dry season (late phase): little active cropping; floodplain grazing and residual flooding dominate. Approx. 353 ha of rangeland at risk; plan early herd movement. (Aweil East maps ~505,028 cattle in baseline.)"
2024-01-01,Aweil North,0.0,0.1,0,dry season (late phase),0.0,0.0,463800.5038861725,"No flood expected in Aweil North this week (q50 0.0 km²). Routine monitoring. (Aweil North maps ~463,801 cattle in baseline.)"
2024-01-01,Aweil South,0.31,0.695,2,dry season (late phase),0.7,23.1,141256.8006910938,"High flood risk in Aweil South this week: q50 0.3 km², above most January weeks since 2000. Dry season (late phase): little active cropping; floodplain grazing and residual flooding dominate. Approx. 23 ha of rangeland at risk; plan early herd movement. (Aweil South maps ~141,257 cattle in baseline.)"
2024-01-01,Aweil West,0.0,0.091,0,dry season (late phase),0.0,0.0,318964.9515941321,"No flood expected in Aweil West this week (q50 0.0 km²). Routine monitoring. (Aweil West maps ~318,965 cattle in baseline.)"
2024-01-08,Aweil Centre,0.05,0.216,2,dry season (late phase),0.0,338.8,364961.8333817694,"High flood risk in Aweil Centre this week: q50 0.0 km², above most January weeks since 2000. Dry season (late phase): little active cropping; floodplain grazing and residual flooding dominate. Approx. 339 ha of rangeland at risk; plan early herd movement. (Aweil Centre maps ~364,962 cattle in baseline.)"
2024-01-08,Aweil East,0.06,0.203,2,dry season (late phase),0.0,342.4,505027.7802561831,"High flood risk in Aweil East this week: q50 0.1 km², above most January weeks since 2000. Dry season (late phase): little active cropping; floodplain grazing and residual flooding dominate. Approx. 342 ha of rangeland at risk; plan early herd movement. (Aweil East maps ~505,028 cattle in baseline.)"
2024-01-08,Aweil North,0.0,0.082,0,dry season (late phase),0.0,0.0,463800.5038861725,"No flood expected in Aweil North this week (q50 0.0 km²). Routine monitoring. (Aweil North maps ~463,801 cattle in baseline.)"
2024-01-08,Aweil South,0.17,0.367,2,dry season (late phase),0.4,12.9,141256.8006910938,"High flood risk in Aweil South this week: q50 0.2 km², above most January weeks since 2000. Dry season (late phase): little active cropping; floodplain grazing and residual flooding dominate. Approx. 13 ha of rangeland at risk; plan early herd movement. (Aweil South maps ~141,257 cattle in baseline.)"
2024-01-08,Aweil West,0.0,0.078,0,dry season (late phase),0.0,0.0,318964.9515941321,"No flood expected in Aweil West this week (q50 0.0 km²). Routine monitoring. (Aweil West maps ~318,965 cattle in baseline.)"
2024-01-15,Aweil Centre,0.0,0.19,0,dry season (late phase),0.0,0.0,364961.8333817694,"No flood expected in Aweil Centre this week (q50 0.0 km²). Routine monitoring. (Aweil Centre maps ~364,962 cattle in baseline.)"
2024-01-15,Aweil East,0.41,0.504,3,dry season (late phase),0.0,778.0,505027.7802561831,"SEVERE flood expected in Aweil East this week: q50 0.4 km², above the 95th percentile of all January weeks since 2000. Dry season (late phase): little active cropping; floodplain grazing and residual flooding dominate. Approx. 778 ha of rangeland at risk; plan early herd movement. (Aweil East maps ~505,028 cattle in baseline.)"
2024-01-15,Aweil North,0.0,0.081,0,dry season (late phase),0.0,0.0,463800.5038861725,"No flood expected in Aweil North this week (q50 0.0 km²). Routine monitoring. (Aweil North maps ~463,801 cattle in baseline.)"
2024-01-15,Aweil South,0.1,0.336,0,dry season (late phase),0.2,7.4,141256.8006910938,"No flood expected in Aweil South this week (q50 0.1 km²). Routine monitoring. Approx. 7 ha of rangeland at risk; plan early herd movement. (Aweil South maps ~141,257 cattle in baseline.)"
2024-01-15,Aweil West,0.0,0.076,0,dry season (late phase),0.0,0.0,318964.9515941321,"No flood expected in Aweil West this week (q50 0.0 km²). Routine monitoring. (Aweil West maps ~318,965 cattle in baseline.)"
2024-01-22,Aweil Centre,0.0,0.135,0,dry season (late phase),0.0,0.0,364961.8333817694,"No flood expected in Aweil Centre this week (q50 0.0 km²). Routine monitoring. (Aweil Centre maps ~364,962 cattle in baseline.)"
2024-01-22,Aweil East,0.25,0.592,3,dry season (late phase),0.0,778.0,505027.7802561831,"SEVERE flood expected in Aweil East this week: q50 0.2 km², above the 95th percentile of all January weeks since 2000. Dry season (late phase): little active cropping; floodplain grazing and residual flooding dominate. Approx. 778 ha of rangeland at risk; plan early herd movement. (Aweil East maps ~505,028 cattle in baseline.)"
2024-01-22,Aweil North,0.0,0.089,0,dry season (late phase),0.0,0.0,463800.5038861725,"No flood expected in Aweil North this week (q50 0.0 km²). Routine monitoring. (Aweil North maps ~463,801 cattle in baseline.)"
2024-01-22,Aweil South,0.01,0.096,0,dry season (late phase),0.0,0.5,141256.8006910938,"No flood expected in Aweil South this week (q50 0.0 km²). Routine monitoring. (Aweil South maps ~141,257 cattle in baseline.)"
2024-01-22,Aweil West,0.0,0.086,0,dry season (late phase),0.0,0.0,318964.9515941321,"No flood expected in Aweil West this week (q50 0.0 km²). Routine monitoring. (Aweil West maps ~318,965 cattle in baseline.)"
2024-01-29,Aweil Centre,0.0,0.091,0,dry season (late phase),0.0,0.0,364961.8333817694,"No flood expected in Aweil Centre this week (q50 0.0 km²). Routine monitoring. (Aweil Centre maps ~364,962 cattle in baseline.)"
2024-01-29,Aweil East,0.31,0.623,3,dry season (late phase),0.0,778.0,505027.7802561831,"SEVERE flood expected in Aweil East this week: q50 0.3 km², above the 95th percentile of all January weeks since 2000. Dry season (late phase): little active cropping; floodplain grazing and residual flooding dominate. Approx. 778 ha of rangeland at risk; plan early herd movement. (Aweil East maps ~505,028 cattle in baseline.)"
2024-01-29,Aweil North,0.0,0.083,0,dry season (late phase),0.0,0.0,463800.5038861725,"No flood expected in Aweil North this week (q50 0.0 km²). Routine monitoring. (Aweil North maps ~463,801 cattle in baseline.)"
2024-01-29,Aweil South,0.01,0.085,0,dry season (late phase),0.0,0.4,141256.8006910938,"No flood expected in Aweil South this week (q50 0.0 km²). Routine monitoring. (Aweil South maps ~141,257 cattle in baseline.)"
2024-01-29,Aweil West,0.0,0.08,0,dry season (late phase),0.0,0.0,318964.9515941321,"No flood expected in Aweil West this week (q50 0.0 km²). Routine monitoring. (Aweil West maps ~318,965 cattle in baseline.)"
2024-02-05,Aweil Centre,0.0,0.077,0,dry season,0.0,0.0,364961.8333817694,"No flood expected in Aweil Centre this week (q50 0.0 km²). Routine monitoring. (Aweil Centre maps ~364,962 cattle in baseline.)"
2024-02-05,Aweil East,0.02,0.267,2,dry season,0.0,0.0,505027.7802561831,"High flood risk in Aweil East this week: q50 0.0 km², above most February weeks since 2000. Dry season: little active cropping; floodplain grazing and residual flooding dominate. (Aweil East maps ~505,028 cattle in baseline.)"
2024-02-05,Aweil North,0.0,0.077,0,dry season,0.0,0.0,463800.5038861725,"No flood expected in Aweil North this week (q50 0.0 km²). Routine monitoring. (Aweil North maps ~463,801 cattle in baseline.)"
2024-02-05,Aweil South,0.0,0.078,0,dry season,0.0,0.0,141256.8006910938,"No flood expected in Aweil South this week (q50 0.0 km²). Routine monitoring. (Aweil South maps ~141,257 cattle in baseline.)"
2024-02-05,Aweil West,0.0,0.075,0,dry season,0.0,0.0,318964.9515941321,"No flood expected in Aweil West this week (q50 0.0 km²). Routine monitoring. (Aweil West maps ~318,965 cattle in baseline.)"
2024-02-12,Aweil Centre,0.0,0.078,0,dry season,0.0,0.0,364961.8333817694,"No flood expected in Aweil Centre this week (q50 0.0 km²). Routine monitoring. (Aweil Centre maps ~364,962 cattle in baseline.)"
2024-02-12,Aweil East,0.0,0.116,0,dry season,0.0,0.0,505027.7802561831,"No flood expected in Aweil East this week (q50 0.0 km²). Routine monitoring. (Aweil East maps ~505,028 cattle in baseline.)"
2024-02-12,Aweil North,0.0,0.08,0,dry season,0.0,0.0,463800.5038861725,"No flood expected in Aweil North this week (q50 0.0 km²). Routine monitoring. (Aweil North maps ~463,801 cattle in baseline.)"
2024-02-12,Aweil South,0.0,0.079,0,dry season,0.0,0.0,141256.8006910938,"No flood expected in Aweil South this week (q50 0.0 km²). Routine monitoring. (Aweil South maps ~141,257 cattle in baseline.)"
2024-02-12,Aweil West,0.0,0.074,0,dry season,0.0,0.0,318964.9515941321,"No flood expected in Aweil West this week (q50 0.0 km²). Routine monitoring. (Aweil West maps ~318,965 cattle in baseline.)"
2024-02-19,Aweil Centre,0.0,0.197,0,dry season,0.0,0.0,364961.8333817694,"No flood expected in Aweil Centre this week (q50 0.0 km²). Routine monitoring. (Aweil Centre maps ~364,962 cattle in baseline.)"
2024-02-19,Aweil East,0.0,0.096,0,dry season,0.0,0.0,505027.7802561831,"No flood expected in Aweil East this week (q50 0.0 km²). Routine monitoring. (Aweil East maps ~505,028 cattle in baseline.)"
2024-02-19,Aweil North,0.0,0.096,0,dry season,0.0,0.0,463800.5038861725,"No flood expected in Aweil North this week (q50 0.0 km²). Routine monitoring. (Aweil North maps ~463,801 cattle in baseline.)"
2024-02-19,Aweil South,0.0,0.096,0,dry season,0.0,0.0,141256.8006910938,"No flood expected in Aweil South this week (q50 0.0 km²). Routine monitoring. (Aweil South maps ~141,257 cattle in baseline.)"
2024-02-19,Aweil West,0.0,0.093,0,dry season,0.0,0.0,318964.9515941321,"No flood expected in Aweil West this week (q50 0.0 km²). Routine monitoring. (Aweil West maps ~318,965 cattle in baseline.)"
2024-02-26,Aweil Centre,0.0,0.175,0,dry season,0.0,0.0,364961.8333817694,"No flood expected in Aweil Centre this week (q50 0.0 km²). Routine monitoring. (Aweil Centre maps ~364,962 cattle in baseline.)"
2024-02-26,Aweil East,0.0,0.091,0,dry season,0.0,0.0,505027.7802561831,"No flood expected in Aweil East this week (q50 0.0 km²). Routine monitoring. (Aweil East maps ~505,028 cattle in baseline.)"
2024-02-26,Aweil North,0.0,0.093,0,dry season,0.0,0.0,463800.5038861725,"No flood expected in Aweil North this week (q50 0.0 km²). Routine monitoring. (Aweil North maps ~463,801 cattle in baseline.)"
2024-02-26,Aweil South,0.0,0.092,0,dry season,0.0,0.0,141256.8006910938,"No flood expected in Aweil South this week (q50 0.0 km²). Routine monitoring. (Aweil South maps ~141,257 cattle in baseline.)"
2024-02-26,Aweil West,0.0,0.086,0,dry season,0.0,0.0,318964.9515941321,"No flood expected in Aweil West this week (q50 0.0 km²). Routine monitoring. (Aweil West maps ~318,965 cattle in baseline.)"
2024-03-04,Aweil Centre,0.0,0.126,0,early season (sowing),0.0,0.0,364961.8333817694,"No flood expected in Aweil Centre this week (q50 0.0 km²). Routine monitoring. (Aweil Centre maps ~364,962 cattle in baseline.)"
2024-03-04,Aweil East,0.0,0.088,0,early season (sowing),0.0,0.0,505027.7802561831,"No flood expected in Aweil East this week (q50 0.0 km²). Routine monitoring. (Aweil East maps ~505,028 cattle in baseline.)"
2024-03-04,Aweil North,0.0,0.093,0,early season (sowing),0.0,0.0,463800.5038861725,"No flood expected in Aweil North this week (q50 0.0 km²). Routine monitoring. (Aweil North maps ~463,801 cattle in baseline.)"
2024-03-04,Aweil South,0.0,0.092,0,early season (sowing),0.0,0.0,141256.8006910938,"No flood expected in Aweil South this week (q50 0.0 km²). Routine monitoring. (Aweil South maps ~141,257 cattle in baseline.)"
2024-03-04,Aweil West,0.0,0.086,0,early season (sowing),0.0,0.0,318964.9515941321,"No flood expected in Aweil West this week (q50 0.0 km²). Routine monitoring. (Aweil West maps ~318,965 cattle in baseline.)"
2024-03-11,Aweil Centre,0.0,0.077,0,early season (sowing),0.0,0.0,364961.8333817694,"No flood expected in Aweil Centre this week (q50 0.0 km²). Routine monitoring. (Aweil Centre maps ~364,962 cattle in baseline.)"
2024-03-11,Aweil East,0.0,0.073,0,early season (sowing),0.0,0.0,505027.7802561831,"No flood expected in Aweil East this week (q50 0.0 km²). Routine monitoring. (Aweil East maps ~505,028 cattle in baseline.)"
2024-03-11,Aweil North,0.0,0.074,0,early season (sowing),0.0,0.0,463800.5038861725,"No flood expected in Aweil North this week (q50 0.0 km²). Routine monitoring. (Aweil North maps ~463,801 cattle in baseline.)"
2024-03-11,Aweil South,0.0,0.074,0,early season (sowing),0.0,0.0,141256.8006910938,"No flood expected in Aweil South this week (q50 0.0 km²). Routine monitoring. (Aweil South maps ~141,257 cattle in baseline.)"
2024-03-11,Aweil West,0.0,0.07,0,early season (sowing),0.0,0.0,318964.9515941321,"No flood expected in Aweil West this week (q50 0.0 km²). Routine monitoring. (Aweil West maps ~318,965 cattle in baseline.)"
2024-03-18,Aweil Centre,0.0,0.084,0,early season (sowing),0.0,0.0,364961.8333817694,"No flood expected in Aweil Centre this week (q50 0.0 km²). Routine monitoring. (Aweil Centre maps ~364,962 cattle in baseline.)"
2024-03-18,Aweil East,0.0,0.083,0,early season (sowing),0.0,0.0,505027.7802561831,"No flood expected in Aweil East this week (q50 0.0 km²). Routine monitoring. (Aweil East maps ~505,028 cattle in baseline.)"
2024-03-18,Aweil North,0.0,0.082,0,early season (sowing),0.0,0.0,463800.5038861725,"No flood expected in Aweil North this week (q50 0.0 km²). Routine monitoring. (Aweil North maps ~463,801 cattle in baseline.)"
2024-03-18,Aweil South,0.0,0.082,0,early season (sowing),0.0,0.0,141256.8006910938,"No flood expected in Aweil South this week (q50 0.0 km²). Routine monitoring. (Aweil South maps ~141,257 cattle in baseline.)"
2024-03-18,Aweil West,0.0,0.079,0,early season (sowing),0.0,0.0,318964.9515941321,"No flood expected in Aweil West this week (q50 0.0 km²). Routine monitoring. (Aweil West maps ~318,965 cattle in baseline.)"
2024-03-25,Aweil Centre,0.0,0.084,0,early season (sowing),0.0,0.0,364961.8333817694,"No flood expected in Aweil Centre this week (q50 0.0 km²). Routine monitoring. (Aweil Centre maps ~364,962 cattle in baseline.)"
2024-03-25,Aweil East,0.0,0.085,0,early season (sowing),0.0,0.0,505027.7802561831,"No flood expected in Aweil East this week (q50 0.0 km²). Routine monitoring. (Aweil East maps ~505,028 cattle in baseline.)"
2024-03-25,Aweil North,0.0,0.084,0,early season (sowing),0.0,0.0,463800.5038861725,"No flood expected in Aweil North this week (q50 0.0 km²). Routine monitoring. (Aweil North maps ~463,801 cattle in baseline.)"
2024-03-25,Aweil South,0.0,0.083,0,early season (sowing),0.0,0.0,141256.8006910938,"No flood expected in Aweil South this week (q50 0.0 km²). Routine monitoring. (Aweil South maps ~141,257 cattle in baseline.)"
2024-03-25,Aweil West,0.01,0.189,3,early season (sowing),0.0,58.4,318964.9515941321,"SEVERE flood expected in Aweil West this week: q50 0.0 km², above the 95th percentile of all March weeks since 2000. Early season (sowing): sowing windows are opening — delayed or drowned seedlings are the main crop risk. Approx. 58 ha of rangeland at risk; plan early herd movement. (Aweil West maps ~318,965 cattle in baseline.)"
2024-04-01,Aweil Centre,0.0,0.098,0,crop establishment,0.0,0.0,364961.8333817694,"No flood expected in Aweil Centre this week (q50 0.0 km²). Routine monitoring. (Aweil Centre maps ~364,962 cattle in baseline.)"
2024-04-01,Aweil East,0.0,0.099,0,crop establishment,0.0,0.0,505027.7802561831,"No flood expected in Aweil East this week (q50 0.0 km²). Routine monitoring. (Aweil East maps ~505,028 cattle in baseline.)"
2024-04-01,Aweil North,0.0,0.101,0,crop establishment,0.0,0.0,463800.5038861725,"No flood expected in Aweil North this week (q50 0.0 km²). Routine monitoring. (Aweil North maps ~463,801 cattle in baseline.)"
2024-04-01,Aweil South,0.0,0.101,0,crop establishment,0.0,0.0,141256.8006910938,"No flood expected in Aweil South this week (q50 0.0 km²). Routine monitoring. (Aweil South maps ~141,257 cattle in baseline.)"
2024-04-01,Aweil West,0.0,0.131,0,crop establishment,0.0,0.0,318964.9515941321,"No flood expected in Aweil West this week (q50 0.0 km²). Routine monitoring. (Aweil West maps ~318,965 cattle in baseline.)"
2024-04-08,Aweil Centre,0.0,0.076,0,crop establishment,0.0,0.0,364961.8333817694,"No flood expected in Aweil Centre this week (q50 0.0 km²). Routine monitoring. (Aweil Centre maps ~364,962 cattle in baseline.)"
2024-04-08,Aweil East,0.0,0.076,0,crop establishment,0.0,0.0,505027.7802561831,"No flood expected in Aweil East this week (q50 0.0 km²). Routine monitoring. (Aweil East maps ~505,028 cattle in baseline.)"
2024-04-08,Aweil North,0.0,0.082,0,crop establishment,0.0,0.0,463800.5038861725,"No flood expected in Aweil North this week (q50 0.0 km²). Routine monitoring. (Aweil North maps ~463,801 cattle in baseline.)"
2024-04-08,Aweil South,0.0,0.081,0,crop establishment,0.0,0.0,141256.8006910938,"No flood expected in Aweil South this week (q50 0.0 km²). Routine monitoring. (Aweil South maps ~141,257 cattle in baseline.)"
2024-04-08,Aweil West,0.0,0.081,0,crop establishment,0.0,0.0,318964.9515941321,"No flood expected in Aweil West this week (q50 0.0 km²). Routine monitoring. (Aweil West maps ~318,965 cattle in baseline.)"
2024-04-15,Aweil Centre,0.0,0.065,0,crop establishment,0.0,0.0,364961.8333817694,"No flood expected in Aweil Centre this week (q50 0.0 km²). Routine monitoring. (Aweil Centre maps ~364,962 cattle in baseline.)"
2024-04-15,Aweil East,0.0,0.07,0,crop establishment,0.0,0.0,505027.7802561831,"No flood expected in Aweil East this week (q50 0.0 km²). Routine monitoring. (Aweil East maps ~505,028 cattle in baseline.)"
2024-04-15,Aweil North,0.0,0.068,0,crop establishment,0.0,0.0,463800.5038861725,"No flood expected in Aweil North this week (q50 0.0 km²). Routine monitoring. (Aweil North maps ~463,801 cattle in baseline.)"
2024-04-15,Aweil South,0.0,0.068,0,crop establishment,0.0,0.0,141256.8006910938,"No flood expected in Aweil South this week (q50 0.0 km²). Routine monitoring. (Aweil South maps ~141,257 cattle in baseline.)"
2024-04-15,Aweil West,0.0,0.064,0,crop establishment,0.0,0.0,318964.9515941321,"No flood expected in Aweil West this week (q50 0.0 km²). Routine monitoring. (Aweil West maps ~318,965 cattle in baseline.)"
2024-04-22,Aweil Centre,0.0,0.072,0,crop establishment,0.0,0.0,364961.8333817694,"No flood expected in Aweil Centre this week (q50 0.0 km²). Routine monitoring. (Aweil Centre maps ~364,962 cattle in baseline.)"
2024-04-22,Aweil East,0.0,0.076,0,crop establishment,0.0,0.0,505027.7802561831,"No flood expected in Aweil East this week (q50 0.0 km²). Routine monitoring. (Aweil East maps ~505,028 cattle in baseline.)"
2024-04-22,Aweil North,0.0,0.078,0,crop establishment,0.0,0.0,463800.5038861725,"No flood expected in Aweil North this week (q50 0.0 km²). Routine monitoring. (Aweil North maps ~463,801 cattle in baseline.)"
2024-04-22,Aweil South,0.0,0.077,0,crop establishment,0.0,0.0,141256.8006910938,"No flood expected in Aweil South this week (q50 0.0 km²). Routine monitoring. (Aweil South maps ~141,257 cattle in baseline.)"
2024-04-22,Aweil West,0.0,0.072,0,crop establishment,0.0,0.0,318964.9515941321,"No flood expected in Aweil West this week (q50 0.0 km²). Routine monitoring. (Aweil West maps ~318,965 cattle in baseline.)"
2024-04-29,Aweil Centre,0.0,0.069,0,crop establishment,0.0,0.0,364961.8333817694,"No flood expected in Aweil Centre this week (q50 0.0 km²). Routine monitoring. (Aweil Centre maps ~364,962 cattle in baseline.)"
2024-04-29,Aweil East,0.0,0.07,0,crop establishment,0.0,0.0,505027.7802561831,"No flood expected in Aweil East this week (q50 0.0 km²). Routine monitoring. (Aweil East maps ~505,028 cattle in baseline.)"
2024-04-29,Aweil North,0.0,0.071,0,crop establishment,0.0,0.0,463800.5038861725,"No flood expected in Aweil North this week (q50 0.0 km²). Routine monitoring. (Aweil North maps ~463,801 cattle in baseline.)"
2024-04-29,Aweil South,0.0,0.071,0,crop establishment,0.0,0.0,141256.8006910938,"No flood expected in Aweil South this week (q50 0.0 km²). Routine monitoring. (Aweil South maps ~141,257 cattle in baseline.)"
2024-04-29,Aweil West,0.0,0.068,0,crop establishment,0.0,0.0,318964.9515941321,"No flood expected in Aweil West this week (q50 0.0 km²). Routine monitoring. (Aweil West maps ~318,965 cattle in baseline.)"
2024-05-06,Aweil Centre,0.0,0.08,0,vegetative growth,0.0,0.0,364961.8333817694,"No flood expected in Aweil Centre this week (q50 0.0 km²). Routine monitoring. (Aweil Centre maps ~364,962 cattle in baseline.)"
2024-05-06,Aweil East,0.0,0.087,0,vegetative growth,0.0,0.0,505027.7802561831,"No flood expected in Aweil East this week (q50 0.0 km²). Routine monitoring. (Aweil East maps ~505,028 cattle in baseline.)"
2024-05-06,Aweil North,0.0,0.08,0,vegetative growth,0.0,0.0,463800.5038861725,"No flood expected in Aweil North this week (q50 0.0 km²). Routine monitoring. (Aweil North maps ~463,801 cattle in baseline.)"
2024-05-06,Aweil South,0.0,0.08,0,vegetative growth,0.0,0.0,141256.8006910938,"No flood expected in Aweil South this week (q50 0.0 km²). Routine monitoring. (Aweil South maps ~141,257 cattle in baseline.)"
2024-05-06,Aweil West,0.0,0.074,0,vegetative growth,0.0,0.0,318964.9515941321,"No flood expected in Aweil West this week (q50 0.0 km²). Routine monitoring. (Aweil West maps ~318,965 cattle in baseline.)"
2024-05-13,Aweil Centre,0.0,0.068,0,vegetative growth,0.0,0.0,364961.8333817694,"No flood expected in Aweil Centre this week (q50 0.0 km²). Routine monitoring. (Aweil Centre maps ~364,962 cattle in baseline.)"
2024-05-13,Aweil East,0.0,0.07,0,vegetative growth,0.0,0.0,505027.7802561831,"No flood expected in Aweil East this week (q50 0.0 km²). Routine monitoring. (Aweil East maps ~505,028 cattle in baseline.)"
2024-05-13,Aweil North,0.0,0.069,0,vegetative growth,0.0,0.0,463800.5038861725,"No flood expected in Aweil North this week (q50 0.0 km²). Routine monitoring. (Aweil North maps ~463,801 cattle in baseline.)"
2024-05-13,Aweil South,0.0,0.069,0,vegetative growth,0.0,0.0,141256.8006910938,"No flood expected in Aweil South this week (q50 0.0 km²). Routine monitoring. (Aweil South maps ~141,257 cattle in baseline.)"
2024-05-13,Aweil West,0.0,0.063,0,vegetative growth,0.0,0.0,318964.9515941321,"No flood expected in Aweil West this week (q50 0.0 km²). Routine monitoring. (Aweil West maps ~318,965 cattle in baseline.)"
2024-05-20,Aweil Centre,0.0,0.067,0,vegetative growth,0.0,0.0,364961.8333817694,"No flood expected in Aweil Centre this week (q50 0.0 km²). Routine monitoring. (Aweil Centre maps ~364,962 cattle in baseline.)"
2024-05-20,Aweil East,0.0,0.08,0,vegetative growth,0.0,0.0,505027.7802561831,"No flood expected in Aweil East this week (q50 0.0 km²). Routine monitoring. (Aweil East maps ~505,028 cattle in baseline.)"
2024-05-20,Aweil North,0.0,0.059,0,vegetative growth,0.0,0.0,463800.5038861725,"No flood expected in Aweil North this week (q50 0.0 km²). Routine monitoring. (Aweil North maps ~463,801 cattle in baseline.)"
2024-05-20,Aweil South,0.0,0.059,0,vegetative growth,0.0,0.0,141256.8006910938,"No flood expected in Aweil South this week (q50 0.0 km²). Routine monitoring. (Aweil South maps ~141,257 cattle in baseline.)"
2024-05-20,Aweil West,0.0,0.058,0,vegetative growth,0.0,0.0,318964.9515941321,"No flood expected in Aweil West this week (q50 0.0 km²). Routine monitoring. (Aweil West maps ~318,965 cattle in baseline.)"
2024-05-27,Aweil Centre,0.0,0.052,0,vegetative growth,0.0,0.0,364961.8333817694,"No flood expected in Aweil Centre this week (q50 0.0 km²). Routine monitoring. (Aweil Centre maps ~364,962 cattle in baseline.)"
2024-05-27,Aweil East,0.0,0.056,0,vegetative growth,0.0,0.0,505027.7802561831,"No flood expected in Aweil East this week (q50 0.0 km²). Routine monitoring. (Aweil East maps ~505,028 cattle in baseline.)"
2024-05-27,Aweil North,0.0,0.059,0,vegetative growth,0.0,0.0,463800.5038861725,"No flood expected in Aweil North this week (q50 0.0 km²). Routine monitoring. (Aweil North maps ~463,801 cattle in baseline.)"
2024-05-27,Aweil South,0.0,0.058,0,vegetative growth,0.0,0.0,141256.8006910938,"No flood expected in Aweil South this week (q50 0.0 km²). Routine monitoring. (Aweil South maps ~141,257 cattle in baseline.)"
2024-05-27,Aweil West,0.0,0.059,0,vegetative growth,0.0,0.0,318964.9515941321,"No flood expected in Aweil West this week (q50 0.0 km²). Routine monitoring. (Aweil West maps ~318,965 cattle in baseline.)"
2024-06-03,Aweil Centre,0.0,0.059,0,vegetative growth (peak),0.0,0.0,364961.8333817694,"No flood expected in Aweil Centre this week (q50 0.0 km²). Routine monitoring. (Aweil Centre maps ~364,962 cattle in baseline.)"
2024-06-03,Aweil East,0.0,0.066,0,vegetative growth (peak),0.0,0.0,505027.7802561831,"No flood expected in Aweil East this week (q50 0.0 km²). Routine monitoring. (Aweil East maps ~505,028 cattle in baseline.)"
2024-06-03,Aweil North,0.0,0.059,0,vegetative growth (peak),0.0,0.0,463800.5038861725,"No flood expected in Aweil North this week (q50 0.0 km²). Routine monitoring. (Aweil North maps ~463,801 cattle in baseline.)"
2024-06-03,Aweil South,0.0,0.059,0,vegetative growth (peak),0.0,0.0,141256.8006910938,"No flood expected in Aweil South this week (q50 0.0 km²). Routine monitoring. (Aweil South maps ~141,257 cattle in baseline.)"
2024-06-03,Aweil West,0.0,0.059,0,vegetative growth (peak),0.0,0.0,318964.9515941321,"No flood expected in Aweil West this week (q50 0.0 km²). Routine monitoring. (Aweil West maps ~318,965 cattle in baseline.)"
2024-06-10,Aweil Centre,0.0,0.052,0,vegetative growth (peak),0.0,0.0,364961.8333817694,"No flood expected in Aweil Centre this week (q50 0.0 km²). Routine monitoring. (Aweil Centre maps ~364,962 cattle in baseline.)"
2024-06-10,Aweil East,0.0,0.057,0,vegetative growth (peak),0.0,0.0,505027.7802561831,"No flood expected in Aweil East this week (q50 0.0 km²). Routine monitoring. (Aweil East maps ~505,028 cattle in baseline.)"
2024-06-10,Aweil North,0.0,0.059,0,vegetative growth (peak),0.0,0.0,463800.5038861725,"No flood expected in Aweil North this week (q50 0.0 km²). Routine monitoring. (Aweil North maps ~463,801 cattle in baseline.)"
2024-06-10,Aweil South,0.0,0.059,0,vegetative growth (peak),0.0,0.0,141256.8006910938,"No flood expected in Aweil South this week (q50 0.0 km²). Routine monitoring. (Aweil South maps ~141,257 cattle in baseline.)"
2024-06-10,Aweil West,0.0,0.057,0,vegetative growth (peak),0.0,0.0,318964.9515941321,"No flood expected in Aweil West this week (q50 0.0 km²). Routine monitoring. (Aweil West maps ~318,965 cattle in baseline.)"
2024-06-17,Aweil Centre,0.0,0.044,0,vegetative growth (peak),0.0,0.0,364961.8333817694,"No flood expected in Aweil Centre this week (q50 0.0 km²). Routine monitoring. (Aweil Centre maps ~364,962 cattle in baseline.)"
2024-06-17,Aweil East,0.0,0.047,0,vegetative growth (peak),0.0,0.0,505027.7802561831,"No flood expected in Aweil East this week (q50 0.0 km²). Routine monitoring. (Aweil East maps ~505,028 cattle in baseline.)"
2024-06-17,Aweil North,0.0,0.044,0,vegetative growth (peak),0.0,0.0,463800.5038861725,"No flood expected in Aweil North this week (q50 0.0 km²). Routine monitoring. (Aweil North maps ~463,801 cattle in baseline.)"
2024-06-17,Aweil South,0.0,0.044,0,vegetative growth (peak),0.0,0.0,141256.8006910938,"No flood expected in Aweil South this week (q50 0.0 km²). Routine monitoring. (Aweil South maps ~141,257 cattle in baseline.)"
2024-06-17,Aweil West,0.0,0.046,0,vegetative growth (peak),0.0,0.0,318964.9515941321,"No flood expected in Aweil West this week (q50 0.0 km²). Routine monitoring. (Aweil West maps ~318,965 cattle in baseline.)"
2024-06-24,Aweil Centre,0.0,0.057,0,vegetative growth (peak),0.0,0.0,364961.8333817694,"No flood expected in Aweil Centre this week (q50 0.0 km²). Routine monitoring. (Aweil Centre maps ~364,962 cattle in baseline.)"
2024-06-24,Aweil East,0.0,0.065,0,vegetative growth (peak),0.0,0.0,505027.7802561831,"No flood expected in Aweil East this week (q50 0.0 km²). Routine monitoring. (Aweil East maps ~505,028 cattle in baseline.)"
2024-06-24,Aweil North,0.0,0.059,0,vegetative growth (peak),0.0,0.0,463800.5038861725,"No flood expected in Aweil North this week (q50 0.0 km²). Routine monitoring. (Aweil North maps ~463,801 cattle in baseline.)"
2024-06-24,Aweil South,0.0,0.058,0,vegetative growth (peak),0.0,0.0,141256.8006910938,"No flood expected in Aweil South this week (q50 0.0 km²). Routine monitoring. (Aweil South maps ~141,257 cattle in baseline.)"
2024-06-24,Aweil West,0.0,0.06,0,vegetative growth (peak),0.0,0.0,318964.9515941321,"No flood expected in Aweil West this week (q50 0.0 km²). Routine monitoring. (Aweil West maps ~318,965 cattle in baseline.)"
2024-07-01,Aweil Centre,0.0,0.039,0,vegetative growth (peak),0.0,0.0,364961.8333817694,"No flood expected in Aweil Centre this week (q50 0.0 km²). Routine monitoring. (Aweil Centre maps ~364,962 cattle in baseline.)"
2024-07-01,Aweil East,0.0,0.05,0,vegetative growth (peak),0.0,0.0,505027.7802561831,"No flood expected in Aweil East this week (q50 0.0 km²). Routine monitoring. (Aweil East maps ~505,028 cattle in baseline.)"
2024-07-01,Aweil North,0.0,0.043,0,vegetative growth (peak),0.0,0.0,463800.5038861725,"No flood expected in Aweil North this week (q50 0.0 km²). Routine monitoring. (Aweil North maps ~463,801 cattle in baseline.)"
2024-07-01,Aweil South,0.0,0.043,0,vegetative growth (peak),0.0,0.0,141256.8006910938,"No flood expected in Aweil South this week (q50 0.0 km²). Routine monitoring. (Aweil South maps ~141,257 cattle in baseline.)"
2024-07-01,Aweil West,0.0,0.043,0,vegetative growth (peak),0.0,0.0,318964.9515941321,"No flood expected in Aweil West this week (q50 0.0 km²). Routine monitoring. (Aweil West maps ~318,965 cattle in baseline.)"
2024-07-08,Aweil Centre,0.0,0.018,0,vegetative growth (peak),0.0,0.0,364961.8333817694,"No flood expected in Aweil Centre this week (q50 0.0 km²). Routine monitoring. (Aweil Centre maps ~364,962 cattle in baseline.)"
2024-07-08,Aweil East,0.13,0.223,0,vegetative growth (peak),0.0,0.0,505027.7802561831,"No flood expected in Aweil East this week (q50 0.1 km²). Routine monitoring. (Aweil East maps ~505,028 cattle in baseline.)"
2024-07-08,Aweil North,0.0,0.019,0,vegetative growth (peak),0.0,0.0,463800.5038861725,"No flood expected in Aweil North this week (q50 0.0 km²). Routine monitoring. (Aweil North maps ~463,801 cattle in baseline.)"
2024-07-08,Aweil South,0.0,0.019,0,vegetative growth (peak),0.0,0.0,141256.8006910938,"No flood expected in Aweil South this week (q50 0.0 km²). Routine monitoring. (Aweil South maps ~141,257 cattle in baseline.)"
2024-07-08,Aweil West,0.0,0.021,0,vegetative growth (peak),0.0,0.0,318964.9515941321,"No flood expected in Aweil West this week (q50 0.0 km²). Routine monitoring. (Aweil West maps ~318,965 cattle in baseline.)"
2024-07-15,Aweil Centre,0.0,0.015,0,vegetative growth (peak),0.0,0.0,364961.8333817694,"No flood expected in Aweil Centre this week (q50 0.0 km²). Routine monitoring. (Aweil Centre maps ~364,962 cattle in baseline.)"
2024-07-15,Aweil East,0.0,0.065,0,vegetative growth (peak),0.0,0.0,505027.7802561831,"No flood expected in Aweil East this week (q50 0.0 km²). Routine monitoring. (Aweil East maps ~505,028 cattle in baseline.)"
2024-07-15,Aweil North,0.0,0.017,0,vegetative growth (peak),0.0,0.0,463800.5038861725,"No flood expected in Aweil North this week (q50 0.0 km²). Routine monitoring. (Aweil North maps ~463,801 cattle in baseline.)"
2024-07-15,Aweil South,0.0,0.016,0,vegetative growth (peak),0.0,0.0,141256.8006910938,"No flood expected in Aweil South this week (q50 0.0 km²). Routine monitoring. (Aweil South maps ~141,257 cattle in baseline.)"
2024-07-15,Aweil West,0.0,0.018,0,vegetative growth (peak),0.0,0.0,318964.9515941321,"No flood expected in Aweil West this week (q50 0.0 km²). Routine monitoring. (Aweil West maps ~318,965 cattle in baseline.)"
2024-07-22,Aweil Centre,0.0,0.019,0,vegetative growth (peak),0.0,0.0,364961.8333817694,"No flood expected in Aweil Centre this week (q50 0.0 km²). Routine monitoring. (Aweil Centre maps ~364,962 cattle in baseline.)"
2024-07-22,Aweil East,0.0,0.047,0,vegetative growth (peak),0.0,0.0,505027.7802561831,"No flood expected in Aweil East this week (q50 0.0 km²). Routine monitoring. (Aweil East maps ~505,028 cattle in baseline.)"
2024-07-22,Aweil North,0.0,0.023,0,vegetative growth (peak),0.0,0.0,463800.5038861725,"No flood expected in Aweil North this week (q50 0.0 km²). Routine monitoring. (Aweil North maps ~463,801 cattle in baseline.)"
2024-07-22,Aweil South,0.0,0.022,0,vegetative growth (peak),0.0,0.0,141256.8006910938,"No flood expected in Aweil South this week (q50 0.0 km²). Routine monitoring. (Aweil South maps ~141,257 cattle in baseline.)"
2024-07-22,Aweil West,0.0,0.024,0,vegetative growth (peak),0.0,0.0,318964.9515941321,"No flood expected in Aweil West this week (q50 0.0 km²). Routine monitoring. (Aweil West maps ~318,965 cattle in baseline.)"
2024-07-29,Aweil Centre,0.0,0.046,0,vegetative growth (peak),0.0,0.0,364961.8333817694,"No flood expected in Aweil Centre this week (q50 0.0 km²). Routine monitoring. (Aweil Centre maps ~364,962 cattle in baseline.)"
2024-07-29,Aweil East,1.28,0.392,3,vegetative growth (peak),0.0,0.0,505027.7802561831,"SEVERE flood expected in Aweil East this week: q50 1.3 km², above the 95th percentile of all July weeks since 2000. Vegetative growth (peak): crops are at peak water demand — short flooding can be tolerated, sustained submergence is not. (Aweil East maps ~505,028 cattle in baseline.)"
2024-07-29,Aweil North,0.0,0.046,0,vegetative growth (peak),0.0,0.0,463800.5038861725,"No flood expected in Aweil North this week (q50 0.0 km²). Routine monitoring. (Aweil North maps ~463,801 cattle in baseline.)"
2024-07-29,Aweil South,0.0,0.053,0,vegetative growth (peak),0.0,0.0,141256.8006910938,"No flood expected in Aweil South this week (q50 0.0 km²). Routine monitoring. (Aweil South maps ~141,257 cattle in baseline.)"
2024-07-29,Aweil West,0.0,0.054,0,vegetative growth (peak),0.0,0.0,318964.9515941321,"No flood expected in Aweil West this week (q50 0.0 km²). Routine monitoring. (Aweil West maps ~318,965 cattle in baseline.)"
2024-08-05,Aweil Centre,0.0,0.105,0,maturation,0.0,0.0,364961.8333817694,"No flood expected in Aweil Centre this week (q50 0.0 km²). Routine monitoring. (Aweil Centre maps ~364,962 cattle in baseline.)"
2024-08-05,Aweil East,0.01,0.325,0,maturation,0.0,0.0,505027.7802561831,"No flood expected in Aweil East this week (q50 0.0 km²). Routine monitoring. (Aweil East maps ~505,028 cattle in baseline.)"
2024-08-05,Aweil North,0.0,0.084,0,maturation,0.0,0.0,463800.5038861725,"No flood expected in Aweil North this week (q50 0.0 km²). Routine monitoring. (Aweil North maps ~463,801 cattle in baseline.)"
2024-08-05,Aweil South,0.0,0.095,0,maturation,0.0,0.0,141256.8006910938,"No flood expected in Aweil South this week (q50 0.0 km²). Routine monitoring. (Aweil South maps ~141,257 cattle in baseline.)"
2024-08-05,Aweil West,0.0,0.115,0,maturation,0.0,0.0,318964.9515941321,"No flood expected in Aweil West this week (q50 0.0 km²). Routine monitoring. (Aweil West maps ~318,965 cattle in baseline.)"
2024-08-12,Aweil Centre,0.0,0.114,0,maturation,0.0,0.0,364961.8333817694,"No flood expected in Aweil Centre this week (q50 0.0 km²). Routine monitoring. (Aweil Centre maps ~364,962 cattle in baseline.)"
2024-08-12,Aweil East,0.13,0.349,0,maturation,0.0,0.0,505027.7802561831,"No flood expected in Aweil East this week (q50 0.1 km²). Routine monitoring. (Aweil East maps ~505,028 cattle in baseline.)"
2024-08-12,Aweil North,0.0,0.081,0,maturation,0.0,0.0,463800.5038861725,"No flood expected in Aweil North this week (q50 0.0 km²). Routine monitoring. (Aweil North maps ~463,801 cattle in baseline.)"
2024-08-12,Aweil South,0.0,0.095,0,maturation,0.0,0.0,141256.8006910938,"No flood expected in Aweil South this week (q50 0.0 km²). Routine monitoring. (Aweil South maps ~141,257 cattle in baseline.)"
2024-08-12,Aweil West,0.0,0.117,0,maturation,0.0,0.0,318964.9515941321,"No flood expected in Aweil West this week (q50 0.0 km²). Routine monitoring. (Aweil West maps ~318,965 cattle in baseline.)"
2024-08-19,Aweil Centre,0.0,0.305,0,maturation,0.0,0.0,364961.8333817694,"No flood expected in Aweil Centre this week (q50 0.0 km²). Routine monitoring. (Aweil Centre maps ~364,962 cattle in baseline.)"
2024-08-19,Aweil East,0.0,0.434,0,maturation,0.0,0.0,505027.7802561831,"No flood expected in Aweil East this week (q50 0.0 km²). Routine monitoring. (Aweil East maps ~505,028 cattle in baseline.)"
2024-08-19,Aweil North,0.0,0.191,0,maturation,0.0,0.0,463800.5038861725,"No flood expected in Aweil North this week (q50 0.0 km²). Routine monitoring. (Aweil North maps ~463,801 cattle in baseline.)"
2024-08-19,Aweil South,0.0,0.217,0,maturation,0.0,0.0,141256.8006910938,"No flood expected in Aweil South this week (q50 0.0 km²). Routine monitoring. (Aweil South maps ~141,257 cattle in baseline.)"
2024-08-19,Aweil West,0.0,0.281,0,maturation,0.0,0.0,318964.9515941321,"No flood expected in Aweil West this week (q50 0.0 km²). Routine monitoring. (Aweil West maps ~318,965 cattle in baseline.)"
2024-08-26,Aweil Centre,0.0,0.337,0,maturation,0.0,0.0,364961.8333817694,"No flood expected in Aweil Centre this week (q50 0.0 km²). Routine monitoring. (Aweil Centre maps ~364,962 cattle in baseline.)"
2024-08-26,Aweil East,0.0,0.433,0,maturation,0.0,0.0,505027.7802561831,"No flood expected in Aweil East this week (q50 0.0 km²). Routine monitoring. (Aweil East maps ~505,028 cattle in baseline.)"
2024-08-26,Aweil North,0.0,0.196,0,maturation,0.0,0.0,463800.5038861725,"No flood expected in Aweil North this week (q50 0.0 km²). Routine monitoring. (Aweil North maps ~463,801 cattle in baseline.)"
2024-08-26,Aweil South,0.0,0.231,0,maturation,0.0,0.0,141256.8006910938,"No flood expected in Aweil South this week (q50 0.0 km²). Routine monitoring. (Aweil South maps ~141,257 cattle in baseline.)"
2024-08-26,Aweil West,0.0,0.28,0,maturation,0.0,0.0,318964.9515941321,"No flood expected in Aweil West this week (q50 0.0 km²). Routine monitoring. (Aweil West maps ~318,965 cattle in baseline.)"
2024-09-02,Aweil Centre,0.0,0.388,0,maturation / grain filling,0.0,0.0,364961.8333817694,"No flood expected in Aweil Centre this week (q50 0.0 km²). Routine monitoring. (Aweil Centre maps ~364,962 cattle in baseline.)"
2024-09-02,Aweil East,0.0,0.543,0,maturation / grain filling,0.0,0.0,505027.7802561831,"SEVERE flood expected in Aweil East this week: q50 0.0 km², above the 95th percentile of all September weeks since 2000. (Aweil East maps ~505,028 cattle in baseline.)"
2024-09-02,Aweil North,0.0,0.252,0,maturation / grain filling,0.0,0.0,463800.5038861725,"No flood expected in Aweil North this week (q50 0.0 km²). Routine monitoring. (Aweil North maps ~463,801 cattle in baseline.)"
2024-09-02,Aweil South,0.0,0.337,0,maturation / grain filling,0.0,0.0,141256.8006910938,"No flood expected in Aweil South this week (q50 0.0 km²). Routine monitoring. (Aweil South maps ~141,257 cattle in baseline.)"
2024-09-02,Aweil West,0.0,0.359,0,maturation / grain filling,0.0,0.0,318964.9515941321,"No flood expected in Aweil West this week (q50 0.0 km²). Routine monitoring. (Aweil West maps ~318,965 cattle in baseline.)"
2024-09-09,Aweil Centre,4.36,0.854,2,maturation / grain filling,0.0,577.4,364961.8333817694,"High flood risk in Aweil Centre this week: q50 4.4 km², above most September weeks since 2000. Maturation / grain filling: grain is filling; flooding now damages the yield that is already banked. Approx. 577 ha of rangeland at risk; plan early herd movement. (Aweil Centre maps ~364,962 cattle in baseline.)"
2024-09-09,Aweil East,14.86,0.939,0,maturation / grain filling,43.4,1791.8,505027.7802561831,"SEVERE flood expected in Aweil East this week: q50 14.9 km², above the 95th percentile of all September weeks since 2000. Approx. 43 ha of mapped crops in the Aweil East floodplain are at risk. Approx. 1,792 ha of rangeland at risk; plan early herd movement. (Aweil East maps ~505,028 cattle in baseline.)"
2024-09-09,Aweil North,2.92,0.838,2,maturation / grain filling,39.5,2070.5,463800.5038861725,"High flood risk in Aweil North this week: q50 2.9 km², above most September weeks since 2000. Maturation / grain filling: grain is filling; flooding now damages the yield that is already banked. Approx. 40 ha of mapped crops in the Aweil North floodplain are at risk. Approx. 2,071 ha of rangeland at risk; plan early herd movement. (Aweil North maps ~463,801 cattle in baseline.)"
2024-09-09,Aweil South,5.8,0.929,2,maturation / grain filling,159.6,4288.8,141256.8006910938,"High flood risk in Aweil South this week: q50 5.8 km², above most September weeks since 2000. Maturation / grain filling: grain is filling; flooding now damages the yield that is already banked. Approx. 160 ha of mapped crops in the Aweil South floodplain are at risk. Approx. 4,289 ha of rangeland at risk; plan early herd movement. (Aweil South maps ~141,257 cattle in baseline.)"
2024-09-09,Aweil West,2.64,0.816,0,maturation / grain filling,19.1,1207.7,318964.9515941321,"SEVERE flood expected in Aweil West this week: q50 2.6 km², above the 95th percentile of all September weeks since 2000. Approx. 19 ha of mapped crops in the Aweil West floodplain are at risk. Approx. 1,208 ha of rangeland at risk; plan early herd movement. (Aweil West maps ~318,965 cattle in baseline.)"
2024-09-16,Aweil Centre,1.32,0.743,0,maturation / grain filling,0.0,175.2,364961.8333817694,"SEVERE flood expected in Aweil Centre this week: q50 1.3 km², above the 95th percentile of all September weeks since 2000. Approx. 175 ha of rangeland at risk; plan early herd movement. (Aweil Centre maps ~364,962 cattle in baseline.)"
2024-09-16,Aweil East,10.81,0.96,0,maturation / grain filling,31.6,1304.1,505027.7802561831,"SEVERE flood expected in Aweil East this week: q50 10.8 km², above the 95th percentile of all September weeks since 2000. Approx. 32 ha of mapped crops in the Aweil East floodplain are at risk. Approx. 1,304 ha of rangeland at risk; plan early herd movement. (Aweil East maps ~505,028 cattle in baseline.)"
2024-09-16,Aweil North,2.01,0.723,2,maturation / grain filling,27.2,1426.1,463800.5038861725,"High flood risk in Aweil North this week: q50 2.0 km², above most September weeks since 2000. Maturation / grain filling: grain is filling; flooding now damages the yield that is already banked. Approx. 27 ha of mapped crops in the Aweil North floodplain are at risk. Approx. 1,426 ha of rangeland at risk; plan early herd movement. (Aweil North maps ~463,801 cattle in baseline.)"
2024-09-16,Aweil South,2.93,0.894,0,maturation / grain filling,80.8,2172.0,141256.8006910938,"SEVERE flood expected in Aweil South this week: q50 2.9 km², above the 95th percentile of all September weeks since 2000. Approx. 81 ha of mapped crops in the Aweil South floodplain are at risk. Approx. 2,172 ha of rangeland at risk; plan early herd movement. (Aweil South maps ~141,257 cattle in baseline.)"
2024-09-16,Aweil West,3.6,0.908,0,maturation / grain filling,26.0,1646.9,318964.9515941321,"SEVERE flood expected in Aweil West this week: q50 3.6 km², above the 95th percentile of all September weeks since 2000. Approx. 26 ha of mapped crops in the Aweil West floodplain are at risk. Approx. 1,647 ha of rangeland at risk; plan early herd movement. (Aweil West maps ~318,965 cattle in baseline.)"
2024-09-23,Aweil Centre,3.02,0.767,0,maturation / grain filling,0.0,400.2,364961.8333817694,"SEVERE flood expected in Aweil Centre this week: q50 3.0 km², above the 95th percentile of all September weeks since 2000. Approx. 400 ha of rangeland at risk; plan early herd movement. (Aweil Centre maps ~364,962 cattle in baseline.)"
2024-09-23,Aweil East,14.75,0.92,0,maturation / grain filling,43.1,1778.4,505027.7802561831,"SEVERE flood expected in Aweil East this week: q50 14.7 km², above the 95th percentile of all September weeks since 2000. Approx. 43 ha of mapped crops in the Aweil East floodplain are at risk. Approx. 1,778 ha of rangeland at risk; plan early herd movement. (Aweil East maps ~505,028 cattle in baseline.)"
2024-09-23,Aweil North,5.01,0.804,2,maturation / grain filling,67.8,3552.1,463800.5038861725,"High flood risk in Aweil North this week: q50 5.0 km², above most September weeks since 2000. Maturation / grain filling: grain is filling; flooding now damages the yield that is already banked. Approx. 68 ha of mapped crops in the Aweil North floodplain are at risk. Approx. 3,552 ha of rangeland at risk; plan early herd movement. (Aweil North maps ~463,801 cattle in baseline.)"
2024-09-23,Aweil South,7.52,0.915,2,maturation / grain filling,207.1,5565.3,141256.8006910938,"High flood risk in Aweil South this week: q50 7.5 km², above most September weeks since 2000. Maturation / grain filling: grain is filling; flooding now damages the yield that is already banked. Approx. 207 ha of mapped crops in the Aweil South floodplain are at risk. Approx. 5,565 ha of rangeland at risk; plan early herd movement. (Aweil South maps ~141,257 cattle in baseline.)"
2024-09-23,Aweil West,8.24,0.908,2,maturation / grain filling,59.6,3775.4,318964.9515941321,"High flood risk in Aweil West this week: q50 8.2 km², above most September weeks since 2000. Maturation / grain filling: grain is filling; flooding now damages the yield that is already banked. Approx. 60 ha of mapped crops in the Aweil West floodplain are at risk. Approx. 3,775 ha of rangeland at risk; plan early herd movement. (Aweil West maps ~318,965 cattle in baseline.)"
2024-09-30,Aweil Centre,2.41,0.674,0,maturation / grain filling,0.0,318.9,364961.8333817694,"SEVERE flood expected in Aweil Centre this week: q50 2.4 km², above the 95th percentile of all September weeks since 2000. Approx. 319 ha of rangeland at risk; plan early herd movement. (Aweil Centre maps ~364,962 cattle in baseline.)"
2024-09-30,Aweil East,34.92,0.955,1,maturation / grain filling,102.0,4211.2,505027.7802561831,"Elevated flood probability in Aweil East this week (q50 34.9 km², 96% detection chance). Maturation / grain filling: grain is filling; flooding now damages the yield that is already banked. Approx. 102 ha of mapped crops in the Aweil East floodplain are at risk. Approx. 4,211 ha of rangeland at risk; plan early herd movement. (Aweil East maps ~505,028 cattle in baseline.)"
2024-09-30,Aweil North,3.32,0.872,2,maturation / grain filling,44.9,2353.3,463800.5038861725,"High flood risk in Aweil North this week: q50 3.3 km², above most September weeks since 2000. Maturation / grain filling: grain is filling; flooding now damages the yield that is already banked. Approx. 45 ha of mapped crops in the Aweil North floodplain are at risk. Approx. 2,353 ha of rangeland at risk; plan early herd movement. (Aweil North maps ~463,801 cattle in baseline.)"
2024-09-30,Aweil South,14.01,0.956,2,maturation / grain filling,385.9,10370.3,141256.8006910938,"High flood risk in Aweil South this week: q50 14.0 km², above most September weeks since 2000. Maturation / grain filling: grain is filling; flooding now damages the yield that is already banked. Approx. 386 ha of mapped crops in the Aweil South floodplain are at risk. Approx. 10,370 ha of rangeland at risk; plan early herd movement. (Aweil South maps ~141,257 cattle in baseline.)"
2024-09-30,Aweil West,6.2,0.955,2,maturation / grain filling,44.8,2837.3,318964.9515941321,"High flood risk in Aweil West this week: q50 6.2 km², above most September weeks since 2000. Maturation / grain filling: grain is filling; flooding now damages the yield that is already banked. Approx. 45 ha of mapped crops in the Aweil West floodplain are at risk. Approx. 2,837 ha of rangeland at risk; plan early herd movement. (Aweil West maps ~318,965 cattle in baseline.)"
2024-10-07,Aweil Centre,0.21,0.588,0,harvest,0.0,9.8,364961.8333817694,"SEVERE flood expected in Aweil Centre this week: q50 0.2 km², above the 95th percentile of all October weeks since 2000. Approx. 10 ha of rangeland at risk; plan early herd movement. (Aweil Centre maps ~364,962 cattle in baseline.)"
2024-10-07,Aweil East,40.37,0.928,0,harvest,600.0,6897.3,505027.7802561831,"SEVERE flood expected in Aweil East this week: q50 40.4 km², above the 95th percentile of all October weeks since 2000. Approx. 600 ha of mapped crops in the Aweil East floodplain are at risk. Approx. 6,897 ha of rangeland at risk; plan early herd movement. (Aweil East maps ~505,028 cattle in baseline.)"
2024-10-07,Aweil North,2.07,0.813,2,harvest,81.2,2021.1,463800.5038861725,"High flood risk in Aweil North this week: q50 2.1 km², above most October weeks since 2000. Harvest: harvest window — move produce and equipment to higher ground before water rises. Approx. 81 ha of mapped crops in the Aweil North floodplain are at risk. Approx. 2,021 ha of rangeland at risk; plan early herd movement. (Aweil North maps ~463,801 cattle in baseline.)"
2024-10-07,Aweil South,26.05,0.93,2,harvest,801.8,12704.7,141256.8006910938,"High flood risk in Aweil South this week: q50 26.0 km², above most October weeks since 2000. Harvest: harvest window — move produce and equipment to higher ground before water rises. Approx. 802 ha of mapped crops in the Aweil South floodplain are at risk. Approx. 12,705 ha of rangeland at risk; plan early herd movement. (Aweil South maps ~141,257 cattle in baseline.)"
2024-10-07,Aweil West,9.02,0.927,0,harvest,97.6,4551.7,318964.9515941321,"SEVERE flood expected in Aweil West this week: q50 9.0 km², above the 95th percentile of all October weeks since 2000. Approx. 98 ha of mapped crops in the Aweil West floodplain are at risk. Approx. 4,552 ha of rangeland at risk; plan early herd movement. (Aweil West maps ~318,965 cattle in baseline.)"
2024-10-14,Aweil Centre,0.06,0.468,0,harvest,0.0,2.9,364961.8333817694,"No flood expected in Aweil Centre this week (q50 0.1 km²). Routine monitoring. Approx. 3 ha of rangeland at risk; plan early herd movement. (Aweil Centre maps ~364,962 cattle in baseline.)"
2024-10-14,Aweil East,25.6,0.964,0,harvest,380.4,4373.8,505027.7802561831,"SEVERE flood expected in Aweil East this week: q50 25.6 km², above the 95th percentile of all October weeks since 2000. Approx. 380 ha of mapped crops in the Aweil East floodplain are at risk. Approx. 4,374 ha of rangeland at risk; plan early herd movement. (Aweil East maps ~505,028 cattle in baseline.)"
2024-10-14,Aweil North,0.93,0.746,0,harvest,36.3,903.9,463800.5038861725,"SEVERE flood expected in Aweil North this week: q50 0.9 km², above the 95th percentile of all October weeks since 2000. Approx. 36 ha of mapped crops in the Aweil North floodplain are at risk. Approx. 904 ha of rangeland at risk; plan early herd movement. (Aweil North maps ~463,801 cattle in baseline.)"
2024-10-14,Aweil South,17.04,0.966,1,harvest,524.7,8313.0,141256.8006910938,"Elevated flood probability in Aweil South this week (q50 17.0 km², 97% detection chance). Harvest: harvest window — move produce and equipment to higher ground before water rises. Approx. 525 ha of mapped crops in the Aweil South floodplain are at risk. Approx. 8,313 ha of rangeland at risk; plan early herd movement. (Aweil South maps ~141,257 cattle in baseline.)"
2024-10-14,Aweil West,2.29,0.909,0,harvest,24.8,1154.9,318964.9515941321,"SEVERE flood expected in Aweil West this week: q50 2.3 km², above the 95th percentile of all October weeks since 2000. Approx. 25 ha of mapped crops in the Aweil West floodplain are at risk. Approx. 1,155 ha of rangeland at risk; plan early herd movement. (Aweil West maps ~318,965 cattle in baseline.)"
2024-10-21,Aweil Centre,0.0,0.34,0,harvest,0.0,0.0,364961.8333817694,"No flood expected in Aweil Centre this week (q50 0.0 km²). Routine monitoring. (Aweil Centre maps ~364,962 cattle in baseline.)"
2024-10-21,Aweil East,81.42,0.966,2,harvest,1210.0,13910.3,505027.7802561831,"High flood risk in Aweil East this week: q50 81.4 km², above most October weeks since 2000. Harvest: harvest window — move produce and equipment to higher ground before water rises. Approx. 1,210 ha of mapped crops in the Aweil East floodplain are at risk. Approx. 13,910 ha of rangeland at risk; plan early herd movement. (Aweil East maps ~505,028 cattle in baseline.)"
2024-10-21,Aweil North,1.05,0.883,0,harvest,41.0,1020.7,463800.5038861725,"SEVERE flood expected in Aweil North this week: q50 1.0 km², above the 95th percentile of all October weeks since 2000. Approx. 41 ha of mapped crops in the Aweil North floodplain are at risk. Approx. 1,021 ha of rangeland at risk; plan early herd movement. (Aweil North maps ~463,801 cattle in baseline.)"
2024-10-21,Aweil South,80.29,0.968,3,harvest,2187.0,34651.6,141256.8006910938,"SEVERE flood expected in Aweil South this week: q50 80.3 km², above the 95th percentile of all October weeks since 2000. Harvest: harvest window — move produce and equipment to higher ground before water rises. Approx. 2,187 ha of mapped crops in the Aweil South floodplain are at risk. Approx. 34,652 ha of rangeland at risk; plan early herd movement. (Aweil South maps ~141,257 cattle in baseline.)"
2024-10-21,Aweil West,6.03,0.957,0,harvest,65.3,3044.3,318964.9515941321,"SEVERE flood expected in Aweil West this week: q50 6.0 km², above the 95th percentile of all October weeks since 2000. Approx. 65 ha of mapped crops in the Aweil West floodplain are at risk. Approx. 3,044 ha of rangeland at risk; plan early herd movement. (Aweil West maps ~318,965 cattle in baseline.)"
2024-10-28,Aweil Centre,0.31,0.688,0,harvest,0.0,14.7,364961.8333817694,"SEVERE flood expected in Aweil Centre this week: q50 0.3 km², above the 95th percentile of all October weeks since 2000. Approx. 15 ha of rangeland at risk; plan early herd movement. (Aweil Centre maps ~364,962 cattle in baseline.)"
2024-10-28,Aweil East,86.88,0.954,2,harvest,1291.0,14842.3,505027.7802561831,"High flood risk in Aweil East this week: q50 86.9 km², above most October weeks since 2000. Harvest: harvest window — move produce and equipment to higher ground before water rises. Approx. 1,291 ha of mapped crops in the Aweil East floodplain are at risk. Approx. 14,842 ha of rangeland at risk; plan early herd movement. (Aweil East maps ~505,028 cattle in baseline.)"
2024-10-28,Aweil North,2.66,0.951,2,harvest,103.9,2587.3,463800.5038861725,"High flood risk in Aweil North this week: q50 2.7 km², above most October weeks since 2000. Harvest: harvest window — move produce and equipment to higher ground before water rises. Approx. 104 ha of mapped crops in the Aweil North floodplain are at risk. Approx. 2,587 ha of rangeland at risk; plan early herd movement. (Aweil North maps ~463,801 cattle in baseline.)"
2024-10-28,Aweil South,61.5,0.954,3,harvest,1893.3,29999.0,141256.8006910938,"SEVERE flood expected in Aweil South this week: q50 61.5 km², above the 95th percentile of all October weeks since 2000. Harvest: harvest window — move produce and equipment to higher ground before water rises. Approx. 1,893 ha of mapped crops in the Aweil South floodplain are at risk. Approx. 29,999 ha of rangeland at risk; plan early herd movement. (Aweil South maps ~141,257 cattle in baseline.)"
2024-10-28,Aweil West,9.6,0.946,0,harvest,103.9,4846.3,318964.9515941321,"SEVERE flood expected in Aweil West this week: q50 9.6 km², above the 95th percentile of all October weeks since 2000. Approx. 104 ha of mapped crops in the Aweil West floodplain are at risk. Approx. 4,846 ha of rangeland at risk; plan early herd movement. (Aweil West maps ~318,965 cattle in baseline.)"
2024-11-04,Aweil Centre,0.76,0.764,0,harvest / drying,0.0,108.7,364961.8333817694,"SEVERE flood expected in Aweil Centre this week: q50 0.8 km², above the 95th percentile of all November weeks since 2000. Approx. 109 ha of rangeland at risk; plan early herd movement. (Aweil Centre maps ~364,962 cattle in baseline.)"
2024-11-04,Aweil East,87.55,0.952,2,harvest / drying,1582.6,20709.7,505027.7802561831,"High flood risk in Aweil East this week: q50 87.6 km², above most November weeks since 2000. Harvest / drying: harvest window closing — move produce and equipment to higher ground before water rises. Approx. 1,583 ha of mapped crops in the Aweil East floodplain are at risk. Approx. 20,710 ha of rangeland at risk; plan early herd movement. (Aweil East maps ~505,028 cattle in baseline.)"
2024-11-04,Aweil North,6.56,0.937,3,harvest / drying,214.9,8258.8,463800.5038861725,"SEVERE flood expected in Aweil North this week: q50 6.6 km², above the 95th percentile of all November weeks since 2000. Harvest / drying: harvest window closing — move produce and equipment to higher ground before water rises. Approx. 215 ha of mapped crops in the Aweil North floodplain are at risk. Approx. 8,259 ha of rangeland at risk; plan early herd movement. (Aweil North maps ~463,801 cattle in baseline.)"
2024-11-04,Aweil South,80.71,0.95,3,harvest / drying,1687.8,27042.5,141256.8006910938,"SEVERE flood expected in Aweil South this week: q50 80.7 km², above the 95th percentile of all November weeks since 2000. Harvest / drying: harvest window closing — move produce and equipment to higher ground before water rises. Approx. 1,688 ha of mapped crops in the Aweil South floodplain are at risk. Approx. 27,043 ha of rangeland at risk; plan early herd movement. (Aweil South maps ~141,257 cattle in baseline.)"
2024-11-04,Aweil West,24.57,0.936,3,harvest / drying,366.8,15738.4,318964.9515941321,"SEVERE flood expected in Aweil West this week: q50 24.6 km², above the 95th percentile of all November weeks since 2000. Harvest / drying: harvest window closing — move produce and equipment to higher ground before water rises. Approx. 367 ha of mapped crops in the Aweil West floodplain are at risk. Approx. 15,738 ha of rangeland at risk; plan early herd movement. (Aweil West maps ~318,965 cattle in baseline.)"
2024-11-11,Aweil Centre,0.61,0.722,0,harvest / drying,0.0,87.4,364961.8333817694,"SEVERE flood expected in Aweil Centre this week: q50 0.6 km², above the 95th percentile of all November weeks since 2000. Approx. 87 ha of rangeland at risk; plan early herd movement. (Aweil Centre maps ~364,962 cattle in baseline.)"
2024-11-11,Aweil East,81.84,0.944,2,harvest / drying,1479.4,19358.4,505027.7802561831,"High flood risk in Aweil East this week: q50 81.8 km², above most November weeks since 2000. Harvest / drying: harvest window closing — move produce and equipment to higher ground before water rises. Approx. 1,479 ha of mapped crops in the Aweil East floodplain are at risk. Approx. 19,358 ha of rangeland at risk; plan early herd movement. (Aweil East maps ~505,028 cattle in baseline.)"
2024-11-11,Aweil North,1.24,0.932,3,harvest / drying,214.9,8258.8,463800.5038861725,"SEVERE flood expected in Aweil North this week: q50 1.2 km², above the 95th percentile of all November weeks since 2000. Harvest / drying: harvest window closing — move produce and equipment to higher ground before water rises. Approx. 215 ha of mapped crops in the Aweil North floodplain are at risk. Approx. 8,259 ha of rangeland at risk; plan early herd movement. (Aweil North maps ~463,801 cattle in baseline.)"
2024-11-11,Aweil South,81.77,0.941,3,harvest / drying,1710.0,27397.4,141256.8006910938,"SEVERE flood expected in Aweil South this week: q50 81.8 km², above the 95th percentile of all November weeks since 2000. Harvest / drying: harvest window closing — move produce and equipment to higher ground before water rises. Approx. 1,710 ha of mapped crops in the Aweil South floodplain are at risk. Approx. 27,397 ha of rangeland at risk; plan early herd movement. (Aweil South maps ~141,257 cattle in baseline.)"
2024-11-11,Aweil West,10.98,0.935,3,harvest / drying,366.8,15738.4,318964.9515941321,"SEVERE flood expected in Aweil West this week: q50 11.0 km², above the 95th percentile of all November weeks since 2000. Harvest / drying: harvest window closing — move produce and equipment to higher ground before water rises. Approx. 367 ha of mapped crops in the Aweil West floodplain are at risk. Approx. 15,738 ha of rangeland at risk; plan early herd movement. (Aweil West maps ~318,965 cattle in baseline.)"
2024-11-18,Aweil Centre,0.25,0.622,0,harvest / drying,0.0,35.7,364961.8333817694,"SEVERE flood expected in Aweil Centre this week: q50 0.2 km², above the 95th percentile of all November weeks since 2000. Approx. 36 ha of rangeland at risk; plan early herd movement. (Aweil Centre maps ~364,962 cattle in baseline.)"
2024-11-18,Aweil East,81.96,0.939,2,harvest / drying,1481.4,19385.8,505027.7802561831,"High flood risk in Aweil East this week: q50 82.0 km², above most November weeks since 2000. Harvest / drying: harvest window closing — move produce and equipment to higher ground before water rises. Approx. 1,481 ha of mapped crops in the Aweil East floodplain are at risk. Approx. 19,386 ha of rangeland at risk; plan early herd movement. (Aweil East maps ~505,028 cattle in baseline.)"
2024-11-18,Aweil North,0.24,0.713,2,harvest / drying,65.6,2522.6,463800.5038861725,"High flood risk in Aweil North this week: q50 0.2 km², above most November weeks since 2000. Harvest / drying: harvest window closing — move produce and equipment to higher ground before water rises. Approx. 66 ha of mapped crops in the Aweil North floodplain are at risk. Approx. 2,523 ha of rangeland at risk; plan early herd movement. (Aweil North maps ~463,801 cattle in baseline.)"
2024-11-18,Aweil South,56.25,0.936,2,harvest / drying,1176.4,18848.8,141256.8006910938,"High flood risk in Aweil South this week: q50 56.3 km², above most November weeks since 2000. Harvest / drying: harvest window closing — move produce and equipment to higher ground before water rises. Approx. 1,176 ha of mapped crops in the Aweil South floodplain are at risk. Approx. 18,849 ha of rangeland at risk; plan early herd movement. (Aweil South maps ~141,257 cattle in baseline.)"
2024-11-18,Aweil West,0.95,0.933,0,harvest / drying,36.2,1554.2,318964.9515941321,"SEVERE flood expected in Aweil West this week: q50 1.0 km², above the 95th percentile of all November weeks since 2000. Approx. 36 ha of mapped crops in the Aweil West floodplain are at risk. Approx. 1,554 ha of rangeland at risk; plan early herd movement. (Aweil West maps ~318,965 cattle in baseline.)"
2024-11-25,Aweil Centre,0.01,0.141,0,harvest / drying,0.0,1.0,364961.8333817694,"No flood expected in Aweil Centre this week (q50 0.0 km²). Routine monitoring. (Aweil Centre maps ~364,962 cattle in baseline.)"
2024-11-25,Aweil East,76.28,0.943,2,harvest / drying,1378.9,18043.8,505027.7802561831,"High flood risk in Aweil East this week: q50 76.3 km², above most November weeks since 2000. Harvest / drying: harvest window closing — move produce and equipment to higher ground before water rises. Approx. 1,379 ha of mapped crops in the Aweil East floodplain are at risk. Approx. 18,044 ha of rangeland at risk; plan early herd movement. (Aweil East maps ~505,028 cattle in baseline.)"
2024-11-25,Aweil North,0.03,0.357,0,harvest / drying,8.2,315.9,463800.5038861725,"No flood expected in Aweil North this week (q50 0.0 km²). Routine monitoring. Approx. 8 ha of mapped crops in the Aweil North floodplain are at risk. Approx. 316 ha of rangeland at risk; plan early herd movement. (Aweil North maps ~463,801 cattle in baseline.)"
2024-11-25,Aweil South,40.85,0.942,2,harvest / drying,854.3,13687.8,141256.8006910938,"High flood risk in Aweil South this week: q50 40.8 km², above most November weeks since 2000. Harvest / drying: harvest window closing — move produce and equipment to higher ground before water rises. Approx. 854 ha of mapped crops in the Aweil South floodplain are at risk. Approx. 13,688 ha of rangeland at risk; plan early herd movement. (Aweil South maps ~141,257 cattle in baseline.)"
2024-11-25,Aweil West,0.06,0.362,0,harvest / drying,2.4,104.6,318964.9515941321,"No flood expected in Aweil West this week (q50 0.1 km²). Routine monitoring. Approx. 2 ha of mapped crops in the Aweil West floodplain are at risk. Approx. 105 ha of rangeland at risk; plan early herd movement. (Aweil West maps ~318,965 cattle in baseline.)"
2024-12-02,Aweil Centre,0.06,0.229,0,dry season,0.0,36.3,364961.8333817694,"No flood expected in Aweil Centre this week (q50 0.1 km²). Routine monitoring. Approx. 36 ha of rangeland at risk; plan early herd movement. (Aweil Centre maps ~364,962 cattle in baseline.)"
2024-12-02,Aweil East,81.47,0.933,3,dry season,1286.7,26119.9,505027.7802561831,"SEVERE flood expected in Aweil East this week: q50 81.5 km², above the 95th percentile of all December weeks since 2000. Dry season: little active cropping; floodplain grazing and residual flooding dominate. Approx. 1,287 ha of mapped crops in the Aweil East floodplain are at risk. Approx. 26,120 ha of rangeland at risk; plan early herd movement. (Aweil East maps ~505,028 cattle in baseline.)"
2024-12-02,Aweil North,0.0,0.066,0,dry season,0.0,0.0,463800.5038861725,"No flood expected in Aweil North this week (q50 0.0 km²). Routine monitoring. (Aweil North maps ~463,801 cattle in baseline.)"
2024-12-02,Aweil South,49.51,0.934,3,dry season,1302.8,26094.0,141256.8006910938,"SEVERE flood expected in Aweil South this week: q50 49.5 km², above the 95th percentile of all December weeks since 2000. Dry season: little active cropping; floodplain grazing and residual flooding dominate. Approx. 1,303 ha of mapped crops in the Aweil South floodplain are at risk. Approx. 26,094 ha of rangeland at risk; plan early herd movement. (Aweil South maps ~141,257 cattle in baseline.)"
2024-12-02,Aweil West,0.0,0.066,0,dry season,0.0,0.0,318964.9515941321,"No flood expected in Aweil West this week (q50 0.0 km²). Routine monitoring. (Aweil West maps ~318,965 cattle in baseline.)"
2024-12-09,Aweil Centre,0.04,0.387,0,dry season,0.0,21.7,364961.8333817694,"No flood expected in Aweil Centre this week (q50 0.0 km²). Routine monitoring. Approx. 22 ha of rangeland at risk; plan early herd movement. (Aweil Centre maps ~364,962 cattle in baseline.)"
2024-12-09,Aweil East,38.79,0.939,3,dry season,1286.7,26119.9,505027.7802561831,"SEVERE flood expected in Aweil East this week: q50 38.8 km², above the 95th percentile of all December weeks since 2000. Dry season: little active cropping; floodplain grazing and residual flooding dominate. Approx. 1,287 ha of mapped crops in the Aweil East floodplain are at risk. Approx. 26,120 ha of rangeland at risk; plan early herd movement. (Aweil East maps ~505,028 cattle in baseline.)"
2024-12-09,Aweil North,0.0,0.038,0,dry season,0.0,0.0,463800.5038861725,"No flood expected in Aweil North this week (q50 0.0 km²). Routine monitoring. (Aweil North maps ~463,801 cattle in baseline.)"
2024-12-09,Aweil South,41.49,0.938,3,dry season,1302.8,26094.0,141256.8006910938,"SEVERE flood expected in Aweil South this week: q50 41.5 km², above the 95th percentile of all December weeks since 2000. Dry season: little active cropping; floodplain grazing and residual flooding dominate. Approx. 1,303 ha of mapped crops in the Aweil South floodplain are at risk. Approx. 26,094 ha of rangeland at risk; plan early herd movement. (Aweil South maps ~141,257 cattle in baseline.)"
2024-12-09,Aweil West,0.0,0.326,0,dry season,0.0,0.0,318964.9515941321,"No flood expected in Aweil West this week (q50 0.0 km²). Routine monitoring. (Aweil West maps ~318,965 cattle in baseline.)"
2024-12-16,Aweil Centre,0.03,0.101,0,dry season,0.0,18.0,364961.8333817694,"No flood expected in Aweil Centre this week (q50 0.0 km²). Routine monitoring. Approx. 18 ha of rangeland at risk; plan early herd movement. (Aweil Centre maps ~364,962 cattle in baseline.)"
2024-12-16,Aweil East,6.0,0.936,3,dry season,1115.4,22642.5,505027.7802561831,"SEVERE flood expected in Aweil East this week: q50 6.0 km², above the 95th percentile of all December weeks since 2000. Dry season: little active cropping; floodplain grazing and residual flooding dominate. Approx. 1,115 ha of mapped crops in the Aweil East floodplain are at risk. Approx. 22,642 ha of rangeland at risk; plan early herd movement. (Aweil East maps ~505,028 cattle in baseline.)"
2024-12-16,Aweil North,0.0,0.024,0,dry season,0.0,0.0,463800.5038861725,"No flood expected in Aweil North this week (q50 0.0 km²). Routine monitoring. (Aweil North maps ~463,801 cattle in baseline.)"
2024-12-16,Aweil South,30.7,0.935,3,dry season,1302.8,26094.0,141256.8006910938,"SEVERE flood expected in Aweil South this week: q50 30.7 km², above the 95th percentile of all December weeks since 2000. Dry season: little active cropping; floodplain grazing and residual flooding dominate. Approx. 1,303 ha of mapped crops in the Aweil South floodplain are at risk. Approx. 26,094 ha of rangeland at risk; plan early herd movement. (Aweil South maps ~141,257 cattle in baseline.)"
2024-12-16,Aweil West,0.0,0.049,0,dry season,0.0,0.0,318964.9515941321,"No flood expected in Aweil West this week (q50 0.0 km²). Routine monitoring. (Aweil West maps ~318,965 cattle in baseline.)"
2024-12-23,Aweil Centre,0.05,0.303,0,dry season,0.0,32.9,364961.8333817694,"No flood expected in Aweil Centre this week (q50 0.1 km²). Routine monitoring. Approx. 33 ha of rangeland at risk; plan early herd movement. (Aweil Centre maps ~364,962 cattle in baseline.)"
2024-12-23,Aweil East,1.11,0.946,0,dry season,206.0,4181.2,505027.7802561831,"SEVERE flood expected in Aweil East this week: q50 1.1 km², above the 95th percentile of all December weeks since 2000. Approx. 206 ha of mapped crops in the Aweil East floodplain are at risk. Approx. 4,181 ha of rangeland at risk; plan early herd movement. (Aweil East maps ~505,028 cattle in baseline.)"
2024-12-23,Aweil North,0.0,0.032,0,dry season,0.0,0.0,463800.5038861725,"No flood expected in Aweil North this week (q50 0.0 km²). Routine monitoring. (Aweil North maps ~463,801 cattle in baseline.)"
2024-12-23,Aweil South,10.36,0.946,2,dry season,653.1,13081.6,141256.8006910938,"High flood risk in Aweil South this week: q50 10.4 km², above most December weeks since 2000. Dry season: little active cropping; floodplain grazing and residual flooding dominate. Approx. 653 ha of mapped crops in the Aweil South floodplain are at risk. Approx. 13,082 ha of rangeland at risk; plan early herd movement. (Aweil South maps ~141,257 cattle in baseline.)"
2024-12-23,Aweil West,0.0,0.036,0,dry season,0.0,8.6,318964.9515941321,"No flood expected in Aweil West this week (q50 0.0 km²). Routine monitoring. Approx. 9 ha of rangeland at risk; plan early herd movement. (Aweil West maps ~318,965 cattle in baseline.)"
2024-12-30,Aweil Centre,0.0,0.072,0,dry season,0.0,0.0,364961.8333817694,"No flood expected in Aweil Centre this week (q50 0.0 km²). Routine monitoring. (Aweil Centre maps ~364,962 cattle in baseline.)"
2024-12-30,Aweil East,1.62,0.91,2,dry season,300.8,6105.2,505027.7802561831,"High flood risk in Aweil East this week: q50 1.6 km², above most December weeks since 2000. Dry season: little active cropping; floodplain grazing and residual flooding dominate. Approx. 301 ha of mapped crops in the Aweil East floodplain are at risk. Approx. 6,105 ha of rangeland at risk; plan early herd movement. (Aweil East maps ~505,028 cattle in baseline.)"
2024-12-30,Aweil North,0.0,0.038,0,dry season,0.0,0.0,463800.5038861725,"No flood expected in Aweil North this week (q50 0.0 km²). Routine monitoring. (Aweil North maps ~463,801 cattle in baseline.)"
2024-12-30,Aweil South,6.42,0.911,2,dry season,404.5,8101.6,141256.8006910938,"High flood risk in Aweil South this week: q50 6.4 km², above most December weeks since 2000. Dry season: little active cropping; floodplain grazing and residual flooding dominate. Approx. 404 ha of mapped crops in the Aweil South floodplain are at risk. Approx. 8,102 ha of rangeland at risk; plan early herd movement. (Aweil South maps ~141,257 cattle in baseline.)"
2024-12-30,Aweil West,0.0,0.043,0,dry season,0.0,0.0,318964.9515941321,"No flood expected in Aweil West this week (q50 0.0 km²). Routine monitoring. (Aweil West maps ~318,965 cattle in baseline.)"
